image_embedding,description_embedding
"[2.8111799431707607, -1.9081307710473827, 1.418089226191263, 1.9827207066260466, 0.3314975899642199, -0.3111518585275884, -0.9526637443030728, 0.45256191627931724, 1.3808760030470142, 0.4540192032962079, 0.8850792583293668, 1.0020918725515955, 0.5718335243588013, 0.6849383027676526, 0.1300073693226114, -0.4485122013700112, -1.499757251617257, -1.00427899026868, -0.35357637686350246, 0.6673151634117327]","[-1.219908530869247, -1.5093055587972446, 0.3285131356752085, 1.1465034629769146, 0.7443415632373334, -1.1780202784919047, 0.1153929263046737, 0.09171002080308575, -0.7478916509523121, -0.25993205638790234, -0.19406433708295523, 1.0066966591970654, 0.7048191469091527, 1.0842409756181812, 0.4134020683001619, -0.8726987916227482, -0.7234531437078346, 0.2225998121198886, 0.2025884018247173, -0.4225973891715371]"
"[-2.614848321133512, 2.59511550849313, 2.0305410799750483, 1.4028217706194608, -1.6548817624069077, -0.04608101991367163, 0.22999309718663694, 0.7434743491901373, 0.7891640688768083, 1.1535521392757597, 0.824880084351477, 0.7344364452964678, 0.6251210278645251, -0.4116055555659953, -1.7619406362400516, 0.27977439861220066, -0.7913978923731251, 0.9926113476547825, -0.4477319778968058, -0.4769601277871307]","[1.3377969260174924, 0.6001067094231328, 0.4635271670531313, 0.20102505866866724, -0.7003746167567149, 0.2696744568688009, -0.4847531356371816, 0.09729983690636115, 0.08487433536501134, 0.7822128431271971, 1.460854364230927, 1.4842882262489216, -0.20083661828883723, 0.48817545467401435, -0.9345331744558786, -1.3888560263318044, 1.4061030064895066, -0.16150812526890723, -0.72107852584375, -0.9259262281799805]"
"[0.23326953772943215, -4.069608480449026, 0.4655155886841071, -1.6152825692510842, -0.0014338200360027762, 0.15015555460287772, 0.6308035239212333, 1.0980601201099716, 0.8696674627271767, 1.9847805126298614, 0.7469909104456413, 0.302388236890118, -0.45706870926171433, 0.42553565428278023, 0.6980183014170541, 0.2049866831990744, -1.6787175347816148, -0.5644145987583318, 0.9499224076729313, -0.9656261215094545]","[-2.131950779678702, 0.7478282893145636, 1.750158383778692, -0.7693437807389849, -0.5369239109394207, 0.5219729522148471, 1.1635079801305934, 0.645755191819943, 1.3065558086397975, -0.5791635071843128, 0.3357907336487456, -0.45198510221280547, -0.42894001733360126, -0.33418086583923806, 0.20354397398175683, 0.05314538836180533, -0.2182940012345636, 0.22183985033760195, -0.7814984941769548, -0.3679014037391306]"
"[3.204615040857841, 0.021760594059729924, 1.3983669195356363, 2.1563742676188715, -0.8442903803290829, -0.5717998102520473, -1.0127267115285514, -1.0453680663347569, 1.0416008203243656, 0.41271566796481723, -0.5255451510334949, 0.23541370622158797, 0.06471270351667718, -0.06655176910566299, -0.25528006937401715, -0.47653313416986015, 0.4708930542214511, 0.41011121206705337, -0.1350959272040138, 0.5651709973055535]","[-2.6351867749609488, -0.7566513432248403, 0.1599706675251114, 1.4894569333730503, -0.45681727428240226, 1.0196167208072093, 0.31402120707879116, 0.3397207762649271, -0.2241081757716426, 1.0139563501690085, -0.5141846603248916, 1.1493607444707201, 0.057218697814288656, 1.0045961942263657, 0.2182966905788496, 0.2544526414299634, -0.4722673203700191, -0.28738887314239875, -0.02852120227545027, 0.4728487080360372]"
"[-0.29171426390359434, 0.8035442358375516, 1.897706578684928, -0.6899822432863423, -1.1382853152712082, 0.678583543941864, -1.5332370987309225, -0.4367273676995816, 0.38109633692589884, -1.8454919831792689, -0.6736928521816887, -2.0544017805120958, -1.3128009677431085, -0.5748423400433609, 1.6243139965934372, 0.3315728176495151, -0.1888545642457553, -0.9788174757090682, -0.19697580257309782, -0.40728178868283044]","[-0.3559886551734477, 0.8375140223608005, -0.9227527020306742, 0.5655008796602558, 0.9471409329040023, -0.20264764349532344, -1.160973522460728, 0.5657122153652393, 1.106386875323038, 0.8788865783452622, 0.13221528883284492, -1.048328887541066, -0.6991253737625113, -0.7462390054010828, -0.26247150071203695, -1.0124844837462004, 0.09661784761268054, 0.08489419741000587, 0.5507024273873468, 0.021263725857943155]"
"[-0.3661526662698067, -0.2535125404930921, -0.6418500385515689, 0.891415882662972, 2.614816412246089, -0.6702124648269331, -0.0434287862921279, 1.0290196064609238, -2.7716996540829113, 0.15673765398278716, 0.19743867051010464, -0.6063524895939213, 0.33270107211729766, 1.285631559432485, 1.1811317006058883, -1.0504027222687593, 0.06401240614432036, -0.19739775955558267, -0.3839523482897805, 0.4460175473541763]","[-0.35611705087521894, 1.0032614849923966, -1.2708736455351815, -1.2322910336939794, -0.5448263448109392, -0.600738372696518, 1.685601765019538, 0.2402075177232663, -1.1128183031608194, 1.2778905833290566, -0.38690581199359825, -0.32791606885014474, 0.30090100563242833, -1.0069866052521899, 0.3667578180043451, 0.023765037773786794, -0.6888059341776582, 0.4814035610688862, -0.0190050061272482, 0.05339335451697775]"
"[-1.6920746127297683, -2.104776883309278, 1.692188101952475, 1.5694500008807897, -2.7340123210488225, 1.4614563705718688, 0.4456257670088823, 0.04467275345671642, 0.0056507384795279995, -0.5872222226285473, -1.117411222626584, -1.6418495527755586, -0.4276843974483883, 0.5451452835193126, 0.31959394931991736, -1.4252610446212304, 1.4241322648532402, -0.12195029278423106, 0.37415618222930225, -0.0633050106857828]","[-1.2600546563520745, 0.6731608262183739, 1.5312236056642483, 0.6327187598421284, 0.9840545924293683, -0.7497423080049078, -0.5462041422626416, -0.4755722132713119, 0.25954968659863925, 0.5362679595032122, 0.5975318862360355, -0.7266280538499295, 0.11130154158948805, -1.2023117074021414, 1.0623050714438118, 0.3314780926687937, 0.541675495243236, -0.8279205265442197, -0.2947875217082233, 0.1584476299252648]"
"[-0.7469336468061581, -2.51559014449133, 0.5490252401161343, -0.35298070120895314, -1.8693499341011188, 3.038890101244103, -0.8404745736986211, 0.6005427793471955, -0.6572072335427681, 0.5851908012025379, 0.2237401605951189, -0.5002752656681659, 0.012645095504070395, -0.39677900408612815, 0.9583737316809493, 0.3515640344731307, -0.47810622312638246, -0.09297701329739493, -1.5378035097279716, 0.14202205075252264]","[0.4791376378674427, -0.780863762971459, 1.0076372136521048, 0.1849288906499738, 0.1800373019200501, -0.9122353253310438, -1.52437658272015, 1.3555599186298861, 0.6775201668121865, 0.546617035098275, -0.09799983151334078, -0.10127986278230884, -1.3127924039593943, -0.4467730341967262, -0.43613987700370876, 0.6020007562342307, 0.777902441352384, -0.3644434202339559, 0.892069687418495, 0.5469451090047098]"
"[-1.1897232884167896, -2.6852573246601903, -1.0712274678251699, 0.5723580273692895, 0.19525522180423813, 1.816128369620979, -0.6862119777268657, -0.25822196147735116, -1.5368661217164492, 0.4160191835506657, 0.12706332129793066, -0.028195165515997933, -0.7236814325542503, 0.8959067980497625, -0.6251742761470318, -0.12793585237436203, 0.9042271825577131, 0.3491581759971789, -0.1950040138940718, -0.29209502738935583]","[1.0889729547932059, -0.7524471286037956, 0.05050253106937359, -2.1134814280572325, 0.20975267696617086, -1.3536263355187776, -0.04447853361425699, 0.7331402638679825, -0.2996832088091363, 0.9154899473824709, 0.7256244510352208, 0.5770452869505949, -0.19210597463170295, -0.02013808897171256, -0.4113293097653231, -0.8787513177112033, 0.4820821640313473, -0.6829137597769936, -0.31158375262552196, -0.09597096177361936]"
"[-2.5715896030786136, 0.17354661418212222, 0.10116302484230087, -0.13309306572262095, 1.198480591423586, -0.30351776086603777, -1.0025559934196426, -2.00269894745218, 0.17351685577538312, -0.2199380818431515, -0.34235825656226093, -0.3931569669367173, -1.448715491139713, -1.3878674147061216, -0.2979226139281159, 0.8548618817834837, 0.14503182701963882, 0.09846484668290634, 1.2664918641290612, -0.039068254388363526]","[1.6437675072063407, 0.7767868743444213, 0.3085106670405769, 1.6205266297707952, 0.48727556885324325, 0.462745397367624, -0.017567936147638765, -1.597206052954298, -0.07003267618037427, 0.07616505535353647, 0.6921513651521897, -0.5937692139763898, 0.3184371753998102, 0.8323581380370672, 0.2802357569287775, 0.5307873100895382, -0.3498400812620357, -1.040767280551687, 0.7356168811841857, 0.6175940344515093]"
"[-1.3084770439345623, -0.8847349145832266, -0.8594835840865879, -0.286318732557726, -0.8777292581448337, -0.5094616914195517, 0.4920179112169287, -0.0428836549743636, 2.9943692585540123, 1.4710653022117781, 0.3593184370940057, -0.5113016353142914, 1.9324286150482743, -0.9546139395731487, 0.23363290392403727, -1.1494683491787852, 1.5184946377903168, -0.5030680146786745, 1.904540338905582, -0.06955212544322822]","[-0.6962932096086075, 0.7385451421248465, 0.37033967946524654, -0.42698842890317407, -0.3493358089288013, -0.47277205670134836, -0.7388340019295617, 0.4202629580584518, -0.8751602150966112, -0.1497818819787472, -0.4294480436371432, 1.6313713136250738, -0.18454041867808146, 0.23184309270484077, -1.5251503419293009, -0.7276802069071282, -0.6246056895576875, -0.3643304370979127, -0.6883323719558425, 0.8235634022825135]"
"[-1.5489795145011225, 2.253855569777422, -1.6449038775346463, 2.148361091522779, -0.8734112411556159, -1.2577443302393752, 0.13312570190784154, 0.8822916181935595, 1.2934303716925633, -0.31679953832191254, 0.33807154112564547, -0.8413280554260698, -1.5644255672970773, -0.41450989319483383, -0.6478636166844751, -1.536239414052217, -0.7066955488581351, 0.4332642859061944, -1.644552194818597, -0.5473916613801044]","[4.277870415412318, -0.8802138764091652, 0.24887489227125018, 0.43799432219242723, -1.0293309744671153, 0.12660995607121875, -0.3903007149285837, 0.3112716671003458, 0.22223023941083234, -0.37821189723106086, -0.39497947852284504, 0.4425548024645061, 0.230850947075245, 0.673222799804723, 0.45959234388838466, -0.356866958149523, 0.7523555898754614, 0.14237897619392875, 0.5094725008221977, -0.6686321187588158]"
"[0.10894815359158679, 0.7659775010736504, -1.5093573547090633, -0.9817992042284849, 0.5151675557140166, 1.7844055670109835, 0.406822180744635, 0.2902805287077255, -0.5653879903131581, -0.7415056242536162, 1.3155122795733953, 0.7133658550727321, -1.3030712226884507, 1.022222843012896, 1.456474959729317, 0.04082420213176966, -0.11092751090850339, 0.6085137251803847, -0.4679881448933139, 0.3619477568284709]","[-0.44365407081727, -0.09279115001081487, -1.4963470653370066, -0.34711574187336747, -0.3556613143882139, -0.7370836534610977, 0.2810674849891813, -0.833924615420124, -1.2777525101757266, -0.15615349055944286, -0.30198064210237796, 0.6126914562820924, -0.30541369565293874, -0.34744635239252597, 0.3459284264795563, 0.6501608470238326, 0.6338955318294892, -0.7010983091124424, 1.0396127945918743, -1.407409328670991]"
"[-0.14552333178513369, 1.3617901505508385, 0.5692133467356985, -1.2317251510725593, 0.8357535147990425, 0.00989812641537069, -1.3109604001118527, -0.8627921896892627, -0.0034686078223461624, -0.2802198277782099, 2.2339622791933778, 0.11521387621417359, 1.3321639636058114, 0.5470827964902227, -0.5037130663172235, -0.3287971183026669, -0.07031520172142072, -0.4331413892413025, -1.2395559605922108, -1.481569748460761]","[1.1642678577000714, -0.5779304070099802, 0.14974373220090523, -1.254340053207034, 2.004514741469859, -0.26687618888382103, 0.549007473675449, 0.2182018020854032, 0.21859229055153528, -1.1823423204616532, 0.08241122175039167, -0.10902798534411479, 0.2885491266935676, 0.591384470885713, 0.890053773658456, -0.8764566518318501, -0.06768469466475079, 1.0050604959363303, -0.16324645577629954, -0.18690944305927612]"
"[-1.3616398688417977, -0.9545952846327741, 0.897454624221428, 1.9849639065122007, 1.6995320282098505, 1.117265509239433, 0.6480534175405535, -0.13238656321269612, 0.19224610840005135, 2.152902820885734, 0.3323401716090171, -0.7646918114828647, 0.09444076210161578, 0.5431669769256399, 0.4150457176423218, 0.6690032283370252, 0.1796887057424525, -0.3234303334280541, 1.222001495410225, 0.46129410043960456]","[-0.4060854596001119, -1.2514022708535097, -0.8326952804863577, 0.20498195280471498, 0.7675899645154048, -1.8457305039191783, 0.4863217439165039, 0.15230727738986713, 0.15665141520553474, 0.08654233881756693, -1.4842987061493629, 0.3301827512448502, -0.2068905587413649, 2.0408886290705563, 0.7056964705975881, -1.0781588918555167, 0.3209514243061811, 0.5724472962540604, -0.43175509548340235, 0.18688202480137645]"
"[-0.030276869095153685, -2.5672146751666185, -1.1539077715193233, -1.0174262866619976, -0.7448816795681833, -0.2167764466528324, -0.33765413929324767, 0.7052054368763478, 0.24393745751022836, 0.9585763155439164, -0.8529601902850883, -0.0318889036378966, 0.7125254682673818, 0.6801175263117288, -1.343496586253335, 0.9657743982326948, 0.05911400761774988, 0.82288134169775, -0.11718068267775639, -0.47325698565898844]","[-1.1267418950811896, -0.3925129643538158, 0.9020858986603263, -1.095058406697911, -0.5511496890457953, -0.4798734707681274, -0.358916466711555, 1.7490106055354917, 0.4803602656855838, 0.5275392321812387, -0.46459547936614704, 0.13023255301281964, -0.007329128909219107, -0.4689911595596516, -0.44826206049885675, 0.43962858551110473, 0.7736437303585408, 0.38840655385539, 0.7050277802061888, 0.41039834545457027]"
"[1.2183212520840883, -1.9870219944927665, -1.4001971054225748, -1.7848449087246916, 0.11998082782148212, -1.1802459240926864, -1.44577624134832, 0.5903403186533488, -1.573889059800999, -0.49604466248944845, 1.034107196360656, -0.9307282444225511, -1.3056309956541898, 0.2843926779311741, -0.9632710152571904, 0.07263932609645742, 0.18244420346691254, 0.348050484111802, -1.0503962012101649, -0.011374458548308765]","[-1.053018793725035, -1.1132582024350715, 0.42612735249641154, -1.3326130741549416, 0.1429257269548308, -0.9157463631813703, 0.7626318230824249, 0.03521701138901943, 0.5115002404781658, 0.4838427974116605, 0.33118958053124453, -0.7196208411668896, -0.6157081169125158, -0.9966568050244032, -1.300341329293907, -0.1486097006841147, 1.179525420635982, -0.5052049539796023, 1.3750743437942239, -0.3301136571705175]"
"[3.5278697694299512, -0.3886886083569051, -0.2491735771539085, 2.5982384724941125, -0.3111189672348041, -1.895153737275045, 0.4461159352197104, -1.6136645099193307, 0.36137587051849496, -0.2572897928364487, -0.5943687002952402, -0.6683172533721267, -0.025598187205992187, -0.4517706043633654, -0.3526754280023854, 0.31832649666020907, -0.22565282863982344, 0.9275456076860974, -0.34778932404332247, -0.4842143200227743]","[-2.4677960960755096, -1.0521586244370658, 0.22604030709880113, 0.2636528885301933, 0.1548112161088614, 1.2874202008794562, 1.5738146290946964, 0.6734753574644856, -0.744450142170015, 0.10539518965228911, 0.022392741150634787, -0.03332791596870419, -0.624534091154339, -0.42313137468548934, -0.28323657946186753, 0.4679841734734922, -0.5261052960242494, 0.16188624677455477, -0.5660216048942294, -0.6602273730198694]"
"[-2.2298600727897697, 1.6103727471251705, -0.8403735152738212, 0.7465112107776276, 0.025903682183373182, -1.8761155960245872, -1.0889562726469615, -0.4873136191805941, 1.012606612383123, -0.7093646372022857, 0.9864480462732744, -1.2241184684952133, -2.1404669840397728, -1.588643886456127, -0.6408825851823695, 0.2043673515578774, -0.7880924648504688, -0.15656895191888479, 0.3328999046745093, -0.1538225801639653]","[0.9815140828215105, 1.0143658576515113, 0.5379112921232506, 0.15428886847624965, 0.7240631983066336, 1.1041472074848613, -0.22318912283415854, -0.11390827785208478, 0.4021765416161906, -1.2830200575743473, 0.0016245057002655797, -2.2642690665509986, 0.17562045353540934, 0.8915865033290786, 0.19569637216926064, 0.6851949987364385, -0.15193467149723036, -0.11915323695939549, 0.21569943687244414, -0.511954404107133]"
"[2.0000398266994472, -1.2279267965835656, -0.8401043991867826, 0.016465778228362628, -1.0339633812745581, 1.8930757104153633, 0.6320943330778542, -1.1198452280993423, 0.7091801187444755, 0.8697214784042845, -0.3954671940181638, 0.20391986765995035, -0.6137895778591735, 1.2436880636826666, -0.29883739593997394, -0.050667927095301865, -1.370342946579576, -0.16162268633700388, -1.0091332526506047, 0.041697438147382596]","[0.2242004647612999, -2.2094033419006265, 0.3366141250350064, 0.5548440347145058, 1.1429591402917616, -0.8054024588462333, -1.1244915746819022, -0.2677288208220088, 0.14091428167872347, -0.7121601022089694, 0.2992160429569255, 0.499198128451271, -0.4250622978540113, 0.728570917425499, 0.18395579123411845, 0.6458994590131597, -0.40653157120981354, 0.09741658144050394, 0.10327276381536582, -0.23289877791935784]"
"[-2.204461119403643, -1.2125827255964068, 0.1957195147079936, 1.0961465392447878, -1.7228395796911273, 2.145809272955258, 1.0389370535736548, 0.28382570735800855, -1.5199716636953517, -0.16420290586697128, 0.18235438898234244, 0.7185306193990397, -0.07174570388526338, -0.03030466524248191, -1.1290811991542173, 0.036496522544925, 0.09457996739499325, 0.692010417388308, 0.6113839223039846, -0.246139564451773]","[0.779172236592428, -0.4498345193867827, 1.3524186608491273, 0.7655879996946984, -0.6633427158313163, -1.0965344292774808, -0.9324465001983491, -0.40773753598492835, 0.5938254570553254, -0.014459729576812732, 0.8656855446006312, -0.699724715522102, 1.0273795004759314, -0.31399191883842154, -0.5321117698499904, 0.6234017761831803, 0.2797166202118227, -0.49033541577077017, -0.8275872966182278, 0.8818288249963794]"
"[0.17214310688738357, -0.2326053599312377, -1.1925960146638597, -0.889959055398327, -0.18084162857592267, 0.5761003035539152, -1.9212419162264103, 1.814972455192943, -0.17318736041052307, -0.09930110920518666, 0.9868729350113361, 0.3875246738724893, -1.365764672960511, 0.013764866996415437, 0.7413455745848789, -0.008179327051995366, 1.0382853658988824, 0.1640266059430722, 0.6006330762406612, 0.35820936830440353]","[1.2524814552524406, -1.493016262674919, 1.2281267453564586, -0.2643663937532436, -0.38212572619819624, -0.5766461367747784, -0.9481910365585992, 0.0038820632557223797, 0.3951806725469219, 0.652051083199618, -0.19893689429254133, 0.05654326147033822, 0.08092474280531092, -0.7293685484129929, -1.337895712078783, 1.183881352606821, -0.23700455144390098, 0.8707359578743001, 1.010566658419595, 0.16022123788767062]"
"[0.5865213261656752, -1.7758257139713856, -0.6192656574384097, -2.2736086558476516, 0.12456926771907091, -1.6329339997242596, -1.6608869723187303, 1.083976905259191, -1.9310528512383114, -0.1649647855471775, -0.35797119777531433, 0.697750257907933, 0.3568460997571759, -0.2329506176468935, -0.29507579761330244, -0.5501320536899459, -0.23753256068704215, -0.4789952240317716, -0.4229893705617803, -0.24172137358990214]","[-0.2609550575070992, -1.2025631830168422, 1.2374047976685227, 1.046616747579127, -0.8718395063357881, -0.7499639578028179, 0.9048905206390282, 0.8185373972897776, -0.6855412759053919, -0.3315367282110069, -0.851368058382943, 0.9486896874567526, 0.6735728111217554, 0.7672675990136889, 0.13339956689292773, -0.5338963634160667, -0.062235243813020674, -0.32810623418547363, 0.17068204048512908, 0.940082328294915]"
"[2.0933081668535922, -1.9899204259209513, 0.3311526526378485, 2.9175184084154795, -0.8749691783230584, -1.8726172740435574, -0.44332418330709633, -1.4698258782733649, 0.3426118537957429, -0.5635263172988925, 0.0879902778692497, 0.6492683713165651, -0.5950358933750742, 1.296736037061191, 0.3077507409185595, 0.4853253058053244, -0.7390362320599629, 1.1018052352470624, -0.13312358381038528, -0.7255973156265207]","[0.27642363359290184, -1.769291327113285, 1.8524542328742155, 0.9863460370111136, 0.26017004954856, 1.1459384293126986, 0.8332656870248972, 0.35655980380504887, -1.1077739852461914, 0.5081852962491784, 1.0606917870806007, -0.8470834433791876, -0.12851032449802746, 0.4516487680969949, 0.8018799316030638, -0.4542676858976133, 0.2575621773522704, 0.23723541101926496, 0.29725186488163596, 0.5289201343362714]"
"[-0.3123792840164986, -2.519121401085102, 0.7293396538713707, -2.204439596048848, -0.08789941779785808, -0.9589344814443248, 0.23962262683572297, -0.1622581542925059, 0.06695764872224914, 0.4092474264688565, -1.0933607005273005, 0.746930117888678, -0.6382864097305848, 0.5571128168359644, -1.2484333993884102, -0.06983449180578451, -0.6757063842041178, 0.15363830018436261, -0.4750454229630584, -0.30667584424600625]","[0.04843877740222438, 0.16079384424917653, 0.9436388805623802, 1.2338342335078771, -0.1433849271559165, -0.8403452770519504, -0.5672977026748733, 0.29934456433500123, 0.028826249389621555, -0.1404748692765874, 0.1571632644849974, 1.0212528053766798, 0.1504827782789124, 0.20937451784720673, -0.16351021951808023, 0.5777640986756486, -1.0792992429593573, -0.07472634352127086, 0.5791587326898997, 0.0020736086739665074]"
"[-0.5381406201420559, -1.1460959500877361, 1.6039708185710677, -1.9329702393998927, -0.5290754168203932, -0.7015591560017064, 1.3504201925035233, -0.032582657138995594, -0.9889780916930603, 0.22813514106248622, -0.0824793446858564, 0.8322860452137606, -0.30626636381599137, 0.006914550498483062, -0.10888425606178542, -0.9123979154954679, 0.960200991675881, -0.5867609279375102, -0.17551580121529647, -0.12034585431276017]","[0.7631410288011874, -0.6191969932786665, 2.238931490770422, -0.25265123864718964, -0.6304950119603677, 0.06087585932898923, -0.5677022898448271, -0.15898716412198652, -1.2328426778949668, -0.6650079592431459, -0.2130298529055382, -0.8574428652375131, -1.3928695560995008, -0.8411114913413161, -0.18965145763866226, 0.7436765025848268, 0.2860143414812299, 0.35662384155505084, 0.9860735507089355, -0.21241310123488216]"
"[-1.7762801498546985, 0.2144499975411357, 0.8407147496135762, -1.1513938927439638, -0.9628979363187722, -0.7405814023353072, -3.082174566870894, -1.853504516323978, 0.2044580369849757, -1.0250927330225548, -0.760332333018823, -0.126653349853779, -1.5033393807904964, -0.3485364675986734, -0.018548594948593344, -0.19649942063109663, -1.2151745912139966, 0.8061081432429561, 0.6638236453000143, 0.3897786865953275]","[0.2595993116094583, 1.0543917332886428, 0.30047388731232305, 0.9012590631603135, 1.336876913805366, 1.0302227770418781, 1.517293600772, 1.756881923342059, 1.611560044889276, -0.591273561051352, -0.05978119363055285, -0.3223106055611972, -0.12428556810485904, -0.5274551688434915, 0.044616625232875795, 0.8608137538653546, 0.5684402461524372, -0.7121128857003378, 0.8428694011741189, -0.46136523204254537]"
"[2.0521496137136253, 1.849854614118363, 0.09982048082201943, -0.08309265283198589, 0.13015409409247333, 2.0584997822306828, -1.0641829904786768, 1.7688963385902963, 0.8606936277723418, 0.6258924989797023, -0.8918044807092063, 0.8454541931322703, -0.04752382110625742, -0.8300262233619147, 0.2779910424612423, 0.9494136564546812, -0.3617348347262317, -1.7116659943373047, 0.5357770287894944, -0.5574411024466612]","[0.9402560545371931, -1.116151972677511, -0.5284621965947677, -0.7920256511382521, -0.415072805940673, -0.058548511481918475, -0.6696617938131274, -0.24493706797695464, 1.724831106937661, -0.23332533787999707, 0.5113668046208315, 0.48192830246727414, -0.7304923302362747, -0.9200665108917668, -0.8863532151018297, -0.2977750120794206, -1.0663370961642877, 0.46610003424742685, -0.25130400621477816, 0.6314135562772735]"
"[-0.6927396368958536, 0.27872299434087955, 3.3245400488753933, -0.4785185887195964, -1.839211026320836, 1.980409895518206, -0.46222276155273956, 0.38856232622913867, 0.4671152556046054, -2.112718821297031, 0.15110840190670338, -1.162203840455676, 0.11434655919942377, -0.33864684153055435, 0.12596728145450672, -0.37382025849931855, 0.2750469968107449, 0.4842774850203576, -0.3997208902677366, -0.14255375839749237]","[-0.3335336817306586, 1.2074848246807228, -0.39120292988140787, 2.1434400198016728, 0.7895790418571808, -0.8769925442553529, -0.36018389811582363, 0.6328641470353018, -0.17470127426496612, -0.8366134392554505, -0.7957706223150928, 0.2508125610584751, 0.010579083706660643, -0.028778350974857612, -0.545321686073155, -0.3582834741475231, -0.695686556747204, -0.709234780189654, 0.08029581107822792, 0.228527194896721]"
"[0.7068708550077063, -2.337368301385194, -0.7031788400316111, -1.5954143824270997, -0.46104615088396356, 0.5415906637361872, 0.22798447071075206, 1.5502725646566273, 0.045108643356102665, 1.9021606335196612, 0.8767218950803164, -0.3805616063944025, 0.1509243258072976, -0.10511572883580661, 0.4252784503200881, -0.48775536421671867, -1.1359263402219009, 0.2776933366833127, -0.5841822956873461, -0.19691227443373693]","[-0.8336873621350457, -1.296017492482704, 0.04649664867458683, -0.21114022922581308, 0.187232782469128, 0.07919467179425874, 0.9275172332780278, -0.32428212987039684, 0.9029261841400469, 1.2376774250132658, -0.7540144994846181, 1.4931470158313165, -0.8430489906876358, -0.3863733228489451, 0.14945531588097233, 0.6847810822632852, 0.40203075467499483, -0.9985953811630609, 0.38942884716359866, -0.20919111942465313]"
"[1.8370835215478922, -0.7297224142901606, 1.2259920707713148, 2.0427224447393924, -2.063283154633529, -1.6402857991057094, 1.0065643411638459, -2.1119281141316804, 0.9954347683499949, -0.7257438831098385, -0.4213812554439366, -0.08494294515080153, 1.050913600174858, 0.9798644558685415, 0.8006430263161525, -1.1871982307770246, 0.3141440718109646, -1.084379484835341, -0.40156509908553895, 0.22993067199554804]","[-0.9622017324233825, -0.2289481956544612, 0.24100604272049114, 1.0955782207021865, 0.528327715355232, -0.016376950849443187, -0.5786105370854899, 0.5585038913502651, -0.8885747153810954, 1.1132687481562078, 1.0871546842424262, -1.2386992696988188, -0.2585582104304741, 0.23629625755423792, 0.4596157843561485, -0.38526616870187214, -0.09254535720747654, -0.03303073214865488, 0.5947260709922499, 0.17785904454698107]"
"[0.5943294505975704, -0.23094072539123178, 1.310401231972668, -1.8156154960631052, 0.8554831679079338, 0.08508829760997337, 0.8812629773085109, 2.0513578972563735, 0.804561471717289, -0.0193518747436, 0.6972675617065472, 1.3794185387560323, 0.7232581205172555, 0.976392847031996, 0.7990438962909941, 0.542697560297915, 0.6884979585757628, -0.16766387304696898, -0.4260759906411343, -0.08176646517252434]","[0.41537308273426266, 0.5216121843403935, 0.39172191593691674, -0.7858956433133151, 0.1845856910773697, -1.183440332189587, -1.4219328230460195, -0.7368311553111282, 0.4115941675755516, -0.3035472487692824, 0.06698516089798928, -0.08585527646775351, 0.32980251519868825, 0.40340702185107263, 0.1583664472887347, 2.480830833103921, -0.5163783515081122, 0.6680264695425079, 0.6929161881393551, -0.8088556426676902]"
"[-1.1395812095790543, 0.9749933793333768, -0.5539137058030474, 0.7301168513823907, 0.4793149132095027, 0.9137419330569377, -1.0886778409820996, -0.7107602915236346, 1.7606815959815483, -2.3641921191334903, 1.688958599766397, 0.13705417079224683, 0.16771745074212796, 2.779639305919555, -1.290866594839485, 0.8482086439246567, -0.42085648459845915, 0.12346393536007373, -0.060913659797439755, 0.4424146010023039]","[-0.26277415426478, 0.410163016758542, -0.9937182372376067, 0.309021064070792, 0.6792283538027507, -0.3746301380879135, 0.5801022870425658, 0.28425406633196165, 0.5578823427368153, 0.8972858253759176, 0.5378853266182121, 1.0935551044836362, -0.08296017302627043, 0.29241710986632474, 0.357844343747802, -0.3586088266212314, -1.1503854465360317, 0.8763888893724322, 0.5423560967628926, -0.23940258435279488]"
"[-0.617674951327136, -0.6952768041288588, 0.08112801461407182, -0.6549713915437125, 2.277603598966769, 1.052257828064378, 2.784782409748086, 0.04551778199169233, -0.2875904943452725, 1.6003278054306909, 0.6059296242854417, -2.2065962226456963, -0.9866842607844122, 0.15206014428405976, 0.43486036268872247, -0.3813278091698151, 1.109774130802553, 0.7338982746247569, 0.48709688660654393, -0.8879994258306759]","[-0.1776565283437708, 0.955665568094263, 0.09024073102678154, -1.089864809439551, -0.07472385560866433, 0.04186876776844406, 0.6256702784085804, -1.80537060848553, -0.3706874118079045, -0.5823869626828867, -0.9092595521930777, 0.2757989428229937, -0.5537135079102952, -0.7269174289044831, -0.04728108561098521, 0.1374077134794603, 0.36674010610729096, -0.01144121055010744, 0.7862242762722567, 0.03697364301524149]"
"[1.4924027832945532, -0.19990045858193864, -1.4347366196117513, 0.19339160866076346, -1.567440188932545, 1.462863023944563, -0.4361587643176017, -0.025584152042929673, 0.49353437713204057, 1.094962110687993, -1.5608485113550423, 0.26186439407917605, -0.20151244555090161, -0.2764163288362886, -0.4457445431223411, 1.6498433572724684, -0.5544923807577145, -1.6344818376627182, 0.8663349740796428, -0.5309516770816122]","[0.3202374277028423, -1.4972828870832218, -0.1859218147681402, -1.0651605711265253, -0.985276658494792, -0.3662049818949604, -1.1800798114889528, 0.5480266731090934, 0.0018385393986582322, 0.10312752361012442, 0.22723338781011054, -0.7953237803711262, -0.9565586358584935, 0.43173891226214767, -1.0256594651141329, 0.36542786453912324, -1.1704787160442363, 0.3457934925718348, 0.15973560577682822, 0.5846634759461756]"
"[1.5303758173418411, -2.5394710808399465, -0.4486110728343941, 2.6797227608590304, -1.5034313408504079, -0.7207963330212733, 1.2031903632657228, -1.1778633960715992, -1.2010742001779333, -0.6809063184548956, 1.2576688615270892, 1.1466971088624345, -0.383154526700004, -0.04819251807421991, 0.5699416214194636, 0.7236440234105179, -0.7302986285211587, 0.5095841584739134, 0.620490754963839, -1.0392026002119505]","[-0.009908671881556126, -1.86436905170269, 0.12637375910277673, 0.13408068770033932, -0.14813712701527781, 1.0786456599792467, 0.14421844875525897, -0.353637073625822, -0.5851155955016505, -1.0033389103582984, 0.37632907508991026, 0.26007072798027503, 0.26750901260082527, -0.8037526455476355, -0.0065203257652413, -0.8256759947384422, 0.6554082769270455, 1.6246951973235513, 0.2599863793560571, -0.1521888109389846]"
"[2.58505040128033, 2.4740036064126345, 0.37405858327525926, 1.345225607723403, 0.9767499031794215, -0.00804857794214786, -0.20368784858889188, -0.6644076105149043, -0.32850389208684866, 0.39572582704536163, -0.10966031380474865, 2.150043662227442, 0.455222250197886, 1.3008296843843856, 0.19307794445055307, -1.5711403221171216, -0.6183136903731674, 1.0850541453259437, -0.41985498069609, 0.767746187920811]","[0.9257442894243256, -1.6523237058102325, -0.885902845321733, -0.19123480492451234, -0.03501422228046063, 0.23568262758123354, 0.34549554307892494, -0.07199823616283495, 1.0825436872192349, -0.3458181942508202, 0.5718362204563395, 1.4546335320460277, 0.8755789519306427, -0.6541985801786018, 1.1173617117933177, -0.5011508856156032, 0.963572112288379, 0.42862676184249504, 1.3838279650934402, -0.8574394809817392]"
"[-0.3884652157171361, -1.3124886860294225, -0.448667840465449, 0.24715309227563836, 2.1655403264480544, 1.1447793305545366, 0.6748182727389266, -1.090601887822777, -0.7890971758013202, -0.2801985500363641, -0.2962350743214472, -1.5754118462177022, 0.40046506166767454, 0.9856990468975425, 0.12316068049428255, -0.9222642861886969, -0.4822454145005111, 0.3611340202163646, -0.8359592757174109, -0.26459371259974884]","[1.7453362653776392, -1.3860277826246301, -0.48332456638333515, -0.7467744592802497, 1.182381217385487, -1.418527116223455, 0.6313250448521299, -1.4981392923472494, -0.6088134198867609, 0.8955102046937934, 0.42021954863097954, 0.2502985139175596, -1.3376878082345005, 0.8234257784413548, -0.30318327451503885, 0.47569255160537394, -0.3653003186715636, -0.5995650481690129, -0.029366710903313706, -1.3971593229566395]"
"[-1.143008779105928, -0.716255262857491, -1.7903825874190995, -2.0911294254485373, -0.3662902629566637, -0.7702440165636137, 0.5895366041219099, -1.9625490288024423, -1.0233107020373067, 0.9918604365520467, -1.0872638264955898, -0.49241567780052065, -0.5007667008904015, 1.578461473273572, 0.501662874938015, -0.19939224786494125, 0.5170492631426853, -0.6838317027625874, -0.3693255088647838, 0.9180122977080865]","[1.6321180793398393, 0.5548335705942746, -0.090965435836743, -1.1546546186991737, 2.03484926230251, 0.055155086199740626, -0.869952708556529, -0.04480733407961399, 0.295187793880065, 0.029066675679958694, -0.9650993343266775, 0.29956632056275834, 0.545841825147186, -0.7053617736362536, -0.44856039121856506, -0.33121639289982296, -0.1920397707495888, 0.9402669273224888, -0.8946436786007168, 0.3683299722802988]"
"[1.7860122856362304, -1.0693878729322095, 1.7876481476711505, -0.40914936122929507, 1.3789416753544455, 0.9856033179062414, 0.7096948376366129, -0.7417802853694709, 0.030191226366528903, 1.0339746257042717, 0.07233540549816524, 1.1927073725235737, 0.06291181453683943, -0.09356387582699306, -1.7460323352505376, -0.08580391224311047, -0.8166396677999569, -1.3718086932529903, 0.3277456270202182, -0.620834579449473]","[-1.2634144616223348, -0.5779655969240984, 1.4113089347627827, 0.13971607991290882, 0.45681380544109074, -0.8843797057690095, 0.41368651964702485, -0.7213090035137696, 0.006997905671899252, -1.1512990905829537, 0.35583789545922456, -0.17476252224270988, 1.1148346033846632, 0.6746326849558008, 0.9849145639433937, -0.22705441807041613, -0.25860174689178206, -1.2679491787353685, -0.09811803725313532, 0.3021145489315327]"
"[0.8606861840593595, -1.1830764627748214, -0.32085539631854104, -1.2360057225528465, 0.27506022853862294, 0.5220053215902833, -1.4386688915905086, 0.8464556185096982, 0.477287718020566, -0.5845709660972437, -0.0020553527129989983, 1.0581442410194037, -0.4767855007063838, -1.310747081392702, -0.6668889421739737, -0.29560787393249305, 0.4801115460343994, 0.4787027035487973, 0.027785473012048863, -0.15332669376884245]","[0.20750087080629157, -0.9103199264244333, -0.23304822236964937, -1.0887942889877882, -0.027691971207100197, -1.004713970385779, -0.7047245417316895, 0.46583238399820887, 2.044824595648605, -0.13165794430733396, -0.26380133813239215, -0.263188248108221, -0.5389464351552549, 0.7442822857212221, 0.4756214978172566, -0.1058201247735105, -0.6690149253103251, 0.32828520537681816, -0.11057446680452951, -0.19548232207722985]"
"[-1.1890165850361332, -0.2636511782324793, 0.6979353196275863, 1.3723155750744087, -0.8590276470659672, -2.0932784747454622, 0.7161016433620997, 1.8349864496883632, -0.30406166601168516, -0.4914939629286705, 1.1612352273954496, 0.9051828674267111, 0.42622626668538477, -0.6829445980453113, 2.0965617501511637, -0.7198547900289196, -1.0501289209594618, -0.9373929170496521, 0.4110163208536942, -0.8429123482832901]","[-1.717356934783832, 1.064363820462224, -0.10106598903782578, 0.3059386458761791, -0.4775340148285968, 0.12389138803230802, 0.6129838081409031, 0.5749131574090782, 0.037262509731840344, -0.381236019663724, 0.07950699545259332, 0.8182168096539493, 0.2224451188387482, -2.0563862370694355, 0.10560148578230115, 1.0839297804419057, 0.2873709517939021, 0.02147405863213087, -0.4500452618005774, 0.01887042369729193]"
"[-0.4799015936112373, 0.8426105905975858, 0.5083966904289929, 1.2307141812963884, 1.2644752629574811, 0.18062641565993562, -1.3334112812249372, 0.0573376801580588, 1.0217105854385822, -1.47298689707485, 1.4798192817352787, 0.8787072762499996, 1.1375395560180457, 1.9584113431453989, -0.5407618524870944, 0.28267166106983077, 0.39900275014616415, -0.37726852033088465, -0.6443654222573155, 0.1058143453181014]","[-1.5015205749547396, 0.578758668304607, 0.5913070893432621, -0.39151063480251214, -0.28184865485644667, -1.0530597532274055, 0.24315695694484288, -0.4063093189970863, 1.242179225535571, 0.38562400328932456, 1.1429484816350404, -0.28820073157861614, 0.7841863198233335, 0.4550986928572149, 0.4560219147363485, 1.0269014609906182, 0.25157438649863634, -0.03023388104625515, 0.326990396608914, -0.060652065435655884]"
"[-2.9093803099696465, 0.35256295467406296, -0.9646320828223637, 0.705758319465068, 1.5247834168888608, -0.12794373868747028, -1.3245622638564147, 0.28750088679687386, -1.5942206728400996, 0.8139490889388259, -0.5432124276296797, 0.33085502349801227, 1.1154158869860233, 0.5810284929775009, 1.5778396991317942, 0.10479051023427063, -1.456852915434858, 1.3140678090347166, 0.8146256478513398, -0.11329829192699101]","[0.6288893894719273, 1.0395404769631318, -0.162566451876675, -0.06367519712806287, -0.9079011578703234, 0.7417953143301191, 0.6913913565265241, -0.1266833287858126, -0.9688460448825282, 0.6089906562733247, -0.24760825867267983, 0.17418809647924727, -0.9819013218548274, -0.48867048694574067, -0.41198602666866946, 1.1183836686851647, -0.7378454001401015, -0.40742683430340143, 1.0083812507770584, -0.05105999659867892]"
"[0.41751754396773405, -2.7306774106070058, 0.6532289986355234, -1.5697763945883738, 0.13721921764303358, -0.5563935046892481, -0.9821617371011901, 0.07838250391847466, -1.3022806394770394, 0.4637006489755199, 0.711379315969026, 0.6787923130014448, 0.16361889959689424, 0.9740181145676116, -0.8649626537747059, 1.1442853019856136, -0.9616294567163749, -0.507406081213699, -0.3092724393401736, -0.49126377650860364]","[0.063902779938403, -0.4855647068977554, 1.4590941667688904, -0.43396336387685264, 0.0989002178420639, -1.6426983290365986, -0.6913675247571514, 0.32468511955012946, -0.44371825745312504, -0.16519334383395667, -0.9079623392979591, 0.15222553429992364, 1.042085389212051, 0.9859240614335973, 0.23433490978594868, 0.33321345327809454, -0.9957215365842951, -0.8865179202345879, -0.7026154490949599, -1.0813610167403223]"
"[-1.878255162819843, -0.16109511103204957, 1.5177306475019299, 0.7273826617438073, 2.4753859025508556, 0.38665390163351987, 1.5724832673207128, 1.0670274440467722, 0.745093437929884, 0.6268509765702435, -0.812833714543025, 0.6054260035435415, -0.735963843593694, -0.5618588891169056, 1.45067574233332, -0.1386879851808142, -1.181272696352724, 0.5432338407324595, 0.437991443154473, 1.3310445517868057]","[2.4647801676359227, 1.3895556330175485, 0.0824315825979895, -0.2219831022859096, 0.251862324930287, -0.03760035791020493, 0.8906714654432054, -0.5509053857688219, 0.8298456747700885, -0.24514313775242708, -0.7849936985501542, -0.06537270936198009, -0.35963836670599675, 0.4728613867427133, 0.34880033886975975, -0.8938913065735945, 0.779865424194768, 1.320108767305862, -0.8784559197129249, -0.09677649716833123]"
"[-2.155556505234589, 0.021708742766374637, 1.564558260556503, -0.37980876925323387, 1.9111354730206311, -0.044306587465164, -1.2727323717114574, -1.596369969536387, 1.1389731267069307, -1.0127891389380224, -0.8384254641790013, 1.0430936341422534, 0.2565343355908898, -1.4559943238402722, -0.5137196048485723, 0.7063780840029183, 0.3726812822611852, 0.26885116865126174, -0.38292662364563773, -0.2748494692630892]","[-0.23290847301238848, 1.9828021982239443, 0.7122486178004942, 0.291443066464755, 0.06033888626909395, 0.6911141125947824, 0.038532512402640044, -1.8444180112645032, 0.010091513693672746, -0.2822713891709231, 0.9393005390512409, -0.44736547588572767, 0.9468133255203136, -0.3459157781593291, 0.4345398009488018, 0.28804206747135774, -1.0126136223636635, -0.37411864230258673, -0.050487333481229406, 0.9755821516034389]"
"[-0.3953859338828024, -0.6878007079048899, -0.2666400215789468, -1.8119927021050686, 1.368543704230298, 0.2571062559485131, 0.692987316411578, -0.41299397642383456, -0.04204685953436379, -0.5088946385423203, -0.4993926537464815, 0.9035325707606556, -2.0826447053925126, 0.3117364598669217, -1.0222167533542375, -0.13743922134484265, 0.21731570833086064, 0.3638019046469122, 0.9912677833613175, -0.4270676598459387]","[1.8696624553834666, -1.7372275489613316, 0.5697891714971104, -1.7371644803628354, 1.0749036560375747, -0.8507095666515203, -0.578890158883719, -0.3611767646480748, 0.397738434256067, -0.683742109853336, 0.14915024333630852, -0.007799213228261873, 0.29428473884181294, -0.019667015833947813, 0.21671171772093578, -0.052501697489044104, -0.13030088866797424, -0.5243786258923033, -0.04692153976286202, -0.40483369864187896]"
"[4.6146541389907565, -0.6713445349576481, 0.9917287977277252, 1.5933834170154324, -0.007618790582085783, -1.2286941829562918, 0.4894936844115595, -0.745724064396546, -0.5083962381782233, 0.5462874781694698, 0.5079855534271696, 0.39217512698777734, -0.375561503113155, -0.8629159412431641, 0.2812837981700721, -0.6621312841142546, -0.4980900068165139, 0.38072063906069004, -0.5372807766371609, 0.7277407133036558]","[-0.8791196659561478, -2.2023366556409183, 0.5761266553846118, 0.6850561693575642, 1.1417532321928745, 1.7697297619565555, -0.08931274672197163, -0.4165749703921819, -0.9835828700661579, 0.22609014385086776, 0.2562724393976693, 0.6119124839449723, -0.2607673164080624, -0.20867631234354284, -0.11945537445360124, 0.04658230414624564, -0.47586613513912374, 0.4947886948227707, -0.45226084745364126, -0.23407827311618398]"
"[-0.36124730368543856, -0.457328046008898, -1.2414041723172604, 0.43327779728708293, -1.4752278560347825, -2.361283055216064, -1.9255887031816088, 0.9984826591079603, 0.790945177544581, -0.6652827611545807, 0.49120340245096666, 0.3871784402233063, -1.403145588790551, 1.4210955789359032, -0.35607471328949963, -1.213683020662805, 0.17966731430207586, 0.002528848391998654, -0.057108924253464075, 0.5285692406922148]","[1.3935824219953592, -1.6915102861842002, 1.151156580485982, 0.019551596539260002, 0.6392368782833474, -0.9003155598689592, -0.10738852784214396, 0.5761837345588038, -0.16173376710136678, 0.2700377490634503, -0.29462929735799204, -0.32208231827876377, -0.3121838344675552, 0.029884141801467905, 0.34898551168616104, -0.3047078306368083, 0.7845859416607677, 0.3859232329907079, 0.6576187822790275, 0.41855460947521617]"
"[0.2423517164500806, -1.4954501282778294, -0.10224906600691425, -0.20832006251222374, 0.5134785225241707, 1.7239179596797727, 0.4092836967336383, -0.5357044633972223, -2.1389539660526204, -1.410967578390095, 0.19873251450546642, 0.7656507480181739, 0.044926868411217874, -0.7533702135084452, -0.07365903826295904, 0.2111126291763021, 0.505426172027434, 0.3123999372295567, -0.20206998949156124, -0.2145569886480563]","[-0.28006154358929675, -0.7964028524891766, 0.517713079107589, -0.24650942423351413, 0.23669240108363218, -2.1082024729474442, 1.1102082997368727, -1.041905742570466, -0.5777673242345484, -0.0023728146264042193, 0.2046283828597833, -0.31521756591800315, 0.14434049516574834, 0.021288260642873615, -0.8303838092918364, -0.21602957516375626, 1.0957195550447911, -0.27721634235006337, -0.7104032461068331, 0.09761001322159615]"
"[-0.10379820696760494, 0.7670961720676643, -2.8428692910849542, 0.4223907465957368, -0.9241418119425544, -1.6206485399761004, 0.5645569960833947, 0.3396282504061209, 1.5358285867073025, 0.07431323872473428, -0.15578594154899017, -0.48095017457187994, -0.3105544899760674, 0.39624875500987017, 0.7210566121118736, -0.9132117558199228, 0.7992254344600533, -0.2702745627494715, -1.0372307059023662, -0.026929373751545246]","[-1.1033233458574543, -1.030621086967378, -0.4739699786125602, 0.1600407322919666, -0.47076701891245626, 0.5656770366809499, -0.35736586067336484, -0.5415392916338221, 0.4552328118254827, 0.34130761059885184, -0.3460707325402819, 1.1285921221253095, -0.26251566665716997, -0.3338498372140301, -0.941048907170606, 1.0790976822546146, 0.27169864722281684, 0.24608068825987292, -0.22864811594362638, 0.2155953020959916]"
"[-0.12833789605966664, -0.45366798012796183, -1.4860244902951871, 0.9979942106702279, 1.3967655273068476, 1.7039213273811873, 0.8816698761436432, 0.19062047437321064, 0.2834548789714618, -2.624598642214157, 2.2667720385201826, 1.1317440751708319, -0.003759131305405139, 1.627878603469926, 0.5764436372815727, -0.34104899869116373, 0.39671589955395353, 0.7485860865077663, 0.5644462780861516, 1.3815356919722819]","[-0.7381782687956034, -0.8618402967667972, -0.6928912268273285, -0.1375908907743333, -0.9704699103165413, -1.3726360058521458, 0.757416036335243, -0.1005317537754738, 0.743692389793391, -0.1759835684493187, -1.6768676260713795, 0.8999930470960608, 1.0524127069923428, -0.9822565373603043, 1.5124361018331525, 0.07631143432964793, -0.6974315875586987, 0.6093549518338601, 0.623688794144647, -0.8512765036662341]"
"[-0.06335110236974627, -1.694068888211582, -1.3433092646128324, -1.077112546451385, 0.7558261373848008, 1.0533517016929517, -0.8522841941760807, -1.1036357977893068, -0.15095365018183, -1.2425544020952812, -0.14744381150338762, 0.07779300519978738, 1.074167274348343, -1.0427098365000576, 0.07965505549149686, 0.37997124099068336, 0.41960985189929173, 0.18599002774407103, -0.641844792549567, 0.18525956184693665]","[-0.07614896243968784, -0.17465918710992218, 0.7249803213003578, -0.27370511843297657, -1.1447788466185642, 0.006022472811920162, -0.38418926323285457, -0.6545991863644302, 1.2207263234106769, 0.7440365769185001, 0.35528066980733974, 0.2585208613042886, -0.17697546179649973, 0.3069052062245719, -0.917279411119051, 1.7584314386405773, -0.6901245084927677, 0.6303050990754727, -0.100660586784628, 0.7543422433073258]"
"[0.8354066404315031, -1.616993458284011, -0.5022376412456389, -0.21394569155996382, 0.650342633442202, -1.0075892451898838, 0.17607455275703607, 2.9095434049044235, 1.0832419161154452, 0.6890604675038119, -1.1349328343341412, 0.3632776309873788, -1.2420476617464253, -0.2582437634207909, 0.6537516828797468, -0.04261661377071, 0.8151292445924082, -0.7472851775474194, -1.0863466784782014, 0.9784421178261098]","[0.8309315049886316, -1.3227872102890408, 0.10954530765227732, -1.055455947665957, -0.4497567275211792, 0.2638508676898433, -1.6947507078660242, 0.7193629539853361, -0.21141641744314243, -0.20783176392764613, -0.24525742486762722, -0.12070765432227952, -0.594598970685746, -0.3784113464064477, -0.8329754011198766, 1.081861825200249, -0.6110291626882178, 0.26421153566625066, -0.2615140289628758, 0.561483178129541]"
"[-0.9265404508697731, 1.0108863582759144, -0.36816877011784255, 0.6305059914608349, 1.801859604842697, 0.8612984061849589, -1.3471325047810285, 0.3915416905221868, 0.16142231135607, -1.2661749609163648, 0.9955546073905288, 2.0381334254000216, -0.4095217218893833, 0.6085030028469768, 0.8901957357251331, -0.9067955929094592, 0.4025488647732895, 0.6107956550979787, 0.15703223792652224, 0.7747925876541012]","[-1.264836307792152, -0.44243257699476657, -0.12904894714219628, -0.8910405794516426, -0.9346152717591854, -1.5921733301376977, 0.16142228122880423, -0.4702258215595586, 0.9138484930475348, 0.3032756800541386, -0.42489682920242877, -0.14944074155045223, 0.1334784750721526, -0.4390165316968532, 0.9268924546220514, 0.31916067355096767, -0.4736573791336374, 1.1193304284726124, -0.15641566430674195, -0.7087961680832667]"
"[1.137898990553277, 1.9851357759618444, -0.7853662953888556, 1.21974342464177, 0.767190850773107, 1.5268182550412317, -1.15343233287577, 1.5510671709217299, 0.5241160325625192, 0.4748150464704243, -1.5966196375625408, 0.030883196201047465, 0.7447041166868771, -0.5486172962370132, -0.4611628861075424, 0.8492531655935324, -0.0016303416691478524, -1.5517946709693744, 0.2682830455554972, -0.6782128725633524]","[0.7966215685194632, -1.633186101837169, -1.0589306658827213, -1.2139313886509975, -0.5060839903902143, -0.2791025164922951, -1.2385887604434322, -0.21622088831961833, 0.661093703894344, -0.5940721398502226, 0.5640191225498228, -0.6379359074094585, -0.4188116858127901, 0.158082294353633, -1.2107870676395378, -0.6773040115211437, -0.30109769452582247, 0.12387005550113141, -0.37846957426574285, 1.0288085122255166]"
"[-3.194806194683513, -1.502046407541121, 0.0969564242961313, 0.5232976749550364, 0.2476585973748495, -0.7698250730753476, 1.4842622862981139, -1.1137583296120968, -0.15637001910581239, 1.4772463282561565, -1.0129971849534403, 0.9301936831413921, 0.3459136254194064, 0.2008931813932129, -0.05344629001963631, 0.927679562150509, -0.14103834328133463, -1.0946645529227763, 1.5930687256780827, -0.33438690481025807]","[0.4262624427843453, 1.0280287154438188, 1.2174827256356435, 0.3061052301781415, 0.0891402203705736, 0.9619436636400612, 0.8381145306124104, -1.0538066221090834, 0.21496442525874201, -0.18974003404428125, 0.45048626778613476, -0.6608739162698154, -1.0067367896356052, -1.1902591695710047, -0.30233667799576075, 0.00566342454916895, -1.067654231768529, 0.06995374240623482, 0.7027532054731072, 0.20267230029064906]"
"[-2.442768551597353, -0.16019041881300736, 0.09088586475885509, 0.5234837177232826, -0.34995554470289825, -0.7817153019733986, 1.964776770225821, -0.03315146003116315, -2.2383563623893212, 0.25955803302234703, -1.7968569999455126, -0.4431517707842006, -0.2538918092615326, 0.5142365029099888, 0.3356327520295266, 1.1038878603479527, -0.5542453535080812, 0.9761310558049127, 0.6483560951443994, 0.5654230570791448]","[0.18384043587250343, 1.0124398486042623, -0.08326359194268403, -1.0496301209948642, -0.8347823967015506, -0.6702723704089315, -0.20252944789738955, -1.14885219565257, -0.27240608281152195, -0.7919863156163753, 0.4904674503941779, -0.05167772259789586, -1.1766718518704633, 0.3299437503686403, 0.22468518998436127, 0.7062499924813617, -0.6453090049709725, 0.7232082481587602, -1.1238210829388646, 0.008573854503406357]"
"[0.9856465091023964, 2.34289663079708, -0.7754537295486748, 1.0115577297787137, -0.07334892439800283, 0.8268651133937082, 0.8731738996255864, -0.9345775174747236, 0.23298927733022617, 0.4564102513160796, -0.033543451380463746, 1.009969200136458, -1.3134452664721188, 1.0332462329823306, 0.07812297530439555, -1.2329878490904222, -1.1038167307574263, -1.8276413761004686, -0.03528695509783042, -1.068849834115026]","[0.17846993845704368, -0.7341850036461506, -0.9870197242549015, -0.320479901799977, 0.7705388470484354, -0.37348185310682186, -0.4734727060071243, -0.9601228894920507, -0.8259956521491422, -0.40701044980851137, 0.03911625527714129, -0.06107723776868956, 0.9298898905915127, -0.05427882171150853, -0.3525891422967963, -0.5860730169953614, 0.005752883582493992, -0.4780806082522664, -0.21725088102367274, -1.4367965031505694]"
"[-0.3066398806138028, -0.8027535803433329, -1.0013745188903906, -0.8756139067736682, 2.9552514906385303, -0.1387024067684151, 0.5562624218021898, -0.12316022189916101, 0.3681474469427168, -0.519457829422097, -0.13434291017321193, -1.2126970029808906, -1.8265216099976607, -0.6450951738725469, 1.400205153206375, -2.1002922169448115, 0.5581440944565259, -0.6034184384295677, -0.08796696488239993, 0.6940318948848734]","[0.5908224343814635, 1.2206818021128705, 0.51248810603266, -0.28606162323714124, 0.9467748978544425, 0.9683041259556394, 0.5849991636851144, -2.2154313118366527, 0.09741824795005642, -0.2621114186846126, -0.7515319038948297, 0.19412616132573837, -0.44661039354021453, -0.8248249321721612, 0.7677597538759654, -1.091754940814839, 0.07721876177479405, 0.3283783333393121, 0.20801863653753672, 0.9378007018784383]"
"[0.41696718220781237, 1.3030380045540253, 0.48724011825613783, 1.4402870352750166, -1.102196321137568, 0.35454957450645974, -1.9960992401613171, -1.445940308386748, 0.7309941197969262, 0.5367976717381636, 1.1863192975096783, -0.3448921089660919, 0.560829767695985, -0.21260676826636046, 0.6349418130741168, -1.5168459342413416, 1.366868901530047, 0.1450831274467711, 0.10329353605114525, -0.36147642638170147]","[0.2177508260585186, -0.8090081751513012, -0.647460712302149, -0.24820654991335991, 1.615807604025504, 0.6805456734837089, -0.5600840305205402, -1.134981326948113, -0.6802529403392045, -0.3309443093578387, 0.8311120649104072, 0.52311746887792, 0.9086016480989834, -0.21914641091316617, 0.8404301570030369, -0.2792845666359826, 0.0004798524629812632, 0.23048329632651962, 0.906468977190223, -0.2939873483219539]"
"[-2.081364147025425, -0.8577254154493344, 0.6417330853961264, 1.9618622557747705, -0.9011478854852325, -2.0083150712800557, 1.550462031498014, 2.058288927942763, 0.07573378102293225, 0.10976485696177123, 0.22882732505969988, 0.42686357821790716, -0.08989701715205459, -0.2647561842557675, 1.6836438566815788, -0.0577006308376582, -0.7539108596220714, -0.34966444815779024, -0.33473093754345634, -1.5238810885459186]","[-1.391413896007585, -0.0037149748577941792, 0.9744783152044704, 0.6182058634358448, -1.310892184183581, 0.5394914017378973, 0.42803157116241325, 0.19839707139624305, 0.42631878312470545, 0.1109822316148527, 0.06828555566849256, -0.0762116835271581, -0.6020060626703191, -0.5421168911331004, -0.5312621087407431, -0.2305524697541787, 1.298896270705299, 0.5512318566586709, 0.9154878511117125, -1.0287816744890135]"
"[-1.7682814486671732, 1.2231304500721787, 1.546834614430851, 0.01689202821928505, -0.2863587976900097, 0.7085110195542874, -1.4159888401194949, -1.083515066661309, 0.6084322308308268, -2.0082620764122643, 0.18935806176414807, -0.6828006903549296, -1.1299436698846987, -1.0387326001789516, 0.6668220471391417, -0.27463557118592, 0.6276790880873121, -0.30387906207539545, -0.5362282276958624, -1.5680028218320181]","[-0.42682704096438967, 0.7417023957401742, -0.5714464037500894, 2.1450783474191444, 0.6762809453003916, -1.1104475219429741, -1.0380605441508326, 0.881327170901079, -0.6769340363801308, -0.9391072188568251, -0.41342348164874276, 0.01579111927277993, -0.23610253300703443, -0.19006227671589676, -0.5707833786446488, 0.32302692923820164, -0.435733614732974, -0.5975954371425849, 0.7544317313429285, -0.6428736066167847]"
"[-2.333850481608575, 2.8094955576976672, 2.150524041489172, 0.15628329090321164, -0.2501596879886878, 1.3956947460389262, 0.0607581040883587, -1.3491160733622622, 0.800050442564793, 0.06351000362104675, 0.9838834118598964, -0.28271022144978, -0.782363058707184, -0.6038476177810564, -1.7742377172709505, 1.0947648014213756, -0.049890581634025336, 0.4635588047397753, -1.0213960126061483, -1.0125254186244543]","[1.793970980268341, 1.302786625457256, 1.3092898660065233, 0.3602500579268306, 0.2774537907861282, -0.49029253322604294, -0.8376058049902239, 0.24290923737730258, 1.0436498044762932, 0.4066608756689848, 0.417038194932158, -1.1120707720867575, -0.3821310338753535, 0.6798303216508139, -0.34204128475191115, -0.7870727251901407, 0.627175040150748, 0.8538486378971389, -0.4148012558142133, -0.3542813821499035]"
"[-1.395800323066005, -1.4532591381335418, 1.155715663862227, 1.7938611014527164, 3.3990558541605553, 0.06043366974878831, 0.7105253433073331, 0.16884929305410712, -0.15499257964911836, -0.35484636972263245, -1.5308331855925283, -0.06536222410289905, -0.3411584907590126, -0.7406818808963731, 1.1122030178624551, 0.5993874936325735, 0.39443823094361297, -0.4568193644876036, -0.32505699987523773, 0.08775131252556904]","[-0.7912537406634792, 1.2206644827196653, -0.31446415085662244, 0.1845170447653617, -0.08780853908560192, -0.36114683150852855, -0.4402808548635204, -1.8086832356758575, 1.027287765041128, -0.446822009950428, -0.2274738842618432, 0.11078309544673316, -0.6838929718854243, 1.2512337981502932, 0.01915192248082175, -0.8974324076800677, -0.41524404225499567, 1.1683645289135278, -0.15769663055011546, 0.6467951707396621]"
"[1.3649596496574525, 1.3040055135320436, 0.7212803924571944, 1.235601466027197, -1.5214673093635604, 0.11989565341675577, -1.7655728943895075, -0.6347480011632721, 0.5289021572398255, 0.6946806572678232, 0.8672538033722978, -0.45505653862976403, 0.7944365341615853, -1.4845325984461692, 0.8404864414771313, -2.0272059879429127, 1.4101707098658696, 0.23130243905971534, 0.5320090934634011, 0.3871698987885319]","[0.7345395528571063, -1.1035254518710051, -0.3725176876669545, -0.0644888232093068, 1.8211948570963368, 0.4736394500738869, -0.2548024799453858, -0.2455643218193299, 0.37704541369996264, -0.7993325293524306, 1.326823043172722, -0.27925243854003856, 0.8124859079262022, -0.10742497843137944, 0.20800014496815364, 0.44892625719262014, -0.605401841065013, 0.5758612799597932, 0.5499050097543539, -0.6571918720874698]"
"[0.8742877155917635, 1.409674517017595, -1.648355461287006, 2.1737021538768837, -0.8640227819446474, 1.6542414067036693, 1.4514773330898931, -0.24696327739621685, -0.13657651359177322, 0.3230246771065486, -0.5853522399778374, 2.0753602228891688, -0.3327256405178331, 0.7131892801342324, -0.928969536107603, -0.9815921414083004, 0.5035941362753489, 0.10341283646461923, -0.37477942215157023, 0.7402071108702948]","[-0.20456951569995202, -1.6621245321140978, 0.28540842147020185, 0.34267921709900184, -1.6141683689917048, -0.9408926044643574, -0.43052771903980125, -0.5739983096211924, -0.13140302321712646, -0.3942485166885232, -0.47427363478537554, 0.2321571620170644, -0.5975264082059589, -1.2944095279451044, -0.22766221353613297, 0.3626332807395976, -0.21398852377017571, 0.41958825696061264, 1.1357904779576655, -0.06646923630733724]"
"[-0.8011835534282347, -1.2947993768372248, -0.5494316179494969, 0.16415273013321574, 1.2338249831437702, 0.5946175936162917, -0.0156955166736928, -0.685753225482504, -0.5801619779715748, -1.6186992841710497, -1.7665036352582932, 1.344033090523899, -0.1691184422662377, -1.418787158729058, 0.400106186463921, -0.1725431502601719, 0.4297841485628275, 0.4281148483033649, 0.7883897911427415, -0.2219302671111549]","[-1.355267289042142, -1.170023625814333, 0.9047355064579506, 0.08294012092610377, -0.030578064665442075, -0.47793864687810356, 0.5905314879568931, -0.8657311518831988, 0.2985345891531316, -0.8691662254996059, 0.062310879336906794, 0.4277753081922871, 0.22873842090316882, 0.5283630096198957, -0.021154084759621872, -1.226961853366149, -0.014840803307002812, -0.0017284140565211772, 1.5261109605299839, 1.053751340684037]"
"[0.1220222511373924, -1.894849754075098, -0.5542199050091207, -1.2048737404756553, -0.08657884164501509, -2.514801558112902, 0.27030275324318986, -0.2358178502804961, -1.2999037285059174, -0.8240843769462358, -0.5040672507740355, 0.051130773594447454, 1.5226177928987628, -1.0893367111812575, -1.1877322320629147, -0.39233096880368556, 0.5857252314826934, -0.6406494047333205, -0.7859821976127326, -0.43264504195718295]","[-0.17334396978274602, -0.36200913787470507, 0.6676082329065838, -0.5116098822268015, -0.5631691012599938, -0.3222143111235898, 1.4956369592262406, -1.2979420003752637, -0.0611063581626005, -0.14777856707720774, 0.7336804478237753, -0.20083063370695484, -0.05610829368063651, -0.3662485261520695, -1.508403346557372, 0.6404225900471978, 0.10634019907641598, 0.1433931271233719, 0.3837244240966571, 0.6935727650154302]"
"[-1.2734801996716256, -2.518479077788867, 0.11440452712740827, -1.0006960084247742, 0.5576259432859381, -2.227693272553016, 1.7246474454176017, -0.3620220272110963, -0.5238787768112557, -0.3790438743154437, -0.6310043548353703, 1.6224263652881137, -1.0166608152864995, 0.24930881224078286, -1.3769649128418922, -0.17837817193918656, 0.806170766597521, -0.7851463113560357, 0.6525096709771785, -0.3949849545964492]","[-0.8196193574603857, 0.8922719605537085, 2.7739578919041485, 0.079082213181166, -1.2891771383382205, -1.259480807476891, 0.09791890327243442, -0.4646319360019758, -1.0234773205980259, -0.30301101382652695, 0.12124189762966334, -0.20723398438767185, 0.510399030988365, -0.4076711782199593, 0.9775772970681972, 0.4261365538939419, -0.4838130323298486, -0.897215720726774, -0.4148750328136817, 0.5566880738374701]"
"[1.6303449588934644, 2.602863809463051, 2.556500951729278, 0.3404649475575987, -0.26979564774149734, 1.1713915030926527, 0.3934499215904898, -0.5439399944779865, 0.21770259588036034, -1.2636014038435557, 0.02638614666478864, 1.2410470433108352, -0.012615322516670417, 0.8159524983098109, -0.19256790846263552, -1.1385740567560119, -1.6319027854278259, -1.1164012338975549, -0.7468201470162859, -1.0094170933028228]","[1.7511365920356943, -0.08466350045276727, -0.696065589355047, 1.8396631581402456, 1.542754055892584, -0.7575845303021821, -0.087055311166555, 0.7928690517747025, -0.6137937188558191, -0.006112938310970812, 0.47278681069943523, -0.43309355215426953, -0.47870849386020575, -0.05486048333071976, 0.5022745216091025, -1.126521124492648, -0.04416770490418811, -0.6705640205238473, 0.17080301996209007, -0.1993905019758719]"
"[1.7732645556824878, 1.310949188486955, -0.9117323970580232, 0.8327290421902588, -0.46954175755438626, 0.76020490182609, -0.31966720116561725, -0.4562873379082619, -0.651474130180687, -0.033703237950228025, -0.03723039942092128, 0.20483743738518845, 0.6696966030287623, -1.0400334162763656, -1.5040626052408985, -1.0885177793388643, -0.8594265450797078, -0.5481768437268928, 1.0781100843990363, -0.8470329766235192]","[-1.03326459679854, -1.0586816160599808, 0.6969134058344759, -0.3271235474121299, -0.09185226591590072, 1.2401761681841565, 0.8307673115775319, -0.27682622630088893, -0.09988589221542257, -0.9012276743673014, 0.15002635841913647, 0.22549748198136177, 1.536377775584753, -0.7266455554533601, -0.33298905590177497, -0.3508283268946928, 0.6024566623813199, -1.6240322369399796, 0.15596815763975796, 0.6048487353628713]"
"[-0.877016448312833, -2.5375330416251405, 0.1653735209266394, -0.15901748651561506, -0.040291511200673716, -0.4711956583924164, 0.8226633594951908, -1.1356861845937194, 1.574246235921967, -0.438696003725732, -0.18348625537259497, 1.5396597868127944, 0.03870363061602268, -0.6113952385744423, -0.12078722530874826, 1.0758915977215338, -0.037810369039054444, -0.7170776265792196, 1.116021865904993, -0.42956649723514106]","[-0.6218009451276653, 0.3077562814750641, 1.0057573429745894, -0.909145327938131, -1.0178398579946444, -0.7214420314868059, 1.5752329978657822, 1.2758811158996255, -1.0833140241539367, -0.9866365150463665, 0.8877827959353074, 0.2397331108926061, -1.047211655279766, 0.06274317144589084, 0.19537690971033186, -0.4893265824415955, -0.21475293371126236, 0.23306267584628138, -0.5859660573690311, 0.7351747713678181]"
"[1.376388701749871, 1.8547776170990387, -1.671709862417859, 2.1498055865700105, -0.7867053748432302, 1.3741517905721454, 0.019617823807941397, -1.1745875648754112, 0.028517425445280208, 0.7333877940317317, -0.6631299114607605, 0.7506048066055622, 0.3869428883353146, 0.7466333325701376, -0.15709818172420334, -1.4423401362578787, 0.4527474386012919, -0.4813950480965184, -0.06668012122766816, -0.6813881123893739]","[1.1506597365830413, -0.893494754956221, -0.9059916259918385, -0.13924362133782084, -0.034556554509355374, 0.7406974520995591, 0.7060994095869275, -0.9320746291523289, 1.2768599011822965, -0.2470066176121861, 1.0640099419314126, -0.2790229273065364, 0.33445164114005616, 0.4510783821918863, 0.7917599594216712, -1.0932337997889912, 0.01217430643961055, -0.21829089277920097, 0.06671446020686299, -0.6051778998308665]"
"[1.9996409994056596, 2.105904470610032, 0.7872305776853613, 0.45426274302887476, -0.5357912623647147, 1.490175154803801, 0.32178497492237756, 1.3842941466131797, -0.5611766634075717, -1.112975015765613, -0.6412573159303447, 0.01081268708865313, 0.5072124714273232, 0.7364871293971442, -0.15352445753761867, 1.0054143407745435, -0.4799107812670471, -2.49865738030269, 0.4647601469933936, -0.5919532357996776]","[-0.06199734558713344, -0.8018816479142484, -1.1095657111612136, -0.9986453790536757, -0.48186156013082715, -0.0997324091893448, -1.4038316601374754, 0.1550486085299991, 0.8040727482378147, -0.9104141062628714, 0.757575472522204, -1.1696065583191528, 0.6810482368997534, 0.1579355931130612, -0.5274819102215969, -0.3793972547896943, -0.7200845559401112, -1.065990074349228, -0.7329786800318578, -0.4824559991433578]"
"[-0.2798972220882048, -1.1844412024604833, 0.9281509704703436, 0.30808989106111356, 2.103014492914184, 1.583046113425025, -0.15615257574017535, 0.24603346849802954, -2.098804635511714, -0.8558026580040783, 0.49840132554969874, 0.7840639958925154, 0.4608305457875326, 1.1617452536088748, -0.3794369163280342, -0.85110162446519, 1.0703324593654382, 0.3649046818261066, -1.0550715716105126, 0.14903675420294216]","[0.06560004926381113, -0.5775872623575138, 0.518873263214597, 0.5211304795359206, 1.1470858573060663, -0.7895561522072209, 0.0846233769865522, -0.36541569133592144, -0.5768746958916197, -0.08117231164403277, -0.15602802627398676, 0.1670827936267458, -0.4066783862494752, -0.9259817762516198, -0.40160843333097956, 0.358574783787583, 0.16820231018106363, 0.8506315241352363, 0.2886374736374773, 0.4997410232716802]"
"[-2.12985606385668, -1.2490918140003395, -1.3640098731759724, -0.389418763426146, 0.9805893949762167, -0.7943225876093618, -0.34544603125485873, -1.4019587935702629, 1.8111879858673627, 0.7150767333228949, -0.4362424108179463, -0.3693267336570778, -0.6270941125439536, -0.49355348127695586, 0.053018739532638554, -0.8048005688995195, -0.8996501537452475, -1.1269023445516186, 0.6150716678924386, -0.6491081872221154]","[-0.2246452826543671, 1.8760843980436035, 0.6276265225678167, 0.45816438067359944, -0.06550138009700322, 0.9617739796345137, 1.6711929772758634, -0.9068298063108737, 1.2391404907318704, 0.010749346234859616, 1.015407716554283, 0.025821165591869213, -0.9304057507258772, -0.5983047098467785, 0.3292843534239273, 0.14960755140866863, -1.5895781340150008, 0.0018336555818870767, -0.1776670667885203, -0.011527063453827783]"
"[-0.7904222225650643, 1.2491942814623174, 2.1977183685846735, -2.0144425704899245, 0.0792225282872543, -0.6410518336407451, -0.10407044335991582, -1.3280149803793224, -0.8140835217356782, -1.6622872587369728, -0.22558985326410036, 0.6347550834634011, -0.23361383879737574, -0.2762458096535741, 0.21379105994465705, 0.08706549191885404, -1.4093821554643788, -0.12371561108971346, -1.1064459077547208, 1.1368199721935257]","[0.10550260644974047, 0.9308081367696588, 0.15271733050691574, 1.4374577974411586, 1.906352411801246, 0.07864349100442856, -1.1835538593431223, 0.3349332009926424, -0.1928351644098631, 0.5064867443324276, 1.2341754490471302, -0.4304869269001639, 0.23421022780904388, -0.4795127830527206, 0.5121162900085664, 0.6608117531146487, -0.3174403790409755, -0.5531409574362953, 0.334500871210519, -0.7346172747412656]"
"[-0.9696369675999635, -1.6070009824524565, -1.917120916937171, -1.0462406229326222, -0.5276034319954666, -0.27548272223082676, -0.1360091404106082, -0.471144416896834, 1.1377197175780291, -0.8366487184683346, 0.3650946482709407, -0.05198587998914421, 1.0816287820314203, 0.5248941411198821, 0.4328410187393572, 0.9120783159626297, -1.6686719712710805, 1.3202664874857846, 1.4524845196169587, -1.4242761522452643]","[-1.452383263344463, 1.4793892981500507, -0.7285981643031719, -0.09714582491028037, 0.11494993489545054, -0.07050955693352294, 1.4822185918425363, 1.6847089183333035, 0.04017653239617152, -0.07932094148253745, -0.5292438337660084, 0.9245381598573198, -0.7573247339060097, 0.00416620419121745, 0.4243970445512596, 0.556523160537007, -0.2811525300557909, 0.7394804974009002, -0.47735073342379397, -0.06216640792424878]"
"[2.4227059747184025, -2.343531204627739, 0.17939538234052615, 1.7705128137555035, -1.8958570903959038, -1.8393055645236094, 1.2513796538313313, -1.5117817512164795, -0.6174470596668757, 0.45398254007029826, 1.0698270056736712, 0.7392787159066807, -0.14516729731586078, 0.5019229958399469, 0.4574087155944228, 1.056929849068428, -1.0183810149646528, -0.6075206811584183, 1.2700109050988202, -1.1337795741415841]","[-1.104777736311843, -1.9121690001188838, 0.37166143239753435, 0.5780243331902161, 0.8512190215885422, 0.8412782585135545, 0.5951051074044862, -0.0430211305526588, -1.2300365516739917, -0.1322179124130031, -0.4204461681735277, -0.8478163287832738, -0.07201359363920427, -0.03773814898025379, 0.41476439516069363, -0.5988979693795244, 0.6499358587515517, 1.3106362808208631, -1.20444690234941, -0.05906121115300123]"
"[0.26965605299379153, 0.08562132007203362, 1.776056752793679, -0.3834862354436561, -1.7587308712138665, 0.03532543349473664, 0.10094796122634517, -0.9813549152948455, 0.8495382922983632, -0.33056784033176695, -0.09646651733635107, -0.5360348125034877, 2.3044337249544466, 1.0440624729320933, 0.4102995310401663, -1.1238465438508562, -0.6085196582866104, -0.7128839108744356, -0.05714692210177543, 0.7997891109673324]","[-1.1809045471891781, 0.40950944287080165, -0.17050502002826137, 0.6601278560183649, 1.7852008064872305, -1.159776749987803, -0.6160621546897898, 1.3730959248596912, 1.5162597333928904, -0.162164821499945, 0.4706394803345425, 0.06746248300347195, 0.9667777578021087, 0.2845233615655572, 0.33152678436021643, 0.9491390842996544, -0.12768926918884263, 0.4286552576175376, 0.3259399165089746, 0.3146004675918914]"
"[0.30477421778680136, 1.5490753266830946, -0.13089454770607564, -0.5156770549992107, 0.2992291713374344, 1.6239733582591185, 0.23084888761949282, -0.5445992287357784, -1.3642830296569453, -0.5140290181195483, 1.809635829645988, 1.063778952510404, -1.488878280909604, -1.2354563252410273, -0.09573421155110656, -0.15320553955922303, 0.1222356281672245, -0.695195400999852, -0.39588772463329913, 0.5794016694484143]","[0.7961026754777986, -0.035208762122153445, 0.5770349903524389, 0.5414183144477229, 0.5723174849471971, -0.17126596537671587, -0.3245061112002789, -1.2615141630893651, 1.0931010509260435, -0.36730024623995494, 0.9789980002459937, -0.21487684008650165, 0.5538283453366746, 0.6093509274608336, 0.22480680600600245, 1.4076508756801724, 0.1614899824527781, -0.9344977249938109, 0.11548129888591853, 0.7092779080362815]"
"[3.5805102983064776, -0.8324973630089187, 1.61480978481323, 1.913590246215308, 0.06513568695665319, -0.6657095782363817, -0.05345189679001186, -0.9076849480190754, 0.6199040410250812, 0.3468713526396045, -0.2856219288872827, -0.7680613989558274, 0.3310642424719346, -0.5000123301372554, 0.5349013585613811, 0.7603382690401833, 0.4770441914569251, 0.4060019555587526, 0.5406652074896313, -0.5364183215664358]","[-2.968750376329803, -1.4372924434124708, 0.03548325954538978, 0.28411534926508575, 0.5486446432868818, 1.156687503154426, -0.17532518747356157, 0.08878683379061623, -0.33242854710716035, 0.8588627294362251, -0.4792797748897362, -0.3794889517119807, -0.30638751467341374, 0.44548042392175646, -0.4093053013502515, -0.2396494302808296, 0.32616254777470005, 0.40160410468951957, -1.407451926186405, -0.3801945281096241]"
"[-2.6854323986530817, -2.319332914008132, -1.146250484957689, 1.2252656096623178, 1.29876736185728, 0.5262221213885668, 0.10075024751141685, -1.0696360364742867, -0.03971288543970137, 0.7676033171459473, 0.6121418910599709, -0.5592669292706862, -0.9031459340673564, -0.3259943145793415, -0.0633192167276593, 1.5776399239355683, -1.0945019490350136, 0.1483608718860237, -0.6418509874918001, -1.6663966677354534]","[-0.7348029008185061, -0.17010588886657335, 1.711587753429533, 0.38779342998464345, -0.8818281008258352, 0.22111803694242993, 1.1134640002640266, -0.7088436103364254, -0.4470912865517096, 0.3689735730186863, 0.22501334987874363, -0.1015904922817464, 0.33424768595364746, 0.017073287601614064, 0.24843079392798148, -0.31290336265832625, 0.7958640948959799, -0.22808440383317594, 0.4889411892762213, 0.8037966225245167]"
"[-0.7507364632347099, 0.19502946720773714, -0.26553320452634865, -0.9300398184592981, 1.216919370012806, 0.3006193382591476, 0.6866689098419964, -0.3743128875399144, 0.6163317480899551, 0.270483458162244, -0.8664586538579956, 0.8093378775668342, -1.0632774617082663, -1.427525544943584, 1.6537433657275884, -0.24358178064483907, -0.34313743013458387, 1.0020045710066467, 0.5910601916374159, 0.9672740395829019]","[-0.6731409500710941, 2.677927376847969, 0.7277821805974437, -0.1526776629868111, 0.8002203557298542, 0.6311215120774603, 0.06697653045971175, -1.3336075945155796, 0.5975590423446693, 0.30877271405292045, -0.3097777790739958, -0.2920051571348982, 0.06913158379084824, -0.29533052575773866, -0.020132271190091908, -0.7727924239595562, 0.5126108065111662, 0.3567223490264901, -0.09041741365038168, -0.594815574893007]"
"[2.6341591784714447, -2.10327276849495, 1.1266576416688396, 1.005777430447221, 0.0877848566360545, 0.7638822301136472, -1.019891673247556, 0.4015812947555034, 1.0339697597532933, 1.133938614090038, 0.5765018838422002, -0.522782616051485, 0.5078213966439502, 0.06951208697246006, -0.22312670356455946, -0.4018939729591143, -0.30905717467243027, -0.46531501062415553, -0.730761836885279, 1.1241648317206312]","[-1.5732318200453743, -1.7162966850288832, 0.8922245551795758, -0.12311948692747945, 0.70419207084144, 0.29043544372685565, -0.512304371769819, 0.026795495386129176, 0.4384278880866239, 0.5948486925179344, 0.14200465214227456, -0.6638797546683152, -0.09455694805639371, 0.6323207753128257, 0.48826287423738157, 0.7531322890635825, -0.10309273351615454, -0.4828707977167631, -0.10571197188559345, 0.020261053192289435]"
"[0.4631138682884206, 1.107916963558374, 1.7331975564942863, -2.778270093291916, 2.102380753616296, -0.5177422061293006, 0.5040844711593625, -1.0873506370806207, 0.42486444652039357, 0.25979606958686263, 0.07642412171253911, -0.3570146559534299, -0.9194561759815236, 0.5345772278517431, -0.13612981847656275, -0.6998942659010565, -0.06380730166973358, -0.06236086272901336, 0.7320552616491082, -1.0929840881253414]","[-0.07636695164020826, 2.214374843155571, 0.18627665727668632, -1.8433093354458863, 0.15067610511851395, 0.20369971917785717, -0.38659424970058504, 0.07452217626294991, -1.645787797424416, -0.7046739115455033, 0.4432273255636917, -0.15712499947494457, -0.4289648824691935, 0.07579214500954086, 0.39181362953387494, 0.1800396883182454, 0.06753523486169818, -0.09723164193184643, 0.184633943481912, -0.2758430510565782]"
"[-0.0013409757556523956, -2.4052868356398585, 1.6979977311869556, 0.3831471145331434, -1.120275324790746, -0.4089813732757928, 0.6600675969718222, 1.8283894022887501, 0.04390799122575727, 0.63184090296464, 0.8628558909127024, 1.153334633350922, 0.16006609035858974, -0.8239308504763335, 1.4836243604393342, 0.26479666447020284, -1.3841883600300555, -0.4728370456199569, 0.44003240380733666, -1.4051381273794172]","[-2.3609142865861994, -0.08148947856725564, 0.9155103732311606, 0.19416603447364592, -0.9184665241076734, 0.19579477987726293, 1.3546160658334345, 1.008963577615142, -0.5306710525157713, 0.06104436526379973, 0.6459253003456777, -0.38957990762953393, -1.557521278345532, -0.3881840786766863, -0.17646564667083162, -0.22971061349914704, 0.1723659543375782, -0.5927406215833623, -0.07870658428945088, -0.13381986507481333]"
"[1.2016718021954023, 1.6955365114238936, -1.749970668815777, -0.9907196979310722, -0.07104683868714091, 0.5142268246770266, -0.32676987331350554, -0.44365338533547866, 0.1278944078160914, 0.5132684033387522, -1.7836545940117892, -0.68380029690901, 0.004827324024492304, -0.8833283876966278, 0.3548413958374873, 1.8527465136612284, -0.09753618799020923, -1.3529394277439803, 0.8901243193570633, 0.7911881076069761]","[-1.3408967446267723, -0.6250633964322375, -1.116420578733989, -1.5277887078834247, -0.21638303285478552, 0.4341885999968004, -0.19406707769990894, 0.6348153218841861, 0.35643647856309374, -1.3933946703169582, 0.4071293193760793, -1.2489318580449578, -0.02293477275008388, -0.4477839891777807, -0.1825346109514909, -0.4613560610413995, 0.15312253269585907, -1.3358385572795126, -0.783144803401113, -0.277534137322847]"
"[-2.1766825745337632, -0.19938821740148013, 2.341971978575392, 0.9807275176089871, -0.1284603713520619, -1.0317778557915178, 0.31904081308246673, 0.9443054629676991, -2.5945275315981364, 0.2529483036311289, -1.2788960259439386, 0.7103625981950606, 0.3402633584890036, -0.5183193479455303, 1.6755698017720773, 0.6042747865063758, -0.3225964483444681, -0.3501645948877836, 0.2886532677526368, 1.05512313181938]","[-1.2357354724844196, 0.8166714962807707, -1.2399809302651101, 2.114641401710737, -0.25996878709979954, -0.45582799650716804, 0.07717261623231812, -0.5483189474832255, -0.1258497091407056, -0.42163509817568395, -0.31464689326628736, -0.9879114994656649, -0.19579804940784956, 0.06025077485385218, -0.6229567355408671, -0.042915202114970886, -0.5977416809292428, -0.4661010694940945, 0.05399318965561258, 0.0548293405256469]"
"[4.846046753947128, -1.2870408475162542, 0.7458122942656201, 2.1569882126228777, -0.05993882107695682, -1.4195999875962269, 0.2105282702168144, -0.9584723418518443, 0.11403129801688218, 0.33220608784871125, 0.8503767506014954, -0.39382962521533554, -0.07844516720829141, 0.583602435451529, 0.32124277702710957, -0.2123596022332481, 0.08501088213154707, 0.31300950673134476, -0.6828120090358053, 0.7511488708759856]","[-1.7358969424489856, -1.5958670363182073, 0.6490820171588227, 1.0135643200421758, 1.1431562989178228, 1.5677789643577993, 0.32513122807005024, -0.06669872906139604, -1.2403111100073743, 0.4459126381586774, 0.09915178290468438, 0.08439586565955251, -0.15535672030893327, 0.5496647230590118, 0.19866685351024535, 0.04885666252288447, 0.09831059634527452, -0.2912942388179889, -0.38223860895141015, -0.3211989558520918]"
"[2.9317052305745905, -1.6532398972558284, -0.33229991518210705, 2.3468145916325445, -0.6952235448449853, -2.135906901985204, -0.2889897951787784, -1.947008169702588, -0.2981918137516067, -1.0698380664713858, 0.658651353669504, -0.19335154732049153, -1.35317864736346, -0.4496754614523135, -0.037815662443373636, 0.5617062800781002, -0.2809989981274082, -0.009743216548008426, 0.3952110346252367, -0.7053787090977196]","[-1.8384721058519047, -2.0145909870910352, -0.4008417863752839, 1.2132392268299128, 0.5244350891476995, 0.9889029904295251, -0.02527597817239692, -0.2111182621559036, -1.2617026997166456, 0.27788251970926464, -0.796522116067617, -0.26504577027278775, 0.2151145061185617, 0.5931614959884348, -0.21190243530093195, 0.019835692617510246, -0.4543048173127522, 0.9152131860678099, -0.9226042497235613, -0.16670543338639002]"
"[0.8387524437130842, -1.6281264792448065, -0.24575761896607454, 0.8641222698313437, -0.07468853616289467, -0.31725276672747355, -0.5953508216299576, 1.4292420037870317, 1.448895513676732, 0.5709583582889048, -1.5304509329898708, -0.037243637461926035, -0.778354795955238, -0.5593662483816785, 0.3050445097386918, -0.28819251757049447, 0.6402971505134146, -0.20203069264281143, -0.5552400634907778, 0.8026627328774859]","[0.908672002718765, -0.8264623867468971, 0.7057131519194237, 0.04722287115722044, -0.7457626657635781, -0.7169713786403094, -1.5218754880054899, 0.7253936685579507, -0.3006448114191737, 1.0271477632656918, -1.567043249622865, 0.326305802815721, 0.08065258006916205, 0.5343521619026116, 0.09332865206519185, -1.560912224056131, 0.3529596789100786, -0.9858095632970052, -0.07177832503412858, 0.22555907618750923]"
"[0.815770757339677, -0.8588244504032732, 0.8624445901676422, 0.5232285414737031, 1.0757017928453556, 0.24778718340772427, -2.0529152760605984, 0.06646218617172289, -0.02016697978768541, -0.9094326485578121, 1.1436264943435233, 1.1844744878621034, 0.9746699247236175, -1.016270812789707, 0.1721471298423328, -1.1819623218768214, 0.018325542357941395, -0.8288713603619448, 0.5377970652152597, -0.14493914781888909]","[-1.4372619748892275, -0.8327778791258144, -1.1121917210967238, -1.1893056938172883, 0.6127821316688853, -1.5260648150353295, 1.6127749745995916, 0.8738009895009963, -0.9873018661646804, 0.4205538235380229, 1.2319129416719456, 0.8969442120660474, -1.1111163694257564, 0.5329882720566052, 0.714564395175205, 0.20752124321200713, 0.09130616724681814, -0.5919380000375802, -0.261314731177541, 0.2446233251331722]"
"[-0.8903215867470037, -1.1375235352000994, 2.7858484578213063, 1.388589886469863, -1.8305126276491335, 2.4311249299249527, 0.19661274711389962, 1.2121496972397516, 0.20408267475606812, -1.4950781272861213, -0.23135070652497858, -1.2550673604150238, -0.28942129853643245, 0.9352921299777225, 0.3010331651723421, -0.09757383072965573, 1.2681456412404504, 0.06809532781475325, 0.8265599147305116, 0.685411811026417]","[-1.7417458828735393, 0.543030607296537, -0.026243655127394665, 0.9675685875950537, -0.03678373380407377, -0.2237148171201649, 0.3148505354690188, 0.8769557975080897, 0.08087906199793002, 0.8545836567767866, 1.1023059774746757, -0.07061254398191719, -0.5223844614372313, -1.124991497685643, 1.0446443874167892, -0.03712250781003099, -0.15774712244372993, -0.0991610637079965, -0.3940620235476077, 1.2909271374542026]"
"[-2.7893541191931246, 0.8326446585855433, 2.3063768195045355, 0.1926774895107528, 0.9231051646103842, -1.7556354855120404, -0.5086964041788807, 0.36687313393371357, -1.2623191404249992, -0.04147103292172888, -0.3084988281966813, 0.4605967799455786, 0.15994356155947803, -0.4567481215940572, -0.975195210144673, 0.7341811206608074, 0.14362187030769505, -0.08966563285490849, 1.0709122731690566, 0.5497401383136168]","[0.6280028651748985, 0.17509050726638145, -0.8177535460215409, 2.0642467013451826, -1.2802970918364776, -0.18270053783566814, 0.8706661052367529, -1.2615512899299428, 0.47096854700551805, 0.3134985265956802, 0.23541087456482074, -0.6142643201677804, -0.6231127117512131, 0.03357711012069912, 0.2448349117323677, 0.5375191505518934, 0.4289035232150818, -0.14434695873896103, -0.16709395367907218, -0.190819534607114]"
"[-0.4228410578735322, -3.442531191680217, -2.137011073302432, -0.5226863348164783, -1.628534780532987, -0.9881327168880611, -1.189210445226432, 0.23686440169070602, -0.4602118006159205, 1.035480182421183, -0.38712379377750755, -0.5238384968928218, -0.8665988373137187, 0.5395229976733793, 0.16914306387859154, 0.45646329859982754, -0.44206772493219004, 0.5433178624358023, -1.0918717004357126, -0.23426935101134355]","[-0.5217948971901049, -0.8037273515691781, 0.8699194774410302, -0.26333537401163115, -0.08103662277308124, -0.013387944974387151, 0.9194106486438051, 0.10203831772965558, -1.069943044545027, 1.1616759881723684, 0.1926949482034403, -0.20282836892551764, -0.5801265066119516, -0.3153141133156378, -0.077430003487047, -0.8004162642116411, 0.6229871166267991, -0.8874921092629279, 1.18546033330699, -0.27954717219874364]"
"[1.0092483831992032, 0.37270709782775846, -1.0627498297570261, -0.3831481175164968, 1.0843425211583961, 1.1776433603295111, -0.7424288370134859, -2.3195972995610807, 0.8051169294400442, -1.120591225513637, 0.9443354167809672, 0.0288854016490447, 0.3841342114857681, 0.9652461655465364, 0.14395940685700456, -0.7162746341821978, 0.10876604185408477, -0.5054380441078576, -0.5380742945534756, 0.2922059593289682]","[-1.1590692982374486, 0.213978748463823, 0.3874816444859423, -1.1525425771798963, 0.2774076810849221, -0.3743311166104755, 1.5530405345255154, 1.4188928266429932, 0.4949500289379323, -0.15798223699310215, -0.058629709584113475, -0.015949805610053765, -0.3850465650462598, 1.5670362096528876, 0.4811882030878705, -0.3150772109974385, 0.20525095738181087, 0.4665861199825763, -0.4713158310784372, -0.12337668064195466]"
"[5.129772360270822, -0.05709719715851438, 1.851504370443169, 2.193782771691619, 0.5758209900532845, -1.762421855198103, 0.28714604393489535, 0.2390864144843596, -0.6842393406306538, -0.794954770911148, 0.24903826061542841, -0.2590364931911241, -1.0773555471320453, -0.7745683546493408, -0.005848441823989072, 0.7837078881065432, 0.9232702896236074, 1.061094681720175, 0.23033314014258513, -0.47890554797279916]","[-2.5722861335728973, -1.0721961065648182, -0.261761180087094, 1.3292252244137477, 0.07632315726462671, 1.0471475068048786, 0.3598702750674453, -0.0456472386945471, -0.5872923972743107, -0.3701135461954408, -1.2794777982363168, 0.03112021904433011, -0.0615708195743635, 0.5990152627639797, -0.5175797137446541, 0.06748010288716043, -0.3870203224172239, 0.9984302235518218, -0.7187661028029364, 0.2953651370309628]"
"[-1.9200230537173701, 0.49715716976030666, -1.4437168134134346, 1.0525864128122013, 1.413025703739488, 0.12973957381262283, -0.800292549431914, 0.12378483286011792, 0.32179787445846864, -0.08575073707351302, -0.6553333770046146, -0.9399855468408451, 0.4201092406722583, 0.40191096226076406, -0.23574060213371562, -0.5204017013719144, -0.3634870140516846, -0.3540454615143184, 0.08272220055349172, 0.4910964153826151]","[-0.9424032914362572, 1.1647365237133425, -0.8228689351896062, -1.1478539049299312, 0.5117749057359152, -0.609003164408383, -0.2916593327663306, -0.8700369645391061, 0.10057656821594853, 0.8930580443533723, -0.6619138339753271, -0.0007393197994065231, -0.04661226315265197, 0.01634492932716258, -0.5320307604344109, 0.11249935585880141, 0.5082702229894993, -0.9673992231080553, 0.20936605237057188, -0.8813128775932074]"
"[1.0445248232561821, -2.3083147782152156, -1.106429937556275, 0.7261600036449288, -0.6165332427047594, 1.317823608247941, -1.0744508003340714, -0.9565213186806547, 2.0306947587441706, 1.0180380860600229, -1.6070671931642462, -0.6535649010346163, -0.043157936265084205, 0.704030032242754, -0.6005563103851637, -0.24384209083519587, -2.0749663905973, 0.7068939641078512, -1.4630235704133037, -0.1546168880160926]","[-0.8434466798958317, -1.3487751840412043, 0.7189509468422599, 0.07071761976728515, 0.7959280131095576, 0.08442077308539314, 0.22626199265710822, -0.7483706460970677, 0.8340998391605311, 0.10118138955583598, 0.6124887450349965, -0.21262093549502625, -1.122882129798891, 0.48694234234575956, 1.109405352154631, -0.24279686595324684, -0.5881774570572554, 0.06798305472596236, 0.9499806626219998, -0.542736657598808]"
"[-1.4781653721027093, -2.642156848342857, 1.0003169616460101, 0.20967043412393083, 0.685883736578043, 1.5495387502191067, -1.2023871322749606, -0.918744159139647, 0.6182241986657594, 0.8096606157687517, -0.03234567170053069, 0.32211358815183766, -0.5677042278231382, -0.2635182131591499, 0.0154428698948505, -0.14475222641013152, -0.8471278223798386, -0.019601114896806417, 0.08866342296116339, -0.42254976037417064]","[-1.749183906470548, 0.47657646663946207, -0.266226240445185, -1.289947448377182, -0.22019852884460636, -1.0232494042104563, 1.267387001080854, 0.4451153871723668, 0.13906535669978284, -0.583313060924511, 1.4724992183975993, 0.25256030267736324, -2.051083547277392, -0.1480850728383418, 0.16593611705506767, 0.30966505639690195, -0.024278679722609445, 0.3752600179125029, -0.5775039508762515, 0.47242856870773964]"
"[-0.9326683727998848, -0.03725461867361762, -4.13734172410503, 0.3918296105704043, -0.09053179089585145, -1.071424215242701, 0.8860928736011432, 1.1205803169581492, 0.35134709934014335, -1.0537566544624233, 0.03540496998466318, -2.1693412440885655, -0.40969448208037984, 0.7878585668098369, 0.2708399565498491, 0.4852727068737073, -0.4503584775260166, -0.46894706273472403, -0.007921455778934064, -0.08817933230513118]","[-1.2438189891100477, 1.1920260923321875, 0.06414830882895077, -0.7517049374460445, -0.7990409790249867, -0.33617785130268457, -0.25889961297798225, 0.13347643890413224, -0.6390043173612391, 0.5306430178295338, -0.8468694812064436, 0.07248520537341012, 0.9864244962829318, -1.2649135228047432, -0.24774651557471578, -0.2417207513602768, -0.5568044354429297, -0.0528354670969796, 0.5620828359505127, -0.7917159827625425]"
"[0.5616908422728106, -1.6849878106128107, -0.12587110212002303, 0.39183309053075355, -2.0436294139319156, 2.4116849709310233, -1.1394995418665061, -0.9947116777263422, 0.7060067575686756, 0.979668950510983, -0.03991565482249871, -1.2261250071824252, -0.36899302424594377, 0.27173199833151895, 0.5820950611854567, 0.27775956528298335, -2.049417187043138, 0.0818096865340898, -2.064914582075889, 0.07992962307531039]","[-0.6364385581128692, -1.691573134311743, 0.3991862316668306, 1.217643517986781, 1.8657278551143184, -1.129434199366363, -1.093020682295137, 0.8665035621147797, -0.17054844659042384, 0.14071440297912677, 0.045743063064052784, -0.8512540704741481, -1.0011818541304567, 0.6743549595194743, 0.3013348260558115, -0.18087528537121483, 0.38716991415146973, 0.026607597311907677, 0.2794171487637961, -0.26856024057811906]"
"[3.535885081561406, -0.3444258365172386, 0.5425556990444778, 2.9672736314500963, -0.37321903615367136, -0.9994029686840423, 1.8456096814060323, -1.718274308790277, 0.8302130206361769, -0.3985142731921481, 0.8714391944376072, 0.09875734988178499, 0.5145098623823333, -0.615488832771041, -0.60691188841911, 1.1479480350410258, 1.4038504168932173, 0.419105510240055, 0.45890719664749174, 0.5613062356620836]","[-1.7250596836685015, -0.6230007104664909, -0.0833653014826093, 0.6632780950196016, 0.6029809138067459, 0.4860863732270348, -0.5733608521675818, -1.0454555273073354, -0.6595071392009488, 0.28338624012792285, -0.07653216836322536, -0.07462079768989952, 0.09412046539574483, -0.22795415054953375, -0.2587682197137819, 0.03999760252518046, -0.8670235793330217, 1.3140153929550555, -0.28984719826689714, -0.4700674763284637]"
"[0.7863870853120026, -2.6805304658708575, 0.8269660711001684, -0.6977751237045876, 0.09025206028902107, 0.2666426949418655, -0.7571202156821449, 1.836459532330766, 1.4394977966077616, 1.9912903564109183, -0.017407831999658674, 0.5200685728292997, -0.6803956494335378, -0.21741084822843354, 0.38407313742952426, 0.2529557135378383, -0.7224341637230621, -0.4080344946997154, 0.49929815767253016, 0.34587075421842456]","[-0.0519084135898233, 0.16675740776351458, 1.8752028348794412, -0.3219900568826222, -1.102464733387162, 0.25325603270661606, -0.4410489271763712, -0.13925307327787048, -0.012758261084500587, -0.042744351664302384, -0.001293479918015982, 1.0405867255730528, -1.293695109849902, -0.09899950757924644, 0.20761710597419689, 0.4000609933663283, -1.03413081994846, -0.31518433155738157, -0.1315302624320051, -0.8302124538894384]"
"[0.6236983662752701, -1.4502032738653625, -0.9877146012695801, 0.06189636090432297, -0.12128837952042792, 0.46655708588694644, -1.405326465671421, 1.932499193144355, -0.08726745292529708, -0.5372167382149952, -1.745337913151908, 0.26042157840501456, -0.241864705474231, -0.38464145361726015, -0.38627805863883835, 0.7141110169248146, 0.8896727719681425, -0.1293757286181116, 0.24767294527425873, -0.15517082007163732]","[-1.729877375751549, 0.3220709325703493, 0.07148924821531846, -0.774542852103167, -1.0911748069713008, 0.21837467142677894, -1.57007050108739, 0.4177286178694908, 0.5985072143169428, 1.5298753334756743, -0.7027010279692077, -0.36752613684315916, 0.11297938449243611, -0.4990158866005167, -0.14420766723384135, -0.014683665622825234, -0.16979481493528886, -0.5639794561183377, 0.4647498969579149, 0.6707593830451132]"
"[-0.7042815479810981, -1.1998032375647587, -1.030334467490033, 0.3718527661076206, 1.0886181026520398, 0.1692913091288291, 0.6344905528377538, 0.04548764999470351, 2.056116345147414, -0.9039362623812817, 1.2762469724727383, -0.4201576841312856, 1.1869779273714491, 1.1885092405018107, -0.32801462605609877, 0.9692476960841699, -1.0258375810915834, 0.015822412346866873, 0.7399327407281103, 0.663075695025574]","[-0.5630906269342854, 1.2287067433178624, -0.5077811814417247, 0.1802524015992802, -0.7770751651029105, -0.1071930567653784, 0.7224607752803983, 0.22689729031109132, 1.3149313268957297, 1.829050038796011, 0.11100171114309966, -0.46314030783179455, 0.5202024852461693, 1.0778017024499713, -0.1219146136833473, -1.0233818260036414, -1.2986775131178292, 0.27679883551786283, 0.0020187251949542787, 0.32906838921428383]"
"[3.234340906123787, -1.5167769977733434, 0.23181226279803147, 1.9367177530744077, -0.35960501944703654, -0.735362591292998, 1.212419852053808, -0.6745502357583906, 0.6450066113720826, 1.037773778354904, 0.667891103643637, 0.43553375361095625, -0.022345343534804666, -0.8601618463033401, 0.2243616295974597, 0.7109954790916699, -1.7615967143818112, 0.5880612322716505, 0.6325349366670987, -0.8013310992275418]","[-2.1005092520682775, -1.3574753900045007, 0.8297721050169593, 0.4263542292289048, -0.2574396564051087, 1.0640525178953169, 0.9237202792635695, 0.7170941113098847, -0.36869114674579034, 0.9046934077327116, 0.1437597780161222, 0.8750641355527707, 0.06107531876066969, -0.5485643284782548, 0.25391230210050353, -0.23832390270784154, 0.6282243190972245, 0.37313217573121626, -0.22776149807249677, -0.13645139176626353]"
"[-1.7377102529484094, -1.320980542445463, 0.8369536071232822, -1.0814759633053628, -1.4362197545564164, -1.4641631495352145, -0.3625634992162737, -0.9230252987889811, -1.5972610619664902, -0.3249175115536813, -0.3556154398003951, 0.8503433633675596, 0.6152657718142285, -1.9329009961594357, -0.7132716805934332, -0.5116865083707726, 0.3546821277590227, -0.48541615353485695, -0.04510872658940206, 0.268588836205815]","[2.992997881646205, -0.7329664896716906, 1.5721737533238969, 0.5251486622047532, -0.5229462264511683, 0.7721049470582007, 0.5558049058596481, -0.5881300634007244, 0.18534872735703417, 0.3069161416638231, 0.699017689326565, -0.6408334004881209, -1.415790913661915, -0.8497829288707325, -0.6606999525339531, 0.6655066794735696, -1.6370311640259736, 0.2369871238024781, 0.6469292391012225, -0.5375185084148288]"
"[-3.193511389852241, 0.4529092343267242, -0.22473176256362548, 2.040142362993655, 0.23783078030840682, -1.1038317147197236, 1.5942224076479963, 0.8959673294415784, 0.7808999903584918, -0.22457007427539405, -0.5596663546500747, -0.26168469066677424, -0.3463429514813754, 1.27880240115035, 0.9963403236868235, 0.2641200277296588, -0.5720563058051643, 0.9242604748727606, 0.339502768208919, 0.3228044110402286]","[0.49621384876011176, -0.46879821404077054, 0.03058739787744572, 1.3398013069193595, -2.382137207628933, -0.04325542249757673, 0.6175003776265681, -0.11400909897426673, 0.12667848381917235, -0.16652685160877656, -0.2058268679536811, -0.009230165552316738, 0.5063009007333352, -1.5627238909582082, 0.4991196603526556, 0.48093168269037634, 0.9356882868596523, 1.5634623855974534, -1.0641402628660095, -1.0279399931387012]"
"[0.6842375446167566, -1.7088836792018922, 0.6538100943957761, 0.2593968966242135, 0.8410553106331213, -1.176682603873934, -0.5006029911359433, 1.8642285410143027, 1.671107960320191, 0.4396622216798292, -1.5731889322222172, 0.5063485947881096, -0.02387007232786717, 1.2163215840985715, -1.5042775879500987, 0.046619595791722444, -0.11920760995024891, -0.15856790282553976, -0.4924839133780131, 0.40858494525721356]","[-2.1237159245937955, -0.3155870260944367, 0.8509356149916515, -0.2970734759647473, -0.8438617237818415, 0.26897180470230275, -0.7952372651537198, 0.5889079908769566, 0.18047954921466006, 0.8042854273903673, -0.33066286802029815, -0.47641258052621394, -0.375009991441254, 0.2597555196788654, -0.005015616058460447, 0.04513083864140758, 0.3943541253408155, -1.3170065634052535, 0.6108764920451158, 0.32938591050090343]"
"[0.4399860625051259, 0.4640498660797765, -2.850047822007751, -1.2948787758408487, -1.9731389297999091, 1.2200049025517785, -0.5872361127802376, 0.5294552448543582, -0.049728140156466594, 1.1809710841620897, 0.4333169944288647, -0.2564509417574829, -0.4474967659165769, 0.15689258665820005, 0.8345784994006012, -0.8909991567575849, 0.7018719687443626, -0.01806788778703239, 0.7582552938673786, -0.4430575542316041]","[0.1786177348594453, -1.0881704247255346, -1.4269303395269968, 0.19671721046752755, -0.620666210698404, -0.09165815823354607, -0.46549737404526653, -0.19954231042368886, 1.122701949132618, -1.3156914748308537, -0.8628970418407496, 0.9478617123534668, -0.4026554617926232, -0.1470014883601112, 0.4005233685629189, -1.2480140266848019, -0.8263283125629373, -1.0583177975045885, -0.08197638756130482, 0.1267382978513292]"
"[4.137262728411379, 0.10248267041418423, 1.3238907962728284, 2.4442777455795555, 0.3513588842414076, -1.966169747787319, -0.823322959427886, -1.578836943681615, -0.4276355154524391, 0.044754409423310514, -0.6234124989701643, -1.068647895708542, -0.025612595704365144, -0.7286082001922497, -0.5798225553173633, 1.6228548186787786, 1.338594954836464, 0.21086043655571685, 0.43095374310308715, 0.3937048388425666]","[-1.1856032605875482, -1.676952876231407, 0.658134668014671, 0.7951953219611032, 1.0353546295140954, 1.3919230771063669, -0.03705132341998891, -0.916500479293373, -1.098170706727676, -0.2791510569133996, -0.4679232937731031, 0.875797190803805, 0.41641167241291466, 0.6314848627667398, 0.18746701408034155, 0.03390927776387659, -0.5835924248780966, -0.17937498281562533, -0.30471157829414286, 0.01272248873732905]"
"[-1.5059899924939533, -0.021422904409692974, -2.235722303258016, 0.14178580669595345, 1.8566814640963016, 0.06633550463845675, 1.23065926885479, -0.820125978558211, -1.6853047614002141, -0.947377943378418, 1.6624135438667114, -2.6156216508446564, 0.565955324702005, 0.4425298661631385, -0.5734125868340667, 0.5332675904975209, -0.2749982247447733, -0.07919439225368302, 0.228388366034758, 0.30534369964426444]","[1.855565862433456, -0.21643204408267638, -1.5189861755575453, 0.002619050114525551, -0.07678277505259024, -1.4171201238826618, 1.726792786960818, -1.085914197829531, -0.6483183544267409, 1.0333787293560015, -0.32510218509016336, -0.35008322379979967, 0.6003468439438265, -0.11159079658624395, 0.1432755666199254, 0.11164507565963637, 0.44276417982163385, 0.14670419599448048, 0.2455450241390047, -0.8214869529498557]"
"[2.424429188848725, -1.5268639611817534, 1.1192644468030724, 2.5871061527779347, 0.4642089829964053, -0.9621009840792697, -1.2179839875841945, -0.9491524506667293, 0.35300813773568335, 0.9598068331769893, 0.4878167250535116, -1.0637829034220594, -0.06286812655470034, -0.8933557059038484, 0.17226144752678216, 0.20219506038785778, -0.9479498968602506, 0.1845806007438342, 1.069391575181184, -0.357705532599191]","[-1.3173339944050053, -1.4111358926611237, 0.38101013035388626, 0.3593166084051139, 0.9524374112851329, 0.6017307316595695, 1.785705204684198, 0.9965601681665616, -0.5884824850264563, -0.0715028491988435, 0.4337175318731614, 0.201190230745997, -0.04224580338721521, 0.2686901281514972, -0.1341170142304797, 0.16906175953639255, 0.06261185732264408, 1.0817911410341505, -0.7387371628235807, -0.6011043891636766]"
"[2.0050010635483, 1.9846695609453748, 0.6925184791042002, 0.12367576542791021, 1.1022218395267267, 0.33962940464971325, 0.9769539154575525, 0.1135788562751536, -0.7361959464718367, -0.07995054755683798, -1.2479744717996435, 0.7850364045378235, 0.03612785449811373, 0.16869071234568825, -1.087727168243038, -1.744699054312536, -2.1705072730472725, 0.2391385891516103, -0.3504500825020757, -1.4670914224871525]","[-0.661012692742591, -0.2722159678890076, -1.0029025919321854, 0.23342794148516388, -0.4289556726465546, 0.819109245509061, 1.641863018496101, 0.6182904708724327, 1.5699259764228108, -1.1893702145898855, -0.11690171182390843, 1.3508787887322413, 0.5930328682449102, -0.9711160955728975, -0.3469097336141285, -0.8216804656117901, 0.6190004993573915, -0.11416321552007755, -0.19793231752454862, -0.23542295030968566]"
"[0.42982789008995353, -0.3790604813510713, -1.7918007130378513, -0.8565734803640631, -0.04516719689461403, -0.7293608467260082, 1.8421752444711563, 1.3805429538597829, 0.9159336906328085, -0.12708100292043795, 0.489803941778521, -1.0658410488667769, 2.689777348097554, -1.5985311868252792, 0.1383458055617546, -1.8747776960265825, 1.1400349389221145, -0.22807876589007461, 0.5105652207389547, -0.8148043559717735]","[-1.1310779162079163, 0.41871335529352544, -1.233164956435337, -0.6242212970224013, -1.263949505898044, -0.3398874116713959, 0.45682052944341833, -0.5039637366360802, 0.01146932467668147, 0.15132642623026096, 0.714820888906928, 0.4425372154839384, -0.21171443618493696, -0.3601923090282671, -1.733732345499601, 0.8726334112118724, 0.24679943130920295, -0.16754789454876226, -0.33779308841424194, 0.5428852204972568]"
"[1.2145864906421575, 2.0973649632398117, -1.5796794076662595, -0.6921386292131115, 0.45341984701756405, -0.4509204979029191, -1.1231312360392982, 0.6969538364973739, -0.4124903528252259, 0.32729084695485783, -1.9768975333431307, -0.5025625858974383, 1.3800253776333862, -1.2616486824057795, 0.41655736181834285, 0.9599107200889466, 0.3895230483692634, -1.2515684386755526, 0.14950114965135053, 1.062810586447749]","[-1.066727423052472, -0.15935709288202374, -1.1946179250395008, -0.652417143306231, -0.9507940137541264, -0.15455499516188298, -0.8965930150437456, 0.011727147502853164, 0.7458577653909805, 0.4381029766421318, 0.5701075612768125, -1.1447674021760799, 0.2590206015477701, 0.2726632785375049, 0.037340549608067757, -1.3535710638444893, -0.8916005350925736, -0.06513464149416612, 0.43832352282530584, 0.5705840640346819]"
"[4.221608243760226, -1.3206719022785478, 2.138119709557682, 2.602263021468463, 0.3989754041596788, -0.1420960434504938, -0.1708556211474437, 0.1752218726517748, -0.08451269052464715, 0.4656828603055835, 1.0415234025512536, 0.4145640827314005, 0.2673812695167209, 0.051418723483697096, 0.6614317809978061, 0.15256883161590276, -0.06984031242071197, 0.3157022749794716, -0.40358455157560663, 1.1196608247185962]","[-2.4410807042845293, -1.249730724658787, -0.15292264965380412, 1.2659437849457733, 0.1261107176214967, 0.13426271303238568, 0.05236175668645371, -0.01464562721065287, -0.8071088197406983, -0.35661841577338543, -0.5904010832546039, 1.8114880982912474, 0.2609249167962022, 0.7156299546747642, 0.030544452399010137, -0.295234727118352, -0.8582472640123485, 0.38629324621443606, -0.257183614207287, 0.7994244860796285]"
"[-0.9345908998114683, -0.1608021801874825, -0.3993643908030522, 1.5223245988315883, 0.9024074065389402, 1.3821309194795448, 0.2049783752046416, 0.6316010170309054, -0.9557563628228595, -0.7250940432302502, 1.415256948007436, 0.34820642169768146, -0.08109309427899222, 0.3899379886466029, -0.6625323188734251, 0.0959856536374996, 0.25630827971229836, -1.566879197537428, 0.6806817034255196, 1.4258849332152161]","[0.9918512531800417, -0.9588169765439138, -0.7133158511703355, -0.12542613655347964, 0.8389233175678337, -0.897528059873343, 0.3598647920028742, -2.338459282697584, 0.28543324726077035, -0.23744276785778098, -0.33326023598942817, -0.5197977635255098, 0.5223475524723662, -0.4297237460099301, -0.3298066060907607, -0.07489740982888037, 0.16542247832633364, -0.24259192926469206, -0.6985577112469933, 0.5177684624369547]"
"[4.451496878084366, -0.6448068827576573, 0.903258422305204, 1.9985030620613768, -0.39288233961422575, -1.4843466875256186, 0.2282554213943663, -0.49202093730746327, 0.0904631075638537, 0.5338246081698947, -0.5939263948527433, 1.0875930372323341, -0.7592764710644406, 0.45693964669287607, 0.3162796184132814, 1.1300540230731215, 0.7254501253432408, 0.4729997328896638, 0.21513083412724376, 0.6580493747353532]","[-2.9965830163791836, -1.56245597336922, 0.11215883626788903, 0.6298997448461355, 0.1295432679460771, 0.993902452443558, -0.4560151349795721, -0.2635373149273556, -1.0784995941941808, 0.2742043590518556, -0.848551094901942, -0.6101340530615684, -0.26831969314959264, -0.2883264273080314, 0.12364367217529834, 0.5079702283069852, -0.17917811943716203, 0.6766867415876163, -0.487990818458171, -0.4532771339503518]"
"[2.2030945736296683, 0.6376726646316422, 2.050001270960351, 0.3496435293411479, 1.702040388150061, -1.196704850828512, 1.6632982361530366, -2.371423264337615, 0.5610689869620946, 0.12015464805324125, -1.023501662252852, -0.42705655019945504, -0.1332777654546258, 1.583133164047208, 1.1388094154543733, -0.3748855190783796, 0.8885949680721617, -0.02506615898557452, -0.032270306746789344, -1.132210101776501]","[-1.106624916664541, 0.3857494627566123, -1.4509245673034983, 0.7450176069469516, 1.4191788361050401, 1.1701881691527352, -0.34497969362047054, -0.7548642186008868, -0.6575447399031804, 1.0956004382393574, -0.2954246727838456, -0.16688063217983073, 0.367831868721195, 0.7362538377721891, 0.3630993841843934, 0.034178101654726886, 0.04938145720852935, 0.30639839278990466, -0.9828614174389138, -0.038360281534522575]"
"[2.005617637568369, -1.8849624309020925, 0.6469573649477891, 1.4242663433492633, 0.46041736229574776, 0.025301401150166273, -1.6381922563553513, 0.0919933090784292, 0.2140329836937172, 0.7141034668837252, 1.2622024326316719, -0.4602261277097005, 1.039253291287148, -0.15902198792884545, 0.42481783112773513, -1.0289438677728977, -0.345574998859765, -1.1770546186136865, -0.2914347658786043, 1.0351975954922072]","[-1.990550035861864, -1.4204404740067145, 0.36462631287363473, 0.2747276596089171, 0.20813282580417244, -0.05992606207001076, 0.05154275182772937, 0.26798153384370665, 0.24310913122846053, 0.3527993676690247, 0.7550540032693739, 0.10317964362964131, 0.5719102890570039, 0.36870189453804003, 0.2028125781604739, 0.050751796035002655, 0.21019269187676276, 0.202577234709175, 0.8427692060913606, 0.20188671497727828]"
"[0.1876171328080897, -1.7988887913197924, 0.6469317124949586, 0.06480695894786463, -0.3359221560249794, 0.734702065487552, -0.522788264522975, 1.0807377780857461, 0.1359544372207869, -0.5136794418503788, 1.1199909322692254, -0.5865772120919778, -0.8864012237506493, -1.033510457849086, 0.8163192657123841, 0.1711907484217992, -0.05268566935309619, 0.3699591361337075, 0.452056689685554, -0.33672191403712276]","[-0.12030410677540511, -0.3964745321167184, 1.711944765277653, -0.6550955973724716, 0.5015127822804128, -0.5186156981902562, -0.7805824435053447, 1.3232348868283323, 0.5310566828975513, -0.7240970206354747, 0.18852318507575128, 0.07625642938412208, 0.7296645273128822, 0.0427612116546954, 0.29252336070098695, 1.0931708093292063, 1.3572178870309015, 0.3026834292046922, -0.5884499276446549, 0.542077578068838]"
"[0.3848862942864879, 1.5982042344394864, -2.8609813798166783, -0.1404102469765719, -1.0098287293962582, 0.7432868429762081, -0.4655996460048572, 0.27832874466955626, 1.0305117889681377, 0.7219314758396783, -0.7665333031522259, -1.1596131402537782, -0.46411077754080976, 0.3643088793941133, 0.6081279835803121, 1.1204062694840806, 0.187030277003631, -1.9169014583170179, 0.7192249445215511, -0.30706517431237956]","[-0.4676843193582998, -1.326529524473866, -0.5114094515484423, -0.82153004951071, 0.25971471158010445, 0.06743400818584516, -2.0392671908844533, -0.24912306622560532, 0.006353544177706444, 0.26659305905324443, -0.10810057445431713, -0.557975653662709, -0.16318202918228067, -0.31013018489292793, -0.2067573992216475, -0.20490780485694185, -0.3526532953364865, -0.6197082249107628, 0.1984385845679662, -0.20396979172135749]"
"[-0.7298608677059351, 1.1430604993846274, -0.49803005379713466, 1.351135340896629, 2.613633664969414, 0.8382172527745504, -1.9697184919469215, -0.35745216272220837, -0.14262440117640815, -0.24056994916375532, 0.5939247262615781, 0.12734670576903398, 1.3544389171344196, 0.7362259402688569, -0.2933027717759061, -0.7810428117487354, 0.5429935620001289, 0.34944441167109275, -0.14178788128203212, 0.9783951931886066]","[2.0329614962734928, -0.34572080988296233, -0.89037666367442, -1.5408390678806538, 1.3100576869874287, -1.276861473198906, 0.6037068865128188, -0.9193434292756806, 1.0722559623128534, 0.9628009613976399, -0.9103833662235896, -0.3434526096261141, -0.8085573987577266, 1.0541103183598992, -0.3838225826261921, 0.8369883535707121, -0.005460642364379537, 0.5780736948277729, 0.4786380237352961, 0.15071257890801856]"
"[-1.8965801744052633, -0.2643815016420961, -0.7860750270483238, 0.1771251366237438, 0.4390089412309842, 0.09262846421071352, 2.7481103268040292, 0.1952849288678947, -1.2644045116151739, -1.738472218179913, -0.007348954996705042, 0.1882438852718527, 0.29207642200902856, 0.3140150405623054, 0.4871564675454248, 0.31907307480111496, 0.32777189334549445, 0.8372502392825271, -1.1991319537199343, -0.6261931795533733]","[0.29797647831269736, 0.6461385322129339, 1.093155859385511, -0.626763642354228, -0.35619482934786545, -0.28185912371417904, 0.6022850462549308, -0.3627399709431854, -0.5374474370716551, 0.04558983435138126, 0.7189064609199415, -0.5020576859628687, 0.8921154899821027, -0.22185063217769443, 0.6314578575116947, 0.05316007447528912, 0.6633444239207832, 0.31003659174673737, 0.5909090265757151, 0.9605330045214625]"
"[1.5089986782722826, 1.1701753954134584, -2.1793935338297246, 0.41621264160488364, -1.320612236936569, 1.225800005064567, 1.254840510299542, -1.2101117316655168, -0.16483351443844876, 0.3441293188866534, 1.0930912394488945, 0.7172544227528147, 0.5248070566120974, -1.0732134576459822, 0.5876515000841275, -0.8215123622053212, 0.45444281378607604, -0.6424776514863402, 0.9586395361380401, -0.6707947094706788]","[0.12638910039509313, -1.3145407220296816, -0.9917258155541512, -1.1492273484987487, 0.3781881493526019, -0.19237673340120004, -0.9456571503536481, 0.5689722454264442, -0.1728853072332482, -0.7467289377077062, 0.7425103224047711, 0.8583416809306139, -0.3281931689711999, -0.6154801468408532, 0.06329486218117404, 0.22980643640563894, -0.24648074902708023, -0.3373845107542885, -0.5374646313330355, 0.5159043429932256]"
"[0.49948090906513204, -0.145879344194915, 1.9452325391136838, -0.7890161503835653, -0.8334522033576546, 0.5960611379226453, -0.6806361321635253, 1.6953720910261698, 0.8489024271679749, 0.43203986587434057, 0.4727372637246815, -1.059484772711727, 1.2895142014296517, -0.09043220326169828, -0.6117426816563762, 0.22116435989091549, 1.6350342428781734, 0.9192766654155093, 1.2660934266436916, -0.28555337212871984]","[-1.797071889876772, -0.6220642793862711, -1.1039190982230338, -1.0926368515668754, -0.47855957009746647, -0.09324252557275137, -1.3711184295271504, 0.38575559251214336, 1.4498986031223224, 0.09054269837622361, 0.13478567826824622, -1.2567377288361423, 0.1785849868092612, -0.06030821681168355, -0.6207805361800649, -0.5634858025001954, -0.13319362764664594, -0.3126326472063236, -0.5962639278653022, 0.051227547744416714]"
"[5.596702817889484, 1.890531630403061, 1.4792140449370312, 0.7766862821814504, 1.1136278913803443, 0.7844916270852954, 0.9276006800479178, 1.0792922943725456, 0.13483577380724382, -0.27401486412464715, 0.3287034333541045, -1.1104612500912792, -1.3749039433194874, -0.18162195127543979, 0.49100030302374154, 0.7505075851495135, -0.19437879915445141, 2.4064742536612913, 1.3248483823037411, -0.01912117489046249]","[-0.41161843679923227, -0.8476277810617524, -1.626235104158442, -0.7838227659364729, 0.3985412061019179, 1.384211982088733, -0.3072040919984699, 0.6818801818124656, -0.23348366066631515, -0.575826690315148, 0.580922521171074, 0.893731571717867, 0.864640278764146, -0.6483843535916985, 0.320652428572248, -0.12581541973674135, -0.2915447052809237, 1.6817815804665381, -0.04702431771132755, 0.9807791474653091]"
"[-0.78226109505451, -1.6028022381845453, 1.2138648540684673, 0.690422961615909, 0.09484732558556334, 0.919966366500828, -0.3884724741239972, 0.9321847638426055, -1.4843167472634684, 1.7622728588021372, 1.2618617739414535, -0.40929683872074185, 0.6100482368872513, -0.2547326351081152, -1.6663257700286163, 0.0973038760279, 0.04314071180289681, -0.26665449016467013, -2.107888622530733, -0.059651948635659265]","[-0.10444656388573582, -1.4914653202470307, 0.4766652564310804, -0.35700798994066785, 0.3354992875004427, -1.1439926801039104, 1.2305476817298602, -0.7152115463340497, -0.12413053156047195, -0.32264176843764414, 0.4711717576911508, -1.0084969675941755, -1.779938742494812, 0.6261134013181192, -0.3768413705068005, -0.028102522214176338, 0.9903157481805965, -0.7283900204225084, 0.004969471271942418, 0.2392732471806115]"
"[0.18812360037667253, -2.560320660590101, -0.7137981081772613, -0.15003722218540225, -0.7348206315250505, -0.7764480177603875, -0.5566460126988273, 1.6535359495573456, 0.04294064271832297, 0.342549589901462, -1.0407070452176872, 0.5565276957391353, -1.3632704966862754, -0.7201443806762238, 0.23990631200000478, -1.0712033116854351, 0.970422766103272, -0.2039273971270955, -0.836013563950263, 0.11705556837429808]","[0.717398098075377, -0.9226705414959966, 0.9771508359543979, -0.905427397465623, 0.25887463673232164, 0.6117810943724107, -1.1607998468245497, 0.6093007811340521, -0.4035247821049338, -0.6876074646357755, 0.08537361140440998, -0.12284346764552888, 0.6353366915110485, 0.34746633016378087, -1.05724745930202, 0.2888000866517418, 0.32584376767053275, 0.11786399077074428, 0.6765570041569737, -0.3822717131299691]"
"[-1.6787538225927858, 0.6361616032450724, 0.22372540048579545, 0.28676244104218673, -0.694190158207817, -0.5014957981446521, -0.6029164255133601, 0.5771278970929349, 1.2538618236538608, 1.2815935149478122, 1.1372700413194685, 0.7351153039239968, 2.5216980255214594, -1.4490125201170743, 0.1772814284863666, -1.3856627832784492, 0.30952084767086047, 0.5120962538765448, 0.4081972577717513, 0.7634181582862335]","[-1.3315123369840345, 1.1347849288746465, -0.6470205199166461, 0.5386333239513423, -0.8599140410964845, -0.1356514958741217, 0.2505000938251073, -0.07416158741646944, -0.30273030995220773, 0.15296957730378385, 0.2609511292601718, 0.7676683554891859, -0.1660679548238224, 1.0649327379238396, -1.743947796682856, 0.24222565574772156, 0.0003076310941978532, -0.49289478147446936, 0.5481131338556438, -0.5208190684333679]"
"[-1.5844773052998649, 0.832390680283014, 0.24666106826728704, 1.7800424966559198, 2.860739788781001, 0.1540259712592829, -0.6999258857743589, -0.05226587152042166, -1.4754000239545313, 1.2598797356112914, 0.8089622689169776, -2.024333813610323, 0.903873917180741, -0.1526535513206958, 0.030944342134809084, -0.739778784173521, 0.020296948844004622, -0.1492096973042274, -0.18636874456838373, 0.11478930322883486]","[1.430032142003338, -1.1571036006158504, -1.3350411451554778, -0.44619912288462044, 1.3170673151996586, -1.7546190495616103, 1.1593251028391507, -0.8046176787336852, 0.24347315804774625, 0.2524869101528877, 0.3508004189639692, -0.06637769269805945, 0.5253392817538016, 0.39836791116554526, 0.13355375179237108, 0.6550999894022955, 0.9110234880706541, 0.486626419171588, -0.5060534042575844, 0.4571987649040569]"
"[4.302150087931126, -2.02724184384926, 1.0749344028073442, 0.7222686975310593, 0.1324866413662432, -1.0723467687531996, 0.9312270992861283, 0.3516997951003338, -0.8686269026695526, 0.15749875209857916, 1.5840413014552697, 0.5786380916227555, -0.15455354209705757, 0.8049176010074367, 0.36250169276976607, 0.44349924846743155, -0.5214282893358864, -0.5357115277022657, -0.13289322398197626, 1.0188777070857145]","[-1.1778261008434576, -1.9090005538633779, 0.9790301330840703, 0.37448868080003705, 0.5159729100869165, 0.3256733327645773, -0.150213454834914, -0.30218754436190187, -0.5646068469103068, 0.7755685517634883, 0.2550110249775623, 0.2881496953701135, 0.4535311624783186, 0.3927828143575519, 0.5425840467234747, -0.07064416964266437, 0.13023598154032834, -0.33849560217551355, 0.9809994717570434, 0.25385463593767804]"
"[-1.7058737540485536, -2.2471674458090347, 0.8239313750912062, 1.0461557967090271, -2.6781597756658897, 0.09543855675294334, -0.4356174855708238, 0.4545439334136128, -1.1821706961094252, -1.034605732034177, 0.6493020206928577, 0.5791368202194555, -0.6267733954717967, -0.4575536005955377, 1.8723984920772185, -0.09513445064091147, -0.7149954965124042, -0.17179363347315782, -0.3034546996867168, -1.9516464247127048]","[-0.385454647627303, 0.44694360953782103, 0.019427464750438515, 0.8085192221387564, 0.21944303495200485, -0.4708724447105993, -0.2652517677833373, 0.1820427082717752, 0.7022703196290161, 0.23603198089043845, 0.32236777135588024, -0.05383134482523952, -0.9689148850798978, -1.1912653483362527, -0.1305790258870596, -0.08844714005366056, 0.27491333962843867, -0.11180251396890947, 0.568127384441832, -0.037734917727503516]"
"[-2.8880659555913386, 0.7321211158670142, 1.1452382884817296, 2.2203007891642037, 0.08443513357014276, -0.8473699646692605, 0.46492424186591136, 1.9738589367001853, -0.7176841949795666, 1.7118325438740154, -0.8354027948054118, 0.9317466248562374, -0.6324723587172718, 0.933597784022277, 1.9613152623665362, -0.20589324004738502, -0.35628249887598906, 0.20496730092418292, 0.43041844585614025, 0.5651122417903977]","[1.8712183891122856, -0.3937476306721475, -1.0001844108832656, 1.2512835104403406, -2.3726125951877055, -0.06695597145028072, -0.034607755047331885, 0.35481484287982173, 0.12891744997962154, -0.8395919196390789, 0.21944616732662625, -1.3890819209842293, -1.0869636140809855, 0.5063686797102919, 0.9511652267811038, 0.6551592946722095, 0.9484547003456106, 0.47048180785919147, -0.9730333189236798, -0.5487638655716885]"
"[-0.6227843836719152, -0.6999109424170016, -0.9549508099051216, -0.35728606531145507, -0.7810063534864349, 0.10897326704998994, 0.30705127071101757, 1.1292381183484341, 1.3055852969580921, 0.4115312321649885, 1.0175362668028718, 0.7979213973266681, -1.0935056032053132, 0.21317598261915283, 0.5834778293221138, 0.3178649398300392, 1.3508392112427392, -0.4553979080751741, 0.568310822671347, 0.523122212810576]","[-1.2342051448367726, 0.8696092478240816, 1.2859214465228879, -0.6615945640504979, -0.21867230495032516, 0.352005047780788, -0.31793820276166374, 0.5247780895974309, 0.7756249582012477, -0.03607277653315993, -1.5770747090790893, 0.2895459231136513, 0.5378056677263322, -0.6403521926700977, 0.31091346800237835, 0.1812571345724456, 0.32333792359639774, -0.011401907219300952, -0.05214415607935313, -0.7994496284449223]"
"[0.25850478241423386, 0.21637565530750286, -0.8733071226529481, -0.5788205244021334, 1.656270053106981, 0.741018185535139, -0.6297289966992415, 0.9707917049626364, 3.4204881427881917, 0.6327467228447347, -0.051619623317277055, -1.0545163547232426, 1.0357792452470278, 0.6347865278691175, -0.3520022704492663, 0.10914178653847423, 1.2918408773269094, 0.6908827732034213, -0.4422958395961594, 0.03903986116990509]","[0.5292630224899041, 0.7854829947806906, -0.32950228138074816, -0.9160343848082318, 0.31258534385233266, 0.13453280485062485, -1.0827896105125863, -0.658452310693514, -0.617434337001371, -0.03682454470314173, -0.9120288994059171, 0.8891525963277305, -0.2922611602514081, 0.07353974306434521, 0.7694224147708116, -0.40581751836596797, -0.1325867748499618, 0.49664692698577106, 1.0107817873239255, 0.43800541840103574]"
"[0.870864960596573, -2.7030573366300286, 1.3046690179080436, 1.6665113528124438, 0.5437385758021205, 1.07604091487135, -0.8022962289759459, 1.363695841614309, -0.3302095953428688, 1.6656794379181437, 1.0032645880546112, 0.3351947150112875, 0.5745035477394701, -0.03940401809862174, 0.9496426828323347, -0.800340364898011, -0.7097775076677275, -0.870933321482224, -1.0228323512846493, 0.9572989789480348]","[-1.3161429496476091, -0.9146293519202389, 0.574476567860271, 0.10173236594390575, 0.7426551504656517, -1.1320262985723208, 1.0363382444044213, 0.9509169210924092, 0.6033620827844443, -0.7538296400834728, -0.1200691735405383, 0.48244425287674886, 0.07499458833257976, 0.16250939186403363, -0.16150301187477611, 0.7116691585019539, 0.7467010624096501, -0.030663827057448727, 0.03148255336763498, 0.20170874063120398]"
"[-0.5114286441687866, 1.260200944101954, 4.789699332849668, -0.599569432800424, -1.4857571145363018, 0.9539468519148216, -1.3839738544879627, 0.30763853947827624, 0.18769791220793555, -2.5939506499273812, 0.7726396047634434, -0.9045196484789544, -0.3679739854944091, -0.6748805474768506, 0.7357346599494167, -0.003710247480953643, 0.22759424406093492, 0.1483918734963188, -0.4969619842946564, -0.19488703307687236]","[0.8284722169598082, 0.30909303179389697, -0.8114544441443767, 1.963798166091199, 1.6619634873878544, -0.32121658593816516, -0.4482589217298409, 1.3998168362388665, 0.3799051266567103, -0.6173861659358784, 0.9317604866149768, -0.4196830777020208, -0.2962251728059111, -0.506604474677579, -0.10145917802468245, 0.199584239760191, 0.28278395884262486, -0.4611912983689886, 1.0424617614718001, -0.5195034275628875]"
"[-0.8808615122359141, -2.592417616276459, -0.9796481703366657, -0.2376987322836513, -0.5111739549741625, 0.36812449751829257, -1.1627099290858975, -0.68405461072772, -0.8285953663981339, 1.8267359920894395, 0.8582380310606985, -0.5137618188785948, -0.6949090614563935, 0.1869508495313454, -0.504720344886225, 0.2584332595233334, 0.32953875282014333, -0.13425223827605468, -0.7927969801503525, -0.6129388078999572]","[0.8471509477646479, -1.8260163351201015, 1.338633709357666, -0.6096485191739391, 0.2981463885692545, -1.0965362433791181, 0.9543853484676742, -0.2506693116500805, -0.8404277729202623, 1.1550689418923188, 0.13055953569331988, -0.34008336620354207, -0.7322720955762838, 0.4371085733423535, -0.13432620054430697, -0.010853571265160362, 0.7657719438207204, -0.9167115525879616, 0.7757778414036917, -0.22657613002297686]"
"[3.2070151284113066, 1.2835677321565375, -0.1331254387791843, 0.04575616778521952, 0.9671972289000521, 0.02165475834334251, 0.9256245890486517, -0.01886154130948977, -0.6202078589268003, -0.017724179489047576, -1.6137831204759108, -0.3824961163544215, 0.7023669937580455, 0.7096357687786514, -0.3567803882657422, -0.3388263595289375, -0.9188712250974083, -0.415545084556794, 0.6005277197298342, -0.12348381284524533]","[1.2969824507584533, -2.3422950724183877, -1.0424099589935436, -0.5817913631796957, 1.492727316575984, 0.4069071672796739, -0.8158774386145287, -0.2844921352610516, -0.2509730757379757, -0.49660038946496177, 0.38661113066867225, -0.5737959095446283, 0.5057080594579207, 0.20584643334357952, -0.04244193164256809, 0.34332631844359246, -0.4596812585973522, 0.7116349321187143, -0.5087132879074625, -0.6564906473293787]"
"[1.3750421208201262, -1.8999623911753099, 1.4163020566977444, 0.776697588315857, -1.3266494091277088, 2.6814662546293633, -0.9311996887737518, 0.53160389806891, -0.09268181240040423, -0.3743075560607122, 0.08647347731189547, -0.8721743845914232, 0.07762269914800687, 0.05345518496518924, 0.8989034473341255, -0.1483545425427142, -1.3276000797808511, -0.530437910697179, -1.1698862684810807, 0.17066674280891073]","[-0.10637029321748415, -1.3814105647231636, 0.6103531212134113, 0.8202580885585204, 0.9884249387876016, -0.9905248538108518, -0.1906422922894924, 0.8555740278109489, 0.22609634055391095, -0.5279187846867252, -0.4493615330867018, 0.8448251662738565, -0.10254949613284138, 0.21479635123566684, -0.11785218468920812, -0.15226621830574977, 0.3898615132910279, -1.258088492119939, 0.29692933527971366, 1.2652025684021724]"
"[-2.088132385837036, 2.1902061511397783, 1.0760899454414872, 0.17788961870793474, 1.5466208955097598, -0.6374893959457388, -0.6574644306724866, -0.6456670761997584, 1.0707585714233905, -0.891010920790393, 0.9836844209957367, -0.014454494968189763, -0.8673063532603537, -1.5739856407951431, -0.9479453388632308, 1.099331957791257, 0.01947655200738802, -0.20244802058710804, -0.9122319571157984, -0.1846320459807173]","[1.4362051210137718, 1.5919425888871872, 0.16991852441726668, 0.501282875580416, -0.13092283986423128, 0.3267516311843383, 0.15063703014841526, -0.4265133156563448, 0.3076985523356903, -0.7559197219190502, -0.26913685140821886, -1.3938772499224874, 0.534123882527382, 0.9258253306791411, -0.3905265562791939, -0.3693766292829356, -0.5256889375821303, 0.17268279310506912, 0.326407188273525, 0.49312455254779225]"
"[-1.4584196190314458, 1.2596993501116966, -1.5599182534936333, -0.1641149836584891, 0.05360447953694835, -1.3008319022505577, -0.638207949966898, -0.41980747260555046, 1.3367323659073964, -0.022179887603283596, -0.8970434821828446, 2.116640234755087, -0.11288563473432775, 2.462885907275392, 0.08389152180513162, -0.34602976184731327, 1.2192794794498145, 0.39065528813424416, 0.5711488345208441, 0.284659008201974]","[2.0665361272910254, 0.5057087412240133, 0.4286390592285998, -1.3545531569366687, -1.0031461891106972, 0.2757571101624584, -0.17807313738474054, -0.49062546348375635, -0.9957498735714756, -0.6161518374596546, -0.4120154016523687, 1.4049056000200182, -0.46890426189825574, -0.7142815192921942, 0.6821393730730081, 0.17240852284986835, 0.758543267162448, 0.017648559731962964, 1.1484764371692062, -0.8336860560768101]"
"[-2.5589152956344776, -0.4207680693420017, -0.7638368037658085, 1.7006016845523668, 1.9337342142466676, 0.12851754280735156, 0.6482800919175393, 0.40077586813723676, -0.5935150555073117, -0.8551741269329712, -1.635995163374295, 0.8288676216657619, 0.5538231525145295, -0.727813722735511, 2.431828689486351, 0.48614991504040383, 0.5250975811556448, 0.6186558031955489, -1.0667270056997875, -0.3158534909816364]","[-2.6149348600040727, 1.2756097352643336, -0.8999708713448709, -0.7008058574502735, -0.9522113544537104, 0.12156420611549053, 0.5361585623038995, -0.9138555402143604, 0.6428019274569944, 0.20885439354030708, 0.4507552068012412, 0.15618205114275963, -0.594106910733125, 0.61316723539767, -0.7545337685312266, -0.9981610938826369, 0.23550376317980518, 0.6609099561553561, 0.32671062820587204, -0.19229229555332164]"
"[0.5131068389611856, -2.716669635781843, 0.8422315359578104, -0.9436887906710003, -1.5707365345703492, -2.5400707731922325, -1.0231850820221584, 1.4986220154120007, -1.9973958051531104, 0.5041131986686215, 0.9657603491638876, 0.21892607862909724, -0.41510445475198343, 0.34883299072753254, -0.007647457102297367, -0.06249611344989151, -0.5225119012561736, -0.7041554703496207, 0.3693130202611566, -0.6511433927463516]","[-0.2609533702733017, -0.8947162914005465, 1.5689074752866954, 0.6157097240221181, -0.08208762681778035, -0.34682597718564295, 0.4398500564036532, -0.13529414720091354, -1.5575500943619762, 0.7533156792433731, 1.1695472312280693, -0.20822556944752527, 0.36352098864154525, -0.26119025284559005, 0.49606342343549614, -0.6092744087979962, -0.09738495762693236, 0.3707748265805477, 1.2817140459484426, 0.49655125937101346]"
"[-1.3797110969299198, 1.0684525574824482, 0.6810079012521909, 1.6988639634173388, 2.419744514999568, 0.3782912238186653, -1.5908708428115712, 0.6457046669166495, -0.3166679231808437, 0.8715987822169561, 1.3925166073443065, -0.9704398947116689, 2.0154939904327844, -0.464197145113609, -0.5695301498026769, -1.3224607146401486, 0.5353446379390672, 0.3242370097801895, 0.9576637828818158, -0.019695499846871575]","[0.32186825185759327, 0.3329047987108308, -2.104519809314892, -1.2406603860701602, 0.8749018339686485, -0.9894368660036396, 0.9792798929425465, -1.6710194477083975, -0.3186027730713767, 0.466251442207363, -0.6784525175126528, 0.8622665521472715, 0.41863408401843133, -0.41452629413789077, -0.7780723843318926, 0.7869391261291514, 1.0017819552440537, -0.23066969859176853, 0.17670518414724418, 0.3717813663235505]"
"[-0.1152094876650936, -2.2736884387509226, 1.7010809198256014, -0.4287372988187903, -2.266909043684235, 1.5537089907307704, -0.15149263840169097, -0.06870833897500689, 1.0475651580754286, 1.267896735786952, -0.7924368816636179, -1.1592495567279757, -0.830246395184943, 0.039535575364602754, 1.067483407458225, 0.3780761206058789, -1.120024574217635, -0.5946993203154888, -1.1466155680500973, -0.04900534222727311]","[-0.4216205098488328, 0.19190300470148214, 1.8355020005857723, 1.1846137920378552, 0.38896812255387536, -0.8400195857659404, -0.502970882660633, 0.842820369352038, 1.1796422369526536, 0.03280432566353534, -0.3113289357699051, -0.17915282054877613, -0.4462244966200172, 0.5417978901472577, 1.010049509555165, 0.17146045824006909, 0.0809673207758559, -0.9564160319737649, -1.4626828601435948, 0.11569194923965709]"
"[-2.082463973367625, 0.7199136188629139, -1.0316184096351622, 0.30038022432273725, -3.11152314063263, -2.4054760977961673, 0.4514656738898538, -0.2172279512683482, -0.19495373041967673, -0.6296195022158277, -0.16002861350035733, -1.3341391558081777, 0.8550614524148793, -0.309444496983864, 0.38232453355853147, -0.7499338118300973, -0.7147515159183595, -1.9821272023895975, 0.024505851974087313, 0.3914893744390905]","[-1.7327274719207197, 0.8606873041051329, -1.2903539548396052, 0.9590105447904963, -0.8017063762043151, -0.4672598360039098, 0.03119737216435105, 0.4285270157455791, -1.1616609232970838, -0.620511225874005, -0.011802183962446052, -0.8793513728199226, -0.5250662319099701, -0.6206286424168856, -0.6379764024147315, 0.03093601044270522, -0.5671227355468899, -0.05404115803750093, 1.3446216993021738, 0.24494519087589475]"
"[1.7125767681181536, -1.528663971313856, -1.7636392464485136, 0.5821106543488148, 1.2633392167402184, 1.2113659452877283, -1.0028735852452009, -0.3781774476792708, 0.6002059382380002, -0.7366985648950144, 0.16346397085323902, 1.1296191106296165, 0.06129552700100996, -0.5468517495370933, 1.2383520796283982, 0.719049965036357, -0.9864384645815282, 0.31952855137826514, -1.4973977546320472, 1.2769378103090943]","[-0.4751948281554893, 0.0060898455817524, -0.03944943739956383, -0.7065586607309068, -0.7970114133605178, 1.0810152798612793, -0.5514530953242834, 0.5026412968630801, 1.550542603999977, 0.7093168980187652, 0.10035303648071292, 0.15946624618932678, -0.3920500996147136, 0.729735645790408, 1.3532053597764373, -0.12894969530463296, -0.4082217595567644, 0.4616209547691129, 0.9820288435861384, 0.2807172632489281]"
"[-2.658636166319586, 0.8274695649433041, -0.38162938993414997, 1.4698582591714562, 2.2582889489845055, 1.368760833187086, -0.5330944775071899, -0.9593613975479917, -0.2095964778921049, 2.1900688962648216, 0.8315261210167313, -2.117919454777254, 0.37993938212375156, 0.21737195197886774, -0.7209417767728489, -0.4414400119752112, 0.3096419340136938, 1.1645145627041988, -0.6463334852706041, -0.2522417726246975]","[1.2281954025624373, 0.17894394924670834, -1.6821785459683685, -0.24241567886086193, 0.3396258225023641, -0.6898237507564907, 1.2550304648919337, -1.1551425274290705, 0.19901543531767815, 1.1593381315924527, -0.9414827842612618, -0.07685865529638716, -0.46000353621459933, -0.30576109799509577, 0.06410649495412052, -0.2632125370902466, 1.0373390519670405, -0.2489866953261752, -0.9497684202627119, 0.43077149046451163]"
"[-2.64241426021935, -0.582356094826261, -0.2777099893256003, 1.7431380222734503, 0.5618712078027721, 0.5726500109400258, 1.239336497836975, -0.1321499738509206, -0.9684853555957708, 0.7591174622233147, -1.3654851108552122, -0.6982109671740309, 0.5562232987327926, 1.0406377313629969, 0.11959207086735055, 0.04315304995237031, 0.15990047303688057, 0.6186787254344166, 1.3024013462226696, 0.4616576735659504]","[-0.4670761373725701, -0.16009673564251894, -0.7227447949379788, 0.8317627646676199, -0.5400083559626585, -0.7500705869092222, -0.44773205741969857, -0.8700545005109479, 0.5414247674150746, 0.7848441064380599, -1.8147736730358066, -1.410955414196622, -0.9871206760384713, -0.5827615579650993, -0.10537123241515042, -0.013454491586895505, 1.2386689581262307, 0.17796439286215388, -0.2111531690478716, 0.8790884395687893]"
"[-1.8916838579936959, -0.9668293163847999, -1.1878553232571099, 1.6033725246212585, 1.8325607399566766, -0.2515366857616022, -0.3681659182494663, -0.5462985929186619, 1.1480267370055213, -0.9505159867779266, -1.2120661855774615, -0.10212481251158885, 0.3249927175502948, -0.6014462528321871, 0.35509395551816647, -0.8650380488432683, -0.012777885040307569, 0.6557976778932931, -0.43654100724664524, -0.0841487704387318]","[-1.1914133720544073, 1.4908542825322977, 1.0567483656391712, 0.7930248433178888, -0.47774225119339725, -0.11970554801534629, 0.8881663061267044, -0.7120241910349431, -0.12714450722770895, -0.895062144065374, -1.2496817009083243, 0.9582677018057436, 0.20816952816839362, 1.2774316638527654, -0.23577609918464423, -0.3586822809756542, 0.3617405903333655, -0.2645878029314322, 0.5687339704450692, 0.17204594615441307]"
"[1.189614357200863, -3.1918787724282436, 0.7158304862155975, -1.276773758597526, 0.11527667263872901, 0.01543638213088309, 0.2684964726632608, 1.5602749720947822, 1.708797631291434, 1.4315628876937827, 0.6910227454876067, 0.15539576891299842, -0.17860560237819895, 0.6718698846091166, 0.12700381482117762, -0.2019790111951967, -0.6967544779328956, -0.10056011458600098, 0.895225033896569, 0.10170950169141739]","[0.08592639964537092, 0.3389122653949004, 1.4170507911975503, -0.7285222930851736, -0.6020173024137063, -0.9755255770965984, -0.5581268441462259, 0.09625879726817047, 0.5593258403183875, -0.48683539372311047, 0.9604794533744532, 0.47801655962698764, -0.6343938924364739, 0.9782465356531199, 0.42883862012035745, 0.930434355495959, -1.8128511173802124, 0.4986642272564848, -0.40963819483116054, -0.13236293852870418]"
"[-2.3594747423268365, 1.3129822544004965, 2.714374744477694, 1.87408008932682, -1.141260589092951, 0.2876799211637528, 1.0948618335382017, 0.873357512631492, 0.2855193126796398, 0.5850170899319939, 0.6626463198218185, 0.3870357382481769, 0.09597053981072622, 1.0861722596041994, -1.8656550316260807, 0.4406990031484966, 0.10006022761289088, 0.5599993754963206, -0.41876679723434507, -0.982768241081108]","[1.3016718730928598, -0.32025021150351846, -0.696640301959893, 1.6933561788150293, -1.1479600447369898, -0.16296088930260721, -0.7731970050174528, 0.08379982816428908, -0.5896623360076718, -0.41179972644050894, 0.103047675811424, 0.18583793424420136, 0.2862965874313097, 1.205741635947996, -0.0795891318182439, 0.3998868057929254, 0.28114680131061653, -0.7151404315522786, -0.10153929965979132, 0.29837027368820634]"
"[1.6766271273253701, -1.7571776507205885, 1.1195030629111584, 2.5665747325482995, 0.678964109537625, -0.393098238814115, -1.3278677187209609, -0.33964398695649245, 0.8561546436194861, 1.0717559759669526, 1.2967117604292342, 0.19131451537861002, 1.1699836384992177, -0.775460858330302, 0.5193803022056128, -0.8353440451951127, -0.4957011498455115, -1.3826923267512585, 0.14582265851120288, 0.8931631794540094]","[-0.8102150705540725, -1.824729796468146, 0.35113105029368086, -0.27122949237133026, 0.9070355707609312, -0.04051647834531905, 0.15516674290601917, 0.6731124331366112, 0.9693528483111735, -0.4910517520279214, 0.8900937729910073, 0.2543799256113232, 1.060734858058309, -0.03027244933288129, 0.8156843623516573, 0.7362407480894847, 0.5381878355693904, 0.9102269241264458, 0.07248862232193082, 0.20970657221626535]"
"[0.18908263978179138, 0.2092133374007454, -1.5653422326414896, 0.1321608431255634, -0.9060881194080223, -0.7929803836457276, -2.055049748738681, 0.9759038580307273, -0.20547068451350317, 0.4693309440647829, 0.030431684214990342, -0.3064455905848713, -0.12722668276864008, -0.3526126060422156, 1.0049441644120725, -1.125928231620187, 1.4900576666644694, -0.491770005600872, -0.06681981595882547, -0.1441690873715824]","[-2.027862168758691, -0.581518254208039, -1.1975668882767394, -0.5546115067483413, 0.3543750868411396, 0.5427347683800323, -1.0433361643621948, -0.5839243445280968, 0.3204782618676654, -0.17100003820614676, -0.8276696547152327, -0.07864079111860077, -0.9933701949785346, -0.6174328839594477, -0.03928108214989231, -0.3521494013028507, 0.22491504005717222, -0.9124839768512647, 0.08447587757507406, -0.03528254819745794]"
"[-0.9586418142925214, 0.03518574296420948, -1.9521543439694224, 2.8215360031599146, -1.0081620507425968, 1.4062195848979455, 1.2971629099059678, -0.3356932173119957, 0.005056972753429064, -0.18677292301027396, -0.36440225787982794, 2.1214849137191876, -0.6400027410368703, 1.1671327590842175, -0.4123747221071317, -0.9989555005382846, -0.16747437362619993, 0.4972009725200731, -0.00660821693554592, -0.4561754420487449]","[1.8611641909952548, -1.4379598058421017, 0.1156888336504008, 1.2344130116263463, -1.161024247386113, -0.4299588039123331, 0.35156846469874287, -0.21954236694023402, 0.39008277737963476, 0.020867389699170014, -0.9195759220405524, 0.6369524842807558, -0.4822116880831031, -0.531492616156657, 1.4821783796320112, -0.5129211762561243, 0.06746154067218946, -0.050191038506461345, 1.087626440083933, 0.48853025823310436]"
"[-1.614802630095289, -1.424348142080907, 0.03093938724461808, 1.2765327596909568, 0.2727753050553574, 0.6711800165542035, 0.24325413594225043, 1.4483407606423726, 1.0654479393790641, 0.28322173179083737, 0.434557817089895, 0.5041133878323742, 0.8532750951428663, -1.3043846923563758, -1.0352618254564172, 1.0555517971823998, -0.8115811281397751, 0.1216350033492516, -1.6469358908348115, -0.2889759661195827]","[0.6744358749411324, 0.4441456729024357, 1.1345016171738764, 0.47091020247611665, -0.8273959944462983, -1.3766860835121877, -0.4101023687851777, -0.5784247965348456, 1.1428832878669473, 0.5789089268019599, 0.3847764699687503, 0.19552965880792064, 0.9925897463179738, 0.5520151623830929, 0.7196047498120046, -1.0179706512907987, 0.5541916675611924, 0.020591904645940014, -0.42339246796542407, 0.013041296043762906]"
"[3.7668099317163386, -1.5753346169033036, 1.2586520750857921, 1.037766307292664, -0.18607039920416324, -1.0667457107023537, 1.3467602051395082, -0.22825996004929808, -0.20125016723007152, 0.54011473341866, 1.3867640656951083, -0.257107215816237, -0.1190945873574466, -1.1678674240398688, 0.11105693771027837, -0.4287518172502187, 0.0737188767207583, 0.5687825434224074, 0.8538702474176084, -0.48933200813570554]","[-1.0751696379131772, -1.6665859944789232, 0.5157803485401565, 0.2755544971368825, 0.40504655591181665, 0.41553725609194864, -0.09044337997799463, 0.1949718847490635, -0.5999995847454034, -0.7119847866153679, -0.2522537412296138, 1.1101015911559615, 0.1768410338131378, -0.2854076902545782, 0.10120171843762667, 0.023393109533380783, 0.11789137758112916, 0.7480872903582844, -0.27100154776658175, 0.15953221221692782]"
"[-0.3511213243612123, 0.1353612317165487, 1.960879962466281, -0.2589846115508965, 1.0190947283048577, 1.8340959621723159, 1.3772561016582447, -0.6212477355470633, -0.2085706013084151, -1.495967187816243, -0.38011492030473076, 0.6971586848610128, 0.6348617976237868, 1.183208752204887, -0.22033298563884926, 0.1711988811769252, -0.6311874456536798, -0.6998217229820449, 0.4900029236966282, 0.9460345168197546]","[0.2773598485220145, 0.6042373088538425, -0.31638295220219675, 1.0063050424985982, 0.015387019670927324, -0.91843541017621, 0.5328454983880297, -1.227665846630976, 1.1651263728042418, 0.12960441251575047, 0.8163715983841418, -0.0025605180430381762, 0.4774116685290705, 0.8632884580074734, -0.3953281095086231, 0.8197500994288875, -0.9741883794571338, 0.3404129176542607, -0.05002033206544889, 0.6750668683073237]"
"[-1.1223480516561561, 0.5771455863303686, 2.744066676120626, 0.1586802636481909, -1.275803169401534, 1.5509492547977697, -1.321548834628229, -0.11421794876644971, 0.19556865704178922, -2.363428243768305, 0.28186620059545336, -1.4176416900601723, -0.7804109796935508, -0.9231359182068785, 0.5254626070334572, -0.26516244506714554, 0.17537926742080442, 0.057379956251246346, -0.7546775643138767, -0.8300654137692657]","[0.20215054381017994, 0.646520837350827, -0.5387323258582513, 3.0141023719645115, 1.0907758186158432, -1.8051082320255922, -0.2334180705801806, 0.9114590989626352, 0.5280200487353089, -0.8132769123029019, -0.3023082709288063, 0.2822450437031194, -0.4640409607804291, -0.2592481907986802, -0.23870705420298466, -0.5088905273422105, -0.38684734379024577, -0.7136092567607174, -0.04866449737515648, -0.18264510347236224]"
"[-0.10351344875649192, 1.2429462881293605, 0.47210824578792887, -2.26147396296244, 0.6373882819812482, -1.7839828930700679, -2.999587344499148, 0.25181010065750337, -1.2653117182976934, 0.5703622690733933, 0.7551928764872283, -0.2693922313656104, -0.7032995385778187, -0.06122715334959555, 0.5454803460977661, 0.013233237651556477, -1.241136868990285, 1.1722666393341992, 0.809080641423127, -0.18634763167052812]","[0.8901485716096879, 1.2183592082924548, -0.6538668339235554, -0.9986020086917048, 0.7027464622814563, 0.7157830177725792, 1.0367123718723623, 2.1591282275431762, -0.2806992041892422, -0.27855700940883577, -1.3958887193744902, 0.08502586966264129, 0.39877210960547443, 0.17484214368312262, -0.6134332688116158, 0.3857825587304431, 0.22852598588187747, 0.1914540808071745, 0.8852192863369265, 0.41822352048604833]"
"[1.6277655005113396, 0.06663708113233074, 1.169200495181557, 0.9816894233038316, 1.2858983010823395, 2.0967954287068187, -0.0023634079569749026, -0.5434214080824178, -1.1418806545748517, 0.7968794260452048, 0.17674752566909144, 0.747542350730021, 0.6226704914122861, -0.23946272629175608, -0.7801971806376663, -1.204124120949251, -0.42259766142974486, -1.1456712514327643, 0.41902323296390465, -0.3886547339861322]","[-0.9115572271164191, -0.7791389552628343, 0.2682346345543944, -1.272702026756966, 0.4799344280564929, -0.02898158070141737, 0.8228737285312836, 0.6331188911861815, -0.2190049491956629, -2.0040644206563543, 0.8299879586973711, 0.30019243954515357, 0.3714242852521816, -0.6019460008884318, 0.016567041002768935, -0.6612392778859044, 0.21113629884136134, 0.3266220014110883, -1.1093739048699824, 0.16074769426393534]"
"[0.1355051574383907, -1.0535676382110861, -2.419870879499804, 0.23481398664523928, -0.06526037768182866, 0.7322473086579013, 0.9156901948261676, -1.3139967768186431, 0.3181090595120448, -2.2113588410666085, 2.2365836669743824, -0.24173672683354205, -0.427321609216729, -1.1048820042744554, 1.1062946519235004, 0.24514347649946602, 0.08010871694340797, -0.26688500654133335, 0.2729148317289549, 1.3670161114628652]","[-1.1041910107721653, 0.7763582536832765, 0.3226532767775671, 0.3068513055517239, 0.17011774812759617, 0.04732099813596388, 1.343351237537827, 0.15981123977222622, 0.8361238706268999, 0.33284956913797065, 0.30794992608847915, -0.7048360796861225, 1.1677984643965085, -0.09926549030595853, 0.5129275964812615, 0.3671144676805088, -0.006161241398877994, 0.5247537983325101, 0.5767175165358256, -0.15379994162062233]"
"[0.7728812053146519, 1.9186017987338033, -2.3548863382399223, 0.6244408962733047, -1.1689736978382015, 0.9026973447063319, -0.7774090487007851, -0.23852543018244993, 1.2323559380119573, 1.233644417431413, -0.9403403306294578, 0.1474349281441591, 0.08618007363616788, -0.259663980025156, 0.9635416211642922, 2.1631072211906917, 0.18543887454424282, -1.1074877098846092, 0.7365633461282345, 0.5170915992794021]","[-0.2515169739554837, -1.5047681791253276, -0.7395655625165499, -1.242702563996843, -0.21510962267952613, -0.20202323559148322, -1.4329055888634465, -0.292436703654437, 0.5701904156622362, -0.49270598996020265, 0.5081349554525222, -0.5190883670719646, -1.0366360693715433, 0.3701546133509263, -0.8113833046700907, 0.7785669912837448, -0.29110610350696703, 0.2674284592730117, 0.1472964669884501, 0.06976456786726697]"
"[2.7730300848827643, 0.7198406846597233, -0.2316952874145812, 0.4551524600468669, 0.8923554684784273, -0.6662448380402619, -0.7512643715989071, -1.3576125338735994, 0.7041263154816254, 0.49847796145148987, 0.21720824620085089, -0.41254491479351657, 0.6684045548688234, -0.3319845240812705, 1.6747185758156955, 0.2684813513174362, 1.1854213179231197, 1.0404081931884475, -0.8693521496865032, -1.0691950870310218]","[-0.0941955906793485, 0.688678557858625, -1.2522537447041096, 0.06399538604035661, 1.1582236638847174, 0.7780684398231535, 0.20091879553465042, -0.6425311102889306, -1.0563852580186968, 0.03813529835393987, 0.43166584605675046, 1.4980090586133756, -0.29557199247963656, 0.32989078826043705, 1.053530941017319, 0.0637654633617356, 0.2964479051171043, 0.2458507087268514, -0.12865658508450983, -0.029828969403757864]"
"[-1.615872939707115, -1.9068048888740838, -1.0192435180110841, 1.3042277842944154, 0.14586425882493906, -0.32402926520562153, -0.9041524899424593, 0.03296878749044687, 1.298695211221639, -2.798883363806968, 0.6983072750136748, -0.1819071816593901, 0.5059490193376519, 0.443836636962757, -0.03233961380895944, -1.205861339281559, -0.08945521498063377, 0.19146141759462182, 1.3604011471915332, 1.1201727940861037]","[0.5043945455736372, 0.1256022858613478, 0.50484734548366, 0.7695547644504928, 0.14149225380429525, -1.5059069978486594, 1.931505745272175, 1.6975694282863347, -0.38797344461532307, -0.26117150645445847, -1.2496373885618108, 1.0403815796879887, 1.2272340211697181, -0.05239123825910885, 0.7260238520726597, -0.5872042160024478, -0.6477785672311174, 0.4424734114626935, -0.36264359628068465, 0.0022764811322373755]"
"[2.410546488448128, 2.613733911232329, -0.7473613824152523, 0.09059308524695395, 0.24558544868778265, 1.5951768145880663, 0.22367649779265394, 1.1361988426142413, 0.07954777435823746, 0.06885405815290775, -1.2722688920692273, -1.2907522775682228, 0.2093982662101638, -0.08130747823582953, -0.17816900311947245, 0.6396578652514362, -0.30069639188664166, -1.394160525517202, 0.6910869262425847, -1.093673878593871]","[-1.0396987094144898, -0.45211318245194754, -1.7684354454114035, -1.21153719455713, -0.41625242835641385, -0.10378028054703672, -1.274477148832144, 0.666755771806686, -0.543999776664791, -0.9489084430226512, 1.0150692598026922, -0.9927222256670695, -0.40974859974036437, 0.00012643649315462573, 0.03842471729310593, -0.09709865197759851, -0.5308371147797832, -0.8765929839131182, -0.8953543272501486, 0.08245520201373138]"
"[2.2509069925570944, -2.3144484883141914, 0.26677399029206267, -0.2559170318178005, -0.17658667448337506, 0.9022067648738352, 0.45054403479443655, 1.4043510233195013, 0.2489999296811643, 2.2028732025446254, 0.01348052138214425, 0.5363024114546203, -0.459299913808515, 0.07336609162086398, 0.052815311371576176, 0.2838926619088064, -0.5073659963528823, -0.5851362022547021, -1.8146440972629745, 1.2194858750470194]","[-1.2497813256764598, -1.648438033721593, 0.037688955795605404, -0.4093836378392017, -0.04476396814453639, -0.26205308529476085, -0.17294275082340885, 0.9148436692114008, 0.5803315962426608, 0.5397482167916056, 0.3080771638673608, 1.1445719378227286, -0.8601668586825655, -0.13899974143098612, 0.6203111393244842, -0.4887861102817975, 1.2398066574824727, -0.3684070529766576, 0.6008807363457692, 0.3824469940829743]"
"[-0.8826756501653507, -0.3149056112564891, 0.6849603933668127, -0.878035988163444, -0.517799590604393, 1.4962961137592872, 0.4448234907594924, -1.92941462281, 0.05838801643865931, -2.611858050168959, -0.10461751820218658, -0.8395204722412215, -1.0966783557092872, -0.4195230205732002, 0.8374507975611643, -0.6905042683821838, -0.597303925898391, -0.4422687916366648, -0.27690177719558834, 0.5324802006995193]","[-0.5478875848057423, 1.3410587196529038, -0.11175558726182039, 0.8763563563157536, 0.6518480616228512, -1.252313300755683, -1.2836264249715261, 0.8996028509942572, -0.225057941942207, -0.8953701340488742, -0.25850927616578395, -0.3326625120366635, -0.921510987914697, 0.3090889270170494, 0.7472537737464059, 0.11532319498936741, 0.2717861765134199, -0.16019559413278284, -0.26208850311655074, 0.4306218604656587]"
"[-1.6872731517652557, 0.1096737853892422, -1.5783060871882686, 1.988610287134328, 2.309427786766674, 0.9142611666653347, -0.4708956892837493, -1.4061600197439306, -0.6134249886227732, 0.8606352279632844, 0.40355995972762293, -1.8382594846773572, 0.7765368974888539, 0.691089271951862, 0.33208558645311365, -0.14200310415776757, 0.21232078667860418, 0.3369758178480875, 0.33554107918351606, 0.22283440588659223]","[1.4576945119059121, -1.6881036078375782, -0.672194858666461, -0.9657214573751708, 1.361163844511271, -1.7230583425639827, -0.19891941246908723, -1.1076408605606807, -0.2837487629751662, 0.2457375008809965, -0.5893608903694258, -0.22315847618582363, -0.3925164413853827, 1.0674849327117757, -0.12517908467442707, 0.7485603882553392, 0.01802096843566845, 0.23500933688514347, 0.0705094115370236, -0.1195223112097338]"
"[-1.6143067577815395, 0.3250499873827372, -1.695356237119139, 0.8425492269891949, 0.6758468071097607, 1.1226080380150498, -0.8225703667515126, 0.3389191235660922, -0.1397070183142402, 0.4486549806986793, 0.1111356520263553, 0.29311961439047246, -0.17591736753618997, 0.8325135066154353, 1.962902264365995, -0.001263603534878152, -1.4504740334036383, 1.3279840381373724, 1.2401086893226612, 0.5284316504425427]","[-0.8387745409291385, 0.15349664646127917, -1.2686144572063014, 0.020480072513927836, -1.7467558365451186, -0.6218177418462245, 0.47083240829698897, 0.8187985330031274, 0.1972335041523448, 0.727526878488581, -0.22336759370255482, -0.02224416211674561, -1.0229451944621248, -0.4263551933793679, 0.9387618615014871, -0.05531679074440763, 0.15364882056944779, 0.4386796854021683, 0.4416179020955706, -0.8350022645195618]"
"[-0.7790031523401011, 0.04299872284134044, 0.3303747505945828, 1.574426999202005, 1.919219542663495, 0.11950448416124844, 0.45601440990835, 1.666762272128488, -0.9820195141319482, -1.037306895102905, 0.7501255665043876, -0.08495956931937046, 0.3265867947157756, 2.1917013268545444, 0.012782420484524546, -0.22676877175722515, 0.9440753408321871, 0.680302073817971, -0.8207017855312655, 0.39391112556074054]","[0.7062918455966846, -1.8103378056318642, -1.407209492030915, -0.235141779109655, 0.892706571227785, -1.6767876426754025, 0.40844363490429575, -1.407765928325288, 0.007408546567245735, 0.6075606739402499, -0.6986066462995513, -0.15301176350402196, -0.46596072821440243, -0.03967118546439929, -0.3564725202294022, 0.5954233764819664, 0.6019082196212043, -0.6960209096503093, -0.4660612127942105, -0.11152201055108928]"
"[-2.9039638716748404, 0.0559918929258782, -2.1447921242580836, 1.3804631618510368, 0.23318383708866516, 0.563138455067994, 0.2782265959819315, -0.4434386904029869, 0.26586066849069073, -1.8719157511018676, -1.2823412127818532, 0.9105483084676378, 1.1166775612236528, -0.3022999202842687, 2.2360635899027765, 0.1507947753333722, 0.08624688528800956, 1.0318039578647038, -1.6714670623133068, -1.052448085034708]","[1.512571017735779, 0.0005679414524727323, 0.7020215085225084, 0.8928548157411719, -0.7587150633105342, -0.31298347620472555, 0.28188007048051433, -1.0776487877808736, 0.2512237522115802, -1.2482321214140493, -1.2607107115810563, 0.611671969805988, -0.476716450596754, 1.033470102148785, -0.16155084835363256, -1.3104740167013937, -0.1116160829572386, 0.39203303716452015, 1.06952535241264, 0.8670675496763434]"
"[-0.25328186680062287, -2.018145558136074, 0.23378264713187807, 0.13105719912033, 0.4121497644184188, -0.17452993426345845, -0.11496369052493663, 1.492038176539743, 0.6083987008940376, 1.1356064589768289, 1.3786455820251757, 0.12092523198997698, -0.21365912637830115, -0.06844773024348884, -0.02440378645252671, 0.27826161975674973, 0.1107928244118271, -0.6055465461120798, -1.2303796423902094, -0.2840403526665907]","[-0.4859451743391994, -1.0285709177516806, 1.1914120666082282, -0.21785417758214076, -0.9184014320776968, 0.2820668885446599, 0.12939868735035642, 1.3000047275854818, 0.9277426114991002, 0.4009101036982873, -0.38874831507918783, -0.13928245264613534, 0.17327337484535435, 0.3500587998415084, -0.16122684922936317, -0.16926810966179362, 0.6769427639018564, -0.5060175638205805, 0.3603376274837122, 0.4620604201038945]"
"[-1.0259362103020848, 0.315518751646416, 1.8398147494966135, 1.153521711242308, 1.7045287707463121, 0.7665593300431806, -0.24475375856733264, -1.7200554774318606, 0.8441665212596797, -1.5233927667018152, -0.5504731445364818, 1.3777934468155848, 1.0035696730360666, -1.8712501501884677, 0.283493536606441, 0.33876263334661166, 0.14765661927280396, 0.9482205635851807, -0.886564598637706, -0.96070810647999]","[0.5643618598048766, 0.3776845643043783, -0.20914995396576477, 2.0319089993160664, 1.1529525536384726, -0.030403357503818125, 0.07238250489073204, -0.5227301224322557, 0.24191989564991326, -0.11909971740059894, 0.12730843535616668, 0.27675593094168704, -0.23241002447009268, 0.9544729650563593, 0.7630386449843866, -1.0344034821133636, 0.050867949437799154, 0.95023453349069, 1.3477981911641197, 0.6378867427178343]"
"[-0.0956601210302994, 0.8116439654038278, 0.3891302087096365, -2.1871835192206266, -1.1435169906668567, -0.49253864710806194, -0.07737606449974872, -0.569206698685451, 0.08104565082178661, -1.0616162252522954, -0.3708663364618746, -0.8997954351653215, 1.5522656680638607, 1.540279509552869, -0.030674650904761364, -1.080243138569677, 0.45056647182766524, 0.6388056717740548, -0.9022138015990552, -1.1588374232674563]","[-0.09417886038408377, 1.0736204531912505, -0.6173854561362251, 0.43969273944189974, 2.0431801836129204, -0.13579914311546035, -0.44256578899694216, 0.30065033187816126, -1.3170706759705402, 0.2615699042699583, 0.08260347453093586, 0.2956991704532006, 0.06968861867983489, 0.5251396457628027, 0.04534604631254653, -0.4474685061397985, -0.13041332480039905, -0.47303131502796186, 0.575800736437736, -0.40704546311215156]"
"[-0.7499844056280884, 1.2543115124964799, 1.4224540733513396, -1.2857230532108326, -1.4145558853025182, 1.172169948541982, -1.0299413263321544, -1.3740358517201041, -0.6520821562837771, -1.6016370863304663, 0.43510320228026184, -1.3580850587440938, -2.191346933452848, -0.8046845336177302, 1.7880057211900564, 0.3665570148957079, -0.3651558800783669, -0.4974167876938359, -0.10344633267897668, 0.500185156183242]","[0.396125381593458, 1.272166818599334, -1.196477520142306, 0.7828009634343799, 1.3214998660498285, -0.09578011016444124, -0.8659403899389783, 1.0010471096834166, -0.12694960222919868, -0.7842758944313547, 0.24431975461209302, -1.1731014956558106, -0.004900771015004985, -0.6308611604592371, -0.051020305038265525, -0.0548486170346262, 0.16635542514108007, -0.2766523159078671, 1.5212809259076734, -0.17671369383001614]"
"[-1.3386697834410703, 0.7583602645268362, -0.05259305212831961, -1.5421713147774019, -0.29220858852351267, 0.0641856197272189, 0.7008412004925156, -1.4973741336564492, 1.0255660776425943, 0.3395231117109639, 0.15296998016967023, 0.5535552364673711, -2.857893645711731, -0.13169794011699829, -0.25444460273596414, 0.016806728133662616, 1.4041492997573923, -1.7141279993574277, -0.9421629108056452, 0.15555007496419693]","[-0.7409242856522487, 2.6600347032415157, 1.1358515930765236, -1.2689806659258127, 0.3650156677434617, -0.4738878014267389, -1.2897873903937318, -0.3826319500271897, -0.16743556405679363, -0.397288091469762, 0.1624941052521897, -0.5291122276512686, 0.03771309145962971, 0.4934132132969138, -0.2469261095886104, 0.22015989210762166, 0.7310723549117387, 0.015973183505293195, -0.9684309754932722, -0.9261288332311203]"
"[0.4872020190404332, -3.19734331979538, 1.349511914246961, -1.4018517298685476, 0.6570993772976771, 0.7095106240405872, -0.07927489001090131, 1.4095777970340384, 1.850727825833445, 2.2044477880461018, 0.5326134592916124, 0.43643950050637653, -0.4040471438646503, 0.36954774982181304, 0.7211498266033511, 0.028713447289269733, -1.1751990133498043, -0.5919680278955569, 0.9337389349565401, -0.3918023356284332]","[0.2174552805067465, -0.010146089587025228, 1.1440865288427238, -1.4814746481708418, -0.17735665557535926, 0.3473531767995388, 0.7409269121755336, 1.470389566463394, 1.3109736938057757, -0.6708355761960175, -0.38501417901710927, -0.7553084188112089, -1.1329334912889186, 0.6690264786677502, -0.457228693776588, -0.14165366798476733, -0.6877212414606242, -0.10141163814827607, -1.0982904211973252, -0.9605312949725675]"
"[-0.10137961553250051, -1.3778252442218277, 0.25647796589076993, 0.47722231536620385, 0.6201702126066903, 0.49591988162694867, -2.2159451657486993, 1.4978880940350636, 2.4964971536793867, 0.7244434554311331, -0.2283526254763821, -0.3663755401640846, 2.4274475508829707, -0.43327238491744824, -2.067447470593686, 0.03641064222435203, 0.5705180448806128, 0.6301777050752828, 0.19648891243167838, 0.6383485317606273]","[-1.4712864333789868, 0.9220823645939744, 0.8670048886075451, -1.192007304689891, -0.2502745866389252, -0.23537646324732694, -1.185244296690901, 0.26472517605662577, 1.0313558395562499, 1.5323696215719138, 0.3518340427170349, -1.3603870445284474, 0.2331168101740553, 0.3452910182854875, -0.2801932988448671, -0.1743578618099094, -1.2903466152733816, -0.12919820160611836, 0.021251170295436626, -0.557757348353052]"
"[-1.9487566415093853, -0.34011297080476316, 2.043783735786316, 2.034511258664183, -0.11928012513854855, -1.8057976671699456, 0.28454908045356336, 2.605380938747458, -0.9047687772426626, 0.8927734578712331, 0.4241616123638605, 0.6242108096268172, 0.19461036472128485, 0.17945102941466554, 1.896052230185786, -0.17531417343113612, -0.48220051170134215, -0.4464825005129758, 0.880022553646068, -1.223507437955543]","[-1.8327093981993579, 0.11932866035599062, -0.48234187823444324, 0.385155537950352, -0.9291516474112621, 0.04967794469129026, 1.1301618324608893, 0.17727167048035566, -0.8401792566322074, 0.17204681359162163, -0.22468312514129987, -0.7813552239298638, -0.9948359567575394, 0.15582760673256568, -0.6035819562554121, 0.4572701611169849, 0.3900419216702407, -0.2057296418989124, 0.5941866542641716, 0.487641072229149]"
"[2.129183287848674, -1.2854744910867302, 0.388049461913481, -1.364072747970383, 0.36016544472058065, 1.840251933564748, -0.7063478969003808, 3.1975955875017976, -0.055711200747947755, -0.46177103557263577, 0.2834226850149248, -1.351996866190585, -1.4128900662132433, -0.4345971619055085, -0.0045356928782195665, 0.09077930671675054, 1.025805085733853, 1.6535163178273666, 0.3622662248373769, 0.44389411837945714]","[-1.516870475286851, -0.6082016614161881, 1.0521421040905474, -0.4520698914472054, -0.1066977921645947, -0.22884559655409217, -0.5957756005803255, 0.1992752354954567, 0.3556203697049907, 0.03436741483625653, 0.08251306856864875, 0.27958360970269375, 0.2906619622982995, -0.16392278253843284, -0.6422990353698693, 0.9728042347157025, 0.49421686942558746, -0.7959069404948786, -0.16297067033935028, 0.5084750977409884]"
"[-1.0593023650169335, 1.635212020166602, -0.8126460735081846, -0.12323167221848784, 0.04937587587078798, -1.1930186047471298, -1.1990553905285937, -0.16993579969735417, 0.07990195096264326, 0.1668305342252338, -0.33698707561645513, 0.36279219693349035, -1.428889535215378, -0.9536667114296239, 0.7341840625665724, -2.380452344816309, -1.9212249958491165, 0.6114327813240404, 0.41473499497012456, 1.5058428454628594]","[2.82094459680906, -0.3541398084896431, 0.733629105317763, 0.29816045919853884, -0.04728429776843049, 1.312388518436267, 1.1839696321658748, 0.8033518867364372, 0.4958708096228183, -1.0268510614244328, -0.4383403353343001, 0.2188979398780294, 0.3162581659745164, -0.06834284148890934, -0.3530972200497596, 0.6355072145675955, 0.22036228742170838, -0.6882114612876702, -0.6948355020171372, -1.285423962792845]"
"[-0.4824009840412312, -1.0369906847332575, 0.9690208944338492, -0.5219735665635437, 0.6292851818573174, -0.7863801958724046, -0.7469996207239465, 0.6737319753487435, 1.0527577184236154, 0.6633010554887059, -0.4622508385934246, 0.2566380203163965, 0.3393503854017792, 0.1289646229955791, 0.639188393558786, -0.7922009554583201, 0.021406001869673813, -1.0776899897511958, -0.11855762384190376, 0.8338772635554986]","[1.6864126651111409, 0.1596003318885796, 0.7759336260223244, -0.82388589101695, 0.575479579780005, -0.6369511031102996, -0.5103693807448084, 0.38949638992986624, 0.3814549676488204, 0.0646354341013232, -0.23205484069676155, -0.7293066239971188, -0.4622853178895318, 0.9344736689394162, -0.8259411620061283, -0.36537248637019554, -0.4067165021746891, 1.0308379422605216, -0.5634677328156809, -0.039306008981004]"
"[-1.7124246889795083, -1.4976601253265711, 1.8893568510932544, 1.0649760042690932, -1.4074180517731574, 0.2510335284248357, -0.2626992956711279, 0.5029685744768096, -0.9074986016539515, -2.731710412439612, -1.0178038289062923, -1.9566019242027193, -0.8551261965143238, -0.3821992166347223, 1.0304551219236182, -0.5403729439291798, -0.05057197136438543, -0.5115823248506216, 0.6416890423052306, -0.8513532234179682]","[-1.0849478756772009, 1.3247619796539805, -0.8816829419690901, 1.9722592883274548, 0.21582348646527774, -1.294292704857966, 0.4184903930089305, 0.2743783570193363, 0.08687154716439606, -1.1901128166510906, -0.8976732469830103, -0.521886879854746, 0.2408932076453766, -1.0355238588127997, -0.362400138010172, -0.5499412778800974, -0.17795710817935476, 0.16031943761439904, -0.4990925819960457, 0.2769642116936742]"
"[-0.5033224187671573, 1.045089426166193, 4.018198348854477, -1.2778565434552813, -0.5546224409843392, 1.08869218525613, -1.3348221372884355, -0.09034400887093832, 0.17828822592126592, -2.079439025657274, 0.8122857532569545, -1.0054571732400317, -0.5785559224761361, -0.404718352541246, -0.06950591863252772, -0.41868310247707685, -0.4351977243711852, 0.10464740812235969, -0.5557457894467854, -0.1532794936197896]","[-0.4100489344369502, 1.3573222107296339, -0.5315507003940858, 2.743097673372196, 1.2749021045732616, -1.047182243108183, -0.24369931667780229, 0.8116218643666083, 0.18018160719425372, -0.6968111878368501, -0.5395834737814784, 0.06734204166338291, 0.1766137502536563, 0.10123661324441345, 0.15393134709289208, -0.26323023061636247, 0.021120354210664213, -1.2817647071785785, 0.08415013379104762, 0.1804522432165779]"
"[3.6699299458936094, -1.5280057145068193, 0.5039135423175759, 2.1654319590023716, 0.578547904873232, -1.371076764145926, -0.22662168847863837, -1.4583500188082308, -1.2231689940411852, 0.04082735566338369, 0.7553948413819112, -0.37905819411694847, -0.4741541083518983, 0.15368503590349442, 0.04687409280851512, -0.9278929508338757, 0.3857040379767059, 0.06880410447306178, -0.2943953453081913, -0.052943239187126706]","[-1.0956390812081325, -1.8733870492639284, 0.6155255362494384, 0.19276516480452457, 0.08941016731198222, 0.9681707475673397, 0.2480030616492227, -0.22463136856104782, -0.4928910171248685, 0.2131148007152989, 0.09873242153899905, -1.071997425998099, -0.0901783092659755, -0.3232479845135641, -0.28017859156357333, 0.4673349751407992, -0.17920981346610365, 1.0521267265710397, -0.276002028416587, -0.07432644636677722]"
"[-1.0098159203042998, -3.002966789017175, -2.4568338343848106, 0.1612888097533743, -1.8935180670660634, -2.7893910681761382, -1.0833643922392133, 0.1701828344176636, -0.36662779931508105, -1.1493178317611419, -0.5032842745217048, -0.5379914207830494, -1.3521800021511898, 0.9549667915060814, -0.4855474948020389, 0.13998204255353855, -0.2084403674155223, -0.2960066236010191, 0.21227252114272047, -0.12686095370880107]","[-0.3915792725135924, -0.5093829716393794, 1.9637775462808391, -0.3884850625013473, -0.22599153169983346, -0.11131981517224294, 0.2627645931521383, -0.10042568640313468, -0.419435528549736, 1.1939910854674631, 0.2243296240870183, -1.0332396570111329, -0.06420796183571664, -1.6324212552428694, -0.3951991588865164, -0.25738994927590214, -0.19722798359729476, -0.8766128482525611, 1.564764533727991, 0.3598673422620039]"
"[-0.6818085721285037, -2.2362389764987185, 1.2098407562223699, 0.8935803036576766, 0.40410231949804415, 0.1227703460447186, -2.055738275986369, -0.09481083365698072, -0.5028450169120188, 0.8252594719220844, 1.0576309462567357, -0.10868394026319439, -0.01627105626982971, 0.18790052023599352, 0.08065579937466694, -0.6202704940771673, -0.06943841296729969, -0.14327875065772788, 0.07674075057904942, -0.7831258622834678]","[0.10878547935348863, -0.5186519137595968, 1.8997323073069985, 0.38473469619825057, 0.5288051469131588, -0.6254038950207274, 0.7152490064360962, 0.983433249531996, 0.7726402169014508, -0.7804134223173218, 0.11439978349029531, -0.7973320809886942, 0.5832232544748839, 0.714975253265273, 0.7796478884611857, 0.28790057449488027, 0.5262369464614612, -0.32502278107196264, -0.017609643414090603, 0.18737497670830455]"
"[-0.141815985449259, 0.5064695197925159, -0.15964592466900582, -2.380719620226929, 1.6676631571064815, -1.1662405004455325, 1.5410221969203233, -1.0947720998476151, 1.1587809431978002, -0.7985274643786106, -0.3224485879706307, -0.7582010392943817, -0.12115067228335304, 0.17708333691140762, -0.048494859521197704, 0.13169417409904147, 0.26195524514057467, -1.2167570585990604, -0.5084690865240874, 0.266877870586085]","[-1.0827267033724428, 2.111749198969141, 0.9308812769474906, -0.6087024057079027, -0.759182049017169, -0.7117635051815269, -0.22913634874209166, -0.447929281994442, -1.3533685884133333, 0.4135198513991495, 0.1912934589645372, -0.4706949391756771, 0.8409601868124452, -0.38669629064378247, 1.0069951639640555, 0.9467458970102443, 0.1315414789072663, -0.044863699654241244, 0.21245716712094392, 0.3644913061997927]"
"[-0.5196144724855819, -0.8443281584357447, -0.16250635365165417, -0.11963135582209762, 1.8807518405467785, 0.7907845531688366, -0.20610292987437998, -1.6334710467454758, -1.1660144256348028, 1.6466178807183702, -0.0467918070474191, -1.6354084643780724, 1.062319234605969, 0.22823520049973708, -0.576784260921669, -0.7611690831933814, 0.5426522157260651, 0.44279888124180306, -0.3326981356351263, -0.2520351362080353]","[-0.3746160296620614, -0.5260497697898857, -1.3829987201533824, -1.385818470655754, 0.945941958925546, -1.1939945745312108, 1.138696385182353, -0.2837847590388341, 0.5319505986250618, 0.6184936430229375, -1.1885665520127435, -0.08677170195297294, -0.5867822016983186, 0.20635027758710972, -0.7583302612886842, 1.5625987077606676, 0.6086396319424724, 0.18629057257076034, -0.049918564356825346, 0.7074102182039804]"
"[-0.6618245335885957, -2.4957519316153864, -0.788357103167318, -0.4043783828041521, 0.15665254140953563, 0.9284193630532009, -1.1369855103309392, -0.47533142948305124, -0.2349891522318483, 0.7571400266213066, 0.36687345338615734, 0.49373860804483594, 1.7323281099463834, -0.7422626741221, 0.38942669643965777, 0.18299294196392127, -0.08772893426185607, 0.11196859882741671, -0.7740897621889351, 0.06746892090421992]","[-0.7950903561132897, -0.8517223581638477, 1.6979983565031975, -0.39080493054577486, -0.23787236811616683, -0.6740049718336233, 0.2612406361792434, -0.48206536481133855, -0.1266435989207594, -0.5631417686798937, 0.8328016940425121, -0.581999038637059, -0.8845795211544405, 1.1231660734226958, -0.21860739238157456, 0.4160609239696708, 0.32062140797378924, 0.2293384027391178, 0.6159912362489811, 0.6275132586436402]"
"[3.583084911282415, 1.2728997382927048, 1.023803482920644, 1.875060351619135, -0.30089790532774296, -1.060229816157427, 0.7396660685502623, -0.9857479511494789, 1.291622703965743, -0.4348193744061526, 0.3133803754311616, -0.15087039924517395, 1.603543110030981, 1.027199390356184, 0.8092355283296933, -0.16579134709078655, 0.6526320075480834, 1.1118510476287249, 0.4106039293859131, -0.7773331413636354]","[-1.1366863756961008, 0.36652867016881385, -1.5039065026207856, 0.5676622135903324, 0.0013526986208735868, 1.2525754242202796, -0.1637780541003542, 0.01847001022690151, -0.8772344184940463, 0.870055795792758, 0.5991065114453819, 0.08978183971966686, 0.5358867055240599, 1.5707915544395472, 1.0813416162675116, 0.09177994209679187, 0.026634915319093323, -0.14785687310256482, 1.0170201343009915, 0.08258295571305525]"
"[-1.299269081349164, -0.5104917164616797, -2.501813107018062, 0.08165870401208083, 0.464584695931148, -0.702296325839135, 0.2322393102925414, -0.3997015653083856, -0.4355842665047489, -1.8168015294573812, 0.18781246733264567, 1.1753030110830605, 0.0008069351628204397, 0.26838717804703893, 1.035396960845297, -1.3143671962447885, -0.9293159943261154, 0.28776095299314347, 1.0359287816443097, 1.542429503784785]","[-0.5206205972302388, 0.668774201186614, 0.8388234425138125, -0.07754761717939179, -0.7169896681055705, -1.529602020256745, -0.10083924661008797, -0.8971277650324142, -0.01621435073261242, -0.23277125256839556, -0.5295203324599018, 0.9295135492958134, 1.0380626471114893, -0.9379680562217061, 1.3619361869735496, 0.4729774477984413, -0.2585007869216342, -0.06363988852061972, -0.8049261189782982, -0.4786884422728431]"
"[-0.16210090214613082, 0.3940720998915929, 0.45345453463954943, -3.0923742074130987, 2.3129807393743285, 0.37166534378688226, 2.7519807310255118, -0.201347535491615, 0.9492173030922155, -0.607502015650724, -0.648924531174698, -0.30078112133393115, -0.5037237389641396, 0.5666887931940076, 0.4779704286991198, 0.5360697494952462, 0.17093201616653975, 1.5081164968917178, -0.4894858069355366, -1.0070046360284977]","[0.6058952217813472, 2.2989586025961897, 1.0247100224302026, 0.19682111756795478, 0.5873567706135765, 0.8574659866689729, -0.9974757093333322, -0.9717293076314462, 0.36527638971619497, 0.3112875978966487, -0.63771442847833, 0.18334145693946133, 0.4460747178153342, 0.010162036702673266, 0.5556465683315555, 0.40828727369837986, 0.510605592722985, 0.17302238867642356, -0.8087927355838939, 0.2798280201585164]"
"[1.4306235563133103, 2.8926541231129366, -1.963252814344313, 0.8690628121021519, -0.9536669952559369, 1.9118342374972628, 0.8066692516494268, -0.8888849522283279, -0.42240533322033524, 0.36972176224457504, -0.5966511930045445, 1.827787937540273, -0.4754596540822354, 1.0287495028479772, 0.6454029695327679, -1.0560681201817637, -0.1524340914326619, -0.22817502054379876, 0.11912888536368507, 0.15860115776901573]","[-0.24014499206532625, -0.7242511353200956, -1.8133123196188121, -1.2284407668273547, -0.6927027958452686, -0.04441869464011951, 0.004198713375315922, 0.9931489397455857, 0.16203065609529324, -0.6259596573746786, 0.7258571951534013, 0.4981841533655991, -0.08425707308358144, -0.21189627262538008, 1.156803524215208, -0.4701855909490054, 0.4370799094348451, -0.11356918827123588, 0.33028923014928246, -0.5088986267111543]"
"[-2.340920868733006, -0.5892160275013939, -1.7845692487139884, 2.2142009674221015, 0.5455062043761874, 0.6887012767468831, 1.0597158151956976, -0.49935208614781024, -1.1666747722735133, 1.9320444266732426, 0.43719991941123454, -2.601245145141523, 0.08173183230776332, 0.3487302683557448, 0.20663104544603142, -1.2283605817421837, 0.6374959312475292, -0.38160088061155567, -0.2624349232813576, 0.8032236590268014]","[-1.2304934052935004, 0.31426546806697364, -1.9699901903198374, -1.0031108547671632, 0.3370013602435425, -0.7480872551195415, 1.6065652431660236, -1.485576112657266, 0.3818311268685493, 0.8523322915292222, 0.3207064667752649, -0.21350305810397882, -0.05390949193869738, 0.6033409443590907, -0.5538269678872892, 0.2321783428158045, 0.3428618457083617, -0.1850592982788895, 0.32003996491488496, -0.0804090448201808]"
"[1.7034404785872899, -2.1542383527650895, -1.1973988665382278, -0.7718867146313226, 0.46832399719994244, 1.6370488410688466, 0.54993711235536, -0.47992795219953704, -1.7725975804490606, -0.32440914307031515, 0.9373870629053181, 0.9371715621642716, -0.7680449599335178, -0.5071415649695096, -1.4462104458597869, -0.15199128814887453, 0.7325598353689393, -0.08421908200928602, -0.7293432542278339, -0.11283290375639393]","[-0.8899416702146083, -0.6837001779129014, 1.189450621611412, -0.7581447101682248, 0.13935112414737294, 0.14907783117628426, 0.22314953064301446, -0.6918493081962825, -0.11302005520916729, -0.5852737274863976, 0.3777104083001168, -0.3902084551981284, 0.12421235081085576, -0.2057423344838, 0.8282497733601794, -0.6420571756732811, 0.7661778467784106, 0.28676121924924386, 1.1824534825267379, 0.42317347997452837]"
"[5.074669762366884, 2.0504640423778717, 1.0973496669697487, -1.027569510448682, 0.9828036607702408, 0.24852415279354415, 1.4799388346496927, 0.2720057904232185, 0.4328328999529322, -0.32807924469119676, 0.8401346918977758, -1.0295055791555217, -0.6315388229705019, 0.6064510751302512, 0.45773033702911486, 0.6804534690176489, 0.5850568195273812, 1.9505873507108469, 0.4050372199081398, -0.00715211785908925]","[-1.595979726288147, -0.7498106150164887, -0.980024934894719, 0.8401120875925573, -0.0919057884636787, 1.5903759152700423, -1.096285056806563, -0.17577514351397294, -0.678481379801975, 1.1384405747758888, 0.513704376679624, 0.6921406262781643, 0.36305816725601964, 1.2043760589051824, 0.3350454563088253, 0.8142498012337855, 0.13190580306305155, -0.15847435172813454, 0.426006921952071, 0.2931366365802688]"
"[-1.0550125826410446, 2.0530366681617576, -2.1895107631645754, -1.3941509768864506, -0.20286137128339443, -0.8224983005700338, -1.1444027009055326, -1.6737894913764289, -0.33608632155257856, 0.5731622429584687, 0.11939473745423952, -0.6200999630857251, 0.023202620775757042, 0.167557731613728, 1.0604041162311315, 0.434892412190431, 0.5841516574324739, 1.3284135899233602, 0.3548701520064867, -0.03431736344572816]","[2.934866359866265, 0.11169514135043485, -0.5172161758653674, -0.5179566033657318, 1.0093429553222912, 1.7705415670632492, 0.4165890555633944, -0.15134762227415985, 0.392596103098835, 0.6434896347437453, -1.171980112798924, 0.9893231051406761, -0.318447282062735, -0.23802242677930538, 0.7704117006546668, 0.15569137848392997, -0.30041693357157484, -0.667567774652743, -0.3584298063264894, 0.4235240869908213]"
"[0.42773941342680943, -2.172296700826798, -0.9072410570369203, -0.5650983714581741, -0.3371813511426128, -0.15879020237428917, -0.755519060082198, -0.07010301553046577, 1.6420702694785128, 0.6655605240567504, 0.3281484522754043, 1.0139046643671885, 0.37576489301049176, -1.0659421860396319, 0.2802134345189165, 0.653187870723597, -0.6238641681132752, -0.03897569116343053, -0.11408797342801709, 0.8192899140399268]","[-2.344625626208065, 0.12117534253341183, 0.9788981843962669, -0.7567075446483095, -0.10495778882498047, 1.0463716066797049, 0.08398941586829815, 0.5296402821354279, 1.6570928713145197, -0.22968394656434876, -0.13924968481485026, 0.18482545171949566, 0.07015550385134407, 1.0538197745100089, -0.06837266896227123, -0.26033674613963337, 0.5878433002845975, -0.7046854973480386, 0.5364759089202881, -0.650156047126802]"
"[-0.174820902667878, -1.3370690964596494, -2.1837150502713962, -1.5116529968792656, -1.4336859550485503, -1.065193955798994, -1.4402888590583172, 0.7238121867696622, -1.0076162104230044, -0.4922184352126244, 0.008533183162976122, 0.03318800880367235, 0.13725990553454734, -0.01441863752636155, -0.9790756379791865, 0.5056273930153911, -0.7059687338869579, -0.7630469871737304, 0.5307116936514639, -0.45587214645425445]","[0.553104512943193, -0.08041018242238755, 0.7053147762029409, -0.15742294208513258, -0.7952162780586213, -1.1096187839915022, 0.32805944863083913, 0.6300714700641027, -0.4890157414333163, 1.3113674256012915, -0.13811182703222805, -0.20814810952225168, 1.3873437464040297, -1.5345833498524106, -1.1410812572495177, -1.0632952888715308, -0.7267091335517519, 0.17252799213506623, -0.11604897404149382, 0.08015643038292994]"
"[0.6676224267114181, -0.9907109806628084, -0.13745740266688528, -2.5114356059629888, 0.7408589166178642, -0.6088995305948646, 0.42677226334682683, -0.3478130572105811, -1.3405301250379837, -0.8428623641901779, 0.6331264267980737, 0.7580414537279643, -0.6003750949482256, -1.7116931906233845, -0.18251301646904966, -1.1321970320122439, 1.4296457581249644, -0.5233778633190085, -0.43738330651772467, 0.7307088212089092]","[-0.3406447787557608, 0.09032887965331343, 0.9400149499526528, -0.10392058905646816, 0.3221697324527222, -1.5958181590614564, 0.6208354593405767, 0.17800355025892303, -0.48893574309320026, -0.7454883157989854, 0.41249663543057724, 0.12964812999693484, 0.07243039273007136, 0.3544240223184293, -1.2706595435404189, 0.4654422724231641, 0.2506799570610689, 0.7361306356028332, 1.0244998083705246, -0.05308265169822415]"
"[-1.5458441852339355, 0.6023422748650131, 1.992556544259105, -1.242812341310519, -2.6611995457995343, 0.46155775052437004, -0.7497273449362256, -1.4609042943406225, -0.19506567949778073, 0.6931552674926711, -0.4554486292692521, -0.3968482471847089, 0.960000069813655, 1.0713830583873358, 0.5026621443897219, -0.021544687712821187, -1.0570391122182188, -0.7658098694661488, 1.019082273187272, 0.9319924901766127]","[0.6602293625824699, 1.1696397217496353, -1.259853154191552, 0.45113044182499246, 0.1862364131165792, 0.7318723635500245, -0.15287004626499326, 1.1004725647779465, -1.8219783159410223, -0.3191685445516199, 0.9162335872755168, 0.26100939613516205, -0.09595987907621063, 0.4131336751281606, -0.04953115914574649, 0.45688213140101297, 0.25529470413412986, -0.043439152394981966, 1.2066843435720656, -0.26298959706578784]"
"[1.6484498947423982, 2.8670577209966557, -0.6260443672213307, -0.2031523984846037, 0.38797220961861395, -0.32585740367666516, -0.44088999259569256, 0.39190901884145163, -2.4919555006407244, -0.28899123745238303, -0.13455813781834497, 0.5207982293017182, 0.8018030180469492, -0.2755740047185318, -0.02485874227355603, 0.10462287048440416, -0.6114993684377206, -1.0606781055394026, 0.4924100916918617, -0.07364412019141857]","[-0.49132201941527465, -0.2992555486614234, -1.4050292635052433, -0.10247172348748004, -0.3789172783870679, 0.0739097701841956, -0.12161530330831653, 0.018904351631299308, -0.5897428660068595, -1.1067694881291712, 0.799058343013577, -0.6847881493020103, 1.3081685576925008, 0.22711073009217866, -0.1087806964475743, -0.2897746671507045, -0.8365160229231111, -0.9340196192439395, -0.48408833374606025, -0.17962123754932885]"
"[-0.9755141056929741, -1.7968012140295022, -0.548633769468557, 0.5942182993479953, 0.6250860830738929, -0.8088559054893893, 0.2592273710518556, -1.5099384666720548, 1.668488643249121, -0.4894429746269612, -1.5968679629506992, 1.1333352540425607, 0.3309176109593992, -1.3895900731653998, 0.36162160952862754, -0.20361362566679775, 1.2480035402672132, -0.7613697777660411, -0.08791560455939673, 0.2872299593343342]","[-2.2023079550076963, -0.4351530586407883, 0.18895482548567316, -0.4189110989986818, 0.5166340420368655, 0.15951831563159077, -0.5951016849910027, -0.6110558555004936, -0.7487736880727895, -0.5574513116185474, 0.2323082218933012, 0.7579625016611519, 0.059815389858676724, 0.7045391367769421, -0.36195873346625734, -0.7841964945216945, 0.3893713458169503, 1.1316549904491802, -0.2305091731639772, -0.02531107954443405]"
"[-1.7484569671887156, 2.8205440764088614, -1.2885348116766495, 2.1668001178648453, -0.30402332447138275, -1.3371495369733286, 0.27139027829420337, 1.3751787006091323, 1.2557381570203754, -0.5203029150387419, 0.8354702059403178, 0.04642400261734751, -1.2611690161021023, -0.7482290328436204, -0.8574329866644245, -1.144346952588045, -1.1967333544467313, 0.35034354217025115, -1.572630094979552, -0.5201654440095976]","[3.004518358764696, -1.1838407000341562, 0.5086976855301824, 0.9051761022825213, -1.5775424453591098, 0.4960315858186439, -0.20139881676463237, 0.3698421951696959, 0.12651623352443941, -0.16051865411879923, 0.16750576385163213, 1.1279573393112816, -0.36623224994158227, -0.2500717932792283, -0.12488539337653028, 0.5354005957034118, 1.0454988732430093, -0.040353225805747614, 0.4907181381735416, -0.9146390313917432]"
"[-1.4987767924841036, 0.6414318016033127, 1.5178162589642814, 0.3912988926985327, 1.7633482555200994, -1.3029707083961504, -1.455824772850741, -0.04810384861575685, 0.5473263874774065, -0.4437033542434931, -1.4903951966272144, 1.5971285838466573, -0.7491380053986503, 0.6019806599947024, -0.061099185522187384, 0.015255603502891693, 1.1357215826551832, -0.7470165497656557, 0.8612506473987638, -0.550109842594949]","[-0.4457115193605019, 2.0708856130731905, 0.42868796927480796, -1.7835553532002113, 0.7630248077581077, 0.7310238044222457, -0.07266199808883105, -0.09127024123725196, -0.4427168576568878, -1.0694281890835484, -0.3030633593657705, -0.4197009928938707, -0.2905441258486154, -0.051372114737098636, 0.7888624005045842, -0.03737608903733285, 0.3655978212055881, -0.15735547544134998, -0.000444071555003325, -0.14316473493731474]"
"[-0.07261138945654821, 0.6323456883083945, -1.234028827213342, -0.024901038758923338, 2.105174060357832, -0.19944137694078598, -1.322210264239463, 2.591995482125288, 0.16400343418081503, -1.3865153396910037, -0.27834800037050667, -0.25636447868937645, 0.905921073626464, 0.6156870569754501, 0.261171085500216, -0.7104921943008504, -0.2513281530331193, -0.8535985630605941, -0.6430704351926789, -0.2141059926524627]","[-0.8256829182046412, 1.3128526225194312, 0.9601050029260426, -0.6782731050850537, -0.23064997968456946, -0.9497331730010515, 0.7593897803346137, 0.8760239580280624, -0.6395741971890121, 0.1938188168940666, -0.04659327324451312, 1.6449388546748736, 0.6044401093915552, 0.515835967627879, -0.4779497907130227, -0.5401894361526853, -0.5627043025844183, -0.4620265407631019, -0.30502702401982074, -0.785030937836381]"
"[-2.3748321627652436, 1.422627153106141, -0.14540421250419927, 1.4975829821199844, -1.7599139348402708, -1.2012704014156668, 2.1090870925173597, 1.1308516728596816, -1.1295971137833665, 0.9956645540131995, -0.16074856505422927, 0.6068308212242031, 0.9906272288008183, -1.0148639887723852, -1.0565060578700496, -0.1942709030945706, -0.5400573706293657, 0.7421560227901984, -1.2075998242370285, 0.17510332128304307]","[0.6312774564657099, -0.3101528182520699, -0.8398657089507582, 1.981660955524594, -1.1462291393841402, 0.31972451904007737, -0.23424543547503546, -0.749755949749402, -0.26970990632114494, 0.19066489773859036, 0.9372214955520772, 0.8650087310926381, 0.1462382128699101, 0.292207365753928, -0.6263252865154506, 0.5605309100816387, 0.6282013588814394, -0.8768911855888623, 0.06619753773866775, -0.3352656987816886]"
"[-1.1065254396988746, -0.7883433678960683, -0.0335503377866531, -2.2148302984128576, 1.5802229305655926, -0.33012327610719977, 2.797887611298661, -0.3515122010108434, 1.9669375699392082, 0.5092630693805305, -0.42714210480063314, -0.07717445018141585, 0.7544575731625187, -0.588104934665323, -0.09915369894247938, -1.4789263718631025, 1.160533471637941, 0.3912468098569107, 0.6274002415183895, -0.2421881148857284]","[-1.081240739224566, 1.682371766410793, 0.28397870441230694, 0.5103736444606346, -0.02544065164196595, -0.09109135956458023, -0.07461196749015278, -0.4583715319401381, -0.9298757349980229, -1.270052837796949, -1.047939634440225, 0.5339794187728708, 0.14561789554241397, 0.13909459140188438, -1.2662404153387443, -0.3823049985579709, -0.909196324206852, 0.14246218359167379, 0.3471872024901671, -0.4114432713679064]"
"[0.7300747801283085, -0.352821561114359, -0.9944240722835982, 0.38273375637901075, 1.133913876752623, 1.3479627206010807, -0.1421535985039964, 0.6144883340362255, -0.2611850046383564, -2.9873558867461005, 2.3724952624933624, 0.683684159742899, 0.9012463853494933, 0.20657588707461622, -0.23663410691034373, 0.5078090657723603, -0.20999571667887723, -1.0051919617389324, 1.2209336398723503, 1.4208836527192545]","[-0.5448571752615489, -0.2727977251781189, -1.250362248454211, -0.39631516645397435, 0.6874613495361699, -1.4266536325303059, 1.0452662409187006, -0.8467328300841621, 0.32561249389469954, 0.40445893567282987, 0.8736364394456785, 0.31365888093629707, 1.4105383021851936, -0.6738852379784179, -0.23671401632081232, -0.228730155209318, -0.7986237815689105, 1.5993756537602957, -0.3995024818632511, -0.1011440438360505]"
"[-3.1994332976232327, 1.016399151396691, 2.3624645234704125, 1.9750192064649519, 0.5446518184922524, -0.862771815029758, 0.1605678643898796, 1.0781459152671793, -0.38531729533024395, 0.9948453596829772, -0.030226712857154003, 0.5770044057374814, 1.0380862772854742, 1.2146644106580877, 0.2550723645440116, 0.42768603919467424, 0.9231611623414747, 0.20706478135573644, 0.9701647520028421, -0.30406330658605574]","[0.4560008960836506, 0.7664699045927871, -1.4347677468746185, 1.143083779439148, -1.4056102346913035, -0.05271629270944918, 0.7674065165000368, 0.42493706666828257, 0.10336276845176497, 0.6603929538806643, -0.6656294307773271, -2.6488668509383486, 0.1876542867171311, 0.26348305917614306, 0.2673518259734387, 0.21047370273486338, 0.6818899383013648, -0.12642748943106205, -0.05734297111226731, 0.12652883493628517]"
"[3.279988299363834, 0.9239101126241646, 1.4726518896954714, -0.6014731866586573, -0.331622324706959, 0.5266228318294004, 0.6826767950206694, -0.005494472498638902, -2.7505128903364775, 0.1394846794428264, -1.3727183881946603, 1.127701986049526, -0.2706396197181916, -0.7842405575804702, -1.2762040663744556, -0.21439992065509886, -0.7845976197469893, -1.2177833888637504, 0.4236114558791946, 0.3642238768386722]","[-1.202058764702589, -0.18294992078461275, -1.0676249522941932, -0.8373453161705247, -0.10601835904229416, 0.06705017095455239, 0.6734125512056174, 0.39434790842698486, 0.7845000879542066, -2.4917911797981245, 0.4113547685730943, -0.2652069729683734, -0.19980065958356014, -0.616234193493464, 0.1488932913184225, -0.8081479147370195, -0.009933450924755978, -0.06881723856784432, -1.1028944974564165, 0.3137110000589617]"
"[2.054250202489813, -0.727557397725248, 0.1361923866401657, -0.4267023974780766, -0.009552223094276332, 2.529868181950481, 0.32827191944708306, 0.7284908701957694, -0.2550824553823827, -0.17008512245463028, -0.259203355614598, 0.4028601312094327, -0.9399656414716088, -0.20517800220175167, -0.5628514301469494, -0.6379542717424497, 0.22650820544308065, 1.9373229372455785, -0.5075104079246374, 1.1694263307616835]","[0.9593551437792919, -0.3201141510077219, 0.3117488138209876, 0.3968856321798933, -0.6131492961510182, -1.2111892900408185, -0.32452784594258727, 0.5802280279217384, 0.324677942781195, -1.2661164703352015, -0.7736510277048504, 0.30928636659426795, -1.1291604207456618, -0.05731917672427313, 1.9156281480241166, 0.058477832927503214, -0.8087333925871631, -0.46251942370048427, 0.27715969599483004, 0.36924022278113333]"
"[-0.3234695899826531, 0.5391831240280855, 1.4678805528444094, -1.4049967999375141, -3.26479106696753, -0.37227680549068604, 0.6803965536835226, -1.1903099524608918, -0.10610777179818537, -1.0984314522685406, -0.8833316879882791, -2.546860455270348, 0.850425120900094, 0.4082533417347289, 0.4442170631600348, -0.6469453635806722, 0.09019067281803266, -0.13765888070251797, 0.1156681689907861, 0.5099847753313881]","[-0.9917742330269891, 0.4270157572222629, -0.8578519059593305, 1.2044680633685136, 0.9415135860751088, -0.8963385212631864, -1.1721253048191171, -0.24722465848533856, -0.5331609228021652, 0.06037182916940341, -0.1294014334540387, -0.8087942193610217, -0.6033280200557735, -1.3578718564984824, -0.31318947089099947, 0.37424659278571765, -0.25439975250888147, -0.29084592204466175, 0.048106221208550626, -0.6643043554789394]"
"[0.10245149534812421, 0.4942174523056572, 1.6313092572281995, -2.083603999555732, -2.70860957005506, -1.183561632961427, 1.2771693292693573, -0.09233481473805548, 0.44884819684554644, -0.01872844730937731, -0.6951879690709021, -0.8885066359570649, 0.8492630331233102, 1.1514766678582102, 0.3544949743866461, 0.12471861469650031, 0.6201108009687013, -1.3694718772878178, -0.04521646869466401, 0.9586729549857527]","[-1.0355901655613888, 0.551714352586364, -0.7108795568995934, 0.6518262530639308, 1.0996024356199063, -0.9385102607420861, -2.0001030258171415, 0.5203064470071284, -0.503692536198188, 0.4837039394069346, -0.48065400368428773, -0.4546086172498966, -0.542340169683067, -0.7763736536448317, -0.30867208012650094, -0.039451029133805805, -0.47194558967764166, 0.40680503090204534, 0.2719239447613455, 0.21361558459732452]"
"[-1.421757885591114, 1.9696129082330847, -1.226254129395936, 0.3121566341145867, -0.8247811049451551, -0.24633941327375944, 1.7470085285367756, 0.7265939289924306, 0.023827050872703814, 0.8051591246240051, 0.9989305518655113, -0.7982602420368566, 0.43355988354529684, -0.5946440277177234, -0.8868778030315919, 0.6608043644015338, -0.40161846984759453, -1.1684656996723186, -0.28664769536247375, 0.6177103494037061]","[1.4314064264619393, -0.25543333184438705, -0.24423557699223322, 0.8577773074427562, -1.614402771078984, -0.1811764676000401, -0.586907588666987, -0.9911799054438342, -0.41960789985181096, -0.11121754635210256, 0.16258382504548172, 0.5900178075816767, 0.9215137957380851, 0.34028552041359084, -1.0044891408333296, 0.5932516545488763, 0.036036579958176634, -0.22579306966456852, -0.21606414518493902, 0.46558362338848075]"
"[-0.9486895107391462, 2.535108423687623, -0.7041823192604008, 0.595123662517043, -0.8539188664008135, 0.4530260199881719, -1.4422924616084127, 0.8452543174918732, 0.07382147830719454, 0.2870319232699038, 0.4723319739026721, -0.037351263459149096, -0.24715727823061726, 1.15281497694551, 0.2861631355753775, 1.5450886141460591, 2.1934634923884477, -0.6040316023303954, -0.7953364726101916, -2.1886508227909154]","[-0.10705454122106972, -0.04476112640268968, -1.0605346873121022, -0.48935418497211014, -0.29971278843334603, 0.567691105922796, -0.3562835434604813, 0.28232569683099723, -0.3619459543841983, 0.38708573878993296, -0.14314268093213067, -0.29155353856934574, 0.4711702269751627, -0.08964907057845538, 0.2818059899435976, -0.30197128339573737, 0.3743021934148357, -0.6078994997177439, 0.9393317754857371, 0.8232009877829009]"
"[0.4081999994621383, 0.0064503646770750255, -0.4475481747707324, -1.392881447461199, 2.0727809534927575, 1.0461432986944714, 2.2314841148141173, -0.17130093344579278, 2.6326719040981605, 0.562159279993939, -0.8759752726730096, -1.8929980808574116, -0.3215213105759325, -0.4239423713125273, -0.11358980448225889, 0.1954235011411507, -0.12592277547771638, 0.07077448287677722, 0.0628054704892304, 0.5967064104109246]","[0.5380260518733433, 0.8585206646518209, -1.248783950364372, -0.48858861083504346, 0.06547561845713977, 0.6850812744815942, -0.32743263772013603, 0.049238113079897346, 0.5073845907413821, 0.5591907861262781, -1.6949585860154925, 0.4603259910822961, -1.4402967544084944, -0.08011996923425846, 0.7643009956326939, -0.3693300581376146, 0.2919838592706367, 0.285596194328561, -0.7086146505170459, 2.150427859978277]"
"[1.2413892504089674, -1.963002703399093, 0.5150060839288033, -1.7098336191026187, -2.610996190075207, 0.8904213237314039, 1.0406596765756568, 0.9833967634038004, 0.5734170268051763, -0.0036395017966733187, -0.05416226969720352, 0.47791573301809753, -0.7424896630859413, 0.6558598815626009, 1.4672883260963434, 0.5506701801106041, -0.29653889845703074, 0.18451265692153504, -0.8684124976518038, 1.4518777001604863]","[-1.4623015653290274, 0.04874109792766281, 1.4095963563569154, 1.0298708063745965, -0.0029328416116550246, -0.9572036679543209, -1.7956741839327226, 0.29561598356721663, 0.08993165121654914, 0.3587194325337292, 0.1299864990902832, -0.1253590850718042, -0.169711498326989, -1.0173379389267325, 0.9514098115867449, 1.2059185440280353, 0.1375550228134904, -0.009414479453430429, 0.5377898640060145, -0.3832869667185516]"
"[-0.5080453920964264, 2.1590428001153046, -1.3359786562297198, 0.23976542278099786, -0.09734304145892791, -0.014906537251092212, -1.3878320566522016, -0.8760574541134141, -1.313733281795696, 0.8979730427538114, 1.3747218602664368, 0.1417720501604289, -0.24284395349488797, -0.40176298200739274, 1.33214699074793, -0.6962750160564516, 0.4193925331326559, 0.8525272956052052, 0.4563803626761903, -0.534122440047029]","[0.5065062515299704, 0.5460588886092367, -0.4762051086291012, -0.3932698100053501, 1.1689734797931886, 1.470121424791579, 0.7446917661836361, 0.44089226479128535, 1.2070820262199473, 0.30634233141772493, -1.0703786300551195, 0.5768078291644666, -0.3828250793256231, -0.4918389022644083, 0.22681845404819856, 0.30445732663775316, -0.23860085296346803, -0.8946878053597654, -0.20981134749555602, 0.36681511655500343]"
"[1.0221591551041882, 0.9655252099056406, -1.1519579288481117, 2.8821572361137706, -1.084478161310088, 2.1513531489160624, 1.4953685018357064, -0.5941824121033873, 0.637083342208985, 0.14603210498469332, -0.35538695723503516, 1.622834130884153, -1.05458092267146, 1.0977505198414443, -0.3869402986143047, -0.6206369023788806, -0.2419967464258202, 0.5128526951957141, 0.14060817578235205, 0.093395625524968]","[-0.07956507783133687, -1.285619011159437, -0.14237289365201097, 1.2451768952809776, -0.9354509980538555, -1.0616868100188224, -0.3574526101551516, -0.5901184546573378, -0.4204304125884083, 0.3357937285574815, 0.08901508658209717, 0.5184910707117559, -0.20708902029211712, -1.2712509018640008, 0.9251886103930667, 0.14727175014857488, -0.7124144465333687, -0.7565699563620112, 0.05024830204060552, -1.230172204357171]"
"[2.002240371458611, 0.5345571873844003, -2.104248682214448, -0.6398171994375008, -1.7498757599149242, -1.8544292642435427, 0.47670546670859737, -0.4566985772499052, -0.139741558527339, -0.07495214326704346, 0.13634330983996149, 0.1501330721409693, 0.9356399995816407, -0.8354303375942517, -0.20436283900992241, -0.22769954589100252, 1.3109516001484436, 0.3847849782858264, -0.2708014640580046, -0.5774698878388047]","[-0.8550834405397277, -0.3890045021494165, -0.758088909134152, -1.2563124450017982, 0.3199908011000407, 0.8755377439608101, 0.14967230790142708, 0.20526193509191562, 0.028759526932927625, -1.1401185847227113, 0.031181352639973882, 0.07500881520571752, -0.10803090898771202, -0.49660767204724865, -0.9074901569381136, 0.0853568844257982, 0.460991635088404, -0.9965706026863914, 0.2789550140572162, -0.003995540634783018]"
"[-0.7365253072279787, -2.620869954180343, -1.5932532933514691, -0.6178881468840073, -1.662703597572162, -1.499225907013582, -2.128955302089977, 0.18267535907987842, -0.4129343051595472, -1.2695664397126898, -1.582004019765419, 0.3735681493347353, -0.9578375210021214, 1.046370104639731, -1.7637174939790952, 0.29214808890822364, -0.6603954667741672, 0.17945838510672615, 0.598987819204395, -0.7110982448625807]","[-0.01133820926999701, -0.6099906290275154, 2.0581070482739157, -0.6521608909365056, -0.2492319141552746, 0.1463849466623208, 0.7184589764459788, 0.40779072772385605, -0.5832458286336383, 0.5695451130090355, -0.2871864094985757, -0.9603533329393749, 1.419125005133001, -0.8212771736279123, -0.7059088807125377, -0.4622570942195747, -0.339080057340855, -1.3189963310981068, -0.6677247122827406, -0.23232222236812183]"
"[-2.4514790323413727, 0.004989736382343966, -1.3309305862628344, -0.048051914297948035, 1.6676403551764074, 0.05739217795519334, -0.4611808005024973, -1.9961221890505105, 0.16397992616066548, -0.939243689432088, -1.6563943850729774, 0.28783948819371763, 0.431518893545084, -1.4484435655312065, 0.43659550508484857, 0.009339149293519174, -0.1168888484766544, 0.7597211971957079, -0.6983328602996578, 0.2803355573359161]","[-0.0861142950255261, 0.6245201922879836, -0.254581877584672, 1.0477145462982984, -2.0601261542959453, -0.4754630485734759, 0.2808132969155755, -0.7555699629628534, 0.2462219981948007, -0.6968104435475518, -0.12947112192034954, 0.1590731963044018, -0.9994724929742261, 1.1423652895698495, 0.6730068431919441, -0.1064793034684278, 1.1565473407150662, 1.0394217880753553, -0.03235816087472481, 0.4228681902880466]"
"[-1.02010239101838, -1.441374952071836, -0.5537767932950781, 0.6067730202334812, 1.588661786829213, 1.1228876351509296, -0.949389578253295, 0.37864522961666924, -0.04241069027480299, -0.9112547237233092, -0.5986660831749866, 1.1182338517258208, 1.2667545114578285, -0.7594813541829143, -1.32089610421341, 0.40316937587919327, 0.05706598879125063, -0.385108314855617, -0.6294545273954621, 0.5585226191169193]","[-0.9381030969634455, 0.63199800576287, 1.5297603431350955, -0.9555814162615779, -0.415190733273585, -1.2972587220894125, 0.11167651160487689, -0.28571835147100744, 0.6246707427530163, 1.930808878304282, -0.052297351246531794, -0.7853205744155439, 0.6276781251872554, 0.42760208298127833, -0.41896286512640707, -0.9955457160724575, 0.5501470283741077, -0.6671907928591357, -0.7920965637546592, -0.18817016669594105]"
"[-1.30911072230317, 2.4555168820590367, -0.1852986218055766, -1.3237578595781367, 0.007623071189405908, 0.6030769697540811, 0.5861551471824135, -1.7505481634314801, 0.8110553971873542, 0.597997638849612, 2.185179372312961, 0.42675177233780626, -1.3901912128955847, 0.36711900371398487, 0.6640856547648827, -0.43626112318095506, 0.5005762142751758, -0.33000866651579625, -0.8246217622375637, -1.6930971409163584]","[2.344726137107412, 1.6015973145284559, 0.8299609177087319, -0.5174596555427599, 0.7729183994692139, 0.3575892407314582, -0.7164845957251945, -0.06349267796832725, -1.1382715442219469, 0.23535372106246435, 0.8679311201870948, 1.0227849897866532, 0.8538996977598847, 0.1861718754695234, 0.7865066545875861, 0.24239887068878202, 0.5312209544127017, -0.7758820763210892, -0.9792620187139683, -0.4155399125063437]"
"[-1.5614223587616234, -1.9978906204456337, -0.3120774909140389, -0.7604216664521959, 1.1019643733037856, -0.2590500047805953, -0.12016639434967341, -0.9504167346973439, 1.8543432070708046, 0.7470820307010385, -0.2403750591470988, 0.15176227802225542, 0.6301115533948888, -0.993627416438105, -0.7337009390430165, 0.4025086756742156, 0.6197929038018721, -0.31874262927253805, -0.25504303657384014, -0.5071661348338746]","[0.025336287956823935, 0.5778065880445582, 2.30811569808237, -0.6951356026405957, -0.5247609303344953, 1.1027911516993676, 0.10775017203013298, -0.33782769690466696, 1.1363657697298095, -0.3910788475962093, -0.168654503010474, -1.0384553177586768, -0.7967753699453336, 0.13118471090612915, 0.1129199107698949, -0.6571557704546179, -0.5021222049455143, 0.2997829935372402, -0.25172799648679006, -0.5411071212712946]"
"[-1.8247384294586395, 3.1983165752688527, 0.5084168543390634, 1.5155829743241325, -0.23126712930155746, -0.8984329413495555, -1.1966460070964233, 1.6948062947010647, 0.09473258074839037, 0.4861901947587716, 1.0850175218722256, 1.510150100453955, -0.6094703408658879, -0.09285336918094185, 0.47677139603393054, 0.12893446265796435, 0.3281559483368142, -0.03578387190635897, -0.9249563855377896, -1.5882056901323092]","[1.048945167478903, 0.04378150641099258, -1.1915853834629668, 0.20655364331203732, -2.4386822940791517, 0.49185733433403517, 0.3722164190938864, 1.1426528802848335, -0.6068219535299443, -0.7997510926847339, -0.3153502567437513, 0.09940492330248, 0.38791036347449404, 0.6932588575041291, -0.02922257537730965, 0.29203213095929087, 0.2739635831759835, 0.34392990039908766, 0.8373801143729722, -0.008447042603223676]"
"[-1.3199417823513329, -0.958404573827018, 1.8069767341934622, -1.433352870416056, -0.7179074149965293, 1.4079469362859658, -1.6064784005416661, -2.0157254408561682, 0.6557628890117363, -0.8946120594034926, -0.008403050268466942, 0.08903247112122463, 0.9058548058598458, -0.16370660208115967, -0.6916693086008201, 0.35781978494355454, 0.10567281807806561, 0.5434220286663153, -0.38883228354114396, -0.22550081742031966]","[0.7452419104492268, 1.0093252686541871, 0.7745096804224492, -0.5648095204259672, 0.9126994831492657, -0.27832005148897865, -0.8653469006810485, 0.8361480620183093, -0.2978650290009087, 0.4659673259494026, 1.152255497296401, -0.15087422952161555, -0.6912510756547665, 0.12953762115992962, -1.3667930346011903, -1.8401494328156494, 0.7634427728552831, 0.8250648556968312, -0.3542629310224861, -0.9997403977766882]"
"[0.4408812111656451, 0.3456714243805739, -2.0079221404880165, 1.9176454877312998, -1.6845707382438797, 1.8223862504326613, 0.33733506712844197, 0.4784320336935296, 0.8772339155635259, -0.4388444601523426, -1.134609912927248, 1.331446926668371, -0.4943799007871208, 1.0975102069412122, -0.6262024409340912, 0.23967603093264894, 0.3778591689517729, 0.16588896582001347, 0.4401018018250815, 0.3578288545194299]","[0.2113158267150589, -0.8118368274610889, 0.19648740950942084, 0.5449855345700669, -1.402701957011164, -0.3941963933168953, -0.7129631487273167, 0.15992602867112896, 1.4122268922677872, 0.98013166643426, -0.8986734845457008, 0.3293183389952992, 0.18409199868013287, -0.34598727300413484, 1.2871388821267158, -0.5738203577091523, -1.5702908761379795, 0.37162515209334707, 0.2821926251406646, -0.7201003227443941]"
"[1.1058123337950925, 1.1064662902335907, -0.7336356438905309, -1.0796409661650161, 1.9410630174919408, -1.614264440700391, 1.5324044037615216, 1.3674655218552416, 0.3932869355991065, -0.9736142278856872, 1.2459189834574653, -1.683876737461903, 2.173863343122547, -0.26094803572611885, 0.17598287799042642, -0.9898689335933446, -0.0028579573586518152, -0.7206738515675147, -0.6542318946454521, -0.9218019147817063]","[-0.0895069022809847, 0.3543593798513439, -0.705953953867838, -0.24033586670303064, 0.04855566687330147, 0.6832414794517784, 0.7504697112218421, -1.4484440246678987, 0.43632270808725176, 0.5423993867234917, -0.7808799059253634, 1.3405900245890208, 0.2987744436154019, -0.634556545317872, -1.6055577115282007, 1.0401898259483198, 0.48532689682088415, -0.35305184760411246, -0.07360742831708983, 1.3980288424788572]"
"[-1.8889269467375065, -0.21049929736538364, 3.3778349462934796, 0.7709324099252804, -1.414634023501424, 1.2006168484850799, 1.0674707716873004, 0.35835051693884107, -0.8687808388913455, -1.0888451399674588, -0.989051356801289, -1.0841660246804394, -0.11480092146104084, -0.29104457755189334, 1.1235886646468722, -0.40365522071863197, -0.22357745092792908, -0.6022244441378065, 0.30262451109620964, 1.026188467466886]","[-0.06395526879868929, 0.9732305404538387, -0.7264089351873512, 2.1782847561518, 0.6348681089607674, 0.21474619221887123, 0.009861108744159979, 0.4290077888318089, 1.071144491766862, -0.289986488763642, 1.0372593286796021, 0.7229170802831926, -0.16149304131163103, -1.7723755869999112, -0.3682536004649881, -0.04537003671293491, 0.08913042968116627, 0.23670511687297488, 0.015082112590908742, -0.15503282190378875]"
"[-0.7933227734652364, -1.0637122695518992, 1.7544639753201945, -0.916948946471646, 0.9384834426856229, 0.666722154783236, 1.3891953238525765, -1.053167540491557, -0.5973042144496425, -1.7322102474458678, -2.0744800742870897, -0.5964216782040619, 0.2660816672644105, -1.7248358651707867, 1.5314956583810453, 0.3054550248976528, -0.18962334229883937, -0.498701936100198, -0.8634915829546647, 0.4266272935982276]","[0.28276072225162785, 1.697451870428473, 0.4838327214549453, 0.710977353096261, 1.0086398017575908, -0.2373375237432566, -0.5714476106442812, 0.2245979933034819, 1.306452885876771, 0.26570281159072257, 1.1780370457391693, -0.37301934565864747, -0.3916016227644001, -0.4550336507230284, -0.7437837391263481, -1.0355473775997652, 0.43055515781685466, 0.9344764570083176, 0.6914597958281989, -0.7326875920870801]"
"[-2.7640343758294295, -0.6326817992177898, -0.11377202644914543, 2.581169402340232, -0.2454114927501168, 0.0008548611627191343, 1.1309573908125339, 0.6785552626227755, -0.33124465521476476, -0.10168732126041495, 0.3190046944078188, 0.4176586785234972, 0.07287368345968537, 1.426544331041026, -0.13964242332899157, -0.239391440107254, 1.192176285054261, -0.2305860421575631, 0.024989423485375067, 1.1121372160140912]","[-0.0263490886420326, 0.6030169570909764, 0.24768627112270933, 1.4452010911969544, -1.3638237127989812, -1.6047308142840953, 0.4779175082058557, -0.4623811771940928, 0.4757466982559451, 0.29801259646062483, -0.44059062367221186, -0.4910353680400485, 1.2259465074894027, 0.30888019300383923, 0.6187941615452709, 0.7507950418423999, 0.09509297256240361, 0.23963011418019814, -1.2409015307207036, -0.29209446856074794]"
"[-1.2282761052725197, -2.2607602041589208, -1.085737683532039, 0.8959734380680154, 0.40298085133797884, 2.600560062554929, 0.5087890091152529, -0.16092660011224666, -0.41116536081410693, 0.15908157575358586, 0.3088131172819218, -0.1805922570452097, -0.529972075931919, -0.07265809054806689, -0.36563076583106624, -0.025286929905259624, 0.096511284881078, -0.1256349950891131, -1.2648230376529606, 0.39721958787977935]","[0.10397228878305698, 0.40750881890278534, 1.8001078863630966, -0.10424607824666597, -0.7011526442880973, -0.721853789716329, 0.9718230563818959, -1.3276758561674145, 0.4130475585180586, 0.47514014283355416, 0.6387216804464282, 0.3856021835463114, -0.33983731829408864, -0.7361075644344611, 0.8980522072865864, -0.2641225009879228, -0.9263027987260363, 0.47744444180204304, 1.0042761687546307, -0.41275497410846296]"
"[-1.4466029757499075, 0.9342276926273145, 1.8479104194183285, -1.6113524819006584, 1.3033017111979333, -1.1727180979122305, 1.36263635531839, -1.0029182790350364, 0.6008962045257729, 0.7956637240834925, 0.5112722426043709, -0.033412125754476676, -0.7266701271092593, 0.051226489264215684, -0.03458485767617419, 0.2822218404591516, -0.07198751964893209, -2.389213221142137, 0.28361708490030335, 0.06123742525200312]","[2.914190397534542, 1.2834566048953029, 1.4989580837026037, -0.4069172822319744, 0.7712874946983012, -0.6100350201764203, -0.7321862236537343, -0.014866000710628104, -0.9016589421298489, 0.3423996577788994, 1.048131730752284, 0.3926083173189415, 1.2045651517363145, -0.22199978175558496, 1.0177578648594015, -0.03767605473244564, 0.5272285768210823, 0.3966994003424422, -0.9991591061376296, 0.01377228382061184]"
"[2.1354708960514115, 1.745550662695161, -0.34262705197358373, -0.4589777188066044, 1.7519134752199426, -0.18482268968428975, -1.6398550752950878, 3.1410884827724526, 0.5273266063627968, -0.6001276492624877, -1.1147858597486804, -1.8256938988037488, 0.11986264385553089, 0.3924448356549561, -0.08792798012942406, 1.2235639345775762, 0.13542929844238016, -0.29807720409100985, -1.182369921969681, -0.2818973243789308]","[-2.004937211050906, 0.4431539253944673, -0.8808253690041455, -1.0465745239458906, -0.46104557324041473, 0.22228977884773646, -1.5752588865074142, 0.3172077344557042, 1.2324414269241541, 0.8248709813564612, -1.0631503178932613, -0.2672097624651122, 0.0906362573033385, -0.29507394213782384, 0.44434073127460344, -0.6907029344553531, 0.06291687516411432, -0.30701972743034067, 0.3758934830725348, 0.7350409957609777]"
"[2.1910091841130304, 2.455830221316905, -2.675216130764286, -0.09283126001896745, -1.48907642406759, 1.302178026974128, 0.5498649595966414, 0.2643610838463133, -0.33572691804255755, 0.2980964456803073, -1.469517493530394, 1.0533169430793043, -0.7053286356630941, -0.20218499320752378, 0.1413310700387045, -0.10910080971935807, 0.9014299350944692, 0.2306589676481846, -0.33516750360613107, -0.5106872201626507]","[-0.7397990735273962, -0.9249003726937788, -0.3388036919571961, -0.07727637067422415, -0.6079224356445553, -0.12320894685548188, -1.928618840333695, -0.41022870699227204, 0.6805503714981131, -0.203138920669033, -0.7663003874464502, 0.34547142772989, 0.002987854031536552, -0.8074913606063581, 0.5890395485363066, -0.14476022806358887, 0.01450689381257365, -0.368481019285308, 0.6181641217338654, -0.40971043090351367]"
"[0.017461453125763013, 0.7323093065199734, 0.32087776041609745, -2.8574322423691365, 1.0403275165928683, -0.35674977832069527, 1.083580313781943, -1.6718399586807764, 1.3057658724186492, -0.22968138940765248, 0.5353624106173659, -0.29070056220664614, 0.3743324692805889, 2.0586403837379965, 0.06077295097701807, 0.9600659478153698, 0.07491829756904606, -1.0141878305013619, -1.249956052953851, 0.2481939962578974]","[-1.2629449147909588, 1.8484902973688586, -0.3838914483039755, -0.6524247879024475, 1.126839755631893, -0.5903806841753662, -0.9108779674475825, -0.13858209575810235, 0.5611637657628701, 1.6352388634835804, -0.04798236458763477, 0.3786836684427344, 0.8531144701002269, 0.745084624133266, 0.12113699083452006, -0.14263147654128674, 0.8473155307258748, -0.06052015317384186, -0.37929836420806773, -0.9511735964017509]"
"[2.235704808233501, 2.60604990630217, -0.9228176616402992, 0.40048496642019593, 0.15889376396156737, 0.29260027832306257, -0.41602422934987016, -0.25490491881135763, -0.03986247356061918, 0.4868613022347558, -1.6276200321924648, 0.38354520162238104, -0.24261980363368746, 0.1741659902028125, -0.15968923812195446, -2.286312395040449, -0.8286102678795441, -0.2739359435083539, 0.367218826900657, 0.2583587319599282]","[0.1464749812726363, -1.2387390810015881, -1.4063910174044214, 0.11522434562860585, 0.26280437137186036, 0.05270526905850342, -0.44846593727078365, -1.0315970554296336, 0.7021244098901508, -1.128067365864808, -0.33190973534007423, 0.6919417556330162, 0.932275702452655, -0.89887601659969, 1.8713431896012709, -0.5642329827656316, 0.22998670275510427, -0.4959572957853171, -0.019020326394941407, -0.4647065913663298]"
"[1.113453104603605, -2.3715283234739335, -2.2067097615058975, 0.6076732599632305, -0.7296608473247244, 1.0910949725313526, 0.004863201463829586, -0.43876080802485007, 0.0165897592337796, 0.8280433221815428, 0.3294902403409329, -0.5769677429354144, 0.7198932097442469, 0.4077406149317218, 0.2297987924597649, 0.9154503778264617, -1.304921103890608, -1.4385391127664933, -0.47253500160896716, -0.47959875445423056]","[-0.9421324781726714, -1.8006033539294664, 1.2974501904694071, -0.49472367861704836, 0.23279228183886894, -0.7969782979087934, -0.022038944531833596, -0.5376767473257725, -0.7105463239808618, 0.6699465083170442, 0.07760365321543217, -0.21693765568365886, 0.27405828350757444, -0.42456833582775133, -0.8574556631070971, 0.09661990461162559, -0.25484851159178246, -0.41553279240996005, -0.26637870264084945, -0.5616825697168716]"
"[-0.09796390866660028, 0.5282979677156885, -1.2350733825934588, -3.558665147864217, -1.0009930239207565, -1.22864795747793, 0.25012838775989044, -1.3594295213734815, -0.10720225937090538, 0.10753898370609363, 0.14277902789458696, -0.46514818651327217, 1.165549216403711, 0.6900489420438874, -0.37042292549609496, -0.34844096594584456, -0.9884890699189213, 2.187442324390632, 0.3401620497904971, -0.8337724231165065]","[0.641046127487397, 0.5961478495526439, -0.08469334667166192, -0.10887321135874092, 0.5843810101061075, 0.2562642127429636, 0.5092698767317722, 1.5635351498609529, -0.41883757087423545, -1.673616491880152, -2.165485225389572, -0.1988673534176225, -1.1663066527533066, 1.7130823841981497, 0.3101691554038523, 0.07930246509968931, -0.010029003451879338, -0.46695429158549306, -0.12301918737018099, -0.05859574434004446]"
"[-1.1031886158624147, -0.02547635884747643, 1.315852436838138, -2.2820124882473674, -1.1075116810934382, -0.5120741344898672, -0.5257373299132729, -0.8514567082088126, 0.6572271883583645, 0.41253797830417016, -0.8212149371688402, 0.40092165734454577, 2.2246428968186405, 1.248300553566754, 0.1481946871778784, -0.8849114027094727, -1.576462496469672, 0.7844477172036062, 0.5960660561441684, -0.8712985196144427]","[-0.014742443172734827, 0.611453090615578, -0.5731635202296341, 1.0212144986899956, 1.4540522333713592, -0.24917792558251037, 0.6067052858910903, 0.6409266695928284, -0.012911933483683405, 1.1854206665131468, 0.3222588995032203, 1.0176077690085479, -0.8304833553145394, -0.9152981368476854, -0.3523433921061482, 0.44731873632366115, -0.22044296917056744, -0.17306842728394473, -0.9383523252730971, 0.4974239440020975]"
"[-1.936103003520155, -2.104148132015115, -0.39919406772253885, -0.11723704761884791, -0.5991953183106867, 0.12755623146857434, 1.255792154564296, -0.1810576606688032, -0.7791178427294789, -1.6432665006739546, 0.893529113203605, 0.717919944109175, 0.8422892142133112, 1.3296940099857302, -1.6201558252206745, 0.9217382236513192, 0.3840184532063205, 0.615933063579573, 0.8996845661767306, -0.23425990121167573]","[0.10951080562721441, 0.6418274930584121, 2.069789975497517, 0.16808100827544542, 0.16390105226604687, -0.3421678718827753, 0.3559000147665088, -0.9897828353398378, -0.9674534768582366, 1.010501073112775, -0.8411814957346797, -1.6513148764249272, 0.4164079749650608, -0.6003785507771626, 0.4580501180952898, 0.3914687237563019, -0.860618009535035, -0.5533295996109239, -0.9181024337321649, -0.2151986149769204]"
"[-0.6345719884555048, 0.5907870953598706, -1.6214503917216438, 0.7443046747945321, -1.9206175304093904, 1.3844229604665272, 1.0037492842590174, 0.6753104378234299, 0.6017314531142417, -0.21662642550559252, 0.2990517219349448, -0.10509586216893284, 0.8792154733348255, -1.1694497881369985, -1.4791928042157851, -0.7622264038254231, -0.3142078483169489, 0.04173705752657879, 0.8527746168073531, 0.19966595838052054]","[0.3830062164022726, -0.4118497127608793, -0.10594162577316533, 0.857638067471524, -1.4434788380413335, 0.03978544650185035, -0.3596578358443372, -0.823297847532256, 1.1152619662032157, -0.11738341887086483, 1.3259162373701088, 1.406246742689255, 0.4339745184792195, 0.925382161545391, -0.9868924258192531, -0.17741190627552483, -0.8194825644117671, -0.44874005857726507, -0.22175968559509796, 0.4881859887708859]"
"[0.4425870905468459, 1.72597706863399, 1.997935371518645, -2.1485634590917213, -1.5514848636940883, 0.6643710856783271, -1.1539013082678427, -0.6815276004523247, -0.6418102922220679, -0.2381273584065609, 0.47408111423039184, 0.5953317892604649, -0.45988077225738117, -0.8319191089686725, 1.0482637842854814, -0.7413683677039383, 0.07201355570861662, -0.22897979840104093, 0.3906953100980635, 2.3622386870829897]","[0.529103305985822, 1.0094101754450342, 0.4774183342537632, 1.17713366426732, 1.5539266483580412, -1.1659848207884935, -0.8844550582682253, 1.41207908175972, 0.49054860693614283, -0.774259243416449, 0.16276530427988412, -0.00812440267093525, 0.7699533159608257, 0.5030977176072909, 0.3408789878681436, 0.7521807742726075, -0.3478253037969563, 0.3011199847920241, 0.23040667025442463, 0.15184000710444706]"
"[0.5432561241344537, -0.8420020832552183, -1.1711356869542395, -1.9382750484195623, -0.9852735894067153, -0.22690358937428798, 1.2795620414226014, 0.4055553034455919, 1.4721498344396657, 1.0231929179612937, 0.004946518210837793, 0.3413565248353763, 1.5710145509588396, -0.4607695900686895, -0.572390278929729, -1.2786508343489231, -0.46116964444541975, 0.8231484557330749, 0.24440976327779362, -0.31099828453787637]","[-0.6835016706395605, 1.4190774181552546, 0.3065169884401455, -0.6929176309313982, -1.1048688749069757, 0.417580846696936, -0.7172804273682221, 0.9285500077581507, 0.4569194753297159, 1.3337775686186317, 0.896291274676913, 1.6012553389348285, -0.3634471618432406, -0.09427797139115225, -0.21749964868367083, 0.7843204217092311, -0.4909991809346517, -0.7461481046320222, -1.4543830145910275, 0.6767806789018794]"
"[3.7750485785052823, -0.968753548876657, -0.1095657678372344, 1.4016307345941177, -0.6000166427412523, -2.5284682052343475, 0.4621370181945005, -1.0393878043559355, 0.04722317092500455, -0.8528666626931407, 0.7436753779627149, -0.2079582378399781, -0.8424654532917552, 1.627334464399332, -0.23386323779924417, 0.8892819831842542, 0.390842899893408, 0.07317031978554321, 0.17245146135714995, 0.14881930743243982]","[-2.0418878234215434, -1.4939227514370912, 0.711361844847894, 0.8611324798448157, 0.23443673256748873, 0.7779016161934602, -0.03597530054666019, -0.011044291795580979, -0.7446003461556764, 0.571935998925077, -0.34116515499772937, 0.7174091887692675, 0.6167275760701406, 0.5112854059786055, 0.24093728666035052, -0.24658137507845504, -0.1871675471901433, -0.22909702909413887, -0.5599205446856058, 0.08695982060971735]"
"[-0.8465359219373774, 0.334394201750907, -0.4635036335887159, -1.3409047577448008, 1.9172692641729756, -0.11482809710669843, -0.9736223616392538, 0.1470118377711046, -1.135852307163514, 1.3092834775238007, -0.570555710312763, -0.199795175084981, -0.35775715074420017, 0.5917606978970974, 0.6706270834448693, -0.4860600631661577, -0.18463167772052194, 0.8760340610660594, 0.5016807921027571, 0.608314221436919]","[-0.16727384526723826, 1.1210909907649504, -0.6893301647810434, -1.2337061318816012, -0.10486619903554543, 0.07576246358826612, 1.0092038464500315, 0.26465512551770726, -1.0033796769790158, 0.2996135820769207, -0.5697975092961283, 0.20479192384478195, -0.738555636091049, 0.06823190010089125, 0.7469380916541579, -0.7093457067649815, -0.35141162626137973, -0.742043491931217, -0.6467152311958756, -0.7724812733526882]"
"[-1.5053639166548902, -0.5524841801495604, 2.4967535051677556, 0.8283253025122232, 1.6755056772698687, 0.3755684172103139, -1.2981924263173747, 1.6094907602375883, -0.8475153423966051, -0.7657839901788549, -0.6856448740621537, -0.7821527905375296, 0.4054872440750499, 0.32264856754055077, 0.918671900063982, -0.3750124653943562, 0.9420468451942209, 0.35723884098530734, -0.1568638183510185, -0.9018107804089802]","[-0.5915742686637592, 0.9379278395764146, -0.5988466414019225, 0.25826361927994457, 0.5627300891753109, -1.4078613058030336, 0.7557117030634019, -0.5853503132499338, 0.484935077273153, -0.34512682403241274, -0.664240518582364, 1.1984279672435945, -0.045385271112243684, 0.6903034271524385, -0.08012144345726986, 0.00991842599456674, -0.25074506475685604, -0.6796008125482509, -0.49682606872465596, 0.18164597400261143]"
"[-0.5163188813538881, -2.0053503060506443, 0.9581426741792336, -0.7993574549310414, -2.037305944212006, -1.4700097602234006, 1.4837815925504032, 0.8006242359838046, -1.602248819191906, -0.4899519981295113, -0.4823358035098318, 0.09515200438548585, 0.26516679166531926, -0.6774111193010998, 1.575939874585365, -0.13978826125302116, -0.19842354886769145, -1.4937193241219906, -0.18836016765537594, -0.6192775201357104]","[0.641905926801111, 0.54765802815351, 1.0572820619444885, 1.167912338507069, -0.491214969196575, -0.5831730965318215, -0.5013673232573402, 0.08937443549675551, -0.11451549093085144, 0.95151763609206, 0.19588726092213934, -0.5551628902739645, -0.8490416686762428, -2.0234770933028923, -0.5842233649852331, -0.2442550377653614, 0.34651700641583855, 0.17086590122255713, 0.153561858902508, 1.096433519270391]"
"[-2.836290641160935, -2.8084999380397613, -0.4157994178679029, 0.3343041023816511, -0.7614342741070834, 0.6731889395126608, -0.7845610816741386, -0.7561566419227906, -1.273680502917994, 0.41080053181104337, -1.4632640341184318, 0.5786136325165745, 0.3497358654454654, 0.2292207694194603, 0.0007281786384214207, 1.0562456363830346, -0.7272643518949388, 1.2001240906611728, 0.295698741875016, -0.5467488235570681]","[1.0707259146793697, -0.06056806008591794, 0.8538944991372075, 1.6167217635843043, 0.10568655791834337, -0.6591805439769935, 0.14620380514323744, -0.7943228058035676, -0.7452811559602748, -1.0334206289166403, -0.27165361865345206, 0.028525796806833502, -0.5187030618276354, 1.4640870522924287, -0.11704074122229925, -0.32590382392568656, -1.3145016035414128, -0.38139472349844517, 0.505221669400034, 0.27064908384429764]"
"[-0.5549337410845953, -3.128691937386604, -2.850699233868725, 1.7234415858939303, -0.3387289165429884, 1.83861031380389, -1.6498265223508468, -1.4673253738103413, -0.014040912015742413, 0.7169025197115011, -1.0016996598207324, -0.18449823107511773, -0.35229383890899624, 0.21239977792374928, 1.2484301826954562, 0.71235879412571, -1.4445628965695152, 0.4870609375951956, -1.7251085462401121, -0.24542733848783949]","[-0.5930110545244354, -1.49231709816024, 0.417442366758367, 0.15086959788737891, 1.321144725515431, 0.4741322836616771, 0.9813413011014168, -0.688523124356166, 0.7247249500841461, 0.9588486477561814, -0.14926715675686614, 0.15689237044306875, -0.5767675274511549, -0.00022642719737972866, 0.30219818294206074, -0.4268522727308886, -0.028062393731483126, 0.309561897823977, 0.6821618307415924, -0.5910205574952467]"
"[2.473669999086084, 3.476260875084096, -0.5901882500131397, 0.5840940834856638, 0.9779550197260417, 0.7047141560778251, 0.41576727327001206, 1.174450326431893, -0.276765078929436, -0.320845390005896, -1.020413985602293, -0.25142893777619657, -0.417865058120694, 0.3032221966851599, -0.4838147932048229, -2.452817268997073, -1.4046217549478943, -0.1752230240497192, -0.297523279014047, -1.2490957219095673]","[-0.7783129489233813, -0.8681695382130457, -1.1376425621155681, 0.13230073832615857, -1.18634976351094, 0.14815150368133984, -0.5229380778902297, -0.3343524703272076, -0.09619526802077272, -0.7316329796087477, -0.765637912808746, 0.04637853694485935, -0.008821886419211826, -0.9500969414799305, 0.00986662186903185, -0.5841589249676575, 0.7197457859097979, 0.0991216965192416, -0.31257470755241334, -0.625131022019192]"
"[1.6088630683789, -1.6262850097021773, -1.7659615933362045, 0.4010905298096473, -0.18591515861736232, 0.9768931136601231, -1.2349681215288797, 0.1270934338459883, 1.5104643351680944, 0.43771406120028167, -0.5597391151358093, -0.5842410802501924, 0.37752308820677355, -0.467541896868931, -0.8979876219488254, 0.6926958522284177, -0.38131072375280856, 0.3711141560953602, -0.7881800802940687, 0.10770844679775936]","[-2.097767725931791, -0.04312648978899251, -0.12212868416465288, 0.15361707753577938, -0.5483442965950459, -0.3139858024028572, -1.1281820533166007, -1.3125927334149474, 0.37341390502974064, -0.7201492498885103, -0.28336799541227886, -0.6213729878569437, -0.18712858306785424, 1.0589204264411012, -0.5710242505401274, -0.39890673323470854, -0.31535698119765754, -0.8910826179492315, 0.26363617392688415, -0.9095054802080479]"
"[-2.6949479646269765, 0.01739052946938096, 1.090002926859697, 2.4123755777179214, 2.2252250901922186, -0.11605966570543522, 0.2568453330729417, 0.11387351973843819, -1.2774390685923314, 1.9666916326790762, -0.7709840718417504, -1.8112595825714974, -0.3995961828591217, 0.7195994336167434, 0.46044042037873023, 0.6996797439237541, 0.5638475287637748, -0.211315381881038, 0.37797925392548004, 0.24770390419052146]","[3.7415660852162542, -0.24427515811631295, 0.4869922876981753, 0.37879776232166124, 0.5923093759533224, 0.7831984738345176, 0.7837146167100482, -0.9116185075357828, -0.9492378542396878, 1.2037274468706423, -0.21684042278169308, 0.014016327701161378, -0.5163210629884413, 0.32874473630069645, -0.6397977393590502, -0.10141005787976558, -1.1550360463793656, -0.3678271452403168, -0.658886628006339, -0.56813029814754]"
"[-0.3099700479977667, -0.5353869767358349, -0.399377172007438, -1.3943174233461777, -0.9268070929728494, 1.3557573984616387, -0.4394377742881231, -0.5423456536984848, -2.039542301740058, 0.707783470179581, 1.5523280885199795, -0.8117504309244231, -0.7202081614018393, -1.4013078874343263, 0.08030457307617651, -0.5240395315396521, 1.6713905298546856, -0.3813510222237668, 0.012613986108524596, 0.17362877064733015]","[3.2063722733877236, -1.3125142521700175, 0.6341765040041927, -0.22558351826501408, 1.8004638227184482, -0.3580096690468891, -0.23502046194370854, 1.3310918959688622, 0.07155454948959068, 0.10169991326648044, 0.6100156144888398, 0.4472104003009047, 0.21565977370612327, -0.21752086738626025, -0.7371547974328614, 0.14255701674592441, -0.19505962723871795, 0.8313547045704734, -0.15278021707699738, 0.7362863416665206]"
"[-0.8726950146312339, 2.0729758143701678, -2.2368694382029033, -0.014745933290369809, -0.15024931830050245, -1.1542777373222621, -0.21002703997389074, 0.20423876147061518, 0.05966272096081152, -0.49452516673296953, 0.06750157665572434, 1.6065078047911254, 0.0827747749988314, 1.5340414490227878, 0.4785442224972313, -0.5775823876081949, 0.9503497634796693, 0.7491129873624571, -0.0918060809317545, -0.06388081056560677]","[1.5309591749969884, -0.7479174030113075, -0.8857289053600351, -1.0713925808588447, -1.0326223169098827, 0.22400010617292535, -0.7542280915721652, -0.18178515896891806, 0.041963393557318686, -0.9652330270753493, -0.49132890183417754, 0.012349379895955153, -0.8023168082590919, -0.5799319704630498, 0.5460009862083083, 0.6442892277190897, -0.6028047578339031, 0.8016935506751989, 0.327293275988679, -0.6828137864334872]"
"[-0.6012149334477782, 1.2310574607304408, -1.1052932089478045, -2.526099951224939, 0.540033007750455, -0.67333687405178, -1.953865663054437, -1.7361141017303703, -0.7709293592421428, 0.541297471711278, -0.15139651761708345, -0.5623323047928593, 0.07783800300874545, 0.8473700882848214, 0.01993701124945506, -0.30885756633376765, -0.2766824893099856, 1.6246684643908054, 0.18711144055892573, -0.8815904539442049]","[1.2035396158804694, 0.6027151092523194, -0.12918505257392432, -1.3274791327654174, 1.271883439295933, 1.176507264383531, 0.7257526948181184, 1.7711480823665404, 0.2181169368442797, -0.6073232373259422, -2.096223192611519, -0.058754523480176755, -0.4170278799229107, 0.35365868584821075, 1.240937505378461, -0.1734029859924499, 1.3092482066427542, -0.020890838114560134, 0.19415086789151376, 0.5601067731314971]"
"[-0.5467071305824823, 1.035043924851509, 0.44423634486072416, -0.7269049359066586, -2.0371106998430055, 2.8794489157630228, 0.4431522798305262, -1.4821380580333081, -0.7622629116814453, 0.7403745858410794, 1.8453290543201166, -0.605712576685248, -0.1617417082877065, 0.3321455413726439, 0.7291736205194432, -0.3425104546764246, 0.7346744794689326, 1.1006327374325622, -0.0095158393759853, -0.24190982449938112]","[1.774816212240085, 0.6053361190722931, -0.4199369987192408, -0.4688132194610525, 0.7299549780714998, -0.8764293150574496, -0.43197476314963723, 0.7157905416336502, -0.4787545131848691, -0.6509376344036298, 0.7511285757807934, -0.4160005671891388, -1.5233724684327756, -0.6024658735851331, 0.4156292614604964, 0.12483785231429423, 0.40021191165500697, 0.4104152603065647, -0.12520648632205797, 0.3202674718597656]"
"[1.4324765846735212, 1.773311595735863, -0.3480139016021485, -0.37591497549515207, -0.37287678911381317, 0.8505443024520285, -0.9297961730962861, 1.8803235590920522, 0.611157153534533, 1.4914973133171228, -0.8905621408791914, 0.4454124708132814, -1.0128448393056364, 0.007338571211422853, -0.08962783185680658, 0.44992506179075276, 0.16097710039734214, -0.22883179560013803, -1.3357319727256112, -0.2292745401266193]","[0.2235448803444241, -1.4986975722259834, 0.04965954722073002, -1.0361424817398492, -0.8229599246568132, 0.047419241566602155, -0.9242356273288574, -0.1322031250317175, 0.3071424210529208, 0.3366088719381781, -0.27637459445633705, 0.0761323239266398, -0.0921604752077784, -0.28105296928422185, -0.9181543833465756, 0.05566340235451997, 0.010062259222688006, -0.10332395963733468, 1.200500166268881, 0.8488520554394814]"
"[-0.06213791273468173, 2.7152656752940514, -2.4260191822284853, -1.628015156760547, -2.3715786415355877, -0.38452996402470235, 0.11314308594675095, 0.04100494125417304, 0.46956597869083666, 1.1591368182229733, 0.5178546438024947, 0.20543000754629964, 0.7254948129519236, -0.6659569518346791, 0.6442556060629709, 1.1284191721468657, 0.9429183886243041, 0.4418849435896545, -0.227246196911816, 0.2083032056129296]","[1.4938491941902303, 0.22350751914175826, -0.9107561263840953, -0.3121710372208239, -1.078762078129795, 1.7548562839511563, -1.4877546665781503, 0.6146662782845258, -0.11373322707485684, 0.6988674727187554, 0.06025452106722444, 1.1409847843449672, -0.5962720702167204, 0.4289564973506568, -0.31381779516933944, 0.07752092386412338, 0.12916049940126398, -0.059708681087364206, 0.751815584971186, 0.6773890038024253]"
"[-0.24516793762935174, 1.8273649879633198, -0.9984714580627168, -0.3803995630734692, -2.7023261735758783, 1.1813823994260733, 2.975177360217338, 0.4773077925124487, -0.7487856104821146, 0.4536675477222121, 0.9575613216398869, -0.8597881640902283, 0.3703039710931611, -1.1124192112013733, -1.5055128773096413, -0.7764864235981513, 0.13730632828432054, -0.24153172425720065, -0.08914098970966454, 0.5720591371578055]","[-0.1804606947830102, 0.2342193243362258, -0.4261868856121117, 1.5555383946628354, -0.5070372209106416, -0.6490383593218373, -0.3814233738535263, -0.3378658783780613, -0.6054982930255893, -1.202741101868459, 0.5927372630758992, 0.2398933544540178, 0.41312949412961136, -0.00782916915775855, -1.5413312706543465, 0.24372996251939918, 0.2968318168597815, -0.5257541455015867, -0.1445466487876768, 0.11292556750619852]"
"[0.6004823053235174, 1.0540181801409811, -2.6401441912367827, -2.18849905548013, 0.32260282740683494, 0.04599830312526655, 0.6557198818109296, -0.574316127411671, 0.7242624582217885, -0.03645489511623273, 0.909030352036342, -1.1511463709203493, -0.8891088310983483, -1.315631906310797, 0.3123197614024493, 0.030121688954966752, 0.6129000505828233, 0.17212078185985477, 1.0016735855430592, -0.6238271931908191]","[-0.21722595973092432, 1.4533706021128938, 0.9312379118797653, -0.9979951845269812, 0.6102734378478422, 0.8974385283671212, 0.009622846547954032, -0.08155229942570566, 0.49207540943206013, -0.7752279030530859, -1.0594440673061998, -0.9681056841924452, -0.47664926460138324, -0.0484032406255196, -0.6945598616964503, 0.27479033305327566, -0.5218887285310952, 0.13022043974877492, 0.287086982981339, -1.3968210584462293]"
"[4.6325769365886895, -0.5715249582315095, 1.4059644657027077, 1.3269201236361619, -0.2568986063994331, -1.2715270610588019, 0.8049311487315263, -0.7589773236227616, 0.002299142934537592, 0.08708680622608168, 0.33407692587289284, 0.37915685976089347, -0.36846572633057734, 1.0006806757134319, -0.2805108113742279, 1.8626327094831585, -0.037610348906950336, 1.0508775048171106, 0.4100321693306557, 0.9080679484722178]","[-2.1880591083254393, -1.8230321274222874, 0.6047901471825571, 0.5283852588815542, 0.12291045535505639, 1.4257600399800467, 0.2214659492428703, -0.4286654258907616, -0.6076087727338249, 0.6274139027175645, 0.007492971930234036, -0.289973854956718, 0.36799428372414844, 0.08886698394246001, 0.3695373447555704, -0.07519327725002921, -0.1933755199607283, -0.2165697559671503, -0.8380947311184478, -0.47645482127106537]"
"[-0.71847072112577, -0.07989498595318242, 3.223044079286487, 0.32025947451046205, -1.4339143932838763, 3.133408552011994, -0.70839787628968, 0.9410337772946565, 0.32779695498296757, -0.12720381040222378, 0.837699070994364, 0.8025404904769031, 0.42937292776473557, -0.1226605580270563, 0.7047157348193086, 0.9280546936105248, 0.5344661252910595, 0.01205346064586855, 1.5099253795187197, 1.4572788608907492]","[-1.0944266250609436, 0.8560970576795751, 0.48377918164926126, 1.4836131797510166, 0.2912945892240755, -0.6042335322329478, 0.22076428185243868, 0.3612127273301196, 1.270694189110232, -0.6922868857066481, 0.47880791726698635, 0.6024500719032947, 0.769189300882514, 0.010343137953214428, -0.8232513266720215, -0.5274163920838506, 0.06372787403359623, 0.5240959330679584, 0.19113277596600595, 0.2561753916438269]"
"[-1.4904666204982353, 2.269079920130548, -0.8991554723068285, 0.2661243278583462, 0.29513608195719815, -1.4401052278815423, -0.794778552353903, 0.23949600086792502, 0.3472669040399435, -0.5510731015546781, 2.1687992266215073, -0.40854028316057406, -0.46198170069623123, -0.4530549618352021, -0.2606399462423202, 0.22489981937887557, -1.0068845868617713, 0.22255372040425103, -0.01558789088068675, 0.3609619075677795]","[-0.015246004869736205, 1.5970035711998896, -0.36750529601105497, 0.18615971013889504, -0.7222343239272345, 0.7568171977275681, 1.389194944567085, 0.8895673153326574, -0.13137960723957673, 0.5049570432072134, -0.5503542166367439, -0.4235774257175359, 0.9225674904557463, -0.5918267141124186, -0.5493431198672312, 0.08862248632553667, -0.7673257808380484, 0.2680363253225872, -0.06541245066542443, -0.9389918534059376]"
"[-0.7185353419890506, 2.523707796142976, 1.8455059432072942, -0.14919578867302516, 0.13898894781584192, 0.5463522666392, -0.5755232591819761, 0.4325259988791096, -0.2604426963536452, 0.22502067367516115, 0.22072807802047179, 1.1038080217031732, -1.2392825859424768, 0.08167113955211122, -0.4510421402904825, -1.9315866992285555, -0.9666872436483401, 0.4016920044788887, -0.09359926687868397, 0.3980325841438374]","[1.6598839085240829, 0.2929248253661693, 0.14164606002285468, 1.2590751848835573, -0.4855875269903835, -0.12274846328878244, 0.26763836821751014, 0.713744619402452, -0.1195980061087788, -1.355557255788409, -0.7365301622925059, 0.6872086243987453, 0.3728731903526137, -0.005545112445113443, -0.8531465209086926, 0.4511218361328534, -0.06660762609944747, -0.6516619125399313, 0.10163040907913158, -0.9546840350082233]"
"[-1.264977288106188, 0.9794823111379034, 2.9483863545495694, -0.355036410582488, 1.7037717137212212, 0.04856786693044302, -0.07579019466472768, -0.0561939904148664, 1.7229590328781585, 0.3948983311323416, 1.1820782711940905, 0.0928472731613105, -0.3903195354099788, 1.2178137860724472, -0.8038110797036847, 0.5725304636459296, -0.2321679066631678, -0.8389691219234394, -0.3892867647588718, 0.32644426781898905]","[-1.5825848828471691, 2.2976734510305983, 0.4487647104828938, -0.22272243589324184, -0.4266701373237593, -0.38225140466874585, -0.28594744964148583, -0.46270991449255006, -0.9926343678637808, 0.33720864663626365, 0.44465578504974007, 0.5663941960422083, 0.8983109746671817, 0.11162591564707997, 0.46698371345545353, 0.41987256460109385, -0.0650077232919656, -0.23769787467912198, -0.07124286854963509, 0.4108039054669728]"
"[1.5338095035807984, 2.5712280877963853, -1.9851789211883701, -1.1254046715615926, -0.8756527966003846, 1.2135785618463188, -1.498518402198965, 1.1470200937364912, -0.17839119793899014, 0.3219732648906796, -0.9960908328356247, -0.6279065091557244, -0.5220913259073628, 0.14745320649688903, 0.7165850985847666, 1.3700993426275303, 0.5600122932754613, 0.013140331682596897, 0.2334272660211717, -0.8445203067878492]","[0.5639627328891821, -0.0880769187793285, -1.8435364740687146, -0.8776070351791048, -0.6953269366805976, 1.0848302683296938, -0.5962829786072379, 0.38511691607804677, -0.22599612571037983, 0.830792478689254, -0.21311653797982988, 0.19738772376761168, -0.38371115058801697, -0.2191519424105392, 0.7041127475354475, -1.1705613315661234, 0.9175012572051718, -0.1617052920700218, 0.516569373268209, -0.07163843989346245]"
"[-2.866871868296413, 1.121518164908891, -1.1837830121591901, 0.794717507616415, -0.17886081559252387, -1.2333445076540919, 1.8962727144963831, -0.012156436309329789, 0.9417221906609899, 0.9384062388463874, 1.4092531438564049, -1.4078965580290657, -0.03793145217214087, -0.3059309757752709, -2.013408459416622, 0.2863927040044553, 0.228633616603188, -1.0397306467284295, -1.2828017329114076, -0.5499840091542479]","[1.4497141215817777, 0.1436219330285277, 0.23497759510696728, 0.7622758267184379, -0.6064798646991343, -0.058295546601408524, -0.29184946034614656, -0.7420162315648948, -0.7392187392885712, -0.22594699954459455, 0.1838521670885485, 0.7223666790857987, 1.8586752022558672, 0.5172984464980626, -0.5221713756437956, -0.030758600024385453, -0.20719956674954987, -0.38459574904332544, 0.10178654735494504, -0.06101849473884518]"
"[-1.1781990350132219, -1.1587547509742555, -1.4385070451263686, -1.6395436972547273, -0.3344739962753978, -0.300756968025671, 1.8928443680106923, -0.7302581679562017, 0.3708226899121663, -0.15448008762471602, 0.18196850956654725, 0.08929346271296155, 0.3255616687130019, -1.6639838109631733, 0.7204644991024096, 0.20181857348404894, 0.8915301212478454, 0.464040486455724, 0.6016294739096394, -0.2582679503433654]","[0.05462146566033999, 1.955476514965825, 0.4784190795367611, 0.2036175846075844, 0.9129695768101896, 0.4478934340937923, -1.6665984155608424, -0.7726918883634183, -0.2806190389360341, 0.33883355366273726, -0.6485416934261428, 1.065685041848136, -0.31561444129968336, -0.26929245365966914, 0.25853737640586727, 0.4656279535770962, 0.7415512285554468, -0.10956807705060807, -0.29350322415469565, 1.0218199474405738]"
"[3.6803701101493784, 0.7749666713397478, 1.2098643558827886, 2.998357316277814, -0.7094442865958476, -1.4270752053160207, -1.1935947294659732, -1.5158441491933998, -0.050014494776653026, -0.1976728776882891, -1.1272945835157193, 0.03659853319097807, 0.7695639944276474, -0.9672404719538839, -0.633315596347599, 1.3947907367577759, 1.834249947163427, 0.7436922492080571, 0.43353372345405217, -0.1329240607884308]","[-1.9718797033551536, -1.5118394822033936, 0.2526311757360756, -0.020361456403837675, -0.4391560781371217, 0.8679786057914903, -0.38305274257584204, 0.659131003671373, -0.8342854205254924, -0.23612501559959018, -0.0458862610184139, -0.6279548534967908, -0.9444190263824799, -0.2665865842328532, 0.34438612854269374, 0.82699011597299, -0.6714890343581709, 1.0272079915039696, -0.4765939842754481, -0.5566224779530983]"
"[0.29800418399487383, -0.8323417769255927, 1.500829750355789, -3.6969709541316105, -0.23080581788202123, -0.6097078744510959, 0.5527094577147127, 0.7782929286292006, 0.05798401597026033, 0.22334392778007106, -0.004813585932956357, 0.5493254153359277, 1.7526825321914248, -0.343396989239745, 0.3266574074886393, -0.7236874651761493, 0.06273831885041446, 1.4063056916625634, 0.8498463669882129, -0.6910417194954613]","[-1.418931812832988, 1.6066531792696133, 0.37939101677146425, -0.49446512378783614, 0.552694430050952, 0.29674210985224764, 0.17329303802777166, -0.007534784321138151, 0.3137604523423644, -0.6104490027291813, -0.9467791183668757, -0.08071179002347646, 0.36999682484554347, -0.5286654619133963, -0.7575424729009667, -0.22764913383436144, 0.19994358479843305, 0.50273862210825, -0.8440534943923892, -1.2197725209897488]"
"[-1.3890056481075297, -0.48749558597284415, 1.0463900523810257, -0.2912001936202064, -2.8318714306670825, 0.7252062317510768, -0.34302779625541996, -1.065371693058125, 1.2825544237881055, -1.680336911994541, -0.41882274627402116, -2.110761162929983, -0.4713393950417271, 0.9525162207225366, 0.7813556211593957, -0.299090374212843, -0.16309264730224246, -0.4989994330028885, 0.031017820896489176, -0.7785120687361896]","[-0.30442576968938306, 0.9122625419209909, -0.19319738732657987, 1.6893642915993308, 1.0058056946086917, 0.25503090629226915, -1.195729628470864, 0.28039565922459386, 0.4787907625151362, 0.6429756776464107, 0.2005004100947097, -0.8441101024865219, -0.39077036403519405, -0.539728839175769, -0.6271604466121973, -0.7986852871154109, 0.2755755454802825, -0.47854024569859527, -0.07045372858725185, -0.8798691739434682]"
"[5.622450838371647, 0.8017831932623855, 1.8339239856290357, 1.3919404836524305, 0.7997548509917695, -1.1763836529963185, 0.9099068196216015, 0.46926266616749784, -0.7553121173372449, -0.6502474614726009, -0.061267841947265755, -1.1004124436014386, -0.8121623913205286, -0.5165867355310045, -0.1947675309673812, 0.7428259172194356, 0.8186423749650839, 1.8995947049127728, 0.7123100095208861, -0.8211739874219899]","[-1.1872671654614053, -2.1385226021923, -0.26063474294398176, 0.48511384978640104, 0.12488520701879648, 1.6375739337845239, -1.0455484807596358, -0.30324176291118565, -0.43685777145584015, 0.7031583189377217, -0.662916397403677, -0.3542768579476066, 0.27347818995797823, 0.09877165126648381, -0.3304827364016981, 0.5169112637532888, -0.39260207074609405, 0.5536455316643054, -1.3906340968336561, 0.4703812522877899]"
"[-1.2396315527980637, -2.076093425198433, 0.1810649880924232, -0.5533882940057854, 0.2038944782945386, -0.2883697219131879, 1.643177874680216, -0.5050009357810801, 1.4818485174858926, 0.41951384350505616, -0.5268725887305098, 0.9187866501933863, -0.20821419618537476, -0.16417423407164505, -1.1638145575793117, -0.9786851294951208, 1.2418864015025257, -0.3400199708391129, 1.4602762158679425, -0.9422221237500141]","[-0.24415605298452006, 0.6768683071440237, 2.4578885760743994, -0.8178135298045158, -0.2616793291829621, 0.04632748084474316, 0.1437205682767621, -0.6845590158781486, -0.9340333122063521, -0.5942943591667968, -0.15716013568587384, -0.09934368559010386, -0.0297261738821895, -0.736949691429508, 0.015430087334124324, -0.2683314959257373, -0.30871641517305465, -0.2091312896416631, -0.11707577987145915, -0.08418488183681488]"
"[-1.6756622999901818, 1.3236922462338363, 0.33065994886309796, -0.21448401127063302, -0.345520829458897, -0.3757499007156425, 0.7097257526015345, -0.41270500269813326, -0.2555994578733704, 0.171797457922251, 0.7559209736137732, -0.01657869050930898, -1.6804468545024887, 0.1384920381013864, 0.6362778687968712, 0.3625697432073529, -0.26745878897570563, -0.5957314744239848, 0.5659660656677626, 0.42444588821951296]","[1.1763776067759772, 1.028824432918099, -0.36253840307933927, -0.5149084064127027, 0.42960871844460574, 0.7199718531227168, -0.23276207757035033, 0.023263357672609612, -0.965114823491733, 0.8841226238777528, -0.07989700745436826, 0.24706515264292248, -0.5520910857221437, -1.1797490905344148, 0.37745652386775913, -0.6134630210959474, -0.5042005545940605, -0.12559383905683394, -0.4135896808821666, 0.6782050740854736]"
"[0.786100530779202, 2.0397345374867366, -2.891503724900977, -0.15859667957054457, 0.20326959286366567, -0.6348571036976594, -1.0988922251517321, 1.0131417845217066, 2.034359359935972, 0.41373290656810574, -1.409199078763168, -2.5583325492232856, 0.0013869289794059283, 0.17602389734308338, -0.5543967875326505, -0.00554482434337372, -0.21920340286399467, -0.24753209362305875, -0.015102168478570543, 0.8741257571295266]","[-0.060849711466472514, 0.17386575937964388, -1.5330938448649591, -0.7040120138153196, -1.2849567262171784, 0.3329206483438021, -0.3773645159918309, 0.6989501326572831, 0.8388361475486067, 0.9885260861323496, -0.29411855225778877, -0.545477391678983, -0.23324605598665632, 0.49314444112913397, 0.36637413792781126, -1.906082115300792, 0.5701641380415644, 0.06267652456103069, 0.49730672066806375, -0.7351501894283391]"
"[1.7808913864072151, 2.663739796810781, -0.7454370834830335, -3.2945666166545267, 0.010270965102944767, 0.369524065267545, -0.23999165587785656, 0.7058275616424199, 0.15023907727629915, 0.6548417531427834, 0.5807981920545019, -0.03460817614748383, 0.6347593750715812, -0.5180116090905308, 0.37564073123213554, 1.2868969710670923, 0.19153105933055453, 0.5013573320511492, -0.1970112722231021, 0.6138178851141703]","[-0.596763812993069, 1.7373428196375424, -0.6504699207454211, -0.42406041202278316, -0.5604000331412126, -0.8742661569119214, -0.7761855622593032, 0.11067781590595291, -0.7232052892851971, -0.6304858260498495, -1.7523990273358971, 1.0459801397229507, 0.053730233926813226, 0.6926009064199666, -0.6346989117785823, 0.10095409926804697, -1.0386225065976389, 0.3232656224815831, 1.166494836230115, 0.6502556960165886]"
"[-1.2647185149863958, -1.7532127280416014, -2.2036815102220233, 0.5163835895037654, 0.5464705430793442, 0.04865566784858144, -0.00907455245245597, -1.0866206902140663, 1.267132584837201, -0.9289797959984718, -1.373129265853502, 0.26397478054274526, 0.7242886899673049, -2.1623471520864057, 1.470105802935672, -0.11672398355640938, 0.1631795679073495, 0.22177466601753093, -1.1765975485933609, -0.560901816991945]","[-0.8886877537455796, 0.744710234741013, -0.45899078492697415, 0.04125552978606577, 0.009437630055680043, -0.27277224072663236, -0.2138621917589338, -0.9087313794876669, 1.4211936006400874, -0.15231559582841322, 0.4171466515085062, 0.9372876102252671, -0.37215585632616877, 0.22397292147737732, -0.06161876720591713, -1.0969395621087772, -0.7795920729512714, 1.6981175228811685, 0.8701656186186248, 0.006430849752795335]"
"[1.5952521521107825, -2.2673704233967307, 0.6314140169824403, -2.800978611913659, -0.7766442098427639, -0.3344304800178276, -0.6637493183561822, 2.056668388808833, 0.23245819631842163, 0.764443482376785, 0.6202691631582216, 0.22351275688250136, 1.1705093147429633, -0.2313591717253705, -0.03844343260163071, -0.948034134863408, 0.3973488029802976, -0.21875110768713443, 1.1274230700009547, -0.0002563326435159755]","[-1.9917778903695722, 0.444758055170791, 0.7061349578412884, -0.689358616014576, -0.7018639844510558, -0.35703659889969114, -0.6063764445305047, 0.8707326756966686, 0.07088436769078936, 0.8554588766590132, 0.7218235451631485, 1.6498143163656547, 0.00444272965959756, -0.24784878305147046, -0.8153605922972577, -1.4351453799559666, 1.450747299799004, -0.4348986497992008, -0.6794145694523248, 0.6936022659644724]"
"[1.5229289955633967, -0.12906006098958667, -1.5698643227043907, -0.5873285493012089, 0.5981264775760563, 1.303026292803436, 1.081852727690552, 0.09583904844113579, 0.7328786237640671, -1.6576229577626636, 1.6709909454393157, 0.6759206835688636, 1.113852409466573, 0.5620405263968267, 1.398333095594706, 0.5385999913191147, -0.08597453167248734, -1.5621868297495096, 1.0995344735293777, -0.6617374643544998]","[-0.12255889202453765, -0.3917906089934313, -1.9097166662989251, -2.0423548970258985, -0.12229923278178485, -1.958508101444235, 1.1183298694978798, 0.3455886039118519, -1.176650057565658, 0.47148183316064995, 1.360321247596633, 0.424326131782419, -0.20214572345582374, -0.018606661070303312, 0.4679360379394696, 0.10236476600922144, 0.023623818135846304, -0.0011518904556102566, -0.5890628371998461, -0.6308941466652752]"
"[3.508465774523308, -0.5790047693693413, 1.385669938128501, 2.4645063605538384, 0.12599155182222269, -2.730351134054267, -0.30286881559360856, -0.7352717347760379, 0.06916876037789223, -0.5219190639361766, -0.18876040162204705, -0.3823486155104204, 0.5995559828870713, -0.3834901613554062, 0.33585178966762785, 0.7962722153936719, 0.6933313992382936, -0.006549254910991973, -0.2396009563873329, -0.9544885978442756]","[-2.376873201419216, -0.9199673016058655, 0.4374316920261656, 0.08812907650852432, 0.2214719224370745, 1.5487876680562074, 0.798753210246166, -0.11807208208307449, 0.5542742124807215, -0.16694784435925467, 0.23760429257793841, -0.2401092259734861, 0.4617176805160634, -0.2560206501206643, 0.11939112237250196, 0.2330345474732054, 0.46918396457260236, 0.26345192321787775, 0.16583685434976628, 0.6335377325510728]"
"[2.745541245366009, 2.7695293932310596, -1.4180598503907402, 0.334412863029961, -0.7988407488411766, 2.346867134730978, -0.5847424999818999, 1.5368820006019028, 0.45236199733167176, 0.4395365836673051, -1.7499930964590131, -0.7886385736832018, -0.9542098766706757, -0.07625533569583935, 0.108479970617087, 0.7859357530278406, 0.3787892408353901, -0.1395194260750174, 0.06957822309060402, -1.1179126974034357]","[0.37906639212067095, -1.4062426687628717, -0.8552389750511702, -0.6493362807167946, -0.6343133895178396, -0.15124117796812866, -1.422717796248978, -0.23150829015441213, 0.8101460067858123, -0.19263175440161692, -0.7171955038451666, 0.5263875814364665, -0.4773779988013972, -1.4745736285239641, -0.33030211255544223, -0.5268573176094418, -0.7301431246577555, -0.2776135995550828, 0.15257038437023396, 0.3531234783669109]"
"[-2.5164201966814623, -0.8921603680321686, 0.8356088429460332, 0.9033423279507055, -0.1665646895422572, 1.862985992209002, -1.4435035124392206, -1.0051345585886629, -1.4960672450936934, 0.6489177788016373, 0.6251684459756185, -0.7885977929663945, -1.0882371877085717, 0.9328527471135862, -1.578297597082783, -0.0471920257881434, 1.0017541436193864, 0.48076667456629196, -0.02993915010981807, 0.4152400070213679]","[-0.6223116704424628, 0.641332204346759, 1.5726239118602128, 0.47567020817000244, 0.9436241027880291, -0.3897144723350754, 0.22786796119862313, 1.0717666915254924, 0.16807329301830606, 0.17029754852748147, 0.8334819171684713, -0.484015496827523, 0.31316206456712903, -0.5546513633857187, 0.012446878446131663, 0.13573286191239176, 0.29763970524332534, 0.7279285964164293, 0.6137567899945421, 1.371000682037958]"
"[2.696307841453416, -2.9408714346385163, -0.12650816432799158, 0.13968185713333015, 0.5246387514172435, -1.3330565876202323, 1.2432615578804507, -1.4524556181222366, 0.8757259252636084, -0.7394796362426725, 0.9748135997202563, 0.48246397631969296, 0.1511334315200162, 0.12915986286424272, -0.31609281259948646, 0.1390747724211116, 0.3868103514600373, -1.0027912038014832, -0.4272285726818067, 0.28786369575077114]","[-2.302869177093175, -0.4969986485104341, -0.01476337207022922, 0.5648869607220425, 0.5528143769116022, 1.2149480598465616, -0.800340265973158, -0.36129721641609264, -0.8011950582682008, 0.7141106851218408, 0.4429489062184401, 0.2657035848190789, 0.16424228088065082, 1.0263373366347883, 0.4012945232959082, 0.1840510704123433, 0.16815606147106596, 0.9275442317678152, 0.04222352127806856, -0.13885808582651887]"
"[0.8665925585913534, -0.9924520891066743, 1.180101372371986, 0.7480451812650828, 2.7259883168148256, 0.9367582544090158, -1.3358836410023625, -0.10118064423271354, 1.8155693460938063, -0.006281070159327478, -0.661434009571591, 1.2528526907407807, 0.5276937220545189, -0.7277546631355323, -0.8650283471234689, 1.143832197950207, -0.1352050677144982, -1.0185081917031802, -0.11939587943319104, 0.7002301594072886]","[-0.941158910273905, -0.7592936195806284, 0.49316467701596955, -0.4905471001411011, -0.6609458501310322, -0.6660374418775904, 0.817945993019531, 0.2792759504719192, -0.1139424686158692, 0.34889993753869686, 0.5412852442085754, -0.13068521458873814, -0.14129660440362785, 0.7585046217824397, 0.1891220096688241, -0.9636035008036089, -0.41258719816414613, 0.25431420184043746, 0.006124448956135748, 1.0432625869030339]"
"[-0.40385377431581326, -0.8798728122148953, 0.29873414755827205, -0.5878668512550962, -0.9307940118338326, -1.300662575582509, -2.6878113467728695, 0.3946939208737451, 1.6923595703713972, -0.31856999657705654, -0.8149001718303677, -1.2288799207070997, 0.2881191005091137, 1.3372209914538766, -1.7725147405249604, 0.2575519623284662, -1.6608075619382454, 1.2535947398585594, 0.4729189231322911, -0.40556756403746475]","[-1.4528353783843546, 0.8222854014479157, -0.4710795047609132, 0.2676938048219637, 0.1198130424130585, 0.46979203714425466, 1.9796337449753962, 1.4795367333690366, 0.16872039782043377, -0.5624163511363032, -0.34096869866978785, 0.5751925248636054, -1.0599509534999283, 0.8526470924913211, -0.032880847395249664, 0.5757200296539119, -0.8650969973956096, -1.2829702947982862, -0.6466537639978104, -0.027018938817791025]"
"[-0.2437947805883311, 1.9465612047119227, -0.7524393320643009, -0.13661351801140653, 0.5658296552369667, -1.5924332812473039, -1.7463819490634904, 0.9754301394412398, -0.43119498209369844, -1.0406648286234894, 0.052282502136816865, 0.7936610424562386, -0.4646917382430596, -1.1563206542295106, 0.4572697632623517, 0.10577924056888685, -0.3277107319295887, 0.011750309615053125, -0.5960561603454332, 0.6001633502915902]","[0.4489997023854076, -0.22113367783948468, -1.280912551663464, -0.9581209237494003, -0.5563518359849925, -0.3304035627518032, -0.7446260228579981, 0.9548315844893738, -0.7625021467905954, 0.21428919861506732, -0.18567100943582227, -1.5425336092238877, 0.8012698673948998, 0.4925847990106913, 0.5200855621768815, -0.7634627717653144, -0.5391674743401867, 0.17938782385323274, 0.11024595655625188, 1.2475108720989367]"
"[-1.5489317191612397, -0.8569394118928804, -0.49606885108454934, 0.64353280528223, -2.0315648022794646, -0.234067448021236, 1.9657906952510085, -0.3922757875209126, -0.7139772372052842, -0.36674742833044344, 1.8681420845716936, 0.8610156064102981, 0.42113295597450023, -0.36327704514836245, -0.7000859033469489, 1.1868096280015972, 0.303172424934198, -0.5748357774451905, -0.3410349794886814, 0.29554620955457467]","[0.5107764984015134, 0.4532545530780825, 0.04706310446253942, 0.29374207105764777, -0.7130871258990639, -0.5706980543385233, 0.1361227179162119, -0.5613315717037306, -1.430545713092028, -0.8987971729154394, 0.0021967379302807438, 0.059425436535339306, 0.4972642046628964, 0.376890309376057, -0.15257928284789976, -0.2891395249085797, 0.7476097752106837, 0.7031373257392489, 0.9774859604292704, 0.5715888938564191]"
"[-0.12790569311765623, 0.5756594224988114, -1.8744593543399806, -1.5205166455895933, -0.057342180533472904, -0.059270796236666326, -0.3438331824244108, -0.8841039553563446, 0.5578647404873598, -0.9278314884495372, 0.22232305018442927, -0.8194304180881433, 0.6460572444423843, 1.6572357875612889, 0.8280410213403211, 1.4306739202652459, -0.5374500500013135, -0.17268982830975027, -1.4335494055436055, -0.23351488512484908]","[-0.657358471429653, 1.4486058073178358, -1.2600607742535352, -0.8443781939228816, 0.49190332417646015, -0.9079259438001195, -1.2396918900404255, 0.3010243847581489, -0.513561761246392, 1.4201498223797504, 0.05998031394606121, -0.10597244778376819, 0.1342328066453364, 1.4541828943380861, 0.18923905249919357, -0.1663772973599427, 0.7425441343869407, 0.4416647840481057, 0.363194385573631, -1.4714217643069096]"
"[-0.6798708742315805, -2.147349319715788, 0.5160645611125934, -0.8851454963609224, -0.4594054534428934, 1.0914246291223275, -2.144815400883463, 0.8833267018712835, -1.880846413624721, 0.7025374006355923, 0.986435898767515, -0.27945268072373824, -0.7431822089873082, -0.8777392298823901, -0.829280321138209, -0.7591901015883813, 0.40673715505454, 0.34621540159931063, 0.6575300346862736, -0.3325008479142743]","[2.326792446816845, -1.02924762316347, 0.4002242697132883, -0.795981936119353, 1.2506395942506818, -0.09855302531347362, -0.023599506129247532, 1.9890342266609806, 0.5518849153551489, 0.726099329448787, -0.5482996338673246, 0.5569338310076817, 0.8259409901798075, 0.3574707127976799, -1.0544247689742543, 0.09370675499155313, 0.09878829131707027, 0.3197339656470916, -0.5089615817000729, 0.574398102178554]"
"[-0.35685551058053305, -0.9171021819266958, 2.881595392751064, 0.9736796193737738, -3.087178421908792, 1.2988796799233184, 0.23374596317874052, 1.574001278017601, -0.12609090698809647, -0.7101483803310487, -0.7253039841033224, -1.390495687186945, -0.4172272117460066, 0.5272502235681968, 0.1897124013163505, -1.029473279981692, 1.3250504384993305, -0.5338288767241312, 0.2578439833320034, -0.5277910721702452]","[0.3937881124687072, 0.16837206640780802, -0.07637333323815441, 2.172417317790001, 1.0510295695223888, -0.03936742704826324, -0.51652771657487, 0.15966865141096429, -0.39166587011488113, 0.6627606091053064, 0.3578783452628771, -0.17180056837069432, -0.5042361695032964, -1.738839414681909, -0.10946574514694087, -0.5567789651842787, 0.17439664425870793, -0.06179135232551129, -0.3956160424203842, 0.7433066296917813]"
"[-1.3924076929635902, -1.2409093557620692, -1.0707422285562749, 1.0116858466584568, -0.6380593898826175, 2.098001377064646, 0.11097877414160781, -0.45375650926140243, -1.382471590465517, 0.26805577909759853, 1.3219146779126438, 0.29470347739219255, 0.623934703821252, 0.18315762395161356, -0.43808623216651343, 0.44285828669811256, 0.1847644133636769, -0.36328785086448656, 0.10441267619656444, -0.14579357057863127]","[-0.2930227332844199, -0.9051942457247124, 0.22357953446083004, 0.8250145733123395, -0.6046012005740399, -1.0380415364590356, 0.2656496133783542, -0.6102427609514696, -1.071474789455187, 0.515161785067082, 0.43396724556095634, 0.27972242348668735, 1.394303937241532, 0.3419095198040628, -1.0566298724646146, -0.3693835583236246, -0.7012712366893052, -0.8563584495393985, -0.14069807632062512, -0.05813432109286419]"
"[-3.3481370734351223, -0.45380305120259967, 0.9113906449915163, 1.6245283341398475, 1.329641944398633, -0.40053026119994894, -0.04421304059735404, -0.35286370204013806, -0.7685969463604387, 0.3925478802998717, -0.8252263672007027, -0.7248217668160042, -1.0594338290436163, 0.027053422793508454, -1.2103503720029716, 0.41627149317400614, 0.5565521106697722, -0.598934130011983, 0.6392367880167492, 0.27137244693518203]","[-0.016577941684744666, 1.5592462000221006, -0.3129607396231217, 0.9009722476331788, -0.16342092058175245, 0.23487917674759548, 1.1143239584287825, -0.48185719500329827, 0.985804949525593, 0.10322636823457204, 1.2204500932039408, -0.41973797923337214, 0.46773107129166275, -0.726429503323484, 0.47704043301027876, 0.9914300937037799, -0.8388735112676106, -0.464405499781568, -0.6418937150349895, 1.0235948779136312]"
"[-0.3363002229572765, -0.28415213754831464, 0.9288903985180249, -0.7577583708597996, 0.6333982670659906, 1.2492595260504022, 1.1128373062339372, -0.8067623980288038, 0.8378233868533108, 0.8796590563519309, -0.8852608530020838, 1.30382261485171, -0.9152526369935665, -0.12933112533585164, -0.6038672586843951, -1.0057321901613232, 1.2977428466283678, -1.726634464173924, 0.3697998469600438, 0.31357099644646236]","[-1.6591576956002492, 1.551179510678129, 1.8553149577884027, -1.036429354557692, 0.011889279804173324, -0.4049710803196468, -0.6675929191721633, -0.12228748037356343, -0.09444250694689418, -0.9963902810737806, 0.114271022636686, 0.09456131849603469, 0.650525265845072, 0.43286616472128275, 0.2079502122218593, -0.04654146980527914, 0.1639681439356518, 0.12292718218658144, -0.10015021146052058, -1.0405309640492761]"
"[-2.8811757605714257, 0.3448390103057815, -0.22483963558045775, 0.9921964776661057, 0.8479050332198327, -0.4224839583889145, 0.8470945256386327, -1.0219760630191208, -0.518292079171297, 1.2557029547620182, 0.07819273919110253, -1.5491501193308557, 0.008214836864692782, 0.6021443030633822, -1.9658712438610804, 0.4230053671808775, 0.13964125031113947, -0.07511582961246654, 1.0758019465681719, 0.5618696685315551]","[0.9304282124446083, 0.3110217842351823, -0.7510205270885886, 0.08972605218194897, 0.4184469838403381, -0.7688212163302681, 0.9545131530553573, -1.4293382419189695, 0.5259532583339157, 0.40214979066813666, 0.3558202769144177, -0.4000983721294836, 0.6314423788311286, 0.4734178403870055, -0.2439186754195993, 0.16798523315437575, 0.17111922760921489, -0.46325220851665266, -0.7060177845523733, 0.43235146043835826]"
"[-1.145417186909004, -0.03320465325395043, -3.340984552908051, 1.1900364335623757, 1.3327198773580406, -1.0105515796673679, -0.09101794229195648, 1.0230404887173492, 0.06565653527087181, -1.8048926399321061, 0.7416699734765646, -1.598724863268644, -0.1086812876467144, 0.6391415849009616, -0.42238247129276185, -0.7084456616675346, -0.9541738021080151, -0.6486757073842442, 0.6452230702850741, 1.3389586245764737]","[0.49529084053052164, -0.022111132345834204, -0.2072346166776151, 0.01096973413054189, -1.1616024921617147, -0.6264493547820066, 0.847034004322366, 1.0209659065283319, -0.5647835575041413, 1.7768805413637307, 0.10647166014933117, -0.30529910910044333, 1.8290614100045723, -0.7566275446144399, -0.08412406231265158, -0.13923234925024588, -1.0854193725511208, 0.4605805552103115, 0.0868780871377285, -0.3313596813456558]"
"[3.1865110117282653, 2.1463062277959555, 0.7841749295252847, 1.1910670261651544, 0.3807790069081219, 0.2010473959866139, -0.3878164667237035, -0.32656297534179235, -1.2169347446538468, 0.2185817470928544, -1.177252246617228, 0.2786523758474208, 0.9566197114917653, 0.06192443137707557, -0.293608222104796, 0.14210667810463587, -0.3826874814633406, -0.7927739563636771, 0.132652927257552, -0.4300177860114279]","[-1.5656227627600616, -0.11531721567369194, -1.1261434618730177, -0.11499407221720419, 1.106285485731028, 1.2744594706315786, 0.4181964518621098, -0.4278438178708546, -0.46685462176399267, 0.0312773561694636, -0.5421473799584587, -1.1419609687081602, 0.3761100321273509, 0.10673626796261548, 0.42436312318094066, 0.06873711304667804, -0.2747753206394644, -0.2894116393728846, -0.3783604050269024, -0.11334106374818254]"
"[-0.6479154659321543, 1.775875558053627, 3.238999040238128, -1.8102201713194526, 1.5401010732703873, 0.0014016657962679893, 0.40740996212794667, -0.6185006236537341, 1.7642666429186173, 0.8828743522717638, 1.0312306682859145, 0.8540838807819952, -0.0983515476996446, 0.928756761227787, 0.051390129910752376, 0.41650140279264203, -0.7762896220959374, -0.9901246997727441, 0.07551832156619699, -0.42749289571024024]","[-1.14023083203398, 2.3978249213871226, -0.24319551366286354, -1.1521622587529827, 0.26767536730598235, -0.0039611379433118, -0.04258694907106381, -0.502181272797319, -0.27807466659703567, -0.12313476016983746, 0.7060682762156846, 0.922902601988352, 0.46927689343424833, 0.38129382669963424, -0.08200074160344714, -0.02472602382989682, 1.1721609203536678, 0.8165916458328749, 0.1793053954344876, -0.26783151002349853]"
"[-1.3213428141228114, 1.9789074769455837, 0.3038858897255132, -0.5242172622835204, -0.6907428188002046, -0.6477873208212518, -2.504875927846554, -1.5496662225039186, -0.14954219825546186, 0.4603732666920026, 0.35135318420294603, 0.34175046219019056, -1.7632753193130533, -1.7320498915719076, -0.5835427734019903, 0.38776936868507567, -0.5536902312259087, 1.2063197208372638, 1.8393381518359895, 0.6431449605846218]","[1.6922634972224175, -0.3390989397083315, 0.7091252663968997, 0.9130441776775993, 0.370698919045432, 1.190392891013678, 0.6617713162442795, -0.1674491081939229, 0.20291589134394986, -0.5036292150063426, 0.039669734095393254, -1.5471385697490072, 0.3105908066638183, -0.15415739956046703, -0.15914055287104587, 0.1557551205336392, 0.10020087517019308, -0.7087986556760945, 0.3703237331426434, 0.40008007799556566]"
"[4.774048689145127, -1.0557809970262313, -0.1346988689749124, 1.394902732425067, -0.91930772027458, -1.7390406071448246, 1.5111315166803376, -0.8917159187482782, -0.8989331041620043, 0.6976280483299622, 0.15716322306683927, -0.5342095373801504, -0.1659284561442241, -0.44435252520285984, 0.01841521902527485, -0.07991907162346096, 0.3592392666939937, 0.6124613531021988, 0.15324109112036396, 0.08730459222006796]","[-0.7137852375201884, -1.9946427657277062, 0.8861233800925156, 0.3386179990066956, 1.0001746227908535, 0.681616656041873, 0.9736070443611087, 0.6916049968788395, -1.253943889715028, -0.42834914289073656, -0.41531396004153964, -1.002029101474239, 0.5890277652971456, -0.6460108359629066, 0.06367108034359033, 0.09498898559545721, 0.17894667936469238, 0.8449291866819909, -0.9630986129424018, -0.31870322799991085]"
"[0.3368907117889015, -1.8597415558427868, 0.14561595388726903, -0.2719867616558201, -1.8510504140354282, 2.8375659761689644, -0.9599641910504407, 0.6334800795873792, 0.8944713300155706, 0.359313149648972, 0.054755444710790004, 0.5332617522324778, 0.9511993194302514, -0.2444187609291137, 0.6830472664900803, 1.3775282727683482, -0.7945492785077574, 0.0800012674433123, -0.1979802251339478, 0.46700182832504017]","[0.45031265363552964, 0.03286007017074257, 0.11234463943409974, 1.546187919630219, 1.0773679971781691, -1.3439883489592543, -0.6225910740088367, 1.9340277860842199, 1.1760385371411113, -0.9417300433414774, 0.5342800753799022, 0.6390450871166916, -0.2090659558886794, 0.4873361707890992, 0.47639232494631745, -0.12122421836743982, -0.6210209962280683, 0.6031505468642593, -0.4405055572764382, 0.4479105562363454]"
"[-0.46444950484516895, -0.7621673741345164, 0.5831566694213458, -0.9601941797175981, -1.1865445593596142, -3.2680142264932286, -1.1950649763064627, -0.439938755373727, -0.806278578214545, 0.09244256793936086, -1.2155885168678653, 0.32423378285420834, -0.740380452276393, 0.8245766139307505, -1.4847573908451606, 0.5876895707228024, 0.11811328918252592, 0.39273400655396684, 0.05079746290165107, 0.7413184803574506]","[1.2272737875984017, -0.7781507232417695, 2.0127765695100264, -0.0017501033061958662, 0.27138895511725075, 0.4815164122087126, 0.7086534011851344, 0.012962472908537893, -1.229171934472847, 0.5177743082106387, 0.02461983371061628, -1.6870892776893593, -0.5373441476305314, -0.01642180487755548, 0.7798103193861173, -0.5369333998635356, -0.3588219017060818, -0.9817587621163587, 0.2026666129592804, -0.05971973457305648]"
"[-0.04132149883319273, -1.7428333793342823, 2.31295974535969, -0.3205042665270379, 2.1539027796899233, 0.3091771349430017, 0.10801224823341515, -0.12665815696610364, -0.013202281692274314, 0.8018195945348279, -0.6575336017212614, 0.1248829592540081, -2.189321143957154, 0.582512248928745, -0.7913868812744819, -0.4450410045208185, 1.122519992138192, -1.1549919573559988, 0.06979127118288624, -0.05312444967676385]","[0.4064842539325971, 0.2685132735444112, 2.0565259334424804, -0.9940149842488948, -0.4245855541292527, -1.0760761731535944, -0.7341553464571446, -0.9152800628093744, -0.06559277001140741, -0.4578404686787232, 0.36683345309380927, -1.1621317050290811, -0.9357619784112612, 0.8232824724456618, 0.2000924743831781, 0.794124849321108, 0.7866074690957353, 0.8744010610008071, 0.17951200592318306, 0.7365605672489823]"
"[-1.534358391596579, 1.3070371601069728, -0.3592230958887134, 1.8085317262412521, -0.4382267211489516, -0.6339047421537183, 1.0519448180190598, 1.5394809461760839, -0.44773532374402236, 1.2739788950562236, 0.9897029237458559, 0.732317498254776, -0.3656917806902835, -0.6724424097184586, -0.14897975908212685, 0.16384960477210322, 0.365092893346274, 0.15434519549327644, -1.2290517349935808, -0.4290260383398863]","[-0.4294254407559254, -0.19932306102392508, -0.45538527286834896, 1.0367073480173563, -1.722609356961631, 0.2681837110018543, -0.9337695686467382, -0.31087205371783794, 1.3194160763646108, -0.08776935894199593, -1.2518836556955062, -1.02604257228871, 0.29854980283070137, 0.4307835661042519, -0.02559643743405447, 0.7636233925457765, 1.3561039100870984, -0.5011059902837341, -0.7082773710743399, 0.9616813006193071]"
"[0.11666950756028407, -1.5940354292935053, -1.489237025871793, -1.209248397392116, -0.21369744321011383, -1.833872706041784, 1.0415562057210237, -1.3675038777232218, 0.5286558292428954, -0.31747158669161807, 1.5144111783262852, -1.0677293348238603, 0.5085197651069241, -0.8230881320644454, -0.7194054900210901, -0.2888621534442012, 0.6028925352406358, -1.8432320545077567, 0.19102474814554557, -0.09927119762157227]","[-1.6549654343626734, 0.5268542909185383, 0.6168956194080376, -0.0024145143770952196, 0.28427847241774173, 0.21604691275817667, 1.3763862160617826, -1.1529005110031216, -0.16160743290614774, -0.11746305524450089, 0.4743301459800092, -0.40902587816585595, -0.18705950645343272, -0.779482260831941, -1.2490018197498134, 0.07657596993200938, 0.1879423303050722, -0.2739519245331446, 0.9325440035625836, 1.095565574967181]"
"[-2.5806863310677945, 1.9369453984699172, 2.339369105596476, 0.6064960901741657, -1.299211433642067, -1.1579287878211906, 0.919187045369203, 0.27782874245108313, -0.6893780464252842, 0.970813535209591, 0.37226568686146944, 1.2108197257555473, 0.5487862488526948, -0.8954568922230103, -2.0926529948916137, 0.537718933594193, -0.0070219085435694675, 0.5732380415453852, -1.1288573868325296, 0.49921337389542253]","[2.6080070454305466, 0.516757171826446, -0.26498706856072934, 1.3606471467532908, 0.665009906441258, -0.3476811770073746, 0.37234849661679126, -0.36664165155756845, -0.2958583525342575, -0.1809054462476417, -0.08993907370419005, 0.7288018143923722, 0.29862760729517585, -0.25274389325832297, -0.4956909134884009, -0.167645622709204, 0.04236414423950299, -0.910658864619769, -1.11623796615984, -0.07948900379443684]"
"[0.6989138865507674, 2.0063286065255417, 0.7899913862880494, -1.7622496798492917, 1.602987834605476, -0.7882194576340548, 0.42124713992938995, -0.4420581632016773, 0.1357889679717254, 0.40364881563177635, 1.3305002503487349, 0.5627890521617411, -1.6709608542324013, 1.0673395160663899, 0.23291837250357897, -0.986121159537763, 0.00018933631244751458, -1.3723405879579191, 0.3124037796900803, -2.0712094016922706]","[0.12829337722174589, 1.3095791406453252, -0.04415005265119706, -1.6792949443310194, 0.3522010060472964, 1.2818126905590472, 0.0014176711787922726, 0.33225046274703307, -0.5386957126979227, -0.010091256714687814, -0.0947522427273929, 1.4841972054973005, 0.49223143892886734, 1.8747431538785783e-06, 0.3785693735134151, -0.3011294132082994, 1.100731217504836, -0.6012645882403511, 0.18874459648638675, -0.37887186828613456]"
"[-0.7813938755404085, 2.074249473155767, -1.1534282244866685, 0.9448277145355604, -0.46883115252979324, -0.7893009020827623, 0.9986110569906087, 1.4256034258529653, -0.3227776467904981, -0.6025560783289949, 0.30083090314551525, -0.9726169992015332, 0.6234162502657834, -1.2577444535278497, -0.9666557471445089, 1.2741057323506042, -1.0227042451699409, -0.8175346202918284, -0.1974968274671741, 1.226042756602472]","[1.526360616378266, -0.3757970887984097, -1.23262455226698, 0.5597778463841114, -1.3700265673000682, -0.20248052800071112, 0.15395088711883592, 0.22871573316133914, -0.6523710112688856, 1.5363229268732228, -0.2857679797414051, -0.5448581192347999, 1.4151173003079145, -0.35265515141669124, -0.08750121637741887, -0.6385194214857367, 0.6935157933834697, 0.3346893482410792, 0.3795046483418094, -0.16422985846012736]"
"[-0.6141701931421747, -0.8598347286750279, -0.6040061635973869, -1.4007831072639316, 1.6543302639525397, 0.47173665269192716, 1.6899449778520133, -1.161982698914044, -0.7136479732750842, -1.1416521470754497, -0.35937628109283826, 0.011108891756933748, -0.15657641311081003, -1.6686811778128514, 1.0771661404856492, 0.752073955785361, -0.11805128640760293, -0.10367125402813018, 0.721709338273967, 0.2370005612787958]","[3.2664727455942826, 0.5555253998919277, 0.6096085336353869, -0.24003060654253638, 0.9144720729132564, 0.8187180993245045, 0.4017003433728751, -0.1605737961563574, -0.6679033579765604, 0.3545124078421092, -1.0463323563109626, -1.2463668850095164, -0.6092811991964914, 0.057306130154099855, -1.5053336841844815, -0.26013936656298003, -1.0059702533334685, 0.5091843349729822, 0.1225321589609321, -0.3881894632880768]"
"[1.503670093674822, 2.2159123961392657, 0.8058666333523149, 0.6353009591468772, 1.1437789080407448, 0.429345065454693, -1.6059880368629724, -0.140684154059638, -1.338023608020026, -0.8132539926392462, 1.0433753562924128, 0.8202986470832911, 0.016111818455808582, -0.5339016698956275, -1.5126336093032762, -1.0076239287407542, -1.0635255994805648, -0.770630721170902, 0.8971353051119612, -0.5309391267335527]","[0.29547610774468896, -0.6545829344227311, -0.27243148221961416, 0.12110738705835111, 0.28058396112905226, 1.5342880473680869, 0.8316692253111819, -1.0451141174786915, 1.2641095443868968, -1.5987245374226837, 0.9795919660155783, 0.16686743024148037, 1.2984109427566497, -0.10457113994377892, -0.22213261533014003, -0.23799927920037617, 0.23483590446828448, -1.0150587323303508, 0.11468007634052198, 0.6421540798611044]"
"[-0.5601092324346949, -0.7830366200462462, 1.3415317340260233, -1.262402277617023, 3.4469871623592434, 1.2151888576554797, 1.918927222959532, 1.0017972251977785, 1.3869125513440534, 0.5975162591353066, -1.4071161118652609, -0.5350256037094522, -0.019363160469954448, -0.4427729542647458, 0.5425111843239679, -0.5326343355979534, 0.3794504093503951, 1.5182628421057602, -0.10823443414537144, -0.893690667297187]","[-0.33055919273743384, 1.5711217344701978, 0.9007593691668807, 0.23498316556208518, -0.1358606961311291, -0.0704909370598659, -0.8533795956308908, -1.2211081926241185, 0.806929907670015, -0.18936185184084375, -1.1588571378885433, 0.38482214614346516, 0.009001059122698295, 0.48454760725837936, 0.5387887805946387, 0.9345764315679063, -0.2754498348440813, -0.11798845191856357, -0.4072626972449748, 0.4032547179994205]"
"[1.3124348347363668, 1.014116678314372, -0.9858765873723585, -0.8038677991984109, -0.5166835570726298, -0.4334832418836808, -0.722343412756385, 1.299696987087288, -0.6763545993493997, -1.6071355942165209, 0.6631244968902293, -1.062212753504258, 0.6259157541852516, 1.372321722259234, -0.06803720592795033, 2.5636492742711083, 0.3335341897626153, -0.25540387287372224, -0.3097664317301136, 0.11433898562226844]","[0.4070638354991895, 1.0539226332304048, -1.3367201141791138, -1.027866108415172, -0.2519420253657116, 0.8504913376433757, -0.09998355306477494, 0.6723975498515327, -0.49578684490936265, 0.2878551613418348, -0.6846492749148136, -0.7384346756598748, 0.8120397477226561, -0.6560376505145128, -0.18286928938096544, 0.5437400778311233, -0.39440283111478247, -0.20385246009897773, 0.7410658059669089, 0.34367881036416814]"
"[0.2963405102569386, -2.5477736605920973, -0.5420869396334961, -1.434469941507723, 0.48276915888175465, -1.3894352554961118, 1.254634360697276, 0.36258298560119206, -1.4404732868238754, -0.2840783988230262, 0.18352717008232852, 1.5432013612148665, -0.24090465356994709, -1.460363600424777, -0.6535869821762894, -0.7120753359947248, 0.8660877874561439, -0.7066283893608206, 0.004381351838654621, -0.4164375993037735]","[-0.14522510457291765, -0.26203624275456633, 1.9764707465088964, -0.15706626286809233, -0.3340143820416119, 0.21953712452880014, -0.061971875748935576, -0.23298760161893062, -1.0309525551356016, -0.4310196794731087, 0.8926845661280081, -0.4431577096802071, 0.41049960166210325, -0.12004461413839992, -0.2561342034020855, -1.1559130960996002, 0.5867087869691076, 0.3532902663521171, -0.18653241254386804, 0.6356143065157244]"
"[3.266542780783136, 1.9933636333025895, 0.08893603201516002, -1.4357526983926148, 1.64909795500365, 1.911819520165738, 0.02381126962604834, 1.754948632436661, -1.4100413338991353, -1.2371594967460045, -0.7204097541216595, -0.5192411950379762, -0.8128804487589631, 0.8824133792871443, -0.7213486959596725, 0.9020376500025957, -0.802544488564726, -0.8488515838934538, 1.0143205322814641, -0.5200626466588789]","[-0.4306070969301, 0.11994543104846271, -1.026126724482856, -0.6264010708770873, -0.12160860531220634, 0.7317418225316578, 0.028944106429444665, 0.2796488626423133, -0.47828066136161856, -0.7024591280870518, 0.6057279982174075, -1.4554086077764612, 0.39319162596610946, -0.26940990963532574, -0.00016887204818861491, -0.30116485818740935, -0.7874932236905133, 0.4965891857439202, 0.6548046350741805, 0.7743294665583377]"
"[0.9846828999182561, 1.7929934673523618, -0.5118657502558008, 0.49077324050666193, 0.945171000417797, -0.04398815035756107, -1.4036268141332944, 2.4205250275257266, 0.3741189273460827, -0.22354254467828688, -0.309368925387315, -1.1343258195407002, 0.057236604829419814, 0.07394434333222527, 0.40921535676578125, 1.1257474748702294, 0.7530866008701005, -1.041072538011949, -0.653667656651927, -0.27380754529278467]","[-0.6362929189149326, 0.0477957715745647, -1.3403838713752905, -0.783391745472824, -0.4940870116287101, -0.1647174873685355, -1.1423620134180033, -0.15928985292840894, -2.1131401756914414, 0.2919014874544574, 0.5244386181308182, -0.8912339630116246, -0.7312265468903154, 0.27824939087586503, 0.5488725240862317, -1.247931689912816, -0.8475608475752654, -0.9285498972234492, -0.3533641257633958, -0.16046670554552553]"
"[-1.6932969931050368, 1.7485635066338852, 2.753366208421914, -0.7317753961200707, -2.687154961581789, 0.1122251776756978, -1.5755764223018878, -0.8546904418884684, 0.7860096401019239, -0.9504171606611849, 0.38101152343921846, 0.2750303120593525, 0.27042913734032886, -0.36234115234183567, -0.22368511222126608, 0.47793130320589294, 0.18830370574167699, 0.09573042882197424, 0.599972882850461, 0.4922588980741259]","[0.005679196525827306, 1.1700225185587636, -0.08458431372307017, 1.80569364755279, 1.459763004355528, -0.7156350069619274, -0.7691957907834599, 0.796782736238269, 0.6381745137757365, -0.3819848267094723, 0.9322976853942274, -1.0375657765771424, 0.5787701028323335, -0.7015130148657249, 0.5539944321992849, 0.49091980759897447, 0.39082055592955633, -0.5975036915850991, 0.4816484190191833, -0.557689075547011]"
"[1.5881823973093443, 2.2914745511048737, -0.11235058071072383, 0.46117648796487787, 0.97632348175228, 1.3248859230040455, -0.23008503701205477, 0.4353119144388374, -1.3423999829253128, -0.26072149528511857, -0.5194344799773918, 0.41295580762048256, -0.5391065364929836, -1.1756607540154858, -0.7241140135774924, -1.5576732005264031, -1.388991904958827, -0.9014302305035377, 0.288916191308722, 0.08252716519210741]","[-0.9122633928348742, 0.7058806618554444, -1.4506648661119228, -0.3719277346760969, -0.5121074467685709, 0.13267328091100072, 1.5063781860850307, 0.4674608261592305, 0.09639972028904761, -1.406231702740664, -0.12301830199284919, -0.43575134323447956, 0.2934945070373832, 0.1746226571008498, 0.10836254146463048, 0.11472801608884467, -0.68389207357515, -0.8947464633365021, -0.4401153625074528, 0.46082654774977133]"
"[-2.5923869019868087, 0.6096810137045143, -0.37577408650097405, 1.8561619383304415, -0.199033137692138, -1.3907340243035309, 1.3580415114274853, 0.8974112574927595, 0.3177119625679702, -0.3051200931743504, 0.21519488434579306, -0.44029192737815875, 0.5627207992902905, -0.002014912895609843, 0.05661367727735416, -0.15497271769665075, -0.5182987700951385, 0.4285045488318165, 0.4191550909178734, 0.5995590985265278]","[0.2378332015658926, 0.11750293587908886, -0.5195205947346476, 0.7666076128484325, -1.8980623148796631, 0.10684073392093113, -0.11673306220706785, 0.048944601629564655, 0.13436875960212263, -0.15198864272895796, -0.9462020230891808, -1.3996550040734852, -0.36458086377354454, -0.3071913207791585, 0.4424016370945514, 0.6077473397122846, 1.378434092335917, 0.8366480495201396, -0.6609428882580306, -0.01603636858319399]"
"[-1.439830667516854, 1.538042244945956, 3.1493610526960345, -0.6195922810993739, -1.56914948936042, -0.04097631279077799, 0.5375832737897185, -0.7755792776584987, 0.28138201397561274, -0.4953995283053612, 0.054756533285934036, 0.3817750556127746, -0.15224916770864724, -1.3943715790101046, -1.2734157123536503, 0.12743111701471294, -1.784167193893508, 0.13285553201396824, -0.387425422705742, 0.4617113627146105]","[0.6796732282578091, 0.867196309679538, -1.221496737727346, 1.4358890793435326, 0.49229548608520735, 0.4307276245269274, 0.40063956171115156, 0.4235796360895503, 0.6397675515619589, -0.0028845897300402764, 1.22096310756693, -0.4074039911955715, -1.8866621650902557, -0.7045535862524553, 0.3253028884999626, 0.05834357809441783, -0.7708812222035275, -0.359768971039681, -0.14636556095947764, -0.5519842824271507]"
"[0.4028617887443336, 0.8808907527225442, 2.9328018912906813, -3.3173866557264637, 0.5092357624031668, -0.47794532833901154, 1.2404834334072163, 0.36831322512817516, -0.8410435670635596, -0.1064765241894222, -0.13909241551936613, 0.19234015928157872, -0.3223471588052724, 0.8167920832268021, 0.19084897314374566, 0.013137904486122695, -2.132367514799593, 0.41444969641806967, -0.42042499924904714, -0.07659458400841733]","[-0.6762617512481202, 1.8604721811662948, -0.9629883081274219, 0.6614691767300925, -0.25493556505218945, 0.6735317059463701, -0.34224051764106944, 1.4407734620854842, -1.097561342252363, -0.5921567717905215, 0.38765624435908436, 0.28754749188486356, -0.30543305552521693, 0.4868087790465929, -0.8974765434771844, 0.025062201579810057, 0.26980280000584567, 0.18928461990513126, 0.17779272996036402, -0.5058072103655212]"
"[-0.14810355597630176, 0.04960640437117482, 2.829454757335866, -1.6409861361370448, 3.0011365254151317, 0.048471263653432586, 2.848962903659926, -0.40571274169652244, -0.024695506296499158, -0.2854801910983035, -0.22994255645969805, -0.11858671917593247, -1.916903121191946, -0.16055953234319228, -0.10541395145336707, 0.5321728845711078, -0.04169519308170323, 0.502173383780039, 0.5107345877884547, 0.5722152465360903]","[1.165591648322214, 1.6038331763362172, -0.1339977490323107, -1.4392257147720582, -0.17802546347658182, 0.43087685926608216, 0.030477508952239996, 0.4493175438678067, -0.7091666332164999, 0.1279394797951702, 1.329261780209385, 0.8559976225208819, -0.8380787849760581, -0.4227898408086687, -0.07608858905901074, -1.1225411988308063, 0.7545306684180487, 0.6343376474065127, -1.7673444322709668, -0.19493825965239509]"
"[-1.0625134761642838, -1.0088469301177163, -0.4431901704983573, -1.179388886237147, 0.013100686309005946, -0.7109290613939848, 2.1630782503332218, -0.9746273951412813, 0.11268308354270994, 0.2438564996301559, -0.41458214866205245, 0.5011528488810382, -0.09432659887871253, -0.6262120193361145, -0.39936577341248247, -0.4580407084180174, 0.9475553917213372, -0.4772210266447523, 0.5512277190027158, 0.5337186118484138]","[1.2108302062991414, 1.208884253627692, 1.5336664224769279, -1.7454154573971534, -0.461766080485604, 0.04264567640929937, -0.5123085275386655, -0.34201290537404905, -1.6040687363354114, -0.584049264729358, 1.3493392880699235, 0.3297659143216341, -0.7156679556265813, 0.1531046783119733, 1.156669898311719, 0.8351800425812033, 0.49837800015407474, 0.09259494743685373, -0.6565955642739963, 0.6984841142361203]"
"[1.0354764996567973, -0.7048254375545672, 1.0172895707390233, -3.585112495926011, 1.5378298988808625, 0.1942061854028169, 2.063694185023612, 1.5144565441136384, -0.2569564533745218, 0.021753857916596262, -0.9145833423177574, -0.0421246626169362, 0.8223664551325519, 0.4275166383503106, 0.12883729518475645, 0.5799546054836695, 0.3604860450089764, 0.7222398907705915, -0.15123855294113764, -0.5486509877356321]","[-0.837097690272982, 1.1595314331764603, 0.7616604541171672, -0.1229357472087471, 0.6907366894663407, 0.610819389734007, -1.1446094081486835, -0.4023312158010403, 1.4781503144282566, 1.1911010030866978, -1.57604588098571, -0.683796042531138, 0.07264474022788542, 0.01093238379794754, 0.6694477432096964, 0.637601641514821, -0.0799048260986291, -0.2997579665045914, -0.7535021430714611, 0.3430154268747021]"
"[-0.5666796564474016, -0.8158978731231816, -2.149436791039642, 0.2929609007449397, -0.0058671141449440295, -0.04877063902113701, -0.09513924070957161, 1.0735979963934081, -0.6514563016956478, -2.70557573520426, -0.2024269582104996, 1.2043900534737741, 0.11763114979969289, 1.042413093919555, -0.48619839050566416, 0.8631697789163982, 0.04851345141033761, 0.24344856891145308, 0.4866960772624933, -0.08453196390257349]","[-1.3277333071718682, 1.121492412659304, -1.202208049235341, -0.14264926929169192, -1.0170386949073729, 0.1885470170483608, 0.7247163340646388, 0.30910593717425155, -0.0640070664022337, 0.8718100703921413, 0.09558960258017105, -0.7184832725937454, 1.081484944613635, -0.6151820846603906, 1.1701644127219208, 0.7046124817316692, -0.7311107371392154, -0.24351008568170285, 0.24333618322320838, 0.6739560841285137]"
"[2.5180394261807266, -0.14014410088059737, -0.09005533157528407, -1.5730707847730108, 0.20117839089310266, -0.00784280194954858, -0.9696612343022684, 2.5354711250758273, -0.9937860969127624, 0.9784611273850717, -0.5303172864757862, -0.17774731240824995, -0.5846114434132729, -0.4881513892715035, -0.5945556525031135, 0.5658946894534906, 1.2204601919477966, -0.11843903939306871, -0.6398408296613897, -0.0415388640778727]","[-0.1740319472555393, -0.9583753927573939, 0.4456011932795998, -0.9698818003423071, -0.6332535456882243, 1.066589563996909, -0.8566234878241255, 0.44841569646074103, 0.4844975249899249, 0.5935134486273802, -0.7597060584497063, 0.7600259145280712, 0.6179651495897492, -0.6972546373455382, -0.7611818805397127, 0.5134460884777285, 0.699455751820579, -0.5245314171009784, 0.6319246370388462, 0.6304112934153692]"
"[-1.8640753457872041, 0.4986524132611064, -1.0165270938793525, 1.0260449242163991, 0.6723154414010971, 1.2265058249247687, -0.41455308765699195, -2.702886243949137, 0.2863547246192454, -1.1197058620249951, -0.5303451721930059, 0.4421584114935466, -0.2405799385927902, -1.4327184656733762, 1.2729400163010431, 0.8676787176469285, -1.7972595635090978, 0.8632808358621175, -0.4005332751381387, -0.6073586767253413]","[-0.0735265812476308, 0.4628108649609307, -0.15514003599194678, 0.2901851844222688, -0.7691339793401816, 0.6465748076259431, 1.205956721966658, -0.18244189212304193, 1.1167139543239724, -0.7947007945482784, 0.854657795455838, -0.5192101043739175, -0.008143533207478687, 0.9562401356222868, -0.004033642301835065, -0.2981164726248331, -0.32830726336774235, 0.9369646919420636, 1.532521039766682, 0.26604671689245296]"
"[-1.2115178264384365, -0.8569151612545437, -0.3912153054861075, -1.6680043294589562, 0.022796224334943056, -0.22642976814068222, -0.8548803021630467, -1.4252233207273663, 2.66893380885425, 0.7822652332968512, 0.5254815367078117, 0.4431191008261675, -1.125017415013046, -0.8959422890671047, 0.05287240961802523, -0.4749061657675525, -0.5852951561914883, -0.19167128445742831, 1.555345144997026, -0.7417711826659458]","[0.4485395528004869, 0.5322842888492758, 1.0348609016682286, -0.6165924832907655, -0.7083273553174243, 1.2502397796109195, 0.310801078511095, 0.49160106980063634, 0.15954550831277742, -0.5320571133763968, 0.6150363577747063, 1.3511063870481128, -0.3907972717913445, 0.1436596321237656, 0.6434922611025904, -0.041597544948345895, -1.0128294122273254, 0.49102574007119176, -0.035942439143120876, 0.3663576989449765]"
"[0.5248099564981489, -0.41979553683829063, -1.52414728069518, -1.4152117382482339, 0.8992851099944845, 0.6176933507566464, 1.1711687755835165, 0.38622434476432455, 0.8907974996869993, 0.6557068823632416, 0.4568446249677516, -0.4962388914870492, 0.9199830059077417, -2.2695067354502143, 0.6586661471639764, -0.31166629648343674, 0.6633362093704855, 0.38933633118880845, 0.056536121051883735, -0.058281502286470076]","[-0.46936396954339143, 1.086254446576832, 0.27832487614386153, -1.1893416325217783, -0.5077964997997654, 0.4149653906271788, -0.9652865608984622, -0.12350318859062576, -1.274967782948639, -0.7584219028225174, 0.27213845332888387, 0.8088592904454477, -1.5947100473506683, 0.029197713810237686, -0.47223163106530597, 0.5506249258788155, 0.18315190936537587, 0.6626573646888185, -0.6208936186719113, 0.6659085299215173]"
"[0.43417029214940056, 0.34549818061273985, -0.8811709270688408, -1.4174636227790456, -1.096681084298415, -1.6148833746451503, -2.3769699511450613, 0.2515582159084633, 0.7397224948002912, 0.43976746914873216, 0.11891828536569199, 0.13145802383692523, 0.3904297302493694, 1.1012715370918837, 0.18384616095330641, 0.3450967081627775, -0.5684192496816225, -0.2934989829380671, 1.2584743686431914, 0.7507078995480975]","[-0.5433794677632748, 0.8267008506555559, 0.7289826392205592, -1.1799663187024036, 0.5243972881483568, 0.9159718433128409, 0.30124463737099916, 1.141725872940434, 0.10872540383312915, -0.6182924538187695, 0.3848114866445574, -0.01337322247720794, 0.6302636876040132, 0.4939505160559188, -1.5541759039389695, -1.19952096641493, 1.2463381491300356, 0.26155637768760204, -0.7446471909800495, -0.6570484461348918]"
"[-1.9137829933277095, 2.4400300303778573, -0.08305318432233612, 1.291740738693097, -0.0891691874747961, -2.0334901516084813, 0.8136644007323272, 1.2181123467567583, 2.042284332207761, -0.9076559682727591, 1.221454078990344, -0.7235825870798521, -0.20175876355006625, -1.0353054648250224, -1.1759545435208956, -0.09525162768490744, -0.2527932716549742, -0.46478032172512435, -2.0199751164154702, -0.6525530242038701]","[-0.6742205986314254, 1.0372358546778058, -0.13996581703403949, 0.7161148028722535, -0.500164547476242, 0.8817307983890349, 0.06242479802656541, -0.045150156115446836, 0.10621245129274093, 0.9124568272458545, -0.027534184352848354, 0.08767363739059396, 0.8169356994168091, -0.6714834522167819, -0.9206523357036851, -0.39660695446131083, 0.9729063585630159, 0.5374788095634659, -0.14407764562958847, -1.265563446770767]"
"[-1.0744611650950944, 0.3598197195475186, 2.5068264194239553, 1.1593958916229035, -3.3393280839404205, 1.8806011904700388, 0.7831470452159344, 0.9397411697723982, 0.9074972725832819, -1.5271009658117312, -0.18384349141096976, -2.137292589234526, -0.4890528145216823, 1.1041434228792677, 0.9080145914413665, -0.661880431544413, 1.4171155741118462, 0.2943338451581237, 0.43572966265684, -1.7192500414522838]","[-0.5627877702241483, 0.7387734274092463, -0.6208907103589926, 1.6235985764413228, 1.1340009194520866, -0.2467050390845209, -0.9065745921379956, -0.19750894390971033, -0.8382400591015465, 0.5392988672449872, 0.4812455989278085, 0.3225128055217144, -0.29403534326788455, -1.4810646153140854, -0.027496258942160047, -0.9239939383855725, 0.11551687349518235, -0.5470608964631372, -0.5325045696700402, 0.10628048291639029]"
"[0.8658808240029542, 1.069953384779811, -1.2663998136161096, -0.9722437411443133, -0.18856003823655737, -0.7090843281405796, -1.8681887318145305, 1.396906734346731, 0.1410647959978316, 0.015513154775819347, 0.6165602671990608, -0.007372535574136528, -1.0666624298902072, -0.98165137657626, 0.9587805842441919, 0.3699464992246811, 0.9038338068574603, -0.503976233481224, 0.25653208041971337, 1.0610848363658631]","[1.4069968620922007, -0.5002680987249205, 0.10322833919322134, -0.5458388260224992, 0.3216128205695009, 0.8387653092794546, 0.5129256145111554, 0.6741818751386995, 0.3759557065269326, 0.13934474537557096, -0.8470775501417783, -1.263137041634489, 0.45213464907556206, 0.4768086882399106, 0.030446593083785094, -0.29528081107326565, -0.2137303744145284, -0.36779543340852483, -0.2141873877622208, -0.3987738809489681]"
"[1.9410462440823655, -1.6395432347532617, 1.3263609922028665, -0.5997473633773078, 0.5312328864284506, 2.435810087816441, -0.3147677703319113, 1.7249990931038048, -0.47224694832187275, 1.0016979169198055, 1.0014557928979926, -1.2347461862351785, -0.18006848361003952, -0.8394242442435639, 0.22056444295422498, 0.10634326759928094, 0.3612753638626686, 0.7591701319542152, 0.16391523731073393, 0.4502105164833999]","[-0.5804139990107234, -0.9867290197158167, 0.12552735858951414, -0.5990921607805291, 0.16336434784416407, -0.871748729119255, -0.6342761096073795, 0.03456637714507303, 0.7431776878322361, 0.2683922475423831, -0.5353189314926564, 0.8297390859761807, -0.5317494555622645, 1.4655342268086402, -1.1239725898748554, -0.24414406621182236, 0.2934946681323337, -0.30014273536599057, 0.20141066576148847, 0.15321002057359945]"
"[-0.919584948191834, -1.639142389409664, -2.05887846298651, 0.5305596163748661, -1.3388845119890853, 2.5979849689968595, -0.49370819415998013, -0.2887749820551298, -1.878752483207096, 1.194424341767656, 1.3618166332299977, -0.3056380378864687, -0.074317970436267, 0.011968130699848362, -0.05271996584345704, 0.4236916306977399, 0.5626320695394638, 0.6806814424374168, -0.20175881089176576, -1.0891690339752325]","[-0.3150521961379567, -1.308938634392053, -1.1272100159457912, -1.780821077362412, 0.19470500774201177, -1.1953778184047459, -0.27359379510486115, -0.5345432731181942, 0.9222978763689326, -0.135775556232362, -1.0540557709558251, -1.1819492239489473, -0.905053987642405, -0.25106378234323934, -1.1924216719716314, 1.220889831236363, 0.0783920294641303, 0.8015571561297556, -0.32382358712206777, 0.10460527464714446]"
"[-0.7643609802861803, -1.8375054430906494, -0.46359064505479136, -0.14429295754023358, 1.0081602285212514, 0.4583024800825907, 0.28914616951793226, -0.6199847867370499, 0.40235255563429956, -1.2936743774003527, -0.9107209614583376, 1.1462669589266432, 0.8241062494943971, -1.4512412820040235, 0.15564238041117034, -1.0214123484764406, 2.2149029117089403, -0.3750226319872793, -0.1768273748014472, -0.556397732240797]","[-2.416489108490989, 0.5592467048133292, 0.1905764554547777, -0.4293018078519321, -0.6448664962680939, -0.7432561855133671, 0.9147522515946246, -0.39837138347609297, 0.4027081087584777, 0.8887688803581199, 1.425603406626417, 0.24259936496252538, -0.09434599506143009, 0.48040939343456907, -0.5088517576342965, -0.7204782518773591, 0.07472529846312295, 0.3942111054085274, 0.6503530648767211, 0.06799000508836343]"
"[-2.658717947616616, 0.5259425391413614, 0.3422793570779828, 1.1777157127224398, 1.1813648350418486, -0.0034710620476020022, -1.0476913687514886, 0.09609933467644868, -0.44335218874314425, 0.7333607417549698, 0.1513172616027699, -0.36059052334573827, 1.436649101658882, 0.9188561035697768, 0.008837183453215769, 0.6277622201819624, -1.0301644987406766, 1.3880451455129905, 2.3451963605482287, 0.25803409383232523]","[2.8555781227360186, 0.8104352307217388, -0.7623258360404493, -0.49719230821306576, -0.2829725534440374, 0.13077883607375826, -0.0194046712342259, 0.3772673442493648, -1.8437690904809374, 0.9367335723648952, 0.07129644507574598, -0.034089424987792834, 0.09621317790469576, 0.42640927786292976, -0.6866374367496897, 0.34614530662227316, -0.4709827815118958, -0.056927252901968865, -0.7871219067652413, -0.03230777463129096]"
"[-0.14037886650063386, 1.3452032328682315, 2.1562189716370614, -2.7036465070917974, 2.8862118688890823, -0.6102839580476496, 1.4804656886721697, -0.6402480427531873, 0.09835794422346371, -0.12291750744770351, 0.392494949135161, -0.010970474995924021, -0.6863240249322973, 0.42034875913484493, 0.39065859825784016, 0.3381129273265346, 0.10420225535378251, -1.0692418603081242, 0.14408869585474482, -0.0756018320513137]","[1.2353152478500296, 2.1577336760444683, -0.2722806344144484, -0.5662520038401028, -0.03860930810941491, -0.823722807124771, -0.7515749304719933, 0.6596170351207382, -0.7618083291443962, 0.10211282712920347, 0.4784831694686224, -0.3444654936723455, 1.586113138524045, 0.8393607223805706, 0.8389863881421434, 0.7126787348250441, 0.3123587572324142, -0.18532798880944792, -0.3973656259547752, -0.0925180750767968]"
"[-0.19293414191629885, 0.007747297979528845, -1.1624293417784084, -1.0665302615496766, 1.084468093662814, 0.7060652764214476, 0.6263151745188544, -0.26673530128201517, -0.022316141482151296, 1.798451662039203, 1.00267420531207, -1.0788119696216385, 0.14894748905275412, 0.2633017282116358, 0.9988528296900199, -2.2699052639937367, -0.9706501376837836, 0.648510109616428, -0.25066186063335844, -0.6114555804508074]","[2.2504188746679823, -0.0855081706034473, -0.1506812643267837, -0.3497219924400984, 0.3949745077583154, 0.7285437958364733, 1.7849975524950648, -0.3494399530612903, 1.5112903238745847, 1.2718572971280706, -0.827181951027038, 0.9408342915385893, -0.5072623451435809, 0.10623601037087327, 0.5593532326439911, -0.051380767922409344, -0.37999703335012125, 0.2293183055855355, -0.4955070933278471, 0.11140218581251532]"
"[2.1248114375271934, 2.9370268808469855, -1.8362913525076758, -0.7769037201553424, -1.218555953714695, 0.7780527198075634, -0.03642223389158098, -0.06471966958649823, 0.29936316904129207, 0.7691746999542941, -2.2280515163695265, -0.6812173996592191, 0.16060932466543948, -1.2669061883537027, -0.24152830362504907, 0.3887484938976539, -0.137600190306366, -0.49037413201048435, 0.23226118856553055, 0.29465804241816057]","[1.8059300510536997, -1.7724348814820077, -0.6232201962842946, -0.7496926361660099, -0.5698699411857533, 0.6348788274743516, -2.122495202098398, -0.7368094732035083, 0.697615831472374, -1.0727310117448376, 0.3786388177544733, -0.012145847112325558, 0.6151683348996595, 0.020937164489377862, -0.30528191823221673, -0.39167279710921776, -0.8564889986273275, -0.6754222914437653, -0.016802353110149198, 0.24187001774282085]"
"[2.8493439264597336, 2.348311667761984, 0.628616996566018, 1.755313407389338, 0.586573578408243, -1.1191029468123568, -1.2072362615887506, -0.5959627006156851, 0.6044701611040105, 0.8988215705956631, -0.034934975550232214, 0.3812926351296647, -0.05426528430257877, 0.7666637860740562, 1.7568633911827867, -1.0958527681902699, 1.5753491989609716, 0.7133514075811089, -0.19542963520633883, 0.1798889673548718]","[-1.3301635775368916, -0.08695493207009147, -0.4574609459416757, 0.4167608381810894, 0.45043099024074423, 0.6211316051777597, -0.6809853682886634, -0.6810321631237926, -0.13139621484629901, 1.0492933305314958, 0.5436709307899815, 0.18766723922486045, 1.401298421602642, 1.0160313349777579, 1.3865119931189938, 1.0613540547542843, 0.1395080218429941, 0.04028182789565069, -0.23833131753740466, -0.2654728524493351]"
"[0.7745828668238697, 1.2634020971504105, -1.7114179074771532, 2.8916465714258774, -1.3486315013742027, 1.8178358197577837, 1.37090013301652, -0.6118391532363876, 0.6790840704109923, 0.26070547106972686, -0.674481546922331, 2.0891220219902924, -0.6364955764007875, 1.246229683152121, -0.29903272546396026, -0.5945885770947023, 1.2938857429821218, -0.5496869755819572, -0.0057690883970442945, -0.19512959317181622]","[1.3962793780916656, -2.1155500135301453, -1.1314029661805414, -0.13439891245328325, -0.9084807796659409, -0.5538805502108038, -1.4376462721138965, -0.08152056600316801, 0.352929525462514, -0.5683110307240331, -0.580397011478584, -0.11487864464372724, -0.2644479974089322, -0.5528713926370753, 1.6627142547951033, -1.0157972218303652, 0.22907788470513957, 0.21375427605562466, 0.1759344258040513, -0.501047298381385]"
"[1.5530233132262727, 2.8903888103824835, 0.9428322996791351, -1.1841356661974467, 0.28671693262924663, -1.915917430748537, 1.018743106140048, 1.6151623997898148, 0.5924615958014868, -1.2592172125445167, 1.3556916863261184, 0.1331656807667612, -0.4119653261761165, 0.33378193425596653, -1.0672881813414135, 0.6657809486582187, -1.0020284994359994, 1.660613527817856, -0.28731683138390246, 1.3711131376653964]","[1.8709295643352664, 0.746704742421539, -0.5777168317983873, -0.256240201522603, -0.02561168160106377, 0.5533743140838698, 0.5702583500591486, 1.3793801071569503, 0.21966340523856107, 0.7290963394330728, -0.24244715363574298, -1.0015148348194356, 0.6760101592189274, 0.17036712755574168, 0.7067172055964188, 1.100825061877144, -0.10145373074929942, 0.02730822034115851, 0.2703885234841118, 0.8947396876230553]"
"[1.0052895415125525, 1.1034407270144873, -1.4133804257795917, -2.452833914481806, -1.155085217694455, -0.9009211225900287, -1.1189657009089142, -0.3151039112932761, -0.675658187441074, 0.3018548222492121, -0.5812131278227138, -0.26346937988742253, 0.34041255760003925, 0.7469861839013566, 1.066816661922732, 0.805995181952681, 0.7156843389061961, 0.23323863332102238, -0.60042249568562, 0.8930236434417295]","[1.6452791216498277, 1.099289317521906, -1.3444971499612308, -0.9191532578780535, 1.2297968576440657, -0.00466068690040836, -0.6999706064637073, 0.9826994365405757, -0.6067551102267472, 0.32759917529209653, -1.3470209554495118, -1.203908956585893, -0.19857284004436523, 0.7659266337078622, 0.5204404437962092, -0.7764674694443772, 0.2528604806071114, 0.7679860272803744, 0.19562974911134692, 0.3227661512287018]"
"[-0.6219918698702825, -0.3417625252233367, -1.177431296812437, -0.9890772060051731, -2.326127958448052, -2.6989084143803206, -0.45064350316703133, -0.12024007798117951, -0.24599221386022693, -0.10246810509592096, -0.49193728534471326, 0.6728417541487272, 0.5133519485160577, 1.6878644915531882, -0.3526588043220814, -0.7846774999527926, 0.6323633087382546, 0.8229663457318722, 0.2670148736501529, 0.02311034254815455]","[1.3237916212102772, 0.013292864106770823, 0.4318582498675772, 0.7276002047413181, -0.1438269281217777, -0.40892680752696375, 0.8013695485638913, 0.00836527438421328, -0.622520487895732, 0.09486372000852543, -2.7936778742580755, 0.34603489427564255, -0.048643145820112074, -0.20069793648880338, -0.18828365359417437, -0.2978314138512326, -0.4382762599771334, -0.7992122751063067, -0.5222506165424071, 0.35984874977054093]"
"[1.0655909239923915, -1.7714108689299435, 1.337591263397654, -2.812467373966725, 0.7239007651167971, 0.5812089833949438, 2.2456727227424156, 0.8085522730076957, 0.16256083376948452, 0.31598087756270926, 0.7822644389534166, -0.9053908696346266, -2.205024260675589, -0.7952645802950092, -0.25174512904600127, 0.0030851477874468598, 0.2720178314526173, 0.9554911656776367, 0.29090960819792044, -0.18220627818096355]","[1.3953439669795609, 0.40629949905150303, 2.3582867391953015, -0.7699098170620631, -0.1044959197978959, 0.20664196338869495, -0.26601436637741316, -0.04694717795679054, -0.21078963701420528, -0.05261997341165982, 0.6716402781304583, 0.2359366888050732, 0.7743662138568842, -0.21490035693683365, 0.5854269409458961, 1.1934607669664512, 0.7533188256453014, 0.25958097627631704, -0.19487754532823484, 0.30107644833016056]"
"[-2.229864855681697, 0.1360900913365462, 0.9687740500658055, 2.598579884688996, 0.8065911505884776, -2.141813049641087, 1.2335172271393886, 2.3847316123111373, -0.7448249883020402, 0.06878938908979233, -0.8015183281931335, -0.0785728339804855, -0.5350431486229973, -0.4520155915488258, 1.4290270547229444, 0.41055523053967086, -0.2754522898754789, -0.5160561662276354, -0.3119244578731087, 0.0017708350885148382]","[0.6645564806824288, -0.3631941068015666, -0.24945012770401925, 2.0291373143105584, -2.4356027288401543, -0.24064972407283042, 0.5994474406521394, 0.09356319703988222, 0.5683850743917787, 0.014997334871415, -0.8860497668141866, -1.580216561641911, -0.26732257159426065, -0.28459746124150037, 0.2756599588447118, 0.5031736913306802, 1.687436264235752, 0.896316639311034, -1.1125907797336094, -0.13161928315628302]"
"[-2.2151029726613425, -0.49853451047085595, 1.711794496692428, 0.3301167351828074, 0.6558453098131368, -0.5152423352311641, 0.33446891887840424, 0.5796886966970961, 0.33873797231662384, 1.1696098695077706, 0.2769705402654811, 0.6602283910484655, 1.0903619244796736, 0.465480290597955, -0.2646507349972127, 0.8449329235466251, 0.6392262683806482, 0.0471888000969935, 1.4002696406336355, -0.4176032360292046]","[0.649437517100104, 1.6288930676503022, 0.06100196239060745, 0.19912598842040555, 0.02514179014826056, -0.3260470865672398, 0.45787586605394, -0.22419434455432966, -0.8195541968609162, -0.6681683328028744, -1.8641004617966448, 0.57162535866739, 0.3744225168693481, -0.23378453660847745, -0.2518885573366186, 0.18001653316085828, -1.056875744599729, -0.2182987962268173, -0.11487910608346148, 0.24753333125523416]"
"[-1.4935278220647157, 0.9298072658366028, 4.067298015521978, 0.045713967037764223, -2.6141612021875282, 0.8443593360297359, -0.4438031723014832, 0.5708965463804436, 0.660196913420415, -0.8899250169652029, -0.1031554426463962, -0.3211800914240961, 1.06440351307845, 0.1829040788887885, -0.04281678951097442, 0.0260929257800671, 0.5692362799934478, 0.7180492853673044, 0.7113232249715744, -0.3198144557918866]","[-1.5261241174795375, 0.6928894465058106, -0.7739241041096875, 2.19722696742387, 0.5139420711677666, -1.1878628151704325, 0.21830762741361628, 0.40044158725871626, -0.10543156899587487, -0.9862236344626497, -0.9556215676483173, 0.02639739599447604, -0.10052121274233794, -1.2122199795825386, -1.2000144750932553, -0.45118929293056176, 0.369632388718827, 0.12398643873446322, 0.6282071955743568, -0.25665995937684905]"
"[-1.34345165602622, 0.803435822654656, -0.6162479811750717, 0.17334901674566724, -0.7044183099110527, 0.6179159771240342, 0.33380317017930256, -1.0039598741321272, -1.278394858683028, 0.20890674266197906, 0.49633238545625197, 1.448099846133046, 1.7128817313768485, -0.13418902172887134, 0.2231572846984149, 0.5222598384398898, 1.6381534610021709, 0.26227217112194273, -0.18604820508048853, -1.267428097077891]","[1.0083651224218624, -0.20813498681150283, -1.0590497916780757, -1.440651384717277, 0.11167481120133066, -0.4302122253085251, 2.4053274534111257, -0.6147333820298582, 0.5881371486809795, 0.06923693872367191, 1.1935637213211163, 0.24874483863314853, -1.511700143768369, -0.04066979171301146, -0.030799181938257005, 0.5802830761158547, -0.5658549959976691, -0.9703670581874945, 0.11958910783079506, -0.3172972428004134]"
"[2.6483380360260558, 2.5521559027559135, -0.47923915463243094, -0.6132006453746234, -0.7511512519340315, 1.7930396938061814, 0.47784215323372714, 0.7381683185791473, -0.009101829214200118, -0.15451240946893205, -1.5659540934845995, -0.787660977389774, 0.31956261332761116, -0.28304306453138073, -0.5932596372242768, 1.0635274840933475, -0.0020228408510005306, -0.7697817668209492, 0.8530091304853971, -1.2272352475557207]","[0.40280045430801303, -1.1052600481058936, -2.182987621124094, -1.1896810383495955, 0.3674318774199334, 0.4842998314942378, -0.819657707595357, -0.5977646930143352, 0.4972002434120611, -1.1030476596351224, 0.5579343688720225, -0.001329435023768639, -1.0288331223320546, -0.5701772503825164, -0.2886944212102862, -0.3784842459474807, 0.09656256112235832, -0.3091078917374071, -1.2997537699752728, 0.9127320517644222]"
"[0.3441734923736634, 1.7883444862124913, 1.9473279405676212, -2.882407301738106, -0.36394756178802623, -0.5200250682012153, 0.3001490115663652, 0.5220787791984103, -0.11240141752598544, 0.44805908446226866, 1.0654852622201452, 0.5941443734075275, 1.0826741400148656, 0.9256563279132174, 1.3918433048596837, -0.5501569368737949, -0.9915213022666463, 0.21088864375273447, 0.21603241392917882, -0.7612345896011541]","[-0.2799854911911407, 0.8785574874976048, -1.0138635453932863, -0.26095808248499064, 0.6412980491762832, -0.6338142824869369, -0.2963069195886147, 1.2661804002653654, -1.5237597367876214, 0.2128457285506402, 1.61492188884492, 0.6782610286452331, -1.0404072018712704, 0.08724490608240167, 0.3949505900269705, -0.27481922827453437, 0.39793171140605027, 0.10225160563570006, -0.7325352585574765, 0.2684017973538535]"
"[-2.1498572124198003, 0.6003006256722097, -0.6404091702139382, 1.68164283614003, 0.17790449983256065, 0.391922372621063, -0.587184898835128, -0.46256151852105, 0.011740497859653356, 1.6002363127002674, 0.08782590154094222, -1.9796487219006778, -1.7126525569094706, 0.2853561732388566, 0.3871712973666944, -1.0931760237278014, -0.15576029605433533, 0.5443193562681333, 1.5602667774591348, 1.5768491755690721]","[0.3313868347987734, -0.0129618793939884, -1.420728355885654, 1.2624143523254805, -0.9650955382412221, -0.04427092736368833, 0.6801788142499604, -0.255324443950596, 0.17112134620216488, -0.025292890695161576, 0.5468460994153456, -1.0823090526353678, -0.3467548700096855, 0.47771166174169344, 0.3042892490869511, 0.012594308392759898, 0.9983931047413741, 0.10965211532041909, -0.4597795934198921, 0.47252921403819986]"
"[-0.9155653806713698, -1.5189954766040212, 0.7578472603355612, -2.6712838785923156, -1.6519551282448115, -0.7107235609959478, -1.7396771590537792, -0.1481003678715807, -1.6175859965215775, -0.20673660016046413, -0.6760760649588622, 0.16848061703293055, 0.4166691816831463, 0.1719109009815003, -0.8021766140405543, -0.025536537210324554, -0.27504560358536806, 1.4095070555567224, 0.4832579065689841, -0.6814234898918899]","[0.4546771694052066, -0.09064760131260947, 1.6249975124479674, -0.8179529652994402, 1.0395271313207777, 1.376697991936919, 0.8631910051236006, 1.267501520494223, 0.28148143736678966, -0.7983998471399244, -1.4997313887106858, -0.7562485397564509, -0.7474065927233999, -0.09827480278842776, -0.03370676135118811, 0.003539433677998297, 0.15585114656765933, -0.22190495760599033, 0.38861528745361995, -0.8749734103307076]"
"[-0.07775164484507148, -0.161038976440051, -2.9194456260659325, 0.4596697647335202, 1.1570435452182237, -0.6411526175920036, 0.4828356688953402, 1.7221710111084294, 0.47654689155912294, -3.1641179668506827, 0.6440077694112217, 0.6704291752120322, 0.3358059711091515, 0.17203586598730136, -0.1368801695662447, -0.09846335697377381, -0.2682691839492434, 0.3488168046742308, 0.5851675655468715, 0.6522258577625498]","[0.17987439842744074, 0.23282795169247286, -1.2280038915092837, -0.1959837004308709, -1.933588356152037, -0.09171846742983124, 0.48208416375588126, 1.0619066826649368, -0.601272061956986, 1.0558698421729003, -0.34105937727875646, -1.0244225355692604, 2.1239712683802354, -0.5449703731576444, 0.6222818020188374, -0.2293393560051371, -0.7967250171284226, 0.9108973407145636, -0.17252819367899794, 0.23820989531469935]"
"[1.8502661147071406, 1.0846141250881114, 0.43153525023384315, -0.9025916809568533, 0.494212690575928, -0.34962594775478006, 1.0716401605602826, -3.336355797415686, 2.274406775484544, 0.1654174295586624, -0.16578780316926958, -0.05671291860475114, -0.91712362738639, 1.7453908364025401, 0.615000906018693, -0.21763318704082177, -0.4283645617396959, -1.1442126005982487, -0.6303265324388616, -0.8977083617876392]","[-0.7106380306375589, -1.0072300117360395, -0.6012083160835542, 0.505627966642188, 0.3435997802378672, 1.2763288849046728, -0.8326577280413503, -0.16819363830748105, -0.03970249774547838, 0.4233192023413286, 0.441552172292205, -0.17311034261591793, 0.6838216025917189, 0.5700834138967371, 0.3158440489077491, 0.8202468620877655, -0.4636316266168279, 0.8417480824984529, 0.06901344065715925, -0.06782866623673638]"
"[-1.7905061324482296, 0.04572723711402457, -1.0378490832390692, 1.4319569758019401, 1.5817100747335873, 0.41145085389848135, 0.02683904508494824, -0.4810442375047609, -1.2745847537663646, 1.1998425457563129, 0.6101790153746467, -1.6467271623436346, 0.9134367943022849, 1.7102591600067447, -0.44149370364002044, 0.045158401126094816, 1.245609855378176, 0.05218020606450415, -1.0046480621955238, 0.24413231232375546]","[0.889482294083628, -0.6672823405258116, -1.8702468250567417, -0.964997130559672, 0.28571427237372055, -1.3184086324790723, 0.18795620111025257, -1.2512744140956866, -1.3637199395310922, 0.6786879471624511, 0.16057190980645492, -0.3855350853753003, -0.5603931257240913, 1.6486057176155509, 0.08568212934802871, 0.7457695075445101, -0.25387379583140324, -0.6206837025229404, -0.041746255173946464, -0.8541975700080665]"
"[-1.8274274365580148, 1.2091706397344932, -0.06682297661102503, 1.2585622736691233, -0.50314041747161, 0.5850378882473042, 2.196790363479863, 0.568635645168343, -0.5840192725980035, 0.7483880826137259, -0.09267323227905973, 0.0445977036348121, 0.9429039893545559, 0.8119982212168593, 0.7837243479263319, 1.1271472013950603, -0.6355937611365402, 0.24207145211605274, 0.9634849836982928, 0.6819095940109673]","[1.2639591788411786, 0.004964179698098929, -1.6541358532410821, 1.1845158504509015, -2.978428650427749, -0.013963628263349114, 0.05746573824891072, 0.5394315720148335, -0.16825662263473798, -0.7671689241154591, 0.5453806061685531, -0.7501171377706403, 0.26276657936616504, 1.3107226926344449, 0.4436050161222525, 0.1063745375288484, 0.5188991910028733, 0.3422467755754635, -0.9030626720538525, 0.7130179741917071]"
"[-1.4404525775906634, 0.9498182870335546, 1.1772246768057224, 0.7988313241961086, -0.49446673222724813, -0.43496882753896005, -1.5174379793844535, -0.5583335765563431, 0.6547961380196085, 1.4539141752570992, -0.5411832479265684, 0.13905618268948333, -2.0149210978929015, -0.4050983350536708, -0.13799781763464816, -0.49703433287392434, -0.35416038918975995, -0.7719681093730807, 0.21969399280640742, 1.3115581625729498]","[1.2689887998914189, 0.6072381455578377, -0.7268914642960723, 1.2936577496128094, -0.2305843661020172, 1.4762812124472904, -0.06875730654905304, -0.3193399213393951, 0.018815217981522442, 0.6561688594479365, 1.1201285491903623, -0.08121242804594878, -0.5192795191400288, 0.8189247234607956, -0.09243057994746727, 0.3097922759293988, -0.7168565991470236, -0.03273784700103303, 0.04729792975927956, -1.0243786843029505]"
"[-2.5591679323389296, 2.5027002060976913, -0.36864530002610557, 0.8533135444145835, -0.9751653938399178, -0.9117420919815958, -0.08455557627782227, 0.17650752846809215, 0.48131333693184003, -0.006953501109181948, 1.718991635312335, 1.038118571262583, -0.12332404406956955, -0.012221835815455882, 0.05545057415397628, 1.4394172046024802, -0.4325777635444509, -0.8108177697575558, -0.5899066778046336, -1.904920119780479]","[0.684725484084296, 0.518115746589101, -1.606917551480332, 0.8294126368339481, -1.6328548666737677, 0.4931563538808803, 0.07761312811628662, 0.43426910746190583, -1.1762959968002686, -0.30063068623802947, 0.6405469919336447, 0.1858808325652804, 0.7007676630890616, 1.0629182768207566, -0.5900668735774177, 0.6597815627152432, 0.4514741324773548, -0.12969691006022818, 0.5108335774299954, -0.4208902951376876]"
"[-2.127568921531156, 1.7361419128643751, 1.1419334836192003, 1.287737700629241, -2.0445500723624708, 0.7684612464281629, 1.5854406768976497, 0.3392385456476014, -0.41431394433248425, 1.3997679789473738, -0.0739243905815852, -0.4511107609375086, 0.15318846271443262, -0.8471757544550794, -2.319268400880996, -0.1368474498306726, -1.426290361339367, 1.8072240764390695, -0.5301488514235004, 0.3359230408561077]","[1.1590545343355463, 0.10440739112750354, -0.005377140487005671, 1.9736564437169382, -0.4275368900122765, 0.23268257786564636, -0.05966182667706988, -0.2991679608827857, 0.2708354711180517, 0.15113651787688362, 1.4220788506867452, 0.5695937850366734, -0.2810058695514488, 0.2579536761455804, -0.03710682947663175, 0.047121761035979065, 0.24885438841189866, -1.0412954010055002, -0.5869617063295509, -0.913352915396465]"
"[-0.6620243043574562, 1.061728801237065, 1.093931654788482, -0.7942168569964982, 1.6315785246726033, 0.1836351670935696, -1.4899544640119533, -0.28199132901838647, 2.230606912043193, 0.8220234123266134, 0.19271837471719502, 0.8316864136111011, 0.8018573946725299, 0.49003057643667647, 0.6429698294498183, 1.1288040201808107, -0.11309603517449343, -0.38823319153297753, 0.2121951099245364, -0.3983682184889294]","[0.05832885796825656, 1.3450083473214276, 0.3356365614238803, -1.9824664569967259, -0.23258187383192028, 0.6025825937431658, -0.5095935862238173, 0.4776099934033121, -0.857558587492621, -0.5747966985798976, -0.27460098018891493, 0.7549416126022338, -0.44583558941350127, 0.6880827755585089, 0.8062129407349296, -0.4282711945780304, 0.598688992485655, -0.08535212714833482, 0.4850590754461285, -0.019216141485221938]"
"[0.07605560617829077, -0.8101777941293532, -0.6455060243001781, -2.930061246052118, 0.6827618823932468, -0.9031414698070067, 2.3000547176365784, 0.17598554206012784, 0.710037300462865, 0.8418358938187699, -0.5988403016538784, -0.08534482165632283, 0.46303309339325643, -0.19058056060984588, -0.27554436910390884, 0.08053938566697456, -0.5436719997353697, -0.25034983057136717, -0.3144273614541543, -0.26683263371811705]","[0.17114315252209547, 0.6973325860515449, 0.9098663229295982, -0.173680354120119, -0.8809871044062533, 0.9151310704736199, -2.0176404841117153, -0.05057317427425169, 1.247524932911652, 1.0357078248429958, 0.5105645398116218, 1.1354023360409013, 0.4765959105038283, 0.4235802559882942, -0.5710648797601696, 0.29185098351270083, 0.4917227819299713, -0.5501273852603088, -1.269774024819309, 0.09492907788091003]"
"[1.2516435959196903, 2.0399884209312087, -1.7987966926466374, -1.5973982726254523, -1.6962176908839057, 1.7698483147411874, -0.12302195866435463, 0.06518580457595737, -0.44040883771092926, 1.8659569512007845, 0.23579261558873363, 1.08356978024398, -0.11457863188376129, 0.020543616307798444, 0.3094732318183959, 0.877238991015715, 0.9933458751536095, 0.1671196528172944, -0.6796144545634867, -0.07269882889583425]","[0.08863445579628279, 0.7289508607902047, -0.4296881826077396, -0.5488335057499467, 0.7560896509164945, 1.2369028084846374, -0.15995700608250205, 0.3917524917301019, -0.3266175101525531, 0.2103279933102558, -1.6409692930048698, -0.14487350625566978, -0.1359434345826872, -0.38382056963162065, -1.2674657037115908, 0.15567228483594697, 0.05988335487425047, 0.10766413293846769, 1.0419528118386459, -0.40041210074085964]"
"[-0.7977598660591637, -2.3442549358058513, -1.0252797438859742, -0.6049657781333798, -0.12286162355514843, -1.9451563682116493, -1.3395015734463298, 0.7131054305166686, -0.15484600348606584, -0.7720731467272434, -1.5874026651432132, 1.7487744919017634, -0.24208387231098985, -0.11669694359959525, -0.38857922033431613, -0.45177784704623575, 0.9410470813879317, -0.4539998468638205, -0.6115595166530067, -0.6159405243612668]","[-1.363078462447136, 0.8235184003306286, 1.4554294259632776, -1.1457907794009317, -0.4153373902921706, -0.3213020767040596, 0.8440907071521891, 0.276678023876557, -0.7071132459457469, 0.03923806403635879, 0.588658598588565, -0.16440399598468838, 0.10554422163950299, -0.3376305631788139, 0.9217322294841337, -0.15778292437820676, -0.05295410388325006, -0.8353031171914419, 0.3845574019770892, 0.7790757984324888]"
"[0.2677688540268833, -1.0383131473857405, 0.9775351818639182, -0.23701676735224025, 0.11489986457298364, -0.23458182486112106, -0.6853071036192256, 2.3414759587709106, 0.859929414297169, -0.8556730260226708, -1.687424430294199, 1.0928900733925473, -1.4328859664712423, -0.016176869963907423, -1.3685417578139407, -1.2361345863337847, 1.1023376227662753, 1.9774186802473328, -0.19412916407593045, 0.7631818740780464]","[-0.6793434375495881, -0.1388026404462909, 1.0307288213398935, -0.7230294312977102, -1.096893992304035, 0.8546080838305747, -0.02839545905043597, 1.153979900075688, 0.6600752468637434, 0.12876582585284044, 0.5049277206489857, 0.5031082201347415, -0.7157141824697728, -0.12720728348259971, 1.0855587053900992, -0.03069260629855963, -0.37018679062060755, -0.999237868892172, -0.5408917089522088, -0.0774757441333446]"
"[-0.36316329665286123, -0.6382324569336909, -0.11369304344165682, 0.4718515636548653, 1.600076034953127, 1.432073713632316, 1.319413852166689, -0.8446704036295003, -0.848647827610399, -0.21913321426975177, -1.737909433090558, 0.8171521261880226, 0.08491677315469838, -0.011269685418148354, 0.12281800852724542, 1.5187381833979356, -0.09113766670502116, -0.34388157934273234, 0.12372169835772663, -0.6048978749542098]","[-0.7938244393157748, 0.2077866343951882, 0.9171681638032747, -0.15878790729792175, -0.2714857787510137, 0.5887796804938132, -0.008778136714265172, -1.6136984911213774, 0.9784149512702998, 0.5165297087166016, 0.22579725050444016, 0.7448230163534547, -0.18037133044269185, -0.26492415189723156, 0.4564358778388524, -1.4884975647120953, -0.407656210466525, -0.08236323970778117, 0.033972695403192074, 0.3171472735357749]"
"[-0.22507647596424368, -1.467759733095889, -0.7933454067051049, -0.3050966379128687, 0.2087903773110805, -0.16324824069944838, 0.5226646417869741, 0.6107348543208194, 0.3200681930660753, -1.4156427596923, -0.5192500691407795, 0.647116587301279, -0.318302164240837, 0.6705590004304104, 0.06461259218401492, -0.03805498525203378, 0.9354882200585537, -0.6485912445837179, 0.030657481706075667, 1.1091497510414712]","[-1.2022117807695485, -0.4417715314830927, 1.0808414602659935, -0.352365852122035, -0.6591833732105622, -0.5521152720458432, -0.6353076073206143, 0.7215827183498024, 0.9540950453348941, -0.3308337874827595, -0.3323220426739866, -0.8124583664302696, 0.9617321067613105, -1.068614764491984, 0.10108189208668415, 1.7923455160236976, 0.031449817852936233, 1.0682998163874562, 0.2240698862098032, -0.8163439519665429]"
"[0.8081303669540705, -0.46186494070446155, -1.1352158424586312, -1.5856854196289842, -0.42283616592973733, 1.9834568531186179, -0.7091734571582438, -0.4981351004354014, -0.07890740056019542, 0.3092337915968817, -0.43192503389064896, 0.3073097726219914, 0.9608886859585919, 0.15827896179278603, 0.2958710383013857, 0.9427805334939039, -0.6729144345169794, -0.03090544964562575, -0.7339080679496923, 0.17987380945750547]","[0.09585326611536314, -0.7222028431179377, -1.5819683301222978, -0.07830265525947012, 0.9009092410831547, 0.004053975686780753, 0.660454242384588, -0.2645126986686286, 1.2670116759717422, 1.1558738353916878, -0.7836761589452577, 0.4954532866614934, -0.9617001217050951, -0.26112165510424495, 0.47895229202390366, 0.5204035687796165, 0.2525536795658534, -0.6806943744166831, 0.31626460591167294, 0.05880991483461718]"
"[0.09495708389833718, 0.009483433420020233, -0.8790202896054724, 0.1098387356515954, 1.0670178364735545, 0.40783234856274475, 0.6192490320185179, -1.2513422072978246, -1.880202022800581, -0.987065427775634, -1.1544381216873039, -0.27952420575949305, 0.08263328223030093, 0.24968492802050674, -2.2270834561980455, -1.260399886065201, -0.22841316264647468, -0.2505008149018269, 0.7210007784528738, 0.6878556157810758]","[-0.2783477704111062, -0.8620323006450245, -0.17606599205819104, 0.5155789239398839, 0.3168050052799131, 1.2878065132733103, 0.5801122026320781, -1.407932839321967, 0.4400916204913719, -1.4976683080367086, 0.6538612027737151, -0.22996280372641867, 0.6771086790397595, -0.3084191203929175, -0.46255366038539164, 0.11136667107082901, -0.24037499534773352, -0.773073520278676, 0.425294981651738, 0.3450967259700384]"
"[-1.9513808446160799, 3.47318154910397, -0.7180535923283013, 1.203022342618364, -0.32267088980590886, -1.6757070561260112, -1.7770330937662375, 0.5842968490820534, 0.7267317357017888, 0.44971736648263133, 0.4523412323316703, 1.140324759965248, -1.1870603061624345, -0.34300423073924463, 0.24373412944915798, -0.6833241895148467, -0.7032005986667627, 0.5178693238183417, 0.33487282269536894, 0.48374616682488697]","[1.0322287005014636, -0.17092901987977724, -1.2894734113838633, -0.3271520375509661, -1.9462654312231105, 1.1112640200842965, 0.32599702572868, 0.9042808713866941, -0.6852373118483306, -0.7443324931100772, 1.3631482445001208, 0.05660154895987643, 0.036708789289701615, -0.00911763583116358, 0.27419108934932324, 1.0042554619875552, 0.6861394352319173, 0.35499425870110024, 0.7551675395935044, -0.7731591820700926]"
"[-0.16107797439743857, 1.2727513473656469, 0.30947043334833696, -0.3438054379111492, 1.957217188912448, 0.3361850129309837, -2.2293777513144395, -0.2888375748818628, -1.2978238949382828, -1.012877132787403, 0.5588041357551048, -0.4245368784617045, 1.448764153247148, 0.778657822772825, -0.8734750720100596, 0.3603077841505301, 0.4431785533769286, -0.2600267621798015, -0.9169132464109987, -0.5042961977633099]","[-0.5879782811010312, 0.4167690075634342, -1.8789518148687783, -0.7873134294941241, 1.4293958158588347, -1.3306036463714639, -0.4003322876314017, -1.8184241517498425, -0.7055806080878557, 0.1382927729032855, -0.3582009747661035, -0.46609285064582967, -0.16164177715117342, 0.06712175226508336, -0.5530657573286266, 0.2139831074180191, 0.4123546761866671, -1.4354848963541815, 0.18716803404388996, -1.1218837613731816]"
"[1.5131725579324602, 1.8810172308102326, -0.7864576037635337, 0.49803930195285256, -0.6746850104846929, 1.317664898708266, -0.7119746006387714, -0.9560913755585422, -0.8682525221192666, 1.0074749744271885, -0.22050253711417608, 1.596165902423824, 0.5015367517783463, -1.0890263835692824, 0.32942932381178786, -0.21157084595491957, 0.5817733024479204, -0.6537411198437841, 0.51353458655277, -0.036708056290264544]","[-0.2865557336553032, 0.06279107777369644, -1.1504566628913664, -0.4930165750967268, 0.9130377979691345, 1.1988582761803215, -0.4083833671728185, -0.3102457607209105, 1.1213489050836494, -0.8115065562686141, 0.047011865238352775, -0.24548927613490806, 1.1546150942168016, -0.19711695671951532, -0.35330915036540195, 0.24472437619634158, -0.11249966508357992, -0.5523274258836212, 0.30303317416700754, -0.19872237462035375]"
"[-1.4163864998789668, 0.7507791737799175, 1.7711924832731538, -0.06713787897683156, -2.4012564935399316, -0.6385757139908602, -0.3104547053758193, -0.5545509607190419, -0.48195232425289836, -0.27530844642525654, -1.0745839469221825, -1.5569410430271564, 0.8239787708521692, 0.3722102898296745, 0.8287620898494014, -0.8016310438439375, 0.004258129405863172, -0.4730163562547887, 0.12401485429053442, 0.04911093096054226]","[-0.744006155310327, 1.0138738487341912, -1.3702615364928148, 1.454814580663461, 1.3217552066061677, 0.22277876130477342, -0.19816593646940517, 0.2061734455179993, -0.9364960681387532, 0.2289536117767382, -0.3841824891696717, -0.8609516936151755, -0.2941536179255344, -1.1885071858427847, -0.07551585363144381, 0.1565774445917008, 0.15636990449334084, 0.08319430592662555, 0.33570268865657515, 0.25747172575648347]"
"[-0.19726292349606073, 1.3670761015593613, -0.33388115188920253, -2.2176788116419655, -0.546113497845783, -0.37480284215117177, -1.5556728170768837, -0.40694847360884495, -0.5400361579354981, 1.4871274415012439, 1.2902012136544967, 0.5335578213238586, 0.42559053212763787, -0.5054779267562088, 0.5710886923398187, 0.7330864953297994, 1.1264547456145342, 0.31048938125872405, -0.32692462906494996, 0.015226994593678616]","[1.665518142921725, 0.2892884004154076, 0.0705534246969411, 0.14731202282544295, 0.8487317434572338, 1.9203822805178887, 0.011102955359059887, -1.2895625260006884, 0.4405737968314558, 0.036423672158929596, -1.1465081526926548, -0.7023287329844294, -1.1091944507746694, 0.35622882081181717, 0.0987418895882678, -0.35497400342030605, -0.5631068405413348, -0.7913156464753013, -0.7906621066677358, -0.3148657832033725]"
"[-0.8946599341414846, 1.4747175596813005, -1.6886090404497245, -0.39447151047672535, -0.21293544794041472, -1.4616896751256767, 0.5864058278993296, 0.04761602272144806, -1.9611537363625766, 0.22644938238434342, 0.985597905187963, -0.7614297161197254, 1.1021980262419298, -0.5006756815399621, -0.5605842568381139, -0.5663827749442811, -0.5993472626763163, -1.2476840827889872, -0.06855482808540361, 1.7268469185407176]","[-0.08747299569181179, 0.73055183143792, -2.0244791448634, -1.1658007464299682, -1.1706151157431897, 0.18329007725559984, 0.5656902017781112, 0.8145316566444234, -1.1152355880183298, 0.10070350925284269, 0.41551678656210284, -1.67362016862707, 0.598518233562851, 0.14205195826114309, 0.3839955014208106, 0.03735123381406568, -0.7217390985782248, 0.3596020572100398, 0.2478555660565084, 0.891396890039135]"
"[-2.106003512634263, 1.4174491785298529, -0.4875090674936305, 1.5625457818709632, 0.6304855506220409, -1.9849303796589286, 0.09154944473665769, 0.7029961279420838, -0.8629138651656235, 0.46481534940215596, -1.1569353961781865, -0.23390040837087847, 0.32905810214359166, 0.44707540223357606, 1.8157383782564878, 0.53909699924329, -0.5478164311224255, -0.2952176916716254, 0.5488292422192912, -0.17997690725729956]","[3.81194152227088, -0.8532972677570645, -0.6249933365094446, -1.044424857093162, -1.0214503982771117, 0.6451739737397927, 0.20502506129354653, 0.7476908201717323, -0.36086182790315274, 1.2526215926095392, 0.6693834169606073, -0.24283231938740588, 0.38818633565095617, 0.11349349456396882, -0.18145556112728253, -0.16365967086481212, -1.2303072898935625, 0.30784294318510524, 0.3422169579776796, 1.0899755674469112]"
"[-0.6209591920116512, -0.37907930743458523, -1.817126261374541, -2.1778236659457217, 1.4805764272231203, 0.305841782430412, 1.7899396261190972, -0.17110397421164222, -0.32072863226625997, 0.8836698083526708, 0.10259731278914165, -1.7196927345453739, -0.6461970547878078, -0.7073331340559625, 0.23551515927125136, -0.16560824767056392, 1.3726805043481398, 1.295156833105457, 0.061358546544590005, -0.4542931199936647]","[0.04038894126749614, 0.36018120188426245, 1.176782210635727, -0.19896180744590425, 0.02321303190216217, 0.8939504521826676, -0.9149642473840414, -0.5427821260377524, -0.7289143289231551, -0.04358091820286719, -1.0179074597206978, 0.46765477622309765, -0.9125063840754656, 0.2119411680372614, -0.2098775119798665, 0.22897591956131388, 0.6596134003537539, 0.7523526415441202, -0.508955183183045, 0.9682845416999357]"
"[-0.9763910995086754, -2.060918603638675, -0.2578539525399322, 0.4334484811407954, 0.38653537583816094, 0.38911914686791854, -0.9539043514547332, 0.5102089923394012, -0.9887370735857277, 0.08379452499338105, -0.46430577449912724, -0.5411972361186068, -0.6198715017862952, -0.865848985856391, 0.6562406900505042, 0.2690680511199713, -0.674873851547544, 1.2730908907118206, -0.30181130382138055, -1.4844714252493811]","[1.506378957011679, -0.18318948063645527, 1.91791039340638, -0.10595395753450715, -0.5106216357563476, 1.178300919949021, -0.1725545834077896, -0.7987753722135106, 0.6436685369241604, 0.6591647742654642, -0.0598360814433036, -0.7464464709824491, -0.11033359851734138, 0.2618477729020671, -0.4140068931219631, -1.2043886588576078, 0.34992139697592206, 0.9050103145004381, 0.21971860069361318, -0.08682463705002282]"
"[2.334472354327483, -1.3146075776918194, -0.8888757608386727, -0.8331612648152527, 0.619346232904927, 1.1585530438446243, 0.6516584875033519, 1.7546979766695958, 1.7387077094890557, -1.267565884967455, 0.8216168207369852, -1.1414126576087416, -0.5374000607375559, 0.669267157435914, -0.8723519233729149, 1.1334817758025308, -0.9822224391067035, 1.2596066790600335, -0.0792336160269969, 2.244289446963387]","[0.4722094559922628, -0.5706894999506278, 0.5294149502875164, 0.0694201130796251, -0.3227088671439906, -0.4629472243506673, 0.3625625256067, 0.44881929958200645, 1.0154918080042792, 1.5923532646233622, 0.3230203003075699, 0.18341299616676568, 0.21132759875184315, -1.2382842793503008, 0.28717348615537713, -0.14249208756224646, -0.6680774212071602, 0.8631251679993158, 0.1825936546100469, -1.1488130680803998]"
"[-0.7291845634021021, -2.7330818915623647, -1.3184115074332883, 0.11671146135282759, 0.8542908549451832, 0.5793721000604286, -0.11990539262492542, 0.5110437592060508, 0.8224182414228332, -1.2335723845438522, -0.6941858247549714, 0.7424844871900759, 1.267617827990606, -1.5337467969324505, 0.6613838042019592, 0.1304309255724789, -0.1854459292645462, 0.6359049178660892, -0.9171958743607097, -0.538693849699042]","[-1.5031804170409218, 0.5282453470665999, -0.3413402660104432, -0.6050070951983728, -0.27154915691709725, -0.18289200315659923, 0.4621025639947037, -0.843434457258421, 1.1893794545919123, 0.37279500180823405, 0.6267550631728529, 0.9036151705811647, -0.7810750524177424, 1.0912518015646477, -0.6110582368955595, -0.3386540590645027, 0.07310650304339614, 1.2198765619328722, 0.6880201792635957, -0.3078253784349318]"
"[0.4304075288538666, 0.2648941984997953, -0.545719119012085, 0.7926598864022448, 1.5834395872855203, 2.4136657167678917, -0.09462165877934461, -0.10041541150710578, -1.041890485148044, -1.3130338579517222, 1.2127325462968839, 1.0837814360591442, 0.9001885246414668, 1.3837934456126721, 0.7055920391980279, -0.8252466488176194, -1.1284398138616485, 0.055452451169687014, 0.11053669193200467, -1.1745541210449724]","[1.4003506718273235, -1.8436460661240268, -1.034011105536436, -0.7252128868889268, 0.7914227402303445, -1.1469427500766027, 1.1828922654277647, -0.16297429373185, 0.420527063477298, -0.5147367870964364, 0.9637205886232093, 0.9633778791693919, 1.2442475988384378, -1.0926911003538855, 0.36067438807295443, -0.13325922987535502, 0.2806007566378864, 0.6815952031319326, -0.7338186222614398, 0.08632867534403252]"
"[-1.304292351536085, -1.9724055604868223, -1.3068440998018904, 0.08760528364690692, -2.904038536692728, 0.4354614364303432, 1.5397154529086021, 0.9529700326099526, -0.6334279231986317, -0.21110980976747476, 1.0898370817662293, 1.1943882055490944, 0.6131681167608805, 0.5301478283887586, -0.10936082491596562, 1.0318568143366422, 0.6023417670336478, 0.21855558601935435, 1.8803033610732762, -0.43555983499633555]","[3.517154010974786, -0.5182049288680737, 1.6186306051742418, -0.6095217514113739, -0.22925142584341102, 0.5350043833179007, -0.8511605067636884, -0.050514744827148475, -1.309021452031128, 0.6280615929577916, 0.2345087957870063, 0.5026839590631539, 0.532837365176316, -0.36602408284464705, -1.1520308547421645, -0.15796892933754236, -0.6501019278667433, 0.31020651251567, -0.654372404169291, -0.1307774783733982]"
"[0.3695176292162497, -0.025689132584632835, 3.226462660708894, -0.5381008653208845, -1.8760259680052753, -0.1401301944352285, 1.2099744730862194, 1.020310957877927, -0.1707194608051806, -1.8962828367411813, -0.5785612410584462, -1.18939559721904, 0.8227290797582832, 1.1681888070096662, -0.02916355313708799, -0.13697440853584605, 0.8814289651677502, 0.33296209166864565, 0.1431186280599727, -0.009686499911330986]","[-0.32516464379452886, 0.9327040445774936, -0.8906941798837344, 0.9603618751208157, 0.13439229235164812, -1.6442561654359955, 0.02132821546479549, 0.8766569851297576, -0.9036527878837368, -0.5272768430826515, -0.5005171006032771, -0.029877516893504066, -0.12345109315273611, -1.3819424807664022, 1.1286187330153288, -0.9365168341547159, -0.11217417777901363, 0.4884392285875666, -1.1123458775121078, 0.3627780770606358]"
"[1.2354298309730256, 0.7755722803757072, -0.2820808996848818, -2.477908959773839, 2.2717079088452485, 0.1541762427631971, -0.3437157095633734, 0.29289781250245417, -0.7245276756554508, -1.0956045611775929, -0.32641055013572406, 0.9301309270022617, -2.4671499089496693, -0.2656983448469567, -1.2257159204519728, -0.6763827477121407, -0.3178444514189876, 0.13821283037802368, 0.45008786064294076, -1.6193257965854215]","[-0.07442651217043667, -0.3223211216516522, 1.180422738735791, -0.16886013379610681, 0.5256858824251267, 1.3077892450861768, 1.3025990750725378, -0.25659144638764136, 0.8833184969428955, -0.9782133670319874, 0.41507969232862657, -0.21081689429535644, 0.48649983148250897, 0.2992767583274915, -0.08868048509741937, -0.9481920421972848, 0.31714138694035987, -1.0793159575701914, -0.18745692218164658, -0.8401889364146367]"
"[-0.9625725945066593, -1.7415700339158169, -1.3906362492234856, 0.7012934360183289, 1.124151466178055, 0.37423318132475714, -1.241051069823699, -0.009567342723957326, 0.24542733053905635, -0.9547529596929966, -0.38408978335101224, -0.744103005508972, 0.18062472006508562, -0.37633435252315345, -1.4738823828458774, -0.31438348263040683, 0.4995031124734566, -0.8011506026116482, 0.9220523299223651, 0.42892345495136786]","[-1.1628549610600047, 0.09530183011803903, -0.09371343778356213, -0.6164143435242916, -0.6693689211759816, -0.7198970686436899, -1.537112319273307, -0.15115732378275526, 0.5987832620333634, 0.4655169830751691, 0.14953958752111826, -0.37369574773481046, -0.32745245590064986, -0.271104972861889, -0.4044947272405958, -0.7429397887692764, -0.7853393203410128, 1.0324581284597738, -0.39258565455520555, -0.4576035717309179]"
"[3.9534628910752785, 0.2613110975984512, 1.0397341932572286, 1.1839842112314054, 0.9287720623036918, -2.279745574691636, 0.3545183499666723, 0.08759521656200947, -0.9751477025659746, 0.2863003659197157, 0.16435118486905867, -0.5858879842291314, -0.5479025045590412, -0.9177917939050523, 0.5081960966626841, 0.5554545670473651, -0.45521496484793467, 0.17692107119141764, 0.4337453184009331, 0.09548890403638836]","[-1.3783076737447555, -1.1304643753387789, 0.20901204344285051, 1.1874891254297009, 0.40709401189899813, 0.18163267618295414, -0.6366373739318144, -0.8246059001313738, -0.31605436082141947, -1.1086809425225823, -1.073709475282739, -0.8932060208067338, -0.07085880084440684, 0.8559925120391471, -0.33997519073097177, -0.3390759588199708, -1.5198130628400555, 1.1229999515439475, -0.1814310648266682, -0.8307824502528263]"
"[-0.202698058430157, 0.1749197092686321, -0.7758558106480647, -1.9970128521535726, -0.09957464705788793, 0.1754238806191348, 1.7851575283153853, -2.083341037381393, 1.8150480602382442, 0.7199340349345594, -0.28649026861683935, -0.17590647905137125, -1.8302920272688956, 0.9280774916099734, 0.2584164480652584, -1.156590158072021, 0.9718080223720404, -1.0299976293592177, -0.35824533804423997, 0.24891271905002071]","[0.5350428474457825, 1.8034059534649607, 1.9584967168667278, -0.6640341124061419, 0.4166491692075631, 0.3370572114291072, -0.9063898955778311, -1.5869855980128504, -1.0065120951512994, -0.4817973615815217, -0.1311381049314784, 0.2006147341506868, 0.37282186982778126, -0.4073615755610602, 0.9059790820274425, 0.33683915220814753, 0.7198143876751462, 0.23912776169445935, 0.09054579868959892, 0.5880812288352956]"
"[-2.015439568688972, -0.04948746378622034, -0.07295150530177745, 0.2890279002681811, 0.9050454874804579, -0.5920945160536105, 1.3892020826045124, -0.4212479059361407, -1.7196769148119107, 0.5801508120486513, -1.7777249950932918, -1.2591014714187752, -1.2295080267645984, -0.5829175484771979, 0.05297206721550714, 0.32604392106354363, 0.10322316482267017, 0.02138375059199295, 0.13225225849365313, 1.2113072153738738]","[1.6480498130319075, 0.7727014255345452, 0.0735080006099079, 1.0943202339202704, 0.13241298607690635, 0.7902651607605382, -0.18206725222021625, -1.7543614113611445, -0.15866213205181323, -0.6230815992144689, 0.6324627240714047, -0.3490044016088892, -0.07365332867575522, -0.02256738960286183, 0.17468080902509472, 0.027698770325519595, 0.6419879475111703, 0.5711376676565213, -0.39266407380362334, 0.9841449453750684]"
"[-0.5033553747762768, 1.8264012645928736, -2.6446283982359593, 0.5832934267896863, 0.07520770683557318, -1.510199817693302, 1.5757540608698577, 1.184162200101037, 0.29004436200500744, -1.5581607108431688, 1.184896695843549, -1.6259418737275482, 0.20390548416035464, -1.4575117612546715, -1.0490314817327766, 0.34749410122865476, -0.5145832022164508, -0.6308860920324991, -0.8231262572918091, 0.573570778243516]","[3.220788825347168, -0.5600256885838449, -0.3960945378425574, 0.9316591404616396, -0.5653629683317389, 0.31625976206634704, -0.3090320859993602, -0.7592005022111638, -1.5409495141267582, 0.7607116639512917, -0.4478700809749892, -0.24485480107165525, 0.5700351605399803, 0.18997597340455227, -0.3425997168927898, -0.6890965582690083, 0.3408412830076365, 0.3688479176731535, 0.24215220218054212, 0.25695366433265693]"
"[0.955638460436445, -0.6933686103452235, 0.054253121067194814, -1.6992485313299044, 2.0121405734563607, -0.014093759540736422, 0.832216197736655, 0.4052273421212406, 0.03664436067726021, -1.4562179893419183, 0.27287000004230577, 1.3226832006111713, 0.8313662786455601, -0.9718817618012145, 1.091304451952881, -0.24842242522863092, -0.41629937797517286, 0.4681319065438099, -0.5857593992545814, 0.42448211467834396]","[1.4703551854705696, 1.676973379260245, 0.1771492410751447, -0.46411300490011054, 0.5247585183519243, 0.5890526066220321, -0.19084022045907548, -1.3224668027583328, -0.31276150026529587, -0.8224055568090983, -0.03477513781235763, 0.8199248865291301, -0.2532039041043417, 0.35155758692611905, -0.26473293756462785, -0.7575557507365217, 0.22558508001658784, 1.423528486613806, 1.056624951297877, 0.1981100379641654]"
"[-2.46675634322378, 1.7355351359847717, -1.2400539494342762, -0.3308779138128979, -1.2495431467712101, -0.530143718276822, -1.5417013923234988, -1.508898039626677, -0.5210257444767461, 1.2879457583383034, 0.005290598411233934, 2.0067277759024487, -0.44514930250763657, -1.7692806901431923, 0.6643730966677389, 0.17722348881345676, 0.3937281628829593, 1.1906533574011013, 0.3835523601358651, 0.6787493147287522]","[2.0282080442873567, 0.7619321293824555, 0.8628938557651479, -0.4075810373381858, 1.6785354493818911, 1.3609845593203636, 0.9022717684044362, 0.2824749629294345, 0.973126686396098, -0.6823723425081964, -0.18708128880973834, -1.121811352253392, 1.1326475291844509, 0.05757501951249082, 0.03453300730584147, 0.5318165025738509, -0.17164229113526824, 0.02228025752466676, 0.07599276129993192, 0.0893904793587894]"
"[-1.4779836337462005, -1.7645923154686118, 0.967844621482613, 0.02262241498724187, -0.37487481874973544, 0.11167480753020795, 0.3114040990505906, -0.10232271191550886, 0.09759665360235265, 0.3910980561795104, 0.4738757282049764, 1.5030000333007087, 1.571669936319361, -0.7347242953257552, -1.116611268100496, -0.20799352612833405, 0.8042730389588832, -0.5077881214594079, 0.4608213327220174, 1.0116642838043377]","[0.5940973141962418, -0.17833951267095743, 0.9762528761885148, 0.4543114342842642, -0.7606137898318431, 0.0012756258721892246, 0.6466081774786906, 0.03860628977864113, 0.8861010327734946, 1.4814485706424543, 1.297691570162378, 1.177677330627311, 0.0326026398560579, -0.0920859563688662, -0.6210291624066342, -0.10910454534560463, -1.2351857063709675, 0.0930906589667598, 0.27378908516627104, 0.02091119278949944]"
"[1.7871061468187486, 1.9255616056630496, -1.026649804686871, 0.01158900818682129, 0.1784238088626101, 0.7973777827024197, 0.5989165060400139, -0.809161421655557, -0.03565465096164594, 0.958131093631119, -2.3453188803745393, 0.16773104595212807, 0.014510501151293341, 0.3720284552861828, -0.5085687270558757, -1.9214149405559848, -1.8233485865493233, -0.2571461054766412, 0.4291236515281161, 0.9948424908906806]","[0.05801162124658063, -0.28479185618790986, -0.6873850494650103, 0.8979951236623777, -0.44178061637919314, 0.611103477702053, -0.45348948269777317, -0.2893323563993258, 1.6541975835194092, -0.24558595849431694, 0.726054072676058, 1.1760434305789143, 0.3171171956876057, -0.9253098494281569, 1.469810504552908, -0.2906957084037643, -0.6238869239875529, -0.6412277990141717, -0.4141425418241492, -0.7781907510327698]"
"[-0.9703387019145361, 1.7047604191722854, -0.6936689379758069, 1.1917491093828414, -2.5389797895349635, 1.3970128440268126, 2.412142391013712, 0.42922028251242966, 0.19473776211563526, 1.2385897866163158, 0.45906608345407635, 0.7718231192562619, -0.9727259105437399, -0.3782267586108185, -1.2267261929499396, 0.0666608193559463, -0.43441623193099355, 0.49573733832429917, -0.9805141455198862, 0.49332652149735723]","[3.472510812713091, -1.7304991891774129, 0.966726043019753, 0.4902742581856503, -1.6213555846986378, 0.6422388459558726, -1.1194483345770283, -0.0007634371944518093, 0.55011373418095, 0.197184474524136, 0.25872450784733375, 1.1290069011048003, -0.5863820362460849, 0.23197334167891628, -0.19103584607054724, 0.5184873003562998, 0.5558859122247933, 0.08446437075321957, 0.09492017266048557, -0.10786026589424724]"
"[0.5725441583158609, -1.2894726087786692, -0.08291275010552991, -0.06506330818495744, 0.3243771800521543, 2.0179796143644224, -1.370767697713981, -1.009685421108079, -1.5168105995381693, 0.13183435989475617, 1.8878338277532551, -0.3169091144500924, -0.2353022422291863, 0.024110856092856205, -0.05838851165433811, -1.6375828099269194, 1.094739183104215, -0.7100061455632413, -0.015449538977830742, 0.49288971253230096]","[0.32119928965566974, -0.38914945127653566, 0.5546106228469262, -0.7044810953844959, 1.106358697672709, -0.3622027479324162, 0.9222338236727221, 0.49893972288500227, 0.9844250532683746, 0.07432834392409016, -0.11642424210099982, -0.05165888911133053, 0.9926566711245017, 0.6696819656662001, -0.022952988169605684, 0.38315231505535313, -0.15662850361472294, -0.16439298127956906, 0.39035507423438814, 0.09910762360043066]"
"[-0.8444024545616889, -1.0178497561081097, -0.6703482824923568, 0.25727074493667523, 1.1259479899364373, 0.5051597693127534, -0.254060134058908, -1.3920641511879763, -0.5240932403192345, 1.3251552982169184, -0.728520475311991, -0.9839589266529866, 1.2144136238925998, -0.15188187420559723, -1.0478461952371578, -0.06850857007172391, 0.9269837004805266, 0.17777874466977014, -0.2114786572023692, 0.03000843091046327]","[-1.382339968680149, 0.6863928305818106, 0.07268446969038059, -0.8494480482182235, 0.6881901259796673, 0.3638626341542831, -0.20475529426547637, -1.6532770407952908, 0.6680093005802431, 0.2739546689119264, -0.47740436097827427, -0.09341803500719562, 0.3708892137214395, -0.2663015041677719, 0.74371618497481, 0.4456379009497411, -0.2800451327876421, -0.04214102838137883, 0.9775206651987803, -0.13751065296441187]"
"[-2.1040771322965877, -3.0447603739164624, -2.3886895200613356, 0.46446531135549507, -0.9331678518175762, -0.524160885184325, -0.3653319763903331, -0.44872772854200577, -0.4256737039950094, -0.7847837581631119, 0.1343963775828234, -0.29718998246758094, -0.8628216837438476, 0.23583287472763884, 0.18464865389493834, 1.2768312057125923, -1.304365141423842, 1.1878641381131727, 0.7459905108690172, -1.7528455002313723]","[2.4139031251183023, -0.4202801926982129, 1.7955758089399882, 0.04549118948103739, -0.3181938850729851, -0.333962756538138, 1.64827916135093, -1.018860412540004, -0.930155828809139, 0.10469576214824429, -1.1167062986598975, 0.24371043463806402, -0.21987489118547912, 0.023219357350322344, 0.25945593561712843, -0.6234600209357153, -1.2584928948648515, -0.9283797628818895, 0.9049636259789308, -0.009098389941138228]"
"[2.158119922626568, 2.2637523341508317, -0.6906533104720638, -1.0271214147181427, 1.3381366564865727, -0.23856063440269928, 0.7799413737792757, 0.5413882409269052, -1.2406409918547663, 0.60194602941225, -0.8525227386166003, 0.9787217837472085, 0.12489328781715633, 1.2554662844428777, 0.6758530961534812, -2.2124029042827993, -0.6476147474135177, 0.778980831813479, -0.5094660119596469, 0.6224740474706139]","[-0.5725745911552458, -0.4956551520229778, -0.7974194249164335, 0.4077152185815881, -0.6040008790030899, 0.646810850525121, -0.39508775678812397, -0.6969329854098555, 0.08609739012815612, 0.19296127549061826, -0.09082063973655037, 1.433724041499758, -0.31242372683903347, -0.5662513012093052, 0.7528733937916163, -0.6694413837185804, 0.5029056713476361, -1.4144369446018075, 0.5683214444287601, -1.5557743214490007]"
"[1.191930930553012, -0.2846189828661008, -0.5290789936789762, -0.29608234153279445, 1.3008036135862133, 0.06311232079603285, -1.228878504616276, -1.8469202504496682, -0.5327616475173693, -1.0597108762483767, 1.1285049518826669, 0.033607771002697615, -0.28767841366849645, 0.6669026687021914, -0.7051876096220419, -0.00814784926295167, -0.9803897859576404, -0.9409426725024899, -0.4364060017883407, 0.5129373184285383]","[0.24462421061741305, -1.6566508332928844, 0.09325466419334184, -1.8891995472816339, 1.4920842141103816, -0.5675475054576032, 1.6343871587353473, 0.26563420779597235, 0.32182375833706034, -0.44414210294183326, -0.4588273222491689, 0.3652072799584958, 0.8890427997317231, -0.4614903803856714, 0.24257539896999647, 0.6838513927339891, 0.7840480484952789, 0.5168779990498877, 0.06515112910282997, -0.8025613572614049]"
"[-1.1040889895831418, 0.9248939689621348, 2.951646108580274, -0.4685112268153321, 0.8834742792461991, 1.479029936729166, 1.2868474148255482, -0.4538089241128796, 0.023611358567727385, -0.46254525751584624, -0.11205876385715705, 0.3816435131109568, -0.4462460648685916, -0.45187157001183487, -0.6783793198174229, 1.5931127237456717, -0.28412968178870474, 0.7355989435404637, -0.7682719676954369, 0.6796804566226576]","[-0.22083299920932736, 1.7083078833299183, 0.5247950692468916, 0.45044456421163065, 0.533616286991542, -0.06586207489522033, 0.05950702365292253, -0.5686604121581588, 0.5690397490157202, -0.9810903535809546, 0.8140764234787394, -0.1293877324433296, -0.8593751761132647, 0.18785652119807872, -0.6668873227749116, -0.22804765489896223, 0.5135921994595821, 0.9906451007643385, 0.9129234194222428, -0.3404373486895813]"
"[2.2623446844977284, 2.4971380525369153, -0.5752898725823186, -0.8161172256552828, -0.6021950262746925, 2.0789559990207076, 0.5756344548699118, 1.0847317038855007, -0.34742405191005465, 0.11569033119238989, -1.6376855936450625, -0.6655888473962916, -0.06213088482418218, -0.6333661104939626, -0.08244853094181417, 0.8957915701184355, 0.12579388929930696, -0.7036516723247959, 0.4195747394052929, -0.8727813186150667]","[0.39323248823979473, -1.313879266178729, -1.2128919573378947, -1.166868852105126, 0.19455493726105974, 0.8496202251485052, -1.5077985017100275, -0.7333669697489364, 1.1192952023390437, -1.0501862204877837, -0.05095902814599577, -0.07614492851094025, 0.7780426785893868, -0.7462946420632827, -0.30438748867144, -0.8110041891457918, 0.20789029289013702, -0.8055688816154889, 0.03529668100316943, 0.3562414397857998]"
"[-0.6300434261256452, 0.48840838632613276, 2.3047538243534103, -0.8710717738544131, -2.9229531521072794, 1.001862899196884, 1.5558185636367523, -0.6878619385108742, 0.501516288930943, -1.5750966720829893, -0.7138880601505552, -0.39218744252400306, 0.5784519144120761, -0.7430903395387042, -0.7464542173730784, -1.7190727587974777, -0.020001447456668868, 0.4813108057684397, -0.49311358799912663, 0.6057345136174229]","[0.6457789861302692, 1.3048719446586015, -0.31664133449014353, 1.6655798743881571, 0.7355467352049727, -0.27652720186242247, -0.28009414469658506, 0.3078407934403114, 0.5361736306894674, 0.46458970507307606, 1.0564506879005215, 1.000425220439979, -0.5331076825725477, -0.7681575338382098, 0.2737679127003923, 0.3853880987645683, -0.39894823972108473, 0.06616813036310758, 0.03709765647316477, 0.08952524285240535]"
"[-0.35610335103724194, -0.9016822810728821, -0.9403320340787195, 0.9898950535143467, -0.9882356365745828, 0.09971765075674556, -0.8247611989839365, 0.639105865825072, 0.8518949286976594, -1.057026383770965, -3.0645436126456733, 0.21160012077291887, -1.1131946993062625, -0.09260982172084975, -1.2635355793372856, -0.5102434997794864, 1.5684124658088354, 1.521057890380718, -0.31017627706978435, 0.2873455040330146]","[-0.5945276950537418, 0.21265795069587798, 0.6212812978293816, -0.7043939077557545, -0.473474437443634, 0.7345912631473096, -0.36674352888447237, 0.7732856183142697, 0.5163535130241532, -0.1320703390399009, 0.8498638108350084, 0.2608227595187854, -0.3249841739921052, -0.057849810157775884, 0.8066916653988132, 0.9240686085314889, 0.34234786847891835, -0.41778118513238993, -0.09730665928912706, -0.31742396172280624]"
"[-0.6361939270345526, -1.09276440837434, 0.34797899059230625, -2.1388674473690963, -1.9849560254212533, -0.8949241856517385, 0.2881517686084265, -2.4530283429637425, 0.03749666361334497, 0.15998176469124784, -0.5597372274638139, -0.7597537226965569, 0.3233106619760402, 0.508694245499582, -0.28040273694373236, -0.4140044547116654, -0.5985571615739513, -0.0740160876873526, -0.8051635111762601, 1.5064350205682704]","[-0.515131533177361, 1.0706892978808602, -0.3952048929438569, 0.7630061322583852, 1.276269467307249, 0.8538157527955089, 1.13302147170874, 0.5435442662226396, 1.321194547214894, 0.9691616721112578, -0.16633763850388694, 0.7819542723149585, -0.6699455969891221, -0.2743305912175899, 0.03413289394206903, 0.04104261640027087, -0.11715541767804202, -0.20853085583149675, -0.010788898216859908, 0.05418277577601258]"
"[0.3358858915969284, -2.650730077084113, -1.9072737735703105, -1.2067259751788924, -1.511209834106876, -1.865402425777241, -0.9115038887813587, 1.1671322705261582, -1.6865557093404355, -1.1208754627975765, 1.215084021321839, -1.2812208455089233, -0.13191352908408943, 0.30894033343589333, -1.2192639642753178, 0.2580400558350596, 0.2300223918411257, -0.26556656162784054, 1.1100456933190697, -0.18279094918403135]","[-0.6121047553754575, -0.5741378443706827, 1.5460225142995436, -0.7788820865033499, -0.658744794355407, -0.9221179311347418, 0.1945972217850198, 0.43551839530471026, -1.0620742781714652, 1.5223960544352435, 0.5822748369621082, -0.4753287744719608, -0.12589756411692027, -0.7603881834432289, -1.1907025655667787, -1.0737984286696778, -0.23176335891228195, -0.9391030741167833, 0.20234631397651226, -0.9291945659067825]"
"[-2.336984997826791, 1.9412982705653676, 2.7940173666254857, -0.9321093363457033, -0.4199963591006161, 0.512688077989453, 0.7929876594264177, -1.290611713802603, 1.5932373502490687, 1.0848760579920584, 0.12545892966619507, -0.23291782616826945, 0.4231176571201242, -1.2808826084110183, -1.9439664001693615, 1.1768765713567257, -1.6467306586969133, 0.8391928332010384, -0.17346262620913871, 1.2968085284824218]","[1.5959352198438541, 0.5813761347908284, -0.8601928701855924, 1.2689476969788633, 0.05763132222886145, 0.5645660321630409, -0.0039052684622510854, 0.7137827806994852, 1.3154164100748682, 1.1520484368837252, 1.161323962782411, 0.16117168259101008, -1.0537582789125262, -0.19066276133682913, -1.2356216157527944, -0.804057953945004, 0.14214742135223, -0.008929602726451335, -0.27630632396161614, -1.1124847251572616]"
"[2.258389322602803, -0.641401007045579, -0.7999103709475066, 0.47497440094319326, 1.2958891196993054, 0.8417628288471553, 0.5835289064767933, -0.7676850058837994, 1.6375324276040233, -0.49765524890021523, -0.838906243627058, -0.35960898497312727, 1.327868595785895, -1.1777727464291603, 0.41040276447627255, 1.3664276588329105, -0.2651019753765357, 0.8314731612771665, -0.3016947558726554, 0.5501614477037531]","[-1.3046349882696513, -0.5763084945341508, -0.019546859195666108, 0.28596135920324706, 0.02879185352380385, 0.9395868646874797, -1.19741605287977, -0.7449020471318613, 0.23089305471628904, 0.06970736118497868, -0.9406932947513134, 1.8257536878018126, -0.15454841993849344, 0.8187760443930765, -0.18796503076577437, 0.278842096083932, -0.315876837724744, 1.159114511349288, -0.4434911068291, 1.0102122200201615]"
"[0.32064696464776227, 1.1097468358471538, 2.538397027657243, -1.8102268695957116, -1.4681341466006281, -1.2185377836674882, 1.1673512458990976, -0.41779545170764554, 0.08309094224386415, -0.2344300632875812, -0.7449878913321124, -0.5743869463398988, 1.0798736016315893, 0.6496569302408066, 0.4048556472361694, 0.611746544437719, 0.9602201262770999, -1.1416294370775768, -0.5009428368501058, 1.4061417120824222]","[1.154273993871591, 0.5094567777463551, -0.853191536240761, 0.04319293229642512, 1.7943882102957365, -0.45828780638499494, -1.4622016486117635, 1.2615308569129962, -0.36444164178140204, 0.5993772805976935, -0.4684982048178974, -0.23247147764583656, -0.06702428744809281, -0.521106861533989, -0.016689633435864278, -0.34542512605281683, -0.1483628247571568, 0.49913472984331686, 0.8695633118145746, 1.240890001800457]"
"[-1.6226895809540711, 1.4295491191765706, 0.7349689983005093, 0.6302937955951265, 1.4483596148576998, 0.026244363413245802, -1.3891675326128623, 0.779245380630009, 0.6372870740430681, 0.5227045978071108, 0.9890946312756205, 0.018468037481333913, -0.06230876869484227, -0.16536013231736563, -0.7749478644495668, 0.41394124040438096, 0.4534400753554133, -0.7161292242048929, 1.0046909837327638, 0.4120273578764162]","[1.1501114437841702, -0.39997010340255007, 0.2949092536911894, 0.661286505943747, -0.9335937145434098, -0.694289935651767, 0.3519208529727473, -0.021115738371061198, -0.2831674346716816, 0.48208910325469284, -0.06841394044724237, 0.8165590103915757, 0.6417002530339739, 1.3428035248829753, -0.6966406881039809, -1.88251781023178, -0.20583404274230968, -0.12942676706601164, -0.6104104530219596, 0.5804076116681489]"
"[0.7532449329558871, -2.2851908421831064, -2.054730151490907, -1.8889993852943192, 0.21372305245804082, 0.450676959681071, 2.7999189038825225, 2.1327217028608363, 0.6884690440273963, -1.3730275028337298, 2.3059121731997396, -0.19860541557619146, -1.2441645978013196, -0.31530640184262504, -0.006165562764381971, 0.600723164851267, -0.5849724404050595, 0.9400321078590942, 1.7868299605291222, -0.28199395678718076]","[0.7819267064270281, 0.013504113953487554, 0.6657198777189515, -0.5019313429495604, -1.3594649628594917, -0.6565344305703423, -0.19515099589771326, 0.9525484227853841, -0.205300198298255, 1.558842682062789, 0.5006824925756429, 0.8580049573945041, 0.20114122505857607, -0.9399084527361795, -0.47489822775541934, -0.22050905484688862, -1.548338785423621, 0.6688965988152695, -0.5159156438028037, -0.004015833507495996]"
"[-1.7047640526882595, 1.8337088231827596, 0.33458947609324247, 0.18631092489070444, 1.6913037145798466, -0.774338907515587, -3.4046139865234513, -0.6625466472624326, -1.5681990887766026e-05, 0.25828606822517297, 1.0661649330136547, -0.7142416152016524, -1.7831265877258842, 0.10927124276657978, 0.2700058086942108, -0.017352084547710867, -0.8778105311469279, -0.22581506301788884, 0.20615590472752726, -0.7185363408378085]","[3.4969983749793756, -0.6054804441810727, 1.0506046444042265, -0.14420836485326424, 0.852262132767409, 0.9044974022110329, 1.3473317641288802, 0.3421308357854838, 0.26763126808773213, -0.28729025715115064, 0.507333678108471, -1.11450429651127, 0.2099939741280447, 0.4808888741951778, 0.24406547834348127, -0.09789819371114697, -0.002349155018901281, -0.6750095891644086, 0.3086625479269397, 0.4404321994235383]"
"[-0.1391435513754496, 1.3105496364273856, 4.090735137733274, -1.0698989550425333, -1.7517765182507299, 0.5373263069870833, 2.532718983211102, -0.5046418660021268, -0.9853911707647454, -0.9297459771547946, -0.09936245239578384, -0.03925037989657469, 0.13778161034461708, -0.07957067389871408, 0.5264354867940774, 0.04629195065770249, -0.14614614576956617, -0.6784639996987297, -1.0002920407129043, 1.4820490056449127]","[1.6885542389148922, 0.14694988224817487, -0.6025057355185369, 2.525135009610311, 1.3421857536904973, -0.7227480782354896, -0.700056854799451, 0.8980095128215169, -0.16222345648170378, 0.0355770343787691, 1.092992043821631, -0.15795138057556538, -0.37710237547741227, -0.2951336674981534, 0.6769595309202211, -0.9093515774130624, 0.8388924347792266, -0.30825467514480703, -0.19267352601937685, -0.10085946496543183]"
"[0.9252998680145454, 1.8577690251442949, -0.5234251699282774, -2.627354539632759, 0.25265148471000504, -0.7131882578990706, 0.1253865025539881, -1.1926972778132796, -0.9970930844130883, 0.04765223489484101, 0.5808001798603033, -0.8623622302636604, 0.8883787705618584, 1.1856884351882446, -0.09318857297104059, 1.7583816390258333, -0.9003444429351803, -0.1586603468028464, -0.22608836387012707, 1.8316768231598743]","[0.15100092668294626, 0.3916844779530164, -1.5928905360094137, -0.8295766142485669, -0.6551255588080105, 0.7150754458659284, -0.5973899845074433, 1.0160221827710356, -0.6624610264790053, 0.08884932476599845, -0.3426062949825853, -0.5671707752225186, 0.9191083328623181, 0.3397231544998242, 0.042367470154914, 0.6871887109715973, -0.30954730201859776, -0.24453268953394453, 0.9941181800700711, 0.6929362001475521]"
"[-3.4123348146397205, 0.8812789895292711, 1.78914210295598, 0.8398821002409143, -1.408182574329233, -0.7855949123211108, 1.4127202253340605, 0.08451969694113563, -0.7757678378154701, 0.3188124534760684, -0.6143024633388396, 1.2569283638509976, 0.8221328038299341, 0.9707109548123671, 0.22044021012113485, 1.6206703063672336, 0.01197924836507215, 0.37227668407355874, -0.7519508623538101, -0.775857595596468]","[2.0710818297014018, 1.3030624182037118, 0.11801062849674737, 0.24587175251255217, 0.8065562063422492, 0.677563630372021, 0.19012426639562877, -0.1252635162806499, 0.41122883890971756, 0.41347912981174334, -0.6862230614485775, 0.10623866392434761, 0.9257760996845135, -0.8758195180736722, -0.7898244655042895, 0.9968527061903881, -0.020262306385541547, -0.23671473086835104, -1.3205114532392057, 0.06718855313167198]"
"[-0.2583803749604307, -0.05731195140342551, 2.0345350860516875, -0.07977009989943382, -2.6166283234379093, 2.9584630101961062, 0.19500585693103042, 0.31766346812165036, 0.5499777788425149, -0.9889466912828605, 0.9608632942472086, 0.004684700286747694, 0.5272319982490599, -0.5013519727794985, 0.48352421061184164, 0.215117869602271, 0.7221151659138073, 0.4909441234976509, 0.9296741075920145, 0.8549067829586302]","[0.11081840129735888, 0.7320289122337781, 0.47649958339990156, 1.7094841182441882, 0.6427420766249403, -1.387218241650074, -0.3083617894484564, 0.6736898455891941, 0.9639719989839391, -1.2051070921207399, 0.3881054575219136, 0.5298579145669602, 0.21662544550976234, 0.08399206294320372, -0.5261103220288124, -0.115611412458444, -0.4769428556107826, 0.7334500982139283, 0.5561204942961753, 0.051357304853840526]"
"[4.4710716457216195, -0.9506463978575787, 1.1774875068751265, 2.176795682010975, 0.45712382287930853, -1.6823669079986803, 0.2363531176479581, -1.0463662245206145, -0.489373393539798, 0.5735243097327135, 0.6170706112167408, -0.363038689850892, -0.06328895155456823, -0.6543440576826121, 0.19258108302934193, 0.7443526437735161, 0.3208180377019673, 0.38813562433169435, 0.14165286931232715, -0.18774568988731516]","[-2.1524802413350237, -1.3392748412508615, 0.1585019346796586, 0.41683116938125664, 1.0283866207354753, 0.6057674597180671, -0.36808949974467264, -0.5988381874666546, -1.3512708990467968, -0.6641611709543479, -0.19582759113036705, -0.1089056987255016, -0.3591536205639494, -0.1401795773150657, 0.0077424992565851124, 0.5495509442589698, -0.17712193036827598, 0.8129724951555193, -0.2935853117170285, -0.7436288242303883]"
"[-1.5396171896210058, 0.14955652675557643, -1.7327447556910838, 2.2640755072023744, -0.3206322793567917, -0.8677422144019479, -0.616572577221617, 0.30651603751438083, 0.1342427541111306, -1.8678864179926293, 0.006358809869661286, 1.3958361857275823, -0.33917211970639893, 2.0580957147318095, -0.32359303790090116, -0.33606849941476, 1.0945898174981403, 0.568627380227901, 0.4206187934239028, 1.1646755004116274]","[2.25173789020914, -0.8685289045252264, 0.07342374505510002, -0.4844694853748633, -0.7595608219501641, -0.42705853719114745, 0.4370814154770727, -0.4205029155836672, 0.3280098286825226, 0.48128912958049513, -1.3467767161259039, 0.24411222749786055, 0.5403387222588046, -1.6961432468999773, 1.3717848265704307, -0.09324664067333066, -0.5099113316814147, 0.551015844535204, 0.16827853074313281, -1.2563877826418763]"
"[2.2848709102112563, 2.963971701811721, -0.20341182625392665, 0.8570706946290317, -0.46504395299111784, 1.486869081724606, -1.0741612841585901, -0.5961965311281376, -0.9664941469057634, 0.2106979951125472, 0.05844363708413082, 1.6818889778651245, 0.7065272497270841, 0.11878240095269663, 0.32424904604233123, -0.23823840130345714, 0.7116104709217601, -0.6764975677648131, -0.41410466697161336, -0.7746848872920041]","[-0.16269781035944234, -0.8367781590466296, -2.025916931544966, -1.1163224389641666, 0.8533582646293147, -0.4009269771974545, 0.8857027102616748, -0.5664643026626431, -0.7583299579670779, 0.4499000547938959, 0.06605163340671097, 0.8536996284095173, -0.0799235733671576, -0.01931366306242674, 0.46885207062808726, 0.8336153553365022, 0.3957014937225414, -0.6288749151742749, 0.9985204900828643, -0.4887582648988702]"
"[-1.252566531452459, 0.16048476730415018, 1.2206136296326682, 0.48566487389878077, 1.8574895657575823, 1.2295385872951738, -0.3581408104652718, -0.8227854367160858, 1.1087428228650418, -0.7972338340304718, -0.3010773373614796, 0.7068275415184744, 1.462745726246448, -2.037769654145345, -0.6242220061409994, 1.0332845165138345, -0.5543379089928635, 1.8957406989109467, 0.9437905789262087, -0.5088584009324573]","[-0.6388441212953446, 1.093016093952952, -0.09624975588325695, -1.0333652224550176, -0.12247540989659977, 0.4897826052731728, -0.020437481213429972, -0.044423544654842585, 1.2321722779449364, 0.3788850961555641, -0.21817984712979194, -0.306270227807453, -0.36071835246655815, 0.07601093661082102, -0.4805855708505158, -0.7590393622338445, -1.2893282845741973, 1.38040744633895, 0.10062957572983693, -1.0849726691676183]"
"[1.130479273030496, 0.4335787141752459, 0.2266561140154215, -3.235194961702136, 0.1232428361971062, -0.5259285330689982, -0.6063693364113888, 1.6710691516444784, -0.316945909999075, 0.28643927872674035, 0.7831190972644594, -0.17288871811629392, 1.263108947820918, 0.9836374006469882, 1.0305433484982414, -0.6496043933816679, -0.01708613468830414, 1.1911038944785532, 0.5789326521420174, -0.9546440020185563]","[-0.22418932674907366, 0.9664287134059762, -0.8613967312258402, -0.5615730596807966, 0.2843110637549324, -0.0647350144549472, 0.9282779458315398, 1.5074882866315829, -0.2586981090444257, 0.09012850389625454, -0.9157429563181922, 0.5928514463430506, 1.7699898129007487, 0.06380117668406854, -1.423839338370863, -0.19883086239201717, -0.436583042261364, 0.6400647637915112, 0.7551653660233112, 0.9547566288386522]"
"[-0.887288844494141, -1.013567767625345, 1.5943349441909132, -1.5136084693010965, -0.2908874130248888, -0.12033034366713252, -0.7418650813153497, -0.20947365612099908, -0.7124959138860583, -0.5748557985958521, -2.407946801474675, -0.7928955767787679, 1.0509595531163334, 0.1819431124450442, 0.22504883252416574, -0.5743198831421794, -0.35186625288686185, -0.49852565857763753, -0.025839928083792128, -0.22145742261485205]","[-0.5296174114556085, 1.156314423522036, -1.0901476544324793, 0.2576337315631977, 1.4274595057617134, 0.2706795699839962, 0.21785194562318247, 0.44647726854718955, -0.38781094160235313, -0.35850681235396353, 1.165618678025152, 0.4146305002244321, -1.03506393526768, -0.6485730634799698, -0.12852146925245683, 0.18991004555779586, -0.4673067012899844, 0.20247321780502833, -0.147024718925043, 1.3036337889395673]"
"[-1.2505882293625905, -0.42820393218132546, -0.3467588878622507, -1.6647209404972838, -0.1885404801586156, -0.7520305987158901, 0.15330081384626745, -1.4720515309305677, 0.45154806761119887, 1.5827544552858124, -0.7322310289363727, -0.00821135842682228, -0.3965331706926763, 2.1044084579947, -0.10113327306355133, -0.5320795622978752, 0.6376157979408833, -0.9081304807826587, 0.9792020366008535, -0.777412780586588]","[-0.16452471406284633, 1.5239925495099667, -0.057702603028823025, -1.4636416922743234, 0.04932522896691665, 0.5837025240985781, -0.19273812510521976, -1.0910320482341394, -1.731080064388495, -0.25916510259721265, 0.12732688212926893, 0.2579580620973958, -1.2153062290437935, -0.6808926424971511, 0.9220939070958227, -0.2175766505408052, -0.30016549828593964, -0.6258133744773513, -0.3734543274799854, 0.1342360059480646]"
"[-1.0145950164002322, -1.1906885249751853, -0.6094064772634958, -1.4103438108759871, -0.07513176950800173, -1.784321752392951, -2.1328413553433214, -1.1229043220322545, -1.86266552144406, 0.40240783504478284, -0.5007148045040043, -1.8415267322295965, -0.4515142369433358, 0.30127701681451907, -1.5756789403334075, 0.011592888994741814, 0.6554669140688208, -0.24760969531879143, 0.5548904511493066, 0.2374274784566542]","[1.5432994314591875, -0.6619479583557774, 0.7571458932148648, -0.23841994914364548, 0.7383599987385537, 0.6674230009753158, 1.750861540574102, 1.0598532410406374, 0.1449702624346842, -0.26873897997012314, 0.5307949520795969, -1.0386083270919533, 0.42994188271623585, -0.6768023900104546, -0.3736462072207215, -0.20439539597148693, -0.3941286036747999, 0.5775441391423581, 0.5831342706769834, 0.9916073665101456]"
"[3.1179143006615506, -1.8049923237432495, -0.8560948952834172, 1.319125563011944, -0.9476852697372161, -1.8065639251282168, 0.23642758696981406, -2.0345697111886745, -0.13548603482239957, 0.28478612989873786, -0.534466969224776, 0.03315745433030695, -0.5035142681597423, 0.024404076201627118, -0.11094532017134966, -0.38057278576687253, -0.8164064823942991, 0.951359152536559, -0.5356906596344446, -0.43790795775985875]","[-2.6384893657005817, -0.920824332501698, 0.22937842153319357, 0.47927278221728026, 0.5603861358524337, 1.074394937429718, 0.60708955684027, 0.7463586641288583, -1.0178878709508996, 0.7356536902697923, -0.48696348690031027, 0.03736574239804932, 0.5220335178882837, 0.6516929700512601, -0.35777494254396186, 0.7323776194711659, 0.285629292153004, 0.28486771179605314, -0.6072129216543922, 0.21257104052913742]"
"[-0.5247750806252562, 1.8507898824362154, -1.4690730981877473, -1.8945215394266155, -0.5652706530891409, -1.2291446747887655, -1.277569152352403, -1.493759416827422, -0.9418695079462696, 0.7082885950007957, 0.8631107003918617, 0.44448880626668985, -0.03405380222156393, -1.1893325132206751, 1.3793325603816415, 0.2725795867201978, -0.7831207583077577, 0.00585702496179532, 0.7768204703176761, 1.0747019531248863]","[1.031588403552382, 0.551231357085209, 0.7320384965669589, -0.48720885487924903, -0.2896070722858078, 1.0161552156238929, 0.6333528005546832, 0.87614234044799, 0.35984149706298235, -0.227442903957768, 0.8614956849453044, 0.34354768791388046, -0.7687751895391044, 0.29525603831541425, -0.8893757960456015, 0.7095539610988979, -1.0636988557785418, -0.49188511655296685, 0.037690989190936205, -0.8162085365323315]"
"[-1.1190311819544296, -0.7901231603532871, 0.20470815669772446, 0.008846467326759515, 1.811799160652497, 1.3079020795137075, -0.11106570059268583, -0.5312517149707218, -0.7383230874937448, -0.1162986106830222, -1.166918270537525, -0.5085773716666431, -0.437478876448532, 0.22744101158965555, -0.5736079792043576, 0.6660559364729606, 0.8674772295870333, -0.4030402423732502, 0.1148544116348595, 0.3540482316422777]","[-0.22707075542566924, 1.1423365335153461, 0.5914004012333564, -0.3497746867816831, 0.8049197428240626, -0.0014594135607758397, -0.22107775961622328, -1.2210697927656673, 0.5381234214868773, -0.3531828362863382, 0.5176231900222492, -0.046886594418279866, 1.0596125482605323, -0.4038052228004119, 0.168472426262047, 0.7875247040291599, 0.31889557013534936, 0.4741472976887256, -0.622603838847519, 0.30248317592231905]"
"[1.021853816066373, -1.8409511971336214, -0.94719727573255, 0.5752178390063075, 0.01346689705262585, 1.6861396892120937, -1.9779414424609276, -0.9582536753104727, -0.48474507954645507, 1.149015940673969, 0.3747916424816359, -0.040961461857653605, 0.20597735749941218, -0.49335929408240026, 0.6760787333499195, 0.20107884526698266, -0.5628256929612157, 0.0015605655712679419, -1.935758159276286, 0.2070785881650036]","[-0.1593806949552694, -1.8624897253492476, 0.03813840233330782, -0.5234560905616299, 1.4756739917492918, -0.5112255061655387, 1.6713253008936866, -0.0327671659506696, 0.4662666170674721, 1.2241742194947975, -0.11373947032938875, 0.6238422371747602, -1.1402504159943812, 0.7634284661245415, 0.6802588830665328, 0.9285913005160997, 1.0211191085749678, -0.7762638269612792, 0.45664416444161704, 0.01146906929377773]"
"[-2.2752607564437093, -0.09965941728230492, 0.6784220863189752, 0.14456545762648756, 0.5832120776579048, 1.1431569954438672, -0.14904755852777316, -1.5577718747903126, -0.978014298486815, 1.5103712576697417, 0.8215673423898234, -1.8578982384694118, 0.03511576712842445, 0.9433526402393139, -0.5760755402655087, 0.2849351764909776, 1.0864195277704887, 0.37697311370967834, -0.08693244282542979, -0.018145777721215017]","[0.9102274105709449, -0.38023084355431674, -0.8841483307669685, -0.73116244483122, 1.1911109925724346, -1.5811544039749923, 1.834101681950599, -1.022695473008079, 0.5973894864423508, 0.36388924853030763, 0.15252298424095065, 0.22449186084739978, 0.9305337413584955, -0.15747245353988668, -0.790305965274711, 0.7364084877122239, 0.5204753157204273, 0.7294197128993765, -0.08157753120161042, 0.8549361409394569]"
"[-1.3927638447037518, 1.8284939266730647, -1.132014398511599, 0.9653555552838063, -1.3036957702715206, 0.8219268052151428, 1.9722716913810494, 0.8260260089097828, -0.11805259889219236, 1.0709333393589326, 1.3668912424296442, 0.40119288758526, -0.7619907389293145, -0.6554435843689171, -0.44615107070864984, 1.5884569129408188, 0.8594219885568095, 0.7336684800064053, -2.0444045378906437, -0.590079137900624]","[0.021879687807358553, -0.07245514934556109, -1.3439665881444878, 0.2980417263277173, -1.948308917033216, 0.86462269372434, -1.0128404974233916, 0.18589361417791464, -0.497567849504051, -0.06116994472150943, 0.5337122021936772, 0.7088803983049541, -0.5871753865010501, -0.15120896617170176, -0.561366612087055, 1.234873161392925, 0.6604111716448254, -0.4423557164935852, -0.31119306375276773, 0.8007415494754903]"
"[4.04220201687437, 2.620260320949808, 0.3944885935639699, 0.07030268850947237, 1.9383530495238313, -0.5489093609476858, 0.5247405344406759, 0.2430751368112687, -0.7922975988614271, 0.14755114291909247, -0.799670497134283, -0.8512880829013834, 0.9018641974350445, 0.2680828783056142, 0.14806042460080604, -0.3510107710254027, -1.1015664881013911, 0.07279087545606983, 0.3539143582067532, -0.49157010887008107]","[-0.9173440564325037, -0.6277163690881459, -1.6939023387507075, -0.4103883307518938, 0.9181906302100227, 1.046787569413637, -0.3963214554472561, 0.2385930558765215, -0.1525418517931308, 0.26016399429208764, 0.35323179294371965, -0.31035949811804436, 1.2700559004380687, 0.28826976417679984, 0.3426359536733829, 0.289782956310886, 0.018605078975425002, -0.01823538643503483, 0.4691891144226922, -0.08672364938379544]"
"[3.002777675694089, 2.6827066994110185, 0.8015411015344817, 0.181473077128425, 1.626063647400137, 0.3954687333764837, -0.20605318367252434, 1.6810125777277996, -0.9686671022487314, -0.6209691814754906, -1.2155829902740107, -1.0403811149283757, 0.13226833202772595, -0.19255367621956854, -1.201752433816762, -0.18836226759774652, -1.3895834923574213, -0.10370668503215795, 1.0756365479491627, -0.9494914756481567]","[-0.5435839276324581, -1.1767813535881135, -0.760801850927325, -0.35015716808203773, 0.24805123899525044, 0.2190704243293264, 0.9248224510630836, 0.38311884286218045, 0.9258967811226798, -2.2406550203076407, 0.5456555696889366, 0.3116447378078144, 1.241035496317845, -0.8087716634822527, -0.6200514503108214, -0.8764987584191731, 0.11219393022108907, -0.07961875802641868, -0.649684637959212, 0.17643243430570776]"
"[3.685039033873409, -0.190323512200191, 1.5306459528393026, 2.714086969170948, 0.7986816611522466, -1.9918197139217286, -0.5582966633346526, -0.7630494725451762, -0.8573868844597812, 0.5876054642843612, 0.2292248860793957, -0.9602744840365482, -0.2169616497866153, -1.3919411012022722, 0.6415170885675621, 1.0634322893486023, 0.2964983943420057, -0.2310863384541988, 0.362619122643633, -0.07431992239534807]","[-1.2087080906907404, -1.7342201659271392, -1.082101668609366, 0.24302414609548295, 1.2987951028335356, 1.1800307054311903, -0.7348390882819732, -0.3110740079154443, -1.1797895278720785, -0.24839461768071697, -0.19528206991357366, 0.2784989870485623, -0.49646414046757387, -0.13988208456686782, -0.09287252362977057, 0.652181790305566, -0.6895482177227965, 1.5723722896545198, -1.2625718910166914, -0.4715050869194443]"
"[0.6316566662109918, 0.8496928482405068, -1.4694326462407736, -2.8048584118070545, -0.032384093785821084, -0.7118740538023577, 0.02742790613999207, -0.2618875804781558, 0.04760509461110099, 0.9466523223627139, 1.126524892328167, -0.16647083943815147, 1.267958825174185, 0.5037817027586314, 0.4809899694189434, -0.16409455096093656, -0.20378973322616245, 0.34199818717360014, 1.0050608069643805, -0.5806930678077654]","[1.0466505384395934, 0.04867640473106205, 0.04723427279692972, -1.2190195184701653, 0.15858418329533552, 0.26669004979867866, 0.5809737021157424, 1.9220784983702146, -0.4544549352118935, 0.6222650043730307, -0.6635236117180086, -0.4031082573713726, 1.4887276294840253, 0.6966708409909017, -0.8486556597079034, 0.1504519210097753, -0.5834742687540696, -0.3723835817848905, 0.5402249907118161, 0.5105008660441095]"
"[0.7651397258986373, 1.846028321301396, -0.8711280565836369, -3.0261642398556305, -0.35147090271017467, -2.040547442494274, 0.402510542658241, 0.4361288533112234, -0.9896864671323092, 0.29042892361390693, -0.4612851578022193, 0.3108353805383198, 0.9122426515991815, 0.0546677213902333, 0.06550952072687508, -0.07364593693337329, -0.8114863006837741, 1.2618397450953232, -0.6460460794337372, 0.49285565404389065]","[1.8777050463256633, 0.8503135126133373, -0.5847954588128745, 0.6325809249520881, 0.5076718468437436, 2.1267937319582653, 0.20270790206472136, -0.6182861708928729, -0.11728994178847689, 0.5487416487151144, -0.3960891197258699, 0.4105026749925736, -1.18844730512244, 0.5738989766614259, 0.41723357628485985, -0.4761272089871843, -1.2500797031861948, -0.6400043160239539, 0.040907642430002174, -0.26626864317813315]"
"[0.5590302866972441, -0.3888530832829539, 0.5645971820746756, -3.0305471488013764, 0.03365003178511505, -1.2367228815794677, 1.1427063528240282, -0.3007442980596416, -1.3648510075300544, 0.29079321042797435, -0.9100070066936113, 1.0165915981473943, 1.039732110529567, -0.3207065519681194, -0.6246948964957479, -1.0664360471172327, -0.42946592878366385, 1.1948421070766067, -0.31837622362463686, 0.05291163678940384]","[-0.21088581064441395, 1.0344777571522603, 0.3213552372891908, 0.6639117548793387, -0.44107498894678104, 0.933928087926374, 1.1297141472029673, 0.885091917873395, 1.3821307489468475, 1.017916652089177, -0.9535201935341521, -0.021175765711090463, -0.6635739843306521, 0.12623198000513774, -0.4354201433604818, 0.9111075510255405, -0.23499185459973465, -0.04133194943106906, -0.25981939549199856, -0.42973362689187516]"
"[0.025195165403220667, -0.6512038240456267, -2.9835606522729665, 1.187458531198844, -0.1298820570657518, 1.8811743432383226, 0.2913996160912809, 0.18412562791339993, -0.28370558783172134, -1.6097759675436165, 0.9459925456042858, 0.24652887465237666, 1.1640572184146376, -0.4012575854398395, 1.3786417256233379, 0.3201686521550701, -0.5558885975785103, -1.2969276101021665, 1.8559863212399372, -0.28642744249582325]","[0.534583773313755, 0.8166814667675619, -0.5193742413194853, -1.3630229969734997, -1.2655083656487518, -1.6365260087303888, 0.55044404012543, 0.3344557777286725, -1.119314527480443, -0.314715649166062, -0.28333607235880937, -0.10951709822173383, 0.08943010539987113, 0.31949042900947344, 0.9562676054303926, -0.5803187172383859, -1.2774443245559277, 0.7544659350359897, -0.890083225725565, -0.3356509464704161]"
"[3.6053577318568504, -0.5654965760862927, 1.8262848054563405, 1.8073869316409121, -0.5158617024329302, -2.3111676720729313, -1.0299528945458398, -1.5126850397554144, 0.9404835327938841, 0.3407967331288204, -0.30119536788717977, -0.7672999520777273, 0.9992448446243283, 0.12415605882423618, -0.2064600920177758, -0.7676612630653462, 1.1083872901540133, 0.9039596689723804, -0.1810928389553717, 0.3136637390630827]","[-2.8732950367566876, -0.5073596527909351, 0.0017208107020936683, 0.9126342977689645, 0.3297638261178906, 1.097743277827824, 0.24955438236609379, 0.707341596620849, 0.010587795551270268, 1.3105405090169717, 0.46461746574844104, 0.2979663259353213, 0.3428066341887817, 1.7084772528937215, 1.1094213287445187, -0.13800789603000652, 0.030367057894633304, 0.034163106520881975, -0.07808750398273501, -0.009103826157778806]"
"[-2.676044763711045, 1.626342802490064, 2.7576577946001404, -0.13607946347315553, 0.8857916372513522, -1.7349345921817583, 0.5832711036196002, -0.11941092254291591, -1.5882299806067974, 0.6519711506200765, -1.1475738663736517, 0.940598810711334, 0.3184394714359236, -0.3162567877886356, -0.3660472869357883, 1.2407528384302193, -0.29289690977673927, -0.13675797320652783, -0.17329809881104774, 0.46077242308451105]","[4.554947586438874, -0.029692610340707117, 0.4444369994323183, 0.21252621337920546, 0.03151299476159992, 1.142748421997845, 0.22218629044014165, 0.27062389410743426, -0.29423147083281365, 0.5688534581983584, -0.4108504319524904, 0.0444642082359036, -0.11940008293250656, 0.12095384438371565, -0.5652265259701874, -0.5001022155359514, 0.1753712465652098, 0.22446239819243147, -1.3412720101972926, -0.3174775641394639]"
"[0.760208341573851, 2.0092155505290403, -0.8090071970172203, -2.438790955288992, -0.006678773444538547, 0.4983264359908257, -0.006664185206504242, 1.4161991872925377, 0.21146307040353196, 0.567067061724454, 0.2532990451597233, 1.2867727350987905, 0.6564097326369052, -1.1390291722850545, 0.08136156070211027, 0.3885617201217066, 1.218865613195498, 0.37464627657896626, 0.06691005315701241, -0.4273751396236126]","[-0.5126187286893015, 2.2200304351517595, 1.0635124057226883, -1.7720548036035875, 0.12001989809208133, 0.1848507389991754, -0.7801767198089669, -1.0155049751696512, -0.49174535183162194, -0.6351983953661904, 0.07691776415423844, 0.6864750535046292, 0.37097479918454296, -0.33914653373292253, -0.14496828085058028, -0.29178818622094715, 1.3082592795827563, 0.36663210202671553, -0.2138138028454116, -0.699511023535514]"
"[-2.8124126249757153, 2.2773661653916406, -0.14682598584035644, 0.021186010561544476, -0.5376243822334146, -0.6049594072482316, -1.0745779267184135, -1.2674364552568518, 0.03022764476801787, 0.23561220304820069, 0.6414954889582251, 0.6277829047749915, -1.2950838168625156, 0.06949588622619121, -0.4652781851727377, 0.8595325590532794, 0.9119154081237018, -0.22158954228375802, 0.36620263733208924, -0.11901900458408689]","[1.665766477332165, 0.8106699311710127, -0.5247195041517833, 0.975874778991774, 0.17745644959664927, 0.45137714831251446, 0.6805340064256544, -0.3722558602538077, 0.7085174029165723, 0.26645915311082935, 0.3136033144433722, -0.8147497330214153, -0.2977553457762103, 0.5862558750537085, -0.7556226546206714, 0.2822830733889558, -0.40664344490620175, 0.07276633996544772, 0.26194188420851117, -0.7318478511641072]"
"[1.7368125709238047, 2.9152558982066767, -1.8629410045648067, -0.41066395369527725, -1.0673127889368017, 1.2379984422547363, -0.9661041436595467, 1.0790769296111817, -0.09754262146008187, 0.07188894644468402, -1.7042324257454982, -0.7713291620825301, 0.1397516892229853, -0.6136080268244075, -0.46339345134796617, 1.0043124602948563, -0.05144957130162658, -0.8669417359309336, 0.9097573909642073, 0.02385366278668486]","[-0.5433460433312735, 0.04584081504831308, -1.7104864416456196, -1.7511859351029222, -0.9614434057847793, -0.22159073146409192, -0.6174801677731508, 0.32311979089067233, 0.5289866757846199, -0.9578668161958195, 1.5662346793288877, -1.0240305288030536, 1.3991204520147655, -0.037895346438602526, 0.5844845151081434, -0.2782930526106158, -0.4867586347317229, -0.28653901282535515, -0.2533959392582056, 0.251055306601031]"
"[0.6620176994005659, -2.2582999211309422, 1.0073063084529421, -0.5519637135318087, 1.741625356918127, -0.18642096242590847, -1.1978538912010654, 0.5417203054191473, -1.0472018450765586, -0.31044814609785426, 0.4875134021142207, 0.1796524638399545, -0.5604941633796586, -1.1631982311856082, -0.8615012123607172, 0.1510498820060714, 0.7109209263067275, 0.2060600836227537, -1.8236566175420106, -0.31331285584859053]","[-2.4248688483207346, 0.4185982062919959, 1.561547743744168, 0.23740124313067326, -0.744865503958921, -0.3282373677311407, 0.30081270866493726, -0.7050766302630519, 0.26589855238961113, -0.15480626154677943, 0.012152783097563246, -0.06286459097990534, 0.12396331847610047, 1.1072741121739507, -0.379223876865083, -1.0363896311272143, 0.32024313921910363, -0.2525526002045974, 0.4461935429945608, -0.2855303644562697]"
"[-1.050878772951341, 1.0014369420833003, -0.5629529639073038, 0.3710278177373349, -1.913434255586318, 1.1374750247435659, 2.2678503950314783, 0.9427165569136359, -0.2833823746060002, 1.050465236235633, 0.015924441198580903, -0.23932704587105835, -1.2195823105439931, -0.5949844678632205, -1.6969445055336216, -0.7649983926284434, -0.24793985790871761, 1.3184128400231807, -0.5534727085246033, 0.7735561083919421]","[-0.2596806957314524, 0.3126372994492558, 0.340397637217998, 0.9652865416325562, -2.173202667793827, 0.06019575127315976, -0.8074305149166298, 0.05600390168263771, 0.43513473916527895, -1.0257801396685324, -0.24374262556160195, 0.5186119930443254, -0.5292713767803993, 0.44314972890963544, 0.07390879264809537, 0.5347248845177998, 0.4481919910037771, -0.2154012144579103, -0.7117899858016377, 0.18717981558920382]"
"[-0.04967069795624983, 1.2383651276699688, -0.0687356491387958, -1.9135840258784655, -0.5322124075894833, -0.9105259840705985, 0.33380162901610205, 0.7723820563859304, 1.015505820657757, 1.8327979934054341, 0.2527694580858881, 1.323569456755561, 1.9441437831296038, -0.2472265514671264, 0.5138080747071814, -1.1368756293831164, 0.29720821184927554, 0.645768661805812, -0.7458527932994371, 0.23189597295900488]","[-1.2473395362766064, 1.3973272086390418, 0.2623044386303595, -0.4565835126088663, -0.4696747961001436, -0.3679303412927922, -1.4346948042675973, -0.29473742664268654, -0.26049184850485035, -0.3192327202452409, 0.5071439691426513, 0.3426733076599555, 0.17516483322747456, -0.11333300740913935, -0.15642514608083655, 1.642361533544999, 0.011394477340147775, -0.30473384161554745, -0.10556527769609407, -0.9911424978173785]"
"[1.609245827758636, 1.1545521734187851, -2.0469050774076916, -1.5375580234056523, -1.113152550907758, 1.351823413347707, 1.9358096067782111, 0.6352773816318739, -0.493389438397938, 0.3761456232058979, 1.2583236448240156, 0.8169578567963625, -1.3289936320318494, 0.527258258271802, 0.5140105927657145, -0.337488990807544, 0.4273154334328512, 1.1919266483732887, 0.1671602658155438, -0.2378365992048114]","[1.1919738180809984, -0.5242901426821749, -0.5666566398168249, -1.111359391759255, -1.3247665084250404, 0.8421736459528487, 0.3039112806975121, 1.2866573414205829, -0.5985473054580862, -1.0549119342257065, -0.6972467957791345, 0.7222025592883559, 0.032571012983262246, -0.7933887090322362, 0.893944918975195, 0.810384834454398, 0.8947683838568942, -0.5704723757390208, 0.648623436124403, -0.32458612842092044]"
"[-2.7099573112020905, 1.8691746359605197, -0.21272364472107427, 1.2547076835354753, -0.558642504045093, -2.089673893989103, 1.4007635607351434, 0.5815957003272887, 0.861499851156904, -0.44881471839676007, 1.1123150992686777, -0.3305000753519403, 0.386645422504562, -1.0516116597282175, -0.49964328372644506, -0.13347858883271557, -1.4489951508863823, -0.2082290777411527, -1.719421390099915, -0.7291004000451574]","[0.8500536291735791, -0.14122062083998324, -0.5329798851243118, 1.5970222167526271, -1.2656783832331229, 0.2121189897926708, -0.7677507031689996, -0.7226086838339792, -0.7911032942668124, -0.13905801028417714, -0.3432459195996136, 0.4183251693264951, 0.48499324193174154, 0.4088429669329769, -0.5802027607858659, 0.25593404057055, 1.1972580868454952, -0.05930396102297138, 0.13619120833325185, -0.09284400828023484]"
"[-1.3188971597260548, -0.45483386957747796, -3.6664004273703035, 0.27441884382520315, -0.201825541809283, -1.5060799044617221, 1.277020100319177, 0.6049057397850591, 0.603181632213356, -1.4911577402767842, -0.8653225112384062, -0.3932707636500459, 0.2675865947948972, -0.23014184403722274, 0.8158573362182606, -1.3206818488553977, -0.8593828317378963, 0.8035963516262523, -0.784726004774349, 0.38910685838622033]","[0.7110901350853708, -0.5921258888825934, 0.4726517448582958, 1.2814496328144946, -2.0046990036073042, -0.6277808353999454, 0.6965408328723197, 0.11402355167626506, -0.37668806575344915, 0.0077359282597806766, -1.8160069994768535, 1.4064057319369707, 0.6104684053715466, -0.7113639651797803, 0.1215744335377298, 0.7119578728036143, -0.8108404575856585, 0.40268026140001495, -0.5005100230962432, -1.0675014669093608]"
"[-1.3360147256870147, 0.0003673217821832521, 0.464779772185543, 1.8542466265705801, 2.344231552391861, 0.7435118818324576, 0.8186703104328893, 0.32690546283537025, -1.920347984332096, 1.143120214246318, -0.13439226156804268, -0.6509371403471976, 0.503600001405129, 0.7005959442085473, 0.8946747395391621, 0.25276316822248757, -0.3425944058097856, 0.46515880956815664, 0.3684226337671983, -0.08887660398244006]","[0.35519991610552787, -0.13691780069616752, -2.62199443244913, -0.5946046315834457, -0.3399440748767623, -1.3547625747951682, 1.3840191263328503, -0.7910375881227256, 0.06774662140015916, -0.14911939734763474, 0.18749136448386175, -0.878514244791307, -0.307872707563862, -0.15588545456646916, -0.04402595768828452, 0.9185404296849244, 0.3296399718963345, -0.7560433417097271, -0.48743809213160155, 0.36669903124113673]"
"[4.534516286339279, -0.5599111799044126, 0.718576130747307, 1.6479708776127686, -0.8161242060906326, -1.6557281407750355, 0.5884671894164282, -1.06660777808272, 0.46316106756112996, 0.37330105570789834, 0.33803288961079164, 0.2683554172990992, -0.26545587934673764, -0.2145179564820739, -0.20617155187605754, -0.17422854393289114, -0.445755102630186, 0.49111168928042875, -0.8011804230624494, 0.5299062476054639]","[-1.5455724427712894, -1.3902629723054971, 0.7787455845274492, 1.1717742356470868, 0.2585856893579957, 1.7444622306111788, -0.005920020090179184, 0.2637281188903247, -0.31251881953764965, 1.5158449773926113, 0.47252912012824, -0.2975860522697433, 0.29830837180707925, 0.75277639220186, 0.5936702560868228, 0.4941004259325509, -0.027478801769768267, -0.07204176970013225, -0.16414726146859612, 0.427062027911713]"
"[0.6130669280132903, -0.6512240500495755, -1.228626017515203, -0.01730739946331939, 1.0626332227670139, 0.621826847038256, -0.0001943892077425679, -0.1958627386393334, -0.7087166033740235, -0.31867329187505833, -2.512833994546706, 1.1475845736746353, 0.4120550976801852, -0.3310207140062417, -0.38746435090853854, 0.8018600154588017, -0.9928907467112569, -0.5954117180285566, -0.13285284407264455, -0.8874726546318539]","[0.08984013424454833, -0.49889494281377905, -0.19551269926181222, -0.7407123942561635, -0.5054861239505248, 0.3526161930713978, -0.09312161654459875, -1.6689128162044342, -0.17128485518641426, -0.8360987207123047, 0.37759801369444246, -0.35558169913887966, -0.5446056862267373, 0.08570285859116586, 0.7791880416315288, -1.3939088186050428, -0.642076773476624, -1.1568559765732034, -0.5723972889140014, 0.9167300630610052]"
"[-2.5386567369658235, 1.8473995298337047, 1.6941222121047017, 0.4822576103342507, 0.9178646443783011, -1.2473009173541567, -0.5741807014681717, 0.7773211633643136, 0.9953907264360617, 0.8143718778292306, 0.7438102669252445, -0.042780186458539725, 1.0748298590385053, -1.3508478688689498, -0.7202733000678477, -0.3526223998932796, -0.6488320023141952, 1.776368184916654, 1.1134831348238918, 0.21354291982462253]","[1.5132978482533508, 0.42618687225323504, -1.3578907613130673, 0.7249435681818323, -1.1803663073433819, 0.37571125092404606, 0.08078517920521236, 0.9578191325719015, -1.0320260466892672, 0.09073491196203459, 1.3519022107215852, 0.5351078502511964, -0.1457028536130669, 0.7747948338925119, -0.5757106679226386, 0.5015539139416286, -0.08471684959339178, -0.11067866022801176, -0.4302654498149315, -0.4771282959164993]"
"[-0.4333151511494858, 0.18269278053180574, 3.4990432941192102, 0.7397785214195988, -2.755045891282649, -0.09205389519003201, -1.1773221734375174, 1.7617278486742984, 0.2255594195791345, -1.045757049836112, -0.775662132956445, -1.1089964559475485, 0.4338410554883934, 0.18978920006493738, -0.07015818956148356, -1.044538957103677, 0.6433936241268818, -0.28995991191923537, 0.07178790358889606, -0.8766119474566544]","[-0.7469307951967058, -0.27678707527964397, 0.007722165782995537, 1.3932720482597665, 1.0432838977798953, 0.03662726405345445, -0.05704061951833529, 0.17281942345091775, -0.9708751193834597, 0.1304769909827316, -0.5306085302497232, -0.14833116986434924, -0.26525087130123415, -2.0700060019432125, -0.6284411982501499, -0.6196039158806154, 0.8663587557842264, 0.5489836535530594, -0.3022003465261987, 1.112577935077276]"
"[2.3274819815077117, -1.7992722092757372, 0.19058960195518346, 0.3613518573908622, -0.26179337859887064, 2.8722566048482236, 1.2703416997280297, -1.1496205242754691, 0.35679455527706316, -0.3965446580926012, 0.6946992123410335, 0.6405661456047772, 0.01578288777919431, 0.7067206738660025, -0.7417442812105375, 0.3764037842377769, -0.5235970237925878, -0.16657494567622116, -0.36924881473583604, -0.01731199098880629]","[-0.6815409200323551, -1.8144857535798697, 0.12860534902284865, 0.08634717344056259, 0.7871742752866947, -0.9346101493500992, 0.0709294248555626, -0.03111621879968376, -1.069338281085232, -0.18565785199096257, -0.16615255704640117, -0.24083166382895704, -0.9536053027100814, 0.24505842256853438, -0.24402315812058617, 0.5073185461178614, 0.5690668003770384, -0.020252515857292003, -0.05492741292415225, 0.04936430139074917]"
"[0.21426648938423246, -2.617462887593691, -1.383390922080958, -1.501179014077983, -0.5271209369498063, -2.4136651668292983, 0.40043639576404966, -0.8564834091577548, -0.9514972204606611, -0.41185936562881476, 0.34644431278633137, -0.4222949096835956, -1.0657147065623422, 0.27117713132430876, -0.45841874038612407, -0.4353809108660611, -0.2763137148462615, 0.17383052900509002, -0.5854568592421017, -0.1865258701691234]","[-1.657129721331373, -0.18124513144394042, 0.6819910437865285, 0.692723555513057, -0.04921934810709045, 0.5502074220568011, 0.8008947370327394, -1.0873117737512765, -0.6440721140174681, -0.22202316119117887, -0.37544990797138883, -1.3529955327274752, -0.5402314689058515, -0.7521707538937381, -0.5728469782047279, -0.5243105509393458, 0.6931387352456896, 0.3578343444857982, -0.3993627349540065, 0.09500465843241263]"
"[-2.2145087963872587, 0.8794763649740195, -0.9961251690389541, 3.015485486745017, 0.3606426649104744, -1.415088616383075, 1.3553735985349444, 1.113346961224356, 0.6685639340025964, 0.3593211263640927, -0.21490227447301458, -0.899192200991665, -0.5785930136071631, 0.24258573809045908, -0.23886994165237438, -0.6397485583952427, 0.2061675271795676, -0.12423086636960798, -1.6230825375237765, -0.4657119984163439]","[1.493024457802678, -1.049496626745385, -0.7572452933426387, 0.8236640423483698, -1.5771679129434881, -0.5529099597325104, 1.0862484567701534, -0.051275105407570895, 0.022016944424967336, 0.2887591336873241, 0.13966306306531442, -1.0211687547776351, 0.09712983541164434, 0.19259672253646873, -0.22253874264222365, 0.06398889992166847, 2.0030573221975447, 0.3883182766273621, -0.4583867420266286, -0.6263909089981635]"
"[1.442985412156121, 0.8262869799794629, -0.9553507101808063, -2.2798895500979524, -1.0852530623011338, -0.6520345380172095, -0.7181975127794525, 0.06480105198954166, -1.2242252200151842, 1.225374456973548, -0.0639542359012097, 0.6402372143316343, 0.21517757058700823, -0.648988020363014, 0.3213072927796603, 1.0411269538887664, 0.8513473954609896, 0.8902196523553437, -0.3638650677579905, 0.43149825485881466]","[-0.2274499183024677, 0.5984621991804724, 0.36167667651181207, -0.552015617487143, -0.1391767849685737, 2.2140654739517585, 0.1619229982378084, 0.5833437879901134, 0.34998844732179196, -0.7331226926506372, -0.7923132988547575, 0.7386774638535758, 0.07128805990799422, 0.20812678904977128, -0.19280795747953744, 0.8245729038509223, 0.46732813536045625, -1.168345240300241, -0.1010869206637188, 0.0440029313017451]"
"[1.3866937707243927, 1.1438461239534297, -1.801822536154222, 1.023136768994851, -1.8172532495171856, 1.1871727881740772, -0.06388784405856983, 0.70034614077132, 0.016718570429243206, -0.19708225764036919, -1.6515744148629996, 0.8622870553860412, -0.8329999154974577, 0.7010071187548015, -0.2718781489200161, -0.0186535773914007, 0.7626315989386336, 0.95254875387721, 0.5379214345135248, 0.44575954720298017]","[1.7591486170116302, -1.0818244978054103, -0.30003907932076646, -0.7203686968480735, -1.2111615695695561, -0.6897900613082004, -0.5031523830828221, 0.6168841958725642, -0.8821739155423142, -0.5162930413220368, -0.2584531310969592, -0.8515559779563627, -1.1761100567372922, -0.6953287455432088, 1.637573643521297, -0.24024429554258403, -0.7626895592152245, 0.35452307862569316, 0.2847443639601767, 0.4320997588553201]"
"[0.022383629439441638, -2.646941301493846, -0.12581030611761856, -0.6042032571937713, -1.7746925477213626, -2.2490654613547676, -0.5414575928209712, 1.1425942231163015, -0.4024987742091536, 0.5820930142082323, -0.12101970238877313, 0.15362998379312304, -0.24119670936025317, 0.3978598251018173, -0.22046036775114372, 0.26687253053536986, -0.572187927151573, -0.5973647079576057, -0.8139441215247094, -0.8069323340437088]","[0.953083387782041, -0.8074023429128989, 1.3726433721984879, -0.6803694057715252, 0.18279157751696168, -0.860964596001422, -0.22083949569293213, 1.5630701777383842, 0.07280564185672794, -0.589310354857671, -0.39859356509172295, 0.1473264803501428, 0.18694742645731532, 1.2373446756843953, -1.4031179869975094, -0.1827773182233729, -1.3682055334851775, -1.1678336319190454, 0.042634686682623525, 0.21574042088908996]"
"[1.2942114475373405, 1.8790754772350886, -2.6042409553683292, 0.7290080643999083, -0.589397569262695, 0.15770506145517355, -0.5458574959568732, 0.3039845923914962, -0.21346688643121972, -0.24546009583042086, -1.855970149851824, -0.9714639588089629, 0.7549753035648222, 0.4542584930919362, -1.0373048180126698, 0.17780122655270397, -0.28421475670242513, -0.2582687940621352, -0.06262571345178393, -0.09159187375827765]","[-2.021175152229563, 0.629470858485529, -1.3645638468323829, -1.2203921943003582, -0.5995999378596679, 0.5121662998208865, -0.17576502807096916, -0.47038038400286314, 0.14041619680387715, -0.3558342183653588, 0.05489386057585066, -0.026828817154207128, -0.11486973559344683, -0.6661096556425351, 0.9862741331252552, 0.019356896736050063, -0.8100810234181635, -0.8211538533126511, 0.1098702673876093, 0.43945130876938204]"
"[-0.47688618118129705, -1.855357885543459, -0.15894619095496204, -1.2600184325377617, -0.542248141221786, -0.3309272018168941, -0.044873540730940735, -0.036358602425560424, 0.973182104060575, 0.5991364011799272, 0.48664150372151194, -0.16129364922409367, -0.8990560309693072, 0.6255640077754517, -0.9164402307382075, 0.2566060260748878, -0.6079181562232358, -1.0537483606509248, 1.1468578427696068, -0.8088940764716117]","[1.0774342241998378, -0.45771275114772203, 2.3925264954559844, -0.8577430403379319, 0.23200962948082943, 0.19728294102497088, -0.34214733874447417, 0.23363292867430258, -1.1384550441708576, -0.3503445839737406, 0.8514057092430387, -0.2354599683496751, 0.03105984488324372, -0.6392625408739906, -0.054476791446834524, -0.7599224399914096, -0.11490328189515575, -0.2864574235213677, -0.27164007672972645, -0.5481632289511928]"
"[-1.6608214699284873, -1.776229860565185, -2.4765677459400273, 2.009794398121883, -0.17686885767857707, 1.0035092145376732, -0.024280814167595748, 0.18706000343747387, 0.04402737308015012, -1.5272768889126211, -0.8090333219613656, 0.666984120003638, 0.7370237667212667, 0.5620768835356544, -1.417151845381704, 0.7137415884714944, -0.7162573050077038, 0.23338134595478938, 0.774099319540026, 0.3374932644827284]","[-0.30954135374170294, 0.08506121009610594, 0.6126442418506429, -0.36632827092381304, -1.7161729384227815, 0.2034456741879106, -0.13297813409078874, -0.10615128562875265, 1.0761822922471551, 1.494918391360149, -0.8480625784043968, -1.642674890552921, 0.34673689854588585, 0.26830087060491564, 0.22742571676600293, -0.747622020069953, 0.31151596438399765, -1.2238935968333768, -0.5477908625568151, 1.0169938842475719]"
"[0.8945919416872585, -1.044778844563267, -2.272600201308349, -0.7022924575769708, -0.6197135869351971, 0.34905728255861673, 0.5075763632037514, 1.4560308375939353, 1.090085717218752, -1.9825393777680747, 0.11843669170521211, 0.6470913580256427, -0.9625205001088465, -0.6491267661233051, -1.2534451356078424, 0.035708912032655526, -0.10304081424793131, 0.05753789740720471, 1.979939365441555, -0.6919220855617402]","[-0.33887424459286525, 0.37362332356957967, 0.46715617253382075, -0.45804444128291294, -0.5127402771737213, -1.7515353016030875, 0.007743416820127932, -0.6408404455215018, -0.20319756630836913, -0.7769567300939025, -0.06961918391503272, 0.9126564666631172, 0.16721093627390624, -1.0743124376440403, 0.6266010901193602, -0.6196546475235649, -1.1300421292199891, 0.1267347129329591, -0.5575492678782574, -0.33264414109246365]"
"[-0.8563964102033917, -1.3530273125862606, 2.2782343346789866, -0.5776072535370316, 1.722278201801607, -0.5272079127500744, -1.6794273838482077, 0.811099389099325, 1.0577248762742262, 0.4999407189876728, -0.2052069792101944, 1.0853445516598992, -0.9509694263928052, 1.3277432851825797, -1.7315113227187824, -0.6321576145568654, 0.8763675073203453, -0.5165303525878113, -0.686837362320834, -1.0146029749067547]","[0.3238428999270037, 1.0616815910556714, 1.5705551058341864, -0.3950319027475006, -0.03659158077295848, -0.45080366605254124, -0.274979206340079, -0.39827032951166286, -0.7788599063413801, -0.5440799504512566, 0.1744937531839887, 0.3094665709780678, -0.14971857971329156, -0.06868753324242008, -0.5114086003164029, 0.16575989528637017, 0.7460111595647126, 0.46944886983377976, 0.19470609567171, 0.3088339080548606]"
"[0.9548283150840227, -2.198571433859258, 0.526178255308923, -2.051069338256081, -1.1921858039021758, -0.14215715733002704, 0.07787630930098427, 1.3280999683360726, 0.5286100212402219, 0.8835411935198602, 0.06054447056347499, 0.9697551288512685, -0.8456490440017025, 0.9780976180529901, 0.2061300949275067, 0.17894453028656834, -1.2657709987809087, 0.6005313639268093, -1.0543588874092846, 1.6532390270779158]","[-0.10588057903036852, -0.8986773902313698, 2.282084640189548, 1.1582918400876845, -0.6214362716267017, -0.8212785126146694, -0.9004242402312373, 1.2625385803384186, 0.4134745573097015, -0.25498872548554713, -0.15511533878582973, 0.2637645274263934, -0.7010296245362578, 0.7486870103016232, 0.4655214193962826, 0.5275581581878073, -0.38643261471292684, -0.8724318630769057, -0.08261398336624223, -0.47576090625220624]"
"[4.18312660392253, -0.02126753649007066, -0.6936678517000884, 1.9674279405741908, -1.196495751680284, -1.6398361191873674, 0.9256312706696637, -1.986439056414113, 0.01643573291344628, -0.23101126125802027, 0.061433009736867134, -0.6916804933406174, 0.28109078137641225, -0.16932903861420887, -0.4866117753391292, 0.9133053964501384, 1.1729487332175372, 0.6546261692476092, -0.25155581729404886, 0.5562036520082801]","[-2.6991233897273923, -0.863390138589173, -0.14320145225630004, 0.9796285255262486, 0.5978449035241102, 1.2154432179898993, -0.2363117711454477, -0.7249775153324833, -0.832551818075946, 0.6793144534103929, -0.6898573922505657, -0.7308675157585538, 0.04710829247286733, 0.5654881120042328, -0.08144573317402508, 0.14636949147241105, -0.25264892340651524, 0.7778529169126435, -0.7885385872107964, -0.26763391478147486]"
"[-0.6226092454510722, -0.7393582490217724, 0.548929092879982, -1.591550106629994, 1.0584077265322906, -0.27175488740280657, -0.14260560147054288, -0.7108163169274597, -1.3500170697460907, 0.2047583902881819, -0.5381576476227173, -0.19269950390765989, 1.6627610536509352, -0.16264732343344454, 0.8952429039475139, -0.3397060105783634, 0.16227388262068645, -0.545481809583644, -0.5987380864332562, -0.6592091406928714]","[0.9982252768644223, 1.2742857637769154, 0.5896447108090718, -0.14338571498360808, 0.8461736450808861, 0.4679424365273792, 0.11835977098207129, -0.9961935606977558, -0.18974362517217028, -0.03446977130073953, -0.11800814994483368, 0.6962961561828447, -0.2899937973832531, -0.8876195840217538, -0.28378564116312127, 0.24670147711294602, 0.03208610857094438, 0.24847951696598644, 0.28461363449999, 0.3985572557849409]"
"[-3.1321810849266094, 1.1080223236161595, 0.9886830858697453, 2.0204884682535496, 0.11591609149465952, -0.6179479962672054, 1.1358845799128972, 0.7338012994104187, 1.0083504768502685, 0.5786191245537817, -0.7780650487145847, 0.1945714230628321, -0.5463348254720424, 2.0496965360986663, 1.2928579536116975, 0.518974801614289, -0.07576384764592846, 0.9529727792118711, 0.18203441586260835, -0.19169576504782831]","[-0.5775418543475056, 1.4127065060783124, -0.4178309428137972, 1.3913298973612271, -1.8430273075636574, -0.2323756290941555, 0.5896346623665513, -0.41516046540352725, 0.9168458117283746, -0.9619442841645613, -0.23358728954834157, -0.636266855369684, -0.5921581699018879, 0.8298281176710611, 0.4490224389313136, -0.09991661390850883, 1.3937779566287931, 1.4914335207944882, -0.7473973518169438, -0.41066418947952166]"
"[0.13759251715735846, -2.440487323915529, -0.2788402038848798, -1.4823244056458995, 0.09980533097884134, 0.078969903305263, -0.7716868242649783, -0.5856436580499653, 0.7958584669133142, 0.43023837297339107, -0.38704939329871263, -0.07151182733899111, 0.8448794592322207, 1.3240776823175004, 0.18249159140209179, 0.10881985666477395, -0.3591111764902439, 0.10426448396784296, -0.3858809847461496, 0.3602531495549569]","[0.20275935451499666, 0.4807494157759113, -0.4965467896863438, -0.48950856102806944, 0.5209188083007698, 0.05420309072525369, 1.3899127194644816, 0.9510771280546761, 0.4205665054439357, 0.752911096008302, 0.23289233403765552, 0.8058413829458948, -1.5455757885209773, 0.45568102129161314, -0.06834813026046008, 1.3359741142779769, -1.0114405406394824, 0.10339313614286422, -0.7877973603441555, 1.0130974104902453]"
"[1.1379712096481283, 2.0535525302693936, -1.4820819791462976, -1.8387773653635684, 0.27307000336235887, 0.038056523017614086, -1.1237204094915332, -0.5282616325928433, -1.2542347514020895, -0.37220049871286254, 0.4440144849331887, 1.146338414058943, 0.8646168601598648, 0.5007715665738325, 0.6157186741620013, 0.6343670498347084, 0.9482640465867582, 0.04229236353579534, -1.6481141491564728, 0.6035127853814088]","[-1.891800249598123, 1.9259182497193268, -1.1501883138679585, -0.8782601473444867, -0.11131442403531107, -0.07080194273617682, 0.2122915461598726, 0.5029422766279537, 0.7562413355884448, 0.903116577898202, -0.010732622959411837, -1.0196150475570633, 0.4691297196138293, 0.920931254464638, -0.7178023639979773, -1.1918008006615417, 0.3130728994502723, -0.014524820615895459, 0.03498057154702044, -0.19766073956074123]"
"[0.6631953443530697, -0.3337006472556374, -0.4381819316342849, 2.2195327344783555, 0.09171368060804952, 2.5417246275789442, -0.7965213902992566, -1.069198974928268, -1.8855620769855999, 1.1065517030505119, -0.3542690373490248, 0.5271052744109246, -0.05003675508589192, 0.25825667996625956, -1.5894523029939673, -0.4773847220470158, -0.22826440082631202, -0.8987194481449153, 0.721511612858237, -0.7574514043229154]","[-2.195133621949379, -0.7364280073702356, -0.5287070853990289, -0.9602036243063863, -0.05617898622788525, -0.5563751810162311, -0.13351909206091617, -0.09111781997070607, -0.13688863988815678, -0.8624296891460717, 0.41521157739882036, -1.099066142944347, -0.09551262695144017, -0.3996395160649155, -0.5636444136326741, -0.19535816555393398, 0.2236084542589767, -1.0847256649955728, -0.4388300426480851, -0.6723295124799887]"
"[0.5596283362118526, 1.5883107854587213, -2.6396472720389914, 0.4466989112856302, -1.532693907357517, 0.20306194385451184, 2.067097791401784, 0.04679891081978142, -0.9519258288058329, -0.054859529456949954, 0.4148497120365735, -0.5654891526827944, 1.0645613373407206, -1.7963084313235962, -1.079110438368023, -1.1276745693389554, -0.36326936294644074, -1.2073202519009565, 0.5384063173427903, -0.2653050778050709]","[1.7031742484335182, -1.7491881142700736, -0.7770022959530161, -0.56775688205052, -0.2867862681453242, 0.3707314375734495, -0.812521718987447, -0.6826916041429607, 0.8132543088016468, -1.231259493851535, 1.212802687374599, -0.27164487746621996, 1.288338714528194, -0.24612598548931244, -0.9132211071826901, -0.2605364147523913, -0.20974833414192043, -0.3632388047309208, -0.6314007951720816, 0.6115360893762367]"
"[-1.708029835547271, -0.38821241017127645, 1.8381151983791866, 0.954595789034076, 1.7983995997560567, -0.3243205202917541, -0.9795968686885439, 0.03888661323924309, 2.1640342790035607, -1.009313244467275, -0.47243577044634677, 1.1417021435902193, -0.8722850432239045, 0.37573650957083443, -1.1548713046368666, 0.16757668039015103, 1.1960265816473195, 0.3173727885926518, 0.1455193762697893, -0.4109939457732542]","[0.47876006498927404, 1.361754140016989, 1.6177310451381421, 0.5266345528487592, -0.039108991462567445, -0.08384476866509255, 0.07663804854200959, -1.4319915527917972, -0.7568549008751786, -0.7010452123222655, -0.721173340014411, -0.3632220840441651, 0.029471040308203876, 0.7524916296701071, 0.5063317625918837, -0.6915055615302144, 0.01398243495922564, -0.22454608664303033, 0.5721430911253734, 0.8045448316688517]"
"[-1.846235675391178, 2.175708001105391, -0.8955726795095709, 1.5199554974220397, -0.07802040231180474, -1.2789076668899066, -0.8230652547290029, 0.2949928416706268, 0.9692528933507181, 0.13167936497752247, 0.9340848797378786, -0.715319023942233, -1.703822879777543, -1.0502025310991503, 0.33611144845852464, 0.4566990144766113, -0.48229000031761576, 0.45114472065973443, 0.2981367195950882, 0.4769944803089112]","[1.2477305897836932, 0.5010926991609702, -1.2814644967755213, 0.1774397011670521, -1.701908481355351, 0.9897389591566502, 0.22451734075936447, 0.5683766844171715, -0.909246330101895, -0.032876799616128514, 1.4621136470213565, -0.10646658137532937, 0.12146640073111412, 1.0466129415812675, -0.15220202374007277, 0.5605362817110832, 0.03706537501979006, 0.591681095016288, 1.2716501385029955, -0.6927895199239885]"
"[-1.2262516042200293, 1.773944723132871, -0.19737246814493895, -1.0407276219309607, 0.7589033773233741, -0.6810681706465288, -0.04463434657926271, -1.2434829441784458, 1.6022089124938386, 0.5841563372141507, 1.5143463377068822, -0.0042909869467842535, -0.9220556193661066, 1.0671773713836696, 0.32859866455864856, 1.2432059056058755, 1.0078433307499641, -0.9556544702484835, 0.7016037390134137, -0.5407483293058586]","[-0.18242591744383152, 1.883637860380597, 0.4429108074029149, -1.1698568089843397, -0.5200274916587443, 0.40739963634092413, -0.640053451760355, -0.30800444817327643, -0.5776509788505303, -1.1100282198243878, -0.582150987704612, -0.524586882550796, 0.08185583504085205, 0.1619630510136629, -0.12267639009484194, 0.5606717176529672, 0.6587238711527817, 0.21483993299503898, 0.8632435143683509, -1.229245810327887]"
"[-0.5970008001736707, 0.5280078263111428, 0.4746439017833257, -0.32008506808228365, -0.2977341813540757, -0.7885862893649797, -1.1091603462728377, 0.48649649788464394, 1.5880825885821388, 0.6434555635050213, -0.43445359524154326, 1.0195738482941121, -0.027720333769413207, -0.30904807743594187, -0.3382878020819052, -1.0944190447014315, 0.4518687925035847, -0.46313407913595905, 0.6939190003101209, 0.3124416743847849]","[-0.7852988347831285, -0.3434047452660668, 0.5521190203764257, -0.27372626720615423, -0.3721503812780802, -0.5709324898789988, 0.1730316933943411, 1.0572615823076372, 0.1969058301516019, -1.779693765098772, -1.489119218893322, 0.7741818016764842, 0.9253064861814241, 0.3740739952520151, -1.1378755946067367, 0.15176240593022722, -0.17078483071930417, 0.19186050764785897, 0.6163188020776097, -0.566363563996995]"
"[3.847627360037965, 2.1038205565783095, 0.16271936881765586, -0.46408055142273524, 0.20518634026163332, 0.43539427861621205, 1.3836039796381085, 0.8554537292024951, -1.274977917635532, -0.33281062419425317, -0.8789379112794631, -0.2670977899146722, -0.14702462873893474, 0.1547449476209014, -1.6069234147383087, -1.102955269058038, -1.1113352195082458, 0.8457194956566734, 0.6649630807795696, -1.3103709563694506]","[-0.5900483137720645, -0.3654675889084226, -1.0677747730228324, -0.33085406630108116, 0.2800156839777905, 1.0493070821019532, 0.48469840351261784, -0.2961825490289625, 0.3854069506833938, -1.403573658093033, -0.2660964369993977, -0.5524306904526634, 0.973559069277316, -0.5059977577851156, -0.8280000165923458, -0.653483941175898, 0.09977830217064, -1.0230452534930907, -1.0308929811296885, -0.507021742031163]"
"[0.7154657466657843, -2.3863762923810805, 1.9336790424596833, -0.7371596395131202, 0.1533568683749309, -0.13349512323469764, -0.3700102187617874, 1.195866147662367, 0.032051847256564625, 0.9548814485942237, 0.4054442330560904, 0.06264396811790436, -1.336401568544835, -0.7925079330919571, 0.041195323764437075, -0.8864330516586001, -0.007578267781196147, -0.31604065408826165, 0.06969858840669076, 0.16517564511271227]","[1.6348637401549235, -1.0322462763381346, 1.9141709093564183, -0.1289731873824747, 0.10714000499879577, 0.061480435593717575, -0.13843235693335426, 1.058121017676552, -0.1813976709000359, -0.28292654357458724, 0.2358313073565207, -0.590988799706134, -0.5261953927032965, 0.4981593660501835, 1.3139476408674486, -0.35296622025223656, 0.7351989859114659, -0.17709756052564696, -0.7265669147721566, 0.18946429019245906]"
"[2.1208335502971116, -0.7698075118623932, 0.011241286598599177, -0.9658002968946012, 2.2037438618826464, 0.5915184519847255, 0.26349485518797994, 1.074640737844017, 0.6167721565074709, -1.0374363918147016, 0.8405737902868718, -0.5026396120478253, 0.5747023379891282, 0.8337490034904788, -0.4711432059860114, 0.6434385016613696, 0.5140729590414419, 0.2538779087426916, 0.19098020056448375, 1.6736642038660317]","[0.3832551561522331, -0.43557736423525373, 0.8876324895789232, -0.6558972934802436, 0.12504144909190393, 0.0988893011927581, -1.582203813008758, 0.17277441513518732, 1.1462477736868315, 0.6388499275369065, -0.5102096112895262, 0.029253708208998475, 0.5111134980078826, -0.08892014023054226, 0.3000955251340502, 0.578288958030888, 0.10246747800910427, -0.06854262670282421, -0.04939462056145881, 0.017350278657325913]"
"[-3.0721922368617407, -0.08810957298403657, -0.0004649247343681483, 2.5715808434706084, -0.6071730124997466, -0.8081152629485199, 2.0680198680065063, 0.32295716396287266, -0.7729631327103414, 2.2838831380745273, -0.9156879599382917, -0.7094121661517147, 0.021283952243420192, 0.3582715479853727, 0.8893313880354069, 0.7268899320831047, 0.24987540317407037, -0.2951373729863789, 0.4115663593207498, 0.6954714395861923]","[2.2812140530720253, -0.6686945688359116, -0.48263980536760615, 2.0428829870955716, -1.3219764502406437, -0.0830014621180983, 0.2919677793072578, -0.43926375171703297, 0.13841081879312572, -0.22391062318198637, -0.4550209948434603, -0.6140350130922952, -0.370616034522919, 0.8145340654732891, -0.08768092442965375, 0.24973067699890436, 0.3944498005553256, 0.15260385494838438, -0.9291696612059959, -0.15227947973522604]"
"[-0.8908981484475683, -0.9819038581661457, 0.41207224916539303, -0.7727224971205536, -2.0063847841738416, 0.7016425935373005, -1.21371524008123, -0.9897577790005181, 0.8203343585123165, -0.9415567115540812, -2.631385358466554, -1.2762521589755247, 1.1746499257261138, 0.23713901076600052, -0.46402120256363155, -1.7666224197241085, -0.3346077071771978, 0.6042259280730817, -0.5227373327436954, 0.2916954759975471]","[0.7800907698242143, -0.23709654335664526, -0.7738427364753135, 0.3351490063596288, 0.8660594850667076, -0.6469565655629526, -0.6665849469813769, 1.4110978260133262, -0.8007870602626479, -0.4020489717881076, 1.4802597803700566, -0.0913329226104109, -0.7266674828767706, -0.44922213416361584, -0.27959627160398415, 0.4131579584352058, -0.23757462529632042, 0.05320844045331126, -0.6230024232233254, 0.29679819875164737]"
"[-1.502949383677957, 2.1996629812326094, -1.2157550706026758, 1.9262952447286126, 0.6300909504187069, -2.3071916072126957, 0.6038409106987871, 1.5583806112461716, 0.4106155339049184, -1.6452925946961376, 0.5470787282435464, -0.0955079331243247, 0.6446134472062243, -0.6221880925195675, -0.47852503442815947, -0.10620282730671853, -0.08838597882114385, -0.6412085765423754, -1.6036331173992793, -0.8147897288071398]","[0.19373987805398515, -0.1803469655234933, -0.8626742660708566, 1.241666127423654, -1.537650719151884, 0.3544233522303033, 0.6830072047909977, -0.09797684270993676, -0.19799600489522717, 0.3355967876671057, 0.29561131473148694, -0.04008609265322856, 0.7339510650740106, 0.36879367173926564, -0.4050827375812435, 0.11553238751058761, 0.5463073642397792, 0.07331331925819119, 0.673883041302058, -0.6803235374024574]"
"[-3.0283981538139364, -0.06355161632203363, 1.0281175654560957, 0.413108582788618, 0.7533833355229872, -0.652019543436734, 1.4968292036098, -1.2154828713261487, -0.8162848579479066, 0.3544680881098801, -1.7405099615948247, 0.7278653938437404, -0.004687090475271356, -0.5643349844412936, 1.5060135020713354, 1.9542318191479795, 0.6402917756747387, -0.25470118004843206, -0.24004898334123093, 0.32361200583907146]","[1.378471998780406, 1.1836116535471577, -0.0177169922199125, 0.7790349688505991, -0.3957261096318572, 1.4082301802444341, 0.8581156859993936, -0.6798783719807111, 0.37688272789493366, -0.21913788153386518, 0.18472152857266996, -0.05632050514247458, -0.49284160593985377, 0.0038154921926181196, -0.161053008460946, 0.43700814887980316, 0.1624233694591839, 0.1571051376935214, -0.30936304163130546, -0.34877526465803044]"
"[1.695477784634089, 2.650915992656994, 0.14374544056865127, 1.6918372051064856, -0.6807725423533197, -0.22666926918907984, -0.6505124960319705, -0.7000073493516551, 1.0451392790048284, -0.21482488958308277, 0.4730077772365532, -0.34274542839867134, 0.17946495139306393, -0.3548204971663466, -0.016326711487235024, -0.5681604635703313, -0.06203046418149774, 0.5925243422184959, 0.4074525961647539, -0.6400047197620653]","[0.7738143374033527, -0.4923124585219969, -0.9316467615282531, -0.18272228441961016, 0.9394253841639112, 1.1150933639531806, -0.43305136089226476, -0.49177733520528494, 0.29824349298856434, -0.39322490517405845, 1.1537385570977814, -0.07794001740223765, 0.8146992043800891, 0.48128887777278656, 0.23856932587968718, 0.3611669095795446, -0.7570518496625066, 0.6787061517715404, 1.2103791912889075, -0.9479157834046856]"
"[-0.6566515419344355, 1.574440364547235, 1.0416286579052172, -0.0286052514394671, 1.114030053018019, -2.3165880673086194, -0.4597229477916753, 1.0456914730589695, -1.2406896156930045, -0.5461254552643497, -0.24575735014886796, -0.3572297027331158, 0.250654460542086, -0.8260509442498732, 0.10454792782139488, 1.1294033799741479, -0.8230030812678207, -1.3405267596089445, -0.19757869158519303, 1.0334308078384713]","[-0.5252302272985683, 1.1586701118406726, -1.9401898087730156, 0.3844952510331177, 0.004538847284220504, 0.34413486091034423, 0.3360126622554366, 0.31889977289904475, -0.5169996500563322, -0.549153893557037, -0.6649104676614497, -0.137686916024893, 0.5100221541336407, 0.4947123884518795, 0.7298771568328009, -0.1027649843488302, -0.8849348452280003, -0.3511551250496076, 1.1874058530950948, 1.0930778916002544]"
"[0.3144278509888723, 0.5657260329041858, 0.6948046899050578, -3.2091384118753608, 1.3485577163902767, -0.38914892450634114, -0.8023995319035406, -0.19222754907567258, -1.6147374178392027, -0.25289817422622557, -0.42109786215101513, 0.17788148518958752, 0.4087872897572475, 1.8360051189741855, -0.11229590179209643, 0.8516390630454298, 0.8217297924851323, -0.08747082402058866, -1.5471390354691394, -0.07840561772921226]","[0.2129792487727498, 0.7404262570621887, -0.46319497901846723, -0.00025495208061321664, 1.4409006718817798, -0.640483448948559, -1.1091111494385624, 0.11746835235411951, 0.4093408339083301, 1.869796067773987, -0.18117711113671148, 0.42072809310541753, 0.5051856929471691, 0.5315649543353211, -0.17592843429765553, -0.021061460831629353, 1.0343950915172244, -0.08077040449194256, -0.6584713368522012, -0.345199825456484]"
"[-2.040758656637357, 2.8758950920812696, 1.946058677844359, -0.3928243026674043, -0.2768049864446848, -0.6020207716455109, -1.3255980634947429, -0.34195964490924574, -0.4045779990474053, 0.9471920304798402, 0.22581901899491352, 1.9901009860654646, 0.6379139359984011, 0.06278252539555348, 0.41662872782629595, 1.0603619249851393, 0.25644997998471547, 0.1206740112016783, 0.3045588924782313, 0.526385023157887]","[2.4182101008554207, -0.2968168258079949, -0.27613309522719065, 0.42590048423822896, 0.31391189839548134, 1.2560068526550154, -0.8273764791619386, 0.6830526403168402, 0.5140867092701842, 0.9382272238834062, 0.3570402591086934, 1.1713958194838812, -0.030542689543050432, 0.05480089915738045, -0.6684383668810199, -0.7321199866954532, 1.3767101774842851, 0.13376267010391316, 0.45790074837277117, 0.2262736633289531]"
"[-0.6876260405500755, 4.235383271130432, -1.4626882629473896, -1.5505011740398347, -1.6255723098778747, -0.03419760531738625, 0.07708210929051375, -1.2521839574713116, 0.6160783308087943, 1.0244009221610642, 0.27457379528910686, 1.266729434731011, -1.3420549219342703, 0.3172283489647772, 0.9819487286635472, 1.2201973907964425, 0.7919097400995757, 1.1519869510852585, -0.19325423439757336, 1.2301430386295498]","[2.11103421068048, -1.0229579119189647, -0.7529954292451814, -0.030032689221385567, 0.10468178289231421, 0.9626132166153293, -0.7953297611767034, -0.31823685847367505, 0.35507704338229107, 0.01168905133976595, -0.469466012205914, 0.542962970022325, 0.33554331831566553, -1.443768133565701, 0.5719211372786637, -0.48485909863110177, 0.21901810402917476, 0.5119954427169656, 0.3863267493706793, 0.07552220744463575]"
"[-0.2979197023928562, -0.9834722746606438, 0.3817160661860347, 1.362845757228207, 0.17125996666069623, -2.3858439489349075, -0.08142149686554244, 2.9311833157574374, 0.16554843620595688, 0.42779231010381746, -0.7810447227618452, 0.2997375590358815, -1.0704397754082644, 0.07116243243713571, 1.0379991064256067, -1.2859138377627373, 0.5869272925604303, -0.569458848864779, -0.7509585864112269, 0.5026688399269483]","[-0.716431618225344, -1.0039373932963986, 0.5164630481378609, 0.4124092884204831, -0.4053082692312375, -1.075055389477543, -0.4805965368180475, 0.8258840521868919, -0.9066764383890084, -1.0768518900218398, -2.0161785710876052, 0.25081984712816546, -0.010780400384326738, 0.18110593765991723, -0.9689006466838086, 0.2513449832165953, -0.15195370050352286, 0.18636432425664803, 0.5826757896066845, -0.5764162292780951]"
"[0.2728906402217722, 1.6264182756010173, 0.10916588823500065, -2.0156668764889627, -0.5843051382343625, -1.5060570371954138, -1.492521950900123, -0.09418290662347106, -1.040662767882362, -0.1912330292113824, 0.2133820352987773, 1.103653862010597, 0.3410399626037978, 1.6446621719241463, 0.011473618684227166, 1.2461124248657147, 1.4240258266076022, -0.23242656140884793, -1.798051406330082, 0.7303527212808113]","[2.3571816517871937, 0.9473825262586979, -0.22775499957455111, -0.8187952046771552, 2.084646511948187, -0.6607581278099616, -1.1331041246162452, 0.40089446123873757, 0.5050141552709947, 1.4423180389190724, -0.6188274015939742, -0.07376281104417384, 1.1392299906989656, 1.1020033057193663, 1.1824119631389234, 0.7302987816601825, 0.5988827146455739, 0.2076636794961056, 0.3450829839642953, -0.4257880036452749]"
