image_embedding,description_embedding
"[2.8111800355550494, -1.9081308304939884, 1.4180894695909756, 1.9827187746215382, 0.3315165598154558, -0.3111371163008626, -0.9526341715389252, 0.4527254104773936, 1.3808633164235569, 0.4543193542466215, 0.8848353342306926, 1.0029136766600002, 0.5734798121400823, 0.6851590245372894, 0.12885604783749874, -0.45078906961468634, -1.4786595719736386, -0.975917285427695, -0.4087853959681501, 0.6758901853461619, 0.010769705858563097, -0.028664639903335256, -1.150422916415961, -0.2317056859490829, 0.5149409174428526, 0.2684253853955805, -0.48189644692003364, 0.7768748466567795, 0.5047637947850149, -0.1707547693915967, -0.3199404238140912, 0.46120178494494624, 0.7222980076045376, 0.794532683019549, 0.4027507532574783, -0.3704878454419579, 0.28063498781618684, -0.752412939490563, -1.074333010849452, 0.11990839311468021]","[-1.2199084549618509, -1.5093113531730094, 0.3285064582801414, 1.1465380599453692, 0.7443795969367623, -1.177820265774141, 0.11519455823965417, 0.09158539757628877, -0.7468903562433488, -0.2584705187747497, -0.19487893589530159, 1.0034887371850385, 0.7041101292478168, 1.0883168979654583, 0.4116433802118469, -0.8820980463016892, -0.720335511225611, 0.22265451578688372, 0.20564755704497403, -0.41545320105741007, -0.10771031412911698, 0.9043368214300695, -0.2088147351190568, -0.5912275330351121, -0.23528224523617433, -0.052192547578891316, 0.3403631386287825, -0.4835386072807317, 0.19188963599845182, 0.3625810948532298, -0.2116350766920832, 0.035635817517990165, -0.10805950371877925, -0.2508855450685152, -0.26243162673421044, 0.07742230167719036, -0.06695578468767628, 0.28694637500750414, 0.16243857388276753, -0.01069148529598835]"
"[-2.614848332445839, 2.5951159123861243, 2.0305411405331553, 1.402823723939876, -1.6548847276466572, -0.046115552155359764, 0.23006890096735735, 0.7433260217294444, 0.7891557715602985, 1.153223670595969, 0.8245779724363538, 0.731270088214885, 0.6216898402770049, -0.41433555395469784, -1.760512458811424, 0.2959972789815217, -0.7904259964895337, 0.962817860906941, -0.4370634758977248, -0.4926419930807888, -0.239786792221642, -0.7049684211754188, -0.1211221923597694, 0.4465012864194076, 0.3429945696585847, -0.8126058927092396, 1.1077670975384013, -0.28366614511249416, 0.5483750515946225, -0.15229242544542795, 1.1534915128921284, 0.40771533477354127, -1.3634777186305738, 0.5252820438459543, -0.35878064007966926, 0.526452044483717, -0.6238049717271386, -0.4071786464220752, -0.7338292684197827, -0.09385231243188231]","[1.3377968962321003, 0.6001142921744125, 0.4635288184111656, 0.20103336643787753, -0.7004367310760693, 0.2696851639305229, -0.48474081505735656, 0.09752588504757348, 0.08510067501656615, 0.7846273787471529, 1.462241345411934, 1.4859304624960878, -0.1985600002311996, 0.4910370157913541, -0.9313758838619609, -1.3752192387964612, 1.3745205279306032, -0.1602832159327948, -0.7219126227941303, -0.9612859306564862, -0.08417150116966048, 0.21401806582904004, 0.583062973981413, 0.49435769210274333, -0.5555632636273384, 0.04685515151451389, -0.18538540572194426, 0.40605720529375866, -0.8098966587032203, 0.13280707029067132, 0.16603741704141373, -0.7231481460669336, 0.025875633276369023, -0.6055207725161864, 0.45551566310483443, 0.1029078930336603, 0.06307825631235536, -0.8737671447232647, 0.5367771114716724, -0.7542628077793008]"
"[0.23326947745024285, -4.0696084436481055, 0.46551380752317145, -1.6152811815972248, -0.0014469106245777036, 0.15015398263661062, 0.6308282420456929, 1.09814075027548, 0.8695870908991078, 1.9844226926154829, 0.7462509084720332, 0.30190385640494355, -0.4583530232400686, 0.42900878239086204, 0.7004856208523734, 0.2067582428079863, -1.689039345351792, -0.5613014954972915, 0.9478167495787617, -0.9811215722384707, 0.6929675173088535, 0.24109130568663856, 0.1388825559731302, -0.0153996396883288, 0.019183933768615005, 0.054241714632345714, -0.02138863619098975, 0.9338306252629768, -1.7806194291713988, -0.5064655223273503, 0.4337840797179963, -0.557155763800751, 0.11272650473957779, -0.28170035483593736, -0.7122472612140126, -0.09109778909437079, -0.1969951341350583, 0.649874318213768, 0.22115393802380023, 1.3188535185931387]","[-2.1319503698393034, 0.7478145875626444, 1.7501317844896858, -0.7691860377612486, -0.5368362601331426, 0.5224747193773104, 1.1627866253540968, 0.6458762432510554, 1.31023090719808, -0.573468253047452, 0.3352696687385167, -0.4559082953526369, -0.43176582389058293, -0.3136405416395351, 0.19280794834528267, 0.037633305224369536, -0.22933937623805478, 0.2562136327593935, -0.7672542217034586, -0.4230600723881251, 0.4257748624829515, 0.2755693838361433, -0.05718551025608285, -0.7313553281295501, -1.0797384423552296, 0.8349664311858853, 0.9921768034445378, -0.028684864231666933, 1.176652365287223, 0.32519927614818095, -0.19732960919986559, -0.8757400278138129, -0.6121614081543566, -0.001111310123542088, -0.06889516192170071, 0.07937683055521225, 0.03331868377681152, 0.14509859511280068, 0.46947897800279054, -0.06439401354927979]"
"[3.2046150796251, 0.021760496204949593, 1.3983676153434652, 2.1563747986633155, -0.8442898677965199, -0.5718153483780227, -1.0126966709635543, -1.0452580417091182, 1.041416192286783, 0.4129386870844947, -0.5248845421899649, 0.23669517576319446, 0.06295238296510544, -0.06495778394432157, -0.2566458852180877, -0.47937533377900154, 0.470021613914708, 0.4091162885556287, -0.13270587064640285, 0.5663982504170765, 0.39448677185120085, -0.939187727258302, -0.23833244983991944, 0.24916006966374027, 0.35495525610741285, -0.6073178135468377, -0.2034780748143634, 0.27873231756003475, 1.4923290994374092, -0.4692752946491904, -0.2863183702535499, 0.9048503463813294, 1.1856081009029018, -0.39745562915122956, -1.1444899786830574, -0.8031895127163754, 0.9924569364034352, 0.1278827068642619, -0.5653129352645261, -0.1352218563564297]","[-2.6351865220489388, -0.7566599936879679, 0.15996144016560707, 1.4895790033837004, -0.4567920532968069, 1.0199473469757645, 0.31352042410042913, 0.3397506480685135, -0.2212836430132584, 1.0194148881745626, -0.5143296630956861, 1.147243268941488, 0.05616741271402821, 1.0170520072996732, 0.21600329821643452, 0.25107738536099117, -0.4840708262990167, -0.26622679467012494, -0.01840664556613278, 0.43079007505705524, 0.31184883505954614, 1.3014972260177142, -0.4035500779329822, 0.8151664058721911, -0.7323553574199683, 0.05034341574172011, 0.5225469844054662, 0.5274804597659832, 1.0657097477589323, -0.24589604764620587, 0.12638107538935298, -0.3140323079425643, 0.21223868105792937, -0.5135545914307783, 0.13298978101600406, 0.3794616773327977, 0.48990988070240743, 0.34665986039441904, -0.43636384666161565, -0.39569066995178137]"
"[-0.29171433570234717, 0.8035444212040045, 1.8977053049803694, -0.6899823846785393, -1.1382962622233501, 0.6785480502930754, -1.5331152036229874, -0.43680931003876466, 0.381061574941679, -1.8458655326124804, -0.6733310103540526, -2.057831667892918, -1.3161504871691778, -0.5754381828686748, 1.620032982371444, 0.34030754192914564, -0.19880294445365343, -1.008790751118663, -0.1875822007048268, -0.43433757351975494, 0.6037960078770277, 0.39448653980818693, 0.3445085918069758, -0.6986882647484627, 0.611237426572332, 0.570245355563822, 0.19709628988361805, -0.7794465931333842, -0.898187246231557, 0.03141337018366932, 0.8252598684375412, 0.1278233905612726, 0.28842942576379205, -0.5894004170102598, -0.9847160704950061, 0.4043844700224566, -0.1634479420060934, 0.4422074131940876, -1.2752889207761553, 0.28773135715550796]","[-0.35598888184006455, 0.8375223587934091, -0.9227341587696194, 0.5654117000183748, 0.9470656914868196, -0.20295797986166764, -1.1607893157360187, 0.5654936001164599, 1.104561449798781, 0.8745819136399453, 0.13256342254944056, -1.04456923391172, -0.6962527239394393, -0.7589555029513619, -0.2578152758468878, -1.0035662732765718, 0.10559008847821455, 0.057556667132012046, 0.5393170166913486, 0.08199519871127582, 0.431907495087504, -0.6671705003365208, 0.38483882310725237, 1.2906908866070068, 1.3301179315874962, 0.015477807729390383, 0.27657545190963384, -0.7939297138531858, 0.07219216025943302, 0.25367387488891463, 1.2340504843963498, 0.28321416357753953, 0.6677382013831861, 0.39475811026272367, -0.19540634354156364, 0.08944540582735463, -0.4127083752485725, 0.5688747301407332, 0.1407269410089367, 0.1780900330740392]"
"[-0.3661527353681237, -0.25351228997041747, -0.6418522229919972, 0.8914198584593832, 2.614795226806241, -0.6701984201222827, -0.04345500260752001, 1.0290012853165482, -2.7717140061678367, 0.15634417756330846, 0.19577617842528086, -0.60502516135843, 0.33092824931273834, 1.290252914746576, 1.1884292206643403, -1.0493883453817807, 0.05884924675762932, -0.1842636358887751, -0.3946159992164179, 0.44824940408344754, 0.18219510182277793, 0.6323985456512143, -1.097847110264748, 0.1299092269501212, 0.6497928229438557, 0.9138209081768651, 0.5892570505639436, 0.04590883254691671, 0.33746919680219245, -0.32614377078888446, -0.15904222274196708, -0.9191993033295219, -0.3321920689619887, -0.07789693075556955, -0.3836588592975109, 0.25792259829535236, 0.42413615399446136, 0.32453837249455486, -0.3428348286097518, 0.3732333395146396]","[-0.35611705856446474, 1.003260521946089, -1.2708834212415376, -1.23231177097615, -0.5447546393280864, -0.6007722594138565, 1.685570039432637, 0.24014619184708133, -1.112818027998302, 1.2755400666157015, -0.38699590942292084, -0.32884617444745873, 0.30003854928292095, -1.0089555746170018, 0.3647499583223199, 0.009162711639848926, -0.6729779979579763, 0.4755519806140883, -0.0262451135426834, 0.09790484288659557, -0.47930329001997857, 0.11212667253892702, 0.2854519466018202, -0.7474471798112933, 0.3333790929810088, -0.0858102235338918, 0.40204059432671835, -0.2632737406306454, 0.509780285824016, 0.8507432621338992, -0.44651300706793795, -0.046857185824811985, 0.30893290809491636, 0.3198857415418136, -0.3665593156532535, -0.06917234493563916, 0.679028220388933, -0.2955933545816153, -0.2631196742888572, -0.4614371932189103]"
"[-1.692074857208453, -2.1047773902340565, 1.6921839561608565, 1.5694488581766932, -2.73405930930631, 1.4614907081983817, 0.4455547217823924, 0.0443929813628625, 0.005691513069204047, -0.5880919519928147, -1.117550799065789, -1.6392332047367304, -0.4302273229933355, 0.5583475251416956, 0.32130954414597795, -1.4387600153681532, 1.346612865919284, -0.11837697137711424, 0.45678585890458245, -0.0509215371257139, 0.14460197825103596, -1.4912851408039718, 0.25261971730093996, 1.5646494961818995, -0.9320733839991908, -1.2238578264204707, -0.8710956177745159, -0.9853630855986723, 1.5358467282643047, 0.8181501607261584, 0.1555288616404104, -1.5210870224744732, 1.3003706949867604, -0.7044788994241495, 1.0063202695024211, 0.6893084091544317, -0.6893196263080138, -0.04447040990097706, 0.6939589490955058, 0.1813310113621256]","[-1.260054659335411, 0.6731674044345783, 1.5312255239372907, 0.632671940558919, 0.9840423218662236, -0.7498965149690969, -0.5457743801325636, -0.4754970084217134, 0.25849122512844463, 0.5347263816546701, 0.5977336304449938, -0.7250334296978411, 0.11099794920904617, -1.2096698907058068, 1.0630202662809056, 0.33709204743533583, 0.5419207939094665, -0.8384490128348653, -0.28406125226272266, 0.1426634883735919, -0.21094746491457822, -0.5132434811110863, 0.9422247698355372, 0.15845530059349838, -0.23495531499774264, -0.49060593746399445, -0.296269233835577, 0.17027655291003732, -0.027690695458247563, -0.3218170076127629, 0.7183135838980271, 0.11280429084643206, -0.5685054252719903, -0.2987349945129736, 0.41986750874134304, 0.32595610198328756, -0.09943347360405327, 0.45297742622984793, 0.07056298411561043, -0.11576306720967673]"
"[-0.7469335561949446, -2.515590156755241, 0.5490261939267332, -0.35298134274182996, -1.8693324378522902, 3.038875445971983, -0.8404477942459814, 0.6007413527828075, -0.657183068668688, 0.5854579077996991, 0.22446451774172377, -0.5001844904037009, 0.013983895351960563, -0.39805088835535785, 0.9576109530623504, 0.3526974150679418, -0.4538552431987307, -0.0789308471040153, -1.56491775554453, 0.1494041602404285, 0.9557027034035258, 0.7473674140201311, 0.054649405673113424, 0.47093300073991023, -0.17800051707895279, -0.8444530360022737, 0.45631397625925046, 0.9963363929399524, 0.3343262337307473, -0.027693765993603254, -0.28504142990344683, 0.8012622213469746, 0.0398628107990763, -0.3255001713225995, -0.6828588847310711, -0.12751284728279116, -0.33790359974218626, 0.3794677604111476, -0.3438956212150076, -0.014914040763654672]","[0.4791373142989721, -0.7808386580074657, 1.0076562681619496, 0.18469878635357884, 0.17999428079058077, -0.912962411137058, -1.5231816436344834, 1.3557890790542502, 0.6728640508664644, 0.5367383583905507, -0.09735662801717623, -0.09630520511281429, -1.310042034507941, -0.4708389875848696, -0.42893321810257223, 0.6017213642487601, 0.7939491521610871, -0.3958809793233809, 0.8856787620345653, 0.6105008691077648, 0.01779319648966616, 0.49033714844271487, 0.4229068080880185, 0.49548348639628037, -0.5159677588446009, -0.3340909891171738, 0.2514825629710935, -0.20176844138348776, -1.2694476130479542, -0.3068527358227011, -0.4266825084244886, 0.14057681791945725, -0.5947075693942742, 0.3834860015545024, -0.2925583710691269, -0.130937938708173, 0.6296790426666024, 0.6280281740136419, -0.4656710300595222, -0.15455719288762107]"
"[-1.1897234027197998, -2.68525748703449, -1.0712279537180902, 0.572356925577781, 0.19523855944803373, 1.816119179408265, -0.6861692162579612, -0.2584318200879892, -1.5369380415737848, 0.41593940933476853, 0.12808010454302177, -0.02964002774499242, -0.7260867420765846, 0.8941332861274903, -0.6344472756266446, -0.13140078893083135, 0.8884622289236085, 0.31497701438027675, -0.15830220256555788, -0.31802621951422, -0.9388334737267716, 2.03538958405878, 0.16406700503427438, 0.4693792020458131, 0.4415199161432525, -0.871447591744147, 0.6171299032036478, -1.318780305528007, 0.35113105024379365, 0.17812085376647346, 1.3445086116601166, -0.2822705714609693, 0.6011392601967442, -0.14710735613365541, -0.06966465944466686, 0.2181968880561206, 0.3924271985171745, -0.043543398354996626, 0.6996561238725447, -0.35039092248112563]","[1.0889730812963294, -0.7524502936809154, 0.05049627434693946, -2.1135101975076798, 0.20979081638375158, -1.353919814902911, -0.043762481987359984, 0.7329754386763844, -0.3006136184432519, 0.9126536639404629, 0.7260438840996832, 0.578222865167453, -0.19777044481101516, -0.027052956627001305, -0.4129355461389769, -0.8666372072195576, 0.4938824717159942, -0.6982735498061092, -0.3171432764267475, -0.11108211106528723, -0.2718343475869948, -0.4638344620380951, -0.052083571174459706, 0.32207129290209563, 0.19421364635366897, -0.7491702890142015, 0.11786135383575169, 0.12057697467477718, 0.33596062411883426, -0.6442622419754108, -0.03343109648377997, -0.26954297994539617, -0.16782040085355446, -0.3817741423617068, -0.552288417468104, 1.2626115134845002, -0.5275323095296321, -0.16267877894739505, -0.09208995807629851, -0.28186837264155534]"
"[-2.571589496577274, 0.1735463194150147, 0.10116545594600292, -0.13309710563311083, 1.1985078691663928, -0.3035305196111576, -1.0025225732833718, -2.002458570586008, 0.1733638527944819, -0.2193647951201047, -0.3406686003519122, -0.39478543433555097, -1.4447285994311314, -1.3928634354849054, -0.30616515334552663, 0.8511017474671088, 0.16978339021913397, 0.08679484646946208, 1.2506803271059914, -0.03262221418827581, 0.49146820465620983, 0.6283495225378162, 0.3360998847101957, -0.24429993104561004, -0.10866573613170831, 0.5745230762215896, 0.5851197422965685, 0.7156212254323229, -0.4690612135231412, 0.4698002258888786, 0.1942705843143847, 0.7913604610085841, 0.8520652139770168, -0.5118084723442001, -0.44294238069882674, -0.05409328520363484, 0.513058166519637, -0.9614308135905401, -0.18374401126071901, 0.3836026208492923]","[1.6437676795773155, 0.7767774079864034, 0.3085025073731275, 1.6205691183004372, 0.48733011511373286, 0.46282100451810126, -0.017705985595099387, -1.5974300134846764, -0.06914310624688448, 0.07610208068428391, 0.6916743831503626, -0.5946890281393679, 0.3155089331172389, 0.8335261895735192, 0.2770833011972153, 0.526569867385292, -0.32557602366191724, -1.0301828361337595, 0.7565146306226587, 0.6158452493698185, -0.5613577689849921, -0.7844718205863329, -0.02812576136573027, -0.34384114659275733, 0.18622015379932438, 0.21599376988186128, 0.22975309630688365, -0.6086643207156937, 0.2406669861509878, 0.6624627603275376, -0.43396365619316635, -0.7585475617091268, 0.26902641176163594, 0.24125546217587904, 0.531387424182694, 0.18735928128822632, -0.7000939655994374, 0.055306925403116214, -0.2422843532117234, -0.1505600397992781]"
"[-1.3084772501386053, -0.8847348622981177, -0.8594875437828303, -0.28631434459352245, -0.8777792561240414, -0.5094449470942629, 0.4919601743232778, -0.043095803365941855, 2.994208747563566, 1.4705324212701407, 0.3573144756333483, -0.5090914207914387, 1.9298540016393437, -0.9444047133537187, 0.243473578824267, -1.1512483138682839, 1.4591587352096484, -0.5076323795951324, 1.9577306968314745, -0.06758343274937954, -0.061321104535807656, 0.6070767028249142, 0.4708105775929561, -0.7224673402027658, 0.2848319041322604, 0.49121618247998117, -0.1859261020599932, -0.5690642905458119, -0.13093053371174482, 0.28233951198297585, -0.29277746570408025, -1.9453062236160406, 0.6500019476490744, -0.7448434277614318, 0.16560565219020265, -0.16528740840060296, 0.5785268714074195, -0.17084109469873543, -0.07034772194615707, -1.2393146097399612]","[-0.6962931397744669, 0.7385332213762482, 0.37033520293827205, -0.42696452115256855, -0.349296876755494, -0.47255420994491953, -0.7389029247687579, 0.4200487260137871, -0.8747819690450173, -0.14980004843623296, -0.4300990520722555, 1.6282884751665867, -0.18620956222536555, 0.23302993058887098, -1.526447159591837, -0.7272747851818161, -0.6062710525965181, -0.38607893686222183, -0.6790695673289625, 0.8275011567515088, -0.7325897331882674, 0.13963914543046113, -0.44010144822921254, -0.042373145510571066, 0.35936340184802934, 0.06414715493652341, 0.4504396726517134, -0.255078777386355, 0.4952377287686574, -0.0032306786971329536, 0.24914189813022006, 0.957274421255842, 0.302718123136289, 0.008266633320713852, 0.24861639019271375, 0.35810858180785415, -0.06233988241233146, 0.3004341095596042, 1.188651208965138, -0.00859889951928651]"
"[-1.5489795729929234, 2.253855324673731, -1.6449043484388244, 2.1483592591216722, -0.8734151093363688, -1.2577384282524235, 0.13311997354021893, 0.8823127970579321, 1.2934835215954907, -0.316676007141356, 0.33910216886380207, -0.8413718964861483, -1.5618089070020846, -0.41493591056459583, -0.6551687327287053, -1.544273685905452, -0.701283140806873, 0.43387722366024706, -1.6355555685446213, -0.5451846559109802, 0.6549542887791001, -0.16739225087156243, -0.4108653550546982, -1.591918885512077, 1.289402151760559, -0.037366912593046045, 0.08441220175494177, -1.5444499195926618, -0.3306620398275826, -0.2770255409869205, 0.3067751491017443, -0.5376199482446016, 0.8343384836823641, -0.10632629298226946, -0.6449546822643524, -0.0336184870009409, 0.003564457188688154, 0.7345880958726768, 0.503521099583268, -0.0811888995222602]","[4.277870459277372, -0.8802183324324073, 0.24886833056785854, 0.4380316533951214, -1.0293343427274113, 0.1268465637658768, -0.3906465852247127, 0.3110903220039896, 0.22326297097347764, -0.37542391675201015, -0.3948249037718179, 0.4408095780471375, 0.23140802001323485, 0.6795104388159648, 0.45795698184486267, -0.36106376085879666, 0.7371909231270828, 0.17513635547323547, 0.521012678485367, -0.6741013407732436, -0.8876656205512892, -0.9996282833197059, -0.43185839952905747, 0.477613161372051, -0.15750757652758998, 0.8598087540585505, 0.10834517365621749, -0.2143248453427739, 0.05569589419038097, -0.3633363735653519, -0.038371640890077496, 0.41093154872540805, -0.44272752723668857, 0.3114155646347156, -0.2533457203383003, 0.02390956995595696, 0.14108938213578132, 0.3629655509244684, -0.469246922098234, -0.9998074191704387]"
"[0.1089480650946483, 0.7659774565561405, -1.50935807884173, -0.9817980626845466, 0.5151464443189672, 1.7843850467045317, 0.4068722357879868, 0.29005344156866886, -0.5654031537129898, -0.7421302726057367, 1.3162753921544847, 0.7126576584608479, -1.3117533883332613, 1.0249158371006701, 1.4559990681212602, 0.043480543752570475, -0.14064659534234947, 0.5764223362540909, -0.4245178679482007, 0.3408034930600449, 0.8007341925240448, -0.31965041828581237, 1.2963823561981962, -0.9110146254377476, 0.5845139685232885, -0.615212138251089, 0.31883007718340417, -0.28213476239699176, 0.3382322977021714, 1.0404223402510993, 0.29554976187667453, 0.3906562493560402, 0.07251184007004745, -0.06014756848078188, 0.6807501015221283, -0.4075553023360985, -0.29944876248375807, 0.0363208042651369, 0.33516192405080303, 0.41575197316091167]","[-0.4436542922306291, -0.09277851131447977, -1.496329977996256, -0.347253772074248, -0.35569691679188675, -0.7376284142040787, 0.28188061246384244, -0.8338222302360544, -1.2813277370679215, -0.1617828263753278, -0.3017076084379851, 0.6162875868112401, -0.3059073895838927, -0.36386948548129433, 0.35102305392185296, 0.6600856452536604, 0.6450518112157314, -0.6988926072694642, 1.0342757038185204, -1.3873449236911064, -0.19861297378250992, -0.9209672389514169, -0.3558847916820977, 0.2593055864363543, -0.08146842847036899, -0.5306562300572728, 0.3432835268182346, -0.49685757534663766, -0.8380550984372223, -0.15653691601501224, 0.08925428077214653, 0.13210252184567695, -0.3860568786657274, 0.08547395924993986, -0.4235692672582135, -0.7893091432227237, -0.5727888533805993, 0.24574699614800352, 0.20721966923169927, -0.30403375290804235]"
"[-0.1455232045468606, 1.3617899237652875, 0.5692152295981354, -1.2317268349438428, 0.8357776708794628, 0.009932681899367841, -1.3110139072363243, -0.862379826585711, -0.00352220500916782, -0.27975397241751715, 2.234661825999366, 0.11764117327973897, 1.337757298017946, 0.5473827401769917, -0.5043689053713838, -0.34005316240583655, -0.03908415817752409, -0.3939112937592156, -1.2730267812845193, -1.4828973102798197, -1.110719734034919, -1.6075028068985682, -0.6841942840835454, 0.19123845169250311, -0.00401817183939173, -0.6035647536910329, -0.09619008299789492, 0.7619142660080415, -0.6972011202576933, 0.33912678977342736, -1.4024746476491423, 0.09040142250063518, -0.35094975363447645, 0.61243795482976, 0.3371555010584276, -0.11512523522913912, 0.7143381032035783, 0.04299480144378542, 0.10371426779683181, 0.37392761957455894]","[1.1642677227495386, -0.5779186247960761, 0.14974945932882322, -1.2543855497337553, 2.0044630462320954, -0.26697381811968823, 0.5492209773662842, 0.21842062453049674, 0.21762924524550137, -1.1814904362952892, 0.08298578142646691, -0.10834621324173124, 0.29169243981754533, 0.5908243585337495, 0.8921469376767657, -0.8737720248553946, -0.09542331649176004, 0.9958950660656354, -0.1845708138008473, -0.19763420014903624, 0.8572068411693652, 0.4202784981646075, -0.6150148018224705, -0.32845642274197806, -0.6259391120852289, 0.5727879291878244, 1.2458422099065667, 0.08574798087962757, -0.9447593300751246, 0.1756168803547877, 0.3103721539093714, -0.18881719117445395, -0.2793004244900334, -0.4160562603455321, 0.06487517928444443, -0.17383154166044099, -0.23318322547041545, -0.1508778609807877, -0.437771943764677, 0.06463277283074938]"
"[-1.361639840709889, -0.9545948497411324, 0.8974554150073258, 1.984966277187815, 1.6995373846205766, 1.1172497241815496, 0.6480697559292318, -0.13253209476609626, 0.19225377940744318, 2.15300078016623, 0.33135258082186364, -0.7667231762535497, 0.091966035223891, 0.5380258791204684, 0.41790119074390353, 0.6790810712897419, 0.1876388056715449, -0.3526517071112958, 1.2178959260859454, 0.45172996537438814, 1.063416846575018, -0.14032078993648478, 0.5906785410782033, -0.004208568511951055, 0.04822083933334114, -0.4685903063823996, -0.9354911024039857, -0.15822863128418496, -0.19153257546346708, 0.2481660515089991, 0.05287432701284771, 0.05988688422949442, -0.695690916102848, 0.28286149763190216, -0.49267876552582673, -0.34809594539097644, 0.2109670198356734, -0.5834300691155678, -0.4600739800948833, -0.795584972469503]","[-0.4060854260468006, -1.251404099500879, -0.8326909432753765, 0.2049348049442344, 0.7676743181911996, -1.8459515095075145, 0.486823572759747, 0.15231928394797217, 0.15532982418664643, 0.08296428578568653, -1.4850754813795033, 0.32981079314361605, -0.2100900384755862, 2.029261453892309, 0.7072774845295265, -1.0759296449206597, 0.34268973392106733, 0.5397172637895205, -0.4586748404145377, 0.20477516669097537, -0.10499451985135065, 1.1079807573824365, 0.5373945504198062, 1.1220249920165828, -0.043428652491269364, -0.740922327954715, -0.1807682748831968, -1.1224276471348753, -0.016597089748291063, -0.3249758519779824, -0.6836636532411308, -0.2069688279898878, 0.12017250964373383, -0.2917486716287472, 0.21513796424102719, -0.1402442919601721, 0.14789673210885237, -0.008870661070142678, 0.8859632070282412, 0.5331139784815002]"
"[-0.030276828186495342, -2.5672144639269363, -1.153906342153952, -1.0174235840494683, -0.7448788384552492, -0.2167935097638099, -0.3376427835005999, 0.7052817614160687, 0.24376667542866717, 0.9589471712947313, -0.8531826157708902, -0.0327669114465441, 0.7134781945257509, 0.6737788506623594, -1.3440596177940247, 0.9674523149794528, 0.08062831513996846, 0.8147151231693985, -0.11078792976365771, -0.5046451829359139, -0.264470885597053, 0.847832871758573, 0.6605903814276847, -0.00395412120041178, -1.0239598115773414, -0.2271068828368092, 0.2203544207399413, -0.10206244255563113, -0.7439032099227946, 0.031090704947569374, 0.3612193982697892, 0.19092143388402255, -0.9564402571246233, 0.36357413722938764, -0.6717714545087903, -0.7330372198555223, 0.6246317717450134, 0.6056265832845344, 0.03702772604911444, -0.35119026139740755]","[-1.126741640506829, -0.3925279785148228, 0.9020857104960885, -1.0950416091404236, -0.551022271202388, -0.48014998712041645, -0.358259583598934, 1.7487812894229522, 0.479545508860427, 0.5236125636194745, -0.46591829396503465, 0.12965486391778103, -0.018744096172696907, -0.4778544988200158, -0.4495313856972564, 0.44555682519858175, 0.8052195754543434, 0.39618123193765065, 0.673391179404079, 0.3789998694980679, 0.917874442263988, -0.3389965296227522, -0.6477448903880537, -0.012916537917875138, 0.278485506375712, -0.5604752911021548, 0.29606111999946594, -0.7787471769050283, 0.6798242940499883, -1.1169607302142648, -0.5388896610070117, -0.3848073532822217, 0.5492223333836472, -0.1599832521258604, -0.1692264999015269, 0.5904381896679113, 0.42059854461223795, -0.11475053834855649, 0.37474059484755157, -0.5411528055483629]"
"[1.2183212020385423, -1.9870220122733007, -1.4001975743538366, -1.784842065686053, 0.11996493295028525, -1.1802535852439318, -1.4458222024626697, 0.5903716975780711, -1.5741682455546129, -0.496117268608618, 1.0338240045222062, -0.9295998728508591, -1.3075582614328451, 0.2886466951586689, -0.9569646564275924, 0.07273536440020449, 0.16622809195621388, 0.35258495782588384, -1.004994361956462, -0.019066071550622343, 0.7171310521200152, -0.04985801450451093, 1.1108104754336257, -0.17624616461637968, -0.0002112760354565367, -0.8124347884172818, 0.43093305330329945, -0.23515080449664252, 0.22739583087843537, -0.2876921072364159, -0.7017357263378132, -0.3293567049865479, 0.024500586390854475, -0.7551684528991846, 0.371712364153822, 0.0701302870124889, 0.4156086398429646, -0.959270157727772, -0.08349683743590769, -0.9721695883261299]","[-1.0530186839694293, -1.1132639645071505, 0.4261054126820489, -1.3325902966375036, 0.14298264280572348, -0.9155143002121736, 0.7627958532815782, 0.03518676726020213, 0.5122496173559945, 0.48557452273454393, 0.3311031056899209, -0.7224495132706951, -0.6178171982101971, -0.992089903796754, -1.3044778035158067, -0.1527478386411458, 1.1581892993883995, -0.46183784296772235, 1.392284584036011, -0.36620129024590314, -0.1571055965914393, 0.37976437120114565, 0.2604255560774419, 0.6562239032458481, 0.33843287571009883, 0.27858999497004366, -0.4832260781534684, -0.13393024478700752, -0.05971490896501393, -0.7051580894496525, -0.15941983846457708, 0.5048967082555456, -1.1468319177544513, -0.30440879108946384, 0.3670155250209384, 1.2851499772755093, -0.00021037420441948052, -0.5521270543941895, 0.3106796097451851, 0.13971563604979337]"
"[3.5278698122412497, -0.3886885789634125, -0.24917266639410895, 2.5982394310747976, -0.31111400262806993, -1.8951588643743176, 0.4461330251045088, -1.6136430816290337, 0.36123445111185903, -0.2570259694733676, -0.594731578358597, -0.6687795341209791, -0.02415898245619467, -0.45557216647097, -0.3529652357841658, 0.32071172194567815, -0.20911283135986686, 0.9199583193107591, -0.34683584431583586, -0.5003872295364438, -0.4135061063267923, -0.4796311473016243, -0.13183660770446468, 0.3632248466762789, 0.7477427488204766, 1.1575044500035123, 0.36459316850794565, 0.5233548230313314, -1.0468251381414226, 1.3344157617156944, -0.34976271614595544, 0.14332477466166793, -0.5137012571552081, 0.1475750324724072, -0.10546046504263291, -0.23614976234943347, 0.19254489648967962, -0.664385093856694, 0.41686530892809276, -0.05902972493169685]","[-2.467796213089874, -1.0521515433483133, 0.22603932406412197, 0.26358994570965477, 0.15482904255639215, 1.2872877737097626, 1.5739394160735525, 0.6735543456189825, -0.7453039535080735, 0.10292296199677335, 0.022773799454028403, -0.032835611680968775, -0.6223458510694918, -0.4264613343186302, -0.2833862341906164, 0.4610974698643454, -0.5200382004549318, 0.1473947400085729, -0.565653249532376, -0.6240267725198555, 0.16791820010457115, -0.5775019629811532, 0.10527424533301706, 0.44825712488463404, -0.14145404650708568, -0.09773188593874643, -0.5943867611316545, -0.22166130667267278, -0.5001525432493656, 0.5780542084835653, -0.6418345737360783, -0.15470422387392022, -0.15996656469648773, 0.6121625557356808, 0.24487828609331608, -0.18049215734701643, 0.43820583655911016, -0.006142403073068904, 0.12343472162914497, 0.6875133043852696]"
"[-2.229860075664872, 1.6103722564055774, -0.8403737732954395, 0.746507541556385, 0.02590923528915583, -1.8761047198819334, -1.088970109799841, -0.4870277849071263, 1.0125702577129572, -0.7093214589931585, 0.9878655905614174, -1.2230873740991206, -2.137009737636624, -1.5837757984474332, -0.6434589264452354, 0.19597956157092822, -0.7912491337637061, -0.13449410686379923, 0.3247416330702657, -0.13161100364349582, 0.2173413314685819, 1.1215506281465524, 0.34923043592590675, -1.2449561749140554, -0.14362119272610543, 0.26657844283000653, 1.3540402685962591, 1.049781655309857, 0.34427846229768916, -0.23509689847958468, 0.08879015044328213, -0.035984302034004594, 1.1540664758227532, -0.5640532174764019, 0.24332769389351477, 0.44110755949263936, -0.18248388230259308, 0.11073093516169384, 0.11019023631434513, 0.8933076735883805]","[0.9815138864619529, 1.0143756180289019, 0.53792193476042, 0.15419520465510822, 0.7240024011996619, 1.1040567994557688, -0.22289681477505882, -0.11398700222363997, 0.4005578540657197, -1.2844709802888132, 0.0011283976401483724, -2.264639304442856, 0.17983041352477933, 0.8825510496083939, 0.200881128940197, 0.6821298322376805, -0.14971763633502402, -0.13815632249389456, 0.22696576903228716, -0.47412716528450005, 0.10712572273826358, 0.1551109103604274, -0.13163170073796604, -0.7315626491698843, -0.16540870426178605, -0.3112508927622593, 0.10183274171328272, 0.13543622823685236, -1.1078741404156756, 0.8925009692682921, 0.41092442776797117, 0.38201646907441544, -0.11034908482701418, -0.32407823216114523, 0.584084210647771, -0.15239330008590807, -0.046400117293949376, 0.576115605444082, 0.17947831567774541, -0.5034977095956699]"
"[2.0000399106638773, -1.2279265165293467, -0.8401008475627851, 0.01646756158004281, -1.033951591664268, 1.8930659281773128, 0.6319818566051342, -1.119851774605104, 0.7089739014079233, 0.869962974816344, -0.3957673316090024, 0.20383932247710954, -0.6133721848123387, 1.2391047303382376, -0.2925945360759576, -0.040556914111285085, -1.3448656418135354, -0.15288180338389729, -1.0130347925928294, 0.09098604607232584, 0.4766869337972789, -0.15667158474373485, 0.6734046609631528, -0.8040012428206269, 0.034419888804585554, 0.2355533564330691, 0.40508176400710494, 0.12242567714278113, -0.06473345930400703, 0.17032071673799484, -0.7805711753753519, 0.05321864643981191, -1.4767111366666246, -0.5602405078795687, 0.24315874553645914, -0.5830525431197439, -0.1743968518872456, -1.0256266707367272, 1.8653748029380195, 0.2813785529624342]","[0.22420064092639683, -2.2094139110756106, 0.3366169159710229, 0.554876129839688, 1.1430007330085694, -0.80540272850457, -1.124128491036649, -0.26801395337989503, 0.14107531745383248, -0.7120104725473034, 0.2976056208755238, 0.49652091424374356, -0.4312182840844198, 0.7262590884757826, 0.18520501538334108, 0.6518482015692935, -0.39356417006732913, 0.08662788049183065, 0.0962715947925952, -0.2664770316918183, 0.22186543128083158, -0.6585146541706787, -0.1192693347199234, -0.9165931584357186, -0.0940134430499421, -0.3997043465754785, 0.15018151691244666, 0.7061874798329194, -0.27826674911939275, -0.15968994679595028, -0.5302841001659976, 0.12140931813768915, 0.6186850304016555, -1.0112800240438906, 0.3400931166889813, 0.8351226281654619, -0.05870738079322435, 0.3341263077638954, -0.5509922413551754, -0.22961981483681396]"
"[-2.2044610433034806, -1.2125828471191635, 0.19572070728638902, 1.0961434324551547, -1.7228176867982787, 2.145803928448615, 1.038949401438873, 0.28406867099185334, -1.5198465136917862, -0.1636176434919229, 0.18306335527957565, 0.7190351054699768, -0.06592558653336757, -0.03344477225924571, -1.1356169283526387, 0.03230291305921168, 0.11826949205606777, 0.7183550473172753, 0.5690618438793487, -0.20863023249700274, 0.06092603893483995, -0.03828622714052078, -1.2231672694043232, 0.29864477790112043, -0.5346056268893373, -0.3432929936293445, 0.6998881673009483, -0.14890718899336097, -0.5821233679355989, -0.557207368117297, 0.6888293088324339, 0.44886221569699036, 0.051862756955923614, 0.31074185532082643, -0.21142063234813596, -1.1470358630327289, -1.4762874991413466, 1.3790817822612729, 0.13682432080224974, 0.24724169094478624]","[0.779172023740159, -0.4498173231402278, 1.3524216425299365, 0.765509389983324, -0.6633584624579469, -1.0968134074446168, -0.9322001328273973, -0.4073960335799904, 0.5919288142173527, -0.016727335394457976, 0.866621169953976, -0.6968499963656758, 1.0299995558861108, -0.3235467733681387, -0.5275748869955827, 0.626417345932692, 0.2804032199134415, -0.5113867793168877, -0.830249484202902, 0.8745470929608845, 0.1478139493411342, -0.28700301801653366, -0.48163463904604364, -0.31288645301060963, -0.6112982382345755, -0.9444846588614818, 0.15005264396656573, 1.1198183901082874, -0.3771844812130224, 0.8543952628486379, 0.13780482858689164, -0.4734025672084708, 0.2873809777903012, -0.20068970440209627, 0.1772547152140727, -0.7056484284330508, 0.44669570451235285, -0.8110418345130048, -0.46467840086722967, 0.05538029083285611]"
"[0.1721432794647378, -0.23260538566799946, -1.19259189181421, -0.8899607003717017, -0.18080169285633818, 0.5760776307614293, -1.9212458159939496, 1.815015654310378, -0.17306122696649387, -0.09842511105439328, 0.9882628327399876, 0.38615160716116265, -1.3611587741438689, 0.0013969660181015636, 0.7337149867942065, -0.003391207749451732, 1.086120667215682, 0.14123929920592465, 0.5720756981011684, 0.37421025407301534, -0.539687783621785, 0.7008770468398867, -0.2577439891465036, -0.43305416242425576, 0.6400392874523733, -0.740186024302214, -0.637127660275048, 0.8419498145995504, 0.07259483645639228, 0.8148405398457431, -0.2947627081662302, 1.0545966466076695, -0.5944332199870469, 0.040606235059615366, -0.3653170185372266, 0.38063122483602796, -1.1125937045268832, 0.31026730964418137, 0.660865771175498, -1.2184324740537242]","[1.2524814513168172, -1.493019166741729, 1.2281160832060538, -0.2643001648873558, -0.38216323478063075, -0.5764061542883342, -0.9487584862533298, 0.003820933598512682, 0.3969853712887812, 0.6556800134826164, -0.19788695954963612, 0.05610956841080119, 0.08287665161405458, -0.716541197565207, -1.3385917392321478, 1.182016123964817, -0.26377734804065817, 0.9075749451211524, 1.0086308793006336, 0.15484376659677837, -0.8224183354516447, -0.042932596968718, -0.1986304469565841, 0.4457497761520932, -0.36276098734017476, 0.48420845908989757, -0.584755895897809, -0.7267445337742064, 0.043922688553935184, -0.4027629929043487, -0.010510946474136034, -0.3709221692474453, -0.00963214325285279, 0.3050538668037804, -1.001273916490653, 0.02585232185907768, 0.4663091643982159, -1.0806561783688853, -0.21047489844982634, -0.5937110147518947]"
"[0.5865212223257953, -1.7758255436411787, -0.6192673628389859, -2.2736067350477267, 0.12454639621908008, -1.6329311023601527, -1.6608533489249608, 1.08378965509057, -1.9311476441116553, -0.16546312383001285, -0.35843393604037604, 0.6968675027008426, 0.353111255393692, -0.23071860850309012, -0.2942140505985977, -0.5472319537797395, -0.25742654425030775, -0.4963566202814744, -0.40097139948643945, -0.26179983377695343, -0.22261570266131758, -1.0809128097050582, -0.48322121554471775, 0.09809098281197362, 0.6451529373218301, -0.13961681177717078, -0.8326173641541705, -1.0928311162231286, -0.026951342752148152, 1.2094314799050803, 0.08689393741833214, -0.6650330150453536, -0.12845591188777483, 0.06862623932816354, -0.49978376526918705, 0.13260060855769987, 0.46389147693726535, -0.1483138014082999, -0.2582485555731278, 0.11702470854154694]","[-0.26095502295595585, -1.2025698610378863, 1.2373981950629247, 1.0466540343138397, -0.8717700584692518, -0.7498901035108779, 0.9047536260717433, 0.8184091332826767, -0.6851335364624906, -0.33068242296549766, -0.852078372912179, 0.9462757008381518, 0.6708618926170831, 0.7662399608802767, 0.13441524514849082, -0.5366236552081788, -0.049177880795685705, -0.323938658785534, 0.17077523707151182, 0.9219588084521657, -0.22754479879663791, 0.24024562986142053, 0.5607772809168938, -0.18709084327146283, 0.1967892684456146, 0.3095251845219888, -0.10767686867556736, -0.5965058961241981, 0.47961180470368275, -0.46231767374678584, 0.19686230728512485, 0.19997454584521435, 0.23825644868985152, -0.012814475752543122, 0.44319593518381156, 0.2179552857449605, 0.7985736360948242, -0.6392736642581738, -0.6666720646017936, 0.22979724839139817]"
"[2.0933081978400736, -1.9899204704729747, 0.33115200557997826, 2.9175174451602874, -0.8749636134107173, -1.8725907890013103, -0.4433982861469064, -1.4696228408224044, 0.34258752915535234, -0.5633380922690815, 0.08696367587531632, 0.6515554249455193, -0.5902720096162916, 1.3007729051886252, 0.3112825149412476, 0.47649980852706864, -0.7277929727976666, 1.150712215916894, -0.15327674146477813, -0.6915592894690709, 0.12447894026313115, -0.12868722097307156, -0.558015472765157, 0.025192432953492147, -1.1916308923925778, -0.8312589917817306, -1.4666427671424547, -0.9084139328591538, 1.1443749559586376, -0.2749632739716721, -1.2036021092577316, -0.6803880668518612, 0.3878158381674225, 0.42628130777292117, -0.46237249858701907, -0.7734208382346434, -0.40684939144069776, -0.11648874652782784, -0.149376348325429, 0.08861361551087923]","[0.276423635560402, -1.7692887854538404, 1.8524575330596025, 0.9863120443729381, 0.2602004616345239, 1.145612015370496, 0.8335954732031489, 0.3566809796550524, -1.1088185360259746, 0.5054500638178806, 1.06015069040441, -0.8459445470942611, -0.13094278892320238, 0.4432042543190165, 0.8020505636189565, -0.45609557549275354, 0.2765629036378624, 0.23166815964411888, 0.27952513524599776, 0.5459323284027447, -0.38746717633267824, 0.4229320807296377, 0.8089905065116536, 0.30389382136964777, -0.22106462786049882, -0.2694105734971991, 0.043513847985607396, -0.32742574696001303, 0.16029218818419314, -0.2608899447789265, -0.0656699649346513, -0.306854992748453, 0.13340716746661682, 0.31990442028177585, 0.23201800916186333, -0.10151030886929154, 0.5378023189080035, -0.048502249569384766, -0.2963032109316746, 0.5974960504189327]"
"[-0.3123792049395675, -2.519121443154664, 0.7293410367511024, -2.2044399172057143, -0.08788702971174553, -0.9589163587224918, 0.2395631648659216, -0.16202977359171025, 0.06699954802423157, 0.40949442749482434, -1.0927926173797073, 0.7493626950638009, -0.6355100656907041, 0.5575010278973898, -1.2455144686653126, -0.07667006053092766, -0.6575309347766398, 0.18995585747502697, -0.5091341139407705, -0.29181838094916096, 1.032289105082335, -0.8929192498641646, -0.9771070386378893, 1.180708462311574, -0.01241023857155759, 0.6641253674177577, 0.6804685282842733, 0.15620739756755192, 0.7688113088959774, -0.011250469098105424, -1.1145271300168047, 0.2209824470529175, -0.1855937296469333, 0.13892392861887873, 0.8079250595026513, -0.7187106772916226, 0.2848136250737299, 0.8400032600753505, -0.46215185682482546, 0.4282962560315602]","[0.04843867699826776, 0.16079687894135558, 0.9436359560876152, 1.2338220747244235, -0.14342271664472567, -0.8402232804428557, -0.5674416050705218, 0.2993866011129157, 0.02927346893304614, -0.1394891914303395, 0.15796771237223098, 1.020456043502444, 0.15423610039859795, 0.2151135569278966, -0.16230145224933742, 0.5760928549139925, -1.0921118126053282, -0.06875481857430198, 0.5868652347988823, -0.0007349447982856396, 0.656126222623492, -0.8506529359395761, -0.3383931089543386, 0.44009712492355196, -0.7257100214757845, -0.236515874186649, -1.1366622395536716, -0.08749244848947095, -0.3292154008003618, -0.3133376279711214, 0.20020759555923817, 0.24777245300689604, -0.2596256999982525, 0.7792702363897215, 0.022817683582969144, 0.6108054580612248, 0.6780365004503107, 0.09844143344680964, -0.0924800893508998, 0.1556294307520444]"
"[-0.5381406018800853, -1.146096019613113, 1.6039707184819174, -1.932972736570295, -0.5290659114580168, -0.701565530916336, 1.3504862513277436, -0.03259215863761722, -0.9888787584582701, 0.22818296489544493, -0.08207806825927047, 0.8308601833278233, -0.30650740747191113, 0.004653286638799097, -0.1169281841413905, -0.9116437730548341, 0.957096803297849, -0.6014830527070724, -0.17618497452616036, -0.1387980285007492, 0.4227728892551278, -0.12314286545371933, 0.43613778712378354, 1.0999876492224387, -0.48807857025383833, -0.23539089206874989, -0.9152778107133116, -0.08754171322520035, -0.12113787601048048, -0.0076075333639679344, 0.18949004228023222, 0.6813935975695993, 0.6473449189188071, 0.08827983160378693, -0.9043575104427909, 0.1526328362480404, -0.3807096885689803, -0.12101612250515471, 0.279553780850225, 0.6220818111270767]","[0.7631409316250038, -0.6191883971922845, 2.23894335262824, -0.2526698221035107, -0.6305591394794177, 0.06059121622238462, -0.5674873746789028, -0.15871294797435873, -1.234047601537222, -0.6648561310304317, -0.2124227085406603, -0.8538157645640476, -1.3924576348552775, -0.8421757072574353, -0.18567863916002475, 0.7561731847042831, 0.2660625709128525, 0.3752654138540548, 0.9639434705407103, -0.23070830757394234, -0.23671495364657102, 0.33929021521141983, 0.3846995871018796, 0.5800146037524616, -0.8957012986166976, -0.2817883398724046, 0.009952255599200648, 0.09329785404032019, -0.33117326164139993, -0.6829815897262927, 0.3057554112156562, -0.4187806782241043, 0.10774552418302594, 0.00877180458695453, -0.054272254080263906, -0.5951223133997176, -0.11612511888267525, -0.7807819861513873, -0.4785265796601452, -0.12240767073870955]"
"[-1.7762801879960322, 0.21445010962180325, 0.8407147499962356, -1.1513933207020375, -0.9629050076566636, -0.7406092277611194, -3.082108395018321, -1.8538008515692046, 0.20452675687853475, -1.025157783322904, -0.7606127510145644, -0.12847594601792764, -1.5079876120858111, -0.3524853022782037, -0.021437651160751813, -0.18781991883204824, -1.2269444662684905, 0.7700002975397363, 0.6825488557521218, 0.3682436817852082, -1.4193434848699684, 0.532902818213841, 0.6672432911639169, 0.20494558309961822, 0.5790427252473287, 0.2072626746814034, -0.935567566971204, 0.2387495668962873, 0.5177892212694362, 0.38251675601156276, 0.5179548798869896, 0.5870655531677438, 0.7249616520929888, 0.0863988655894773, -0.4219768002227807, -0.5866641729300816, -0.5387618237649675, 0.2724965708225657, 0.3652826705954558, -0.11976677747994598]","[0.25959923084701975, 1.0543894635244282, 0.3004690587935805, 0.9012641837777986, 1.336884248816898, 1.030308285405169, 1.517049051107457, 1.7567554064364033, 1.6116434272885303, -0.5915022415427318, -0.059929148966858865, -0.3232862772179611, -0.12339013817106, -0.5275733171436572, 0.04500166420751555, 0.8551891422531586, 0.5722863996396116, -0.6825515656719444, 0.8664631781275506, -0.44745648363163537, -0.1657851340651146, 0.21930276581091135, -0.014498520573475658, 0.5071199658638338, 0.15740032828783232, 0.24584503719284015, -0.3102918577616757, -0.003853056644639209, -0.1533914689914568, 0.4700164859811335, -0.5103839023371526, 0.2809260187056194, 0.19110405288785814, 0.23829375371449785, 0.12974079567619412, -0.03604672921299737, 0.055866654332289524, -0.4431005033079701, -0.3738509230406677, 0.2514754748218944]"
"[2.0521497111454416, 1.8498549214888855, 0.09982408923113567, -0.08309040378557843, 0.1301642379782843, 2.058471943159191, -1.0641614085385265, 1.76875806835388, 0.8606353958818302, 0.6258136004342328, -0.8906357558381524, 0.8442551721007303, -0.05352461655415088, -0.8371048675841065, 0.2819707795563679, 0.9616259963136172, -0.3552541480116168, -1.7453724655510732, 0.5312355095551411, -0.57589805267294, 0.11909580095253994, -0.10687059805126298, 0.3729122711386735, 0.43969669326542854, 0.7804662023662977, 1.0972238563494723, -0.05997018010730209, 0.12345685843189849, 0.7856638414311962, 0.5951138554621548, -1.1075873733129338, 1.4252653169541087, -0.8561442682262288, -0.4226762939747515, 0.5906059192554384, 0.06408082929176478, 0.6183415990313303, 0.4254499478274164, -0.6416079019361393, -0.1740032445272842]","[0.9402559582523394, -1.1161478271698735, -0.5284670164395805, -0.7919907533410292, -0.4151380551151717, -0.05820540658223045, -0.6704004573298185, -0.24508998687306727, 1.7265357319444996, -0.22924527715414428, 0.5120267448786029, 0.4803090784922761, -0.7239382786517118, -0.910583405412241, -0.8871475071610782, -0.3038166860794344, -1.0929019688702586, 0.46423702469196, -0.23590752411996782, 0.6389049423457821, 1.2066205713576823, 0.8557937181871761, -0.4631265565575344, -0.63005146874385, -0.4197981630406346, 0.44164345192451854, -0.317208263331259, -0.34638752527370503, -0.04819462363366302, 0.32848446631420636, 0.7470085466762111, -0.21248059711946102, -0.47677831794658304, -0.2172905005889525, -0.7508184162398693, 0.07888064710089886, -0.296476485190067, 0.39303943729942414, -0.4100228535240137, 0.7090965997460806]"
"[-0.6927396438899245, 0.2787229116294549, 3.324540445347654, -0.4785170165691546, -1.8392131571320753, 1.980392591035055, -0.4622053769236094, 0.38866083067347906, 0.46697100116325313, -2.1125955757855626, 0.15184439095570854, -1.1625964231843557, 0.11487546491940645, -0.33999592546042734, 0.1235643316207281, -0.37577403876981663, 0.28179680353959163, 0.47670149649537186, -0.38178619729413094, -0.1596426356186612, 0.4104488459251043, 0.2801353510029401, -0.23771747496423812, -0.5995202223836947, -0.32199824024073825, -0.3169242569365033, -0.07375903999840999, -0.3078475338780481, -0.40682398731583735, 0.7229848423690546, 0.20440511033003658, 0.17517236474351136, -0.5766764180461493, -0.2527583347022949, 0.0893583800544786, 0.01769632456856639, -0.17760878141735362, 0.2598561606244008, -0.22077562026431757, -0.06735545338432702]","[-0.3335335425639081, 1.2074809193004437, -0.39120554943265007, 2.143459355554117, 0.7896233661388778, -0.8768633519820541, -0.36014593927756355, 0.6328582011308024, -0.17417135288880325, -0.8358830520489939, -0.7964338986987438, 0.2491066792414145, 0.009747320669378728, -0.02647556831533786, -0.5469884914759442, -0.3619731764591362, -0.6897933249872412, -0.7167284615832277, 0.09442634570001278, 0.21978062640887083, -0.20424030317652506, 0.16326405225983562, 0.5788246633959564, 0.3083063668266987, 0.7406537272654575, 0.24061516316648535, -0.3369155507331169, -0.01685893807582563, 0.2691416738765192, -0.41554564697990437, -0.461305667934678, 0.29061704793249454, -0.4889800371330671, -0.5952238987803451, 0.1657700228736234, 0.0306911268387658, 0.13486451408910502, 0.7311471581616891, 0.12392323494913123, 0.21606999922895573]"
"[0.7068708980918567, -2.3373681393855605, -0.7031782449186276, -1.595410956182702, -0.4610460221414922, 0.5415746719564674, 0.22796554228281743, 1.5502655523614681, 0.044930026270876534, 1.9021633717658795, 0.8755502457927341, -0.38070900354082343, 0.1490399855517287, -0.10532207747733724, 0.43343310822019526, -0.4767486563946985, -1.1305100247302704, 0.26905658114623543, -0.5701449577719251, -0.21079470566125075, 0.5139837318692216, 0.2745383715147145, 0.9780508288024995, 0.08659853650607575, 1.319605982598638, 0.8276774233935924, 0.46998183868263305, 1.0193017022034545, 0.3802069468168311, -0.37753467580267636, -1.2297751004787754, 0.3021398030866843, -0.13301470125767936, -0.3146605269021503, -0.6520100495850406, 0.5728554866358662, -0.23248929348503955, -1.191566553612065, 0.36287102570578034, -0.5030963507247969]","[-0.8336872907654413, -1.2960228484030318, 0.04648749825593829, -0.2111007543911781, 0.18727061663810604, 0.07931095525621758, 0.9272405924179051, -0.3244009422039481, 0.9041530981278805, 1.237945696360496, -0.7539494193066051, 1.4921560649745615, -0.8442976617716987, -0.38269795203081786, 0.14763774282610917, 0.679569640270473, 0.4119081811204402, -0.9710519665053774, 0.4157655665069142, -0.22844691645935983, 1.3293637955154884, 0.3315782561362294, -0.08995186781271279, -1.2010458052389392, -0.1363185089849285, 0.8526197036502838, 0.34543382942626577, 0.09680067193468725, 0.5121543903632473, -0.4544395166302022, 0.06193787378171228, 0.07550498363868903, -0.09969110795093329, 0.45618606240086074, -0.38374134033253343, 0.2564555316070917, 0.3878307684596038, 0.04752402434461181, -0.6207704485914379, 0.2510440798159787]"
"[1.8370835950838622, -0.7297225397415669, 1.2259926740556986, 2.042721589101052, -2.0632698251489865, -1.640276667798741, 1.0065504703952708, -2.1117635991254113, 0.9954013708713221, -0.7252744080346023, -0.4213134623834757, -0.08300457153845026, 1.0542219578769256, 0.9794679974065298, 0.7975122384816561, -1.1961385392068151, 0.32895947320545155, -1.0570602838476333, -0.43024843125700707, 0.24212339704348984, 0.8256587868833409, 0.08339409446564161, -0.2162612448988612, 0.013533643582352792, -0.7369337411519771, -0.5087690208709714, 0.34838429535550336, -0.04768933122922057, 1.4197642175202425, -1.1751015290746634, 0.09314653940200904, 0.29822093919320375, 0.6098323018582235, 0.903097334365755, -0.4438154026930325, -0.8304849165510128, 0.41556867445108125, 0.48572272209781414, -0.8157644410229609, -0.8391477414455427]","[-0.9622018050956449, -0.22894027894940192, 0.2410145943761961, 1.0955261677370687, 0.5283091780671856, -0.016622346841073436, -0.5783511131639483, 0.5585436994243382, -0.8892803506239563, 1.1119234968386156, 1.0871794506120283, -1.2375524391984396, -0.25695240896855126, 0.22931379709203598, 0.4633660227989985, -0.3851844296303394, -0.09635575755952426, -0.038602744996943605, 0.5932545639353505, 0.1954200983990762, -0.8406833655786358, 1.0282876724073449, -0.8995803097572008, 1.7162169903412907, -1.0128430177612002, -0.27061300785685544, 0.46137309256646974, -0.5417750741694237, -0.37622906788025917, -0.27540270684796986, -0.4557878176954955, -0.6522696105298822, 0.22959230238005746, -0.1476851604614443, -0.2690214068822788, 0.008497772727468818, 0.519682432486735, 0.32601108157954084, -0.5290731012194192, 0.0036367997614525113]"
"[0.5943295218973633, -0.2309406795525856, 1.310403721702662, -1.8156176382160627, 0.855503013001936, 0.08507400822423473, 0.8813196554234308, 2.051346749812147, 0.8045476283155019, -0.019107689790442688, 0.6989351432989416, 1.3769283334151243, 0.7210597370253838, 0.9691900577272644, 0.7879070037472656, 0.5434147404174533, 0.7093261436990241, -0.20518791365204744, -0.42867327527490745, -0.09762126673439618, -0.2574986877566648, 0.48890385896529953, 0.7300049592118723, -0.6882378615448685, 0.5404711445298149, -0.8954799302887897, -0.037266918129378906, -0.7785677560598275, 0.07371799869147054, 1.048913480266325, 0.1730103197559721, 0.7799674069110571, -0.34377377382211366, 0.674405010131206, -1.458955557391223, -0.15943008604915374, 0.4065094470686394, 0.03691141166669786, 0.9295795957196007, 1.166480733125947]","[0.41537310432328745, 0.5216046145652792, 0.39169650955169927, -0.7857802064869418, 0.18456878119582454, -1.1826164353530582, -1.422984961526908, -0.7370809112706406, 0.41518857293702477, -0.2945163662129565, 0.06728535828866088, -0.09135616104344017, 0.33481721790650204, 0.424541753225631, 0.1556938684925782, 2.4680045355131517, -0.5647703032168452, 0.7202662482876397, 0.7241457932297819, -0.8400107897464675, -0.6673162351444972, -0.4724483547686944, -0.15653822149866475, -0.1647850947222566, -0.5913263908430602, 0.5219407276708626, -0.5167319840455076, 0.5675879112545184, 0.2802426634230834, 0.21704001945183826, 0.7457761618711084, 0.950285960405117, -0.846179164464889, -0.22697438451854, 0.04018480656146304, 0.7373589374454276, -0.13369148748888823, -0.3206396454050292, -0.07890223160929682, -0.06149861852255158]"
"[-1.139581261274305, 0.9749930661411159, -0.5539158792743692, 0.7301155170017427, 0.4793048049350307, 0.9137756255383775, -1.0886668362904253, -0.7106499835219636, 1.760766845260186, -2.3643982084984208, 1.6889000178136164, 0.13902339064716637, 0.16845433827075307, 2.7850230876978266, -1.2905259844826167, 0.8389610163610093, -0.4316264223961148, 0.14485150402554406, -0.06789602141069294, 0.4289406644432837, -1.0911113249918387, -0.6190219974693867, -0.5623140203134235, -0.42277106153656885, -0.06957076323150149, 0.5769514410742699, -0.1615044532857788, -0.17889621125199862, 0.7080729842665752, 0.005846202542952508, -0.3082846871878552, -0.5012319864810637, 0.9491112742421105, 0.5086800347861392, -0.34203626150332944, 0.641449542460681, 0.3983149213889022, 0.7654289825016241, -0.43809648131871115, 0.5346350689308808]","[-0.262774092217345, 0.4101602749394802, -0.9937202530739401, 0.3090858932101124, 0.6792193689916812, -0.3743782803447307, 0.5795338134375454, 0.2843856457019544, 0.5595207910438934, 0.900214272469745, 0.5381962298242153, 1.0931185451329777, -0.08196479455573213, 0.30409945436529207, 0.3541015892249416, -0.36377560517029317, -1.1629125129616587, 0.8948091855330627, 0.5249666652735127, -0.25214300669617024, 1.1410365630513157, -0.3182940081273269, -0.1575248583570045, -1.2699545627852222, -0.7346246632348836, -0.14839845664162246, 0.11224229013107483, 0.34183472730033787, 0.7013992898796536, 0.00849630100356514, 0.24586754876506506, 0.12135237703227154, -0.29514887299760345, 0.1362725768003474, -1.1490161544507627, -1.1581403048396748, -0.2894058061226031, 0.21745134429392188, 0.4669335195116546, -0.18090659711767987]"
"[-0.6176749264595209, -0.695277142409797, 0.08112858297905085, -0.6549741213177185, 2.277606453492268, 1.0522810395960538, 2.7848067620576646, 0.04533723009223345, -0.2874118273255996, 1.6002763369834945, 0.6065941270146391, -2.205185463229593, -0.9888565690801527, 0.15160676744020946, 0.4307596215775806, -0.3913136458627912, 1.0855582960291266, 0.7145004112132948, 0.5129432311136353, -0.9161915672592064, 0.4006379203042106, -0.46394413987243116, 1.4287257439830472, 0.38494567007646335, 0.1494288769774637, -0.02361205712241757, -0.7943887391577091, 0.21563997202418317, -0.2803320290360006, 0.5615124334745872, -0.43933245639012525, 0.5417987710716551, 0.8154934348151636, 0.608837870452698, 1.2699839081247306, -0.5175006231651297, 0.3562904200480158, 0.3969764426343391, -0.598008506055839, -0.41407425635089834]","[-0.17765659735477113, 0.9556793020774121, 0.09024852425195115, -1.0898802204768019, -0.07479933610764838, 0.04179763746996344, 0.6251650666457511, -1.8050727491101854, -0.3704026148401858, -0.5821225134275324, -0.9081653177973739, 0.27894589997004565, -0.546641820879175, -0.7222577233238535, -0.04757513914238855, 0.12650080484826667, 0.35256856716261004, 0.009839874061251795, 0.8012147386662931, 0.06801147866303121, 0.06230493986937409, 0.6164669005632059, -0.2702752266199893, 0.7391073466103106, -0.24072642043295242, 0.10222515125029147, 0.18224613144301444, 0.5205261522574093, 0.46133426183248466, 0.4919535292497846, 0.5378525334567146, -0.6047578592162, 0.19398841048247592, 0.5526116477184396, -0.13207129642513796, -1.3609588826905492, 0.3354709996320361, 0.5917926056940856, 0.0704471791891908, -0.09911178258458753]"
"[1.4924028121625164, -0.19990043510071667, -1.434734931961524, 0.19339283664662427, -1.567438545450648, 1.4628419570558753, -0.4361642660609801, -0.025654483836890993, 0.4935253457744765, 1.0949214649722485, -1.5600491051119048, 0.26154259055112433, -0.2051254981001253, -0.27868065029336897, -0.44168182677084006, 1.6580839785823493, -0.5664784868738179, -1.6571220441616117, 0.8825806741803437, -0.5338119725747962, -0.11247579273614128, -0.10587082518382787, 0.7935624393111043, 0.4729224287282832, 0.9152264976121833, 0.3300242813922331, 0.6783616010714021, -0.6794565215003617, 0.45207684209221005, 0.05772962534695801, -1.190223830312694, 0.7176785006589852, -0.28630043582814885, -0.3501388371496754, 0.0919833820748167, 0.07772260239587937, -0.5637115819733194, 0.5825083492586209, -0.08665228537715303, -0.4985744256750636]","[0.32023764589697296, -1.4972823789865473, -0.18595465933251568, -1.0649886789412628, -0.9853170024733181, -0.36536295227259685, -1.1814452757389633, 0.5482831406913514, 0.0072627033431334545, 0.11497171300606784, 0.22882917809782247, -0.7988473546662826, -0.9480191369564613, 0.4632931131155461, -1.0336325364481207, 0.3486403692713527, -1.2306848495229323, 0.38519283667211573, 0.18907229637848363, 0.5516462015183325, -0.22218209015380638, 0.3717369419535705, -0.03780333023099083, 0.32047145734415283, 0.4877451614310898, 0.7823025055209796, -0.919250806937138, -0.016273434470529997, 0.39444382299073816, 1.0910352436777437, 0.23428706035087019, -1.3851757050228983, -0.9418543581938301, -0.64756504494256, -0.41447670577583917, 0.4182226420235208, 0.10229637806532053, -0.6076411388406397, 0.6032495023921662, 0.2654166951790403]"
"[1.5303757498382229, -2.5394707965940744, -0.44861399072735814, 2.6797236052617013, -1.5034426470151727, -0.7207825267483499, 1.203191674290436, -1.1780652851750788, -1.2008637225467813, -0.6813391445444708, 1.2556368390679336, 1.146430125253585, -0.38605410615491426, -0.04403614691077083, 0.575964823010835, 0.7277595325851136, -0.7531071083395046, 0.5125952750908636, 0.6254489353422404, -1.040437622225379, 0.0823928400419942, 0.26919498295263555, 0.7632652712501957, 0.2634288095339039, -0.7669887721805185, -0.0045194765281969486, -1.049101918487739, -0.05056472967877262, 0.1027277984520363, -0.15120494614997332, -0.05768645368856027, -0.7336786880339418, 0.16585424698698403, 0.6127602624043897, -0.1275890233780505, -0.2065470628732272, -0.8914209755079238, -0.35846294348362157, 0.09528186377314521, 0.13423971561992962]","[-0.009908757656129847, -1.8643718284775515, 0.1263764000456048, 0.13406853421351414, -0.14810916061690746, 1.0786168799935678, 0.14448676840378183, -0.3536772562567956, -0.5861252346207221, -1.0038002049337988, 0.37540479238635777, 0.2582709166265903, 0.2641898733238203, -0.8063645633784602, -0.004497792919217702, -0.8230103147904287, 0.6450758132667795, 1.6290234473241372, 0.22461856961076052, -0.17664367748204432, 0.4530801280056845, -0.8351492811682995, 0.7734586648488784, -0.09818994455531686, -0.9779686966450398, 0.29691065438808567, 0.1607328727572647, -0.9570776247138467, -0.7266101561235476, -0.24970337167056042, -0.23355715244504405, 0.3005383772779307, -0.1623111446192108, -0.2966686603981227, -0.03724044409138488, -0.14919772166580497, 0.13858250767189906, -0.6615413289796738, -0.3047814931219452, -0.018599319492853383]"
"[2.585050499619863, 2.4740035410653927, 0.3740603176760685, 1.3452234138168284, 0.9767693153084437, -0.008055691300291525, -0.20365068702160907, -0.6643518274819084, -0.32849293794542644, 0.39590133466803773, -0.1086996984163131, 2.149175675444275, 0.4564798027821585, 1.2982723262088292, 0.18804267819125872, -1.5703689442264457, -0.6000589120293377, 1.0753108332860888, -0.4306481745133558, 0.7503280811448922, 0.3422713708162637, 0.909449274939839, 0.6062110712524723, 0.39231171797663883, -0.6858296762913836, -0.8802110182889391, -0.4355257613961184, 0.607639237045809, -0.877412187723989, 0.03536269933462855, 0.12931433097329859, 0.7661370233204191, -0.6498230503767826, -0.3362005748974353, 0.34645203440993483, 0.5456850131558314, 0.8143932634031047, -0.41913534141734465, -1.0496494415351771, -0.14587521664764014]","[0.9257443846984619, -1.6523427816499208, -0.8859141908919458, -0.19112563588803724, -0.034941950686583984, 0.23630916103123775, 0.34476453568695414, -0.072455102238068, 1.08503618213669, -0.3418586692179669, 0.5699081553036754, 1.4478339224109273, 0.8734074050460257, -0.6444663921581971, 1.1155833694527881, -0.5187636905044841, 0.9524738808586124, 0.4821233585714872, 1.4097872604715629, -0.8842233427552066, -0.7936923981955426, 0.03677757319375219, -0.5515677879080247, 0.7397230782038459, -0.3856494204612142, 0.08518037921922893, -0.1060459255255339, -0.6210321582130012, 0.3561351908915261, 0.6563372729935779, -0.496058256928348, 0.5909197366309141, 0.29178594404115105, -0.7205898359246048, 0.17533946890536015, 0.04570827671565715, -0.25352187945969457, -0.0431799387428801, -0.32378821238263594, 0.18529428131514875]"
"[-0.38846515455667036, -1.3124889698301518, -0.4486668001715433, 0.24714959194977001, 2.165557451188339, 1.1447661345193192, 0.6748816193233508, -1.0906077960675753, -0.7889826003235958, -0.27984015985521005, -0.29562082750930013, -1.5763960085537176, 0.40181058928172464, 0.9809555475745976, 0.11370927036585605, -0.9223428353756855, -0.4719598858293308, 0.35336903753962684, -0.8432087378063197, -0.2775441779568262, 0.0791487099116713, 0.7510330183227802, 0.43100843002138634, -0.09739199913905124, -0.04554047851021447, 1.5611781739621056, -0.14781358410363554, -1.0093995919715257, 0.06729988907997009, 0.29605773116278605, -0.14305161972058011, 0.992931304381146, 0.5994134597835967, 0.584978614640072, 0.2503802119429233, -0.696726870865394, -0.8124829762663415, -0.08519929411756771, 0.14255076979152406, 0.6312422070635252]","[1.7453364123362511, -1.3860411911537869, -0.4833287048696182, -0.7465932910368565, 1.1823526030838067, -1.417770303704699, 0.6299678618361813, -1.4981875720179032, -0.6043238205692726, 0.9055782225499048, 0.4195931340515723, 0.2458942891396704, -1.3342163679617252, 0.8446032268933783, -0.3050090549071786, 0.4733525168098367, -0.39110319539009625, -0.5540976654228682, 0.006144458699641684, -1.4438205175934016, 0.4384587769821717, 0.01678148382209808, -0.46971359677795244, -0.14391402398283548, 0.48778056163151035, 1.111955447510215, -0.671784821416685, 0.24782669276493552, 0.05269239141239948, 0.24108536585045476, -0.47487289855647585, 0.09341439048111767, 0.09426992916438076, -0.7043210051002681, 0.012382573093339152, -0.8906157257641455, -0.24061401263864363, 0.14094070766827416, 0.6495496891469197, 0.5797090379135109]"
"[-1.1430087541999792, -0.7162551051503601, -1.7903827235565777, -2.0911283349734284, -0.3662857005591878, -0.7702618878046886, 0.5895842144693386, -1.9624840457119743, -1.0233768046335334, 0.9915718393769041, -1.087078946415549, -0.4943769256446856, -0.502368758935933, 1.5781050665450869, 0.5016658583711767, -0.1887648419980216, 0.5325761513870556, -0.6976826029831098, -0.3875359523000682, 0.921462247276996, -0.30492437846230835, 0.8585695874580985, -1.079934566273747, -1.4137282615947797, 1.2302798556823966, -0.4376405111386784, 0.21305407506518298, -0.47550936051754866, -0.09218779817611847, 0.31176836750171877, -0.19431695399459864, 0.06440575367915145, -1.0861114628245292, -0.22186568835480275, -0.05805050465817692, 1.208380560024802, 0.13030402534588426, -1.1151960570367783, -0.7041165565033752, 0.6249937953995053]","[1.6321180840486, 0.554826193239884, -0.09097912456258846, -1.1546196120995762, 2.0349026818001485, 0.055366257439263836, -0.8701348926550984, -0.045102538389572615, 0.2959483106823967, 0.030161794621874374, -0.9656074173113041, 0.2967228230203708, 0.543831687040507, -0.7026712051136359, -0.4499860528794179, -0.3375767106813701, -0.19520035764470425, 0.9305116143885522, -0.8983293614622688, 0.36459357986268803, -0.8133806967252256, 0.3943087603850841, -0.697200193566326, -0.55049078765802, -0.10495772970735401, -0.6298537366308182, -0.14075066472218037, -0.29643499426567393, 0.372628828337369, 0.40721086330208617, 0.10025963231843944, 0.033696111945167924, 0.14375762014788557, -0.39824144102930664, -0.3417374643253628, 0.4737288713053085, -0.3352629286766931, -0.6641754355120933, -0.9075835551403734, 0.00951359037451897]"
"[1.7860121544291168, -1.0693878356268103, 1.7876465135238226, -0.4091460617474794, 1.3789128831477862, 0.9856096533997059, 0.7096588216388174, -0.7417237086677685, 0.02994493866125692, 1.0335539547258288, 0.07215327686099991, 1.1931885978084806, 0.06115060693437595, -0.08809350564210719, -1.739898467796771, -0.08462720448058103, -0.8427561799172046, -1.3715354217769469, 0.3518319313103516, -0.628379349332514, 0.5404384327224137, 0.6042722198546843, 0.5535642958272406, -0.06496064893321768, -1.240775334985269, -0.0402829593954426, -0.09221216773590872, 0.36540527023167807, -0.2640184165047525, -0.038005330265370854, 0.44517264578663146, -0.7857066758606092, 0.17475027619683947, -1.1424401948086682, -0.3321705731478956, 0.30154629603418964, 0.10781860488163722, 0.6720201856182443, 0.1208121461665717, -0.20568007924104983]","[-1.263414519641664, -0.5779616971842275, 1.4113061499227868, 0.13968450035770116, 0.456812313013417, -0.8845315915217897, 0.4138777311024016, -0.7211493208150764, 0.0059007048258743105, -1.152445703323868, 0.3567685424370531, -0.17371510643140955, 1.1156953615070584, 0.670716685305309, 0.9847549184386121, -0.22050001821240725, -0.25138913380972444, -1.2701618946067394, -0.09218053093506821, 0.297549267600448, 0.013417201776090126, 0.03852473156360825, -0.11439683602572227, 0.4230829587244829, -0.4273076039910799, -0.13886346215322115, 0.051187870296083834, 0.19522847968537171, 0.033422199772374976, -0.37908980937277675, -0.36706382043067, 0.11611819989948048, -0.318355393279551, 0.1978821698965068, -0.6093841417211079, -0.16732407039367558, 0.06430364094651003, -0.6323070821179502, 0.9703840188917996, 0.29394915979217284]"
"[0.8606863446377939, -1.18307666900612, -0.32085342691232244, -1.23600829053177, 0.2750934749812685, 0.5220337287847099, -1.438714077039796, 0.8469059260889598, 0.47723929115473784, -0.5837012451471535, -0.0018827998302085142, 1.0599403898796107, -0.4668680804748272, -1.3141778475373302, -0.6702505726062046, -0.3062582177834455, 0.521373948764877, 0.5199167391035261, -0.009962496273807755, -0.1460265204370634, -0.3513603259453933, -0.39624971937244163, -0.5648770724605408, -1.0904994979024283, 0.6623995255267519, -0.9528221744660876, -0.069427820139634, 0.9885210445308998, 0.44371048534315954, -0.29438981744080944, -1.1331818920235346, -0.06142554281079272, 0.06440488969725121, 1.403872776603564, -0.3825846158214063, 0.17890506365671696, 0.053411527119001226, 0.03531013864128245, -0.21929247563741833, 0.17749426986635866]","[0.20750078707900801, -0.9103050581114608, -0.2330610179067946, -1.0889117678992741, -0.02769000306093322, -1.0050244033404185, -0.7043341753018983, 0.46606140788764266, 2.043219369318451, -0.13728956979839846, -0.26227490058224423, -0.26037281688882646, -0.5360751285494519, 0.7402101214281328, 0.47085038575649, -0.12193950591222584, -0.6585844374637416, 0.3112160747134405, -0.1164090487518006, -0.12618500510878142, 0.5287547825323388, 0.050095831506553265, -0.4846185056528232, -0.28650583673483904, -0.02740990004340127, -0.2915827550375497, 0.2731968359908352, -0.18969279263249084, 0.12219113191903924, 0.5891064631057288, 0.06679342387868258, -0.49089544124800016, -1.047126683241661, 1.4880801091388387, -0.4891218657701336, 0.31985656996516293, 0.08435229593443046, 0.17855090327766812, -0.7078507605388273, -0.20361868697073035]"
"[-1.189016602616529, -0.26365115347388357, 0.6979318956804365, 1.3723128782607183, -0.8590246895545208, -2.0932608791558374, 0.7161389464686878, 1.8348533867634917, -0.30363393831844987, -0.49176277743963587, 1.1595065966865719, 0.9048608312885037, 0.42562655432988633, -0.6768672092193619, 2.0975794738215905, -0.7167864798625432, -1.072446214026832, -0.9293010700746678, 0.39125356276935164, -0.8458339004560232, -0.5474571740312285, -0.04206953110673284, 1.1818385454142675, -0.008877643014552562, -0.9439327340870911, 0.051731031128584126, -0.72935878496299, 0.0882654820468495, -0.6731904882110545, 0.302248506456301, -0.42476092788410846, -0.48874298636938945, -0.007783001108473412, 1.0122844910428639, -0.24501224531803753, 0.8107496235956105, -0.6479052260867579, -0.5375216241318095, -0.3852163333310742, -0.07660321844883933]","[-1.7173572202472744, 1.0643796936410699, -0.10105772023296189, 0.3058202561673336, -0.477596218693219, 0.1235992941435982, 0.6134668727352023, 0.5750223748490532, 0.0347544842901811, -0.38469329057171414, 0.08045535817096634, 0.8205194165209433, 0.22578192427145824, -2.0663441193262986, 0.11068554254244391, 1.0883287308895742, 0.27926721230223045, 0.003399264794172611, -0.44870019691311547, 0.032540161867005674, -0.25694558343700985, -0.6936096119854828, 0.03394278230354929, -0.4300161240705416, -0.33044788778927037, 0.1674240130301188, 0.19542778415600415, -0.5146761059670453, -1.0769217079728515, 0.20077708071715625, 0.725860360989766, 0.046145223204488134, -0.4130459202399299, 0.21414411244968432, 0.036265778020059876, 0.16812044956359962, 0.22679201729090634, -0.1445366596509825, 0.019774999705196042, -0.12778266530781296]"
"[-0.4799016149156588, 0.8426105660970684, 0.5083965083380878, 1.2307150793431423, 1.2644666937542726, 0.18065520861930454, -1.3334398804572123, 0.057336568712109806, 1.0217098236791096, -1.4731783900121562, 1.479632869691791, 0.8802767392815358, 1.1366584987743233, 1.9599562423469814, -0.53805321649011, 0.2782960068854369, 0.39413816509668154, -0.36939514496863296, -0.6409823504725289, 0.08294205119626677, -1.010162895995993, -0.8890729580775534, -0.3635210822642593, 1.1775859731557632, 0.381742235816378, 0.3122630403928295, -0.5955988083802867, 0.6447690484506857, 0.4265026826275491, -0.10577359387705364, -0.5779308963545235, -0.29561569647952796, 0.41243824994613487, 0.06542246004182865, -0.04141764242270487, 0.31630266522873496, 0.6897289917752796, 0.5918110195726534, 0.25799798279352615, 0.44606972446546733]","[-1.5015205669047107, 0.5787589704845488, 0.5913049464382023, -0.39148077881172044, -0.2818745007256029, -1.0529055048267462, 0.24282604637487656, -0.40608464998768523, 1.2430998295703353, 0.3870146306905021, 1.1432232277197514, -0.2880240752523557, 0.786053163265684, 0.46095646035093796, 0.4524461225893342, 1.020043517950185, 0.24678599530479453, -0.006376377506084534, 0.33592190505954544, -0.05802385850381496, 0.3086790619188039, 0.17113579689803882, -0.2529510013190912, -0.6257265405758345, 0.18205320855402174, -0.11807047510831595, -0.6738750143093177, 0.5708781089024016, 0.07121208048040288, 0.11104184295327768, -0.4796463776050383, 0.10666918578564485, -0.402565986381892, 0.2686356448441367, -0.3707212352286733, -0.6575675669560327, -0.5101976630702062, 0.10207006005498415, -0.2536537179910011, 0.9031244186463975]"
"[-2.909380252096198, 0.3525626406213957, -0.9646301591304144, 0.7057559213766283, 1.5247971244355347, -0.12793708895543318, -1.3245562871078929, 0.28761613463904195, -1.5942091783101606, 0.8143287820325672, -0.5417637004910075, 0.3313674830726282, 1.1176261155769813, 0.5782292981079098, 1.5721133963444471, 0.09425220983952148, -1.4352137086180927, 1.3113361990674808, 0.7985514589430017, -0.12315662350005455, 0.41753267304747077, 0.3426905067656984, -0.6269933416276591, 1.4022452713635485, 0.06054488121723136, -0.40190615799080537, 0.27402589692125456, -0.6185352153115867, 0.3901536458966972, 0.9482090869515132, -0.28147687101653796, 0.6147952093325257, 0.09336169090015133, 0.3683047398448012, -0.28346830609208873, 0.10236383471034441, 0.09841147670725547, 0.752858358526927, 0.11260450828638964, -0.26619692107602744]","[0.6288890832996804, 1.0395619843676056, -0.16255443042921208, -0.06386742806561496, -0.9079083756495304, 0.7412118126313072, 0.6926298142595444, -0.12626839155084543, -0.9732459912315159, 0.6022289932383836, -0.24706408881116723, 0.17777889448764175, -0.9811410924848942, -0.5071046048016029, -0.4053460156538061, 1.1255343426448914, -0.735382360966934, -0.4314805666050095, 0.9879707615081937, -0.04511160753784621, 0.262634061594546, 0.5895743799379484, 0.1618165959461503, 0.08365102297833885, -1.0498783110785, -1.0119709063691806, 0.7532394047658337, -0.19421978572835422, -0.6499878566554996, -0.7384276149322363, 0.8240950802141332, 0.6584231382785781, -0.9182858826838844, -0.056106076014695354, -0.06695979896149734, -0.38999531890571465, 0.25216006166585175, -0.18538950596642073, 0.3039004650113631, 0.040715815309056]"
"[0.4175174600781828, -2.7306775608183282, 0.6532278774029726, -1.5697764967944652, 0.13720252136230246, -0.5563962564369013, -0.9821282287308467, 0.07830451833737184, -1.3023435761538786, 0.46330383183088203, 0.7119897872229419, 0.6782279509136997, 0.1597849108196671, 0.9774358317305304, -0.8656787221601272, 1.1438551119997014, -0.9815681141496648, -0.5168750356563014, -0.28848356655928625, -0.4992091940388855, 0.035411416685182856, 0.5347538686613968, 0.0899786225163801, -0.448066636744505, -0.49870489760097264, -0.5352351808722263, 0.25736753998612566, -1.6142738784377295, 0.1997649366246331, 0.346154878683987, 0.5466910384194803, -0.1842073714205216, -0.050211935834635436, -0.09297804065945052, 0.06474745202216522, 0.010497415671331594, 0.3806900857757923, 0.0695806289423669, -0.22299684652604895, 0.6725012447425113]","[0.06390270566731589, -0.4855676254294468, 1.4590964301956206, -0.43398043938837083, 0.09890481295641776, -1.6427107554067204, -0.6914764495487409, 0.32445108572894654, -0.44394999847073563, -0.1661324712546717, -0.9080154214669346, 0.1517435269802487, 1.042389433845979, 0.9826712822980866, 0.23604493111561758, 0.3366717593362111, -0.9722633180581568, -0.9022866092459298, -0.6900679801312675, -1.0542961422754265, 0.7659415127511157, 0.05157691270261666, 0.49495959832556763, -0.8517543790622503, -0.012852962334682189, 0.6878320681146297, 0.21993086383191582, -0.783555605225747, 0.059217972371032754, -0.17879541511325864, 0.39156035477349577, 0.39094018080214854, 0.06699866109614845, 0.7923612826473252, -0.08179748305921757, 0.27547097988696373, 0.15133561354691225, 0.1844408341729256, -0.0024951464357409942, 0.15625248304151]"
"[-1.8782551296423098, -0.1610953030565299, 1.5177325464090028, 0.7273805452832534, 2.4753964247253775, 0.38664539276302723, 1.5724766625014983, 1.0670820834907386, 0.7451149523142249, 0.627196452371574, -0.8114410075494972, 0.6052817263720197, -0.7349251165774889, -0.5641492245750968, 1.4453507617807038, -0.1446963017536567, -1.165987116232373, 0.5432268991563095, 0.427651945826511, 1.3455330198796316, 0.017328225498684305, -0.80949731842534, -0.573146044252146, -0.6107739146614621, -0.02240384765226994, -1.2031871944645385, -0.45250910216967544, -0.5597140374280267, -0.29266402308824135, 0.287870173871426, 0.2991643557032531, 0.3816327999788495, -0.17569610615392653, -0.2158544972608445, 0.14239660181417094, -0.029736957251451673, 0.2459978478596568, 0.22635089332380817, 0.5912991174982974, 0.2153960528886592]","[2.4647803098898344, 1.3895581246665274, 0.08240615964918159, -0.22199709548962845, 0.251977121505356, -0.03750165083972533, 0.890945092036996, -0.5504860054435187, 0.8299679742440993, -0.2461867272299315, -0.7848896009621696, -0.06748531015320326, -0.360899556865558, 0.47627870067004896, 0.33972225489704033, -0.9159236220084817, 0.7664529029732559, 1.3241133785869241, -0.8950176315833499, -0.09720007298431815, -0.6729743248855409, 0.17093935600301013, -1.3765107748091028, 0.14475224569579342, 0.6341347255240274, -0.651019973876587, 0.19103830315918896, 0.6004399582714971, 0.4003221682103097, 0.5977318249380159, -0.7712029869264431, -0.36390463587106653, -0.8896639860998349, 0.18792277035038837, 0.5238481265156933, 0.3888478286022064, 0.38331826470271324, -0.220372263191775, 0.793822041374445, 0.0644666074928853]"
"[-2.155556489363558, 0.021708752811941495, 1.5645583556497953, -0.37980930773635807, 1.9111392623158705, -0.04430777899154205, -1.272719591622988, -1.59631245027755, 1.138930282548697, -1.0128341862877153, -0.8384209265027797, 1.0421986484678327, 0.25740077176928183, -1.456987869524218, -0.5142598840302691, 0.7066312542027313, 0.3776565737224894, 0.2671247812592205, -0.381712898897037, -0.2831009384136931, 0.0003761829513004144, -0.2856927445938933, 0.0670352479925041, -0.49852301030898144, -0.08942814027239708, 0.1801660664075005, -1.0901238496667287, 0.534954716566266, -0.7560880516827584, 0.4601113783917988, -0.17644122465424558, -0.04568315574474212, 0.16387474471096128, -0.33392910592098063, -0.17522401853699862, 0.10707851147451597, 0.20662272080187247, -0.43538836573228057, -0.05175164177827103, 0.9111892548513937]","[-0.23290856547923922, 1.9827988657921902, 0.7122520780677057, 0.2914873545310611, 0.060300762878859784, 0.6914029419324337, 0.037925816007474855, -1.8446926897154998, 0.011350786065174404, -0.2787199678575734, 0.9393200952828032, -0.44914680585409583, 0.9505162245045341, -0.3416237399246763, 0.4378093783992768, 0.290744397344962, -1.0185339320647533, -0.37838115190823257, -0.031043521343934323, 0.9708122792555322, -0.701681741057587, -0.3253823277232177, -0.1614072438450533, -0.46597958905436687, -0.1394053980599381, 0.48502256466901655, -0.20233928667570786, -0.34139219633867596, -0.07391620303955584, 0.16298550625833666, 0.44826177809183326, 0.15076973464658122, 0.4767177267252694, -0.2585347030256491, -0.180726616094129, -0.11442610585150338, -0.06519708407406685, -0.04574182894712895, -0.2597634148804975, 0.38701466312330884]"
"[-0.39538584219008277, -0.6878008140873217, -0.2666390720187092, -1.811994197035696, 1.3685624598667305, 0.2571210103967727, 0.6929344918973837, -0.41286611210251845, -0.04203783362530487, -0.5083633269899647, -0.49995697602384837, 0.9052364440945114, -2.077541031111684, 0.30999481635923204, -1.0225753177125385, -0.1411759915939471, 0.23455383556498086, 0.3913651778354953, 0.9642729243919201, -0.38180890666959294, 0.7929128034968422, -0.17089774039555322, -0.2728108855538518, -0.8367397385143969, -0.20428383152639204, -0.32460744780238415, -0.2271118385960345, 1.0205451470684321, -0.6591672372347762, -0.9416836751713692, -0.08856299712588656, 0.016181953273787204, 0.03931531074045427, 0.13599273617638297, -0.11487280218698573, -0.37101628956381116, -0.008620459622507655, -0.5334497782072893, 0.8235998810170858, -0.3590337279044374]","[1.8696621645456453, -1.7372123063114664, 0.5698226950255388, -1.737401754950883, 1.0748571798274802, -0.8517602829639321, -0.5773820734538946, -0.36123803550736716, 0.39163539882178, -0.6967191344182755, 0.14943709818511225, -0.0006493312545746734, 0.29211710936321394, -0.051859066137366065, 0.22342747971752325, -0.0343130831653474, -0.08013936763077384, -0.5915578458629571, -0.07523421170217075, -0.3066686180053046, -0.0023850631991967435, 0.10123224925244399, 0.46998286907833253, 0.5894927176076696, 1.0446706646481039, -1.0750470742079972, -0.07939256177431936, -0.02440942315725886, -1.0198761043489586, -0.3478315217738307, -0.8690801941059195, 0.4318641419082064, 0.4181893263615046, 0.3384060432266117, -0.42407384584169416, -0.3145698401353753, -0.9012223194824052, 0.7890239352372422, -0.35704149238720473, 0.3535127018213612]"
"[4.61465421207676, -0.6713447662780299, 0.9917305041386754, 1.5933819931238955, -0.007603212325436403, -1.2286895266852758, 0.4894627272581385, -0.7454810531432928, -0.5084850179927842, 0.5467305254001203, 0.5088256428246372, 0.39288637239830754, -0.37111738051596566, -0.8644176186780556, 0.2790997219480706, -0.6659892483971479, -0.47473567704320585, 0.3910087600259077, -0.5552835245678974, 0.7377708874611973, -0.43570208012782535, 0.32783417056114944, -0.7444297011735417, 1.7031266224244495, 0.3622181642073565, 0.28712874927491294, 0.1314483156893687, 0.10444644901714979, -0.0196295258870079, 0.4104054958465068, -1.0855346163011834, 0.5435640688941162, 0.12480771774741196, -0.7895922613776765, -0.5157505821089247, 0.3776524810395771, 0.2265012379480385, -0.24356202263791352, 0.46117415786225746, 0.27325743153427384]","[-0.8791198066185737, -2.202332444766424, 0.5761228546278936, 0.6850593866385108, 1.1417284128674985, 1.7699850625034923, -0.08969477813196611, -0.4165172118642104, -0.9829497385831276, 0.22852036738379997, 0.2568233332348931, 0.6106171947506148, -0.2557973676514078, -0.2036089950628337, -0.11862020787226417, 0.04244630612657817, -0.4955845605376596, 0.490486378396443, -0.448957436220029, -0.22536469854803742, 0.4650257088222231, -0.014420316984044597, 0.2872994234028178, -0.2312875833930068, -0.04059298422369078, 0.22625313757854154, -0.5425136350271043, 0.31458057027140035, -0.6227065031665552, 0.8470378366192418, 0.004389738928317739, 0.26491059688720736, 0.005243105585623612, -0.021926479194529818, 0.5023369888905421, -0.14385607580611395, 0.21242131038689413, -0.47780814629965984, 0.5607030678913244, 0.465591633946677]"
"[-0.3612473339376699, -0.4573277126620349, -1.241403591872336, 0.43327952508372136, -1.4752338790453041, -2.361323524271922, -1.9255579506399685, 0.9981897289137603, 0.7910378951254545, -0.6656543314497859, 0.4914406929577898, 0.3844772065652539, -1.4081704042652388, 1.4163767534776277, -0.3562877683214385, -1.1995113412973986, 0.170395144462111, -0.03288806634211068, -0.028816162317085663, 0.5259716273220614, -0.15080393070178694, -0.7091607568163997, 0.245654495877766, -0.7190322957989556, 0.19952268813697951, -0.3231831966652013, -0.24199957916533393, -0.9778015708212012, 0.8410010167673206, 0.6792468083194566, 0.36851668758137424, 0.3047851727721062, -1.1413027029217797, -0.04140922496742712, 1.0155409349767588, 0.11196022716864225, -0.9051688246534679, -0.16740676342324118, -0.5979337049889696, -0.168761944078508]","[1.3935825400137243, -1.6915225619123093, 1.151134338976098, 0.019658089688149645, 0.639313851687333, -0.8997004715375984, -0.10794442647417546, 0.575960397853384, -0.15887163438533317, 0.27641279486132625, -0.29529043114367254, -0.3277326823567106, -0.3130194014525286, 0.04426348275258491, 0.34698446571872454, -0.31416406059095453, 0.7524553460841754, 0.4281363853896005, 0.6769128498384432, 0.34533060727544584, -1.232531128070598, -0.6656885307921753, -1.1408653982177626, 0.29919652340623776, -0.46266728830790943, 0.11667102474298643, -0.21181967919838277, -0.06617591059582416, 0.4167772777195415, -0.3691772670692123, 0.15266096723613604, 0.39947645398494364, -0.3671517506954992, -0.7042424334023983, -0.13367950130489106, 0.5611890910468306, 0.30338947799782584, -0.6460277854050744, -0.24359380133980646, -0.048672221295498634]"
"[0.24235165134684447, -1.4954498188522158, -0.10224912579251083, -0.20831668704984008, 0.5134620340863761, 1.7239199884017506, 0.40924991867108695, -0.5359570597594713, -2.1390136910603075, -1.4111528093271943, 0.19781987550433305, 0.7650596627442724, 0.041394290034287365, -0.7553542481653749, -0.07014894018205513, 0.21415593162597615, 0.4958754466015691, 0.2909483084538746, -0.17760991174414442, -0.2167534626651418, 0.22590061411151613, -0.046838914104204675, 0.27392001375795194, -0.09039818018936258, -0.31966223537225724, 0.6461323060160739, 0.6929497334414993, -0.30453201399775826, 1.6045384691455336, 0.29706337096436286, 0.8681967043458252, -0.25481822594226383, -0.6137518673591954, 0.5380073309341812, -0.06471726470835722, 0.28647442194870126, 0.19600303882047937, -0.3978304222874936, 0.66719815518616, -0.37857848190616517]","[-0.2800615651266138, -0.7964001433241334, 0.5177213665606059, -0.24648374902195397, 0.2365694892094598, -2.1082663155084242, 1.1099280815583081, -1.0419849291583139, -0.5767640276293364, 0.00013588315621498748, 0.205519539745006, -0.3126640720014834, 0.14736419114817526, 0.026490875120764652, -0.8294002447830875, -0.2055474055456179, 1.0821869122001326, -0.27482427244068114, -0.6937378242076587, 0.09202109517519291, -0.08043899972869771, -0.6612378993676937, 0.28149227796263165, 0.019358931541924723, -0.15415071108151462, 1.0018865701934867, 0.062467194968681666, 1.420030991248067, -0.4340268569848268, -0.23871150061819357, 0.253659581149864, -0.09721348986217547, 0.33707212300124223, 0.3346514692890815, 0.08659253439594491, 0.8240070051104171, -0.209487474027479, 0.45926976378552037, -0.9044697478514155, 0.4038002644536438]"
"[-0.10379816179160865, 0.7670962733074492, -2.8428676236277735, 0.422389426095444, -0.9241274051737595, -1.62066955199639, 0.5646163604093786, 0.33945019048576214, 1.5360523236649157, 0.07452717812958269, -0.15502384421935475, -0.48275868795178456, -0.31196502295324463, 0.38775483465291, 0.7136344906393484, -0.9085929178098262, 0.8156423209368328, -0.2916071188221128, -1.0520939125554531, -0.0424465509002679, 0.31825908912752154, 1.5168174806381471, 0.29906314638457693, -1.056251533009168, -0.6231095771044064, 1.4946170124270806, -1.402637453235566, 0.1507232783451196, 1.0155560706986517, 0.4743063738842062, 0.5403953866773328, 0.9462732240592224, 0.4202833528720193, 0.04554647539993085, 0.6399063462192105, -0.26423805380235343, -0.655621380023081, 0.5308927419495657, -0.2119463566027361, -0.10079242341408863]","[-1.1033231357689783, -1.030636787863905, -0.47398059973056034, 0.16021619722785313, -0.47079694340593403, 0.5661759711494062, -0.35837729612923497, -0.54157750848881, 0.45860234076838396, 0.3481567178759451, -0.3455733856589984, 1.1276183419430208, -0.2630900615428264, -0.3131546688042491, -0.9468420169125688, 1.081946932790997, 0.25203653219194716, 0.29042171883152507, -0.2206937054862174, 0.18038863964085095, 0.00077300958965337, 0.2830313245634361, -0.5451576048742116, -0.4597921575303537, 0.46914534916806006, 0.8029775620622311, -0.08180936422031128, 0.49105050327078176, 0.6941086372083789, 0.11305993305126175, 0.23422568672251337, -0.22612986277135885, 0.4914665268676609, 0.3556688785779494, 0.29944762615721626, 0.07042650195653177, -0.6433940487686645, -0.7176625361789825, 0.186759964544616, -0.22598727193311302]"
"[-0.12833789820587066, -0.4536681414353063, -1.4860264853309602, 0.9979917647542402, 1.396767762714281, 1.7039323321098794, 0.881726136013225, 0.19057119090958857, 0.28365722460498444, -2.6246355671283674, 2.266151911463464, 1.1320715561802948, -0.0036821852653670024, 1.6309368131645456, 0.5730768133915852, -0.3447020430724669, 0.3895911958173926, 0.7544635236525988, 0.5473625165863865, 1.382817251303444, -0.15169194477168707, -0.051659485368983175, -0.27327233540971335, -7.171187291747205e-05, -1.0323719206791133, 0.1754675562547158, 0.053058335163102675, 0.5933202886839792, 0.471924211867941, -0.6604056878531788, 1.1583978736115161, 0.1815003708844154, 0.44414207231218383, 0.5641943425912809, 0.11069171861228752, 0.5774119135740152, 0.5947101255881619, -0.5357185279877285, -0.9449493169858205, 0.2920310421703459]","[-0.7381781988600944, -0.8618380189978155, -0.6928878606470505, -0.13760346925159417, -0.9704615078900916, -1.3728396566765904, 0.7577297922635222, -0.10040318997468949, 0.7431117792706634, -0.1774275397767346, -1.6765973083474768, 0.9018166374959744, 1.0506757116398944, -0.9842597393929859, 1.5121488920091564, 0.07810144108025023, -0.7021945410319528, 0.6086336122690462, 0.5995372044743477, -0.8380768515140536, -0.7271298836003894, 0.254675966115971, 0.9558462045452648, 0.28004056935722743, 0.9745398648525239, -0.24069729145867966, 0.29495225394734353, 0.17222823094253314, 0.4329205605870325, -0.2431256258855964, 0.29491867995115045, -0.22272023585758877, 0.27295560229907406, -0.3194169957487198, -0.027707828093287, 0.3009843858105352, 0.4174621440237251, 0.06202570650601311, 0.1711435141750702, -0.4256134562995205]"
"[-0.0633511901947037, -1.6940683243684191, -1.3433095267395077, -1.0771061248651417, 0.7558009054638924, 1.0532913369115324, -0.8522246341068009, -1.1040406713428, -0.15102221486550838, -1.24317377123389, -0.14790120743525426, 0.07479953104187587, 1.0644296882836204, -1.0461190371647706, 0.08545812330268227, 0.4005225923912286, 0.3997334164436061, 0.13422554755300795, -0.5917098369932957, 0.16043281233168952, 0.14195704241358356, -1.12964883386712, 0.5845091276462477, -1.0602480901872267, 0.2954148950017932, 0.7563501957726165, -0.28802147741678547, 0.7160495039979194, 1.1031674995048195, -0.3538872391246341, 1.3902490702890973, 0.6235764381090756, -0.6278001935708825, -0.5579702252479016, 0.08902158749388572, -0.3915969454568027, -0.22193480694241538, 0.269332718441839, -0.03548859123334921, 0.23373704597939932]","[-0.07614882839329548, -0.1746559386283977, 0.7249734465253862, -0.2736757509232074, -1.144813032335049, 0.006124621682038718, -0.3843486269188731, -0.6543168318184109, 1.2219868378789112, 0.7461445838728124, 0.3564233894690649, 0.260264014280254, -0.1747076987822375, 0.31771727421469365, -0.9233235216193523, 1.7549142437512022, -0.7098589534877746, 0.6393779761306742, -0.10445207806019734, 0.7480211884261377, 0.27727412571363336, -0.0960647115572582, 0.40667349030843497, 0.5505370549866304, -0.3700902510691687, 0.7142698500630564, 0.07565108069870063, 0.4438023411352116, 0.3208262822401691, -0.697386590897592, -0.1465867595639798, -0.15722740814044653, -1.322170095223121, 0.27405887705341236, -0.3643289148720573, 0.003333113807502281, -0.5444569257500129, 0.6218193357926157, -0.12336983899630806, 0.5250158218560308]"
"[0.8354066675783383, -1.6169941664346656, -0.5022372626293559, -0.21395170436384928, 0.6503555049087132, -1.007576595650206, 0.1761664632422598, 2.9094679953360796, 1.0835205617499624, 0.6891089427562445, -1.1326420013892624, 0.3626656564710863, -1.2405987528787075, -0.26094600134699425, 0.6393809939457269, -0.053334898352261385, 0.8134735705185918, -0.7601632714717973, -1.086334252411124, 0.9433858578813181, -0.35810444705330446, 0.8978066067297716, 0.29048155755682115, 0.19008702209442258, 0.02568420091098641, -0.9310028144684886, 0.5151634263328194, -0.025361252067993213, -0.6272338511006972, 1.5240799957938003, 0.8723714207981137, 0.598432819602879, 0.18623399507624688, 0.914957195501949, 1.261223392130384, 0.9920244537991827, -0.26886735958287655, 0.30498556585820424, -0.23099215086148325, 0.08406457439076646]","[0.8309316582077596, -1.322808565780247, 0.10953024963261049, -1.0553752765054583, -0.4496206807026893, 0.26406125999102065, -1.6948373084103852, 0.7190940956492718, -0.2107174810938344, -0.20782717557939986, -0.24653515397834883, -0.12442393075170917, -0.6022769985949219, -0.37576539705656387, -0.8365920292256361, 1.079856175564002, -0.58584159965306, 0.272261768564103, -0.2717790780264939, 0.550646375299251, -0.8327051950469788, 0.07060046785275181, -0.35975105046567074, -0.9419419891431812, 0.9709541698418167, 0.41659495326258517, 0.7902628891943944, -0.5485188498606685, 0.791837213180801, 0.12465604363676998, -0.45533435173065, 0.2808619891690964, 0.8273704737150634, 0.16740836726641836, 0.6320605318385512, 0.5229037029364315, -0.18550219365757376, -1.1157629317303739, -0.1622649024957411, 0.2283484957417021]"
"[-0.9265404406206778, 1.0108862134904393, -0.36817050289699477, 0.6305033921585617, 1.8018669395274056, 0.8613021301098126, -1.3471144535557986, 0.39158296714230184, 0.16155189253032076, -1.2660288987774482, 0.9946275350353131, 2.0380632003108596, -0.40620896604784545, 0.6111197710106889, 0.8880829684035261, -0.9075887788964968, 0.40010723366036294, 0.6255294109614047, 0.15022653896768665, 0.7953972182341448, 0.6051402710039507, -0.5162688405153673, -0.13291551401441912, 0.26981238445146116, -0.5022054630982307, -0.08382495030121588, 0.6170134679984659, 0.39986278545861165, -0.13985133534975125, -0.26736170679579485, 0.5129740605104792, -0.21590831791667725, -0.04266976190447355, 0.3279925176231839, 0.3058331579407176, 0.690671448620818, -0.5756446295829414, -1.3760475849030587, -0.5611535715529389, -0.022052913374998227]","[-1.2648364144719735, -0.4424238388793263, -0.12903345901359833, -0.8910312268399111, -0.9347050290895926, -1.5923353063703964, 0.1614307962084437, -0.4699944254542312, 0.9136424878788945, 0.30539368374508397, -0.42405467377068534, -0.14613752763612534, 0.1355803858468504, -0.4389419341930622, 0.9325090803584151, 0.33488692021910416, -0.5062728571466796, 1.110389438604083, -0.19112651172515366, -0.72452481674929, -0.5568490338347305, 0.10811655706618321, 0.005621455785635003, 1.1503122728471133, 0.8945406060636738, -0.2533195694156202, 0.4891725781514497, 0.747171219365056, -0.06081339566461861, -0.09635467659909683, 0.8963377725631136, -0.40677854478349257, 1.0458516756609544, -0.9886040346930864, -0.05040359475253833, -0.006016757415127476, 0.16623640275761153, -0.7697113779645305, -0.15629632709156452, 0.406579434667732]"
"[1.1378989797800412, 1.9851359360826857, -0.785365195263614, 1.2197450584147405, 0.7671856192266292, 1.5267995433197026, -1.1534015459022517, 1.5507669978354008, 0.5243444273514971, 0.4744089830987428, -1.5957748619620635, 0.02960181681328688, 0.7390264627137112, -0.5532253972456539, -0.4596139041700119, 0.8587420436382844, -0.016288989489544672, -1.585365066008617, 0.2783463770949068, -0.7126415534578247, 1.239427370398993, -0.19177906861273267, 0.31899497291749473, 0.7372823529419681, 0.9412034612302177, 0.10806374450289825, -0.7095320361592327, -0.4026452456848608, -0.7119029159884936, 0.35468457230096795, -0.42897627009989914, 0.7299796116670402, -0.993272282212117, -0.18459732950994656, 0.9453746214279343, 0.5819229237874527, -0.42119633802819156, 1.4336404857201368, 0.07072170020782621, -0.20038379215166438]","[0.7966218054492198, -1.6331777905871323, -1.0589514004318579, -1.2138412061894512, -0.5060931547596496, -0.2787618020542039, -1.2390423141322089, -0.21560726440290995, 0.6635414821891018, -0.5873002219425404, 0.5651449630240767, -0.6384157711876516, -0.4152173957055988, 0.17650355874370816, -1.217783669797921, -0.6833340111157474, -0.3445367125521179, 0.1434162935299959, -0.37530050635083323, 0.9644041509796255, 0.33195784344539236, 0.3367242765249523, -0.09425951916309948, 0.378397262418681, 0.26978015564119007, 0.6971256943635993, -1.050277369580925, -0.18128246486515945, -0.13546547236754877, -0.5919191320199504, 0.13993609570641663, -1.2305606165669654, -1.6460514506258686, -0.22641382285303946, 0.5315021698803896, -0.0966528328236187, 0.5112534576189373, -0.23217257841379152, 0.6079577590972861, 0.29308331641932334]"
"[-3.194806145394939, -1.5020465623976051, 0.09695645014695836, 0.5232921015713565, 0.24767607698732236, -0.7698125507944924, 1.48433407722945, -1.1136958895003664, -0.15616061186904623, 1.4770703925241713, -1.0114202897274887, 0.9283421861974036, 0.3445916186652199, 0.2011752687352018, -0.0628756424821163, 0.9246245861331203, -0.1486479115633179, -1.1158778250957821, 1.5732812334615143, -0.3435626576155378, 0.21235441691121507, 0.05384615336377314, 1.3098878906602072, 0.21100852853973048, -0.28758539852289566, -0.05018021823342432, 0.7281656127898013, -0.03363218723913936, -0.1742852809130664, 0.72618139755293, 0.15635070986795088, 0.6217938372091781, 0.48789650100383114, 0.9107077017039406, -1.0721261972212854, 0.17212422542021524, 0.5535550748739395, 0.2526009862538087, -0.3424288812894203, 1.7256947144691601]","[0.4262624394387788, 1.0280241975092372, 1.2174843242997897, 0.30619005118451503, 0.08910144874705903, 0.9623102190053664, 0.8374937782577072, -1.0538955179403269, 0.21683492999639373, -0.18398256647092517, 0.45022147165139415, -0.6626632764420459, -1.004051432878424, -1.178571364516729, -0.2997789091804185, 0.01117836238886793, -1.0976820222439572, 0.08661810512575202, 0.7133861847258863, 0.16435650873292817, -0.25600861679999576, 1.005233202859475, -0.3105307737229378, 0.35953333822566474, -1.144331337892878, -0.03860473738070693, -0.4025627208669702, -0.3278637968742567, -0.2822046946330938, -0.05005830599471649, 0.18924171128499273, -0.17064873850798315, 0.2774332221391144, -0.6520759124871832, 0.21078741527083614, -0.49888719171711343, -0.3625225112212822, -0.32468862428335166, -0.3942840362608956, 0.019400030828976053]"
"[-2.4427686106733457, -0.1601904452584782, 0.090886783055276, 0.5234853672929644, -0.34997067712070234, -0.7817350353926902, 1.9647348920503473, -0.03315909379801649, -2.2386438085669607, 0.2595449604792242, -1.796150422023163, -0.44284502542371584, -0.25606158335244583, 0.5145974072698144, 0.33747702722186335, 1.1018885165077528, -0.5581647409650022, 0.9706352121567334, 0.6760102155460657, 0.5823927314813752, -0.9109562963966434, -1.0566059063681452, -0.254471744542267, -0.7259499733786594, 0.18961496870999314, -0.449485519796327, -0.6268924978998295, 0.2796248666767058, -0.13776754777684594, -0.4033214629749482, 0.47070501745118765, -0.10467659895216858, 0.685557479146821, -1.3511564145460369, 0.23214954534282803, -1.3643375428819515, 0.7413637096684561, 0.2952999178967843, 0.9476882857147308, 0.7371209086220963]","[0.18384032226424452, 1.0124439540460348, -0.08325200776616334, -1.0497447893290768, -0.8347714349850169, -0.6708567306712137, -0.20176962639532836, -1.1489414159141194, -0.27554575360894457, -0.7994772921066874, 0.4906408349705151, -0.04831364317245633, -1.179599379874394, 0.3153859957090253, 0.22614481529074779, 0.7103479899309691, -0.6097645128745939, 0.6744884793585018, -1.1545196328647906, 0.08643345264072193, -0.767343788904721, 0.2048306515386488, 0.3129271251274147, -0.055359322739552394, 0.3751031296695927, -0.1890870134471502, 0.5094520846076505, -1.255888712011322, -0.27343372364218266, 0.19950263206842675, -0.6313222504367018, -0.5006176399617164, 0.16115235154141108, 0.6842580196907011, -0.6954317573846261, -0.09618424845272616, -0.4689287900541519, -0.021274680578606934, -0.3970806452052437, -0.30410082791952947]"
"[0.9856463924008487, 2.3428963913024066, -0.7754556847897804, 1.0115591788768814, -0.07337430360707314, 0.8268790693458832, 0.8731581682156573, -0.9345423186522871, 0.23282015157719516, 0.4562523798251935, -0.03397268756468754, 1.011438944316737, -1.313395013264293, 1.0374922434355642, 0.07792789724944087, -1.2402746181947326, -1.1192457251453247, -1.8115730922145687, -0.03391122998350253, -1.0609674194236383, 0.5086721781852851, -0.612875199150722, -0.7871709291319925, -1.967693552400343, -0.13586350726100418, -0.08825531955318817, -0.2679463744268743, -0.8561481877561626, 0.2464534354563444, 0.5969417495118401, 0.4186264392822577, -1.1091483636266624, 0.3841250287453507, 0.3746833265149024, -0.21906713422947513, -0.4694558941974128, 0.32707210355350635, 0.342624333783773, 0.4398246362524788, -0.007636124919756293]","[0.17847003638451955, -0.7342013477399707, -0.9870235766361255, -0.3204378803898095, 0.7706297893226381, -0.3733942564772149, -0.4735637001880103, -0.9603333594136622, -0.8258270865660279, -0.40799698336301193, 0.0377523833361834, -0.06355229079367458, 0.9238552738700484, -0.05333898709214551, -0.35569975002030857, -0.58905106743058, 0.032782608983114886, -0.4601543983085981, -0.21263736451675783, -1.446732003173728, -0.1649084450529237, -0.586112021399025, -1.2203268786641053, -0.31663457918411336, -0.27589079195197624, -0.23414018081699697, 0.15212474778632903, -0.965812643788721, 0.5867724544347472, -0.13930338636772804, -0.4278977399310504, 0.1853468302836588, 0.2520314840715171, 0.7798521960352717, 0.22924579358385275, -0.38080361876718993, -0.42108156610212916, -0.19052977790973907, -0.07471206831591827, 0.016344157844951444]"
"[-0.30663991359532783, -0.8027533012837487, -1.001374947829004, -0.8756135892288579, 2.9552516120704078, -0.138730480959761, 0.5563508077731711, -0.12342914556901026, 0.36838470558042974, -0.5198352070759574, -0.13393115568775057, -1.216483480649273, -1.8298089780966924, -0.6499276704059689, 1.394717227418413, -2.0901886735939432, 0.5562931458118427, -0.6479848837515636, -0.07720690046536062, 0.6687415599828257, 0.36084365585110223, -1.2846784045620239, -0.8450140753088964, 0.8978880454256383, 0.5276499478055449, 0.001834705361492612, -0.9371238937432875, -0.6002291836037207, 0.588744591620678, -0.18918188929933294, 0.9632622003185939, 0.7075551538166245, -0.17097580939218884, -0.22838392013171127, -0.9777511446923185, 1.962091056245831, -0.8091063953410891, 0.22846517337975733, -0.710649205382661, -0.2911983690468925]","[0.5908226353246844, 1.2206703086760669, 0.5124766769181983, -0.2859120379400807, 0.9467943137731859, 0.9688665431758348, 0.5840200128633543, -2.215473700254901, 0.10075166074139934, -0.255453687579684, -0.7522105793033828, 0.19057172531775762, -0.4462328637457225, -0.8081572952377838, 0.7638088383968417, -1.1003871017089832, 0.05904809728117819, 0.3607714123000381, 0.21999700584665294, 0.8817445759539625, 0.2510116393405426, -0.49858503601345033, 0.09085461402196175, -0.579070043033797, -0.4352275551237268, 0.516564729759589, -0.1327452277011771, 0.24504303925084647, 0.8007794701722339, 0.16188529217274597, 0.26345726237527733, -0.0564426780212859, 0.06032561252124227, -0.47377112790218506, -0.06546931185744213, -0.6528424246492831, 0.13132315471866193, 0.029505563890169603, 0.15107961351426696, -0.2843870843709661]"
"[0.41696726511539534, 1.303038593057185, 0.48724337859986666, 1.4402907060469596, -1.1021863660812874, 0.35452053252718074, -1.9961196158017063, -1.445905404321247, 0.7308562115258428, 0.53666917759598, 1.187051414809484, -0.3467894637252068, 0.5582175918124463, -0.21909262145182293, 0.6375973745348178, -1.5044139842569677, 1.3888164331943158, 0.11546922943523856, 0.10899514797401921, -0.374853954633919, -0.9771487535101184, -0.9074655884443256, -0.19857640203763735, 0.7966814074372679, 1.2327719202705922, -0.5397467447732055, 0.5728365333757651, -0.06949747295434994, -0.07344151122675834, -1.152931668377594, -0.5803828952846964, 0.7178386460684199, -1.642176182146491, -0.3616181277318925, 0.11958939969846524, -0.24297774475033257, 0.6801460672944208, 0.5152766199169337, -0.1871492089457568, 0.854143650281303]","[0.21775086404762983, -0.8090033900130065, -0.6474603748816822, -0.24822974262481154, 1.6158045638119722, 0.6803967694004426, -0.5596006800988009, -1.1345712964305985, -0.6812952944728226, -0.3314375744396756, 0.8315165951540023, 0.5242536851339229, 0.9070085619077529, -0.22039140008820038, 0.8382630863277722, -0.27571052778979965, -0.011208975476104022, 0.24649877638748188, 0.8848021612867639, -0.3218423425011874, 0.19678850814097162, -0.13332141243889178, -0.6310982208198597, -0.33322986479449485, 0.5580444696758091, -0.004249578309500968, 0.833943211004803, -0.11838302002469421, 0.08342398169410113, -0.5218905505544148, 0.8366902150331988, -0.1582339038246203, -0.3297412241498184, 0.027433418255570923, 0.4261520107553461, -0.14869107870075407, -0.24916598703412363, -0.27537687207877243, 0.14607725242154052, 0.08447334649790568]"
"[-2.081364159703766, -0.8577253935058236, 0.6417314581859096, 1.9618603480443695, -0.9011415923387266, -2.0083286124209527, 1.550480684657905, 2.0583127004881394, 0.07596345335113992, 0.10966345876274382, 0.22854042147925685, 0.4253881008733935, -0.08848521189562594, -0.26300269549121436, 1.6828543207568836, -0.05275919458264724, -0.7590000279741825, -0.349987911932405, -0.3292103432995373, -1.5235626307189631, -0.5387627426516512, -0.55496374100908, 1.3811322705625848, -2.1975329383038975, -0.08067999364083325, 0.22901775306317781, -0.72594030760946, -0.01819174677149552, -0.9739869875303475, -0.43027612516449276, -0.3063152153936005, -0.3517837783764757, 0.2570086491253153, 0.10533104697784389, -0.41607346849956844, 0.26100504355255943, -1.2410625970159317, 0.5920370794163006, -0.4443102272271224, 0.011044131798647857]","[-1.3914139136602544, -0.003712568867686949, 0.9744902856867628, 0.6182420196071252, -1.310941176164986, 0.5394456858529176, 0.4280662749828428, 0.1986262241359305, 0.4264400307328144, 0.11350012131061009, 0.06818430182399439, -0.0747723922864962, -0.6031330044984441, -0.5392690879567876, -0.5281344399489066, -0.2173958210772971, 1.2687082985171463, 0.5840130214991917, 0.8950281860399981, -1.0884246374368403, -0.1462746492118221, -1.206843584470749, 0.10998489423959638, 0.41653639312779944, 0.10293797747571308, 0.4588886323641662, 0.11946156846771157, -0.9851995669134188, -0.5298356705730847, -0.6897627804628289, 0.8825991039757447, -0.668256405825467, 0.020008606009437647, -0.28750127664799197, 0.2948725215297609, -0.1223042361863798, -0.17193786676176792, -0.5021619749649412, 0.18013905854201817, 0.41571192836206494]"
"[-1.7682813300134075, 1.2231302760955174, 1.5468372547079392, 0.01688931097114582, -0.2863324598384833, 0.7085086753864407, -1.4159612357585447, -1.083182403953782, 0.6083387679029677, -2.007704455594713, 0.19104255210368826, -0.683583266082015, -1.1241412708729288, -1.0446612202299728, 0.6578188503775451, -0.2813028314001544, 0.6661823810704591, -0.29927639710674886, -0.561987346490058, -1.5772230852134312, 0.45368325950205163, 0.3199270236512216, -0.08523233591691773, -0.5923745814694529, -0.4317782286016222, 0.3878849278559315, 0.6972256317620444, 0.6995019912113724, -0.611503030304579, 0.7935917007814495, 0.019866390126160642, 0.6451655420775162, -0.3050410532805029, 0.006462410101056947, -0.6813457215126828, 0.4801944479584932, 0.5860619575151895, 0.4172333037587534, -0.2765657978011805, 0.3465374293342932]","[-0.42682716656980857, 0.7417149430382293, -0.571435482912344, 2.144957610231231, 0.676267022750624, -1.1109260491993878, -1.0372322273910484, 0.8816277160012689, -0.6801220821042425, -0.9444160235178983, -0.41284606342858643, 0.01964339396928018, -0.23643201503380754, -0.20158455436589956, -0.5686584122183679, 0.3309847685955975, -0.4246596251567532, -0.6120673762598422, 0.73835659517058, -0.6156269054758725, 0.5313691861611703, 0.3445032938881476, 0.9460895524988886, 0.015386302152274475, 0.4198112407722203, -0.3686738166804703, 0.41901852081183905, 0.24282048347012242, -0.10914724790665156, -0.4720573141502291, 0.3794556953272841, 0.4566756426987516, -0.39743157371126425, 0.22691251028398504, 0.06374292545755098, -0.3603980438893967, -0.08171935273443194, 0.1395029587994062, 0.0058342883675926455, -0.23902273473125926]"
"[-2.333850413499257, 2.809495313325431, 2.15052370945714, 0.15627986648264985, -0.25014286402899905, 1.395710172032745, 0.06076548830741878, -1.3490525533606448, 0.800183900309632, 0.06374745740565035, 0.983574534740642, -0.2823781586270673, -0.7781423831019509, -0.6041928373846209, -1.7750787633198841, 1.0917745426296441, -0.039185199774263164, 0.48329357790394606, -1.0410169351068699, -1.0020552435999093, -0.5675725473748326, 0.6728756783286142, -0.48271469192888533, 0.3589293982177651, 0.45526282559996817, -0.9033201996102754, -0.06863010718513639, -0.04114323534851816, -1.3766806344628773, 0.273448410599653, -0.5225978495417896, -0.36677049540861106, -0.1103766868737627, 0.2684425011890362, 1.1231143861457724, 0.1371218877125774, 0.031259926927082876, -1.266039952002025, -0.7184070530081643, -0.12590745916909646]","[1.7939708407567319, 1.3027981183481343, 1.3092833597870717, 0.3602160863612844, 0.2774662584052163, -0.49017875469147315, -0.8376256732963787, 0.24322765357625792, 1.0435017242540752, 0.408111702125828, 0.41729766952468483, -1.1131312593660405, -0.3781724201633072, 0.6790974860413307, -0.34037408763067206, -0.7922147250086631, 0.5988516170791484, 0.8505874132498329, -0.42310746247643644, -0.36814471931499193, -1.262056494666973, -0.11292885507312, 0.7253625343553399, -0.20283545717552232, -0.8733866608382634, 0.0019456829930873504, 0.030408860903299743, 0.011052406440859764, -0.7565781835531602, 0.3991676845437392, 0.15225271630338005, -0.1920900402312721, -0.5585555741839761, -0.48813623428567543, 0.5721642145827803, -0.4608856154688657, 0.4189695927598385, -0.8312963229694821, 0.32088746115186434, 0.7628424509431927]"
"[-1.395800468750643, -1.4532586838565957, 1.1557132076462255, 1.7938663598162146, 3.399018035643673, 0.06041718342509591, 0.7105611214543469, 0.1683695247146001, -0.15496687132809903, -0.35582828933007127, -1.5324697781614003, -0.06661520391717803, -0.3513464294645619, -0.7388024054537617, 1.1200258996727428, 0.6087987023509406, 0.3569858418606289, -0.4846078115153843, -0.2922498438742365, 0.06252302339809576, -0.3508810166166221, 0.741388000051566, -0.4974363089263899, 0.13751175991915315, 0.8340055555256091, -0.1229538455767554, -1.1738966717743826, -0.16920770114041037, 0.22236530244337377, -0.48052478684713545, 0.8289429577475429, -0.5449886694093706, -0.18836096281505926, -0.2670224826368142, 1.3150699161929675, -0.580897035873988, 0.4439852697806769, -0.2495754826436049, -0.6380670891101402, 0.8128215762270131]","[-0.7912539404580293, 1.2206725161688772, -0.314453029470963, 0.18441695716050918, -0.08784805387473633, -0.3614195857300402, -0.4400328664030463, -1.8087315076402306, 1.0255751996761007, -0.45111494226630566, -0.22693495927430193, 0.11250496051122683, -0.6801721625685502, 1.2432225529846666, 0.0211113820010073, -0.9021024235514942, -0.40737068485427036, 1.135158102267404, -0.1788636995662775, 0.7270361786061454, -0.6462110646066753, 0.47081134412309184, 0.05525846123652072, -0.2186662390929073, 0.07156869607743148, 0.5027359020344098, 0.8545581175935585, 0.18681116266015696, -0.5485362414286645, 0.31313316172654915, -0.11261630993732928, 0.2967181421607307, 0.3868340298099957, 0.8339517726252246, 0.25741858519597494, 0.40748732695716133, 0.1264436466128163, 0.5807448337761082, -0.1244194088095969, 0.5965938999209416]"
"[1.3649595881179057, 1.304006288196205, 0.721281219926451, 1.235608631769871, -1.5214903105058883, 0.11985945326637909, -1.7656059191347548, -0.6348723571299476, 0.5286130771423728, 0.6939181090433555, 0.8668938870194483, -0.457031852213515, 0.788104194316359, -1.4853725885689606, 0.8496223743423603, -2.0102378472448765, 1.3988482235442348, 0.19544522992877156, 0.5722072513611329, 0.37219948338636666, -0.41721140070307416, -1.0472039437325074, -0.23048918549426092, 0.8245984152573671, 1.3003000656322434, -0.05419493380007514, -0.1403091898295151, -0.5117855943669961, 0.2850911216628243, -1.1914734891706347, -0.550840481350958, -0.11592592380086991, -1.4215741321816038, -1.1412200467229825, -0.2349721400535025, -0.29451820260950456, 0.6341383179466002, 0.4595061002935977, 0.07507528112008548, 1.4729038755173873]","[0.7345397564593384, -1.1035315371345849, -0.3725132137406276, -0.06449733428449159, 1.821275536298469, 0.4732849299223157, -0.25388081832359366, -0.2452435019982905, 0.3752032061798442, -0.8023998371131721, 1.3260906558147134, -0.2777896621769577, 0.803262003891881, -0.11335282272801439, 0.20511413011688973, 0.4623411708122952, -0.5934971019599491, 0.5764277521996605, 0.5001486739291067, -0.6954059362029912, 0.17156246512068662, 0.034603676301704425, -0.24209640890762457, -0.033342114474683264, 0.25145972877821215, -0.6902785891941533, 0.889591394985285, 0.3344715219233721, 0.4460515492334632, -1.134443698019175, 0.11666203673585009, -0.05849713851048924, 0.3959073774531389, 0.10275936101205617, 1.2269578177540432, 0.03861167469521241, -0.284366189071536, -0.38336760712025647, 0.11072516243257674, -0.023485715624956025]"
"[0.8742877204331821, 1.4096745234855987, -1.6483548073779106, 2.173701682614938, -0.8640224747430642, 1.654247899776637, 1.4515217442740944, -0.24720973076379402, -0.1365022989254123, 0.3230119541105844, -0.585152764983568, 2.0746774127960554, -0.3349036710045842, 0.708113318452526, -0.9337397010517134, -0.9833857930679771, 0.5025606706826982, 0.07987916394997462, -0.3660286466880448, 0.6972908401422373, 1.3996026560579287, 0.41893107707537725, 0.5666023251802493, -0.21439794802172527, 0.6543718413145183, 1.2665991575535451, -0.7784631712428182, 0.12461313208710968, -0.5759388861178054, 0.1486746340262769, 0.42481812521502454, 0.17651597833913027, 0.4092958553440206, 0.25190114798324387, 0.5372817115179632, 0.10486502325301358, 1.1461008912525554, 0.08640078364133538, -0.7760493683016342, -0.654705756695328]","[-0.20456966445868152, -1.662118322558494, 0.28541854524806587, 0.34264452633232106, -1.6142360670076994, -0.9410068477818035, -0.4305872611676743, -0.5741074186267184, -0.13200217313326182, -0.39474601404909765, -0.4741285046164094, 0.23284826931413116, -0.5946394539097593, -1.2959960147279594, -0.2242426443644041, 0.36321250792892557, -0.22614301243073207, 0.4301301891993894, 1.1376635686537109, -0.046875999520333625, -0.41266102005513167, 0.326060248958231, -0.44526819473243534, 0.2704171477594078, -1.4878586397591316, -0.3112923783322669, -0.4592575034523747, 0.19430290207243914, -0.7749930352739823, -0.17850946989865746, -0.11127441006717094, 0.08515341375664347, 0.42479175264902713, 0.3613679646320586, -0.0277030511676375, -0.1246911975799237, 0.4471989412165609, 0.3717429518326493, -0.537116488047533, 0.19552248467885164]"
"[-0.8011834955756062, -1.2947995477980867, -0.5494315782147569, 0.16414923978387352, 1.2338419569988455, 0.5946400888922014, -0.015703086574778556, -0.6856562460698615, -0.5800439435235879, -1.618577176134118, -1.766554936413092, 1.3439252579151613, -0.16466050023598752, -1.4183590983020948, 0.3974317465045318, -0.17644312379541005, 0.4320064603515184, 0.432546852827501, 0.7836938913151879, -0.2137039323663559, -0.43595658998065107, -0.6896453878333241, 0.5291391915445096, -0.26758478874125907, 1.1234065782519473, -0.45936913695230036, 1.6533253550526803, 0.2952339376626284, 0.279216871856281, -0.19266502261495386, -0.1697763542901784, -0.28553882471648523, -0.07920613313479018, 1.5544514798388296, -0.019104399370731256, 0.5073231333051832, -0.6105261137605422, -0.5354431863868733, -0.31780315493446937, 0.2063426801574576]","[-1.355267311566055, -1.1700212371038077, 0.9047337920733152, 0.08290062770787796, -0.030559252729752216, -0.4780474628397952, 0.5909175973913006, -0.8656402291567828, 0.29756363126051866, -0.8710192960049106, 0.06230729043383559, 0.42721947325988985, 0.22813799111490812, 0.5238842704387198, -0.021532447865045864, -1.2322661944032967, -0.010232659435547567, 0.0004899315862823436, 1.5135549176718466, 1.06471356670961, -0.34355765280732714, -0.3010808224048459, 0.8336505317928007, -0.48134492552304303, 0.4173631050727055, -0.6613513332198603, -0.07301018763326658, -0.3972390685482754, 0.11641640363696643, 0.3637000896771916, 0.4624123777957812, -0.09517250496847081, -0.17334755967703325, -0.24496007992298618, 0.13003746773563013, 0.5404711538000055, 0.011267613995460005, -0.16355832096960696, 0.1536815316410551, 0.44877083732932194]"
"[0.12202223033098376, -1.8948494801357316, -0.5542185901998752, -1.2048705110132198, -0.08658890237290699, -2.5148336480469435, 0.27030874721383674, -0.23603149524751169, -1.3000468964242486, -0.8243312033696174, -0.5036796259599358, 0.04979819987194206, 1.5173260379603006, -1.092986023736344, -1.1838131186058152, -0.3815362065836888, 0.5704350229680358, -0.6718186028034269, -0.7447778109963517, -0.44285939704364924, -0.07750907601271133, -0.8407533457273271, 0.7375596052487996, -0.4167248889251698, 0.040914415509963296, -0.1428542724359848, -0.6081309027501415, 0.11118412974336316, 0.2867680774496419, -0.11678165730312778, 0.32010884974779086, 0.3502987220802986, -0.3033003833035624, -0.6623082078740443, 1.0822437257727482, -1.0335827820055217, 0.005707992887298527, -0.006317473302866506, -0.4313678887740563, 0.01553235025827193]","[-0.17334403147976282, -0.36200196399168494, 0.6676171667445333, -0.5116123380653029, -0.5632507671925244, -0.3222810250046274, 1.495543753675169, -1.2977067752359135, -0.06116420418815709, -0.14642426224958696, 0.7346630486586594, -0.19763133800663166, -0.052841442757612156, -0.3610969972245255, -1.5079906661777323, 0.6490195272200615, 0.08344724646039298, 0.15155458767050375, 0.3806891553492016, 0.6828423551328494, -0.33183695848808126, 0.2998063748633192, -0.05704024941739091, 0.9293451935321635, 0.049001035175490676, 0.41781857372684195, -0.345361218161193, 0.4136205478465032, -0.11582602952321551, -1.0683837814982737, 0.48186608075889586, 0.2214424067284622, -0.3919111135959603, 0.4471368120762778, 0.2893589900228198, -0.31548758894625495, -0.4361107853966101, 0.07016488635078162, -0.46675069777761524, 0.46957400786900017]"
"[-1.2734802119611606, -2.5184790606531595, 0.11440423063819487, -1.0006956940729295, 0.5576223470371892, -2.227698481397279, 1.7246122545096314, -0.36197708577031745, -0.5239213869987069, -0.3790875131003183, -0.6314168296212024, 1.6231738001279534, -1.0161801420815033, 0.2509218906641134, -1.3735517743909391, -0.17505556403870737, 0.7885395853510028, -0.7768092596445269, 0.663009332704995, -0.37629545170000284, 0.26227464012650736, 0.3418583316140516, 0.5031654118554749, 1.4373420292043864, -0.5911414245074488, -0.434206137363547, 0.22458903777856634, -0.038483917615851196, 0.4009285063222376, -0.8570014445841236, -0.5114891367638166, -0.002719460062460763, 0.23242624475190826, -0.5020029382755881, 0.12882046323017893, -0.5819808114721686, -0.7279742211375326, 0.18611255739903412, -0.00807119038915381, 0.08468317807536008]","[-0.819619398742447, 0.8922779426506093, 2.7739531414922984, 0.07904664905626047, -1.2891721965659855, -1.2595729279636916, 0.09811975152206005, -0.46448159183699045, -1.0242449341210864, -0.30402047628351153, 0.1216329593467277, -0.20631506868023541, 0.5115121812637037, -0.4112753985657805, 0.9773393784215363, 0.4264846520513336, -0.4781730676952262, -0.9118236532402476, -0.40412681552321006, 0.5584973914997694, 0.15743306166365226, 0.44629855765546755, 0.8257217090108601, 0.7867217042661626, -0.43695318120641635, -0.3807610220458881, -0.1454700197289756, 0.5424500579906939, 0.025594306302488466, 0.3208072783579249, -0.18705507127529838, 0.14180590955691577, -0.3663483124591962, -0.10655613210976457, 0.20439527416635955, 0.16976424701614298, 0.003793746696199893, -0.23728405591088964, 0.004790732086274274, 0.39460542915533026]"
"[1.630344973949189, 2.6028637873851173, 2.5565010063090856, 0.34046684860356446, -0.2697995398766508, 1.1714024614363563, 0.3933996454025226, -0.54378920622971, 0.21761471508638794, -1.2638401044563, 0.026435500246956612, 1.242459390399802, -0.01357378623618555, 0.8203367682939571, -0.18557178558846665, -1.1359359132572033, -1.635013279859816, -1.1059858374285636, -0.750492277050362, -1.0123082694670362, -1.0092820439831893, 0.9228925635522311, 0.4766998334419927, 0.3615252499548793, -0.35830116291147646, -0.27305931464899025, -0.6203103253472947, 0.16620807819754646, 0.3952435367715567, -0.005039976938502301, -1.7793765993002875, 0.0724282887336913, -0.15616601904915295, -0.762685636179395, -0.16693565950769784, 0.32191127742444364, 0.4800439195685015, 0.032843359697371795, -0.05272753149896435, 0.11995677596945627]","[1.7511367283815964, -0.08466468361952707, -0.696087577978442, 1.839762745034025, 1.5427703857796013, -0.7572530469322076, -0.08778892583212519, 0.7933054248161259, -0.611434781800922, -0.0014777564542673594, 0.4736635387509399, -0.43385407466419473, -0.4769300298223692, -0.03702295769988621, 0.49397841146117755, -1.1406684531126623, -0.061194401039670485, -0.6198088591916368, 0.1877493234349696, -0.21905484330643651, -0.1850104082196918, 0.7229827395843523, -0.5086332949841074, 0.5328811559466936, 0.49035435195518745, 1.3503307538267808, 0.3377518237405433, 0.3239826444181293, 0.7620752891574692, -0.12570345604466662, -0.90759854335696, -0.17946644921042562, -0.8683745162088826, 0.49130524597575953, -0.8441228774257371, -0.8579028700812863, 0.33529199089526734, -0.8026499592898347, -0.5122829471615975, 0.05358768150118476]"
"[1.7732645709224988, 1.3109491534344568, -0.9117315401564036, 0.8327293217617385, -0.46953828995007313, 0.7602047106089596, -0.31973800683616066, -0.4560991136386783, -0.6515295564837517, -0.0336166184256731, -0.03672888079811453, 0.20565382132125185, 0.6737403894107253, -1.039304438845931, -1.50098940370791, -1.0874547176109848, -0.8538923428601068, -0.5289911797800753, 1.0707438940310217, -0.8271673702162962, -0.33311132628177736, 0.07521450082281479, -0.1908276653066363, -1.2515910652275535, -0.11006093453460365, -0.882464682820161, -0.7926375117376243, 1.807839721662721, 0.3482286155042499, 0.49998002892967797, -0.4936984425836822, -0.5059571046384963, -0.03497854805130342, -0.46655039834720896, 0.503158294895732, 0.28694226268204653, -0.6575123554424337, 0.6720301126362717, 0.04387023787881405, -0.17168591445855563]","[-1.033264746267872, -1.058671143752512, 0.6969160408569699, -0.32720607682497016, -0.091892399420633, 1.23991161127822, 0.8311508339423656, -0.27657765656588656, -0.10190960775953094, -0.9048683194145368, 0.1513781064030683, 0.22901533710577882, 1.538810812815744, -0.7324223516314183, -0.3322641183257586, -0.34653458490747524, 0.6100481804962522, -1.6251279579418456, 0.17524726175237829, 0.6154465215806908, -0.10561780476333031, -0.07414195871748469, -0.2025557842655093, 0.05367758619982742, 0.18478668898375675, 0.2986178993509334, 0.4549794174894643, 0.8121710328549062, -0.373870588502098, 0.1494968896686486, -0.08637236879355636, 0.23886724782848343, -0.14034175940878874, 0.726961132785001, 0.3857589693951106, -0.08261848679862868, -0.2140436222034132, -0.39111215157729884, 0.11976401404465789, -0.36256039307865334]"
"[-0.8770165626582154, -2.537532827084144, 0.16537042393380263, -0.15901685117365205, -0.04031159728825203, -0.4711942007568183, 0.8227250625379601, -1.1358326581688956, 1.5742071117435243, -0.4392887996524851, -0.18492215054469546, 1.5377415120554347, 0.03394982885474337, -0.6068741041532171, -0.11874435835849892, 1.080966431185187, -0.07582058528941936, -0.7383736242801402, 1.136260202829616, -0.45033610055472956, -0.17024044823908918, 0.03232813739295586, 1.2855969748971803, 0.10018418195454763, -0.8114933413523333, 0.3868390066888819, -0.08132381411360974, -0.9327426924207133, -1.0621035869555497, -0.5067791026740184, 0.735416971029708, -0.42913336793401974, 0.23958154513477872, 0.3699497763188726, -0.5732307482450317, -0.3941847759191777, 0.06825439925334197, -0.7867223095911587, -0.23229690404922262, 0.7109032020614467]","[-0.6218009531979763, 0.30775754119840987, 1.0057496389751022, -0.9091816195412019, -1.017780995063395, -0.7216215040523074, 1.575609543464236, 1.2760124824398038, -1.0845530870420752, -0.9889065809487213, 0.8880704193803555, 0.23979214926643408, -1.0491329204643889, 0.05867857856700333, 0.19392811912552235, -0.48842754441286834, -0.20626564199682268, 0.21331404355962605, -0.6051363321221237, 0.7389897820612171, 0.30580401869723267, 0.3390079799540086, 0.3017538087659981, 0.23875795402349112, 0.061303459073030545, -0.6488845841491723, 0.5327202081655831, 0.16276943461310925, 0.8131868945777561, 0.07420248818005376, 0.31412287655575677, 0.14546547312443353, -0.07690725836928251, -0.07742309145988537, -0.19793073523443905, -0.03950749080568103, -0.10729978283324222, -0.6177366085024072, 0.0914727046336154, 0.08068009731732792]"
"[1.3763886306428719, 1.8547776612139415, -1.671711433782093, 2.1498064899804126, -0.7867222097673919, 1.374152302757043, 0.019690770601563563, -1.17493319242194, 0.028613575245092494, 0.7328781946395244, -0.6640838611773747, 0.7495789180331608, 0.3807747718337199, 0.7486393946883605, -0.15722528237823755, -1.4338637983814233, 0.419412581701303, -0.5133515968335944, -0.03903500708665922, -0.7134812225726224, 0.1017458514065389, -1.0696485217040206, 0.28301039032195646, 0.6296395471289978, 0.28455434946756086, 0.013169777538134878, -0.4226664781391725, 0.5238692577094817, -0.6861181741580659, -0.7903195261346956, 1.106985720964519, 0.40176977157859256, -0.26074564457059507, 0.1634231367192342, 0.6223873145616888, 1.0751865742759108, 0.5505132169531517, -1.049438941274941, 0.3466960058679457, 0.4456731954243855]","[1.1506599090443066, -0.8935071320875195, -0.9060034632883815, -0.13918898245785877, -0.03446213424110529, 0.7409086898380259, 0.7060807843216298, -0.9322215714690939, 1.277852075412735, -0.24575458609108145, 1.0632195357380483, -0.28240909874457276, 0.33021341151432754, 0.45448197489757347, 0.7888182548001036, -1.0946228095140236, 0.01663158050419358, -0.20671059816151655, 0.06648896580337535, -0.6407838937494069, 0.8925645872547526, -0.2064993794126597, 0.008793562295870529, 0.32343169984620196, -0.29963179183072586, -0.12694038733798174, -0.07834599906253091, 0.4251840417590282, 0.43390658891837647, -0.33541488440110284, -0.5948918597730746, 0.46841532160452926, 0.03404994440388004, -0.28822795768341214, 0.3554239473097119, 0.39773483142321614, 0.32499343508984757, -0.20176343277209605, 0.06742260160355562, -0.08362687497544921]"
"[1.9996410072553192, 2.1059049113966877, 0.787231938340346, 0.4542664724460504, -0.5357942138985392, 1.490139784060104, 0.32178818510659785, 1.384089796627722, -0.5611833547223031, -1.1131175801154274, -0.6414775527737154, 0.009027493867572825, 0.5020150155925899, 0.7312190615938109, -0.14900693499444745, 1.023086226728162, -0.48574342998788017, -2.5284844116190857, 0.47018075169589807, -0.5844222185477514, -0.1782265367940498, -0.43234663678811464, 0.6626190944581638, -0.8715968112167346, 0.5592979282197463, 0.04583407197008245, -0.31668528130572776, -1.4598916162802857, 0.4251625268385529, -0.25413779832329314, -0.6839794101651898, 0.4307498604267681, -1.142667399204869, 0.15753321492214717, -0.7344963138225413, -0.6152081383093447, -0.8501952542462311, 0.7475198591800924, 0.5951462612174214, -0.2382158109449366]","[-0.061997248590169966, -0.8018761267300262, -1.1095624158528847, -0.9985924094849388, -0.48192469890870565, -0.09970991005318713, -1.40414759358854, 0.15528392440100025, 0.8052741248806853, -0.9070074607198073, 0.7582596833024324, -1.1674307613747419, 0.683623698852465, 0.16516012714784875, -0.5273110618278001, -0.371327833830844, -0.7301237696243054, -1.0708653386177736, -0.7180384800877858, -0.504458316156514, 0.04524981417348791, 0.31888231868932326, 0.19422140904348148, 0.5759790653616604, 0.012499009069974783, -0.4500325349304948, -0.7786068378163714, 0.44510909594316445, 0.364716411060497, -0.04845785499352156, 0.7836494925086115, -1.0389034746151542, 0.20584975474098455, 0.14313188171243457, 0.5035007655083602, 0.2673306963108115, 0.17268760556915452, 0.43644122759120013, -0.3134129013283713, 0.2136254511758863]"
"[-0.27989715109813873, -1.184441199783698, 0.9281518601279155, 0.3080887111843773, 2.10303262336594, 1.5830367010947877, -0.15617857702976737, 0.24626014238133115, -2.098686756949599, -0.855505491577997, 0.49874471255210484, 0.7844553531261468, 0.4649081362579602, 1.1594699223984446, -0.3826942062880653, -0.8515160374572709, 1.0964356085722695, 0.39144320721460596, -1.0822383400435243, 0.17100173056380713, 0.4361968825700249, 0.9687783200649003, -0.7373766346025205, -0.1624548383900629, -0.3175755380933449, 0.4693786052251392, 0.709551578702567, -0.08782590723359497, 0.5661881645433595, -0.5542931533150632, -0.23821982494032293, 0.269853409831905, -0.30202994735761535, 0.05260683894619051, 0.18386242793661958, -0.11963637159913951, -1.198739105660681, 0.6680983058140215, 0.1787319224060658, 0.8047828127896562]","[0.06560008320486306, -0.5775778039237172, 0.5188863342133901, 0.5210414883280591, 1.1470660253564793, -0.7901980622091465, 0.08555393922356112, -0.3651071144361753, -0.5792003304188463, -0.08689058400086098, -0.1552561553275594, 0.17205295845952207, -0.4099637165871208, -0.9334803119204542, -0.4018064911480853, 0.3658115697921246, 0.17611812142900587, 0.8362687753029606, 0.2504027928407825, 0.5016558640136426, 0.0828779240604451, -1.2788740131216512, -0.23343806928714653, -0.7953215534844056, -0.6110602922501691, -0.37849470246307704, 0.3540686126180607, 0.7567482496004004, -0.4720855339400427, -0.7613983009994246, -0.3866741056379907, -0.8291746312211037, 0.2477207390615196, 0.7005406739685507, -0.11230083854364137, 0.19417912450972927, 0.578812201259234, 0.33398565366614075, 0.08697430629546915, -0.41963568295152803]"
"[-2.129856073050554, -1.2490915928573778, -1.364009245733907, -0.38941804315228107, 0.9805896117899753, -0.7943607596963201, -0.3453707237179647, -1.4020777240839635, 1.8112757657976786, 0.7147078250495882, -0.4350007113116085, -0.37259770975491247, -0.632477893579637, -0.4964846544302784, 0.05092583718966028, -0.7909315705376613, -0.9074706399219707, -1.176459856663293, 0.630633129647052, -0.6761567426025288, 0.17939234841249402, -1.2177995415090872, 0.3449481596468777, 0.6401743019592234, 1.2592587779545266, -0.351747501620172, -0.6246535137972684, 0.3886143738984964, -0.18122752918611065, 0.3060762849583899, -0.09933839482272334, 0.8776471454330003, 0.08339213034951097, -0.8957711325548959, -1.0592969486967616, 0.9181868063965621, -0.30283483573001485, 0.5558950051241522, -0.5446287005189595, 0.17169951531043423]","[-0.22464509055755755, 1.8760711261945449, 0.6276141766697354, 0.4583333636876068, -0.06553171887218608, 0.9625370804658846, 1.6700560084329759, -0.9069498599316509, 1.2432498416072528, 0.02034264540795396, 1.0152597172369309, 0.02175729378653915, -0.9270473038584147, -0.5740877594776783, 0.3254478311608722, 0.1488038656714023, -1.6284938151796307, 0.02756569729238793, -0.15157249104524617, -0.06197860848682385, -0.3893507044655353, 0.1907568895319131, -0.10600595401979844, 0.702671468913359, -1.047552587384574, 0.315630130478987, -0.8654777851570097, -0.0906504394343576, 0.3253697094471681, 0.002380408493632252, 0.32895904029470513, 0.12085874433265364, -0.4091114640002223, -0.33131211162193674, 0.6366211025356157, -0.18199786642733723, -0.601176248882851, 0.2485529408970667, 0.09798150224328517, -0.42346838534465336]"
"[-0.7904221764442791, 1.2491943312010876, 2.197720867357931, -2.0144433504187953, 0.07923597270630447, -0.6410971537162818, -0.10400675575051953, -1.3282228528865077, -0.8140448808371917, -1.661705526005418, -0.22410011461931298, 0.6321039006733951, -0.2362525903441654, -0.28579460002345586, 0.2056972292691744, 0.09342869958865642, -1.3920107300217188, -0.1653775853958598, -1.088678061996196, 1.1126001310634108, -1.1484316822589276, -0.5627793778778469, 0.9741240046524042, -0.08178920907929475, 0.8389486965894654, 0.14925165650973513, -0.45926920685415745, -0.005487574626614803, -1.1537138813275394, 0.257691999924229, 0.6943816646514566, 1.0025338017749343, 0.6934240615284005, -0.8133335358718466, -0.6219595577584925, -0.7004457699446845, 0.17054904463123485, 0.37063329027264746, 0.08905394592843631, -1.3535926209552929]","[0.10550283546279317, 0.9308023555996332, 0.1527126453928067, 1.4374916590677225, 1.9063925923353504, 0.07856762790807521, -1.1834645253804323, 0.3351067217852321, -0.19236251869489296, 0.5055222874109847, 1.2343343583477948, -0.4289351178347908, 0.23059398973846051, -0.4762069713307074, 0.5056356780347439, 0.6593052910427335, -0.3039701738386367, -0.5335030117137884, 0.33379463654537017, -0.7356887938961026, 0.0639483232270643, -0.5352055352551515, 0.1635660359643845, 0.033095481804503855, 0.980819840699989, 0.1945523670784559, -0.10714073638074631, -0.23913101983904508, 0.7710118008151526, -0.4207752835078638, -0.10310249653185989, -0.623859292518649, -0.24821746404516945, 0.8121130994697576, 0.48233183828915044, 0.2015636417989015, -0.28320530595313104, 0.2514563486781982, 0.4018700533741488, 0.06962884133085585]"
"[-0.9696369146178248, -1.6070007584434067, -1.9171195761636286, -1.0462408061354347, -0.5275912109063333, -0.2755047955260375, -0.13593767900818562, -0.47132978021061117, 1.1378789667142353, -0.8367073649963868, 0.36552020135231705, -0.05420518738244213, 1.0769557067555096, 0.5193460664415596, 0.4307393680739564, 0.9188961870876777, -1.655332142781927, 1.2870190523988077, 1.4379187760122627, -1.4463062023218667, -0.5603795335165875, 0.1509853171319521, -0.9788536964588797, 1.139939335935219, 0.6046722665442156, -0.45728341290736746, -1.5750749736190741, 0.2654921168839584, -0.633456121627721, 0.09094803698724997, 0.38896985943967816, 0.975995283933917, -0.193697325090522, -0.04616199631561372, 0.19190101819545355, -0.1255512419130743, 0.25735081566222195, 0.1732988306259724, -0.3037568387436625, 0.6367512557944519]","[-1.4523832458365389, 1.4794014962882756, -0.7285945064191642, -0.09716738427805746, 0.11491217359315052, -0.07076283790305185, 1.4827489759076173, 1.6852309751159416, 0.03925349821356387, -0.0784905741207867, -0.5287266507014153, 0.92711749345316, -0.7582646805529136, 0.004472324531631676, 0.4250776145344231, 0.5659754077020035, -0.3082112019311855, 0.7316307813410884, -0.5079411756008864, -0.12542744709164685, -0.1449221596892398, -1.4715784922044255, -0.5963650655329007, -0.04063750016790669, 0.11786274398604457, -0.19505107741844743, 0.32591745657784965, 0.2868658052101776, -0.6630543908986826, -0.4510803160010241, 0.6100453571503675, -0.7865780519640698, -0.7526818265308446, -0.6775297192107659, 0.4412412060164221, -0.06597203264131399, -0.24397181923259492, -0.4581458875651636, -0.0063705242679094705, 0.3827679961331101]"
"[2.422705940453963, -2.3435313175459638, 0.1793923405945301, 1.7705100342613072, -1.8958556922361902, -1.839280710190064, 1.25139522721284, -1.511720329140165, -0.617241746801957, 0.4538248882145363, 1.068479325671043, 0.7389213874994806, -0.14289182044270846, 0.5069760686677343, 0.4579776119064368, 1.0545697244631511, -1.0315003759197667, -0.5919026046265775, 1.2549263712167895, -1.1400118189058155, -0.19134936595390734, 0.17042435480232576, 0.40764980635428705, 0.07388545796785186, -0.28035597617166885, -0.194456346467301, -0.5541881019343846, -0.30642901999169375, -0.8178700791283443, 0.721333033091434, -0.6122504363613651, -1.0386946975610432, 0.38251139995704625, 1.012648606762411, -0.24102679905553243, 0.4878701413133405, -0.8981660089840298, -0.6542252872162677, -0.3611190057073549, 0.3374593560137282]","[-1.1047777869681785, -1.9121681246115356, 0.3716513552855016, 0.5779969475766774, 0.8512738486631882, 0.8413174091779682, 0.5950773676865597, -0.04303521190202134, -1.2302110084603086, -0.13312645832465572, -0.4208348670925673, -0.8495165974783703, -0.07202081664389622, -0.03881388870192066, 0.41229088214459486, -0.6108232268432809, 0.6523803418080126, 1.3005565079470882, -1.217508464643733, -0.038829547510092675, 0.367431023463492, -0.5601785786784549, 1.0276589443845412, 0.4169478171870533, -0.7000841781378491, 0.43143310641396376, -0.32351641406820475, -0.2344659749143128, 0.05670417822549949, -0.010251868180651177, -0.39975411706002156, 0.5975845269749953, -0.6439007135971853, 0.5808053378386168, -0.26349727450325044, -0.1443633221740177, 0.9430381489736662, 0.013282949104413114, -0.25957117556288684, 0.020853315912347774]"
"[0.26965601451696464, 0.08562137190186343, 1.7760564620206218, -0.38348597236627907, -1.7587373857283883, 0.03531786661354077, 0.10095244215131444, -0.9814654794058171, 0.8495687810013316, -0.3307078406604434, -0.09623424252213558, -0.5362712459932664, 2.3041867940719922, 1.0442488589072656, 0.4101103692858185, -1.122102434187672, -0.6183563803848545, -0.7179790943282054, -0.04341267692320597, 0.7894650830525884, 0.8463509401995266, -0.5669971425498127, 0.690808203508429, 0.25506663372429245, 0.11096670836543901, 0.5961731842654026, 0.8499358786400927, 0.5177952147460639, -0.8233769075975025, -0.19849010249659352, 0.7605744625886344, -0.37255455742570326, -0.011100125444483066, -0.23493837368415418, 0.2645760812480933, -0.20583381345644905, -0.40693421261381935, 0.9533176552609179, -0.5139057748991199, -0.8532003574555125]","[-1.180904482541212, 0.4094993891833299, -0.1705249626533144, 0.6601539562476086, 1.7852637303280001, -1.1593754154886875, -0.6161629448170094, 1.3726660431127975, 1.5174003248986685, -0.16059988373365022, 0.47003348862025834, 0.06277304874412835, 0.9654325187372543, 0.2877219929422781, 0.32909359315439685, 0.9407069550146299, -0.1347268562226089, 0.43333504741237505, 0.33750104826240895, 0.30679980475975954, 0.4063960684217468, -0.316047438832538, 0.4638187883543923, 0.5947096457178024, -0.5411017076334137, -0.31658319010355546, -0.27007511968494596, -0.4332953674763933, 0.477141048486693, 0.151719346824244, 0.09497530845105545, 0.865141153480484, -0.7923095763529394, -0.46196153163923837, -0.5313983755668021, 1.3790292127958015, -0.3107378401844545, 0.28054862250882595, 0.19134211514673907, -0.3672551467390007]"
"[0.3047741643442936, 1.5490754190239457, -0.13089361933816596, -0.5156772790036172, 0.29922379742988053, 1.6239640437975906, 0.23084104729309343, -0.5447685476685619, -1.3643016694003767, -0.513892405164042, 1.809838415594419, 1.0622825896927537, -1.4881614002526988, -1.2409088630391765, -0.10062811849111106, -0.15006140093516798, 0.12221495221457908, -0.7106872979546722, -0.37920111817441593, 0.587444326025197, -0.8048975515792923, -1.2121682269458076, -0.16169326226429445, -0.918339036720759, 1.4165245271226383, 0.1700981372639348, -0.7364295794162433, -0.48340836100124446, 0.4263262108581317, 0.9191649923189174, 0.29754234883766517, -0.42567170632029244, 0.3662418627453432, 0.27125203399136333, -0.8077216920920335, -0.37042864490306227, -1.0598099557176663, 0.6390480895616292, 1.2649766994890854, -0.004784391658762002]","[0.7961025614213125, -0.035196837799660936, 0.5770508612357585, 0.541291987994804, 0.5723322268864462, -0.17179313402548643, -0.3235581730058379, -1.261443682794077, 1.089799952861026, -0.3734751641162732, 0.9788751802677946, -0.21241890108520545, 0.5518100057409758, 0.5885145313748762, 0.23293561074567137, 1.416700109707813, 0.18998974982318653, -0.9715298067307415, 0.11069142667718118, 0.7186548730139115, -0.6615738960038104, -0.6860034321164648, 0.21689023346241929, -0.14499863675425237, 0.14107128346698325, -0.7409404313937576, 0.15910928783357675, -0.9931939157758121, -0.7308860808882216, 0.015950985735671407, -0.047117418921045116, -0.6432675618833915, 0.19804704122837632, -0.5397665381089839, -0.015081021725471551, -0.30704420745061584, 0.5103520439006939, 0.1520887848060283, -0.13948815730632041, -0.9094203211149223]"
"[3.580510268906114, -0.8324971901498202, 1.6148094648716644, 1.9135910686344604, 0.06512886404317976, -0.6657168791329776, -0.053400552532766724, -0.9078682813578449, 0.6199271372769203, 0.3468871982533836, -0.28624166569185533, -0.7692362366353759, 0.3273392279644713, -0.5018321142717935, 0.5332353846934923, 0.7649433639841304, 0.47360922866496874, 0.380879205760611, 0.5418118647183023, -0.5508623529683766, 0.6308222705418371, 0.7099154784932195, 0.005730219674497637, -0.2718478141189972, 1.2763134471095168, 0.21170377806346966, -0.19070252143976865, -0.11235836755345055, -0.1073348857092169, 0.810259594521193, 0.2023446021566906, 0.0384904078836266, 0.255982506844172, 0.35033965232598685, -0.5175837916234716, -0.12159286188471909, 0.19290474811933284, -0.6252098500646087, 0.7892437844139658, 0.14587800737327283]","[-2.968750470673204, -1.4372847521474146, 0.035477710063575196, 0.2840988057315136, 0.5485738288869215, 1.1567314405506572, -0.17560257645516633, 0.08894924648978421, -0.33216510523865966, 0.8596179139405196, -0.47748776688544864, -0.3769182659437273, -0.30129461406022195, 0.4500581008093002, -0.4113730100880374, -0.23932952159137902, 0.31175651254992226, 0.391765768449021, -1.4068052903261892, -0.3407143176013906, -0.49208265516097627, 0.07179794898382819, 0.9039092449382358, 0.03414517401726864, -0.6686405906690115, -0.10969854346637044, -0.791296698266123, 0.6136993770217809, -0.22955366043543599, 0.5805340398287765, 0.13127927090442099, -0.10069599179524488, -0.3225371725210411, 1.0077945059770674, 0.12789628550557747, -0.05798143733309217, -0.1285958957811747, -0.3965547576038227, 0.3612472112609958, -0.5622774246038852]"
"[-2.6854324574729085, -2.3193328598350114, -1.1462502545547122, 1.225266851898976, 1.2987503667348868, 0.5262309541988683, 0.10074686622944658, -1.0698844404576364, -0.039586925346970746, 0.7670827919630315, 0.6125850803522982, -0.5588909226631316, -0.9080977153137795, -0.32636628579530297, -0.05892636037124765, 1.5757515302915028, -1.1110382593590074, 0.13820719675618573, -0.6277475628391076, -1.694934042636241, -0.6569578395035671, 1.8862125927920392, 0.35095657055238577, 1.0290685608576957, -0.617816920473758, -0.11894055650297482, -0.8533129757281954, -0.8911959812703069, -0.028446364792993135, -0.23620889026332503, -0.10030265687322794, 0.06450365772829984, -0.2034500471357789, -0.4101026880081111, 1.235854817969455, -0.25946093720615976, 0.5335377383207558, 1.6336879185818691, -0.548963235073172, -0.21703261781916205]","[-0.7348028811873061, -0.17010226643851833, 1.7115908051439437, 0.3877833388384303, -0.8818350262290876, 0.22102625747708157, 1.1135388724518338, -0.708664361683184, -0.44743492344958996, 0.368441902440339, 0.22495900427486928, -0.10024316226008034, 0.3343129610581496, 0.014705388242592708, 0.24845207229414445, -0.3183751820552774, 0.7983673722570936, -0.21825603788155082, 0.49145783764491563, 0.8020384483324441, -0.30227077149394366, -0.2302006568787805, -0.4162708576805268, -0.46660297447628757, 1.8670701633324205, 0.07988632104618211, -0.7738222817653132, 0.6934948340524936, -0.30152860744588494, -0.0938844596714555, -0.30730554883779554, -0.030458537930952483, -0.1584810516333234, -0.08862336864583788, 0.9702808571215854, -0.47672793877362435, 0.13721264729634958, 0.015412590212269376, -0.33587745763053023, -0.5050840642459669]"
"[-0.7507364725458592, 0.19502955111495543, -0.2655337183160736, -0.9300392600270369, 1.2169144073709819, 0.3006302854306592, 0.6866657930501303, -0.37428489610870475, 0.6163064974848828, 0.27023237044312715, -0.8669256319119569, 0.8094031033573943, -1.063049007993429, -1.4245989557198766, 1.6561831040069, -0.24408211507173966, -0.3423544493803258, 1.008822563612111, 0.5788267442965913, 0.9765827475271205, 0.7992257399929302, 0.027770697241884076, -0.5924930925210907, -0.5891157141067197, -0.0822885178111343, -0.5597807053507629, -0.46634292160411156, -1.2350425636516607, 0.2752127420850153, -0.05429748608106631, -0.391657344217996, -0.12733454442461137, -0.9167984408440898, 0.36959399323524833, -0.2245631972773279, 0.579358054171314, 0.3039749749709707, -0.5005350424351727, 0.2160724096737185, 0.7673180227499615]","[-0.6731408549482624, 2.6779213732897333, 0.7277856573706426, -0.1526294855282365, 0.800237237157957, 0.6311366662428867, 0.06689790148567025, -1.3337079474557345, 0.59819001604915, 0.30938613890902555, -0.3106486935012615, -0.29249843149593363, 0.06598028718386562, -0.2958834326256527, -0.01954641207560846, -0.7688411155904701, 0.5165460545263995, 0.35625316631862936, -0.10292831777533003, -0.6106414322473517, -0.4077936029247557, -0.78022618688759, 0.7186314585264194, 0.20679199656468822, 0.4343145733708956, -0.5883310132568841, -0.1762651429484199, -0.08644027233455617, 0.6099580388906526, 0.11908065655588897, 0.36803219212455696, -0.1831051228387859, 0.7137911040920956, -0.644463733300636, -0.32479326718658347, -0.012927184340810582, 0.11837665895859495, -0.13401308462411027, 0.18358249389590248, 0.20361548827015455]"
"[2.6341591249006466, -2.1032727909602165, 1.126656916189687, 1.0057766895116782, 0.0877751273490549, 0.7638956753318353, -1.0198983085549997, 0.4014797165362682, 1.0340311143432677, 1.133577606550071, 0.5764321158730608, -0.5226753089160555, 0.5044978744478524, 0.07262827586412242, -0.2229932130891332, -0.4038956618281909, -0.32668237533874334, -0.46512945461391314, -0.7278066098369157, 1.1303236356119788, -0.01773562764766232, -1.373459497087432, -0.31105002725143177, 0.15201765304500123, -0.009392314354071715, -0.6104698171902526, -0.607517859085911, 0.2886619161669819, 0.11586396039789588, -1.0722749154998144, 0.7034681626225691, 0.1127524943573491, 0.21872501564471786, -0.14423481879840092, 0.33814136875650364, 0.42798004662561273, 0.9642818159347062, -0.5757300468346644, 0.5714206662741017, 1.4093336878472589]","[-1.573231825687881, -1.7162914349393334, 0.8922270540116543, -0.12319919302567334, 0.7042031986950793, 0.2901442969766652, -0.5116332764747653, 0.026782261503572484, 0.43669654555434345, 0.5905461261550964, 0.14202165979884493, -0.6616717205337865, -0.09590556292231818, 0.6216424833706781, 0.4890699245203998, 0.7532493694118958, -0.08665288197760929, -0.5093316388468249, -0.10414578595939192, 0.04918195564244881, -0.3114757750157119, 0.6640576821493251, -0.39270209120160426, -0.23176758674086168, 0.9339102731024436, -0.7610675397175644, 0.23005524484369472, 0.5023812164083219, -0.3026495109132748, 0.39841282669507483, -0.43766966065293467, -0.1482562632864559, -0.20434932621981106, -0.34849141704037884, 0.30807997118329983, 0.30339514980978893, -0.848011012962832, 0.19012229614419615, -0.2302452994100523, -0.5018375194618973]"
"[0.4631138621829121, 1.107916984706695, 1.733197379803433, -2.7782688061134477, 2.102376705928071, -0.5177388830759566, 0.5040325278034259, -1.0873030253348877, 0.4247158644612656, 0.26003080030523895, 0.07543945304311071, -0.3554375935971162, -0.9163472791748296, 0.5350403892842472, -0.13325462432795884, -0.7024961021333089, -0.06060483121245462, -0.03809883123020623, 0.7281860902887132, -1.0591720150243455, 0.49534626322971, -0.24288220292734533, -0.7410914344326776, 0.054986501226629875, -0.5601482714008212, 0.7159618548563695, 0.29123959926747806, -0.3754588503262626, 0.612280429384356, -0.23486384267216476, -0.05901000882889099, -0.4724522885375534, 0.21475968531155964, 0.03934293021502035, -0.3609794377915448, -0.77770938412557, -0.517587325251818, 0.0676374611334865, 0.2934866795385927, -0.7868880336306124]","[-0.07636699698474195, 2.214379161649157, 0.1862875793001014, -1.8434081966642064, 0.15069310317903042, 0.20320755424450312, -0.385844752527508, 0.07456971598371501, -1.6485553535287316, -0.71088487461616, 0.443232513227941, -0.15430492263929727, -0.4315142743329586, 0.06260654513338522, 0.3926198873489812, 0.18327760579300062, 0.09558080369593887, -0.11830256960424713, 0.16693504848174306, -0.22723263604090504, 0.7429898293256775, 0.9249719402550065, -0.36865766332785216, 0.46454125835337123, 0.44554685182630654, -0.9565639760790725, 0.1832430098097729, -0.11965509786749853, 0.030803911466966732, 0.11997950848337031, -0.4517302445788859, -0.102168063757398, 0.34105388962740285, 0.3044467951137564, -0.09579373936498281, -0.30557293313882455, -0.32062399649408196, 0.27716240492627314, 0.22259060325664806, -0.2959749932301562]"
"[-0.0013410178312479519, -2.4052868056673136, 1.6979943695959425, 0.3831440788040673, -1.1202774824456876, -0.4089502628881661, 0.6601060388463895, 1.8282712960184673, 0.04428815603734694, 0.6315058777656046, 0.8610465463971672, 1.1531918529359069, 0.15931440377731212, -0.8180745945416736, 1.4834343190357433, 0.2628709379525835, -1.4027723614358467, -0.45788835122792093, 0.4052820017392757, -1.4156435327933163, 0.2407552110093087, 0.0964509753489998, 0.2565737373696894, 0.5958725200048938, -0.36970597422607365, 1.0864073175214413, -0.8773566217581971, -0.2194782011774746, -0.27026355876177155, 0.18896043311657523, -0.2285134858932022, -0.5244698046464461, 0.6249230652498308, 1.2990932796661143, -0.1743620389273371, 0.0796010461606035, -0.05285420393547888, -0.17689664560508897, -0.27797027188971857, 1.1590620529197886]","[-2.3609142639736884, -0.08149790218232533, 0.915498428110962, 0.1942396448668525, -0.9184047539381176, 0.1962425291213346, 1.3541328674662958, 1.0089385478503679, -0.5289728074458313, 0.06512800678045971, 0.6449625847654886, -0.39401386526705773, -1.5572719820247463, -0.3810553008311372, -0.17761086916576316, -0.23516537289961495, 0.16353521436861618, -0.5712405708873544, -0.05724923534867046, -0.17501156151218464, 0.282068538618654, -0.42861742860048274, -0.22203815630431376, 0.5346843779739332, 0.24408227373322303, 0.00947519263658713, -0.4478034259994607, -0.04340943114482926, 0.21479366935424823, 0.6419607553361447, 0.002809182083749146, 0.36572344894103004, 0.0076232285920670075, -0.42362666447058106, 0.964438925711873, 0.018273846080469374, -0.06635042166775525, -0.5056947167337211, 0.06379752302825906, 0.8460213583649636]"
"[1.2016717843609641, 1.6955363568173403, -1.7499718145644365, -0.990719292787444, -0.07105373393156116, 0.5142458394490647, -0.3267856730303653, -0.4436361783599136, 0.12794781178487247, 0.5131364201764397, -1.784021518129171, -0.6820951319721518, 0.005085622469610851, -0.8795493519598244, 0.35936267665579047, 1.848722234598413, -0.11197164731444637, -1.335312874412128, 0.8822530685381513, 0.7971716767613638, -0.3269944159872941, 0.34460249905575197, 0.147429561850049, -1.369647657857128, -0.17426302085183676, 0.6092006273475288, 0.397062948363708, -0.8197452792286073, 0.2221240779192448, -0.5962175839925894, -0.5417824034682255, -0.34252691016653225, -0.14522266092314573, 0.6265227434120945, -0.020750080174868034, 0.4337567482700487, 0.19851831844748363, 0.5063502885632882, -0.06898731122115025, -0.31127102350069535]","[-1.3408969130385482, -0.6250477266977583, -1.1164257002256113, -1.527855962712245, -0.21646707877452404, 0.43417991136014755, -0.19442544915268395, 0.6348568114331858, 0.35629622638400965, -1.394526466466252, 0.4083859337963934, -1.2473483252892086, -0.013892606808053012, -0.44683043826273733, -0.18408550325534773, -0.4772642214369476, 0.15485479576567523, -1.344655278882641, -0.7296821457491863, -0.2111568839268826, -0.7896201494506466, 0.3034358098657375, -0.5381044295828831, 0.35316573584855776, 0.1781422862729632, -0.09909214669331103, -0.22078225495641965, 0.08602081723319428, 0.19678895954626563, 1.3280409913382176, 0.6797342588963181, -0.31229766148563803, -0.5413640100030029, 0.88783789381447, -0.4845349189354314, -0.04369103009419432, -0.2805939680539868, 0.9865315322570934, -0.3884958878111425, 0.32194277497262225]"
"[-2.1766824942270673, -0.19938823301401956, 2.3419742050006773, 0.9807264960060703, -0.1284422057232936, -1.0317988119962123, 0.3190569650569715, 0.9443765863508095, -2.594620257676257, 0.25348793319163354, -1.2780606978271158, 0.7091617269104739, 0.3413143496298897, -0.524528191111106, 1.6716191279784867, 0.6036766566842305, -0.2913722355367107, -0.3578144821296499, 0.2631650238085694, 1.0698671788154699, -0.4153236694222678, -0.471250864789563, -1.10634983814538, 0.009482149258010022, 0.17813609257003746, 0.5658158983154784, -0.7341659914106233, 0.05054282478159026, 0.3148530676567607, 0.35408891114919067, 0.12571594734893318, 0.7502767649852408, 0.6379174611040277, -0.6004948897279708, -0.22718713848620808, -0.4850926785302542, 0.6225726390602261, -0.6377864295531289, -0.2749438076252507, -0.16521164896489496]","[-1.23573557571181, 0.8166746243931492, -1.2399798670093156, 2.1146111132931527, -0.2599688202102878, -0.4559666511400258, 0.07736124181946992, -0.5484022099414939, -0.1266540204232589, -0.4221536308592877, -0.31469792084018483, -0.9877672572840266, -0.1960756045911042, 0.05463255297823069, -0.6199956397214774, -0.036713655927281146, -0.591418864259345, -0.4774800938777441, 0.05318643294111196, 0.05249354163688696, -0.3742776670646805, 0.24953266349114725, 0.012180443125178934, -0.5674190842018221, 0.44278598185350365, -0.14444547379111458, -0.0982229785689021, -0.4142185586470477, 0.11253059486709352, -0.7360397259794675, 0.23658746100042224, 0.1780948397302961, -0.3547695332083842, -0.5580020978230215, -1.4626039967888065, -0.1483326229381966, -0.09746014999327697, -0.3676121000915031, -0.1560724614761021, 0.4394339495803858]"
"[4.8460467656253545, -1.287041100452812, 0.7458133628551169, 2.1569857690411776, -0.0599311010929465, -1.4195962207405801, 0.21050853735475064, -0.9584715627368304, 0.11410741084951137, 0.3324783811011588, 0.8512278739905539, -0.3937443552986597, -0.07632735915031208, 0.5815384731281736, 0.3169178700637107, -0.21698079362259265, 0.09074283685061277, 0.31322991862855154, -0.6758757671218224, 0.7577391737177003, 0.26870432824199014, -0.2688839009726459, -0.29597248334845794, 0.554219533642847, 0.9627204470440553, -0.3098513259525885, 0.2852394658504325, -0.30860683068556083, -0.064516183508868, -0.17733598052728006, -0.0024353320987283837, 0.1548012548985961, 0.30179700861312864, -0.12036362807649774, 0.6729339117786126, 0.29418726067701395, -0.47151406955950576, -0.06414349965980928, 0.30239960360478024, -0.10011994846981839]","[-1.735896849969358, -1.5958734014761147, 0.6490717433009444, 1.013600852028329, 1.143187877944646, 1.567945160536814, 0.3249896169058199, -0.06675715683259825, -1.2393453758690374, 0.44724726464288234, 0.09912666425573663, 0.08300850460243053, -0.15644294086262608, 0.5540494789026965, 0.19496978614937108, 0.046369761415871714, 0.10257769554785336, -0.2843589988364088, -0.3725981659231637, -0.3279490398120341, 0.18436186819221184, -0.2984080049228005, -0.06093024245202564, -0.6048117856602677, 0.4663109142251753, 0.16204439525545491, -0.299752251079623, 0.3296347776987599, 0.2646992663216981, -0.0033300782322172456, -0.2329948195126125, 0.27502146383767523, -0.20874264980080517, 0.21268206490122804, -0.01259980754507923, 0.22708011545202647, -0.1812286170313131, -0.0834712488201468, 0.3782507117652526, 0.030156910535537526]"
"[2.931705192561087, -1.6532399442956451, -0.3323012601571808, 2.34681430578884, -0.6952312113901563, -2.135912652488138, -0.28895204193236107, -1.9471076051632432, -0.2981172521523825, -1.0699875315973393, 0.6582174600704283, -0.19376064215028796, -1.3557847977689006, -0.447712719478844, -0.03697207891807975, 0.5650219018649766, -0.2975231149937457, -0.02190047372109001, 0.4053516334170298, -0.7059239769790623, 0.09399744847570211, 0.42179922303914513, 0.2863833502651006, 0.023792883199482497, 0.7272988857186438, -0.4483490788181713, -0.0041425594979115354, -0.2072638575995244, 0.19593157615316759, 0.315596656127661, -0.198907558270148, -0.028494107855596636, 0.6459193178435918, -0.10576951719499245, -0.46722637031371667, 0.2038970411979647, -0.36291255518271753, -0.4366261820585811, -0.012000303939447569, -0.14596717847145918]","[-1.8384720390451426, -2.0145983047151588, -0.40084880027858305, 1.213286613838616, 0.524470889360675, 0.9891655728912792, -0.025727594902275552, -0.2112374864137677, -1.2603420377973342, 0.27996560780474394, -0.796994387280281, -0.26704623098951474, 0.2151618649858602, 0.5995686810205311, -0.2152623269163344, 0.012824878368848198, -0.45074464661602254, 0.9101200988271448, -0.9294059758319516, -0.15125640868842244, 0.20757898411640008, -0.7709146400851965, 0.7850542979649601, 0.4031231824679538, -0.13447053290343067, 0.018714232464045542, -0.9967547857754078, -0.028917432848910202, 0.5182842946040125, 0.032302824640411495, -0.3293025172548876, 0.5842876477749664, -0.30105118409562126, 0.40553261102595156, -0.24490605757121398, -0.3965279227758863, 0.3277981734858432, 0.41278396208573626, 0.3887051931187177, 0.006669197773704093]"
"[0.8387522797978189, -1.6281264039153407, -0.24576041901767148, 0.864124301747336, -0.07472382043360702, -0.3172336072653335, -0.5953779145757583, 1.4289352974504024, 1.4489624986572667, 0.5700834819942752, -1.5310654812251794, -0.037356106925613565, -0.782226232763982, -0.5544920544612247, 0.30803144194074467, -0.29130133090123866, 0.6034037951452084, -0.2194736045924683, -0.5131459870483286, 0.7914289985108617, -1.830370839901108, 0.9137670068353961, 0.4563111567917555, 0.7389693733818349, -0.08817116084145538, -0.15263556546109824, 1.3411765301498253, -0.21750575383494958, 0.5334855945410933, 0.7556151382410697, 0.8901809698831262, -1.3968994130332315, -0.4186202045570333, 0.16128181848480158, 0.4342280029436496, 0.2738724142403511, 1.006753647589087, 0.03749652004820796, -0.16207771943547458, 0.33433114600875163]","[0.9086719333783603, -0.8264682055687087, 0.7057030623074865, 0.04716581825527756, -0.7456389979784203, -0.7169193742374869, -1.5213709485512081, 0.725353386403224, -0.3020353981444855, 1.0236837317745826, -1.5679998046848982, 0.3235165809678334, 0.07699780437547744, 0.5244622821675663, 0.093162549507121, -1.5640087810050682, 0.3768912406901278, -0.9963322600872621, -0.06489334636199402, 0.20938115260781207, 0.06416227752092782, 0.00519108856519872, -0.8567980934978555, 0.8594507184431309, 0.49596777224920696, -0.23273378519210383, -0.009501053974947778, -1.055069903136423, 0.059310047266630424, -0.6034584724104333, -0.43824051226848265, 1.2018346509761926, -0.7335087858896102, -0.01785171591340035, 0.10360583055332975, -0.011749007605246106, 0.07952467563170067, -0.5147741420019933, 0.5793692396189186, 0.764186706372075]"
"[0.8157709261981548, -0.8588248469828272, 0.8624480213180122, 0.5232232631955035, 1.0757457090669007, 0.2477925030833506, -2.052973344255323, 0.06673888608837188, -0.02017930963786712, -0.9083584634587084, 1.1449995071464278, 1.1848182797097846, 0.9839157737845661, -1.0211067939160987, 0.16358709587696801, -1.1868410916873275, 0.06106201459354204, -0.8075521464782826, 0.49004474026342626, -0.07928747936422832, -0.9080348705441569, 0.5756353263933462, -0.9935538877641427, -0.16087602180151342, -1.193260714201058, 0.7750423324983244, 0.6680290297923398, -1.738554599281513, -0.8189679303652014, -1.1779526021596454, -0.10247810382107791, 0.9006440942342705, -0.19422824676398723, -0.26190745944438837, -0.1971362833505503, 0.08637683016586438, -0.27733271929788744, -0.8847852834276801, 1.386990943013592, -0.5399223031938707]","[-1.437261924187207, -0.8327805231259504, -1.11219412557298, -1.1892994606267013, 0.6128207432007868, -1.5260483537952043, 1.6128474174981875, 0.8737167726250497, -0.9871538444295562, 0.4203269825200275, 1.231037327556868, 0.8950189317419109, -1.113107177415412, 0.5297522780188467, 0.7155736595476996, 0.2039808666645072, 0.10687377200579233, -0.6002318797006412, -0.24974309958671442, 0.22915602386598755, 0.0339611063741598, -0.9325541913778996, -0.4549969763038254, -0.1290880805213873, 0.6775729697178897, -0.7708853163182371, -0.3156038275309076, -0.40411183859139577, 0.3484275181807442, 0.5324317216073857, 0.384489386416962, -0.12229690126892044, -0.02048702066008241, -0.5144365336645866, 0.21742955941391617, 0.03869101596900396, -0.21194358998987806, 0.2736821317367477, -0.30541346487511484, 0.13317634139613588]"
"[-0.8903217844915698, -1.137524037722978, 2.785845166766586, 1.388589427462036, -1.8305531406331743, 2.431151288489057, 0.1965985063748138, 1.2117967948817157, 0.20422107712201035, -1.4958829809001708, -0.2311321531907484, -1.2528455730289383, -0.2953132434920582, 0.9450428761183801, 0.3021111703925426, -0.1074968058957878, 1.2000571450323991, 0.05370442300603112, 0.8905619184094166, 0.6719688667475109, 0.1316436318784488, -0.2545444629752409, 0.15072061712359563, 1.5434135030721612, -0.3493620923020762, -0.5416495154065283, -1.178021773073217, -0.5252665441113665, 0.6000545381630992, 0.12738526579258316, 0.2874934161860277, -0.42792697183165573, 1.292476860385304, -0.9435611175927895, 0.9237478920614661, 0.9806910071604156, -0.019359372751672984, 0.3769923336956594, 0.9519157776139145, 0.17404552784607558]","[-1.741745745638374, 0.5430280139292274, -0.026238308803501337, 0.967560242994458, -0.03678935484716718, -0.2237982158120599, 0.31515722278061914, 0.8768775836042502, 0.08064349261521753, 0.8530832804353583, 1.1016488333954442, -0.06969137556281041, -0.5248278021479709, -1.1279711949747795, 1.0433748167810257, -0.03608734852770406, -0.147179889603932, -0.12099710755090332, -0.39058151325705465, 1.2839406106173445, -0.5687521908611571, -0.8039101802033959, 0.5404666679611418, -0.39503080489700926, 0.47293748850835443, 0.37266890773607314, -0.620079094373749, 0.05841702792521567, -0.5751826153167497, -0.501746591574853, -0.7555448755530697, -0.011456214915975227, -0.6424857211054298, -0.2770453975275138, 0.5539703428032478, -0.09891007364472613, -0.42452826212030453, 0.8379136453967503, -0.21301259599305253, -0.9433863462021446]"
"[-2.789353944883341, 0.8326442445319077, 2.3063803962672598, 0.1926718728959468, 0.9231486803892893, -1.755643457486787, -0.5086973242400762, 0.36732139472214376, -1.2624656646131507, -0.04056123897673991, -0.3061162423259797, 0.4596495590658716, 0.1675172127624337, -0.4624027887283166, -0.9848229257111258, 0.7290386812857012, 0.1824495817522757, -0.08528854315101628, 1.0460950486279539, 0.5705441346777634, 1.3671846949146917, -0.351152986465637, 0.6049730827665286, -0.726775589161381, -0.05215664870516802, 0.24734712860038477, 0.7529204061651648, 0.2423445322877102, 0.10363561946722073, 0.01634306672288172, -0.6385371930324509, 1.1836665840297174, 0.7149944708396662, -0.13438466587126985, -0.9172594593396868, 0.27525867354292094, 0.05581131248006683, -0.7816103109891839, 0.14873622014349602, 0.36115994886399805]","[0.6280029479430401, 0.17507907482766785, -0.8177589181343292, 2.0642788658858517, -1.2802597149677553, -0.18264257903679149, 0.870606764871801, -1.2619121673155915, 0.471501179203256, 0.31306046296814266, 0.2348568001804056, -0.6152489299962356, -0.6269250382702362, 0.03334419600258758, 0.24301839456161217, 0.5383960288273433, 0.4450505438499278, -0.13852085531613573, -0.1570253059349655, -0.1966828235842088, 0.7114461514806166, 0.3185653864259561, -0.9281150474155951, -0.748462629260204, -0.19288130428226585, -0.6429836682875997, -0.4043387045944351, -1.1969332856413168, 0.12989877407925252, 0.31526471090138003, -0.11949616246062138, -0.6951879466584788, 0.09340164981796392, 0.10633587568515307, -0.260612971067554, 0.271535875144344, -1.4653153548461622, -0.221842875827568, -0.5196914799208574, 0.21565858665795024]"
"[-0.4228410922898755, -3.4425315110126866, -2.1370117242228135, -0.5226871645680167, -1.6285440359546992, -0.9881304437838915, -1.1891804834662831, 0.2367408214112694, -0.460224990616434, 1.035319712450219, -0.38664232626326844, -0.5231360614286311, -0.8705526157998542, 0.5428046720516092, 0.16815423333622362, 0.4528898635160784, -0.46170858914322654, 0.5309460617928004, -1.060243032669127, -0.25288875861459037, -0.45729095805739955, 0.3129402373183407, 1.1560319351037198, 0.26597421430982726, 0.16201415409958225, -0.7876423323065969, 0.7900747010686034, -0.4795496997423416, 0.5464161614320618, 0.8887413945197437, -0.21141732730482854, 0.30726218191062266, 0.35983423869762143, 0.24036866619435573, 0.4939056429000555, 0.05636181650366226, 0.3797005477864045, -0.8442185006065949, 0.10065538504182082, -0.5819154797689983]","[-0.5217948084223298, -0.8037387343843885, 0.869911083249186, -0.26327516866511946, -0.0809841885948388, -0.013206037874734348, 0.919194736849255, 0.10171578864541989, -1.0685164302589973, 1.1635183523723047, 0.19198836731783284, -0.205672276065413, -0.5833928538038684, -0.3134387013064026, -0.07765413348341638, -0.8004564405356296, 0.6291135993275034, -0.8572893068781564, 1.2018151737178624, -0.3088027514324748, 0.20788618245083434, -0.6607381403208814, 0.16160263651388626, -0.9510054221311501, 0.6404057880616286, -0.08987708041769253, -0.6965578908892386, -0.12519974829211902, 0.4743429284530108, -0.34704850605947407, 0.213088673123267, 0.14555086454331825, 0.4357676633173872, -0.27310798837117867, -0.2936453731620449, 0.7093737918764279, 0.4827987618589898, -0.4613930894325379, -0.03314736004715174, -0.020300982728530637]"
"[1.009248247910633, 0.3727073997706571, -1.0627522575072532, -0.3831454279339903, 1.0843146453426706, 1.1776073750271054, -0.7423478814824219, -2.3199680037286883, 0.8051736306222, -1.1213105315841903, 0.9437087143998932, 0.026530379967340652, 0.3747625662404962, 0.9668755392662891, 0.14380458359051018, -0.7026798396494889, 0.07158174992025723, -0.543488658300393, -0.49928061003026614, 0.27352503448570076, -0.8937674546089728, -0.35005036936101847, 1.0193596328599281, -0.9364332608645431, -0.43558133102463925, 0.7995866917005962, 0.23590238908643518, -0.19494773636002943, -0.4002377913246419, 0.3198883445357252, 1.4762870108563184, 0.0619136355163944, -0.313472121406905, -0.13013942663716463, 0.4433884733081756, -0.5778353300879996, -0.5243476133974643, -0.04539415850215669, 0.24343899337830252, 0.7773420422428011]","[-1.1590693426011878, 0.21398708826937501, 0.3874907709965175, -1.1525151715273432, 0.27728251721574176, -0.3744248449319652, 1.5525580381354396, 1.4191553105089911, 0.49567957869508683, -0.15564361124868864, -0.056789527734639786, -0.011745445924144872, -0.38012475262776974, 1.5749223232239784, 0.4819153086640922, -0.30565803485740145, 0.18700829335956726, 0.4709312276115065, -0.4857166677106106, -0.11663585029163549, 0.41618076200837084, -1.3879424483471572, -0.8960379473677746, 0.9667257716262482, 0.7245747099697599, 0.32967766892074646, -0.358809962988891, 0.032489133735300685, 0.3035101227406165, -0.28896457691612465, 0.7929210985612116, -0.5812277508559793, 0.212538942448083, 0.9165836745889503, -0.8013547079340181, -0.848880857853476, 0.012067483902574132, 0.008270550622644715, -0.022785653017455755, -0.6314524227866884]"
"[5.129772301792512, -0.05709709211240295, 1.851503847733912, 2.1937836395830486, 0.5758090080192237, -1.762435535960987, 0.2871913578289197, 0.23887785585037677, -0.6841417246429371, -0.7951369580778697, 0.24905435648069413, -0.2597249874649237, -1.0806229416575455, -0.7760277711611585, -0.006866447520309561, 0.7866288712214817, 0.9106019825781356, 1.0373993049648103, 0.2516826450732698, -0.49808198326161973, 1.3104470757295148, 0.12180126803949974, 0.31159444254093815, -0.29109327334041013, 1.4685938030142596, 0.2574764282365609, 0.4234597525872238, -0.11152997963160775, -0.4664565638657079, 0.49665634498302097, 0.33992690209809545, -0.058396564828739526, 0.1695160264178782, -0.01930224667078888, -0.09472841273024145, -0.0032096363275229472, -0.5234720345565219, 0.7431507691936835, 0.3414377147316353, -0.3501776629716567]","[-2.5722860575002358, -1.0721982720476815, -0.2617644866277524, 1.3292677582703565, 0.0763208520293206, 1.047340137273504, 0.3594869921835309, -0.04569726170095986, -0.58597048839579, -0.3673371954976867, -1.279547777347349, 0.02999361101670422, -0.059964228710986625, 0.6059138676167564, -0.5193610324257271, 0.06284646913304509, -0.3948497590438868, 0.9907284052194649, -0.7264645767089629, 0.30523820745791763, -0.02252893068410062, -0.7264481427809323, 0.9934561913781614, 0.6611941566145991, -0.2195470439937529, 0.2901588283113789, -0.6201446504957059, 0.30330221185520084, 0.1486728603255694, 0.2251614883625462, -0.364781304047446, 0.10200589264477417, -0.211349241678196, -0.12841287240758217, -0.11424720411997652, -0.18043218334742814, 0.40601255370280964, 0.49544503763924613, 0.12066188235358288, -0.13495799166789518]"
"[-1.9200230649255825, 0.4971570454517392, -1.443717676319154, 1.0525826158093166, 1.413033319650156, 0.1297402899693168, -0.8002149518522245, 0.12380463350496135, 0.3218819605097718, -0.08554339832892133, -0.6553203068573493, -0.9418339350323969, 0.4238323447220623, 0.3991256741777361, -0.2461368696985701, -0.5229012143680901, -0.35685251644057375, -0.35606009914774506, 0.06496634087130009, 0.47371750870511625, 0.7756730202997387, 0.5598332895489889, -0.40355466378101895, 0.5235595646925197, 1.0805667018429896, -0.5464212798277199, 0.6349274779336996, -0.3809635022951533, -0.4451451570577402, 0.592737487966754, 0.9746185952574494, -0.4800380388333615, 0.45639798826074013, 1.2827137818761407, -0.5025473122854366, -0.0026686921189906904, -0.7357181086294339, 0.10305927841449093, -0.7636383753515199, 0.172347969538324]","[-0.9424032458560392, 1.1647359118099503, -0.8228604546674442, -1.1478792117965817, 0.5118388438988943, -0.6092961016820863, -0.29110222607286734, -0.8698056110998487, 0.09910202873946868, 0.8899269449517205, -0.6627700652621381, 0.0011472933747217983, -0.05270519453106455, 0.008144239567179266, -0.5314802857314176, 0.12107807894326254, 0.5288910041208553, -0.9590427151625149, 0.20246999833446172, -0.9191505133887716, -0.03823961101994045, -0.08082303570324335, 0.37696443643236355, -0.8852607255526092, -0.8858347549469077, -0.27429871615814716, 0.20042527448889547, -0.04823020224787018, -0.2675827276849966, -0.7871322287751124, -0.21130067224035917, -0.283899892776751, 0.03497127682774725, 0.44933085901623926, 1.2958662894667767, -0.3469624852094131, -0.09609339096528245, -0.19185193733198846, -0.5142216923196871, 0.6569334789888114]"
"[1.0445248909011107, -2.3083145924660924, -1.106427648743449, 0.7261623296208143, -0.6165295320815852, 1.31781612217951, -1.0745140785426703, -0.9565157893977829, 2.0304651945612897, 1.0179842814695093, -1.6074442884372324, -0.6526109904913231, -0.04606655487331305, 0.7052085535029831, -0.5904585411650707, -0.23427966273733575, -2.066279111438745, 0.7174973240219243, -1.4592333771059638, -0.12746860814103164, -0.43622468467580744, -0.7133852806633242, 0.2927553698955744, 0.8245636852264943, -0.16043143656809214, -0.30904003370738287, 0.62214613334143, 0.5869628439268677, 1.0923257226057135, -0.5586899383415189, -0.7726679172700816, 0.6491391464317311, -0.8860068581339505, -0.6443638113721799, 0.5068553442750834, -0.1567813100554223, 0.37313085486431313, -1.2685584535864158, 0.7548661864854063, 0.37802215715729576]","[-0.8434464844374095, -1.348780376489049, 0.7189383212770485, 0.07078040940269963, 0.7960045631910325, 0.08468121773922654, 0.2263386074450685, -0.748362131414965, 0.8356886912656597, 0.10491115237546957, 0.6115170913987795, -0.2166672479284711, -1.125904797345745, 0.4934748451239316, 1.107752611219951, -0.2480342931128769, -0.6076945119713734, 0.08920745763797347, 0.9488273078132444, -0.6063154081963463, 0.3679000994949254, 0.132550855878254, -0.6512975613426102, -0.8187775341452019, -0.01027239160004684, -0.08476227676569609, 0.9426691289440338, 1.0093043433632614, 0.36521513682917955, -0.16298150512227924, 0.36697972184653366, 0.0216479269687501, 0.1118567716233709, -1.1262054769085914, 0.5041091583285008, 1.0706175143791221, 0.560143915135824, 0.013749816402388326, -0.5107384502659595, 0.19714514920163057]"
"[-1.4781653664143626, -2.6421563859783572, 1.0003174102773482, 0.20967360999309909, 0.6858837533289827, 1.5495148045744611, -1.2023645242791887, -0.9187284539564009, 0.6181862648374606, 0.8095447808441381, -0.032754632955318365, 0.32049074967147, -0.5704622460302989, -0.2664329067088209, 0.018512913743298335, -0.13452561475188787, -0.8342592392412507, -0.03401038378916842, 0.07216195115084345, -0.43252725245887286, -0.21127088610100458, -0.5339569616967297, -0.09216718338535616, 0.22094048501766228, -0.18968891135428861, 1.320516355244334, -0.15690565044333216, 0.3878237117174676, 0.07407698047260168, 0.8063683472487395, -0.12025622206698089, 0.29210284553885185, -0.3653734363267419, -0.26418785609464723, -0.8621912476117992, -0.6833153894886888, -0.5902973203837959, 0.5530996884411682, 0.0037681955055042485, 0.1897198040532312]","[-1.7491837999743924, 0.4765679181270119, -0.26622974035788055, -1.2898783227395514, -0.22016356353893587, -1.0229325579593542, 1.2669974855127066, 0.44493397705297294, 0.1405745271309653, -0.580605428893318, 1.4710850540192333, 0.24861706507508313, -2.052173722134306, -0.14247859488015407, 0.1667314127265147, 0.3021437449079453, -0.023809171717675725, 0.3716211467997962, -0.5707907872443397, 0.4510223277376714, 0.8506231961019372, 0.026318626932001276, 0.5997840450216911, 0.31499634112785047, -0.16862681959005188, -0.012538463172479699, 0.3267079992457207, 0.22684139918176865, 0.8136791744798507, 0.551261437965543, 0.6479346620030233, 0.5430844141877859, 0.43453113477240807, -0.679812646104391, 0.5067312085063604, 0.11387149367279846, 0.47803913335470494, 0.4421518323939624, -0.5129841783042379, -0.5506529807368363]"
"[-0.9326682951159303, -0.03725481922694191, -4.137340624752331, 0.3918263514714048, -0.09050816270130907, -1.0714064089666053, 0.8860742807118827, 1.120865599445811, 0.3513829911117968, -1.0531489809583967, 0.03623955284309128, -2.1696881198415454, -0.40137664602687695, 0.7835774987184593, 0.2631349737871668, 0.47538557120855796, -0.4080109991249039, -0.44641592052297385, -0.04965091056771191, -0.08123692656061256, 0.23647819880095322, -0.0059442372966493585, -1.3690497823638461, -0.05463352526299193, 0.1343458186740737, 0.0824067307126136, 0.05288680357179288, 0.3195035187151067, 0.28636902364160916, 0.8619039063330394, -0.0019384198239824136, -0.3396854500999943, 0.14934277696980638, 0.5919840554736812, -1.0155792440171418, 1.1742963485967028, -0.11128424952563723, 0.44198651484091234, -0.38196575025268736, -0.1762977503348396]","[-1.2438192463919666, 1.1920460000971735, 0.0641536821337046, -0.7518837610633757, -0.799039710563159, -0.3367732720023109, -0.25791052496408845, 0.1338361149642342, -0.6429156381856272, 0.5227899179587777, -0.8460579149965443, 0.07634780417371545, 0.9867545063708719, -1.2808571737895809, -0.24513722697278298, -0.24440648062992776, -0.5436472680941886, -0.07241255911898338, 0.5394275967760865, -0.7449365862460163, 0.5474390488895624, 0.7099277331087236, 0.11300844073168871, -0.6989169008162219, -0.2718298642165298, -0.9769765314705643, -0.0529049000687725, -0.454913659348302, -0.5117079602293175, -0.2238341336215407, 0.4253461155789952, 0.07652223030234427, -0.6716872548655468, 0.9111355248513207, -0.14500224599817355, -0.15988899929196793, 0.8373510905181352, -0.2585872397080933, -0.16957997923371332, -0.6077576035958611]"
"[0.5616909727672884, -1.6849881220938707, -0.12586944886343718, 0.39183027761368056, -2.0436024385033353, 2.411700094629731, -1.1395424798288274, -0.9944944800530321, 0.7059853793061165, 0.9804404188087049, -0.039915474951002325, -1.2237905639397166, -0.36345026018640547, 0.2714082710341744, 0.5818470356446133, 0.26969541978867484, -2.0156514710590727, 0.1298726578371415, -2.1031078814338753, 0.11696845035545582, 0.11578936325360424, -0.18723972839416936, 0.013944055360844396, -0.29541558557332837, -0.9368209418276009, -0.38637955401288027, 0.5203354863486888, 1.7823459007451383, 0.6299748827882095, -0.1639696826753004, 0.0656996196706341, 0.45048171275280674, 0.5086399408703659, 0.3375328920360234, -0.019966638092184463, -0.2112128295486048, -0.09315447922075493, -0.665184127070525, 0.35562698470911686, -0.8176205425873423]","[-0.6364385919232775, -1.691561700858907, 0.39919827500974847, 1.2175676072163804, 1.8656771383894524, -1.1297528515983855, -1.092392543915842, 0.866679550285403, -0.17178843293452797, 0.1380878695615866, 0.04601471287518307, -0.8488218329766057, -1.0003114480733803, 0.6676281080106242, 0.30483500410867764, -0.17747726704330624, 0.38413981871108127, 0.008347394564553494, 0.27060528987171706, -0.26516708677527523, 0.6524355808926311, 0.0354887099857057, -0.4449642060791063, -0.32932907717588833, -0.16607766364495632, -0.1126377825891802, 1.1483322208396416, 0.5848265969294046, -0.5597668473500017, 0.18431053491628155, 0.0716895487693639, -0.5716971312463006, 0.2290455812074735, -0.4140935937953536, -0.42008558580728994, 0.5158963114725919, 0.2790211327552651, 0.5388714677195026, 0.10694605769152933, -0.573526107373198]"
"[3.535885035080849, -0.34442586950750825, 0.5425544193924774, 2.96727361091675, -0.37322712633848093, -0.999395536052249, 1.8456624229466576, -1.7184148119357472, 0.8303971328974539, -0.3987926680986667, 0.8713514271122995, 0.09829621830075541, 0.5115624681927122, -0.6152443960718176, -0.6088825978766508, 1.1488548464424704, 1.384956091266497, 0.3971015982935643, 0.4720883675112258, 0.5240937318604063, -0.21342917993904315, 0.4685425547574045, 0.5863410559447819, 0.3011412058385843, 0.7340405045647478, 0.5628870786464872, -0.0042685654289247865, -0.27017383020451213, -1.4182397701940281, 0.2763159058558024, -0.07062558142927347, 0.10174779547341868, -0.17900573075742385, 0.3621531215753239, -0.07014866328879817, 0.3056819171195608, -0.025012872316021024, 0.5477162698866699, 0.9068302474329546, 0.8078107301273292]","[-1.7250594973941755, -0.623014212706707, -0.08336939471414619, 0.6633891017108811, 0.6029792065363484, 0.4864896130850304, -0.5738759109923249, -1.045648222284091, -0.6570769786520397, 0.28896368749663714, -0.07750603184705052, -0.0778213695437398, 0.09238150962969749, -0.2143891270816159, -0.26194648969000534, 0.03976366318980675, -0.8856915847902403, 1.3265259506348714, -0.29946604163651797, -0.502908777351558, 0.3169715067677928, -0.7632204470824094, -0.5012226161958727, -0.41766869512758925, 0.33848559577402926, 1.0563274604654143, -0.6563711905680315, -0.24968811394050755, -0.666465470483663, -0.4691316721124459, -1.1029541602591049, 0.049048152057534516, -0.4689812060921616, -0.5827369595700445, -0.08008339667809244, -0.3534585879871963, -0.373967238238262, 0.2350858003157156, 0.17839774641114045, -0.5908856542163045]"
"[0.786387145782064, -2.6805298224023604, 0.8269682596982011, -0.6977690469214645, 0.09025304662265009, 0.2666157842877197, -0.7571060484301115, 1.83636939033258, 1.4392856315902214, 1.991181106510003, -0.018584969011059424, 0.5177565673411696, -0.6839405851992783, -0.22587474314084544, 0.39084522819721657, 0.268499455014236, -0.6975095149785023, -0.43266540121165575, 0.48408173863597004, 0.31465139609663834, 0.7566430781594489, -0.40366948210126646, -0.47051256865500524, 0.6561722247882746, 0.4116335007735963, 0.7577757773897669, -0.8055858935268454, 0.9191164387576272, 0.21339942893973993, -0.5228312842872189, -0.08256953535425123, 0.6695844982365131, -1.5793187491844696, 0.10311627658151247, -0.4391106242245155, 0.15370073643492732, 0.690847465649893, -0.3454986996840338, 0.05303833881834289, 0.5298844376135863]","[-0.05190847737257571, 0.16675673091062143, 1.8752104052540215, -0.3220060068615497, -1.1024843643154243, 0.25310611201927075, -0.44101071135979114, -0.1393539354384413, -0.013407218617794677, -0.044398340256277785, -0.0010122883823629504, 1.0423570868779817, -1.2937136604979649, -0.1011405523265487, 0.2103062731182732, 0.40979039257046995, -1.0236918180831147, -0.32892999961246416, -0.13416296453671467, -0.8134104770431965, 1.0970416964357599, 0.7069018795152899, 0.16426379915742148, -0.012545765848030932, 0.24551213355348037, 0.4233754677989111, 0.36033185595277695, -0.02717020114002125, -0.4164320767654656, 0.20341014098258867, -0.6744923047599493, -0.2862198198946747, 0.43825532745868656, -0.1077267708945634, -0.310383706094686, -0.5215138078552448, -0.7129302468522414, -0.47900395929718764, -0.12178995027860871, -0.2522147225514231]"
"[0.6236982928941411, -1.4502025652573594, -0.9877149706214782, 0.06190410641326824, -0.12131462890073781, 0.46654013142211187, -1.4053781202634195, 1.9323018487694574, -0.08757252897921951, -0.537482402260806, -1.747840665486351, 0.259235999684871, -0.2435534870507062, -0.3883491127853458, -0.37647546079260086, 0.726500157463261, 0.8894607837666071, -0.1464187939923036, 0.2731223797375826, -0.16502368191990358, -0.8964283166060234, 0.9700135126339289, -0.11414753255652677, 0.7018234435957272, 0.8576891067609347, -0.2873620017970465, 0.5815500411558809, -0.1290855549508152, 0.6391736638051643, 0.41985247539265313, -0.04708297408070931, -1.3065140487849303, -1.4506930376679994, 0.37181094754894983, -1.028041467053742, -0.5660421105956999, 0.19548102893699404, -0.08335035172717772, 0.2564608710141461, -0.5695196735907331]","[-1.7298772334917092, 0.32205704346532943, 0.071492210380788, -0.7744985592896703, -1.0910980887211108, 0.2183990210045367, -1.5699105593374374, 0.4176575813009545, 0.5987037096158981, 1.528567794484907, -0.7039418040884315, -0.3682937564022455, 0.10599657764983435, -0.5020198018366125, -0.14510639641851494, -0.00836450685845278, -0.14239872413795604, -0.5576401003717507, 0.4531856749165566, 0.6297698611083526, 0.9280714334243824, -0.9214250107425122, 0.2064600384456958, -0.42239052265639654, 0.3074044252534241, 0.22314308197601804, -0.11690698516961116, -0.5021593934184876, 0.4731350826939399, -1.0641342110628262, -0.5312000397308856, 0.3753598508335521, 0.22547373781705918, -0.09795725322931427, -0.25515597400897133, -0.2894878041842265, 0.19079347076676276, -0.31392602037764655, 0.16561859373580493, 0.4145259497587469]"
"[-0.7042815451916765, -1.1998030212607502, -1.030332967345398, 0.37185475768020615, 1.0886124823601713, 0.16927367085675746, 0.6345326568755715, 0.04533950837377197, 2.0560542352441677, -0.9041094330652978, 1.276750798983529, -0.4219491316294584, 1.1823903932083946, 1.183563935333315, -0.32825360367932904, 0.974625145719062, -1.0236625419198615, -0.0215457761046729, 0.7505619132531058, 0.6106819511418745, 0.2106378847649685, 0.12141122894248263, 0.32283804850792797, 0.9902018370173347, 1.0040517473624773, 0.1191825973069588, -1.2110822895926254, -0.234983884221475, 0.04330826605237864, 0.06345716812522778, -0.390445944921351, 0.5245483247596437, 0.022020863086898244, -0.2405641412594076, -0.9354075490099878, 0.09511148338913458, 1.282931661846649, 0.7928177358925032, -0.4382706167330061, 0.3878441240417832]","[-0.5630906551243747, 1.2287052826696938, -0.5077759740165326, 0.18025014871641662, -0.7770953378973443, -0.1071753373392003, 0.7224828686591875, 0.2266433383042724, 1.3151843458092585, 1.8299249961602244, 0.1105189864345276, -0.46344957551097077, 0.5203528710638009, 1.0744960147790312, -0.11734762738057003, -1.0131879076604864, -1.3018715389245807, 0.245672302329878, -0.009437945355726377, 0.32445274265167934, -0.3472982777151465, -0.2351588582627556, -0.29351174372122835, 0.7187234734075386, -0.03696036459143679, -0.015489985255270428, -0.36170887382434225, 0.2534736018122087, -0.9546915044441643, -0.22806708570848064, -0.8044651577447348, 0.21769575349100154, 0.1391634732159282, -0.8162812987823533, -0.049211644619903835, -0.015503295738509613, -0.047543874383629, -0.11496964247504134, 0.13912847778089463, -0.680255149706244]"
"[3.2343410057593696, -1.5167772510872988, 0.23181232891350018, 1.9367130003161568, -0.35957543145306853, -0.7353368171737249, 1.2124272724765592, -0.6741834865853816, 0.6451328230194562, 1.038196471481492, 0.668187284574201, 0.43503560837140964, -0.013023612245443728, -0.8610426091847819, 0.22012288877344544, 0.7032957705823106, -1.727161705728987, 0.616809005159159, 0.5832538613408897, -0.8131584842845575, -0.8738543808723829, 0.5789810056685852, -0.3412384596109865, 0.757435614500195, -0.5910779870024879, 1.3186165436634405, 0.3496585595895382, 0.6840997752669595, -1.0306438974740748, 0.8447010145682226, -0.611417839805201, -0.18888492813010432, 0.1214312151506936, 0.6908332424222384, -0.2563660614483536, 0.8186440389040339, -0.48887080888431705, 0.11134668949240378, -0.9037444849460491, 0.18405180556350476]","[-2.1005095837171743, -1.357458564061152, 0.8297810708423219, 0.426295210345117, -0.2575770061977854, 1.064069344853974, 0.9234852704115702, 0.7172227199335044, -0.36912407625887506, 0.9061505706203963, 0.1459117627174147, 0.87771886228156, 0.07082940695002778, -0.5490440102523341, 0.2590149194298346, -0.23107609061865458, 0.5908939278629304, 0.36523176159029047, -0.22293293286415033, -0.1039863650766192, -0.07329520039594781, 0.37823836460334104, 0.8081031638461739, 0.09059212594497625, 0.012302228062075125, 0.27618769788507197, -0.9623646438448198, 0.05109813671023828, -1.484278034522375, 0.7486166583127473, 0.3853029467202324, -0.1778943048963444, -0.07322613919479978, -0.0377116650830935, 0.2528681620490938, -0.03517577754300919, -0.23488616284579547, -0.5886646123685388, 0.6381333893498058, 0.38320424307382445]"
"[-1.7377101965373436, -1.3209805541266606, 0.8369546385450279, -1.0814748939315162, -1.436212988771064, -1.4641628202122188, -0.3625646737223615, -0.9229513898210241, -1.5973345160804537, -0.32493404894492084, -0.35506604726809693, 0.8508891776541379, 0.6135560010692725, -1.932113303759443, -0.7098147353572248, -0.509535607589582, 0.35163122462250923, -0.4953488176678038, -0.04421540833524767, 0.2648613343083193, 0.6330306119462206, 0.20355076475840075, 0.5634671631913072, 0.42040647513229445, -0.335097172193278, -0.03702086071708554, 0.34333410872669157, 0.36834240098327997, 0.6198823264766935, -0.06033786397791805, -0.6442122872310017, 0.7378245315145013, -0.14373294750012366, -0.3491768548726814, -0.05983582927063272, 0.35639740551854987, 0.41224462952078933, -0.41073532967379545, -0.35242891413305455, -0.21087517618678947]","[2.992997799017256, -0.7329755965912145, 1.5721812490732399, 0.525199830511905, -0.5229769122652762, 0.7723042772285529, 0.5554296752133995, -0.5884261514416639, 0.1861014090169005, 0.30962271028447524, 0.6984570093074278, -0.6419206913568573, -1.415744577134159, -0.8447276548695836, -0.6566892129949873, 0.6784627985864166, -1.6467626154691857, 0.24177183206413205, 0.6409721964987706, -0.5466735903434503, 0.4058885135922094, 0.35605019186783, 0.4198898864736529, 0.742176006120338, -1.0300627837560257, 0.027687265898755423, -0.5036042025808823, -1.0372058208658295, -0.2827620643365701, -0.34670563945226934, 0.045789087692028725, 0.3148190389343203, 0.39214510164535504, -0.058630528709953285, 0.012328702874430192, -0.24643142866326298, -0.7699531536712758, -0.47415887270169665, -0.5827014504588904, -0.0068849854673886084]"
"[-3.193511285787724, 0.4529085939486079, -0.22472972142812556, 2.0401391785363514, 0.23785024402367466, -1.1037952100078592, 1.5941103072561065, 0.8965561256322525, 0.7807795792547472, -0.22413925204729246, -0.557445212844932, -0.25721422613129913, -0.34054711317334707, 1.2858649651447622, 0.9965828554711893, 0.24568386722704388, -0.5529622362895444, 0.9731448392876635, 0.32393118309703756, 0.3632812128797378, -1.204629926332502, -0.8977151350059415, 0.23925154288586567, -1.8484373748661145, -0.1039758518956189, -1.2007840667325074, 1.517305613839239, 0.1365610584375486, -0.39749341023037094, -1.3302449591508916, -1.496888419142469, 0.4618913497816512, -0.012843489241277302, -0.2516681553898812, 0.0677676159473854, 0.448617253378732, 0.6536668525729151, 0.8528274917883404, 1.1614261428014065, 0.46253935377597394]","[0.4962138942150643, -0.4687957871988412, 0.030593965938384253, 1.3398111193259603, -2.3821931320343137, -0.0433106671272511, 0.6175812493310696, -0.11382129678849373, 0.12666373507113102, -0.16582743033186695, -0.2053429937836818, -0.007112982880799261, 0.5061979749729155, -1.5589672362146754, 0.49723434688029855, 0.4838159326625722, 0.9122929823970363, 1.565610847913932, -1.0856467101062395, -1.0239163502575874, -0.20542817841310124, 1.157612465051873, -0.22432156324560132, -1.0620681506768685, 0.898468496496518, -0.22886574044717692, -0.51451232930436, -0.058219241394002814, 0.05930821786751296, -0.7110925096885471, 0.7711611895057376, -0.2122599791100594, -0.32318795830597363, 0.09456333616168022, 0.011419751173321183, 0.11577584552519811, -0.45820795728417424, 0.3080454935938685, 0.13244919472822675, -0.05696836957669907]"
"[0.6842374730466017, -1.7088841259411638, 0.6538082789261354, 0.2593940494388817, 0.841042912405743, -1.1766685929095955, -0.5005534964583023, 1.863932579681708, 1.6715111640609726, 0.4389761403955883, -1.572131110262031, 0.5067000498784092, -0.028693826569714715, 1.2201836932921104, -1.5065957174856504, 0.04443394843253217, -0.16551007969999149, -0.18169076678405544, -0.4560848049674937, 0.3748809577836675, -0.5345020526251519, 0.8124496739191184, 1.6188422413716714, 0.7099671120502914, -0.2611999757787385, -0.6157622941069362, 0.08047460547778924, -0.052743160172936114, -0.47573108966031075, -0.17843201207777531, 0.38348881365093634, 0.42468506638976494, 0.38396357998514385, 0.15060315565385723, 1.6486409341142856, 0.5687255258667133, -0.16470178994749365, 0.9287514612354243, -0.5770592968609886, 0.15398877323293222]","[-2.1237156459495545, -0.3156016880413775, 0.8509291245599047, -0.296996260615372, -0.8437311050425643, 0.2690294764395527, -0.7951942380951058, 0.5888962495994264, 0.18137013445638683, 0.8041376529569723, -0.33214203599608577, -0.4780549284901983, -0.38328836104385294, 0.26046083919813495, -0.008695596061893669, 0.04336764666818349, 0.4247256735717929, -1.2878526742166745, 0.6215849189116724, 0.27620089207738807, 0.05899697698645788, 0.16541049812071015, -0.47803074781071764, -0.713692503827765, -0.0038042081714224052, 0.4773548858478952, 0.3052268920058329, -0.4162107172556222, 0.5692198373466866, -0.9662985190238274, -1.0960401033026794, -0.333132839489981, 0.10252346352908905, 0.09122090168887853, 0.1868995969874961, -0.38403233233348333, 0.3367968629337997, -0.15226866063753186, -0.4136513861861223, -0.028584405184288657]"
"[0.43998623479599386, 0.464049968941141, -2.850044468708999, -1.2948805713536524, -1.9731023848190266, 1.2200014132471912, -0.5872643548326726, 0.5295636888328042, -0.04963790390762305, 1.1818599309583953, 0.43327484070590233, -0.2567780504583016, -0.4427251711252761, 0.14801772033711894, 0.8302216030880325, -0.8871143817381303, 0.7408323599919601, -0.019274398133082744, 0.7173617497965054, -0.4133773122812608, -0.15335650913617221, 0.057239310269156275, -0.2825998474565558, -0.6151569118651008, 0.8533568718814153, -0.25993346472391554, -0.2633664411159264, -0.08282129939264873, 0.15285504655974969, -0.8335168845399378, -0.7674577179017846, 1.0252049298977608, -0.5849636954124898, 0.7960759716246175, 0.05676179367126182, -0.12601925062955574, -0.46292124316471434, -0.6774370130450579, 0.7930838275988863, -0.42682626620110753]","[0.17861778823854899, -1.0881676665705817, -1.4269358987239413, 0.1968236081227533, -0.6207431719744725, -0.09115615584454115, -0.46657014755074566, -0.1994158216019474, 1.125655972827784, -1.3082660028542152, -0.8620944078942243, 0.946730164183758, -0.39529510367545406, -0.12913348008932957, 0.3992159092032674, -1.2524223372064474, -0.8562607707998774, -1.0387453691836852, -0.044589717347964096, 0.09210981296205256, 1.5187171214515525, 0.5829741118147914, 0.1287200510544781, 0.08461563616221081, -0.8491661457562523, -0.3916492917760046, -1.1807853075069765, 0.6250113494473301, 0.39750776025193396, 0.9158192073831612, 1.150326750624218, -0.7192351586394383, -0.08963966363811444, -0.10741269293130627, 0.7326062273508348, -0.20779292342057826, -0.05882469613198268, 0.42175196700577056, -0.18211076266181747, 0.18016553967885746]"
"[4.137262713508758, 0.10248291273086459, 1.323890638323085, 2.4442798715417893, 0.3513536516348141, -1.9661726286671757, -0.8233251468391384, -1.578777151707859, -0.4277120576806307, 0.04459289703279124, -0.623821025393781, -1.069088337517721, -0.025235220673464256, -0.7297406070889111, -0.5768931035631797, 1.62527343765891, 1.3479307554401971, 0.21766696451614945, 0.4170319506202921, 0.39665498517172504, 1.3330521222752905, 0.34685219025158, -0.9275347764493689, -0.4786245736357802, 0.5553954680684048, 0.376593557356765, 0.12792639208601245, -0.09874908764097123, -0.31759618939741835, -0.1087300654470784, 0.07234605161833575, -0.2970785795486799, -0.6180315859340524, -0.022221979579223252, 0.00868584117535519, -0.22937106443613967, 0.11905209016146644, 0.17060632780074272, 0.2687478214827346, 0.904763940915814]","[-1.1856033981157694, -1.676947341317513, 0.6581354655019884, 0.795123826324304, 1.0353400874117886, 1.391729608479917, -0.036767962382553795, -0.9164426651505548, -1.0996888543794938, -0.2820750977339073, -0.4670505431153341, 0.8774949553890682, 0.41812951812959, 0.6260603231458873, 0.18749937633329616, 0.03595829990226643, -0.5721054521093429, -0.20001349321095768, -0.3078983237718751, 0.05565756444794109, -0.18389123462090154, 0.4230773342678736, 0.4008815190378305, -0.19803859115634012, 0.312144375230415, 0.2609859542930942, -0.006589010030869355, -0.40366606559352153, -0.3051677226203864, -0.08424541918409865, -0.13846232318640145, 0.289653062038657, -0.321893350170934, 0.6883231402006704, -0.17965586563422759, -0.1706753874988692, -0.31624811682351445, -0.23010216708966272, 0.0038731400211371027, 0.12684411218885328]"
"[-1.5059899393526457, -0.021423233559916155, -2.2357209496705703, 0.14178509813800363, 1.85668840797683, 0.06633546869195418, 1.2306410280136422, -0.8200035347784246, -1.6853715736319148, -0.9472754357003736, 1.6633623001389495, -2.614692054441113, 0.5666202050724637, 0.44301983413481993, -0.5722949697737916, 0.5313269135495599, -0.2763068402631098, -0.08086680043062054, 0.2406865076469385, 0.3021346842248747, 0.3020263853437624, -0.32175996723512285, 0.6976581254359101, -0.5049100974592899, 0.23704721340768384, 0.07079493291191982, 0.17690047536876385, -0.6326180774807649, 0.40464395937139863, 0.49611106035171504, -1.3944825525359998, 0.5718410115958765, -0.1345339054193751, -0.0372575604490424, 0.30501721654156305, 0.3485065036071075, 0.16796641780436788, -0.16107529148553765, -0.18113131206179883, -0.04544597835067997]","[1.8555656626413248, -0.21641263230955188, -1.5189853551986796, 0.0025665342364083674, -0.07689830793984992, -1.4170803845441693, 1.7264518188760098, -1.0855906418725962, -0.6479714429946539, 1.035414373833188, -0.322591872957302, -0.347123077445226, 0.6110038009557879, -0.1062321518077341, 0.1451685578207638, 0.10815737236931346, 0.40034332566078257, 0.1590827543015585, 0.25980234687012643, -0.7833131420864283, -0.13943206982222933, 0.9951188302548866, -0.21960078561583232, 0.555616852052024, 0.6691041441246058, 1.5429742664232875, 0.723548864229631, -0.18093109047685377, -0.8217714084962112, 0.4534586852261829, 0.5799919125374774, -0.43855355494988046, -0.44514208421323315, 0.46842107142340295, -0.053088979007666695, -0.06563064205712699, 0.523815445233435, -0.061279523280256626, 0.8715072571300863, -0.7644288086097724]"
"[2.424429338503602, -1.5268640760792958, 1.1192672769650256, 2.5871048873283975, 0.4642421285817655, -0.962091498578341, -1.218036522122975, -0.9489043217131126, 0.3529347655300958, 0.9606282771201817, 0.48807985593566067, -1.063625183159931, -0.053348401206443505, -0.899327220488538, 0.17156490822571588, 0.20028905054989027, -0.8929130997121453, 0.2080636043600334, 1.0107768075967885, -0.32258653654106645, -0.7731812842958008, 0.7568104776077168, -1.9902305871107804, 0.013763321336045669, -0.9308276675492023, 2.296793412760016, 0.4380435351429957, -1.659048255007371, -1.578658342808455, -0.27041806970563637, -0.48233251521215154, 0.40549843992048346, -1.2637213988782383, -0.22090040477944237, 0.2416150985258697, 0.7614146594814696, -0.2989628557076283, -0.48283711392191586, 0.34422364545378326, -1.4382325079843163]","[-1.317334086712817, -1.4111400405919163, 0.38101775332699006, 0.35932237687054364, 0.9524701922370205, 0.6017563062427552, 1.7853649578493835, 0.996335064715056, -0.5882734788566557, -0.0716949491827122, 0.4329010034832519, 0.19937199836889727, -0.042297256360556604, 0.26633649909659024, -0.1316024929380014, 0.16740370136130509, 0.07346256493470824, 1.0728827267591547, -0.7513738212587261, -0.5867725171303885, 1.1263341132168019, -0.43398700078170105, -0.45058872675842665, -0.0007348192808600509, -0.5540264773404089, -0.14279991245706852, -0.9762370827969133, -0.4835871134519241, -0.28446332434171917, -0.028076772772840177, -0.363681149974503, 0.14429720389067452, 0.8046361313791268, 0.6518345407798974, 0.18668330457989415, -0.49649513934665246, 0.9320061563346158, 0.2196035150697504, 0.40966272807390086, 0.8070678931528732]"
"[2.0050010010096737, 1.9846697314739623, 0.6925175477565061, 0.1236792531733272, 1.1022043109687876, 0.33962897660339847, 0.9769450694570135, 0.11339787070926777, -0.7362051635372706, -0.08022328260678407, -1.2491211933728437, 0.7853230146196895, 0.03269297438907396, 0.16896957353993883, -1.0815197134597188, -1.7378006217934767, -2.182677026656697, 0.22671092225148337, -0.34081382454129083, -1.4838306332669042, -0.6565791843224251, 1.4845112950071895, 0.4420547507255521, -1.337144868216551, 0.2089594878022151, 1.6955922869631397, -1.0654129122015894, 0.09972190335564618, 0.2764969005543841, 0.4773853774282759, -0.5190479873441812, -0.34032769128247886, 0.2589093988473982, -0.24003440261454073, 0.343681762055909, -0.2817630299029927, -0.33206905528056974, 0.1698618441557629, 0.03747592844365941, -0.5556801027575442]","[-0.6610126549974376, -0.2722258714235086, -1.0029140263292446, 0.23347562054347273, -0.42890675919184956, 0.8194166913855393, 1.6414715172359382, 0.6179264576155084, 1.5709701747439506, -1.1877071722951518, -0.11743021438668036, 1.3470122823676698, 0.5919457443657993, -0.9649733719015627, -0.3491667128675086, -0.830129526577479, 0.6126895719722507, -0.09116284502758708, -0.17542692971152943, -0.26177431950497937, 1.0424215639146872, 0.03082799288844917, -1.334899064716882, 0.4108000247331208, -1.0740791225719786, 0.45109862325491235, 0.2712752569702249, 0.13127906915582635, -0.12640494288706614, 0.37234850591949986, -0.7435844730714289, 0.2878029381947917, 0.006086084936002425, -0.14518740061101923, 0.26343340527741166, 0.26735848974010473, -0.1307182440838587, -0.1062126839798182, -0.4102738420231259, -0.19515345115406116]"
"[0.42982773006558084, -0.3790604630036351, -1.7918031893189157, -0.8565704155897698, -0.04520810657254554, -0.7293761127839664, 1.8421986496871157, 1.3802546086428118, 0.9157719143578406, -0.12786350565853832, 0.4893604958610308, -1.0656905758527797, 2.6815971249886936, -1.5914052654000561, 0.14314252851887513, -1.8702054911951471, 1.0798919534289584, -0.25874323723184667, 0.57986935553461, -0.8230901395428616, -0.2379127531084295, 0.3319343848360187, 0.7142729910734965, -0.6134865051412197, 0.32637342833957855, 0.8551670419627604, 0.3714678042637126, -0.47985103946623736, 1.0286144924974547, 0.24677346821799698, 0.2869675351489453, -0.3968403772432619, 0.7878735331828637, -0.7581032296629867, 0.8619272664759207, -0.5631265085584979, 0.546029716429941, -0.7176697843075784, -0.36408745436960477, 0.6117270631974505]","[-1.131078107333116, 0.4187153673707175, -1.2331636234387606, -0.6242786268833751, -1.263937412977038, -0.33981438775573614, 0.4566955667905232, -0.5042126074937889, 0.01076646794690306, 0.14929950997017258, 0.7142814982443311, 0.4404294727561783, -0.20891019775875488, -0.36659745123639753, -1.7303421351123998, 0.8634864870492748, 0.2601902612723901, -0.18276198269208532, -0.3145654956644937, 0.5809705525472759, -0.6245428722526424, 0.5594767463111043, -0.5669298491054329, 0.2817154130120543, 0.24318667820966094, 0.7323702769192427, 1.196349609655064, -0.36816711802762253, 0.22908364504169573, 0.27061322958163114, 0.588033121579932, 1.2546372002348805, 0.20136074912583257, 0.0920844412932156, -0.2151418601737442, -0.18463673777189935, 0.5114965750864944, 0.525808846089634, -0.1198731189264319, 0.159345659816255]"
"[1.2145865127303366, 2.0973648160826555, -1.5796797773425038, -0.6921383641519295, 0.45342230610388595, -0.45091892358573316, -1.1231631339722459, 0.6969941843714798, -0.41239673285859135, 0.3272452771504815, -1.9772151601945782, -0.5008806683675854, 1.3798711851710421, -1.2584303486737047, 0.42226972846498806, 0.9602759075665377, 0.373340243492593, -1.2350199811895544, 0.15099600483667602, 1.0615433490721582, 0.42148773919830024, 0.8966479440121378, 0.9030972404203064, 0.9886341068204456, 0.06301980249032121, -0.6377809551730063, 0.03563700443670464, -0.33679295038165863, -0.8171703810247815, -0.4672788844952148, -1.5087704380377773, 0.10773398067554944, -0.15103885919469665, -0.1054326168207981, 0.8049638027163544, -0.1912641480476137, -1.1285523618284232, 0.40208288932279207, 0.12297381480721586, -0.50343226733955]","[-1.0667273955842613, -0.15935657173280074, -1.1946112540587828, -0.6523584093088254, -0.9508178995034771, -0.15434127336095715, -0.897064014597042, 0.01179251108137594, 0.7471099699054825, 0.4420585488347476, 0.5691516949219635, -1.1457067466490578, 0.2602474711568741, 0.27782438718434455, 0.03994185006390073, -1.3498131386717602, -0.9031163294374716, -0.06364937334675141, 0.43655866719506575, 0.5264644374466937, 0.3982882671186721, -0.6519821077053592, -0.46074914901500885, 0.24511748870841993, 0.7270986998745579, 0.6981111183097722, -1.474232934771182, -0.3052434359832106, -0.773568334075082, -1.0238450894818465, -0.33247522825547693, 0.08178822347224632, -0.20895828109253076, -0.2847912831456733, 0.3773315206767925, -1.1003333666562403, 0.9410162286544143, 0.21447713941643143, 0.011627473360872638, -0.4563541488737961]"
"[4.221608265471826, -1.320672218092348, 2.138119415813626, 2.602258658592801, 0.3989878517737308, -0.14206170489467748, -0.1708718612095687, 0.1752358491593498, -0.0843351589681312, 0.46599758048632073, 1.0413061983269438, 0.4154612429788842, 0.2714353909804957, 0.051559288461331926, 0.656055438338956, 0.14224975425845465, -0.06160854530095491, 0.33730941704289125, -0.42690198317511363, 1.1326958236850906, 1.0294513764096698, -0.5300661633126752, -0.8431943173542966, 0.8349854543897611, 1.2606022047651033, 0.46644506418602977, 0.10969342842332912, -0.23652399097488383, -0.21434030431740284, 0.08263044608888875, -0.15014609259761125, -0.22483492690684942, 0.7498500253023834, 0.9170042704631279, 0.270261112697039, 0.27483117144407293, -0.3018010547585486, -0.714363097682271, 0.7585672518931158, 0.5453271871887447]","[-2.441080671964944, -1.2497354081935004, -0.15292449001057937, 1.2659388076440148, 0.12618049105451123, 0.13433510327838488, 0.05254301162773841, -0.01478853509004629, -0.8074376735362438, -0.3574358196398733, -0.591576881007705, 1.8087193901218168, 0.2583679519917577, 0.7120558095513411, 0.030572992932371427, -0.29968552484741856, -0.84283348235955, 0.359087470106928, -0.26707921866366785, 0.8010469519800534, 0.39991216447797157, 0.2921477397688721, 0.40310327958440045, -0.6806735291570172, 0.17841993975525922, -0.042978476709490315, 0.4658439183940033, -0.10706839151663541, -0.09681471177908067, 0.5011513679840536, -0.4975840702897787, 0.43592585071908174, -0.06094142067231532, -0.7991478191323177, 0.13745935507217097, -0.053141697918396257, -0.23424139052180917, 0.2977127261317009, 0.06630807068991505, 0.2719628352605035]"
"[-0.9345907824952682, -0.16080160459524395, -0.3993616727669058, 1.522325482718033, 0.9024344901186525, 1.3820831516374594, 0.20503391732094178, 0.6315813627463883, -0.9558978551207197, -0.7246156519863327, 1.4149704780882082, 0.34396458010396497, -0.08025086359631882, 0.3790021172255508, -0.6645253628519662, 0.11740202910332764, 0.2947343300171947, -1.5919250670676095, 0.6422917454536587, 1.451512347114577, -0.11930857402276107, -0.453382136321567, -0.6473207433299012, -0.6765599389986299, 0.3045385849497396, 0.7738354386569839, -0.47383939812974124, 0.7275674335345421, 0.7777688826471347, 1.7851100463776899, 0.3199848288772667, 0.46526617083800254, -0.6361824958460198, 0.039751383327090696, -0.75194389777504, -0.6644205245526491, -1.2984199592728827, -1.43033319771856, -0.6012065931998397, -0.2985197493964498]","[0.9918511532665658, -0.9588084526177147, -0.7132997534259935, -0.1255626481758679, 0.8389198048594635, -0.8982462108115078, 0.3610833909285921, -2.338520334384285, 0.2817720360166132, -0.24527612482169167, -0.33322606880038985, -0.515676367100325, 0.5179212140758757, -0.4511892273134652, -0.32413351775396726, -0.05944830979169754, 0.19808286513638748, -0.29951155234321897, -0.7251467471244323, 0.5355626193918911, 0.04592662288093461, -1.2932225778971211, 0.7525662095222226, 0.053321706416149785, -0.034298956732276474, -0.8737782215365659, 0.6998525118867638, -0.583546937534504, -0.6173142766012685, 0.40742564555071403, -0.21142943033532643, -0.8405764552371623, 0.3328221476253525, -0.7014926598571091, -0.6271121045440045, 0.4787078431342, -0.5229985289706383, -0.23912959682207396, -0.2931984396082327, -0.18410416290292736]"
"[4.451496844189424, -0.6448064950344299, 0.9032589721077698, 1.9985062857697502, -0.3928916013329297, -1.4843801373810195, 0.22827783717259711, -0.4921321355039528, 0.09031481453339192, 0.5336436049083139, -0.5941842497415533, 1.0851405722857919, -0.7625294407758785, 0.4522152964432419, 0.31717320544123767, 1.1405152518841772, 0.7327744540864322, 0.4462549861146716, 0.2314055280600552, 0.6501540402167028, 1.4347682488151863, 0.7165779639372497, -0.13383699941239774, 0.16734536813422568, 1.0560085359308897, -0.48822949151146733, 0.13425001270695103, -0.4950675146620351, -0.599547597996961, 1.3621533793850413, 0.05988804612943665, -0.28971478842681364, -1.0287253631950317, -0.46259917493400476, -0.4175850603589755, -0.3093620990661112, -0.5866950419357264, -0.24502582186919605, 0.5452432824858812, 0.47440135939832945]","[-2.996583061487402, -1.5624562538594449, 0.11215108663309303, 0.629876494487126, 0.12956326266282112, 0.9939882821035338, -0.45612177522814645, -0.2636850053037311, -1.0784729857169137, 0.27346947215883494, -0.8485643720613213, -0.6111339008410988, -0.2671012645056386, -0.28833618360033986, 0.12229306697237266, 0.4971475924404182, -0.17578138478256247, 0.6711276013100376, -0.48628009902605046, -0.41348221754570885, -0.2842393225673143, -0.4928897970060027, 0.3924833218110699, 0.2577134983333944, -0.28751003270739944, -0.40652191319790465, -0.7303547940598389, -0.051472714490499887, 0.009966021954958241, 0.7109855538590345, -0.3071928619488532, 0.29142464142008123, -0.20788952653845033, 0.41445730489058236, -0.054611644931781125, -0.002692892278006688, 0.27473394822923897, 0.05022405721798934, 0.025456696465231677, -0.37276266101957833]"
"[2.2030946197440313, 0.6376727971581936, 2.050002366398885, 0.349645165511923, 1.702046118517147, -1.196720220212596, 1.6632592593620994, -2.371330556495424, 0.5609031786061022, 0.12048255843783116, -1.0235217129064602, -0.42636040817844095, -0.13058748085000113, 1.5801045398464166, 1.138629630290606, -0.37601297320240284, 0.9141233156735877, -0.010626226045636336, -0.04525936569408385, -1.0934574767385135, -0.568666016298281, -0.1929759541229953, -1.5201507318866738, -0.46979550751473476, 0.14728881632553134, -0.2763797211428657, 0.4265118261901564, -0.43044735548107926, 1.5812668834699768, -0.6394503896526936, 0.1868719926895462, -0.05703025576344727, 0.028752171224171157, 0.15609298196542154, -0.5725083938515853, -0.8531969249610876, -0.23286402000022782, 0.47048012634954967, -0.4460337144475282, -0.8152568321784684]","[-1.10662488012659, 0.38574823682570514, -1.4509338915157526, 0.7450678815932353, 1.419145258686891, 1.1704215925317432, -0.3454207373348319, -0.7550396202090006, -0.655480384627734, 1.099627115082682, -0.2951521373276228, -0.16864857664443678, 0.37087662444666036, 0.7431263501116567, 0.3635015055187905, 0.02819701234295844, 0.031406451694612265, 0.30462184074048265, -0.9635902600334807, -0.03694285260780883, -0.57500029251755, 1.45074037074726, -1.1959336690611904, 1.0583957667250452, -0.5591465350037335, 0.07089829771102296, 0.46575875070565864, 0.2802945444033142, 0.3222801254805939, 0.22560438126519614, 0.27006925215666, -0.2275606870265395, 0.20325476155584252, -0.36067998583769567, -0.36511596504412114, 0.8986334719671639, 0.32751003660027267, 0.16187990759180151, -0.767236775014337, -0.12371260064711088]"
"[2.0056176711747775, -1.8849630769151602, 0.6469578082184707, 1.4242607090667654, 0.460430625394272, 0.02533807497054423, -1.638257488192654, 0.09204808437433128, 0.21418333199708778, 0.7145731036149784, 1.2631134250065537, -0.45734853513381035, 1.0448699409116122, -0.1548715329064579, 0.4200500131671427, -1.0434537550099394, -0.3447383866683038, -1.1367960476556118, -0.31896660503300056, 1.086444542078454, -0.11542089259547018, 0.17553966027536308, -0.7694857758661009, -0.8480094564691688, -0.9688135425351032, 0.8445527167428669, 0.3120166042719087, -1.1282681465281386, -1.4526116869478258, -1.1437190863559616, 0.32291336171518403, -0.005920405017405546, 0.5315033317303678, -0.45550966920588554, 1.4267766165660976, 0.8029612492257988, 0.3646239659148326, -0.47386320578914554, 0.7948726362877275, -0.9808843875933203]","[-1.9905498535349597, -1.4204433879346174, 0.3646241058679176, 0.27476106360135427, 0.20820390538184436, -0.059807748124718466, 0.05153093335140414, 0.26803443534624155, 0.24403723450115075, 0.3531529859920565, 0.7537050240842635, 0.10102936543026092, 0.5693523948411263, 0.369645131216624, 0.19999028186769963, 0.03599450384049596, 0.21662932975838833, 0.2142984417343558, 0.8448362057981342, 0.19359210403102386, -0.08327891879076346, 0.5398400099488532, -0.520670097783829, -0.12126262172203955, 0.486772953165741, -0.3154010252971784, 0.5797930140553367, -0.23323365773424987, 0.5114616767741003, 0.5939609923227481, -0.4072181280953054, -0.5623581798087078, -0.04050112934432322, -0.7917071244928359, -0.16500276531934693, -0.1665471985921381, 0.11885603435756938, 0.8628266192361177, 0.23339395570688665, 0.2098502742925556]"
"[0.18761720370266355, -1.7988886918666946, 0.6469314325025284, 0.06480604593375991, -0.3359049282754499, 0.7347084961582493, -0.52280092041294, 1.0808882245975238, 0.13592523636235618, -0.5134069951674849, 1.1189718558149293, -0.5867302133712325, -0.8813063405036684, -1.0327000588945041, 0.8167217197261984, 0.1691893782191668, -0.028757661729935793, 0.3974427456231435, 0.4169058433108164, -0.3152626340428891, -0.9121942759841287, -0.3100806405821403, -0.7966646461194598, 0.09540745585946145, -1.5905508140563798, 0.9597988223229191, 0.2750393667198444, -1.2146039371317916, -0.8320131704342812, 0.2468382019196291, -0.2621048585134233, -0.2827169489798826, -0.9596803729088514, 0.5766970558007841, -0.48259637729969157, 0.15977112674613128, -0.012870244470166365, -1.0418341525452202, -0.22038296057776957, -0.4900664897816887]","[-0.12030414909933868, -0.3964826412595936, 1.711952020915869, -0.6550881976896646, 0.5015616690467566, -0.5186169940626358, -0.7805505354497876, 1.3229883264352411, 0.5304963051372833, -0.7252249317474653, 0.18714725287722228, 0.07419720116758446, 0.7260753287527059, 0.035282152288419764, 0.29580945158558186, 1.0941961805479978, 1.376938136683392, 0.30251561427166807, -0.5895996517535523, 0.5246729381525872, 0.5687200512129293, 0.3195040013001931, -0.24199692798288538, -0.5283195867856306, -0.3605572355396711, 0.45165291376704736, 0.5451700339045894, -0.8952816952608055, -0.10140623235500483, -0.31604213658246155, -0.10918059600926491, 0.3231353883370784, 0.39528706274009784, -0.251504926396503, 0.010450423957828168, -0.21154378625117518, 0.09873713348913356, -0.06800101302506224, 0.02173463698469776, 0.7200180657669227]"
"[0.3848862673920738, 1.598203815817005, -2.86098168953828, -0.14041236496683226, -1.0098321975937365, 0.7432980456925313, -0.4655818634856345, 0.27826939566253794, 1.0305149894262515, 0.7220285667091154, -0.7659963210521062, -1.1591069809425727, -0.4653590638295181, 0.3649474522232935, 0.6032998811290244, 1.1130609090400998, 0.16800985600133647, -1.9258701186876601, 0.7301250329686984, -0.318962401757174, 0.36037636159924663, 0.08932695957373066, 0.8293140585423393, -0.012615975495497924, 0.2397261555978554, 0.19101452908890015, 0.9789208344850706, 0.4613578055496161, -0.3159996699067281, -0.0027497535597247732, 0.6213903622905206, 0.07848786611261109, 0.8006784672144743, 0.4574901183992054, 0.25965163061768093, 0.18969548385254248, 0.33345858535943407, -0.21660257885429268, 0.5682620785647972, 0.06306073315110965]","[-0.46768424310205214, -1.3265302210252916, -0.5114105892838893, -0.8215116500289238, 0.2596972551028623, 0.06742925033646179, -2.0393241576050025, -0.2491651538453669, 0.006946673579268876, 0.266988676908332, -0.10792178869791552, -0.5573142329880548, -0.16314688257995358, -0.30835765364521533, -0.20887080950589473, -0.20427221106808746, -0.3490305557889748, -0.6172066364816645, 0.2095887519920569, -0.1982667055079592, -0.3712246993633139, 0.06636439247842643, 0.23499549014159868, -0.12284104336611328, -0.14601428357452598, -0.5395891491372018, -0.3861042547526733, -0.46244174220292067, 0.47292266726480103, 0.06611703251691006, 0.516033730160102, -0.7462761271802675, -0.06815620026351532, 0.08914997427623099, -0.42809973190131895, 0.4544910854806747, -0.2905535551266362, 0.3081332645602219, 0.2744871054876484, 0.27652837845993766]"
"[-0.7298609763071414, 1.1430606036487512, -0.4980318973718549, 1.3511366915851653, 2.6136112176472768, 0.8381929342201343, -1.969637181638969, -0.35795914311529514, -0.14243021158780947, -0.24104605969200368, 0.5932072553929888, 0.12548724904031403, 1.3472865999971726, 0.7352590966739959, -0.2953471359473882, -0.7719161406060763, 0.5035207382712643, 0.3023278876007845, -0.08890850503638036, 0.9345178327336893, 0.2898688200937549, -0.016820657556725502, 1.161298795807073, 0.6606480331286958, 0.5095992589515351, -1.1669617619438304, -0.5065791609766813, -0.5149155680466302, 0.10826024068370037, 0.28763010199259853, 1.0557694315911033, 0.08835315212882101, -0.29120242722398215, 0.5702071419480597, 0.4610271988116821, 0.24801544404602777, -0.2866398134942035, -0.15912117768416004, -0.12159421270543602, -0.5242404679922238]","[2.0329616324864985, -0.345728115533556, -0.8903979777421068, -1.540797872152348, 1.3100945358953464, -1.2766513464478049, 0.6035372378420051, -0.9193379493679659, 1.073476374948948, 0.9643917609638875, -0.909749949733514, -0.3443832617312009, -0.8094185524156412, 1.06169861819863, -0.39062459753835027, 0.832101190213276, -0.01482199521953216, 0.6017148479949882, 0.47256104341955657, 0.15658231644332535, 0.1748183982256548, -0.21676705337124882, -0.19580638913324847, 0.9034843894579339, 0.6963747749220595, 0.43254569345791793, -0.07730358525898928, -0.3744587097357443, 0.28838742533993844, 0.06707601555051594, -0.3767933567252965, -0.006094998560527231, -0.8614849465227643, 0.4124681354635712, -0.006076954459946031, 0.5822547108274803, -0.7051656280293024, -0.5027607923822393, 0.5360196623470779, -0.03277672151766748]"
"[-1.8965802725419707, -0.2643811165106332, -0.7860765601539612, 0.1771305653785419, 0.4389824189886298, 0.09259907883950831, 2.748121420186179, 0.1951125088705847, -1.2647311921639914, -1.73887607775535, -0.009152336613996693, 0.1868271036906167, 0.2877903269340858, 0.31537278679097663, 0.49645392797998694, 0.3326997245422459, 0.30943712395765094, 0.8118479874535255, -1.13991888238565, -0.6452659991511335, -0.6809324323978904, -0.6737285504417275, 0.7510434534786539, 0.060658274044996636, 1.0960661652829002, 0.5919477114773262, -0.8536946833501933, -0.0797293663627831, -0.4445855316747489, -0.42854892304467074, -0.48925949544239533, -0.5098562988430183, 0.3645777512842297, -1.2155915835896383, -0.6600399469568133, -0.5044918128961836, -0.15176625181342798, -1.2054322103429371, -0.16028977309019576, -0.5473439728241264]","[0.2979766811064664, 0.646122577426955, 1.0931399543733236, -0.6265653177840214, -0.356201307695597, -0.2811220977761618, 0.6009972079893294, -0.36285164827438676, -0.5329042917597704, 0.05577651139066044, 0.7192181900837795, -0.5055595272699995, 0.8938815947826806, -0.1982475718088901, 0.626555672205368, 0.04968290144209192, 0.6259521779098208, 0.3701829775079696, 0.6068002325962134, 0.889258501481514, 1.2871268087001724, -0.07470232333246463, -0.41785206326265867, 0.35495514659591915, -0.6402282012604916, 0.042198506990010605, -0.9884004206595879, 0.24440157763859335, 1.1274355919625099, -0.005150344539896952, 0.5535566311721416, -0.2584369784422449, 0.009942128318303073, -0.3379140342597736, -0.10431820588953622, -0.12996949492640453, -0.46095588951188576, -0.5691540572020276, 0.1833521732905124, 0.3376177566329169]"
"[1.5089987385336288, 1.1701753550109684, -2.179393691298677, 0.4162126452854159, -1.3206048685513545, 1.2258300652198784, 1.2547901483850272, -1.2099743315087332, -0.16471213674031765, 0.3441564934799657, 1.0923158920847507, 0.7195218957863698, 0.5268039875192634, -1.0708647559720363, 0.5928865990639118, -0.8257352826950677, 0.4485160797766103, -0.6207966011475958, 0.9422884449399032, -0.674968669582633, -0.7643094153250531, 0.7217996921127079, 0.6595007451585794, -0.2410675584022324, 0.23941962592401708, -0.33083327197991186, -0.2183445169273808, 0.48023719029217204, 0.10433761543935446, -0.9038442188346925, -1.6301667332087613, -0.07469206488638042, -0.0917408698341883, 0.9624681542728052, 0.8051979785420942, 0.039184666883715094, -0.1089109357495335, 0.2889243828484317, -0.45035672138267757, -0.2922923376331767]","[0.12638901992580315, -1.3145358502576987, -0.9917258116930718, -1.1492371355631883, 0.37820161794297297, -0.19247045874544047, -0.9457619079951778, 0.5692110368860136, -0.1737400445508165, -0.748312516989086, 0.7426665242351157, 0.8594837321768547, -0.32802328857026836, -0.6175638710980926, 0.06366911550459126, 0.22907328836242705, -0.23438755146877638, -0.343114865142823, -0.5396461228258649, 0.5187458227443438, -0.29525301666386855, -0.13330774591302438, 0.20647153263253012, -0.48215093146532273, 0.31330571544772184, -0.3643665024220232, -0.4363177603005752, 0.023282317994401037, 0.33495191556152576, 0.25997039679432926, 0.374770486876633, -0.1524193844999241, 0.34821139428475106, 0.6339826868862437, 0.45054554170783273, -0.8657713641919921, 0.29142525419989107, -0.6022774662179743, -0.5794495327632536, 0.032314108240342046]"
"[0.49948076622157284, -0.14587926322699962, 1.9452288130137187, -0.7890130817465956, -0.8334868334097814, 0.5960719663005447, -0.6806621700673962, 1.6952191399406227, 0.8488051298722615, 0.4316272967719992, 0.47085201963082807, -1.0577212812168992, 1.2872639548332814, -0.08163127291031344, -0.604146196035662, 0.21989360985041106, 1.5942960641783768, 0.9225948918698685, 1.3052970850587198, -0.28885391108017244, 0.2466605545903932, 1.456437689205921, 0.17678272380109966, -1.2545160243646782, 0.6795995954415859, -0.17103583789611254, -0.6676380415208872, -0.47882571721173517, 0.20840751297114657, -0.3217006060277158, -0.4725816213706597, -1.5601111427480936, 0.6296495662180422, -0.30907462001363734, -0.14374403109241726, 0.18542108458006845, 0.7839044663143472, -0.574952520621206, -0.17426961001371236, -0.5034850784088177]","[-1.7970720159823181, -0.6220534621586222, -1.1039174025597926, -1.092647685544533, -0.4786302012867316, -0.09318707642793969, -1.3714965237489096, 0.3858628524620124, 1.4502431778349008, 0.09143329523914442, 0.13553325403591215, -1.2556001725623163, 0.18413860569358123, -0.059762981750867174, -0.618012626552955, -0.5653935051015783, -0.13974007191692553, -0.3263291388779736, -0.5862233945003129, 0.07119318001715334, 0.26502562083527303, -0.12535232177937425, -0.36927016502899146, 0.5971770690402477, 0.6730984850642104, -0.08177607222445424, 0.20275662093197488, -0.6462738183708671, 0.4954729644195828, 0.7254640832495166, 1.2978019141823538, -0.36491709015026086, 0.11742558938628239, -0.022311410399055733, -1.0484768602325119, -0.2520820071332714, 0.46068130974699306, 0.24155442911181607, 0.3213365657764889, -0.1232082585482395]"
"[5.596702751006773, 1.8905315057086702, 1.4792129518931196, 0.7766853855042524, 1.1136199637938156, 0.7844930212972249, 0.9276152455670661, 1.0792250773465675, 0.1349258840366451, -0.27428831961551975, 0.32920829132201535, -1.1108154788549216, -1.376435900838115, -0.17949133260691438, 0.4899666597176745, 0.745630661211704, -0.20843017672256475, 2.3889611451101476, 1.3558551880066076, -0.03616021112095411, -0.28547811725990085, -0.02927466720353634, 0.25594171894579, 0.37362856763381624, 0.7298575694556041, -0.43479572713929265, 0.3205481761378448, 0.32669118001209185, -0.005697309732774789, 1.635518852979349, 0.040706050266771945, -0.4215806105343731, 0.38934752313175375, 0.029369928154834943, 0.3580757424869751, 0.5175207440011179, -0.9008091108053022, 0.34567529769910316, -0.2613938694956674, -0.27463461269339223]","[-0.4116185912032643, -0.8476161668375999, -1.6262355090466143, -0.7839022617860368, 0.39851189152948935, 1.3840490003227737, -0.3068614979280126, 0.6820320685155474, -0.23515400702572498, -0.5781442599238571, 0.5817480250362841, 0.8951238960228469, 0.8671365732513924, -0.652565069411747, 0.3203210499615033, -0.1332591053336165, -0.30496497009088847, 1.660628315722202, -0.07712525710278127, 1.0217516478902517, 0.3804664279510833, 0.5064064485366475, 0.07977550305173577, 0.17072314776060935, 0.19462235193213806, -0.383691747085918, 0.1990990859653702, -0.44695868081622575, -0.42273080601870927, 0.8260916670844657, 0.21193788830382074, -0.17858759842455985, -0.6026942704959428, -0.18003754282463832, -0.12169142800707057, -0.12242416334690548, -0.5036939365578493, -0.16443417801268634, -0.36382637538965856, -0.05098829047447539]"
"[-0.7822611492285882, -1.6028015814290724, 1.2138627018212629, 0.6904275523156755, 0.09482882416822186, 0.9199769560147647, -0.38847381973173856, 0.9319036649882267, -1.4841026737255407, 1.7617576203353085, 1.2587415252527914, -0.4090647214215852, 0.6067959723884203, -0.2547736858339218, -1.6569271930780214, 0.10951238369958603, 0.030697851153531193, -0.2513717106622798, -2.118895795223976, -0.0741329757664306, -0.44407074949227904, -0.12324282342612751, 0.2746775339142868, -0.43307361599093, 0.5602029916853292, 0.24372247235962097, -1.073169951606435, 0.44932443811099987, -0.1162307637369153, -1.1319509721997816, 0.02355249554417673, -0.6949872087662975, -0.7892250905229381, 1.3863463318837508, -0.07677430840071736, -0.928281709817687, -0.8814433156130083, 1.1101026135832717, 0.1627307829653701, 0.3646232305047624]","[-0.1044467144184826, -1.4914622868899876, 0.4766672574140332, -0.35696972789287224, 0.3354772975948991, -1.1435934951708817, 1.2299550199904001, -0.715260162307753, -0.12284579723891263, -0.31761907893806984, 0.4704179077210555, -1.0123949954028195, -1.7752375619502447, 0.6286519929272874, -0.36865623797320146, -0.03132121800070865, 0.9731261293523311, -0.7183548580752462, 0.0338492017540523, 0.20661279234713775, 0.6565999212410133, 0.25178406314585594, 0.30281343850365877, -0.6512068117612523, 0.10517246406799562, 0.02312138212628556, -0.826768421451334, 0.18708533318390141, -0.5361545491754529, 0.7639408942110781, 0.5560641992087625, 0.4196716518428184, 0.4659333100081463, -1.0529151899056572, 0.3559997333000015, -0.2330669229980522, 1.37657974690454, -0.34045719657965373, -0.03434281697547991, -0.4511132291795877]"
"[0.18812360563324984, -2.5603209193392087, -0.713797308889008, -0.15003985983975965, -0.7348159342208614, -0.7764475437128233, -0.5566065756957322, 1.6533731935683136, 0.043163720074867636, 0.342570268023876, -1.0393928035132953, 0.5562178676300416, -1.3635550201944184, -0.7238558888818096, 0.23043952677970655, -1.0746480735606303, 0.9675478778656486, -0.2200631870478376, -0.8330408745468526, 0.10763677742616774, -1.4472260944225996, 0.712373304047702, 0.2357833809155891, 0.6064655629879834, -0.23844634903888617, -0.7759530091513485, 0.7093056739753838, 0.012096419177682626, 0.37212401097267533, 1.1432994206028135, 0.7914587224923468, 0.4506408244436583, -0.3248677538369858, 0.7085849740093283, 0.5578532861937205, -0.06719574347055764, -0.25393102066832374, 0.6784031046145198, 0.7619488387877056, 0.14192559920067754]","[0.7173983524579961, -0.9226923918914608, 0.9771269672475268, -0.9052857126004317, 0.25897610194787307, 0.6122868625106339, -1.1613812115933138, 0.6090172243706239, -0.4008514715779517, -0.6827931959748336, 0.08468358044298616, -0.1279807281851494, 0.6305406967691655, 0.3610198427818219, -1.0637241177536645, 0.28222118801482704, 0.32283887028018854, 0.1665094855211944, 0.6862325756255628, -0.4121168885892187, -0.3504232864200221, 0.21671769724544007, -1.0319216047691826, -0.7145803424499151, 1.1029148477815738, 0.5644807808411269, -0.07277071210067658, -0.5996803083188648, 0.7218257304588735, 0.01514741085100598, -0.015176691376294613, -0.09722131294185486, 0.4764204239442204, 0.39626763863225223, 0.8919078903619035, 0.9553356261205878, 0.005344611205533388, -0.7137258949837547, 0.3796975296432768, -0.2781821411321974]"
"[-1.678753968509981, 0.6361614832635054, 0.22372278764799203, 0.28676328512498295, -0.6942197428987693, -0.5014917017863637, -0.6029206363328753, 0.5771051989597057, 1.2537728933345722, 1.2811582952773735, 1.1372101798661296, 0.7360096331614833, 2.5196273479554785, -1.4399605413905194, 0.18045882206606423, -1.388327074919882, 0.27227037045136215, 0.5058805191708636, 0.4480120788441665, 0.7592664717370115, -0.18316302468782555, 0.3224206908285946, 0.0350134997544239, -0.4387039445051927, 0.8341403707250253, 0.2262281437728987, 0.6484092121551457, -0.48070871839843554, 0.8161564208455907, 1.102085736495975, -0.2998162109729045, -1.1167161129742247, 0.9252528163824055, -0.6929524772298884, -0.3513925067127347, 0.619447951596229, -0.12492278035571315, 0.024432543713349346, -0.3048478224865233, 0.06544410631991698]","[-1.3315124930236613, 1.134783888874246, -0.6470341693479982, 0.5385985976286358, -0.8598664389098385, -0.13529412475874658, 0.25032962137912257, -0.07438054863092443, -0.30261401607526417, 0.153507268804188, 0.26009764535223895, 0.7621533714917256, -0.16316674067268644, 1.0634325558050706, -1.742458658903705, 0.22787107320612623, 0.0009281273585227387, -0.4875787586472321, 0.580471208724248, -0.503211675335139, -0.3771345947602022, 0.45218367175722646, -0.3403986566026345, 0.22185374681598394, -0.5031349665152574, -0.37215744819319824, -0.19338107594520637, -0.6185269336183623, -0.2698970389183767, 0.8597359779731625, 0.1634883198380012, 1.149519027679646, -0.5652816176033547, -0.24436340689849476, 0.12156925042882755, 0.08371103457315475, 0.2820213506494929, 0.004417600155517152, 0.4511341546973061, 0.007476746498968255]"
"[-1.584477160672949, 0.8323908623108431, 0.24666418401861562, 1.7800423068520512, 2.860766352015914, 0.15402404112186494, -0.6999683670521504, -0.052134824327901376, -1.4754108325653266, 1.2604109929439455, 0.8091737128111409, -2.02417552037632, 0.90744919722447, -0.15877713108187075, 0.03079994523826451, -0.7385701003910548, 0.055132196360623074, -0.14125568376156375, -0.2222842793826575, 0.12221875913198038, 1.1238465174339278, 1.5063766691373563, 0.35545373368816413, 0.34019105665144894, -0.13203823054649685, -0.1472465335036093, 0.11727399255020003, 0.49841632820539783, 0.01922931202378505, 0.3570073968032608, -0.8611896692086275, 0.2472267708918614, -0.9101932484321504, 0.1996216236863619, 0.2704422854943512, -0.7738851712014038, 0.44385460622400075, 0.055717005029769735, -0.3250181314585747, -0.08210813819213593]","[1.430032168363008, -1.1571037538261904, -1.3350254527111447, -0.44624192164641935, 1.3171020767632637, -1.7550395643430672, 1.15990005436609, -0.8043582465052154, 0.2414518453103498, 0.247905236859357, 0.3499305507324946, -0.06381570045136492, 0.5198425840823664, 0.3866612140608496, 0.13525844236713766, 0.6622575515354668, 0.9384676064747252, 0.47234260478889634, -0.5383504019375434, 0.4461441159514676, 0.3312010684948761, 0.24081242661547525, -0.11523634303655704, -0.06671517696097573, -0.004904062506693117, -0.3940522758668445, 0.4987645854425171, 0.24264396507163177, 0.2393340046316574, -0.9280676282752323, 0.03066260515702772, 0.25984006519391556, 0.5532352577521543, 0.36693897165919726, 0.6893843950198557, -0.8142622012687403, 0.2889617113776738, 0.02513545493212712, -0.15203172572917403, 0.37948112450909416]"
"[4.302150047247572, -2.027242339785826, 1.0749347060727914, 0.7222653974254444, 0.13248446081022625, -1.072342935243542, 0.9312315673169094, 0.3516663387980771, -0.8686089007137229, 0.15761658695223982, 1.5858815381449438, 0.5790671541512568, -0.15517329959992174, 0.8067772664766979, 0.35715166250302716, 0.4336505129949121, -0.5349945552468638, -0.5436363908000965, -0.1083446406693911, 1.0205172673548022, 0.44283981884547297, -0.2849099143235716, 0.12966707271185954, -0.11785890245929365, 0.19153047409836968, -0.8427885778444443, 0.5156130040487298, -0.19114098497763535, 0.2544868110368336, -0.23690704784725342, 0.8340686107853487, 0.22414322182039262, 1.0543746251843538, -0.6486775337970385, 0.5726152550936547, 1.049722795758811, 0.4673553283611335, -0.09976397947108831, -0.440994691511055, -0.9553694979874903]","[-1.1778261761440796, -1.9089971655101392, 0.979027235565671, 0.37444626139950943, 0.5160121948812773, 0.3257302519388299, -0.15015643338684484, -0.30226091321173915, -0.564874841353814, 0.774046920568015, 0.25450981992147176, 0.2864322207451073, 0.45523883798260206, 0.38777675212077595, 0.5439906924120804, -0.08493808400638186, 0.13640167351982266, -0.336318736210857, 0.9981710817207304, 0.27798535759947474, -0.4611610261007482, 0.8753981083450599, -0.7400359988607342, -0.10734342169899103, 0.43126901265053713, -0.2549754533756149, 0.588098986812862, 0.06347632228999274, -0.01055361772365499, 0.7878555209066882, -0.4128072240154232, 0.2562055335018927, -0.005893019083617064, -0.5586005864730353, -0.288287059140198, -0.21176395802641929, 0.07748178097729728, 0.25113473673255904, 0.00310382982071816, 0.031961387321212835]"
"[-1.705873844339077, -2.247167152184145, 0.8239284167581943, 1.0461576860611486, -2.6781790835606394, 0.09544242933047026, -0.4355810246738974, 0.4544456978441098, -1.1821761450394181, -1.0351258100674328, 0.6476570260250334, 0.5783651097491764, -0.6301874193376213, -0.45252616248048755, 1.8770278426294873, -0.09304805393918193, -0.7377830029248968, -0.17675377190478106, -0.28813992334950544, -1.987080101136808, 0.6074238955452816, 0.7275549836520848, 1.1161633996581537, 0.6663863542897244, -0.7210575696517143, -0.5121550129515168, -1.2708078485423415, -0.01940276602953148, 0.04930805008116477, 0.09256635023635158, -0.33496095164398343, -0.7386751214947792, 0.4277261569794644, 0.06588811209586329, -1.0348113428707395, 0.09529021328048276, 0.13134456244686224, -0.16296994517369234, -0.7493266829497239, -0.023614310310426108]","[-0.38545466745672063, 0.44694202976890224, 0.01944125697852767, 0.8084254304788171, 0.21946137036739188, -0.47138796969523417, -0.2645653680201178, 0.18174284663892082, 0.6999297671260089, 0.22842859529211693, 0.3221028812882352, -0.051019239951283615, -0.9726744774642815, -1.2063517900966978, -0.13136212341395387, -0.08375650788947389, 0.31045391225800967, -0.1297344232363945, 0.5562450817438457, 0.027721482084573385, 0.747121256262875, -0.05214647741932, 0.6189668738916436, 0.5684239789208902, 0.10372754242598321, -0.20606667601937176, 0.3741127234673982, 0.3029256766664489, 0.2167050106648115, -0.32023487854896215, -0.37693237464321094, 0.36565833210975274, 0.69431183508496, 0.8468481706891174, 0.013686561953273967, 0.9215181943355665, 0.05364436779657108, 1.3173900535161531, 0.16340050122536637, 0.4886204847392511]"
"[-2.888065935842905, 0.732120805394862, 1.1452392061041268, 2.2202994149991957, 0.0844394702801283, -0.8473640881359991, 0.4648767407843833, 1.974159278719161, -0.717821232281699, 1.7119617302104384, -0.8339340204595377, 0.9334627936967198, -0.6318214674892259, 0.9381175803088094, 1.960155970819695, -0.21379570977702442, -0.35405570625041666, 0.2194665787628683, 0.4367086275291537, 0.5922529132558996, -0.8008244636596882, -1.3787235696835323, 0.12101834241163137, -0.7435783417792837, 0.5212816030658004, -0.8787587697012839, 0.9171232562645407, -0.18263137569226975, 0.123033701311969, -0.2914942487764929, -0.8481729638961855, 0.3860731416576248, 0.3133674274925538, -0.41118034025774997, -0.2960284978279915, -0.06400978732525832, -0.06285737626723087, 0.30269506487074305, 0.8536566323974415, 0.44666728184450477]","[1.8712182572351435, -0.3937501833735195, -1.0001752417253618, 1.2512696013076032, -2.372657081868992, -0.06695017363728589, -0.034569770455623275, 0.35457749235330555, 0.12844171964051573, -0.8395467542764615, 0.2189790894621446, -1.3891946612285053, -1.0865077560575145, 0.5029239242188883, 0.9547109036632331, 0.6617541735980914, 0.9464790124098899, 0.45986627758996923, -0.9703867153609811, -0.5397543606693284, -0.27754140958507384, 1.0292163215865726, -0.5297200227938421, -1.0557825724551213, 0.18964811753178498, -0.5615280344382935, -0.7550440759412341, -0.2215461660071588, -0.2631619284703072, -0.5825262780199847, 0.40653630673213254, 0.5051525656499706, -0.024367603795300157, -0.046228832947726936, -0.5325390818121084, 0.2779802963783257, -1.0043242746600125, -0.03470386126485405, -0.2715791897559441, 0.8029863960269246]"
"[-0.6227841886043617, -0.6999109109804484, -0.9549482286677893, -0.3572900419727383, -0.7809616972054918, 0.10898102560985776, 0.3070805393593814, 1.1293821414592244, 1.3058436206800659, 0.41219978631972815, 1.0180467205251997, 0.7973019377666699, -1.089209344468592, 0.20562011031666227, 0.5757039844766925, 0.3180020409623438, 1.3906152786326618, -0.452620233097285, 0.5007832339633025, 0.5491533109660526, -0.9264319900149832, 0.6823571274994458, -0.262294783357811, -0.6201603170633488, -0.9009441347727636, -0.5887353182729881, -0.9043844006287446, 0.29584256268109554, -0.10483266186388396, 1.139981146951359, -0.5005144000611946, 0.8908333364219652, -0.8348993787779911, 1.0814985809464028, -0.2948851528834364, -0.2518272828458822, -0.40955363339302925, -0.3118763913679946, 0.06087489278037931, 0.24860746783393223]","[-1.2342053740061198, 0.8696217521210449, 1.285950458415284, -0.6616887590677868, -0.21878133825679522, 0.35146241176817516, -0.31746939819531755, 0.5248161309706766, 0.7731129161475502, -0.04077810638611953, -1.5762930760916398, 0.294899847142202, 0.5392356721776502, -0.653612572643752, 0.3195294798138512, 0.19750735782740592, 0.33457202520882573, -0.037762117995294914, -0.0720585493486678, -0.7598973130570335, 0.48989733521980716, 0.05201727745999292, 0.18392483118280864, -0.17155812882759755, 0.8255457605403232, 0.09253443533709875, 0.527129398104367, -0.39696793357826043, -0.5953116723439876, -0.12748292089415356, 0.5334360201310233, -0.2941822879644064, 1.080189632364442, -0.04795249581090191, -1.1335781538127179, -0.3588332511203508, 0.5278630488352871, -0.0006321220707467236, 0.22075555728305737, -0.5163045180237834]"
"[0.2585048121618475, 0.21637538144120935, -0.8733076801516382, -0.5788240743639073, 1.6562864818285228, 0.741031981747222, -0.6296952440060889, 0.9708463943212537, 3.420652269263406, 0.6332023085967917, -0.05155465126897893, -1.0544269209863324, 1.0382301469112776, 0.6346972952129648, -0.35942591977064414, 0.10258314810954536, 1.300191338291303, 0.697095754866351, -0.45438370844990916, 0.03633496336392051, -0.14913810413236467, 0.40954837750726775, -0.26477685348636953, 0.35640346553070473, -1.190804098773695, -1.0493409136974587, -1.6225293018634712, 0.06935010147289876, -0.2543238411275204, -0.859269232483011, 0.6298267080431875, 0.6786775997473745, 1.0781217467060287, 0.1157448220993042, -0.23037178095170488, 0.6825588610290123, -0.1755920578339318, -0.9853553931049057, 0.8449206394841555, -0.30145690178032847]","[0.5292630794078392, 0.7854819735288, -0.32950286698632425, -0.9160207857809778, 0.31258741437354043, 0.13460015958054825, -1.0827981864080571, -0.6583408852962609, -0.6175464228300622, -0.035965178722653646, -0.9123673547055505, 0.8891441968153729, -0.29276043327638995, 0.07519370019214278, 0.7684619267009662, -0.4082810380028017, -0.1413748473296305, 0.5103466218832339, 0.9993503065513635, 0.421948097922588, 0.28123205576134336, -0.1444884137109113, -0.6321723748431197, -0.21232138613088766, 0.9931731192439227, -0.25108823615314074, -0.5445235429396164, 0.5540877895820602, -0.29150795687797376, -0.05318478210138291, -0.25704055873818954, 0.20116667647040803, -0.4436100345675408, -0.41790402087567763, 0.7819129103657739, -0.9429731737932935, -0.5209165761052945, -0.0998943528415015, 0.3620230424950621, -0.8537147148861378]"
"[0.8708649506867723, -2.703057343004848, 1.3046676622088067, 1.666511558366836, 0.5437356071348276, 1.0760523096742185, -0.8023049438902788, 1.363749783258013, -0.3302368656230095, 1.6655521601181018, 1.0022479946147, 0.33609658634785017, 0.5757595168054964, -0.03450032970390451, 0.9535321987453118, -0.798019665581407, -0.7120534365824788, -0.8436467273517525, -1.0383614938650976, 0.9764813755041686, -1.5445750228644202, -0.09327356159800135, -0.5043237890720241, -0.06655652698506714, -0.4250105181585112, 0.7284957493782971, 0.47532238554350276, -0.0453849038737426, -0.7069603669086335, -1.6749322177440162, 0.34888418053735165, -0.11315204863134877, 0.021233650579766405, -0.16603357599458649, 0.11841573544765265, 0.2821158546776445, -0.3091230686460857, -0.21515506109839572, -0.11137249868251227, -0.1876509356232065]","[-1.3161428526562509, -0.9146307986004499, 0.5744811640683526, 0.10179228456612151, 0.7426604372714337, -1.1319209681746782, 1.0361159903892467, 0.9508699946960879, 0.6047889973716791, -0.7504933846588755, -0.1207562767939244, 0.48070208013619264, 0.07432641911750146, 0.16624161054889422, -0.1582248003469786, 0.7145963934179824, 0.735736847393886, -0.02016913118189371, 0.04162196202156279, 0.14291732654075057, 0.7642195254011213, 0.008863096171881664, -0.1373778210144705, -0.8841125709477942, -0.04447643980033229, 0.5955990934300172, -0.2035162123715845, 0.06781409575787885, -0.29472041829323387, -0.6689922568106065, 0.12762718100838974, -0.6298532228247103, 0.36022615207506387, -0.7635591844687208, -0.023001266308942638, 0.38669326826454686, 1.0127897335318177, 0.31823155534614606, -0.10197465188416863, 0.48545839497882615]"
"[-0.5114286096912043, 1.2602010233073515, 4.7897002636826675, -0.599569200646192, -1.4857499205208153, 0.9539390979515496, -1.3839627308720304, 0.30773259353154553, 0.1877149603151907, -2.5938643612171948, 0.7730966956090126, -0.9050721773067687, -0.36749311968549, -0.6764571449642443, 0.7344925437743138, -0.0020929214592934936, 0.2408013951123902, 0.14746128623680288, -0.5078135400981246, -0.19863681255200555, 0.4174794365797863, 0.351009150456581, 0.16041216249070758, -0.7595105384603491, -0.2944283942216629, -0.6378375592550558, -0.5780212671749231, -0.21903508327284513, -0.601751218317029, -0.2982582656671534, -0.16441246532731704, 0.476305612434112, -0.6819193130340984, -0.164800030407823, -0.26074345646031616, 0.11167796648461156, 0.1318350918279151, 0.3524271311266251, 0.3311566494868723, 0.3858689997628038]","[0.8284722244307162, 0.30909023164225097, -0.8114544688949332, 1.963866731057718, 1.6619460155787158, -0.32104525188557587, -0.4488208563114365, 1.3999763416330984, 0.38086041205437415, -0.61476133332043, 0.9314479625924028, -0.41985894476038715, -0.2957462003695275, -0.49929026254794223, -0.10242705597683134, 0.19466449614809592, 0.2784890394615494, -0.41671471130897925, 1.0520800128526753, -0.5230426815211768, -0.16840100604749497, 0.9239762210488098, 0.7386035567107496, 0.13331034248947332, 0.7008956896422164, 0.6272853934082676, 0.09785993749740753, 0.6295757911659972, 0.6381637787412081, -0.05915342101853929, -0.1466701257667505, 0.5319330133713798, 0.1416872877805078, -0.16572102577415485, -0.3092290430191829, -1.1507466488084213, 0.06323078664942809, -0.4736480767934488, -0.9468888000972313, 0.14009161162501516]"
"[-0.8808616504570932, -2.592417624447773, -0.9796501451761264, -0.23769541185057638, -0.5112091880193481, 0.3681280901040296, -1.1627115152765433, -0.6842236462895686, -0.8286960348344407, 1.8259777954571828, 0.8580605357301824, -0.5128925512038364, -0.7010212522840561, 0.19297179512520155, -0.49990874389454687, 0.2574532135221031, 0.29120956269403686, -0.14530766400088194, -0.7435105061614223, -0.6444247405684905, 0.09948861412903533, -0.4885617457121168, 0.6096265317373035, 0.514724749012616, -0.5400879651853125, -0.25545162319861664, -0.22534612931489686, -0.8019328963667431, 0.7103155526282452, 0.7994020811033118, -0.33920231224461966, -0.40381872061270385, -0.28636646451444137, -0.3344132575048726, -0.18536264169673766, 0.46892840313032425, 0.7051930293775128, 0.43041069238515095, 0.46295763585777894, 0.5352185495132799]","[0.8471509783290498, -1.82601719693031, 1.3386278647256984, -0.6096177201664321, 0.2981475339441761, -1.0964142007388686, 0.9540692903230802, -0.2507055615366326, -0.8392378996613369, 1.1568170888046556, 0.13044636442102445, -0.34125653528609123, -0.7311426028963497, 0.439033428304586, -0.13450324339728845, -0.01617503532984607, 0.7660843917943965, -0.8912393891689349, 0.7998276057643546, -0.2316551298974616, -0.1818122177970195, -0.27693712871495496, 0.2988279527826829, -0.2023139405869623, 0.5268606573170669, 0.29020380664144446, -0.21394013571914436, -0.059059239701647864, 0.134612652793217, 0.3111946802340604, 0.07822829966853412, -0.1994941124410665, 0.016745858003343644, -0.18593966578482862, -0.2783850747193679, 0.16379481264278245, 0.46113155764914104, -0.10406751729317025, 0.5879192432520783, -0.06855217931769864]"
"[3.2070150435987514, 1.283567951630887, -0.13312740444460994, 0.04575793077543551, 0.9671794088568064, 0.021643019929679208, 0.9256723773867954, -0.019084090925343872, -0.620113791370607, -0.018373682408728026, -1.614320458661301, -0.38412651128880293, 0.6965316680197272, 0.7123312039581489, -0.3544833152901701, -0.3299245532667615, -0.9473341749272136, -0.4460537928389032, 0.6211355561783543, -0.14534986312404702, -0.7949947927932677, 0.2454586770974325, 0.9783823384834262, 0.22453541443019512, -0.43756186384341433, 0.039870390434287306, 0.2579325073013849, 0.5905033894200141, 0.1329576778449591, -0.15689683660755754, 0.9450491412105402, -0.20863255133593672, -0.13206443047767785, -0.01849404138728485, -0.3952066836783951, 0.14736045166142409, 0.16927172114900865, 0.3212949034478552, -0.5291298699012501, 0.5801635168661763]","[1.2969823840627555, -2.34230239761486, -1.0424113540760913, -0.5817833855581346, 1.492728441564907, 0.4069262800133736, -0.8158659479128559, -0.284775406033497, -0.25114848955068125, -0.496642902030197, 0.3868493658127445, -0.5738956577980591, 0.5043444595061737, 0.2052856184306006, -0.04112169403342447, 0.3552269160490347, -0.45939571195777124, 0.6960673176492672, -0.5282389568692085, -0.6416898896695535, 0.2648432112661608, -0.1046000166240467, 0.9379732579734037, 0.36281410377332585, -0.057486753049369184, -0.3559767725476135, -0.24051026400042583, 0.3427569880464307, 0.3134787446406893, -0.16224378229768296, 0.05108154230741733, 0.6984093669513404, 0.6064413993121752, 0.07789907795076008, -0.4042485711809213, 0.6752078924165156, -0.42395334936039575, -0.7969956272198054, 0.15477970771284819, 0.013292836407233078]"
"[1.3750421664843577, -1.8999619119199065, 1.416302300535538, 0.7767005374142948, -1.3266438273351793, 2.6814673951778305, -0.931244860357267, 0.5316792064111858, -0.0928344470922231, -0.3741300859870764, 0.08426724787823103, -0.8721660336037916, 0.08045847636853766, 0.051903794389897784, 0.9068820814109191, -0.14051111080166143, -1.3039176632540368, -0.4997140649812483, -1.1974260183403425, 0.19298112819281857, 1.2243863444810532, -0.6787675078801293, 0.22943241450288313, -0.2043522631913655, -0.053577411750565726, 0.6204202827036015, 0.1541429713959626, 1.2615226987536603, 0.03828600517329225, -0.2429641509016623, -0.21878410694478145, -0.5773133733929907, -0.5312153763988338, 0.5537168156389473, -0.8977073181981489, -0.8660176883121976, -0.9665445114708204, -0.3956921511106911, 0.3281876607381481, -0.28111108393803697]","[-0.10637042606706401, -1.381389907772034, 0.6103614518716469, 0.820112755166805, 0.988336502541377, -0.991011714880521, -0.18971568258106164, 0.8557894465782784, 0.22344861622469647, -0.5330522638299641, -0.447572186788087, 0.8497394075914857, -0.09835883334160919, 0.20257433116462062, -0.11451212322168729, -0.14570336559806277, 0.39056156491886407, -1.2956567774957242, 0.30795147214786084, 1.2969731055193094, 0.2396299083800991, -0.020597586350220125, 0.9196109987148832, 0.9829720609507017, 0.47217142470929485, -0.5351332673354804, -0.016693810086495325, 0.3518860995185008, -0.6525074212259604, 0.35250443533639775, 0.2805668174004431, -0.48661831644131187, -0.6310038030292148, -0.38079282600561976, -0.18370307507879674, 1.0460138466038342, -0.42058229903603456, 0.47623367476868006, -0.08752367285395105, -0.2906910415075133]"
"[-2.0881324730362962, 2.190206167534074, 1.0760870801299904, 0.1778892730320081, 1.5466045817995302, -0.6374656578936564, -0.6574763681606987, -0.64583185149084, 1.0709440866603228, -0.8914998406822411, 0.9823438802645436, -0.013889654454197833, -0.8678606581990923, -1.569878580673757, -0.9427250059640838, 1.0996666687404923, -0.010316884933153869, -0.18877174723742715, -0.8971939916341725, -0.1866942103989669, -0.04320716106774812, 0.7678074802949241, 0.4267939247425269, -0.5702105372149052, 1.2644408244983685, -0.2046971680084282, -1.0247758895146, -0.868198431278302, -0.3310067925087006, -1.1036124011257535, -0.7287997106655214, -0.9738084180853842, 0.6971145609466849, 0.44438920633024337, 0.5837401946458868, -0.054579037119063326, -0.9015940701660977, 0.2332374426187748, -0.2437972651713266, 0.2267159160613538]","[1.4362049999039648, 1.5919453964153474, 0.16991757494876886, 0.5012427105998997, -0.13091176158535278, 0.326865298065023, 0.15038815169526784, -0.4266643629250586, 0.3076031488031918, -0.7563643275119777, -0.2698124607772993, -1.3960862082255245, 0.538233406964238, 0.9230953987263043, -0.38939741735886463, -0.38343778816790275, -0.5167661761882999, 0.1622613452606644, 0.33924683306672476, 0.5388848209405827, -0.6719059686127257, -0.47642253935303674, 0.3386068601511475, -0.5338497266684534, 0.3400945402732127, 0.45242191359430434, 0.0069338735464435875, 0.6380404574998333, -0.26380892578687676, 0.7734619366963098, 0.06612114346895713, 0.7662521644833997, 0.2212454670256265, 0.2784336314030548, 0.9974523124477689, -0.23075007023825206, 0.6437588703613808, 0.5291142120550167, -0.29769112510918383, 0.20988660299299264]"
"[-1.4584195427448736, 1.2596996893326122, -1.5599168042884177, -0.16411272182986436, 0.05361435376481468, -1.300849392413243, -0.6382118090931826, -0.419816918809373, 1.3365811575987945, -0.022013557864358574, -0.8978562904679326, 2.115872485603328, -0.11320905132047343, 2.4577126615134715, 0.08442340517573885, -0.3389808472351204, 1.2381855427269324, 0.3842295047154641, 0.5619312694301783, 0.2956215228481601, 1.6583445060671123, 0.03925246073973452, 0.22958059322297836, -0.3927078395403306, -0.832288841390885, 0.29722650157314595, -0.6421167608604105, 0.40501192730973046, -1.0342639490052288, 0.5439689291887659, 0.04623179129007707, 0.24612085800956668, -1.2429579993671036, -0.06875604908439666, 0.09323676600230776, -0.9472763031108177, -0.044963542171388676, -0.7816997180153665, 0.10375535175873812, -0.033614875269999026]","[2.0665363257585234, 0.505698236344615, 0.428632822232879, -1.354458737400514, -1.003123019438908, 0.27600793265318035, -0.1786200529141514, -0.49074024697590785, -0.9937370577749682, -0.6135932477326209, -0.4126228098197253, 1.4032756579729162, -0.4707266167165604, -0.7025503515349478, 0.6765650024183719, 0.1590824893571373, 0.7547340731457344, 0.07086238785288555, 1.1673618397349599, -0.8412307761306855, -0.691354711749341, -0.544393919056462, 0.07787147537751934, 0.5024473527595905, -0.47529820727996497, -0.09727785752588201, -0.17392673700509118, 0.14120488959720806, 0.8643199550113495, 0.47780276953005324, -0.271487521809426, -0.3312791152150839, 0.13583040677292993, 0.25714772947479686, -0.18819334525309536, -0.13374250010042166, -0.26190786730050264, 0.6245608823691091, -0.23136998223012203, 0.14475554210723718]"
"[-2.5589152677023073, -0.4207685021791107, -0.7638353470113232, 1.7005996892908566, 1.9337405450339262, 0.12851848978071787, 0.6482198356973198, 0.4009735322789354, -0.5935861030100904, -0.8547128415410962, -1.6345109212200923, 0.8309838628001455, 0.5580497189685064, -0.7267794127836614, 2.428275574018036, 0.47213361400821674, 0.5424280626859795, 0.6445256384169613, -1.0641986771366798, -0.2853657579177801, 0.17713785532138368, -0.7628949967967261, -0.7355502374152226, -1.3844429190898582, 0.08497153751776135, -0.5292801747036615, -0.46346938647968144, -0.09489743932526043, -0.24401080534382585, 1.0884957387931253, -0.5653144697285324, -0.16203919835284805, 0.3834593957724284, -0.8616258241501472, 0.6397531760045675, -0.4534784950615882, 0.23130731130534005, 0.4195268202088067, 0.38325703080191753, -0.17048000928652818]","[-2.6149345163962114, 1.2755996667958043, -0.8999833078119217, -0.7007296086464306, -0.9521275599813872, 0.12168978189811608, 0.5361029694355006, -0.9137067973117418, 0.6444120955710995, 0.21000753736038816, 0.4502637667479295, 0.15490907524342037, -0.5988822380854848, 0.623249517987342, -0.7646048676515318, -1.0093042455233399, 0.23446620958306783, 0.6868245227666803, 0.31438758320209903, -0.20544970983330918, -0.8373181584492584, -0.5323484032719545, -0.16510935485611353, 0.082525054351952, 0.2929743444160501, 0.15144533452842876, -0.2729696392825165, 0.4690811618837886, 0.4952955071759051, -0.372734422871578, -1.3344881306502263, -0.507546834918755, -0.41063749201341154, 0.29260466125596857, 0.43313380525278616, 0.042785888171315026, -0.01722565346953153, 0.5021985487802303, 0.04905136401027849, -0.13336609688474493]"
"[0.5131067721687922, -2.716669522905712, 0.8422290814910554, -0.9436891155770607, -1.570748703091787, -2.5400477281737337, -1.0231979270162241, 1.4985890790153402, -1.9973477774423616, 0.5036589470330086, 0.9644544097146873, 0.21938413301717835, -0.41633906689165895, 0.35524965950038817, -0.003832150660958687, -0.06477096889079079, -0.544350478874915, -0.6844740675185937, 0.3668143051464746, -0.653983318333188, 0.09249162907167956, -0.5636397101526853, 0.1964202394130212, -0.2863844060906226, -0.4725228666975025, 0.13599756132123653, -0.7957443919623273, -0.5470966062689526, -0.15454380867056425, 0.6812343730227338, -0.5695257669397006, -1.1388515296789912, 0.1270563500720721, 0.6236152442824292, 0.4020554779876576, -0.2820310423196387, 0.0841305021368823, -0.6305855506812748, -0.47279459274661056, 0.6846450599670559]","[-0.26095348572810756, -0.8947094428456991, 1.5689176834832783, 0.6156607134378232, -0.08210249867346056, -0.3470451682738276, 0.440152522830324, -0.13497506621599029, -1.5589394440685564, 0.7515026318333445, 1.1694821449031039, -0.20662381211627098, 0.3633318620662913, -0.266315001618161, 0.4980377426016571, -0.6099956669734433, -0.09869500593179838, 0.3809507418973713, 1.25901207973403, 0.4913650065935988, -0.056585728107303127, 0.5019012545047592, -0.49289735795013295, -0.413707472124505, -0.7388701205451833, -0.42152909429050994, 0.5466869968865553, -0.8777188510571655, -0.21463481814627275, -0.20171711797547093, 0.3875447893366283, -0.3624275283106212, -0.19150589822706973, 0.15631372039875804, -0.14196090632664216, -0.9734623100822711, -0.09609389398422157, -0.43244364624111176, 0.23516434371678363, 0.05861362782293889]"
"[-1.3797111556268082, 1.0684524348304598, 0.6810061811322256, 1.69886433206742, 2.4197281068390852, 0.37830081554076567, -1.5908717123583862, 0.6456185138219748, -0.3167182826280615, 0.8717083465206151, 1.391515335756421, -0.9686038167909181, 2.0158500350930586, -0.4596886370895358, -0.5688434048675242, -1.3291396714998411, 0.5070239062080751, 0.33031781541184724, 0.9805125466918051, -0.019606572449818966, 1.0738425501971376, 0.26614748963564316, 0.7746626961022909, -0.24799528932857237, -1.1990843291885032, 0.6003550762319404, 0.21881023489927998, -1.025168721235947, 0.8602087944000136, 1.590499481352778, -0.21533342087639407, -0.773384028196847, 0.44934577118525876, 0.5457187522310673, -0.12425331910997658, -0.9547875990400486, 0.5280322256354179, -0.3937493200917068, -0.6596284048086981, -1.0768820877994896]","[0.32186805466143986, 0.3329104025742459, -2.1045133990267084, -1.2407185355486219, 0.8748596450841012, -0.9894464925790016, 0.9790332836439917, -1.6710872003885189, -0.3193348973320779, 0.46403873220226854, -0.6783340520342303, 0.8630843251981544, 0.42304270069273003, -0.41915076366707327, -0.7765384500329375, 0.7780161492350596, 1.010590653203756, -0.22567346366381646, 0.20094063533076148, 0.4152499333189752, -0.08741977778747004, 0.2434793373930154, -0.1656595569247831, 0.2934475089400842, 0.16792960794608902, 0.9551917542344478, 0.5806773538390579, -0.16540248205084435, -0.2968446100850799, 0.5003106363921588, 0.2874079272343697, 0.7508484819650633, -0.04034433031076981, 0.7609546134587531, 0.2810438701374721, -0.6040231984907937, -0.032085483291109995, 0.5122636123936678, 0.20542164861354886, 0.32310366775829535]"
"[-0.11520945578461468, -2.273688277940345, 1.701080713269488, -0.42873502761060095, -2.266908567523356, 1.5537158205012052, -0.15152385273786168, -0.06858617628973991, 1.0474242043222026, 1.2680336694406416, -0.7940106942531113, -1.1583607000954514, -0.8283764065816946, 0.039697702553724366, 1.0738811718457575, 0.37819860251841575, -1.1083960388030405, -0.568335495453252, -1.1566748458039338, -0.054851451293202125, 0.6472859412494492, -0.8562904411327019, 0.8773017672729279, 0.3478501413145648, -0.8474440953481664, 0.3174012075682538, -0.16873865328021082, 1.572825997819781, 0.38625568965422835, -0.5432657059990201, -0.3744863664269116, -0.08340774388289923, 0.1819414634033345, 0.33626325130210777, -1.0637037941665577, -0.22497804035025865, -0.006516663887603916, -0.031584200385654626, 0.050213009335983355, -0.4048793344140879]","[-0.4216205006866576, 0.19191168309954337, 1.835503183011611, 1.1846206754345767, 0.38887817465585683, -0.8399457426908099, -0.503057230708272, 0.8431167704980644, 1.1801865634773745, 0.03547590246840091, -0.30984734188625557, -0.17668439515388099, -0.4413618073531407, 0.5463663458198874, 1.0107896091064696, 0.1837483036678376, 0.05895834386578035, -0.9732290893056088, -1.4445713358291172, 0.08115702509586328, 0.8145679025054701, 0.2888389784013295, 0.07240006449303585, 0.7971701958565248, -0.7383851409395531, 0.1400480033107627, 0.34885649554203196, 0.6311574280774543, -0.149987071843402, 0.07674763964050238, 0.5124679707726433, -0.48547284416232017, -0.6098364215415073, -0.5006002085773312, -0.25433437180178, -0.038012009310053184, -0.6427266230937385, 0.1184611790595251, 0.9608266042317883, -0.37577295647029063]"
"[-2.08246398384948, 0.7199137613741748, -1.0316182163249772, 0.30038191678839343, -3.111529927325905, -2.405463793779421, 0.45147523322506267, -0.2173921426084966, -0.19501049908745108, -0.6297178929798458, -0.16072106142161988, -1.3337769320073969, 0.8519767996198633, -0.31008325307936024, 0.3840059274465083, -0.7493080153048738, -0.7242288931020732, -1.9876698580069552, 0.014331669309738532, 0.3706314434084465, 1.20154746792866, 0.1856534941756304, 0.6818835176141065, 0.10098441117244555, -0.24201970589025207, -0.5082365650061031, -0.06707912818178843, 0.6973584671072487, 0.38337819183048283, 0.07227647109192178, 0.5580183373975005, -0.1013192872578376, -0.28358173465194075, 0.9103294138000827, 0.2472643381084502, -0.22491772364905688, 0.811813046210999, -0.14177352176664193, 0.010234262279800767, -0.5969020826885911]","[-1.7327274264606587, 0.8606793113711687, -1.2903556480103144, 0.9590937505415057, -0.8017250486067082, -0.4669884561664817, 0.03062726479811563, 0.4283708550169579, -1.1597416697054366, -0.6161184319402357, -0.011864914644253946, -0.8807582525595914, -0.5238184063332587, -0.6096477796650879, -0.6394401451224686, 0.032209621835402186, -0.5835491546959366, -0.021224279037631764, 1.3524195821251224, 0.2279083533002391, 0.3381779510813509, -0.3915126593219111, 0.27312815624246584, 0.43309555169292646, -0.5677631151625875, 1.1338072867304745, 0.5717801146021314, 0.15902578217712177, -0.12729906683750186, 0.31518053297202, -0.816162579552583, -0.21499650081974583, 0.42029207426871457, -0.2742258632270242, -0.39764043396658727, 0.05720076722018036, -0.608273832364638, -0.333193644542249, -0.46095878485467534, 0.6311836013633287]"
"[1.7125767871773392, -1.5286637716728713, -1.763639595032297, 0.5821115507033393, 1.2633431559132535, 1.2113618224715454, -1.0028976251532398, -0.37798805896176757, 0.6001107148581082, -0.736547083714177, 0.16276270738233514, 1.1295907150594209, 0.06303197495881613, -0.544029553758223, 1.2427290641854076, 0.7201487097009033, -0.9721338247519034, 0.346228677636999, -1.5087413982213949, 1.2800183074693257, -0.12525212520645077, 0.034990147757964746, 0.9441385209665356, -0.4197664008847575, -1.0731751562946672, -0.32849251022902787, 0.7102049990100688, 0.30171786532172884, -0.17591340565237265, -0.25581317902916645, -0.12961633374367199, -0.26908576129857253, -0.5268983918159656, 0.08699134249307712, -0.11966509832076892, -0.13881133264961437, -0.3459275691414661, -0.43607324768908035, -0.5598848848743203, -0.7325193069199344]","[-0.4751948005897452, 0.006089395368441574, -0.03944373695118749, -0.7066245234816015, -0.7969598622310725, 1.0805116635456393, -0.5507335753332405, 0.5026346761426101, 1.5486535357667817, 0.7025856276570832, 0.10022393394580355, 0.16223079810576987, -0.3975668383309934, 0.7179708416684006, 1.3528278471340809, -0.1263213440215961, -0.37568611821934683, 0.4494100239876775, 0.9461943372669677, 0.31051248149207067, 0.25275904197266036, -0.6351501392524759, 0.916885697724925, -0.6061685786725861, -0.0035835222392759654, -0.08358785577297079, 0.23555049787050905, -0.5785831339352312, 0.018182617771247436, -0.6169224686713721, -0.5056949577710054, -0.5665027290405762, 0.40855193343923807, 0.9524915660323615, 0.022098973806311633, 0.471976436148398, 0.32871304430183473, -0.19973280881008132, -0.597906088348875, 0.05504896642374471]"
"[-2.6586360046470867, 0.8274690846645681, -0.3816264232487575, 1.4698519538530466, 2.258330599454463, 1.3687729090192364, -0.533082606648458, -0.9590528370508206, -0.2093895956082402, 2.19089023704626, 0.8340326908360388, -2.1176316463257647, 0.3878707414022927, 0.2113245403122389, -0.7344500454782992, -0.4542577003047048, 0.34516829415706607, 1.1684881957340472, -0.6685194029796256, -0.27512091196151056, 0.6297450991374967, 0.23789027424621978, 0.9722840472371009, -0.07857543261602783, -0.11094434924253549, -0.03426832012546432, -0.26090051108657086, -0.7112736528634729, -0.8677947534335622, 1.1970683830118747, -1.3763241112929654, 0.9785442302624279, -0.017564125274298018, 0.6499893978835953, -0.2309378030979868, 0.21075093073038223, 0.08471810613650092, 1.1668348531737436, -0.3901994296969027, -0.3372075657883422]","[1.2281954216313289, 0.1789473084124711, -1.682181627572067, -0.24245273548380936, 0.33969411923783055, -0.6899528032291488, 1.255039982280956, -1.1551011844444292, 0.19849533166413366, 1.155873399761667, -0.9421706166521353, -0.07644074219732583, -0.46093119270572974, -0.31216600214326323, 0.06221765529219551, -0.2767922082816445, 1.0609743344960603, -0.2578156781302897, -0.9354111585408059, 0.4468328769761248, 0.6274504746435887, 1.3625712732738149, -0.32475574081410796, -0.05202934096770567, -0.3684489507143845, 0.6313231646354652, 0.7842592296210077, 0.29299012256989365, 0.14729267183664993, -0.019025989804220905, -0.596625583657977, 0.23981370143673056, -0.0971562577984772, 0.5133915669986997, 0.44988088551276434, -0.7655655118846619, 0.6404668510186466, 0.5619367733317249, -0.12468937896906418, 0.08654219813041858]"
"[-2.6424143042443657, -0.5823555140825228, -0.27771034225929064, 1.7431429386675963, 0.561855967319331, 0.5726154896528505, 1.2394088755801993, -0.1322897038148599, -0.9687811264416423, 0.7588468442349707, -1.3664064908009972, -0.7008159597555913, 0.5503280712788929, 1.03836712563128, 0.12385014734814902, 0.05543945363219735, 0.15346919543156454, 0.5786217505536555, 1.3337038146756741, 0.42410082656818715, -1.108496543860469, -0.10295187820274757, 0.5174117617514479, 0.15748382361160995, 0.18153816076200943, 0.519284579173629, 0.8544165755602167, 0.6834664321883969, -0.10213119566343933, -0.011933090611705862, 1.1214363853207998, -0.052578710200937004, -0.3889805633028224, -0.14908886719273984, -0.35957783348603356, -0.4165271658154446, 0.7023980634986011, -0.6513543493618208, -1.624946685063867, -0.817609574781423]","[-0.4670762989725002, -0.1600858626643264, -0.7227486204870638, 0.8316275496192309, -0.5399899830518637, -0.7504332405630052, -0.44683224903796764, -0.8698706686201081, 0.5385063788416448, 0.7790722926382152, -1.8142192757869855, -1.408796136198248, -0.9875446818730639, -0.5974868261888912, -0.10596889374291327, -0.014931118351828242, 1.2435219363843466, 0.16378604955978746, -0.2234978787874355, 0.893821551282888, 0.49176497556263704, 0.6679261559663575, -1.3860747371795685, 0.14495693765948667, -0.7772284625388065, -0.9685682112934744, 0.5535282970597842, 0.3717775885745531, -0.6008036009211005, 0.07941772786173024, -0.471523111008406, 0.22282754134518568, -0.8240071121694407, 0.06682396539664773, -0.39531780374426373, 0.2518169214812573, -0.5561729382268535, -0.3965751724235035, 0.5813522667059466, 0.43886301783948384]"
"[-1.8916838903843505, -0.9668294665805133, -1.187855371863761, 1.6033710704782824, 1.8325602949303958, -0.25154867498015143, -0.36810595944106667, -0.5465480477745469, 1.1482079726049343, -0.9506253967226617, -1.211467127778937, -0.1042180580554883, 0.32481752823148424, -0.6065817514218652, 0.34825616718623303, -0.8644299199776905, -0.015835789143695253, 0.6221560231686537, -0.41070318790764176, -0.12074672700140218, -0.06547055733142841, -0.8820953695163678, -0.5377684864956935, 0.24616674492559593, 1.3826200672458349, -0.35198158342581903, -1.1516671953696636, -0.05983448564145539, -0.18422905733036793, -0.14096912838573192, 0.9144845723183481, 0.3332982123655399, 0.3610074782094029, 0.2461588345868398, 0.2834453908043315, 1.2470058973839349, -0.48016919083294873, 0.329543352988667, -0.46637095513673943, -0.38954703932872786]","[-1.1914133489519896, 1.4908651905217167, 1.056740200769588, 0.7930194672039032, -0.4777901787370352, -0.11983448051824495, 0.8881270662314299, -0.7116310065524372, -0.12701807426926393, -0.8936963840857813, -1.2474344613526054, 0.9615080025630112, 0.2120962094344398, 1.283414667564276, -0.23939730060651163, -0.3563315905226554, 0.3379751865909312, -0.2441532492404058, 0.5669904035587839, 0.1614965971468203, -0.2878235206035587, -0.9343050263174176, -0.44867039770843586, 0.49616965734050045, 0.06706533076381214, -0.12384466000680243, 0.09038210686661217, 0.9365542965208423, 0.08308019099391577, 0.2606727358509235, 0.17871692307651943, -0.9957268267771365, -0.39620838600846836, 0.33106504670612025, 0.039452580036732035, -0.015267466202138898, -0.611779147959389, -0.5288630892626794, 0.3213942230278409, 0.35672216989623795]"
"[1.1896142433904104, -3.1918782620864676, 0.7158293789010092, -1.2767691819775362, 0.11525299873380855, 0.015403044083927092, 0.26847422389962794, 1.5603056779034594, 1.708546344035664, 1.4310462791459146, 0.6902857268083185, 0.15298815359980134, -0.1792620780077235, 0.672231298704763, 0.13240739387643408, -0.19201693676939852, -0.6956995301436952, -0.10558957771999246, 0.9100963324937167, 0.0948334024945762, 0.3778571421682618, -0.23127495173615728, -0.6947007214287162, 0.3368527252388258, 0.02143353282777627, 0.6297390529836183, 0.44091737896930827, 0.9383646493259039, -0.7078692073768886, 0.06918397486980145, 0.9081373377118406, -1.2969900126285214, -0.7194565633006023, -1.316723264960246, -0.594630047341504, 0.08543490050709682, -0.22570119120189952, 0.692464462862164, -0.2996124144162285, 1.0163852061382919]","[0.08592655932000993, 0.3389047511310403, 1.4170406227009462, -0.7284706970732255, -0.6019726709762416, -0.9753637566537069, -0.5582494972507376, 0.09638358329900418, 0.5602832564089013, -0.4855548699736274, 0.9602254847536281, 0.47666436123152056, -0.6367404389825185, 0.9869408678526216, 0.4246921549391267, 0.926813568813941, -1.8079386507981774, 0.4936304403997504, -0.42293217533086913, -0.1470211441639556, 0.04873215930710934, -0.00610565642678837, 0.5076063214483101, -1.062508776441231, -0.49484517743741663, 0.15154226962986314, 0.5909049256486052, -0.33619016073446417, 0.5445473954363396, 0.03479187727888464, -0.11182714653138451, -0.2660527202154071, -0.576604909015973, 0.04891473864507852, -0.33340408670876637, -0.3208357730647389, -0.552488257937603, -0.3786630162676083, 0.37434155353591075, -0.20032278644604729]"
"[-2.3594748949550683, 1.3129831262117122, 2.714371143343546, 1.8740859793350433, -1.1412976395284218, 0.28765221687314463, 1.0949865758166244, 0.8727640764103819, 0.285673757337314, 0.5838356060056248, 0.6594938626555263, 0.3829458122217524, 0.08535657863717588, 1.0852868496858277, -1.858391389054653, 0.4677566393927709, 0.05990169567404375, 0.5078132712139235, -0.38438030461549794, -1.0337920492054877, -0.9965703635194937, 0.1755043442623744, 0.498085642401492, 0.06444859873058048, 1.0185115290203832, -0.3326475126983851, -0.3872242415106262, -0.26453349060192305, 0.05485738355621816, -0.7315355472008986, 1.5149738960259613, -0.48221117947915726, -1.516162163352547, 1.284005066009457, -0.14817685758065158, 0.40973364155563047, -0.9538661052976732, -0.25326292815051, -0.8925004358019912, 0.3920365101991439]","[1.30167183812863, -0.32024017939573224, -0.6966441658872818, 1.6932699620861722, -1.1478809669063759, -0.16337329819824428, -0.772402519636657, 0.08415445153369559, -0.5922103590222553, -0.41647147865359424, 0.10296396539306614, 0.18725146844372106, 0.2827437088374906, 1.1924166847410564, -0.0772759583505488, 0.4017084873809742, 0.3045265146975983, -0.7338748204450649, -0.11418394878586437, 0.2829040748004688, 0.12433398354520014, -0.29009552440025776, 0.20531782338297175, -0.1653335811100589, 0.025716107079006324, -0.3900163955950887, 0.8169167271734331, -0.15794440551570935, -0.29324005366082184, 0.35904130573308374, -0.05343551877837937, -0.5201695471776506, 0.0628340164017381, 0.00444060794516254, 0.9022692636906857, -0.23954722200165257, 0.5941957279920372, -0.8566822556341915, -0.5494638051843553, -0.3500689704459091]"
"[1.6766272096415011, -1.7571783194017478, 1.1195042771890293, 2.566570062878448, 0.6789856506775014, -0.3930746795998667, -1.327910599182036, -0.33948296657083105, 0.8562181118277197, 1.0722750585280287, 1.2980011045165805, 0.19343299521485433, 1.177413513562455, -0.7735384355226017, 0.5151389766721595, -0.8465980375178881, -0.4811917610674586, -1.3472129472448668, 0.11105399423545174, 0.9366231140662749, -0.3898734158173447, 0.41899700146702845, -0.9349088227676319, -1.018293125044544, -2.1332528476653208, 0.8925479384508684, 0.06166684875809149, -1.0207696082719986, -1.2537467626064347, -1.1375227311699965, 0.48082731199762346, 0.4776890910574369, -0.07690064625346003, -0.5615696215396307, 1.04005113589939, 1.2985515902268296, 0.12459328931135506, -0.212665074256324, 0.17749386132909475, -1.4289571061754294]","[-0.8102147526848118, -1.824741105311045, 0.3511287971646281, -0.27114854936308325, 0.9071751567566233, -0.04045748825353815, 0.1552623290635592, 0.6731750125507789, 0.9704142603051891, -0.49042085731170265, 0.8879175495638643, 0.25158780864147823, 1.0529189180106808, -0.02982342899255405, 0.8124123944211314, 0.7298184133318677, 0.5481379692751269, 0.9203219872305801, 0.05464929078961959, 0.15406241987999866, 0.0302155734200928, 0.3452106148133843, 0.033636383674257087, -0.1088997684415827, 0.3516836393538524, 0.2387840645830492, 0.6001035962905591, -0.45272657318368714, 0.47691400178526194, -0.4243835160369362, -0.8055873843220815, -0.8376310492739939, 0.3095947431194654, -0.9231644461245361, 0.6523562979885021, -0.08232370523249014, 0.3224830836060052, 0.3400778432908415, 0.0820154012555286, 1.109367404906964]"
"[0.1890826861167873, 0.2092138820893973, -1.5653413171837391, 0.1321603739488843, -0.9060734065473315, -0.7930085961507584, -2.0549365274002334, 0.9755957021781342, -0.20530177468585561, 0.4694893690670887, 0.029874615343920753, -0.31086073900688527, -0.12963695177443937, -0.36354344525690824, 0.9965122308106622, -1.1110744691600132, 1.5037227405097995, -0.5407916832081421, -0.07766819742765314, -0.17542937165397726, 0.24256348151850582, 0.4108201833382729, 0.45948172735718, -0.0005997215233498574, 0.6792105939443999, 0.4945232483722668, -1.1635305229963557, 0.2904392690635915, 0.37531395430198816, -0.07188954491135091, 1.0113531823336925, 0.7975975702647643, -0.12323515726222879, 0.90087227281935, -0.7991428880173862, 0.3332394907137657, -0.39862806936063083, -0.559092050125955, -0.2865125914312205, -0.17597397609713245]","[-2.0278621359937854, -0.5815170745381312, -1.1975730594148326, -0.5545729599224898, 0.3543346973747001, 0.5430147249326343, -1.0437400274915245, -0.5839859956083839, 0.32208630891943446, -0.16789278873640193, -0.8277733122677541, -0.08041844420286368, -0.9898422016523495, -0.6109610560644055, -0.03992561247139885, -0.3598549864391698, 0.21474167844840042, -0.9018710845535077, 0.12286455567682204, -0.05206996334173575, 0.6883608786060753, 0.17915925971874827, -0.45338914124752777, 0.21048170010375672, -0.2320377500952799, -0.8125673602940586, -1.061861490042041, -0.6016234252552386, 0.17425588076396983, 0.7593871151829703, 0.7277693277282576, -0.6465132521793805, -0.4910616978003743, -0.5406283568312318, -0.4006511054593028, 0.2726509723624166, -0.3288260497982323, 0.5063416576506886, -0.12176838467452517, 0.40239106949611864]"
"[-0.9586418072541176, 0.03518592106065348, -1.9521529695499635, 2.821537069339656, -1.0081618039123814, 1.4062137514032493, 1.2971787520259348, -0.3359331910778624, 0.005103782817900472, -0.1867573896722916, -0.36420392060192863, 2.120560298248203, -0.643313365777128, 1.1609903633028624, -0.41493435690333574, -0.9964275463642585, -0.16229148122989262, 0.46979188461297655, 0.002907762714318645, -0.48078191157780803, 1.4280696187498054, 0.7574954005645992, 0.4390744444310135, 0.2483855663047914, 0.4081080357912925, 1.229397174548593, -0.30615685033110585, -0.4561995135948484, -0.3401598233349362, -0.27171532387793235, 0.34645281331816524, 0.37345538077939683, -0.023943062501823143, -0.057237101828086716, 0.07150484979708328, -0.18945252030592358, 0.4427628865640978, 0.5074598957322252, 0.09055652485297858, -0.5685040653347854]","[1.861164139350396, -1.437955339781309, 0.11569106644782115, 1.234372488842195, -1.1610734654560555, -0.4301074611121022, 0.35158232393273986, -0.21976604391462753, 0.3897369436631204, 0.018812862583175934, -0.9191700822650744, 0.6377291314539939, -0.4800752250814466, -0.5347301482016272, 1.4822298489353718, -0.5188671370071604, 0.07090911126690981, -0.045800115936693774, 1.0984563041529407, 0.5292186297230353, -0.5949208337365802, -0.2863153045399217, 0.2571503055541833, 0.026777122863316433, -1.3076286181112593, -0.22151760061903325, -0.37980551610136215, 0.1863834116767945, -0.5186220073498095, 0.39657578812849614, -0.3286646993876815, -0.2689920714342336, 0.2786179853315109, 0.6012498336737091, -0.343671404181878, 0.5373532980923669, 0.6239875482891244, 0.6102638449857318, 0.09046969003462207, -0.5044840401920727]"
"[-1.614802722625817, -1.4243476263843, 0.03093759261843852, 1.2765364601884959, 0.27275244322090464, 0.6711832055461906, 0.24328169638598518, 1.448097566794821, 1.0654968515324965, 0.28282699147976637, 0.4327298444277626, 0.5033904269766997, 0.85024415205306, -1.3042701103037397, -1.0303418096538686, 1.0613802990037173, -0.8168877463850385, 0.12996310938949007, -1.656860364571799, -0.30292680094445473, 0.4364379233057303, 0.10590547487834572, -0.6646332960444193, -0.10662554058427322, -0.14255284572796023, 0.26219790962240885, -0.40283810684308613, -0.17389911185744583, -0.34096017277727014, -0.17248519154088426, 1.3279346445940314, -0.8772704956214706, -0.7042578852809911, 0.7128922027788124, -0.039161565331944266, -0.8752295333508695, -0.0996564025596877, 0.8592106493304408, -0.28840303402163275, 0.09943500040342547]","[0.6744356254167572, 0.4441585521166016, 1.1344830484816444, 0.4708271178614293, -0.8273684572293959, -1.3764888698712705, -0.4101463169156053, -0.578340940869776, 1.1424131430038609, 0.5783453669293572, 0.38521386213754427, 0.19272160894207316, 0.997963287767378, 0.5479113361999975, 0.7204687210278964, -1.035023405556045, 0.5415501487630724, 0.012957109999938203, -0.40435476799003894, 0.018268513304215965, 0.28767361155504106, -0.9647434355102488, -0.3070792817387342, -0.32598604504023004, -0.6383230478355715, -0.12429480871628877, -0.007942755378501785, 0.5245383915192593, -0.6925145709225232, 1.3133517473340812, 0.2222234951373612, 0.6492790975376511, -0.8040593684464584, 0.03158103760734256, 0.3798299236108468, 0.2949857361315658, 0.692284618893349, -0.35869902777323004, -0.3778151139774895, 0.22706659886975286]"
"[3.7668100742602246, -1.5753350002737594, 1.258653198579212, 1.03776176611314, -0.18603291848378872, -1.0667278258362924, 1.3467624643486924, -0.22780114651331065, -0.20117948598182134, 0.5407592192569621, 1.3878030545051496, -0.2567565829722143, -0.10987056389235463, -1.168951942768877, 0.104509315285634, -0.43805059187681034, 0.10907194470041925, 0.5959557963904595, 0.8133435680021545, -0.48513264819865193, -0.5363892620569549, 0.047445269436335466, -0.48311714918180104, -0.3101601453365687, -0.35477107757642606, 0.22693874693662838, 1.1319696116192923, 0.43191144893979383, -1.479448126893386, -0.2282221460597625, -0.3681264632714969, 0.3585889414952619, -0.320014047993172, 0.7618902618990598, 0.3624071407108937, 0.6839443802844521, -0.5048509801391616, -0.2715093949487337, -0.3410427402496866, 0.09166995256859253]","[-1.0751697396685322, -1.6665795032841872, 0.5157841544318796, 0.27550816123070004, 0.40507742116064355, 0.4153192659464374, -0.09014225120310324, 0.19511002926280233, -0.6012659155806034, -0.7137791237711543, -0.2519164795557637, 1.1106365647919683, 0.1765928135625703, -0.29096420339538603, 0.10300146071494512, 0.026755690137763095, 0.11400503414967265, 0.7361436232547971, -0.29215294435553885, 0.14999510215036355, 0.4205726034497292, 0.05458096608358233, -0.5425061153620805, -0.4968918855004423, 0.11734635636065331, 0.6000605667815346, 0.5555983823016122, -0.7108819365800909, -0.7145579088623807, -0.2900744599952696, -0.6374189001242188, -0.6623863521269197, 0.021249210085553406, -0.3142578531042063, -0.5992836546414347, -0.4761369430719638, 0.27419875137799304, -0.6094216276039729, 0.31659362315746675, 0.7987989553720216]"
"[-0.3511214131781642, 0.1353612104808225, 1.9608789426147986, -0.2589861782656896, 1.0190840464049393, 1.8340603560146151, 1.377309851381814, -0.621458202380007, -0.2085893315862203, -1.4964132462499657, -0.37961575613494586, 0.693840940698359, 0.6302513230823793, 1.1838823955228286, -0.22264661429103288, 0.18408408345880822, -0.6611467076356097, -0.7377394995151294, 0.5329261575790615, 0.9542221060577654, -0.9416165374880001, -0.9230577790799457, 0.7239391563615944, -0.21755863904977987, 0.4003719941415834, 0.7794831957225042, 0.32000344069167486, -1.2142268261986213, 0.8799732222209847, -0.11222535430468897, 0.6088705570795346, 0.3127169213067299, 0.6917247297269558, -0.556521531068361, 0.023488095476334576, 0.4004905572002499, -1.2101783732799545, -1.102351609294568, -0.11248988789457585, 0.8745416404643781]","[0.2773597890049852, 0.6042368798879949, -0.3163745302519757, 1.0063359483608267, 0.015265273322054039, -0.9183694578012654, 0.5322038339837878, -1.228024278734894, 1.1666056343623443, 0.13191141851225682, 0.8169203276390951, -0.0013603956463454714, 0.4825866796217081, 0.8689956166873396, -0.39415762232016105, 0.8231976015341594, -0.9767722817587684, 0.3289081384750159, -0.035225283482548636, 0.7208518084307225, -0.6271992032527277, 0.14640094904351184, 0.205583036542455, -0.06103934008429114, -0.08472417938381031, 0.740518708921223, -0.6309805045881204, -0.3344211035316368, -0.46934222816305304, 0.11485823869215538, 0.34435231917654197, -0.44406556018646504, 0.23029937079962845, 0.6213935280314711, -0.1696263720139965, 0.5387567275546477, -0.6343751407531921, 0.7987066212102669, -0.12514434453104079, 0.6988945739674118]"
"[-1.12234782816761, 0.5771452717791562, 2.744070912972588, 0.1586766393758196, -1.2757551386432242, 1.550934117770947, -1.3215307924050699, -0.11378441071647015, 0.19541916412475538, -2.362323956163427, 0.283778443351044, -1.4181260108570084, -0.7715243413846608, -0.9318965519325372, 0.5169200910525193, -0.2693710372822679, 0.23535637699198517, 0.0700204358978109, -0.7984231135079053, -0.8146417178761681, 0.22057085003862542, 0.31029656951287415, -0.7401479393327673, -0.11439316442597082, -0.3938379090717446, 0.5386129494935556, 0.3154048823017898, 0.37068126290920095, -0.32584715953491344, 0.8394432367637161, -0.739880783514759, 1.4062940867821416, -0.1911953599366068, -0.24123581088762325, -0.02809031396863927, -0.030241604593433294, -0.31760120409576287, -0.6266776874052173, -0.6485825454356403, -0.5411765712192954]","[0.20215041383930069, 0.6465171864526765, -0.5387308272561802, 3.014152071008641, 1.0907092056078347, -1.804819133842386, -0.23422323908205367, 0.9111529474220184, 0.5292520748576056, -0.809868716175703, -0.3018721375728904, 0.28127749436262556, -0.4590306941636632, -0.2523448607664704, -0.23614350400032078, -0.5043971089836101, -0.39606157746343995, -0.707025514606787, -0.021400086200926958, -0.15983016293153657, 0.11763234829695005, 1.053772730074984, 0.5260744003300848, 0.7929162314895006, 0.2946297635019248, 0.810801937837649, -0.36199677454117996, -0.10507674128910575, 0.024829939969754813, 0.244216964944257, 0.19552187184657246, 0.643782573161535, 0.4813485870402438, -0.04671988728235921, -0.3573999745636717, -0.19205499826312614, -0.18483390751041356, -0.2363312835724673, -0.2403823960571002, 0.14833587373561524]"
"[-0.10351350062411646, 1.2429465325048368, 0.4721066477250209, -2.261471870546391, 0.6373743044439357, -1.7839608802798124, -2.999636927794583, 0.2516271079431863, -1.2651863963440473, 0.5700506524922985, 0.7530915961729757, -0.2683949746708814, -0.7046111158895996, -0.058623274352833654, 0.552851830655574, 0.013623221014696997, -1.2519059235149153, 1.1860607090566342, 0.8025381961080024, -0.17421190960352304, -0.15945275288132008, 0.36741879895585494, -0.17258914004598577, 0.14584101958853812, -0.6298067484341819, 0.3387535216606365, -0.8828626143738597, 0.6952120868471778, -0.23315311478112252, -0.3718981690509244, 0.3097076802015402, -0.7393570272037813, -0.43194055657059255, 0.3970194711074259, 0.5237488790176006, -0.25542147467707016, -0.19016515398793105, 0.09929500273977572, 0.47279552471880687, 0.32083964739106435]","[0.890148384484955, 1.218378959530757, -0.6538567799423703, -0.9986954422593082, 0.7026669585603891, 0.715427819327181, 1.0371138366469546, 2.1594745596137863, -0.2823860781057156, -0.2798016216259477, -1.394259901672607, 0.08954242288245726, 0.4035434172759176, 0.1702623247139932, -0.6101728005723526, 0.3917056179709923, 0.2049425776932555, 0.19286955217374974, 0.8724362221025216, 0.4134754235749524, 0.5630888919832452, -0.8505225355756683, -0.5914552621917305, 0.45460956704533195, -0.061224683341304306, -0.09486948903248854, 0.0214421017650869, 1.0230576404851273, -0.686879715389499, -0.46214093668022427, 0.434368664577491, -0.1519789239414074, -0.5176337384582406, 0.1401145345555793, 0.17905922987139022, -0.1683517823541813, -0.07178949072018444, 0.11310239112353689, -0.5931983816548902, 0.6130403935030212]"
"[1.6277655675259, 0.06663673430851919, 1.1692011211901079, 0.9816865996938847, 1.2859165896553182, 2.0968244712838264, -0.002387933857320279, -0.5431018056730725, -1.1418862535082945, 0.7974698723978841, 0.17740756461912194, 0.7492960733774657, 0.628301917789336, -0.23925523132491988, -0.7855630004486982, -1.2155037579045371, -0.40636659154581406, -1.1219217876143466, 0.38262653498949545, -0.3891963660819047, -1.6111436273009798, 1.1230597854072935, -0.18250594992999566, -0.6684241279256989, -1.0948006555259782, -0.4221449630885768, -1.3442999898971006, 0.11164977070690298, -0.009504168002817682, 0.6695211752879083, -0.9602059996941027, -0.009446427722466911, 0.8624802448134002, 0.31295274316446, -0.4804564639826543, 0.08315498656567956, 0.1899946395362522, 0.37026198242411984, 0.17050318090219632, -0.33663875335026744]","[-0.9115573513850528, -0.7791347822667303, 0.26823454189624174, -1.2727398673035815, 0.4799148299042495, -0.029038157620532502, 0.8230322500103473, 0.6330199776195199, -0.21998446231873675, -2.004439022165654, 0.8300874870005823, 0.29919737129737833, 0.3728324657661396, -0.6046260879047474, 0.019451201902268515, -0.6610245231446419, 0.20349682773218894, 0.3041839302827522, -1.1079605317299235, 0.16222684465517934, -0.04498000466149507, 0.20318219955091757, -0.4862717558209966, -0.29701962789688247, 0.19903114432058064, 0.07275454497227987, 0.19206787479958823, 0.15717621225659, -0.5791700775365626, 0.3481621668556237, -0.06723516168502174, 0.1257452262017831, -0.04744290663879674, -0.6405244884907937, -0.10890147228232686, 0.12477301106260442, -0.04950124405525629, -0.4175404164798287, -0.4907328138373011, -0.4059270232584544]"
"[0.13550509441256228, -1.0535668527561257, -2.419870221651339, 0.23482110377412696, -0.06528256273423917, 0.7321863082964751, 0.9157308826173931, -1.3143354491174268, 0.3180193081358967, -2.2121255732413103, 2.2363210994895595, -0.24520501780701162, -0.4380980740484078, -1.1080635369598966, 1.1156664129856844, 0.26754261268929574, 0.05754949232480848, -0.32878795001366684, 0.32124563617045043, 1.3229727543438745, -1.194408558191036, 0.09655349924998034, 1.7325123446521324, 0.6708855423507469, -0.2746946163655698, 0.04580128585294955, -0.4747180117575777, -0.6959900907417077, -0.08690286193928969, 0.5470879628624163, -0.4493309284415894, 0.5252391268622643, -1.6557851006209832, -1.1475679236453147, -0.14762384759322622, -0.28685041754672364, -0.11070709019685013, 0.649140138636661, -0.8344696821375406, -0.4273500050840276]","[-1.1041910151451657, 0.7763606058252103, 0.32266562468416904, 0.30685845704097825, 0.17007034505237723, 0.04736994932840061, 1.3430222357110828, 0.15958340120243478, 0.8369269928539848, 0.33418618126944877, 0.3074543482309907, -0.7050777041876468, 1.1705942701819174, -0.09883725716940235, 0.5153569649072994, 0.36292692051974934, -0.010072277222804118, 0.5265703294433252, 0.5825890766452156, -0.13192563683336625, 0.48158467784170295, -0.3547676562024226, -0.33390519474332414, -0.6602246454166389, 0.6584653143038371, 0.4773916512529261, -0.6451273028697427, -0.4036104266833423, -0.706002813643725, 0.1464267122945369, -0.03848291406293765, -0.2638702717650728, 0.032157815722131756, -0.15801142947054228, 0.02408506626825534, -0.23487428992747092, 0.32958088637595995, 1.43192930762248, 0.18070634048397496, -0.3306693413559382]"
"[0.7728812323738186, 1.9186013321090503, -2.3548859617359077, 0.624438342141765, -1.168965115242429, 0.9027035426613905, -0.7774047221994107, -0.2385139349212122, 1.2325289132037809, 1.2337391535018372, -0.9390454615365006, 0.14872866303828697, 0.08533780239929754, -0.25828873538980807, 0.962237906298044, 2.156503407830397, 0.17133573076418265, -1.1096433696768142, 0.7424129700583882, 0.5082589468094453, 0.318550586641612, 0.7823886779521674, 0.9813655658400028, 0.3348925136473131, 0.3644233686030328, -0.9348958936477731, 0.650403463803189, -0.6606050393494769, -0.21231584774943463, -0.9366113664537739, -0.62093988333671, 0.6971491238624251, 0.48016634154855914, 0.20997571039183324, 0.5757287282716644, 0.5539983520103036, -0.5456086940563616, 0.7427076796758642, 0.0918206490491705, -0.9413635460282963]","[-0.2515168319637769, -1.5047688203687968, -0.7395897382120283, -1.2425954609931227, -0.21514124886180347, -0.20143467344128124, -1.4338016618768659, -0.2923265464244004, 0.5736569146953383, -0.48549263829228567, 0.5088838742790237, -0.5219715670854079, -1.031174115291637, 0.391807399555884, -0.8175870674294906, 0.7618622876415964, -0.3287969018766069, 0.30181207792314385, 0.1764101395591006, 0.06063864505193506, -0.772378555578614, 0.5340719076874748, -0.20400687070548182, 0.4945125963785766, 0.575911886586003, 0.6802261631449588, -0.46168088466180274, -0.38654602443425573, 0.5419327771027063, 0.4702101316778617, 0.5009516284011039, -0.47381669549718836, -1.0595700602434932, -0.1550619729824069, -0.5039504873550645, 0.47437524888465404, -0.045951270740053146, -0.10140951589482271, 0.0583676547871285, 0.14463245673150954]"
"[2.7730302497378294, 0.7198403575922183, -0.23169396712641652, 0.45514809679532225, 0.8923928327556778, -0.6662204618451886, -0.7512685088782739, -1.357112754963568, 0.7041005048960733, 0.4993731603330782, 0.21770257213858477, -0.4110073413917192, 0.6789732251475747, -0.33406058574693115, 1.666285344462102, 0.24974680715381858, 1.2337477099314456, 1.0864635508898155, -0.9169969479570124, -1.057055615072415, -0.5662934981112635, -0.350100002608735, -0.8955927981853321, -0.4880283564974229, -0.9007616697073033, -0.6452655851089257, 0.2513797844219695, -0.23265777670050666, 0.5215883015467466, -0.36538947179256276, -0.3980096164630222, 0.22504217863249873, 0.3258295636168766, 1.535702344869869, -0.6683709782651488, -0.7551529916254783, 0.42046263904901077, 0.07240890788933826, -1.1161503261123193, 0.08822418561642177]","[-0.09419588492889719, 0.688684072594569, -1.252258412325437, 0.06392947401273877, 1.1581790462308625, 0.7781406022341667, 0.2008252998009913, -0.6427169106578338, -1.0572014755331083, 0.03739778811865512, 0.4325872518463707, 1.4968729926065667, -0.29025112474427717, 0.3271035198768987, 1.056770790089937, 0.05927311562124709, 0.2853410433250662, 0.24243135723574122, -0.11389991068687913, 0.009482359537230103, -0.6622170198739384, 0.5709003958982732, -1.1125021893135707, -0.17039076044161078, 0.19197782611425324, 0.17607592818149193, 0.4092992926654243, 0.06391084996990556, -0.26960244890133794, 0.31528791733409284, 0.785007197970595, 1.100906513339858, 0.03407922790955364, 0.4812291960684233, -0.19010239322681702, 0.3760731862076704, -0.05695746667940172, -0.31278277993323284, -0.13869470668908865, -0.23486227301372664]"
"[-1.6158729232626883, -1.9068050906102014, -1.019244078048712, 1.3042269468626042, 0.1458686723577062, -0.32400522395531756, -0.9041782405507711, 0.03295978097024514, 1.2988137779850302, -2.798669377672521, 0.6976545330722775, -0.1801634676774544, 0.5095755365535315, 0.4456917581077096, -0.03207959546769906, -1.2099902556520734, -0.08372549918757172, 0.20862299915684276, 1.3301010170597172, 1.143446005138689, -1.4153099161859466, 0.420669199641106, -1.4850372104157277, 0.49125983944888935, -1.0733510403425408, 1.049648751805618, -0.8696379262714746, -0.7727010916422061, -1.0600911298827647, -1.1259134882350483, 0.1514886026565806, 0.04270814194357885, 0.14739068030836844, -0.43353810760377703, -0.37110008721070137, 0.9986486388230185, -0.06425337104144517, 0.20322351588968657, 0.7759994768149002, -0.9640335863384819]","[0.5043945453053272, 0.1256114864152249, 0.5048517089149254, 0.7695354740420338, 0.1414654810382223, -1.5060697928134152, 1.931585448091654, 1.6978591029768513, -0.38824576559461077, -0.2606503229139548, -1.2486945947119403, 1.0425008299821708, 1.2292735726032769, -0.05123301632401987, 0.7260404113448822, -0.5833283169537536, -0.6619928753455395, 0.43064596632741403, -0.37799806598593166, -0.0054908608366461, -0.05209801036380536, 0.17952616968983465, -0.4021565156046709, 0.2779267506641457, 0.47861384175441646, 0.504268218938681, -0.0856022469588202, -0.9933033746195529, -0.3170625474000977, -0.6571896940948815, 0.6082592838854564, -0.8669429482450599, -0.35244330581043876, 0.35398696560922366, 0.47202188584815424, -0.16694917265298195, 0.438893557469773, 0.053564980815629465, 0.20406681290767373, 0.10700895818219872]"
"[2.4105465420325656, 2.613734017216117, -0.7473605386409172, 0.09059283780880498, 0.24559649562244426, 1.5951681002359104, 0.22369985326228387, 1.1361288106502392, 0.07959201589817431, 0.06907464903693586, -1.27299371699567, -1.2919463528216935, 0.20837363971872525, -0.08545161903421293, -0.17848848367129322, 0.6475878956358955, -0.30071915175349884, -1.4067567816642867, 0.6773384695047145, -1.0829476523527288, -0.3596440803353153, -0.17015559614735837, 0.28852043638103697, 0.09293989123394081, -0.21787460404718276, 0.7987347746435479, 0.18121252527661486, -1.446138839329553, 0.23106961622383884, -1.1701101490522574, -0.13398624273454282, 0.7663392929727018, -0.3014947447014606, 0.8297254384982421, -0.21982015364781693, -0.6320423675102897, -0.460567462967837, -0.6494480710508334, 0.4965735059412853, 0.4949853607981528]","[-1.0396989561433327, -0.45209902261696566, -1.7684211455704832, -1.2115860185160192, -0.41637882086446265, -0.10388791374679736, -1.2747645975089474, 0.6667610950567759, -0.5444977775558012, -0.9484432959781666, 1.0161936138844705, -0.9901205852122617, -0.40155593023775105, -0.0031722381103072624, 0.04406764180357686, -0.09059761713629925, -0.5340447518841539, -0.9061840051666245, -0.8732033596683305, 0.12483566587770742, 0.01287657707814139, 0.2524593952550996, 0.1647850930959488, 0.012304736250156283, 0.5788348159591884, -0.11489405508305356, -0.8675130042888689, 0.3432524402300723, -0.38713559897051103, 0.4266454953260771, 0.7895607854785417, -0.1334548100490327, 0.400783862919091, 0.21249595763644769, -0.26683162627609264, -0.12798618766318345, 0.0744242869802761, 0.457019317708328, -0.17597136576865238, 0.6646244618939203]"
"[2.2509069097039474, -2.3144486936332376, 0.2667721228024769, -0.2559180539216586, -0.17660282710155664, 0.902234620223837, 0.4505371985650856, 1.4042250470916096, 0.2490719469069407, 2.202287880987792, 0.013312949235015104, 0.5366186073054641, -0.46252116170786917, 0.0782731429720426, 0.05381587625665016, 0.2799004743351882, -0.5348649165378131, -0.5882803482733169, -1.787729711417717, 1.182419661431499, -0.9383566520718702, 0.961859721319115, 1.5872863228357605, 0.46613649208080427, 0.9064078734587501, 0.5611046820202215, 0.9541506090940971, 0.9896364311333561, 0.41826042939759817, -0.5024498790599403, -0.08172439097864227, -0.38509588059014416, 0.8015264818515487, 0.3265519671539538, 0.39581115141021644, 1.0952128468895006, 0.6443815964969736, -0.4484985414408503, 0.2996308794508731, 0.8094842087345561]","[-1.2497814383785493, -1.6484418961654528, 0.03767296779005162, -0.40940544107913557, -0.04470723156705468, -0.26181762277359155, -0.17293577442325778, 0.9144176723522346, 0.5805469980681022, 0.5392888377619377, 0.3076319811408239, 1.1398265872463131, -0.8601651588468269, -0.14309616508166564, 0.6221682907841188, -0.5014155013529692, 1.2402296371743304, -0.35599562355656367, 0.6299778574117284, 0.3825096882451302, 0.15484752520286996, 0.4123130443111335, -0.575706527837608, -0.7960439722358781, 0.5084375695477646, -0.10202905930246735, -0.7264129357439127, -0.6834484812070817, -0.40293336568436383, 0.2385392005619576, -0.5430309246418927, 0.530224812506765, -0.5011003800021041, -0.8629754399058245, -0.9757557062042813, 0.6623496156215242, 0.192037883754065, -0.6808889632554946, -0.8714503060147306, 0.027107238812704913]"
"[-0.8826757326389326, -0.31490506186699724, 0.6849590886242103, -0.8780311164422803, -0.5178203404085977, 1.4962663244107945, 0.4448829857958634, -1.929551126398884, 0.05815872360563896, -2.6122235907731115, -0.10630369680560064, -0.8425334201737572, -1.1005678922580528, -0.42167301142683855, 0.840053276649489, -0.6768794485102567, -0.6032552347258917, -0.4714516797001052, -0.2570526823059002, 0.4951387661777373, -1.1138002118099697, 1.5078107989480638, 0.7713414046998724, -0.020567570487135773, 0.6312197677807466, -0.22543750320581585, 0.5347819615726497, -0.5864949575272475, -0.732593909826536, 0.041787797987876, 0.501249167514718, -0.6037312755595091, -0.8218726356927105, 0.25008257009183155, -1.0753526413688197, -0.46904956930609515, -0.26012873280366655, -0.21785394648154996, -0.3923071877319188, 0.08895450719228941]","[-0.5478875305110574, 1.3410523529881395, -0.11175774685141841, 0.8763813960060415, 0.6518818584597911, -1.2522095449317914, -1.283820539062712, 0.899531328206568, -0.2245847762545243, -0.8951658289468064, -0.2586469245325356, -0.33363236036970195, -0.9219200202890839, 0.31156510272548943, 0.7457104911070949, 0.11215903685539229, 0.2802375437017757, -0.15377455933072923, -0.2533190789333601, 0.4300235817617427, 0.14947934873152627, -0.260128088427526, -0.8817524098113836, 0.06389291917049772, 0.05665055972284323, 0.4907823556800794, 0.4507087591844486, -0.03654946672855938, 0.14068205319952143, 0.3108185249576691, -0.5175157504855684, -0.23526114320028169, 0.5004201900578584, 0.3725676987478518, 0.42678705568107805, -0.09491830074328178, -0.14046753803988546, -0.06008622867863368, -0.1658208469829652, 0.13300008701857713]"
"[-1.687273103245201, 0.10967411261018366, -1.5783050161796528, 1.9886120881938718, 2.3094333159804874, 0.9142508705434632, -0.47088418021191175, -1.4063518707687939, -0.6132469233390391, 0.860615765749785, 0.40317358437409145, -1.8386522263811518, 0.7725887918086682, 0.6870694612725754, 0.33282218058537727, -0.13647612707084775, 0.2166721333826685, 0.3189319067689277, 0.32499720677855676, 0.20554778177961877, 1.081077618291378, 1.3978667537402372, 1.3020706535622226, -0.4486589426496746, -0.5822565465610271, -0.2612718340928902, -0.422229568876142, 0.05868496181318531, 0.13430609478765732, 0.4016925830017961, -0.15755511536827407, 0.4682307948480966, -1.0927286254350663, 0.751966502378509, 0.16384586252646174, -0.7442542159058867, 0.2805400100433307, 0.5387896177532709, 0.2903596018408653, -0.08311524650651315]","[1.4576942874188872, -1.688088291759346, -0.6721772576917913, -0.9658532451050766, 1.3611245466717266, -1.723642376284615, -0.19826418750471603, -1.1074692496267773, -0.2866986165834181, 0.24018241307348964, -0.588494917714846, -0.2180910966396145, -0.39096360813108816, 1.052025077010731, -0.12092177484072456, 0.7574609775127777, 0.02994237102917124, 0.2057489089467155, 0.045793659960797484, -0.07257508685883837, 0.24619505403605188, 0.4498724537301292, 0.5091591169122457, 0.0651170934032385, -0.027115928111426015, -0.22281628189990155, 0.606270337856625, 0.37206998756032134, -0.4076166825930167, -0.38523354468053295, -0.022859616390745695, 0.029537182527429054, 0.06304018436913876, 0.2992735987203412, -0.5712375559273515, -0.2883935879591196, -0.21020317519076334, 0.11930813838334602, 0.2974169156555081, 0.9836015780499967]"
"[-1.6143068364725572, 0.3250504433861419, -1.6953569665849542, 0.8425550465422795, 0.6758194863078635, 1.1225894376201533, -0.8225081377192006, 0.3385935624396206, -0.13984655456315634, 0.44811476743619255, 0.10981847780730714, 0.2914463053164001, -0.18489105182818175, 0.8309856076253375, 1.9678735906701554, 0.0068302392496809175, -1.4641161883871177, 1.283872277334653, 1.263553455073187, 0.469849075000139, 0.1685120172836277, 1.6754798214492281, 0.26175573493975784, 1.528512650958881, 0.28805124105283225, -0.14178855489428036, -0.0818048543676145, -1.3433367712286304, 0.7735828189869753, 0.04429454244088135, 0.26664482494777536, 0.28358341298198525, -1.006376331272048, 0.6461975139751805, -0.3909580325793275, -0.09900297040091781, 0.82437637550781, 0.0663077896439592, -0.4669641167686272, -0.07432232520498207]","[-0.8387746321545825, 0.15348973380985548, -1.2686220014144607, 0.02047973404326356, -1.7467261119206223, -0.6214989879353807, 0.47046742850252327, 0.8184700661340893, 0.1978356437504601, 0.7279719396809046, -0.22410544138267535, -0.02533568277729165, -1.0218552408633024, -0.4235701753883211, 0.936305769570236, -0.06710869715343772, 0.1489570001303841, 0.4595369068019335, 0.458382104721959, -0.8187429537807429, -0.20062373480337423, 0.03866066188286347, -0.4389412091057634, -0.10944889121719563, -1.382194076472475, 0.25757190650964795, 0.564596937563104, 0.7124249085811141, -0.05801997257950684, 0.46001584134931855, -0.33987539561999, 1.435832365427683, -0.0942198254429113, 0.41470650474177473, 0.16500945732012398, -0.12163114587147358, -0.4164840137027295, 0.38421145820599845, 0.18926580371807133, 0.2855736121320745]"
"[-0.7790030950828057, 0.04299891800712957, 0.3303766863500899, 1.5744288064474943, 1.9192303739066257, 0.11949408480624085, 0.45594498052018506, 1.666978218930904, -0.982080769994097, -1.0371220560878929, 0.750026030363968, -0.0852118851362517, 0.3300555795118018, 2.187800563001605, 0.016169346582165976, -0.2210137331251473, 0.9729136357652233, 0.6898240182922434, -0.822508998836797, 0.39725023840274676, 0.08981029720960751, -0.10607434217182027, -0.22653025984933717, -0.5290289593035922, 0.8127195456690912, 0.8997211734819177, 0.15231669004738033, 0.5389424518666728, 0.5159784377507453, -0.7578074775450387, -1.0068744737247484, 0.17673523248000061, -0.6154790446776303, -0.43113782758744007, 0.1572268019275575, 0.7119239426499497, -1.0770430705906722, 0.29851363601224934, 0.3507814136000074, 0.281083103549682]","[0.7062920022449161, -1.8103537738748674, -1.4071988887500788, -0.2350444812306396, 0.8927490744171723, -1.6765553147193257, 0.4081223479810861, -1.4078510810077027, 0.008632560082564527, 0.6101282349879966, -0.7002418554771297, -0.15493063875292, -0.47055642999185376, -0.03694414766505848, -0.3548884226468007, 0.6040417254168325, 0.6148061483781732, -0.6809597606604283, -0.45853817407887093, -0.16576161281868992, -0.207626056347961, -0.17481468048555637, -0.05428220298808659, 0.05910363900526418, -0.5498944237794126, 0.23965308987870826, 0.2773787709828651, -0.1343473992077894, 0.4073645219833074, -0.589344145842994, -0.45341310616670233, 0.37454466396796376, 0.6485675328002611, -0.6110160575100809, 0.20352370783614798, -0.917301406363057, -0.006114034198271961, 0.15599989359846234, 0.6635219475398771, -0.04918340513883895]"
"[-2.903963893205737, 0.055992258828277575, -2.144792322908961, 1.3804667946164326, 0.2331761924237222, 0.5631370660531411, 0.27819268006997827, -0.44354125101395714, 0.26574783156722215, -1.8718370087280134, -1.283835573160951, 0.9106916397746058, 1.1175142652723522, -0.3036653615168594, 2.240680886713066, 0.15150081470890928, 0.1051105610056764, 1.0407956709194819, -1.6681815130758442, -1.0607826662251023, 0.5325144622187805, 0.36022681770609083, -0.3490215130578223, 0.2001773715088829, -0.08977706133611224, 0.12117317143676287, -0.9984650421165924, 0.41399422322895124, -0.3799425935983132, 1.066088757382451, -0.1139362816999705, -1.003970627364054, -0.5709211035156235, -0.16517334942871167, -0.25124125418223037, -0.48529917056405836, 0.04074049028026306, -0.2115209827331751, 0.1868186058539349, -0.961819415072011]","[1.5125710776504422, 0.0005663988330360965, 0.7020231364599425, 0.8928467318511357, -0.7586574818206382, -0.31312386218241717, 0.28208343323354296, -1.077602538994332, 0.2506562304122236, -1.2501419180538875, -1.2611046037585507, 0.6113426515742384, -0.4787784187998008, 1.0307451250726427, -0.16343577416773455, -1.3155869304301735, -0.09977137516974041, 0.3924292362567235, 1.0458278942073194, 0.8817391532672512, -0.38325949010800203, -0.6740165674021891, 0.6672722295274628, 0.1346392563013646, 0.7766332376287418, -0.3092368720390273, 0.1947962780829301, 0.7133875687594069, 0.8314247888241804, -0.2761042895069791, 0.10572677581823355, 0.4650598921004086, 0.49524484724299817, 0.13895244194541906, 0.2551876645738871, 0.32078469636949714, 0.6444113573785947, 0.39418944683216944, 0.057487389038546534, 0.8204367744033164]"
"[-0.2532819312917294, -2.018144978246247, 0.2337810594485586, 0.13106105217553407, 0.41213220674837014, -0.17454205910727513, -0.11492851752268116, 1.4918474731624556, 0.6083268551171243, 1.1352786618220163, 1.3765079633341641, 0.11950820004385342, -0.21847339389386347, -0.06923890670154668, -0.020344111549527446, 0.28816428156704293, 0.10211855044519434, -0.6108069880203756, -1.2255885228819052, -0.3019255637984687, -0.2546871715774744, -0.0009133132658762904, 0.1810897810537042, 0.3319014886444788, 0.33880499400851255, -0.154714113720837, -0.7375671714219879, 0.26435143191221694, -0.47056054130651565, -0.2691948648593195, 0.47158719469827703, -0.5956299948950715, -0.20799482338910844, 0.3954486789024831, -0.6359470313179258, -1.15326454787128, 0.13637735745330495, -0.14524017800123148, -0.0951461027897286, 0.6409766706716029]","[-0.48594526106150976, -1.0285629606119973, 1.191406475669999, -0.21800297153960432, -0.9183387403600657, 0.28152234953089106, 0.13028995968337637, 1.3002370909166638, 0.9241328709713593, 0.39101878681565316, -0.38812351474577994, -0.13582523855833964, 0.17053865378493616, 0.332487231309527, -0.16456116943028634, -0.1787229123893854, 0.7210548803176218, -0.5195375369894835, 0.34814228778638134, 0.5349947220093749, -0.8116270750078831, 0.30121041709554325, 0.4310495536854066, -0.5783192771688569, -0.15078376438809732, -0.9775316194356262, 0.9052281393071826, -0.17266627816937138, 0.5189633033198738, 0.5888864233269329, -0.23972810841103612, 0.1862529447530638, -0.4862079576572576, 1.2180071675514135, -0.306894321538724, -0.5441002095747436, -0.40025649191741525, -0.3306537394282452, 0.4114734850601828, -0.6461783377706432]"
"[-1.0259361277557648, 0.3155182595569778, 1.8398161171210419, 1.1535169730691406, 1.7045520514715935, 0.7665754325787174, -0.24477742215086204, -1.7198133957047201, 0.8441182008004963, -1.5227064331873312, -0.5494422447791288, 1.3791426747524356, 1.0119827726778872, -1.8715351267014926, 0.27809107026929614, 0.32613889745732566, 0.17175414335563385, 0.9802041205858876, -0.8997742720084309, -0.9291781176161931, 0.5776710249167891, -0.46177533381619557, -0.7300910796766968, -0.8447706809495117, -0.34595274910155693, -0.6376458036596818, -0.055776618491489065, 0.5729127765137555, 0.7358770137348432, 0.7701872513651938, 0.11342348986918283, -0.14462160315339112, 0.7661253303874827, 0.20100469945661323, 0.3157713032840613, 0.17410434452945658, -0.40803518239846936, -0.6370022116242027, -0.2209574545629382, -0.4638813131326826]","[0.5643616185450563, 0.3776981354976745, -0.2091540244804109, 2.0317852261371727, 1.1529400801935414, -0.030646940326498447, 0.07278639008114496, -0.5227720832672095, 0.24025197403966692, -0.1230795432752481, 0.12840825890909072, 0.2772773898759472, -0.22775186140336087, 0.946087631336398, 0.7639438315302309, -1.046664206527115, 0.041980963017301184, 0.9418722889546824, 1.3345364250864067, 0.7080862286638236, -0.2689046171625299, -0.11775270693688895, -0.41922238895538366, 1.1786568478969601, 0.16774298978178856, -0.13852420913799154, 0.14591614258128807, -0.19023903890709246, -0.6764273584256879, 0.6722783965423519, -0.4124237304069652, 0.008654123743853315, -0.21260433289952194, 0.4843390807607311, -0.31763487715902927, 1.0855348221654015, 0.3505830393489457, 0.07221884544462115, -0.5535921214262842, 0.7783032838423382]"
"[-0.09566005863198909, 0.8116438905450172, 0.38913153358887853, -2.1871861335688347, -1.1435007984253769, -0.49251620028382265, -0.07738610319265216, -0.5690975077488575, 0.08115724559450514, -1.061273507287323, -0.3699162165569388, -0.8988590242161254, 1.553686641535712, 1.5390787683120577, -0.03762092976309047, -1.0889875087940581, 0.47006751552536985, 0.6458327933756828, -0.9254523331650343, -1.1627487626056738, 0.17802316010643254, -0.0708946627828658, -0.028461037113249585, 0.26153491711939997, 0.43668997302951973, 0.16706166172533737, 0.7202066201809791, 0.4284368289680707, -1.6186824947680694, -0.1705552146306908, 0.13421443146713416, 0.207543045652866, -0.04334267967235189, 0.24515493439818883, 0.3723558423949554, -0.5412110668640043, 1.0603311368793051, 0.3176900062763618, 0.7808100598408203, 0.6431439634527426]","[-0.09417898515831215, 1.0736350873775309, -0.6173795851107449, 0.43961129790149067, 2.043130537419655, -0.13620107616725657, -0.44195572607881134, 0.3011355795919276, -1.3189902467812629, 0.2592204213890674, 0.08411496873546412, 0.2997931793942313, 0.07080733958930867, 0.5213254537509394, 0.04694242209441075, -0.43766325950999696, -0.13990279552224333, -0.4707986745119977, 0.5594577703796093, -0.4241430237901724, -0.04067310224000649, -0.8811472277371022, -1.2793062664793735, -0.5758183676107043, 0.20079263383375343, -0.8393673315808294, -0.3609418964223137, 0.35630926112413613, -0.2648746293523497, -0.9633123191381638, 0.8585535592087715, -0.2995529558624377, -0.35138524542754807, 0.8713597335958336, -0.09918053621339006, -0.044293682425316984, 0.29103363280562905, -0.36771244444983564, 0.0010651649136043655, -0.13426345820436372]"
"[-0.7499844679590447, 1.2543117185222536, 1.4224524905986429, -1.285722372293586, -1.4145681677633837, 1.1721609123085028, -1.0298881077076267, -1.3740584880273619, -0.6520886276996931, -1.601825060530846, 0.43429172610381467, -1.3589539258562888, -2.193418637263674, -0.8027584567531345, 1.7873505993038583, 0.36691269140727933, -0.37306392779352027, -0.49151910111045233, -0.11681063911778634, 0.49318071092805554, 0.4558597412948166, 0.8252203717383668, 0.4263870523377962, -0.6327001546109948, -1.0471608210133616, 0.06894025097093043, -0.2986745661407001, 0.2005871106072051, -0.32524120126303135, -0.21570430575701816, 0.9832913888918756, -0.16034105558348805, 0.3376010479686162, 0.03629807037627548, -0.35499055676674357, -0.7809528774290996, -0.024186610010457955, 0.48338522233208675, -0.4480849786122847, 0.47677723706524844]","[0.3961251847832199, 1.2721800000036427, -1.1964694766547905, 0.7827298758071218, 1.3214333714128499, -0.09607042513516911, -0.8657612376808193, 1.0013413926222725, -0.12875965051308316, -0.7864361400090768, 0.2455962083907244, -1.1690867288420996, -0.0012756925561663171, -0.6356592234471722, -0.048830413696863396, -0.05157059561376946, 0.1586457731422083, -0.2583279721712623, 1.5102064008591194, -0.13889614483345625, 0.12628290303031145, 0.16816744353114052, 0.8156249221417965, 0.38455595765404166, 0.8220232680137021, 0.314571309340732, 0.04711028693387659, 0.8501952129985018, -0.29845548390221116, 0.023843790340461867, -0.039460027245709246, 0.260724640942909, 0.041759070128437804, 0.464789378225903, -0.13711360222062455, -0.4589621006708178, 0.25692480015111735, -0.5470284407569399, -0.2159125372098256, -0.16415645676018945]"
"[-1.3386697295973804, 0.7583601752146207, -0.05259296138288128, -1.5421735179241358, -0.2921906870174548, 0.06417783459014667, 0.7008565910345737, -1.497123194393103, 1.0255742272129977, 0.33993042202136925, 0.15356852315311692, 0.5528350375890078, -2.8524155584107276, -0.13496133208121797, -0.2614848228848062, 0.01449717119618982, 1.4330922448308838, -1.6913875823781264, -0.982760738906595, 0.18924036914706407, 0.32654717289571844, -0.17382085707712924, -1.418942232607154, -0.777378626414235, -0.1856938169236036, -0.10652588853059329, 0.07762174438615795, 0.24455167270126246, -0.19957331522409055, 1.1140177838041545, 0.15818772733437386, -0.16297652933933732, 0.04183145568043264, -0.14315161747947053, -0.4685546148025477, 0.012755169447716675, -0.5718470719969971, -0.22615582192565878, -0.36835318501380604, 0.1682423895378586]","[-0.7409242801146089, 2.660029088306528, 1.1358501566083445, -1.2689457219220242, 0.36498473590945546, -0.4737313842607644, -1.2901243062409227, -0.382977068263638, -0.16645445837629663, -0.3951251133655032, 0.16249852549320584, -0.5302711304226846, 0.03884812019538006, 0.4963193082845961, -0.2459884488851837, 0.22383695115345156, 0.7277446267920047, 0.01456142350427567, -0.9510021754867237, -0.907889519993256, -0.015914152735543054, 0.6329548218979437, 0.5249646459700259, 0.27643114510573835, -0.6841322180456848, 0.32736904573360914, -0.2690216620148205, -0.03126464483122136, -0.44771344061143953, 0.48117371337147286, -0.4398656791151934, -0.07985971625655071, 0.26194980564960835, -0.04303567311046533, -0.035776271339043514, 0.5950956703303113, -0.3131115049774578, 0.18817163674377674, -0.11507395514045725, -0.21350305153561655]"
"[0.4872019514986267, -3.1973432309425607, 1.3495119849714026, -1.401847458359713, 0.657080091794388, 0.7094986449069207, -0.07932021172869615, 1.4095934786699091, 1.850488414776477, 2.2043549567986966, 0.5322032001457063, 0.436688212477676, -0.40414703154723797, 0.36882313082455725, 0.725326752140083, 0.029352735675180222, -1.174066038084522, -0.5915088507141398, 0.9489327452592496, -0.4002147323338321, 0.5673939925114404, -0.34780651638620785, -0.5498259204326752, 0.1742592189660014, 0.1076495869832081, 0.2457955143123248, -0.14141134249962242, 0.9851695177048186, -0.8039581208988944, -0.13548292256871916, 0.4661096746544859, -0.7045325621608691, -0.22355515397830913, -0.8343591909519045, -0.7534767098389439, -0.017268565834564372, 0.049998513459322824, 1.2248741179996947, 0.8801561406938749, 0.21883783388272168]","[0.2174555479049802, -0.010153488771329619, 1.144073845327887, -1.4814177257709462, -0.1772979364464935, 0.3474279635007727, 0.7408170708068066, 1.4704575722215794, 1.3123740460817515, -0.6698884334585584, -0.3852846096179709, -0.7564173783883801, -1.1356462334289052, 0.677510403229412, -0.46386517433041485, -0.14641608527852434, -0.6796218050088778, -0.10360022740168488, -1.0927483026570002, -0.9737876252931563, -0.2412085957490789, 0.2973745130521934, -0.2782842781524288, -0.5832444508555381, -0.6777353953121872, 0.6146027421798442, 1.1434770596199044, 0.20103274746437064, 0.4571823886824131, 0.03535231463796477, -0.7043822722849025, -0.6887539059734391, -0.2443275640709116, 0.19917957715144344, -0.22513894757434316, 0.12002136427245264, -0.16364479705261223, 0.2838241617339519, 0.4822582094753368, 0.05733820333622889]"
"[-0.10137966633505288, -1.3778248486566542, 0.25647773567753407, 0.4772294434080177, 0.6201465066714172, 0.4959238798526126, -2.2160691040270484, 1.4979320976607844, 2.4960884629302518, 0.7247258589050226, -0.23049754190537333, -0.363834273437711, 2.4287354710260844, -0.4316871654132172, -2.054634974244594, 0.03796307659749369, 0.5700562870786121, 0.6504372717506838, 0.2162771879647231, 0.6537775265268563, 0.20443928089971566, 0.9954357053983753, -0.10130384530063496, -0.3315782023600517, -0.10123520777729311, -0.16904051975546028, -0.8720558607226575, 0.304150713992613, 0.8063733645285641, -0.31828464162232717, -0.9429959776885662, -1.2732061029959045, -0.009417475751455443, -0.7040073717574463, -0.9537171254430965, -1.0482890865419991, 0.9020143724846363, -0.2116547620363776, 0.7883500853529614, -1.2262825149377485]","[-1.4712863018679707, 0.9220752942357654, 0.866999349739895, -1.1919354162681683, -0.250235458467975, -0.23498037409768713, -1.1857018342428363, 0.2648453914406769, 1.0333633534250015, 1.5358390426441617, 0.35117550858821744, -1.3626419663897031, 0.23348340703047116, 0.3546953139381942, -0.28368986826622794, -0.17998040449518507, -1.2962706412329081, -0.1205110289398575, 0.027356066159254084, -0.5784501175202414, -0.28207037986934647, 0.31506251225521875, -0.25121832039487835, -0.32193672822649616, -0.9128049519625577, -0.0788029977220546, 0.34160195538714544, -0.04482681579113173, 0.20632271625790233, 0.4387958952148157, -0.382100459687613, -0.11891287901387126, -0.19095659188674705, -0.23791661088725255, 0.2009857733217162, -0.5850783585712872, -0.2934558571560258, 0.2374315303547112, 1.0386588772245147, 0.4585606122733666]"
"[-1.9487565622917213, -0.3401131797782939, 2.0437841127684355, 2.0345065885100317, -0.11925464196155648, -1.805808716561554, 0.284579408708807, 2.6055232375492055, -0.9045624392496298, 0.8931497817056469, 0.42475052349273285, 0.6230119154878834, 0.19776060057554032, 0.1788354838377492, 1.8896514929540715, -0.17404954876566905, -0.4734135392768713, -0.446395441713393, 0.8637521136681799, -1.2078919960965653, -1.0580463093564914, -0.8879401546959104, 0.8069421088755772, -1.0760989554906644, -0.4555618209585334, -0.6811679529120124, -0.08765123986520973, 0.576015503131606, -0.8286637387636451, 0.06761036116533994, 0.006185673447341356, 0.4512207475211808, 0.09443419512915378, 0.42200485953054034, 0.011216761913263555, 0.27138949503051574, -1.0011098465675852, -0.19251645208507182, -0.1293381091724853, 0.1104044333356034]","[-1.83270927151353, 0.11931822668465154, -0.4823495802793354, 0.38523910261561567, -0.9291332187925473, 0.049822313760717614, 1.1300434068799927, 0.17728203919250393, -0.8389998592139687, 0.17550860285809847, -0.2249147322727748, -0.7821416683253312, -0.9984429571078238, 0.1618881048913988, -0.6058811924490332, 0.46761775628440044, 0.38221862232267156, -0.17706581385911377, 0.5895300436498649, 0.43036113332282655, -0.23532199882981372, -1.0759900142969716, 0.4890098512760359, 0.09757802449338669, -0.673370531264621, 0.18376591826782623, 0.1250250716895109, -0.4756160951656416, 0.03879760892147854, -0.04417968390326136, -0.04698936255803195, -0.5901341901230479, -0.07350141427303981, -0.20505131716997396, 0.2759876399021869, 0.24414749942287559, -1.0918874708015736, -1.0283387140864406, 0.015414002835081313, 0.4188782945123177]"
"[2.129183236908438, -1.2854740293467857, 0.3880499517026304, -1.364067211838378, 0.3601467369183273, 1.840254475151381, -0.7064381932010344, 3.197346836973175, -0.05581734271161927, -0.461906741007342, 0.2820733243248856, -1.3512959679794778, -1.4161296247966848, -0.4368418099310741, 0.0034614965619392157, 0.0929382866596166, 1.0224521184510982, 1.6364778021899355, 0.39495631726247454, 0.4362839010055583, -0.49055050348472296, -0.09081317152901734, 0.9081171997719197, -0.542819735019173, 1.049339257042495, 0.4409869498375376, 0.7593025678168114, 0.8667721649230685, 0.9552305364465894, 0.3052278425982798, -0.17616773110490874, -0.7998328945606158, -0.6677178554571387, 0.44466706926247906, 0.25498136435948376, -0.5245020999432187, 0.7826504082736802, -0.1785361085808558, 0.9395206722479353, -1.1169146929065465]","[-1.5168704208596044, -0.6082010767929077, 1.0521457711365054, -0.4520354110374542, -0.10677397732156943, -0.22880781830683009, -0.5958381523459786, 0.1993123000272896, 0.35643741184825456, 0.03693346427324306, 0.08312781914395242, 0.2809219340503034, 0.2916663190778522, -0.15827438133637545, -0.6416304798221143, 0.9826945672067312, 0.48193372387275357, -0.7860845154542678, -0.1406463356809158, 0.4678054674888797, -0.3086981992830525, -0.38035886531699553, -0.552465671185563, -0.8317144198504448, 0.7952348507567634, 0.7907895482997891, -0.9119101149720324, 0.4838975307413541, -0.7638251793193672, -1.163928104395116, -0.3898015585778677, -0.19060737513071493, -0.6213809315030104, -0.39003438732086415, -0.3721427882875597, -0.030603323570371904, -0.3826169940088088, -0.028502647834955843, -0.5229910999807034, -0.05085003730828045]"
"[-1.0593022983893292, 1.6352117993186446, -0.8126444063573217, -0.12323413073282818, 0.049389937726743036, -1.1930213066735196, -1.199057036880804, -0.1696882716278435, 0.07979763337062575, 0.16721610970487014, -0.3357593181530324, 0.3633574160490509, -1.4256633854468186, -0.9537697677709773, 0.7291293478515888, -2.387086794462876, -1.8989244923030513, 0.6290230530109578, 0.38312090925648723, 1.526377194793633, 0.7386842584229233, -0.0596327188696867, -0.4647912692223739, -0.2901065607943968, -0.010253918798433912, 0.06046598247574732, 0.6261306372143296, 0.27750290493551905, -0.5818172477923557, 0.4066775966879968, -0.0002489871988059008, 0.35227075540702935, 0.385850421112136, -0.47813734145692643, -0.025138792916909982, -0.7288269572089493, 0.34719071498974924, -0.06062229464342376, 0.09519673364364128, 0.3986319456771605]","[2.820944623701458, -0.3541452625778438, 0.7336425808576139, 0.2981926764596305, -0.04734878323948624, 1.3123129030830734, 1.1837208576932101, 0.8031519231138575, 0.4961422594135716, -1.0264214502710538, -0.43833409286464076, 0.22060750200658935, 0.316058532054116, -0.06617542231083484, -0.35263968766573683, 0.6455780630675375, 0.22968713800800183, -0.6839834309299518, -0.6752862083365239, -1.2690718775290522, -1.6104301740738527, -0.06083302368934689, -0.4191667901792885, 0.03370166363270416, -0.16236113508356026, -0.05650759178991066, -0.422313495012839, 0.3349398371895201, 0.054042162338791645, -0.3810825057872336, -0.2347063907027403, -0.025374761582854823, 0.6968159710163029, 0.4668212132561176, -0.2895796953817134, -0.36203540800237966, -0.6262823086435486, 0.6106867408655579, -0.271562668490777, -0.04558220194151901]"
"[-0.4824008950150131, -1.0369907258049067, 0.9690223997514501, -0.521975736272616, 0.6293060776899366, -0.7863820578553525, -0.7469179671489926, 0.6734893325281052, 1.0532747156567812, 0.6634260731493613, -0.4610044626397116, 0.2556080210206056, 0.3362678741549419, 0.12128210321823554, 0.6313022415488594, -0.7890541819596507, 0.03733090796674103, -1.1089339458537795, -0.16556706400000618, 0.8123874414652628, 0.04271950873682432, 0.40706024823093956, -1.154413397017436, 0.39470837538549836, 1.7131221830074217, -0.43689428194733204, -0.8643401777706089, 0.4543722095325567, -0.6402836893042123, -0.6596207500834336, 0.5194163965754033, 1.4465461385681655, -0.20997545793887257, 0.47200520248255046, 0.6157197198791838, 0.9595937588443835, 0.4176081348169251, 1.090957880274582, -0.10508537084244396, -0.0778755425096063]","[1.6864126989335835, 0.15959810724460685, 0.7759264600570045, -0.823878021799102, 0.5754780312899647, -0.6366865187742262, -0.5103889929500439, 0.3892983381696025, 0.3824253620855072, 0.06727338358042416, -0.23235179285815105, -0.731793239782873, -0.4611760114028797, 0.9404710473021698, -0.8251522871696556, -0.36843374492815284, -0.4296327371233616, 1.0154608667657834, -0.5623278692538144, -0.053708865816510284, -0.7584054026298428, -0.43266295519787745, -1.248381959084746, -0.17032975631976421, 0.4709296145754462, 0.07771698108751511, -0.6547394427153068, 0.27432834181573057, -0.669207647218069, -0.5429502264048571, -0.45085838609180146, 0.4691551906854794, -0.7732669029852768, -0.5207662462675923, -0.09065614931148544, 0.4302537287021447, -0.11045011731061051, 0.45607132072983625, -0.6912377433435788, -1.2421972730295827]"
"[-1.7124246891381103, -1.4976601387581328, 1.8893564766023485, 1.0649777886444274, -1.4074241838287374, 0.2510457432838989, -0.2627154482810814, 0.5030708582814477, -0.9076371165008519, -2.7318234658281053, -1.0184058615652634, -1.9553935725220661, -0.8546702188345595, -0.3796707738950108, 1.0352003466956283, -0.5429160001329514, -0.05427966992773569, -0.5040307919086915, 0.6377510948410638, -0.8584004462652602, -0.19044402420967832, 1.0573924854108663, 0.08271252709149149, 0.25551163501759, -0.3364972816880373, -0.14007086104541508, 0.15154666798292693, 0.6455968409823779, 0.45136588887120593, -0.4988481091722301, -0.43352189484449943, -0.15941220350125973, 0.13645476626614095, -0.11091265502055232, -0.1887750312558785, 0.33522445148688523, 0.3890982971978925, 0.012184133100510882, -0.4964655401709718, -0.313905413852673]","[-1.084947814065789, 1.3247542935233767, -0.8816829566851185, 1.97230387642041, 0.2158024299390602, -1.2941354241271716, 0.41830161788469905, 0.27416905359571886, 0.08753485282515404, -1.1875529718161115, -0.897629067561067, -0.5225213156012671, 0.24080682711699736, -1.0296652322124122, -0.36303470195170845, -0.5416854144343385, -0.1909554543997136, 0.15677038856046788, -0.49517146549990226, 0.26530837018210546, -0.24623250232194083, 0.7754365064875351, 0.010641662146250931, 0.368796916789217, -0.10440077519794289, 0.4221163339185503, -0.11415154490539817, -0.5219900065860686, -0.13088361376894195, -0.34542692311609896, 0.15868197657678948, -0.02642752162055175, 0.0010820667038624716, -0.21979829562540057, 0.45213436155621917, 0.2801775983321632, -0.6421447747253672, -0.04415039876110724, 0.13354607474004235, -0.5664598671309877]"
"[-0.5033223720726325, 1.0450896990480771, 4.018198984414291, -1.2778564884457573, -0.5546139230942846, 1.0886783289423283, -1.3347697076855087, -0.09028067078085013, 0.17824902628959632, -2.07954068309465, 0.8122736136585381, -1.0071370433644349, -0.5796035595798921, -0.4069830627742911, -0.07020459772097593, -0.41110390448706186, -0.4255049458149259, 0.10111403181337342, -0.5708493893164492, -0.16009288757946855, 0.10046107086481093, 0.6224580483155662, 0.11526729436406144, -0.14003764385108156, 0.23659751709412186, -1.5324525171240484, -0.9715523436070532, -0.07497891222089227, -0.8161722168014374, -0.8977064332262356, 0.002299969899225854, 0.45189002412923124, -0.5127883001683577, 0.06011959201054826, 0.17927618410671473, -0.8518647529186398, -0.08592357506123209, -0.08985186419156725, -0.7250879233395224, 1.1106881718867452]","[-0.4100490257247388, 1.3573288463550068, -0.5315526811077615, 2.7430879308819507, 1.2748843352830614, -1.0471586664563175, -0.2439309348087123, 0.8118928926398998, 0.17998398200634494, -0.6966321386880087, -0.5391244332094279, 0.06817292045758544, 0.18003784044194313, 0.10226557296233865, 0.1535011027377362, -0.2676845685908441, 0.023875931157157165, -1.2717061899356144, 0.10814265974308793, 0.1901139165079179, -0.5970350958052916, 1.0882812869069123, 0.24600079428963859, 0.012529566916357673, 0.6805131821692174, 0.5153593477829456, 0.07184430498577607, 0.42295264488980955, 0.2088664630095773, -0.04524138566559694, -0.1716051145320845, 0.3704323382355439, -0.335882166015521, 0.009269557969434692, -0.39508146175383035, -0.90247572917156, 0.08779576217073513, -0.4077147167447946, -0.267224104166079, 0.5842550449580679]"
"[3.6699298982806936, -1.5280054789441437, 0.5039136784797922, 2.1654353473525636, 0.5785338399472948, -1.3711002494439133, -0.22663932737957815, -1.4584562294107557, -1.2233423928643699, 0.040609699293363034, 0.7549999264619759, -0.3796043114131557, -0.4774481915837798, 0.15397263161334998, 0.05102437461750027, -0.9189072731232676, 0.37543536289504637, 0.055206572209777996, -0.2661169250390562, -0.04842846419058057, 0.5632257548558843, 0.7554401354919146, 0.18967379409821444, 0.6398390947084907, -0.23892524473984716, -1.0270733642748755, -0.5942871332702125, -0.30760253054979186, 0.9864085980555284, 0.13781068093153429, -0.20128664675260335, 0.054207127418590545, -0.2999098077205645, -0.8697661470959531, -0.16550201633744893, -0.049732190531418564, -0.6792298414243904, -0.4370889688553067, 0.5688037815232319, -0.3418841931561935]","[-1.0956393091264591, -1.8733748958669296, 0.615520035327391, 0.19267139820776, 0.08939710133082837, 0.9680782544684433, 0.24808358434508132, -0.22442478286529524, -0.49417727506413806, 0.2105297109302553, 0.10001068612886975, -1.0702253089175322, -0.08482125625935277, -0.3247911739964998, -0.2808472133816357, 0.4581627080447873, -0.19162431767067375, 1.042979852050587, -0.2871955428757926, -0.01097622224957202, -0.61302373259858, 0.5374898068891366, 0.6753559584174343, 1.479155436733528, -0.809434023119885, -0.1931845033473349, -0.7642517135827057, 0.3671737151961893, -0.22839069597166525, -0.09076918310070327, -0.3778441674775682, 0.9136560945150761, -0.6728633099544896, 1.3268343886599796, -0.03589138537084994, -0.17464192993405372, 0.7621545526018003, -0.14505370930706488, 0.17162226573916234, 0.19890773997060585]"
"[-1.009816038195669, -3.002966604520773, -2.4568348915433633, 0.16129269267797464, -1.8935501885959247, -2.789406278336878, -1.0833801839585893, 0.16987316623026083, -0.3666828204699614, -1.1499780011361582, -0.5035894621894194, -0.5381383230753004, -1.3599941741071444, 0.958231755970995, -0.477928782101842, 0.14740109272631868, -0.24732335433257788, -0.3241633848937962, 0.2655990275922055, -0.13910520512824537, 0.26101759947700315, -0.7702705782214577, 0.49558477738392703, 0.3277112945008263, 0.7363553547330073, -0.5116493522304717, 0.25815838585305534, -0.8890995715310404, 0.9476695782976694, 0.20720206248492024, -0.31258731272954904, -0.23089417810732374, -0.5254321337352785, -0.6246799706762758, 0.6365248217678172, 0.7040367825099473, 0.502929282576194, -0.20191155051178747, -0.417861725686779, -0.6016530116474991]","[-0.39157922935080364, -0.5093875894021486, 1.9637685174930548, -0.38856175092317263, -0.22586321520330213, -0.11149463027005559, 0.263637601896693, -0.10039266520840702, -0.42157777400730506, 1.1879061264009738, 0.22305182652156055, -1.0342410285703816, -0.07067851699628888, -1.6443140658068134, -0.39799591204595663, -0.26622301351775596, -0.16795970666270318, -0.8709809162845902, 1.562245741525121, 0.3667233107452656, -0.2090767067471849, 0.5457508663679645, -0.19934365877360394, 0.5097458476714071, 0.10229758394699714, -1.1085039245589934, 0.48767828367110894, -0.5553732583858827, 0.4094919520618406, 0.12576802090851058, -0.15201073231811008, 0.6869812387381803, -0.377359213126514, 0.26201050432408474, 0.9671573147813048, 0.5558716284158511, -0.08458902769255772, -0.11973564672798218, 0.43301367503398447, -0.2827568986731622]"
"[-0.6818085540648621, -2.236239329585364, 1.209840554819821, 0.8935775336089761, 0.40411055732362205, 0.12278339497614862, -2.055742286027092, -0.09462127105710914, -0.5028351076633079, 0.8253209342399839, 1.058415991777327, -0.10803794853856465, -0.011752620219413354, 0.19114719815521244, 0.07797762903638211, -0.624749055844236, -0.06543853979054741, -0.12395311972244959, 0.06554902593673335, -0.761416571879459, -1.3623876739643404, 0.22630586795954324, -0.650820835916175, -0.5852029990677371, -1.3070222441688655, 0.4562319788701871, -0.1810517010422049, -1.9477641818256095, -1.3949169449537704, -1.9550459487091645, 0.0621196769433862, 0.34201405360952913, -0.0046689785074349125, -0.5981177705949154, 0.050968358832420374, 0.736315377328256, -0.17127168707558088, 0.27433484778268924, 0.038085674976628986, -0.3202912199446258]","[0.10878546298663629, -0.518649929671486, 1.899742772950077, 0.38476349088658574, 0.5287858535784082, -0.6253124527191485, 0.7149792646165911, 0.9836558978381438, 0.7730572987400649, -0.7779375415793437, 0.11392301548410462, -0.7975140967772723, 0.5850903841136011, 0.7159956700579604, 0.7820520255199026, 0.2921643145146483, 0.5207558637700611, -0.3157866755058085, -0.011133129416259204, 0.15225313575185956, 0.2852970381082629, -0.03700076216466952, -0.21335598887514715, -0.6491354363062517, 0.0804142963122939, 0.5886809449743946, -0.18998438275118062, 0.12779581465536075, -0.6092352575522162, -0.2123777676177525, 0.24556721191666198, -0.15113365924189492, 0.30777809420103636, 0.026568109511167733, 1.239705772443447, -0.6455920552178442, 0.35203114763775406, 0.1046569898666517, 0.6083182221351764, 1.0350015096578824]"
"[-0.14181607308401756, 0.5064696446499086, -0.15964851471740807, -2.3807159806163734, 1.6676373943119005, -1.166221405850121, 1.5409912159574382, -1.0949450021853842, 1.1587347165136535, -0.798851275030154, -0.32490304164095996, -0.756109806967796, -0.12248856028915124, 0.18207894958411291, -0.040059331243414105, 0.13303320684176576, 0.23765224693393155, -1.1915694765946294, -0.5026144266710333, 0.2582554217873171, 0.884584064905271, -0.04701519833959671, -0.2659430618644212, 1.432112918147955, 0.3702011175647465, 0.15326842074273841, -0.10313519766029011, 0.00012990409853673373, -0.8298747941084299, -0.7905274680443075, -0.2483455581254018, -0.9545746279899242, -0.25653848012282177, 0.3394254312883426, 0.17580334069225892, -0.2704619761865423, -0.04039804891210337, -0.005093962637923181, 0.6343419279093959, -0.5593421292155099]","[-1.0827265036020612, 2.1117335865856663, 0.9308692891506837, -0.6085996027504649, -0.7591335141387631, -0.7114614764126435, -0.2296170250817432, -0.44815188947050144, -1.3511499089113925, 0.4167343773257497, 0.19071108081221413, -0.4730295057954493, 0.8379498331546743, -0.37810837776642514, 1.0021785165481778, 0.9442212579745588, 0.13590639032804983, -0.01679609853608259, 0.22314915062237659, 0.336481879974466, 1.1397924410387148, 0.04297066418452742, -0.17446355438620326, 0.5457025189375475, -0.0956053813430613, 0.18284700956903113, -0.9396902297193092, 0.13854615741203577, 0.4570958523872566, -0.3852003530919858, -1.1147482838546312, 0.11010267837384527, -0.04922687232324964, 0.0038639331774776562, -0.44886900870750707, 0.25605210006932444, -0.2492683777051382, -0.09200956175434839, 0.32899052416254476, 0.4419827349925121]"
"[-0.5196143418129839, -0.8443285516969209, -0.16250572421670004, -0.11963745102046955, 1.8807869064764986, 0.790803965576429, -0.20607483341112587, -1.6331187902907685, -1.1658148775792532, 1.6472637293615215, -0.04570633890575906, -1.6347046136611274, 1.0706285864916916, 0.22753770900010659, -0.5878691362445625, -0.7731744967581687, 0.5693811300229276, 0.47031558862968936, -0.3719990016111574, -0.2563114892805214, 0.9144499209496715, 0.6756646724863391, 0.7533734361760458, -0.7359817797571567, -1.4482460692379433, 0.7066111609902365, 0.09604218732915175, -0.007941235633164722, -0.39907578764686874, 0.5307851545455603, -0.5608173865760295, 0.37905136175617893, 0.3632645159281718, 0.8610579082674087, -0.9174062268735153, 0.20601341480651802, 0.25407821249633517, 0.35046894216949526, -0.41457084478132405, 0.33970759662369804]","[-0.37461592050147025, -0.5260553663672198, -1.3829947867440673, -1.3857569924025184, 0.945922261890923, -1.1939359538014538, 1.1385102066383568, -0.2837066107949085, 0.5328669236587704, 0.6205898239151013, -1.1888319539278738, -0.08596871692341727, -0.5885223285609243, 0.21042150967590081, -0.7579353609808972, 1.5684089967960237, 0.6061203395754995, 0.20049912698682645, -0.05466292662327603, 0.6794490630845439, -0.055692150666988814, -0.28225432788751825, 0.5388539535651453, 0.6153101215739668, -0.10562335595628378, 0.5243261026193422, 0.28598437752429434, 0.012838151353840551, 0.07471595918133274, -0.1209047499032771, -0.06541009481324786, -0.21023426517865013, 0.1313783877481735, -0.2516811708515749, 0.3306579452780738, -0.11400904142576518, -0.20784627613963616, -0.09743972565202494, 0.003285422697515642, 0.010806572714522154]"
"[-0.6618244497492496, -2.495751932243986, -0.788354183988266, -0.40437864160263987, 0.15667093825559625, 0.9284045575497039, -1.1369582541729364, -0.475405913181936, -0.23486156380806095, 0.7576873737489045, 0.3681397483829766, 0.4931853552157214, 1.7324859730820479, -0.7514431950571866, 0.3840388438086219, 0.18193630045703138, -0.06248707572153563, 0.09429968068836297, -0.7819875018020499, 0.055158751042517266, 0.02331624529623571, -1.458110561065081, -0.35485036948598575, -0.2966827114992737, 0.18077940005789328, 0.14555246574919714, -0.7702285426557552, -0.2695196019976473, 0.7287158175574983, 0.3425319604053321, 0.3140967656566181, 1.1032808852576406, -0.02115513637382575, 0.591049831174062, -0.09706879508906123, -0.7039386646474799, -0.21370577183002418, 1.1579950852997178, 0.16549357938395526, -0.691938333760576]","[-0.795090367113029, -0.8517146204834019, 1.6980180910410412, -0.3908320170210256, -0.2379375330163109, -0.6742537304831971, 0.2613218549225899, -0.4820841639182724, -0.12697163255833838, -0.563906145474601, 0.8327091657803748, -0.5797324438064172, -0.8823962296778273, 1.1194086570269273, -0.2150034915470208, 0.41713310436036805, 0.323812541234787, 0.21949223387919328, 0.6106252244950089, 0.6555873329838637, -0.03930819541177545, 0.07832611231656131, 0.6412626002254517, -0.444941727781273, 0.6540227069546025, 0.6768864572187131, 0.07684406736529191, 0.24022568636021327, -0.43035167050289685, -0.3651091958150814, 0.09116858290430575, -0.3995718600538279, 0.33050413238489973, -0.006758270362734568, -0.0316254335945912, 0.23592548995272844, 0.5949036660952879, 1.1011382905499976, 0.14050650048759378, 0.2147779468748198]"
"[3.5830849477969577, 1.272899796626921, 1.0238042532796794, 1.8750615238963904, -0.30089462239391274, -1.0602484268942696, 0.7396369104381207, -0.9854933667064912, 1.2913193209048446, -0.4345690654830886, 0.3136690034936581, -0.14999395560437603, 1.6057100324037625, 1.0287423765218093, 0.8103874877877085, -0.16905678537754504, 0.6642674856271382, 1.1238376841650703, 0.4230771241106438, -0.7567883973977001, -0.2782903561754611, -0.4402085213665988, -0.021097791290204507, -0.18438977903698647, 0.07609019337438117, -0.946347466770448, 0.6553389313823629, 0.33379290737905054, 0.6767201195507281, -0.5704924495289256, -0.29895202626274386, -0.16306094835536378, 0.4421942264099188, -0.37520272075900807, -0.9225260841591539, -1.3961493819673065, 0.27245665692065213, 0.14259041395228889, -0.7926813608307737, -0.3008474640061621]","[-1.136686250158641, 0.36653041347429427, -1.5039060597309641, 0.567721350784064, 0.001316319714113716, 1.252703000821629, -0.16389664447681904, 0.01865926602444471, -0.8755807005046107, 0.8749257829760559, 0.5993039790506681, 0.0892676697745002, 0.5370180179553468, 1.5784850324497997, 1.0831624246871205, 0.09376839137007031, -0.001978053598860627, -0.12168228183113616, 1.0216535274293173, 0.029452421535797496, -0.5217471157859883, 0.9224308384701736, -0.8272456511666257, 0.7673885890236479, -0.6614399934063991, 0.1716574008839191, 0.5569526819815922, 0.3419919585859792, 0.032935706059870486, -0.797005292602308, 0.27017100384960796, -0.526437282614975, -0.08250293547661096, -0.8666121351764203, -0.1592412351356144, 0.22373400812661787, 0.6112544235151289, 0.03305730080456725, 0.16217151420923487, -0.4861589043989004]"
"[-1.2992690166778278, -0.5104918828163213, -2.5018135340561383, 0.08165691286494946, 0.46459710326598624, -0.7022589004363907, 0.23219044565185448, -0.39934251500102147, -0.4355749606743573, -1.816539954985928, 0.18715392059966046, 1.1782310874768736, 0.005975957726332954, 0.2734897958576517, 1.0373351515801104, -1.3251810891332718, -0.9172893694436729, 0.3363461367451698, 0.9906912939563722, 1.5600995358836174, 0.5370448471719925, 0.582851611131081, -0.20620325217405372, 0.2717933311410003, -0.1892294332420235, -0.1602939560104101, 0.3218821642721894, -0.013829531020684526, -0.10428747218580321, -0.7557226073411479, -1.3200370171222562, -0.25222639375545725, 0.4312566413376388, 0.6634664529068617, -0.36551914780752887, -0.1856642175724619, -0.12194657196928405, 0.19516211262287045, -0.11866413480631254, 0.2495886888208723]","[-0.5206206107824219, 0.6687865573685461, 0.838834891168644, -0.07763211327379518, -0.7170387197329038, -1.5300878183759048, -0.10000834187425357, -0.896882875853344, -0.018472000454707933, -0.23633987494307765, -0.5287300992712777, 0.9335496370575405, 1.0368169976423132, -0.9475178891341473, 1.3632797745974745, 0.4828677433351259, -0.26015564940156855, -0.09327952327154962, -0.8207062615057784, -0.4747688501659226, -0.7420010268805736, -0.44482999300432924, -0.18401497728140653, 0.5689930457118927, 0.35924198596319734, -0.8649217510302903, -0.45876448606831244, 0.48384194634534106, -0.6707610044926346, -0.3802158351699921, -0.2864820321655749, -0.5448088073983938, -0.21296340562559965, -0.4533649293964461, -0.0542515131763173, 0.3458674908246591, 0.04991461217467402, 0.2519044465073576, -0.27963689249788165, -0.04944647452555742]"
"[-0.1621008431984402, 0.3940719320677322, 0.4534558277866877, -3.0923764972236656, 2.312994493283743, 0.37166830772778814, 2.751966912977063, -0.20124862938166344, 0.949225626551977, -0.60722748358516, -0.6480820604822177, -0.30045506408907646, -0.5002826550161436, 0.566125421954349, 0.4755346223381279, 0.5320386355116604, 0.19085694246372403, 1.5158697682112785, -0.49735983981131554, -0.9944843441860617, 0.029570797644093285, 0.25685762426822595, -0.35565406873537586, 0.39316232676657276, -0.478832682919489, 0.15195907799030742, 0.10345805746339666, -0.45539225488219687, -0.1493912601795953, 0.05322355109052231, -0.2525056261983787, 0.4270058283282556, -0.09878160589420164, -0.5826854902156848, 0.11287087848554844, 0.6732401511110442, 0.15537984553820447, -0.20611405730687288, -0.15741211128891203, -0.7883871274714296]","[0.6058950232572508, 2.2989669118979883, 1.0247206394966568, 0.19680062480589272, 0.5872772098404302, 0.857350805375133, -0.9976544846714966, -0.9716868561028339, 0.36480109292439594, 0.31097481598958165, -0.6366702248527226, 0.1861459678844159, 0.4502034770507334, 0.006237559869903979, 0.561233402344975, 0.4173527404880106, 0.5048338868952175, 0.1549371351070485, -0.8148253783655929, 0.29771412383436235, 0.3023523992591543, -0.18954960586975148, 0.3185529548062971, 0.49487496169251866, 0.8338355257590875, 0.000432403628051806, -0.2941401619042098, 0.5777130181593828, -0.06108955914786321, 0.2617474269122918, 0.5241560961514676, 0.07342265985175181, 0.9059560450259441, -0.04130888533952134, -0.3608406087605012, -0.17552859217431388, 0.43631719558560667, -0.5921563766739605, 0.016076751034568147, 0.28686955657000274]"
"[1.430623520574439, 2.8926541014723, -1.9632532855599565, 0.8690624547478606, -0.9536725526376716, 1.9118426783662001, 0.8066559261181806, -0.8889226551875867, -0.4224218765211084, 0.3696550460510349, -0.5966459665724977, 1.8277317000665583, -0.47501382797970454, 1.0297814243046899, 0.6429573673591058, -1.0581630458615787, -0.1545901267349881, -0.23106819053294447, 0.11883928015258427, 0.16682849696327806, 0.5637070330882475, 0.5350386588588861, 0.1549274202857896, -0.37715489603633323, -0.0667186556510665, -0.693657769105648, 0.16834038081133068, -0.492541736429463, -0.5325138766156069, -0.36574166134052505, 0.5120018828883238, -0.466824799130862, -0.16324067669808065, 0.00761540012901712, -0.5441278366400578, 0.17033365749110216, 0.3655919107288274, 0.047991173095338575, 0.6330289727751446, -0.04122398867578003]","[-0.24014498313968055, -0.7242592571196378, -1.8133092474471502, -1.2284269761504851, -0.6927168720135919, -0.044364460556756254, 0.003972729062140301, 0.9927550718015258, 0.16232418401789825, -0.6267047960680528, 0.7253617115191935, 0.49759338481761317, -0.08497780633640195, -0.21188243179368244, 1.1551070945703479, -0.47298920991655546, 0.44977568447254856, -0.10450427597090278, 0.3457124715669019, -0.4823112542588671, -1.1143506532777132, -0.9408891924095878, 0.5010143963285209, -0.039057520501136984, -0.39963573345901754, -0.03854116302970875, 0.12276882662686048, -0.46389347470625825, 0.4526906306545683, 0.366096991847758, 0.18696984472277822, 0.24751151769895602, 0.11558751557848701, 0.2670473328246416, -0.5755332502598771, -0.09196546500042903, -1.1902995064709203, 0.5831211286998563, -0.34095533710790105, 0.3147359009700659]"
"[-2.3409208782097854, -0.5892158326071839, -1.7845697513449625, 2.2142018128841428, 0.5455051782513786, 0.6887007133271664, 1.0596980289264393, -0.4993368458535838, -1.16668550951997, 1.9319278376130178, 0.436284624877126, -2.6017295415633597, 0.08228085220176931, 0.34995535287462287, 0.2086745440853478, -1.222691228743229, 0.6350854409666719, -0.3821224092164518, -0.26006058933411397, 0.8033910034281101, 0.29691910259970516, -0.6253029871051746, 0.12276734002535085, 0.09022206570067487, 0.9948142893005307, -0.29939305771131197, -0.18228763077025273, 0.48573214548828575, 0.05633616724039932, 0.5795336516845304, -0.6464228244387858, -0.533095031267531, -0.34696688577082324, 0.09868136659307968, -0.15087974101694107, 0.4145040725150614, -0.5203876060310851, -0.6250553379630734, -0.10672030918177045, 0.283551749726733]","[-1.2304931395354437, 0.31425029899604967, -1.9699984425778876, -1.002970287399982, 0.3370179361992221, -0.7476941821043326, 1.6057980452345288, -1.485853697322616, 0.38528775481598965, 0.8577317821716606, 0.3202050400469105, -0.21648148172883158, -0.05573807695887448, 0.6164188234738491, -0.5568483575450215, 0.2283753863483398, 0.34107621354104817, -0.15191307998809397, 0.33826738546218355, -0.10536317998729984, -0.489041459632082, -0.5852504069070738, 0.44849160180974224, 0.11127241424090537, -0.6107277047269872, 0.3961215210320728, -0.36592810119521235, -0.44454966165418336, 0.7646705716968747, 0.019268607663548525, -0.16095648193165188, -0.5835968100624723, 0.41379846597444536, -0.12748579040596567, -0.47691043496308355, 0.35198621061020885, 0.4241883494905152, 0.28103090485840865, -0.07166028432363163, -0.45106832532853774]"
"[1.7034404050631544, -2.1542386538745917, -1.1974008166142058, -0.7718869488122679, 0.468309498003854, 1.6370739935742733, 0.5498880090304564, -0.4798037423273472, -1.772723375372539, -0.32444827055728337, 0.9371609870603211, 0.9394052122698026, -0.7655039557824864, -0.49989325721203925, -1.4448825146394824, -0.1621457361793178, 0.712195859384719, -0.05790740145635078, -0.7001597021794339, -0.11306307998774644, 0.15510732420928755, 0.3507502599772552, 0.8220904319265373, -0.5382358179421224, -0.5199994383591724, -0.8334668626744492, 1.366279966304692, 0.2847559953924779, 0.018959011381422017, -0.4775318414639636, 0.25843219586699767, -0.983755080339997, 0.3198265776363183, 0.1510949218503702, -0.1544421172836, 0.6844715923452053, 0.4838501908778392, -0.21559909010728717, 0.2804458360466289, -0.6859477082443047]","[-0.8899416991725021, -0.6836896939431154, 1.1894490801135025, -0.7583200695965991, 0.1394661420747416, 0.148390632585202, 0.2246624343992436, -0.6915798125640256, -0.11746572239788015, -0.5956439934265969, 0.37746819669543635, -0.3882574536139273, 0.11833239231334178, -0.22843481567898674, 0.827190397023482, -0.6513164779282337, 0.7969799993014912, 0.26842509672016646, 1.1455610303524684, 0.46458076142346916, -0.010184914029907456, 0.3270891268844342, 0.11007077782561796, 0.3436520955785836, 0.41901428121306267, -1.6140770240188782, 0.7137178771993407, -0.0671288175458711, 0.24610588561897428, 0.04448218900081115, -0.7991896618738358, 0.05443129600606938, -0.5144072376945286, -0.20994837756390947, -0.6622322614221423, 0.08401263878066323, 0.45477185604351983, -0.041065173703269, 0.30902246183613613, -0.4648326987775975]"
"[5.0746698210268235, 2.050463765877625, 1.0973518488814533, -1.0275720378308977, 0.9828187725629817, 0.24852220465692645, 1.4799068150005688, 0.2722362195037774, 0.43273660791694074, -0.32763230629885043, 0.8420828574319463, -1.0282765854329288, -0.6286518535864634, 0.6059835366757448, 0.45306248580281233, 0.6679549474544666, 0.6035586029944016, 1.9591282272790376, 0.40958515342875873, 0.012487607900738093, -0.4099214830907206, -0.2729524802051002, -0.22457133892242184, -0.48342734702180784, -0.1267106392419336, -1.0043496503078937, 0.8244278655792041, -0.004596870372919784, 1.4827432490362809, -0.23478823570900068, 0.1335672391735682, 0.47373597870864176, 0.7816977021576309, -0.1349251582407957, -0.07939535202351786, -0.2865004610122436, 0.26060234571473134, 0.6477690070973176, -0.4684624676502278, -0.547867950860838]","[-1.5959797594087175, -0.7498007153038441, -0.9800081595643316, 0.8400661993588115, -0.09196890458758644, 1.5899970394333298, -1.0957960702841143, -0.1755063418289161, -0.6797361548979576, 1.1369353295423932, 0.5143266351455587, 0.6960601493007491, 0.36340939605174205, 1.196829267192693, 0.33992592927122967, 0.82451841021288, 0.13037955674727705, -0.16657162287186894, 0.4119616097701464, 0.2936579602184022, -0.4279841372154359, 1.1092524998216657, -0.4059381973707757, 0.8296166134751085, 0.0004924253505995487, -0.39098099354561056, 0.8621782201968505, 0.2557366571127484, 0.06065172298452359, -0.6277845026587939, 0.5345950523511335, -0.47254857881173645, 0.25723315884560155, -0.4229931148876413, -0.02985204608755405, -0.1607810549141313, -0.06011745651030303, 0.2598576877671409, -0.5543135333938569, -0.09326078275498972]"
"[-1.05501258817219, 2.0530368207273955, -2.1895118762213537, -1.3941499512027078, -0.20286393837486025, -0.8224822286782841, -1.144426179935737, -1.673882113512479, -0.33593668675434324, 0.5730718548315895, 0.11767098319475536, -0.6193688709510661, 0.023420165894269714, 0.1689606314085504, 1.0652904372350553, 0.43527876797149356, 0.5789443116064565, 1.3393630757506745, 0.35420275244896077, -0.037699012513582965, -0.12910010904321528, 0.2980738099421613, 0.19867168889642295, 0.7536627670826419, -0.6411504425694774, 0.6080749378366855, -0.5719348151176975, 0.9086101416421816, 0.019206439538399338, -1.28099366144639, 0.16966951762302482, -0.033624898519441684, -0.0330133882674686, 0.40111581745286434, 0.6168149100806266, 0.17007621715985807, -0.6506020580800712, -0.13891268889946493, 0.1765053293640851, 0.0800741125120109]","[2.934866390901268, 0.11170280471925258, -0.5171988688137875, -0.5179485780857263, 1.0092997179697418, 1.7702825582301986, 0.4166647517928574, -0.1509236977198833, 0.3922258575452294, 0.6428978461786262, -1.1717146198299335, 0.9932873591266244, -0.31812421150478454, -0.24023514924749614, 0.7723059374809704, 0.1651194572132387, -0.2945189866841207, -0.6779322266139929, -0.36578252607964284, 0.40105625350021634, -0.482044660800896, -0.025531124335972957, 0.661200516544557, -0.08974068137385077, 0.053703905100894345, -0.1706743828139099, -0.205701311894651, 0.7524852198566683, 0.09496369661614996, -0.6149887384573283, 0.049983366213550616, -0.5104157737302928, 0.4027818233713903, -0.17148261239966567, 0.12792641345542585, -0.9628069128688139, 0.4498720925048732, 0.11865761995274623, 0.36960772658075, 0.8218799186527502]"
"[0.42773949946050965, -2.1722962340420944, -0.9072396136516961, -0.5650939755412796, -0.33717218402333343, -0.15880081429556975, -0.7555687932064985, -0.06998999655662426, 1.641911456578365, 0.665882263902666, 0.3261295825577574, 1.0139562257198604, 0.3794731219121121, -1.0707804240047951, 0.2905563592915347, 0.6638602550231424, -0.5951470304271695, -0.02061331955722946, -0.13826141885733437, 0.8126757151285797, -0.9692247782193829, 0.35020490113483366, 0.4760333139396237, -0.15831865441877838, 0.11915409041368219, 0.7412313092164706, -0.43798383460128987, 1.7070322912931422, -0.1222929016508614, -1.2794498930487133, -0.8249354602745931, -0.20255401406738677, -0.7080142497047099, 0.1903986628766829, -0.6797818068467728, -0.547802304586716, -0.5216555464065705, 0.32656495893985976, 0.04640836672036934, -0.610010199020091]","[-2.3446258066295402, 0.12118741182710276, 0.9789058493641379, -0.7568205940290224, -0.10499214294918087, 1.045945740456894, 0.08457216298952254, 0.5298215044379159, 1.6547727722362304, -0.23464561493326078, -0.1376203916112078, 0.18870758231796475, 0.07232929671518065, 1.0446608341996464, -0.06636489815596634, -0.2545826121372023, 0.5929664647441671, -0.7053933549114236, 0.53511994702643, -0.6176016658935131, -0.34469981570311653, -0.09819730462956247, -0.35724162610415783, -0.3666097501424982, -0.2529691027206376, 0.2228406008470486, 0.24853704908846355, -0.15610978638226636, -0.9159676666305789, -0.35747177667933827, -0.5792720678742378, -0.49682048024726955, -0.24511852245868712, 0.8321470514330591, -0.3369761736022675, 0.04902978443744225, -0.1187282784556607, -0.48848326291387967, 0.18647757617417585, 0.3728029259327695]"
"[-0.17482090941970826, -1.3370688777369721, -2.1837143821413, -1.5116520907018396, -1.4336867955752233, -1.0652136950385367, -1.4402816311663766, 0.7238202240923001, -1.0077493163681757, -0.4920470942095936, 0.0088427134275022, 0.03160849922010336, 0.13743783051042782, -0.01730420574767598, -0.9789680495992886, 0.5113418643751811, -0.694151779883631, -0.7749947805863725, 0.5200971220032821, -0.4350836092011396, -0.3263105281171256, -0.02126275950979779, -1.2549332278440213, -0.5307473955822845, 0.5183841425311919, -0.6936425242428045, -0.06645154984324661, -0.9625480647444665, 0.28278410473089477, 0.5116270632396868, 0.3159337162022121, -0.2633526119626518, -0.37093199463460985, -0.5464925639133785, -0.42020335346101545, 0.10458054836153145, 0.482112772485335, -0.3146880078187505, -0.9041163293478124, -0.6582971669248755]","[0.5531045063081721, -0.08041349012951385, 0.7053018064312989, -0.1574909737603231, -0.795080913761846, -1.1096708758093659, 0.3285367884674443, 0.6298971593548207, -0.4902202786315274, 1.3065752323035442, -0.13946077792703213, -0.21111353096685692, 1.3822841640375743, -1.5436191342837953, -1.1444623208449745, -1.0803616469122905, -0.6970802513599182, 0.1559706786002023, -0.12410699590871387, 0.09441997848711059, 1.0979310021008284, -0.1436076753558968, -0.921854784555763, -0.7999362550952462, -0.48275938086218106, -0.3664818686871597, 1.4127096326483686, 0.23483535763232097, 0.5308060382155132, 0.5909957110623864, -0.3283730825316209, 0.9033397572068665, -0.29401800685129015, 0.030819926147966196, -0.22042589972980672, 0.3162132110442011, 0.5330894153113366, 0.26905857167679365, -0.3055198807705183, -0.167197613080172]"
"[0.6676225089871579, -0.9907114108714494, -0.137455902282177, -2.5114396211164363, 0.7408794562754621, -0.6088982451740171, 0.4268072347464991, -0.3476321472561202, -1.340525053579947, -0.8423797853003903, 0.6350529530131985, 0.7587713772523162, -0.597840234810812, -1.7137387060480451, -0.19240083312176026, -1.1423123956949435, 1.4346046426880896, -0.5219611544166385, -0.4391165939602035, 0.7231638628457838, -0.43204877966518146, -0.7668937020347039, 0.20967819891550987, 0.5305314431854272, 0.12902921800289455, 0.1182570618137524, 0.6378819963847627, -0.22960630274695099, -0.1557160587612134, 0.2730654638743902, -0.3288428989829312, 0.918350290201546, 1.0269111758297975, 0.17876137025851718, 0.41162651225661684, -0.6787366212734671, 0.13731757657617444, 0.22689979125495716, -0.39381447669524583, 0.07115150703937975]","[-0.3406447574776383, 0.090330630273399, 0.940023278844477, -0.10389542461896853, 0.32206790445304684, -1.5959370820057477, 0.6204106522922456, 0.1780864596878844, -0.48836196044537766, -0.7446550445825422, 0.41360037734275884, 0.13255307153551504, 0.07507269574239858, 0.36261435504178857, -1.2722648417350857, 0.46668361995462265, 0.2434989893443276, 0.7640027227315425, 1.0159142937377288, -0.017194152731736977, -0.3857939940819934, 0.20178331522242632, -0.18184456713319508, -0.12349547207657606, -0.7261419952983527, 0.19880793159667287, -0.25920070581252075, 0.30548006074084383, 0.13010297576389182, -0.36619340846469683, 0.07230011455423617, -0.40220617721282237, 0.42025451772804834, 1.2737278752772172, -0.825329797856835, -0.68757488217587, 0.33343219265175406, 0.4253487042045408, 0.6252974418934211, -0.9543510069221754]"
"[-1.5458441487915497, 0.6023421069447126, 1.9925570556548267, -1.242815139937809, -2.661185582612704, 0.4615638391987698, -0.7496666141079503, -1.461019777856248, -0.19480764550517365, 0.6932549016012871, -0.4543931365570979, -0.3974644986468229, 0.9585221096696249, 1.0683064782404705, 0.49598796980538795, -0.024919322239352826, -1.0520849110759987, -0.7841165361237343, 0.9915282657057195, 0.9189235896321907, 0.10924986817965945, 0.5689663410408387, -0.3798847556050221, 0.5768658658160436, 0.9260429434921885, -1.6099519822317088, 0.04274044380605915, -0.3368814637778023, -0.7821442354653745, 0.6204504368901579, 0.5267861681234612, 0.2860059618495387, 0.06190331589137871, 0.914982369324664, 0.5303185387803945, -0.1943264597640062, -0.09410513072265274, 0.5851422813921523, -0.6790564490816685, -0.6864749177608758]","[0.6602292157575045, 1.169659848764445, -1.2598456714060617, 0.4510114836500421, 0.186195304783728, 0.7313565075190172, -0.1520701204539488, 1.1009343087096335, -1.8246515000098726, -0.3225526969966925, 0.9176593228668256, 0.26539626459699966, -0.09428697364236824, 0.4044129484563265, -0.047200124437618216, 0.46328585771242264, 0.24344142445191427, -0.04017557365416929, 1.185588085528734, -0.26491261398796645, 0.21444739029087942, -0.5474984047739141, 0.04269814480765442, -0.2452708940544698, 0.27275764561703103, -0.04938627741438387, 0.4977218245696185, 0.14576595099342893, -0.45254587243646843, -0.8021303426208005, 0.8066901771350431, -0.30280756171673934, -0.674778450015853, 0.32736961888890526, -0.173860068079581, -0.1557023486314852, 0.2631435484114544, -0.2004590964479477, 0.13683062842801275, -0.10549381491119411]"
"[1.6484498860192567, 2.8670577972240276, -0.6260446992501968, -0.2031509010240229, 0.38796502691576135, -0.3258374606651998, -0.4409026714966878, 0.39176320471149306, -2.4919552468384407, -0.28884232965167633, -0.13581015858225298, 0.5220047655935703, 0.8012944739719969, -0.27559975981650764, -0.02143214586731018, 0.10308850350317343, -0.6164349504533253, -1.0564577348387811, 0.47528616109941996, -0.07586055469137332, -0.04559968189527472, 0.10723366375560983, -0.25821228431878185, 0.5177407206517439, -0.10435505948538756, -0.3644184359251109, -0.06773173882060651, 0.9353464048711928, -0.35511377104729713, -0.7310919858482345, 0.7833907045282263, -0.3841224043412215, -0.01910035837803374, 0.49036554106727837, 0.13098224912888226, -0.25130534877091054, 1.024768900043926, -0.2631638878703105, 0.2659081385328584, -0.8091318595966038]","[-0.4913219729499688, -0.29926990998192576, -1.4050446444365632, -0.1023592757940426, -0.3789454383648161, 0.07439311433956834, -0.12242113624173931, 0.018672473950253815, -0.5871898665848502, -1.1009737131659738, 0.7997543103758702, -0.6875238397178657, 1.3097877913094822, 0.2435456919374723, -0.1126316752322081, -0.28257402476254606, -0.8460029871108471, -0.9130807042634554, -0.45800007006461874, -0.20997610261347563, 0.25564396061920813, -0.8810703472642307, -0.163114675894777, -0.4190725464749734, -0.5656542017153663, 0.8835158745360718, -0.23437913380146794, 0.7175674327451806, 0.4241569576787969, -0.3157171161499773, -0.16499453152086427, 0.8485381941349203, 0.05418673192923676, 0.5448159104533608, -0.8183238265535814, 0.45179005565700175, -0.44461004630237677, -0.740531741964994, 0.42472769280818096, 0.1200019755546936]"
"[-0.975513980992039, -1.7968017275093613, -0.5486336496045469, 0.5942113328495701, 0.6251229738670705, -0.8088040543489518, 0.25925033806053654, -1.509759960744004, 1.6689004829129621, -0.4887578743065166, -1.5963851162358087, 1.1345669775252054, 0.3379128005099641, -1.3923236199881721, 0.3498167012181765, -0.2201272216111268, 1.268806755043319, -0.7411615639688325, -0.14384580753507026, 0.28229669216680453, -0.4667512657740405, 0.12661120356343436, -0.32318105574079986, 0.29750692397030587, 0.5534475802703128, -0.20993499650944336, 0.2984231844226838, 0.3883209821896076, -0.7254041769647035, 0.2580386033223075, -0.2592371169017241, 0.35482823786044226, 0.7507938442161438, 2.117643569919181, 0.5166401806581027, 0.3586941635308496, -0.1406846040876219, -0.3912136357943028, 0.1397291687208086, -0.02695832123471669]","[-2.202307970518755, -0.4351615898681241, 0.18895243494757288, -0.4188265536388586, 0.5166227683021407, 0.1599567548338, -0.5959921915275478, -0.6114563426026344, -0.7464499686486311, -0.5525012720928592, 0.23188111037205572, 0.7538631134218768, 0.06252438882298035, 0.7142668802733836, -0.36146347715300764, -0.7919040306888339, 0.3735779311707925, 1.144713655575428, -0.22276241497254431, -0.01873318623276413, -0.010413200900292258, 0.45964556989317606, -0.9614206575371511, -0.6301952269854971, 0.5456593288737663, 0.881407356476159, -0.24291829867130565, -0.3144512408792595, -0.027994485235957628, 0.09938254962677766, 0.15498563136162166, 0.3280262756327494, 0.6680677136735675, -0.09775013703374273, -0.20820152523888502, 0.14038063338830897, 0.3757097682705935, 0.2450792925586384, -0.014979780375438616, 0.3801566009699669]"
"[-1.7484569838718376, 2.820543961631383, -1.2885341788351754, 2.1667995165877496, -0.30402149756348723, -1.3371527247274946, 0.2713673849838242, 1.3752921349686733, 1.2556982045403333, -0.5201365210504871, 0.8366409455234833, 0.04609356533311494, -1.2580479056926568, -0.7499501802381722, -0.8618496685901075, -1.148537551184427, -1.1808978624409445, 0.3527221161239459, -1.56788369640691, -0.5179616161589182, 0.9208329869284734, 0.15247077403542258, -0.14114436868401284, -1.298772040241276, 1.0334239144442154, -0.4667424720208579, 0.5023087548041608, -1.2247323743490253, 0.09420420489356392, -0.6278278204656257, 0.09479068384842954, -0.29161376261776867, 0.2555920359712859, -0.1371023556712981, -1.0609680057277646, 0.07722046462375043, -0.0832286408566488, 0.9498857547450967, 0.45087878690824695, -0.09101655586464938]","[3.004518302223904, -1.1838515983330082, 0.5087070778892473, 0.9052515170380343, -1.5775908865675508, 0.4963826763354188, -0.20222464707102092, 0.3692774639423032, 0.1282905539677526, -0.15647129721813774, 0.16707506280989523, 1.1253040737940345, -0.3642535821799613, -0.24412218314861975, -0.1205858974145917, 0.5387120810542072, 1.0352229300461584, -0.006712174567604789, 0.5172490206835287, -0.9133383872316029, -0.11081982197408857, -0.5167471893182879, -0.5682814135818911, 0.2136542267179355, -0.13261293900670368, 0.5763051289994188, -0.8906805293772588, -0.0716950264452524, -0.21593994055071117, -0.21465482216064435, -0.15268337705089333, 0.659784545768198, 0.8442959739225384, -0.054218250275183504, -0.4377033641791701, -0.1740880719158639, 0.2730222318670546, 0.6091751050050263, -0.2689184671625959, -0.4544562353601583]"
"[-1.498776621330077, 0.6414315494896945, 1.517820099233352, 0.39129465599302293, 1.763384891561806, -1.302959682125962, -1.4558227723161798, -0.04804627889115157, 0.5473577745905902, -0.44275140506725463, -1.489287791372314, 1.5970670387804757, -0.7439835001604361, 0.5909646914024971, -0.07277124723013251, 0.006830517648146857, 1.1698220344837822, -0.7594503671316598, 0.8328912148132446, -0.5470794058809073, -0.33290852745224625, 0.19949338257715246, 0.5151043040027536, 0.8738369611353433, -0.4773726015675377, 0.08796629158555237, 0.35157666155982026, 0.25958850803020544, 0.07023972986691046, 1.1017626375238039, -0.15429697887155502, 0.8986423461823587, 0.04672395539771152, 1.0007486321860848, -0.6085468275638238, -0.43130112475626464, 1.1002578478592113, -0.38170473935135024, 0.3621647773713729, -0.8470687742451145]","[-0.4457114396058823, 2.070882631766636, 0.4286999470813329, -1.7835655549425826, 0.7630331682929176, 0.7306949118751948, -0.07226106861972695, -0.09143707976798741, -0.4436218026204413, -1.0719662939184058, -0.3035816800677209, -0.4181058923656592, -0.2944939526046911, -0.05857724556926196, 0.7910440860811219, -0.02816262551451388, 0.3854733362059781, -0.17109494825633587, -0.010981353635221493, -0.13220205322696654, 0.8315253169467448, 1.023648731819533, 0.2981484369147894, 0.32871301466116803, 0.18407309801040841, -0.3522348982722393, -0.40261617388975185, -0.6069936414705271, -0.25555900099607604, -0.2283068453086095, -0.7187990572538736, -0.954098001624734, 0.7624478096738455, -0.20951626754952127, -0.24203166103695115, 0.45953657617026994, 0.10907804355427506, 0.15296344600773257, -0.028039787823306614, -0.13886057472416097]"
"[-0.07261137237965559, 0.6323457220339952, -1.2340297374663731, -0.024901812742770445, 2.105181789932062, -0.19945213061222455, -1.322207782410172, 2.5922084730623935, 0.16388570653801293, -1.3862223100242488, -0.2789307557050517, -0.25675699800974744, 0.9087769021707476, 0.6178610125036765, 0.2603988687141364, -0.7070097785448042, -0.23709443368515334, -0.8330302187833695, -0.6683724916476801, -0.17588665183128419, 0.36551148146257195, -0.5304211477967856, -1.2726354141392444, 1.1654229501884683, 0.27894597969584717, -1.1034510698091555, -0.22059498047681336, -0.11742646148582475, -0.7593676256274896, -0.016208974223477945, -0.23986129389691593, -0.24544985741367706, 0.36285769010534014, -0.7319614383610473, -0.9082678442984814, -0.5735336337638764, -0.45789038836660234, -1.339955888092053, 0.22739227356692107, 0.3058968276124823]","[-0.825682785854806, 1.3128538708256845, 0.9601157845405416, -0.6782731189840192, -0.2306866103682004, -0.9501575518865798, 0.7597569382295802, 0.8762722400970788, -0.6403216451813293, 0.19165999914665058, -0.04568677632061277, 1.649910513282299, 0.6010355820241764, 0.5155027332777536, -0.4799642746496777, -0.5258271630230654, -0.549527604691642, -0.47235410348345064, -0.323639461825586, -0.7763967527339906, -0.37580323272513766, 0.6608551664842087, 0.7846863715555706, 0.025796234153267546, 0.0767487758112126, -0.3064729512878753, -0.3326169018839215, -0.03721089457450262, 0.05855665208156707, -0.7110234289470664, -0.34385248631017623, -1.0885033657521315, 0.2550633358024178, 0.5923527917003368, 0.13269013719170336, -0.1436886813463879, -0.5582808130089094, -0.1469123918169308, -0.45067640247327756, -0.2626215795116721]"
"[-2.3748322124132253, 1.4226275028710844, -0.1454056275686974, 1.4975850010473666, -1.7599232007938181, -1.2012877388310208, 2.1091507397198184, 1.1306854434697868, -1.12951603265117, 0.9953127928482361, -0.1617534197283786, 0.604996140234828, 0.988361342299961, -1.015655148535703, -1.055824981411281, -0.18460189838115465, -0.5417930068823754, 0.7314831280197024, -1.2093176191525001, 0.15937488755276707, -0.564207132850352, -0.6338495517950469, -0.6223747959637194, 0.4739925700183382, 0.29813135606278873, 0.08943438268234918, 0.7544408689160014, -0.24696130873414282, 0.5000062075081338, -0.4081615528763904, 1.2790710826546976, 0.030389509568703475, -0.6838486901181366, 0.8999860779953803, -0.8367916049583279, 0.19722446887183842, -0.7699226163517556, 0.40702858604332115, -0.1994461651044597, 0.1513679848086035]","[0.6312774051846158, -0.3101454820867051, -0.8398737598884016, 1.9816012490278865, -1.1461758938500604, 0.31953405279255426, -0.23398517314113096, -0.74967093978555, -0.27088038866635256, 0.18739968755897662, 0.9376758786989473, 0.8655190976676862, 0.14610605586551922, 0.28492532125784076, -0.6252673123361316, 0.5555189124617124, 0.6423857281690906, -0.8782017518610954, 0.08107964012484553, -0.33092522603232505, 0.8062047152976978, -0.0775479277237731, -0.9084411320001908, 0.6325218824547132, -0.08258367947413545, -0.5860486267118055, -0.04074330050751734, -0.4158322805321325, -0.5062058391452452, 1.18848101645574, -0.49979768263922053, -0.9824326626438787, 0.19587610831026606, 0.24237405966406747, 0.7255060507286547, -0.07681758071331712, 0.28912970614080735, -0.5517243782584476, -0.02760068195613311, -0.37240638358699474]"
"[-1.1065255268512904, -0.7883431128131125, -0.033551322710669726, -2.21482608403836, 1.5802049374457772, -0.3301688636081638, 2.7978853124047975, -0.35168674635709474, 1.9667974025562602, 0.5091368466193681, -0.4276075061207871, -0.07861963008219267, 0.7503532105231449, -0.5871081692059014, -0.09526498056416027, -1.465791280404793, 1.1336859474927106, 0.352597064824091, 0.6934610617213068, -0.2299822722716756, -0.03554397913256012, 0.044374304301924114, 1.2605696976928882, -0.34561241266765064, -1.005032442926741, -1.0652780388680871, -0.542076097214227, 0.5244235371726363, -0.28521835539436574, 0.0354702219554913, 0.747413220332072, -0.078149363055736, -0.13719958944160923, -1.7330795986670555, -0.6930466827446776, -0.10305907372035526, -0.9563803328161917, -0.4487455554855935, 0.4558093023372125, -1.0435260651441385]","[-1.0812404990237197, 1.682361914908128, 0.2839790331318865, 0.5104825301488948, -0.02539466921976625, -0.09075917685772682, -0.07499582229117248, -0.45841507407456983, -0.9276896733458486, -1.2650758959598465, -1.049631031113778, 0.5299486161554653, 0.14324598474161906, 0.14952474213184494, -1.2674995984470618, -0.3872728705701498, -0.9158188503487454, 0.15398446887472736, 0.3498125106105208, -0.45366245012602885, 0.4444916714331648, 0.6783157716033005, -0.07281745465695998, -0.15089454695645188, -0.23256675978004193, -0.48832339468686253, -0.40863450325373585, 0.4123736155418809, 0.6527129513568204, -0.2547160931508519, -0.06320767489186585, 0.003217699975512203, 0.2941225474274748, -1.0030565085663912, 0.26912160887965164, -0.1289197541674253, 0.5568314517283296, 0.9766443079625083, -0.13089934356731595, 0.21854450395806677]"
"[0.7300747050461199, -0.3528213827858562, -0.9944250333778603, 0.3827375042427393, 1.1338886523499823, 1.3479684095044162, -0.1421397160211486, 0.6142339478170041, -0.26111410052439105, -2.9881132905889047, 2.372307162664538, 0.6843628834147065, 0.8927324882134051, 0.20986157083899, -0.22933606149971103, 0.5118904963248613, -0.2438604234037745, -1.0274993874783362, 1.2339228721062707, 1.3852920055629827, -0.15453337384844973, -0.9944572868805915, 0.6453414637498949, -0.8147222315313676, 0.23368301912228723, 1.1339222667914566, -0.12679123306029044, 0.24512104831882647, 0.9017506485914117, 0.18483551153399363, -0.15503446356252934, 0.23590434520154582, -0.37806393121738474, 0.47855869451033256, 0.6430518735612003, 0.30075814890642794, 1.0789488113788215, 0.9543393243292357, -0.3031421902467974, 0.2726757805823198]","[-0.5448573460369577, -0.2727823783890335, -1.250340326680028, -0.3964091275202554, 0.6873421197039943, -1.4271065171689072, 1.0457643199826068, -0.8466553588188703, 0.32360650278347186, 0.40221454077389945, 0.8747576830226496, 0.31851367071522096, 1.413283259843234, -0.681068867226775, -0.23171683755885786, -0.21252217208271718, -0.8175182840145435, 1.5569508433838923, -0.4397030003002399, -0.07090521084742961, 0.29653688487891455, 0.2944036934617745, -0.4862365397396375, -0.612163909932493, 0.8590970579911614, 0.2575754919441845, 0.007950580539008559, 0.13490791384335077, -1.406532850455158, -0.6236256011295546, 0.32046363422895763, -0.32936603166246137, -0.010481192550428273, -0.15310716299559196, 0.061147019401495514, -0.10839419080001492, -0.40758044438426794, 0.4277855587355402, -0.38024872513542823, -0.5999782448454989]"
"[-3.1994332417076645, 1.0163988923447107, 2.362465012962136, 1.975016975069898, 0.5446635084379243, -0.8627629564698667, 0.16056180714352908, 1.0784315950419832, -0.3854585309758477, 0.9952500977899611, -0.029504112229963887, 0.5783025185306442, 1.0408677777400057, 1.2177196638124121, 0.25257951818285357, 0.4209200060843205, 0.9264943475602021, 0.21598316037848797, 0.9702878864984824, -0.28909091052275143, -0.10052561196975283, -0.3992233692896811, 0.82932872950659, -0.47407114312039333, -0.7811958277459433, 0.025491850977066275, 0.6386984332029698, 0.342951768288273, -0.09367865034968191, 0.15009884659378675, -0.6287874870225397, 0.2645675424692307, 0.5683012063102459, -0.3476207636837972, -1.013994595890355, 0.07036809512135896, 0.8644181657912466, -0.6529783025274609, 0.0926024208499594, -0.19430096533081548]","[0.4560007710752764, 0.7664711129240966, -1.4347606012310108, 1.1430506793745572, -1.405643032539789, -0.052876946891801904, 0.767577709946384, 0.4248220694547821, 0.10254829354650305, 0.6590139396062819, -0.665877026192596, -2.6473667903648663, 0.18742323481479808, 0.2542631539526928, 0.27106475097074306, 0.220619155758138, 0.6911551372143198, -0.13876336085791366, -0.061775640064302015, 0.13110450061167186, 0.44381616809657576, 0.2964388438889135, -0.10635743480152111, -0.17441822711925387, 0.31986305012162136, -0.3187732764224978, 0.33577630954852566, -0.048661839175633506, 0.10243358656553721, -0.16027430676030507, 0.5771257920763357, 0.2617529376370459, 0.4835270936805622, -0.20696667918406306, -0.8774263553888033, 0.03856145599440071, -0.4143227941846042, -0.40541213301736545, 0.40380864181991283, 0.2257667946187137]"
"[3.2799882087213987, 0.9239098856209681, 1.472650373161259, -0.6014723571455922, -0.33164030052232324, 0.5266134588824208, 0.682728286016503, -0.0055859166039247555, -2.750535297396745, 0.1391777215392258, -1.3718214641824145, 1.1274365879456645, -0.2755905351552564, -0.7800469569455715, -1.2765574779358362, -0.21287115669047432, -0.8112664672064539, -1.2408539109822128, 0.443895786603103, 0.34997288051383235, -0.755076833938516, -0.7047273392198514, -0.48284681892986453, -0.21043804853502862, -0.1019439356676931, -0.8452071954736969, -0.41858149820206453, -0.1374614410677222, 0.11059511416031814, 0.001861478279641195, 0.7316281112713745, 0.30982181445232726, 0.5627731613148235, -0.875789844548347, -0.27162369697850486, 1.2265853235654316, 0.853118385814768, -0.1727926345018317, -0.12450104983793668, -0.46960527678336006]","[-1.2020587630340316, -0.1829600690770253, -1.0676358715915322, -0.8373605034215085, -0.10589199749278282, 0.06716979231143672, 0.6738253836740754, 0.3941040635535297, 0.7831493775389147, -2.49346052455707, 0.40950025988525673, -0.2703888618233537, -0.20549269087363758, -0.6222524221327613, 0.14982711335657242, -0.8098491947403099, 0.0062250637553557175, -0.08986590624630232, -1.1067028775228713, 0.28620453530383205, 0.4025300614554857, 0.39875471008186947, -0.038143598391054655, 0.9364734634348012, -0.17588211288174876, 0.0880171441959803, 0.5370638039787582, -0.9221006618717089, 0.33875666058492926, -0.5371091398226466, -0.11386747580727284, 1.4414445500216204, -0.4408142481930993, -0.5370758804947717, 0.28957633870282984, 0.3608327853721886, 0.5505540048670206, -0.3511555845404759, -0.31637076814092335, -0.8346078772031179]"
"[2.054250226047005, -0.727557243137301, 0.13619210935701012, -0.42670119661611033, -0.009551125037138073, 2.529873149920398, 0.328231056021546, 0.728687163855611, -0.2552770660595283, -0.1698388036929019, -0.2599448323487198, 0.4044289176707701, -0.9371194909207041, -0.2028332729623128, -0.5592330534568465, -0.6429261908751309, 0.2365917821060426, 1.9642264494967618, -0.4998403164060698, 1.1797195646301297, 0.9594981789754056, -1.1414646777123754, 0.4194606162396089, -0.38572952400892646, 0.14897691969412624, 0.07168962132479201, -0.1847187309314771, -0.06617235333970894, -1.3667904502662922, 0.1307337746566022, -0.8969135933093358, -0.7459242021136131, 0.3850475297212234, -0.5003435663485611, -0.6694001572666226, -1.3716149198512395, 0.1565749796749347, -0.07700159658763756, -0.4228668178033563, -0.5056062819507703]","[0.9593551291731343, -0.320113834996698, 0.31175610216329297, 0.396895452126288, -0.6131815460742613, -1.2111330497919581, -0.3246784942777986, 0.580114258901874, 0.32480925486035966, -1.2650469302415455, -0.7741613648063049, 0.308208780888837, -1.127646417161322, -0.056883870389899276, 1.917889464804316, 0.05815305786259654, -0.8085737921729045, -0.4658782114338001, 0.29052449774379635, 0.36920674101413853, -1.365304675749572, -0.5924309392203035, 0.45563811708480656, -0.20532853459455658, -1.1054439725259593, -0.1203531961497481, -0.23582052496341027, -0.1569517996742728, -0.3502885431597515, 0.23661006691901004, 0.09626372880514118, -0.1549413553414866, 0.2665697975917997, -0.15767819236067873, 0.0033453428806826304, -0.009113093600087326, 0.4833081202827722, 0.47296434141715354, 0.3590284766727952, -0.1481306538117875]"
"[-0.3234696810595253, 0.5391832151231976, 1.467879010748295, -1.4049944561282908, -3.2648133760832425, -0.3722407057872895, 0.6803389497224146, -1.1903827366154507, -0.1062669831269072, -1.0985341140208043, -0.8852035302338319, -2.545385897910983, 0.8516869660149324, 0.41139457679088515, 0.4473667642191092, -0.6545634900915321, 0.07634586828489145, -0.12492905604869536, 0.13104930458023975, 0.4927014944312777, 0.5455352514432961, -0.6607871278190773, 0.5783520422169831, 0.2322773750790234, -0.20341037738253284, 0.1926202130082666, -0.07321329774548403, -0.27667145196560705, -0.6602754020448496, -0.08388840068807428, 0.11850590858465186, -1.3563474617804292, -0.24399078953620643, 0.8563263176614283, -0.6967973793109952, -0.1586242512008227, 0.9704537855020337, -0.13343740468103182, 1.0180202003287604, -0.30644015653428713]","[-0.9917740281356305, 0.42700968052291954, -0.8578455559108609, 1.204450564162601, 0.9415756601613966, -0.8966541887826228, -1.1713890752693505, -0.2470746144810213, -0.5346316372119664, 0.056505318958194876, -0.130253810841617, -0.8064603018752575, -0.6107705816004296, -1.3639059333633188, -0.3167925313689304, 0.3829781824100499, -0.2320220337859792, -0.29758336795387935, 0.028931948156867938, -0.6773954306176199, 0.6422392561966261, -0.18155242938034513, 0.2136258360822087, -0.12790003608832015, 0.7882317581860451, -0.31016333916006433, 0.07806157224222617, 0.2141771306841956, -0.08741108092525865, -0.40082006747166343, -0.6900066187165325, -0.38323467950882895, 0.06512052829431116, 0.08988870090228777, 1.5570369081537498, -0.07494145392186513, -0.8698063555147705, 0.1972969114391809, -0.1319022459018444, -0.09375864996687361]"
"[0.10245151618422521, 0.4942177052557532, 1.6313104496897763, -2.083602669536099, -2.7086040455854947, -1.1835553768908806, 1.2771449520931009, -0.09226623870265559, 0.4488138363112726, -0.018506537688778538, -0.6953510443554904, -0.8895543023932589, 0.8520759341699, 1.1463066193426663, 0.3531652781542446, 0.12653877353195236, 0.6456422899627201, -1.3727402217005245, -0.06746033885564261, 0.9361622823027762, 0.2932084092548199, 0.8715428698258033, 0.24994175818246103, -0.5499607423314999, -0.3075095734750377, 0.4517795099192181, -0.38170931904720445, 0.49840841272728253, 0.42309182233622933, 0.12244362031072481, 0.06781318397422374, -0.2962194483491396, -0.5679150576625731, 0.291943812859607, -0.9554004656870813, 1.0384550061686382, 0.7003120687393122, 0.5425133233453813, 0.0968935639283665, -0.5656598931818866]","[-1.0355901538708179, 0.5517102951897571, -0.7108704531515306, 0.6518120500952196, 1.0996278538119728, -0.9386634260239106, -1.9999891249693076, 0.5203530549295268, -0.5045644482098903, 0.4805828209492452, -0.48103507127187967, -0.45270236403547937, -0.5452134856108745, -0.7794867566495415, -0.31019790724641944, -0.03996754340736351, -0.45065423744492683, 0.4036631077180861, 0.25082087599190156, 0.2354449178635585, 0.5831464282955107, 0.11321224615394936, -0.5845379171943315, -0.4735500921358931, -0.053885949982514475, -0.764312479660936, -0.24865505574547075, 0.04248186905396701, 0.25587250214981355, 0.12155217116489421, -0.498987924217835, -0.14275754891830433, 0.49174253856676065, 0.701645023991708, 0.3183653908276036, -0.8162639862823167, -0.482342897294563, 0.002591674011382418, -0.24730705201114628, 0.04332256107561556]"
"[-1.4217578143781398, 1.9696127191610506, -1.2262518716409003, 0.3121540020602901, -0.8247656860812466, -0.2463362431972594, 1.747040664926725, 0.7265653495153012, 0.023858197485672236, 0.8054260183015223, 1.0000986856230423, -0.798944111273358, 0.4359285793044326, -0.6008200643158366, -0.8945990127635582, 0.6581214946010555, -0.3810381018986413, -1.165283951145535, -0.326312057307818, 0.626087500130358, -0.5462330413376532, -0.46328113649028557, -1.64754915121559, 0.7606856786683016, -0.6511644051946098, -0.5553948915645041, -1.1860917804673168, -0.19011510953927463, -0.06185538526258117, 1.4464390253136015, 0.694226580945725, 0.5657070218217866, -0.5259798238129928, 0.5078141080047929, 0.697584631966002, -0.7528152735938562, 0.12819130977962417, 0.15591264568079807, 0.44523915618789184, 1.0586036051612813]","[1.4314064813994363, -0.2554362629719803, -0.2442341570815453, 0.8578090326355456, -1.61439930972256, -0.1811863060676774, -0.5870860093458617, -0.9911862749161018, -0.41918829062093227, -0.11059534034420875, 0.16262846409595694, 0.5905721102528759, 0.920693292699112, 0.3413159877333717, -1.0047143282797066, 0.5965043470660164, 0.04513047669977835, -0.22549852048269547, -0.21332606619322864, 0.45150837975175045, 0.8142729258056869, -0.1752160833707933, -0.26607102396540433, 0.47319215215464216, -0.4638713620310923, -0.23028778385156307, 0.26056303467310654, 0.0333621207895223, 0.21666596141104918, 0.6294841112054692, -0.19254116706702015, -0.7200951246988818, 0.4758272921997765, -0.19464680774410828, 0.2941393437183631, -0.5066884768462816, -0.7077044917230674, -0.1870321508133278, -0.48614670551909167, 0.38895657509921155]"
"[-0.9486896100254366, 2.5351087520220212, -0.7041833946008579, 0.5951287093573217, -0.8539454433298573, 0.4530173454377108, -1.4423198466608502, 0.8450727330446935, 0.07355806263987774, 0.28678862973270214, 0.4705239162329225, -0.037509302422064635, -0.25130126297765376, 1.1528635087081072, 0.292769015841458, 1.5502284516183824, 2.1808482993096288, -0.6113182042354421, -0.7652874356445218, -2.1857849570295276, -0.203574426316688, 0.1977597549567928, -0.7882805868661532, 0.946324350230293, -0.22421881624582402, 1.5337277347985423, 0.06448837368363834, 0.5506802124333819, 0.29186667442557557, 0.033379193661153, 0.7853270914235321, -0.6055123994255902, 0.23622195614973918, -0.8128754928628882, 0.5910941126454388, -0.8678717044684343, 0.15176819603917463, -1.1788184695058166, 0.7051534307424996, 0.16305610308761975]","[-0.10705415448491422, -0.0447769774609715, -1.0605529847599156, -0.48918631066749235, -0.29964573965912517, 0.5681855950265672, -0.3568554432215214, 0.2824469984779798, -0.3586382363610478, 0.39335480268922196, -0.14378391136161095, -0.294630597234159, 0.46689347608627246, -0.07284725871186547, 0.2741159336750892, -0.3089973628089406, 0.3671588780253965, -0.5565461768771889, 0.9512341466842962, 0.7523504336747971, 0.7518079531133679, 0.41152045978535395, 0.5144152086351349, -1.1826744646680802, 0.1432511699094769, -0.36075619989478763, -1.0914561425483673, -0.1791652035438076, 1.2376466712190926, -0.4002886663434102, 0.44190712768522133, -0.5507435473279545, -0.46213030858710263, -0.3012504116649296, 0.39807228465061284, -0.011568783133416026, 0.04306700023434815, -0.2154578839226516, 0.3903032477508496, -0.3903590379433735]"
"[0.40819998755416376, 0.0064507240196693015, -0.4475470818042048, -1.392878516520025, 2.072776463446684, 1.0461236241802714, 2.2314429486660923, -0.1714349750964049, 2.6326621552204723, 0.5619480874347957, -0.8757684329641987, -1.8942602626705032, -0.32468824416238223, -0.4257567546747376, -0.10866978619659015, 0.2055150958338943, -0.12419633075343281, 0.05213962012503874, 0.07168327314469117, 0.6147361283791302, -1.1266825306789887, -0.5409711324394983, 0.2531184282653354, -1.0364138911692056, -1.5320984182504311, 1.1177319881377472, -0.9370916194390547, -0.667829781380639, 0.42559972928717144, 0.6897423020609127, -0.1309376506702433, 0.3084026193051007, -1.2014909383039254, -1.0081893997206446, 0.19483048892348462, 0.32760596527007824, -0.16395987338189044, -0.0437413168408242, 0.5645593862783613, -0.2907347792410747]","[0.5380259829677226, 0.8585176797890165, -1.2487918317006013, -0.48855961760948835, 0.06541708889244627, 0.685384135950633, -0.32792867269862, 0.048918499482838405, 0.5085999125877487, 0.5616873967290529, -1.694642758777764, 0.4589572171376, -1.4361586106109532, -0.07465746430154521, 0.7657958087718609, -0.37389512487964915, 0.2791042886874836, 0.27576246789698217, -0.6853229832700379, 2.156571846849493, -0.5667643589581167, 0.3319828889077231, -0.9759925669014606, -0.12761565043108278, 0.319967068159905, 0.8136410497834827, -0.6071116916835184, 0.6146025365845953, -0.8760782074507679, 0.2957151512638537, -0.7138270433477635, 0.4606471381962121, -0.14489957091785924, -0.20884208329967274, 0.11688873810193678, 0.14163569032356843, -0.17749043121408695, -0.3559109630659781, -0.6416005676094813, -1.3174795590517105]"
"[1.2413892752462867, -1.9630025597554364, 0.5150071848146911, -1.709831746805823, -2.610997430810941, 0.8904121017772071, 1.0406331458892266, 0.9834356176674403, 0.5733370499605733, -0.003923922022007703, -0.05412589501864432, 0.47855551372946403, -0.7429765039269717, 0.6565567052760312, 1.4748065364305278, 0.5544099315668682, -0.29018362732945546, 0.20324881652749824, -0.8716671349167734, 1.4629702449461828, 1.7605558920652669, -0.21933048888058526, 0.5839036751663307, -1.1795311315474444, -0.5805290616471985, -0.5054155443814549, -0.05493673441692948, 0.5754637825150011, 0.05416251755481672, -0.30655858380193424, -0.1945573466989961, 0.057172027654609325, -1.0128677355523643, -0.42249612705390827, 1.1641182170653566, -0.32244883443476674, -0.46978770879129406, 0.5029156054272848, -0.591302090522148, -0.13037628684188776]","[-1.4623015037957914, 0.04874016662251894, 1.4095938585939516, 1.0299499127289307, -0.0029661873991284897, -0.9567258834892735, -1.796248258489769, 0.29554901999318933, 0.09229906329915452, 0.3650513933109935, 0.12970044972577224, -0.12776568649034456, -0.16685613800614485, -1.0050745889719255, 0.9518207443974256, 1.2020764025603632, 0.0991684509706348, 0.025072915387301286, 0.5643486529420719, -0.4446698885200161, -0.5750407189891786, -1.166844744823482, -0.5910369034121142, -0.4213115478463731, -0.5255530108660951, 0.8172386284831289, 0.47211124591074444, 0.44509419831018926, -0.16308076427965815, -0.04405701715866682, 0.5366079474783869, 0.10442442447104645, -0.44387287313399265, -0.9252198262011655, -0.2011158001929471, 0.09239491601798734, -0.07739225106632094, 0.5923576583564976, 0.1461725640972741, -0.03309942958707121]"
"[-0.5080453467662323, 2.1590429235414135, -1.335978086741283, 0.2397658457512474, -0.09733644722069346, -0.01489781701307293, -1.387835788306175, -0.8761497260086535, -1.31360650043283, 0.8980296350025706, 1.3739534626625995, 0.14153116410508967, -0.2419392509548052, -0.4054446824677133, 1.3334875884515915, -0.6953802627003162, 0.42432264537533, 0.8440796463628317, 0.4570281078067634, -0.5461864933835711, -0.1917213996558152, -0.528270711551698, 0.2723648927957437, 0.4708735170303975, -0.14950892882198633, 1.3329054830838574, -0.011615557197059935, 0.8356862415069294, 0.2778021913036359, -0.12085847704459801, 0.005049366249227617, 0.3261909522451378, -0.38252440003385263, 0.6503242863538202, 0.6716189587362106, 0.29810323708463166, -0.3219287225084742, -0.055661318734739056, -0.558591868750114, -0.2780341246331783]","[0.5065063455127347, 0.546056245429673, -0.47619894850599553, -0.39317730432646414, 1.1689748352043274, 1.4703036060536971, 0.7442353801799174, 0.4410486934035548, 1.208798546331196, 0.3099389378687103, -1.070835028803145, 0.5761507062343996, -0.38269264037196293, -0.4863333301566661, 0.2289049892617226, 0.30855646796931097, -0.24226059569829742, -0.8867717982842029, -0.1964595708868192, 0.31707362223377383, -0.8269345844467819, 0.01735288527045216, 0.4301368399827052, 0.010130696147262253, -0.04075291042042764, -0.03080181969623281, -0.23379055438387808, 0.2684868238597619, 0.3661913059535505, -0.0854893936243695, -0.28177045081167873, -0.5505471610144204, 0.6894428909765102, -1.1297864442901362, -0.6719909135515174, -0.6944918820565575, 0.69989921422691, -0.3141340320986534, 0.5070534255922977, 0.7655116988008083]"
"[1.0221591056257464, 0.9655252034112076, -1.1519578506264339, 2.8821576019806234, -1.0844899958081466, 2.151346398308236, 1.4954549659122258, -0.5945245438959184, 0.6371705568087427, 0.1455133388987866, -0.3544529844161844, 1.621484221353701, -1.0624108547809439, 1.095151607161195, -0.3909773478663217, -0.6198861404569036, -0.25957800224782773, 0.46838989939989994, 0.16295153817888064, 0.030191663927378144, 0.4233257979720923, 0.4838070372732903, 0.2692380296363093, 0.6782765394430821, 0.5124238618311118, 0.9460181679879632, -1.0262752481275557, -0.3159085799609059, -0.8791554112990361, 0.24744976675185065, 0.5325174839286244, 0.7240467717545509, 0.09732353933524658, -0.3812956065087015, 1.1571358153729536, 0.3547427281069936, 1.6526275200960125, 0.31536963748809316, -0.8491730827801056, 0.17198904388707556]","[-0.07956497057571009, -1.2856352977496117, -0.14236977865053588, 1.2453138677781934, -0.9354783092213437, -1.0612304502149474, -0.35819401370867193, -0.5905959354261836, -0.4178107714209395, 0.34249240299726075, 0.08809651195701006, 0.5151040558765733, -0.20822091536405543, -1.2606216379435933, 0.9273438387965793, 0.15994156474652185, -0.7298420633010949, -0.7337630483998917, 0.07689770753945624, -1.2848457287950088, -0.23203741032959374, -0.20509394437737322, -1.101439918599974, 0.5666967279610524, -0.3984449917354781, -0.02570450746266998, -0.12499358372777782, 0.6771604769108902, 0.05115793241379261, 0.08872302950904105, 0.030094874210362627, 0.3104009239093421, 1.3485635686960773, -1.1414227755669577, 0.323062267703306, 0.09198900692117609, -0.3965460858541967, -0.02870334079434443, -0.20219780715477817, -0.4322783184024267]"
"[2.002240435621853, 0.5345572098459643, -2.104246366007901, -0.6398188234774029, -1.7498584941503637, -1.8544541605201093, 0.4767472280285396, -0.45675385922290107, -0.1397325167921837, -0.0745917060228539, 0.13757200579779627, 0.14825320191641073, 0.9360283085146867, -0.8426463922773768, -0.21114846805889328, -0.22296575435361285, 1.3209875817798138, 0.3554147082727644, -0.25032378368166125, -0.5925241047697557, -1.3955449533532087, 0.08270495086549065, 1.1852196787076565, -0.7789250985461198, -0.4166703828824176, 0.4809391480868092, -0.14432489734305687, 0.9668128971537894, 0.26855709761090474, 0.14554382522530138, 0.6844660346488749, 0.870231321767462, 0.27941008667065964, -0.10190148207755306, 0.09395845918521913, -0.10653182460486828, -0.4791786032850359, 0.1193368341364657, 0.10807840768670911, -0.33032726516353794]","[-0.8550836152078244, -0.3889843854146818, -0.7580876841770658, -1.2563994361740678, 0.3199243765073699, 0.8754285057566699, 0.14959074526749205, 0.2054801591768939, 0.027846943689690894, -1.141780842480311, 0.032079909566713145, 0.0766869494503135, -0.10047198437787051, -0.4997649567071246, -0.906701668485041, 0.07037351963426411, 0.45843481534778585, -0.9967101823110323, 0.31622798930735857, 0.03806863666517691, -0.025987131026984616, -0.07106749135114325, 0.031740910217185454, -0.24951496026146566, 0.05799258350848616, -0.2370882202395115, -0.48706919011010524, -0.20697215350746428, -0.38716930207829076, 1.2521969824486827, 0.5551072367559635, -0.707445476456426, -0.7048590070681948, 0.2971353713931044, -0.1816220257230546, -0.6521617710594669, 0.17884323072033817, 0.7622463861591132, -0.16436678823742049, -0.0416734511853582]"
"[-0.7365252929739864, -2.6208698240771624, -1.5932518558201014, -0.6178867504024769, -1.6627027537055057, -1.499242309161728, -2.128979240039831, 0.18247670284015027, -0.4130321668443072, -1.2691968634870825, -1.5820768807285388, 0.3729443053520463, -0.9594497065080196, 1.0407960450919866, -1.7642151031839184, 0.2978832674184728, -0.6521224178537197, 0.1553972600804832, 0.6064009364531061, -0.6851356387522055, -0.4996546444064241, 0.05715398460079146, -0.6198497195593443, 0.1054213743400095, 0.9313669171133365, -0.4142782662909708, 0.061582312487789295, -0.4607180278260511, 0.7508434706689391, 0.10788769515888878, 0.35483446427796284, 0.20847105727859022, 0.016650602109464462, -0.20847576163863044, -0.5370119408593396, -0.2640330157408852, 0.3785850044425847, -0.6948579169388477, 0.6434552264862178, -1.0764525959545244]","[-0.011338200519942105, -0.6099799582271963, 2.0581021916367277, -0.6522300595279784, -0.24924366704847403, 0.14605517801987697, 0.7188880061713718, 0.40803282867828083, -0.584306385626644, 0.5659806429738639, -0.28605302041351005, -0.9567440913042202, 1.4198237210645455, -0.8261169616762264, -0.7095478891275125, -0.4655885710264135, -0.3225650577774609, -1.336672406310135, -0.6526563193361155, -0.1986841288097529, -0.3810723853899268, 0.2207151931569545, 0.11638302090006866, -0.3851221877029624, 0.35187247483566725, -0.27622869490872093, 0.7507966457392915, 0.9702499383708089, 0.35648136851230017, 0.6797046382077487, -0.19630813411972914, -0.556306442748764, -0.2922742156855276, 0.28375935889151604, -0.5781117425200828, 0.25979652080678345, -0.27966468106861625, 0.19211302778939732, -0.5462417443181731, -0.09814882962260253]"
"[-2.4514790750580557, 0.004989658408378271, -1.3309331090524714, -0.04805308704808608, 1.6676350808512967, 0.057434021399916005, -0.4612464984215508, -1.9959042029190142, 0.1640334954494692, -0.9394512335009472, -1.657172406393298, 0.29029917791666976, 0.4369844923182233, -1.4394620753136016, 0.44100611714418125, -0.002888599424549761, -0.12089424255295161, 0.8154906326884955, -0.7109526250571739, 0.30195810596083367, 0.7084114955826304, -1.0465996109165834, -0.3602840611226183, -0.02533541743399545, -0.7723360825670336, 0.39558448415099534, 1.008602628439791, 0.6476779883040237, -0.4108888355519593, 0.44376626821173315, -0.12803402445980683, -1.5533691016152753, -0.07964073765666206, 0.4495621880510164, 0.1643381258233448, 0.18916246710438175, -0.5493868753718085, 0.3754634688562835, -0.189450923975919, 0.4755848334380417]","[-0.08611441227815902, 0.6245274315394024, -0.2545722901131077, 1.0476013977777083, -2.06014549880085, -0.4759598231382382, 0.28163126244132614, -0.7555759678516119, 0.24360402958319471, -0.703183891261857, -0.1290596093431166, 0.16192476387475652, -1.000635233418409, 1.1285680222083319, 0.6744984337069374, -0.10598550725057386, 1.1723068311320817, 1.0113604660966713, -0.06144940705453178, 0.48061231462242576, -0.41552775117679697, 0.46955334402468746, 0.4233635636424914, -1.1007099674451173, 0.7441130422548663, -1.1627507357679892, -0.17260980131971093, 0.37107406842703816, 0.015551532116164307, -0.1593919152343007, 0.19624885241506124, 0.10303502071704684, 0.16867074071234467, 0.21631866962379653, -0.7487963479916757, 0.7537763216610294, -0.3844876090371556, 0.11462977098712836, -0.01423710034619405, 0.5559955205962755]"
"[-1.020102284121224, -1.4413748890717997, -0.5537739272959198, 0.6067696781573947, 1.5886960631820897, 1.1228776605278767, -0.9494269709439151, 0.379148603139084, -0.04260015593273619, -0.9103196163683842, -0.5971583880768557, 1.1164244357772155, 1.2784805026064925, -0.7671084875506308, -1.3291536749249562, 0.39883051563662153, 0.11635616149051232, -0.3562272453858253, -0.6754346180668754, 0.5881153494727459, 0.9488522923721268, -0.9266976755965369, -0.8456727747075029, 0.03739580891985401, -0.8864666822336893, 0.49867627001014186, 0.7644622055333186, 0.18527686489561465, -0.23199827018088942, 1.1123323863060584, 0.3354779533287142, -0.3382873759160062, -0.12871061964183028, -0.17025355736975462, -1.0728615635132241, -0.5811946830731041, -0.7805038545994186, 0.4746755978819133, -0.47243525651972235, 0.04765560503236636]","[-0.9381030984991505, 0.6320039851061809, 1.5297788233463419, -0.955661629262682, -0.41517682387208604, -1.297873066185349, 0.11255633448011203, -0.285428926992508, 0.6219533569033434, 1.9244580261358266, -0.05257743074731865, -0.7801699262792041, 0.6222679752858401, 0.40931360998766547, -0.41674461110578903, -0.9782905657273969, 0.5841910033510129, -0.703994206856373, -0.8241088236734729, -0.19105567609320412, -0.1248180595296303, -1.2936966787587554, 0.8915353443279862, 1.0522086368521126, -0.24971792635824233, -0.8232036965917164, 0.9584640798442233, 0.19407351061762315, 0.19634322305462384, -0.11243319300923026, -0.026104636478198065, -0.3194318009899571, 0.4736332600146374, -0.07447296818605137, 0.13833958190929574, -0.5341754248713129, -0.3223539651907874, -0.03281696250598658, 0.43516018263502293, 0.5123032789630863]"
"[-1.3091107298259712, 2.455516953756052, -0.18529853078216696, -1.3237558772757307, 0.007614382413918865, 0.6030862755468875, 0.5861114432953362, -1.75059445551576, 0.8109806759030811, 0.5980110738892828, 2.1844373523293448, 0.4281423414465766, -1.3912439356542237, 0.36751243349695367, 0.6683469079420099, -0.43878468371537577, 0.49564641451151015, -0.3261920413639165, -0.8076066054687742, -1.6959713219972563, -0.8645471019229101, -1.3818094530380804, 0.11001414890593701, 1.2656475501993205, 0.2304470293013299, 0.5886690449042604, 0.7025229840249022, 0.512961071201598, 0.02700465257367786, 0.14220196146520162, -0.47442795993835396, -0.204565338597393, 0.04142740146159434, -0.10927579854921138, 0.19962401344420502, -0.35943358862059627, 0.6654900488431643, -0.247328066198703, 0.11625031211560101, -0.666645168947653]","[2.3447260534546204, 1.6015939390505307, 0.8299575328997205, -0.5174174693445578, 0.7728822605732603, 0.35793956986454256, -0.7171728426228448, -0.06372915787064547, -1.1365952273337012, 0.23823429462214857, 0.8681159916557011, 1.0204841439152297, 0.8583361205527773, 0.1918295061619904, 0.7869631712573562, 0.23690590005290452, 0.5301818049192817, -0.7709167624326421, -0.9386707638317838, -0.3987165174927728, 0.5797863957330908, 0.6322242134129752, 0.0011550419175412985, 0.5533697348215437, 0.06099311541882089, 0.6352136516054967, -1.2060057434727354, -0.40346318021133803, -0.43821932560570315, 0.4605183115534193, -0.691191454361278, 0.27418657970945937, -0.07368879062382197, 0.22208916792626365, -0.49813281808531995, 0.28300442522967856, 0.24364756976018506, 0.14850597383433187, 0.3763162974247389, 0.8210226910054566]"
"[-1.561422413844566, -1.9978903638645602, -0.31207701203807653, -0.7604171977233396, 1.1019446070471686, -0.25906044007356704, -0.12020018725426108, -0.9505670177691649, 1.8541667782656168, 0.7468264261648921, -0.24059126849640292, 0.15230353882298517, 0.6253408873960282, -0.9925412663957038, -0.7255872621647677, 0.40884270800480454, 0.5979058723254805, -0.3369274804730005, -0.21639538326914418, -0.5128270985423348, 0.3283729552056167, -0.7817871133876738, 1.0173320791400127, 0.2133862639988107, -0.5902212477916849, 0.3973590097814007, -0.3219793504385865, -0.2715883467563362, -0.20176550389535908, -0.23042543703875795, -0.3010221904030214, 0.09448127838863574, -0.4362572226789364, -1.0930270583770714, -0.01225923304958378, -0.548000225139278, 0.530504788079002, 0.4154986271797864, 0.4261044439230945, -0.6325025556196643]","[0.02533626897610272, 0.57780774248196, 2.3081327452751084, -0.6951196610919084, -0.5248235424345661, 1.1026426051000224, 0.10769229478065177, -0.33786232455416215, 1.1361774873503168, -0.39069610655277137, -0.16881157747914388, -1.0360355180229264, -0.7968640692358642, 0.1306360228349018, 0.11663983958712039, -0.6434886272436974, -0.5035323122391611, 0.28415960721935674, -0.27233004628213914, -0.5405431872728541, 1.305739656326965, 0.2858238842849734, 0.07906750188762358, 0.5194440661025244, 0.5719414436287533, 0.6320050510433048, 0.7021880160028586, -0.26561121692942147, 0.11521613775039136, -0.46549689820167095, 0.6635904758370635, -0.07244309364109519, 0.7188354481528516, -0.03894947080618052, -0.2926986228693359, -0.3071008092554709, 0.024301554993425248, 0.25800573195562343, -0.3327418137088584, -0.41406557002556876]"
"[-1.8247385272820702, 3.198316816516621, 0.508416350858568, 1.5155878131722489, -0.23129528370703853, -0.8984470835021395, -1.1966754225228877, 1.6945954161456729, 0.09455193222471187, 0.48580781833680403, 1.084452997424915, 1.5104494093699314, -0.6148694676093903, -0.0910771794972344, 0.4838245353261925, 0.1324548833023012, 0.3101263705119864, -0.047886005776261203, -0.8820241611369399, -1.595503447383109, 0.20220994049249136, -0.8664758241269908, 0.0008011613483954915, 0.34089642857346014, -0.0554222088329774, 0.6857565303986215, 0.8102624201366069, 0.48427166419525425, 0.7197556960642534, 0.05128367090821332, 0.7628684601404427, -0.4321810451399028, -0.11719568025368221, -0.7088131797641528, 0.30798830237676045, -0.36248213675575786, 0.5046639220300785, 0.03894123790515691, 0.3118669526543501, -0.43129357625093173]","[1.048945171786774, 0.043786643826345485, -1.191592221176453, 0.20646933682412943, -2.438618621835757, 0.4916483161932005, 0.3728326257421569, 1.1428413381910105, -0.6084686319297578, -0.804015544001081, -0.31541787773262714, 0.09965620735269368, 0.3867760282279248, 0.6865199941393207, -0.033067282798485725, 0.27969682264448625, 0.28507788670266704, 0.344341915140775, 0.8257967950724463, 0.019939387747735564, 0.6710902004049848, -0.22957884154460767, 0.6267199726017241, 0.1479723651079808, 0.45769339100601236, 0.05707254728494872, 0.7850127273432119, 0.009192530049387077, 0.2972878468327427, 0.2025299437697416, -0.10572585949846439, 0.318280213551097, -0.8556685188116969, 0.35407765623041315, 0.3139658400570799, 0.15889311198585576, -0.268370352727363, 0.3139549659518867, -0.11392073329922868, 0.37434700079711214]"
"[-1.3199417991742317, -0.9584049246627653, 1.8069750104680076, -1.4333564430487766, -0.7179026118633511, 1.4079671010195633, -1.6064840290797668, -2.0156448231463, 0.6559611732427049, -0.8945754360789802, -0.008263531065443506, 0.09017812935076759, 0.9108377613980354, -0.1593773807291756, -0.6932853003387339, 0.35028293726039694, 0.10089722227247871, 0.5715914947108331, -0.3943248139903276, -0.19908651046251444, 0.4369980450318338, -0.44129882323852737, -0.4989899882037196, -0.6130010749148409, -0.36670542230169456, -0.09936873337080049, 0.4221491647650844, 0.5561569960502835, -0.6526219923653306, -0.23887511442857404, 0.6755549608737066, -0.5943060790354804, 0.5345442638260692, 0.0019487558891249123, 0.35052409158929837, 0.7637292956287917, -1.0948824836110302, 0.09451178467501077, -0.20116680496290745, -0.40999975754401496]","[0.7452419643763095, 1.0093205524347353, 0.7745184800110498, -0.5648094826058031, 0.9127135922123626, -0.2783916345258505, -0.8651435452750232, 0.8359693076982212, -0.2980828677034794, 0.4654319428323397, 1.1516025492141981, -0.15100192620774505, -0.6942979510747213, 0.12693763442671993, -1.3664667880209924, -1.832908833273246, 0.7615369604408256, 0.8154657792563632, -0.37310006392736417, -0.9960034816372273, -0.5877480568577976, -0.04613195457126496, 0.6676417402611704, 0.1325133941974843, -0.3815726990653529, 0.3555883737973112, 0.33895989701639984, -1.0451076845917773, -0.2693914006469178, -0.5250897468844914, -0.03177556399605504, -0.2250268916174956, 0.047280154962348095, -0.0949592504108422, 0.3243253632824911, 0.1418758375212152, -0.6277611369868125, 0.4037975669967521, -0.45923049484330436, 0.04621143654385164]"
"[0.440881236458922, 0.34567146436940266, -2.007922529503927, 1.9176463667994283, -1.6845704934707912, 1.8223882790518522, 0.33735891110069705, 0.47849343438392156, 0.8771582367136873, -0.43886777914340774, -1.135125359299272, 1.332097895502739, -0.4956777549220414, 1.0984788028663375, -0.6237681630485657, 0.23861928414013897, 0.37538810337907275, 0.17048540725860797, 0.4395553348676448, 0.33201629880767936, 1.2860326291073678, -0.1553527571938874, 0.3855574954956884, 0.21945773128117904, 0.010257019078267638, 1.1212159839478995, -0.48832913260418204, -0.053948166751850365, -1.0353604297013959, -0.5259627983491704, -0.6892698495378852, 0.12058063053946848, 0.36961536820249, -0.24196531679900038, 0.12071634346054552, -0.361177644513725, 0.8780572616197896, -0.09801028108512613, -1.2602775645126256, -0.20822979751471296]","[0.21131601827630542, -0.8118379306529769, 0.19649375284665865, 0.5450543037585105, -1.4027284404661933, -0.394265524718561, -0.7131894137471655, 0.16001121275084415, 1.4136082903207754, 0.9817134978666395, -0.898581832222382, 0.3316321276579954, 0.18262840355914545, -0.33879299650410627, 1.2847449690589303, -0.5684024810792835, -1.5776013734846714, 0.3720315863761045, 0.2629175105104238, -0.7317395286093982, 0.34332990508513617, 0.0019329728760070135, -0.20684180077885567, 0.6769633599429458, 0.3608566230012141, 0.19378718767459407, 0.14526888025639959, 0.31814309087723386, 0.48076201205552654, -0.48975346234903, 0.3402929067842191, -0.8769363237721887, 0.8720891587559054, 0.2681097168459685, 0.35453161872224975, 0.20539430896531027, 0.6319572343282237, 0.4585123291647421, -0.2001707044102414, -0.07326473682833946]"
"[1.1058123791852477, 1.1064663704052056, -0.7336327790285575, -1.0796414960460117, 1.941072968889541, -1.6143125751314287, 1.5324584365870766, 1.3673792186538785, 0.39320878757567046, -0.9736846045978016, 1.2481476465768755, -1.686547413265761, 2.167123578629771, -0.2658291603749917, 0.17119310035506305, -0.9779005558099201, -0.004459513426795505, -0.766142091171443, -0.6318981895495618, -0.9226569523127814, -0.0011237610261681298, 0.5456024875430291, 1.257973991790565, -0.22311647239866675, -0.22893901803107175, 0.7451686166363698, 0.5561901655123381, 0.03719711699671464, 0.6366110322899078, 0.4278748892577602, 0.21491771874941384, 1.693593703357813, 0.04014096548100911, -1.0195443327036315, 0.6702014319177856, -0.7069393370531885, -0.15557045905024436, -0.47399083370965395, 0.4069737256167583, 1.0545489019911913]","[-0.0895070189721716, 0.35437208967244066, -0.7059504681832507, -0.2403798928645017, 0.048494595142539676, 0.6830175626451758, 0.750393701644616, -1.4482877702366321, 0.4358168331344147, 0.5404585694847495, -0.7794527318813783, 1.3444377257179518, 0.30307834482500784, -0.6355908219934826, -1.604543018345961, 1.0375990442298382, 0.48326679973800063, -0.3561268068235316, -0.058593541173066845, 1.419409874366842, -0.6694986838233352, 0.38624026575250936, -0.2557877081486691, 0.45050209685720605, 0.03797364340870175, 0.5717389241774798, 0.2900198709659514, 0.6294762268882198, -0.04216195141596943, -0.12227118411928806, 0.09378313100414289, -0.31242056063180407, 0.042614575759105176, 0.5704203501941297, -0.21731393417309952, -0.22166853780433968, 0.24537494999561552, -0.08221011047030335, -0.8349847675234636, 0.4391963760992251]"
"[-1.8889268526711105, -0.21049936828276186, 3.3778362416329366, 0.7709325172066127, -1.4146193302761503, 1.2006270219930115, 1.0674071763720818, 0.3583299121514542, -0.8687215208987964, -1.0885612362188821, -0.9896181303554255, -1.082637045252242, -0.11434314785906383, -0.2926926266698781, 1.127449767773699, -0.4027457106234375, -0.21344878186389618, -0.591010225168497, 0.27719700393368624, 1.0492941459058178, -0.3616509918609333, 2.1311548222403305, -0.3080161906337097, 0.9192423433140123, 0.5180304276083235, -0.3340836317141086, -1.005199155895821, 0.6271795982431092, 1.3204950553726087, -0.12458001339968273, -1.4983838045016917, 0.47825793626805974, 0.26640015197258216, 0.08779356980198184, 1.0992248076450963, -0.3083854084829015, -0.3967706911776482, -1.035439627954998, 0.48470748068761876, 0.03407981581680763]","[-0.06395516937388133, 0.9732268485167415, -0.7264127507698043, 2.1783371881021143, 0.634900245056136, 0.2148921332256621, 0.009641152013985585, 0.42903666508855526, 1.0721327418084825, -0.28883440807756844, 1.0368183788760392, 0.7214493258442105, -0.16295031640779462, -1.7663988955848997, -0.37058430569846607, -0.05441522377854415, 0.08270048881160781, 0.2531539102292, 0.01868915938758518, -0.16593176471322413, -0.059768734289917254, 0.8857154628561406, 0.3886576722995048, -0.3279833324280382, 0.43564736172221347, 0.6968086200666793, 0.18501420589850992, -0.29744444054441, 0.13615897005810434, 0.001767883685406374, -0.730895617238811, -0.30400887130340865, -0.21368988632540994, -0.6669274714800596, -0.5753770327665668, -0.1442168895084058, 0.2625271467151076, -0.11194770157695194, -0.15333064739626842, 0.5011719954509245]"
"[-0.7933228099674703, -1.0637119114758518, 1.75446358806837, -0.9169458218898774, 0.9384715445256765, 0.6667299227342425, 1.3891754358849795, -1.0533566031176358, -0.5972958545198859, -1.732439914112374, -2.0755572207092925, -0.5964618105630676, 0.26365023588368103, -1.7258120466416027, 1.535841198282245, 0.30546062602252666, -0.1869081975642775, -0.49703979845435836, -0.8748655923737109, 0.41368820925472777, -0.25765231789948967, 1.1776160916531868, -0.4854641599125554, 0.4575448896655382, 0.40028560507506034, -0.0762740714400846, -0.08345661466070256, -0.15866375382330233, -0.3635765305288303, 0.06774770885514057, 0.2824265956757007, -0.7247659683514889, -0.7315299436323212, 0.37540641092420796, 0.6846824627208691, -0.722207482846731, 0.7220010150088383, 0.076500902957471, -0.09107097363317074, 0.06461849587611732]","[0.2827607116034609, 1.6974506724582563, 0.48383747817347383, 0.7110183726788617, 1.0085826838184062, -0.23727221575645593, -0.5717839072224239, 0.2246173926585128, 1.3070903569632308, 0.26778457460978405, 1.1786016143070912, -0.37152621857877327, -0.3901365055858382, -0.4489705919091836, -0.7441976108849868, -1.029043549035901, 0.4048375978773727, 0.9573595765066075, 0.6727883874243659, -0.7227589460609204, -0.8202541542458791, -0.08698448171307024, 0.6646344024582033, 0.5970418553021135, 0.6094620238276715, 0.632992756555713, -0.09284618643613186, 0.7082684855466964, -0.1630442887563354, -0.2693467686533709, -0.034134529826878625, 0.18648865752374552, 0.33550164763752316, 0.15447403545526348, 0.4518243401683924, -0.11236099976340969, -0.2907151872984736, -0.37989517014307017, 0.04934213577368177, -0.13979553416316137]"
"[-2.7640344624964825, -0.6326814212585765, -0.1137734798384219, 2.581173512613656, -0.24543263999102624, 0.0008481037383111229, 1.130937239555302, 0.6786217763233077, -0.33139985718015263, -0.1021401886126022, 0.31772441878295815, 0.4174605763345316, 0.0712335614479167, 1.4295851443050471, -0.13173631153273005, -0.23118883211760288, 1.1826227132309948, -0.22740650802830847, 0.03815511442835514, 1.1002080991510337, -1.1104686718115586, 0.13271376651978037, -0.7081397546083554, 0.615319480805735, 0.9956195750554636, 0.8088703750845653, -0.1124184986886396, 0.7784922732382842, -0.31573215113384406, -0.9873028986935288, -0.3176060219081466, -0.7255870506136826, 0.21575945860111848, -1.1782484729125258, -0.303430249925859, 0.46094119470952183, -0.5198691596362286, 0.42934194578292395, -0.21742649436832337, 0.6167769498327775]","[-0.026349027441950605, 0.6030196355297082, 0.24768323489639946, 1.4452394124839174, -1.3638596610553444, -1.6046224678903291, 0.4776365303217897, -0.4620633953885399, 0.47661432389560043, 0.30065724430637364, -0.4397488777716495, -0.4895790823264337, 1.2278348283995262, 0.31495384437265406, 0.6168807389705271, 0.7524034967653703, 0.08304920179258078, 0.238767167570501, -1.2447179382062123, -0.2982519394958046, 0.5520632833847288, 1.101306823713051, 0.6169849169198584, -0.8399268787415528, 0.4138044255422766, -0.30135044828057683, -0.9792282691083513, 0.09606317105415747, 0.3677000966655144, -0.2702661090070919, 0.9289922969505754, -0.2880217480770924, -0.48452832588956984, 0.41253343294240025, 0.5691189623745178, -0.1646189319754282, 0.14802899273364353, -0.14322098778852965, 0.5498753415322268, -0.2153681728792807]"
"[-1.2282762129921458, -2.26076002846941, -1.0857382546263212, 0.8959772500277217, 0.402952140525801, 2.6005224075184303, 0.508860262087457, -0.16121446885821394, -0.411302929522187, 0.15834617959276814, 0.3093878969468324, -0.18247487252236858, -0.5408103845768691, -0.07136013725229982, -0.3644105734250226, -0.013572252644050964, 0.0650025388644987, -0.1702923685987778, -1.2163429309426623, 0.35806683513287857, 0.20374707934284664, -0.071425698754046, 0.7646210902568663, 0.42438109442679917, -0.0598259990564395, 0.5216476405711485, 0.3208133897924156, -0.6713155696097654, 1.026190549938438, 0.697634513254287, 0.5115821682111114, 0.8774342432650241, -0.526421049386839, -0.594868394918522, 0.3175172408157271, 0.08656860049608729, 0.46285204748267283, -0.3384228890092868, 0.4932111266476758, 0.9832085614854961]","[0.10397209468886488, 0.4075246540930026, 1.8001197237714903, -0.10445038540189222, -0.701135547871416, -0.7226905530294371, 0.973036746222006, -1.3275926130562536, 0.40851252604429067, 0.46400181542092944, 0.6391244224432884, 0.3901339518917299, -0.3418108544601385, -0.7582291156763934, 0.8985251840727047, -0.2670736128368486, -0.8932543889826359, 0.44351483666569747, 0.9682405629393246, -0.32576785940394815, 0.5952885563122997, 0.09718266181322412, 0.04493257685111359, -0.6315224515125194, 0.04309468145293237, -0.7287847685400132, 0.5196524984842307, 0.18378764297444733, -0.7243309445943247, 0.0061719562864618405, -0.8055138143254644, 0.1032838788685576, -0.15821309549287377, 0.8587598127773657, -0.5986368014176409, 0.03703309279287911, 0.23088867323219173, 0.5819460851349031, -0.08545716564158926, 0.15952347030204742]"
"[-1.4466029887121743, 0.9342274755817275, 1.8479097094266164, -1.6113520205569247, 1.30329399239058, -1.1726858876063846, 1.362560059252435, -1.0029095779578954, 0.6009108786142144, 0.7958588254503024, 0.5100428702719839, -0.030161800713580964, -0.7230719571502946, 0.05391228471371785, -0.030597713909562306, 0.27585317323435604, -0.07228699997165788, -2.342309746900627, 0.243953457479198, 0.09029558890425703, 1.9214724813949613, 1.1092398863568251, -1.370110688097229, 0.730032140154216, 0.1775532506196246, 0.17824187732443159, 0.13345744212519853, 0.35171852484899524, 0.47537116391776174, -0.15231979605840487, -0.42686283932781155, -0.7376827948365104, 0.08795267907954935, 0.39040675189097085, 0.3511790378311341, 0.3048326304949702, 0.08857722812428685, 0.1297156551725255, 1.1628648518234947, -0.4187449359208068]","[2.9141905165174387, 1.2834357360811965, 1.4989385553544465, -0.40676999637798944, 0.7713438247405708, -0.6091540496988398, -0.7333673478922358, -0.015368546454282985, -0.8975356516877249, 0.3493837089123466, 1.046514646603727, 0.38436751739672326, 1.2053766180594392, -0.2064827272076472, 1.0135857902756624, -0.05543752853181746, 0.5201081747590606, 0.4201934549316448, -0.9606467472379033, -0.012863944674171023, 1.1945442673803357, -0.2058580809855281, -0.24300275772020352, 0.45633490597326926, -0.7419531844396211, 0.9672265203517285, -0.992227641308376, -0.7965217810186099, -0.1137484948228281, 0.9037428033422342, -1.0213426234917309, 0.5633540941292723, -0.2329429673906501, -0.2073349042507297, 0.12120650322607827, 0.5331466066061938, 0.09256060329428613, 0.3294869319509522, 0.29092505642796057, 0.9006544447244823]"
"[2.135470880673182, 1.7455504959186696, -0.3426285972647332, -0.4589791706665458, 1.751914661926858, -0.1848247310066069, -1.6398416618081144, 3.1412767168496445, 0.5272862664334004, -0.6002047348964545, -1.1148168858650562, -1.8256613462745177, 0.12154182397571929, 0.39718307203057746, -0.08735078791642364, 1.2211381579420768, 0.1340914690439807, -0.2744733824792603, -1.1848763604672115, -0.2752536872559459, 0.5490941589123642, -0.042028856798467934, -0.37548796098958376, 1.3809460014369979, -0.7897041082304062, -0.30235451945656017, -0.39361984060691196, 0.6037264933570536, -0.7554295359787337, 0.11831102141326703, -0.10241466305436951, -0.13720820398782826, 0.7144341341097938, -1.010974350680568, 0.026933215889387244, 0.09799943140443712, -0.5461642282506203, -0.5867700458915741, -0.7553215334082256, 0.29274358682973023]","[-2.0049370425180837, 0.4431508828678924, -0.880813710514405, -1.046565148827584, -0.46099338103054077, 0.22212623515748325, -1.5748305740000494, 0.3174207134601088, 1.231729188007349, 0.8228638447618061, -1.0644499432212813, -0.26572955577995655, 0.0848745647256005, -0.2993995832374925, 0.4433930105662613, -0.6874347978587113, 0.07869967410660962, -0.3079273751522786, 0.3616222875514671, 0.6991674157927517, -0.25338324679142127, 0.31061180750046613, 0.020827870616455267, -0.6875757516451895, 0.09055378613127128, 0.07824918047820625, -0.3841755205602385, -0.6528254291623661, -0.5843127380472857, -0.9565077830378901, -0.8928033305848251, -0.6943371899217704, -0.28732952723195165, -0.1553428906042395, 0.97162872817367, -0.7499325993223408, 0.018451680591560764, 0.37072755128877266, -0.004716203337192537, -0.20611811789288675]"
"[2.1910093119294305, 2.4558299466372437, -2.6752138041085582, -0.09283527030260977, -1.4890461949423814, 1.302200505320304, 0.5498130966630276, 0.26470095333471333, -0.33578474457281526, 0.2989318058321769, -1.4685426286310939, 1.0546258025339819, -0.6965898189393107, -0.20607980597927933, 0.1339741273395073, -0.12323825677892282, 0.9414799339375662, 0.260527592573388, -0.3712321280653671, -0.4844305452095377, 1.300841202988644, 0.6404980576201437, 0.005728211873031998, -1.1038166538694294, -0.28108496636262664, 0.33311201432576887, 0.04534088570692097, -0.23052633357830338, -0.623983426328241, -0.07264147364821312, -0.6731150242639288, -0.029703908487526534, 0.539362299494006, 0.08160228760218732, -0.6518443413945492, -0.4451755161637201, 0.7404587127204797, -0.06740087130600186, 0.250715310734921, -0.2894434996443732]","[-0.7397992424769948, -0.9248997293509823, -0.33879214122077933, -0.07724911490459181, -0.6080147904362293, -0.12312284515968945, -1.92921465472328, -0.41046560625531364, 0.6811887904047409, -0.20144258378228033, -0.765980120510905, 0.3462262597345359, 0.006675262112809972, -0.8047447490736293, 0.5928410765048336, -0.13812333565498958, 0.007365203835648412, -0.3516227939976498, 0.6348424795121482, -0.40734328362931127, -0.16850003086693688, -0.8509060521086805, -0.3015796144281114, -0.12202143971715967, -0.8380148167892603, 0.3591261478661678, -0.24985836559134114, 0.591279991443597, -0.4881805601988431, 0.2545905771463379, -0.04372405946695364, 0.13601860485906989, 1.0953796461080394, 0.2208401125290058, -0.6653203817498105, -0.48445085937681803, 0.08721409459271727, -0.18112859604641693, -0.47699550246439537, 0.5886902132096649]"
"[0.01746145762928139, 0.7323094416971365, 0.3208769923349049, -2.8574316637772816, 1.0403302536617343, -0.3567687169512758, 1.0835787184691832, -1.671581727838629, 1.305559793486761, -0.2297314548728327, 0.5350447834351303, -0.29200327931207437, 0.3771378982197879, 2.060425196276057, 0.06288280751431133, 0.9666805178677916, 0.09438339855614142, -0.9946334047807984, -1.2612893033953465, 0.26625606831996673, -0.26813663172422725, 0.3159262629232754, -0.6553262227140294, -0.6059362441803727, 0.5203150606864088, -0.883041130454141, 0.5126225116663653, -0.28175943985379254, -0.37332185199893103, 0.05933059562454431, -0.427160480502643, -0.8268792085123837, -0.48422419031273567, -0.5352102182173465, -0.9602488749143415, 0.3041192217649911, -0.4046196365608033, -0.6730732287010813, -0.7579938405250616, 0.41917574931042484]","[-1.2629449545191316, 1.8484843577196277, -0.38390481248198816, -0.6523599644523805, 1.1268360108561324, -0.5898844412260958, -0.9116094172701065, -0.13889227405673502, 0.5634334271042961, 1.6396690947590251, -0.04789865070159056, 0.37540642199078117, 0.8558501866870333, 0.7525271570867218, 0.12156864447492291, -0.14873972439957547, 0.830500591137967, -0.04026171190086684, -0.34868805848177675, -0.9536114828595523, -1.4899569583890215, 0.13298779386374876, 0.49227475661694353, -0.41864339348369956, -0.9716793692898219, -0.3153140419312279, -0.6569450125008022, -0.3229164819367429, 0.18919012853067696, 0.6320142039205604, 0.4569021833028933, 0.24051883135871577, -0.08575312060376811, -0.20771894225820592, -0.23142084464117296, 0.09974432548459027, -0.3639441284919571, -0.3920612497099083, -0.5446571947547499, -0.2831492171853493]"
"[2.2357048206654997, 2.606049926721697, -0.9228180716299123, 0.40048614752028827, 0.15889127987833138, 0.2926080581707635, -0.4160588412626077, -0.25456156404907504, -0.04007057429489988, 0.486655511218172, -1.6277426472244367, 0.3848301805949855, -0.2409125728871575, 0.18035366830839816, -0.15585550125494724, -2.2869477902054287, -0.826161162747545, -0.2439527497084397, 0.3445160738902074, 0.2712379433126737, 0.3393597816557152, 0.9447523379166618, -0.045698312428157424, -0.42612765667316205, -1.4901546078171295, -0.6157725996530155, -0.09829027211500752, 0.5042913583746277, -0.1414357056617657, -0.11337101287518891, -0.6915092023766973, -0.2026834757496135, -0.6479829103852178, -0.5108156312986715, 0.14076866378875524, -0.12564315409168933, 0.377076616837285, -0.23199752648398517, -0.11457358949076821, 1.3667297234130062]","[0.1464751299766363, -1.2387581902716074, -1.4064067659671815, 0.11535507525291995, 0.26286476272166065, 0.05334705469336101, -0.44921263969228087, -1.0317551794673223, 0.7045967783662885, -1.1224410925430233, -0.33243833899409947, 0.6869043904789113, 0.9307118971673753, -0.8825738704680469, 1.86648042511051, -0.5684120051892503, 0.21227455400743203, -0.44617540871504563, 0.006938762240692821, -0.5336477019133045, -0.43296864934971657, -0.24262344121334944, -1.208623207351927, -0.17616910074079434, -0.9491202114560958, 0.6428145647517614, 0.004874274328972702, -0.3673905238696714, 0.7310860777547304, -0.9105521165229419, 0.0199625316823194, 0.8676798404376336, -0.5498630983076576, 0.17028197978318776, -0.1827511928962569, -0.2101951223010732, -0.16171187899157125, -0.3334350125992746, 0.9346681892290226, -0.016647214730847414]"
"[1.1134531177844453, -2.3715288576814304, -2.206709515831876, 0.6076688493263842, -0.7296512031475638, 1.091105680088027, 0.004849713907967337, -0.4386295939416874, 0.016591593210617456, 0.8284757516334048, 0.33119800915750924, -0.5759526046662985, 0.7213500789778278, 0.411473947099201, 0.2250325652695882, 0.904470023950339, -1.3047477938973842, -1.4244508200552262, -0.47574348552277423, -0.4337070420253605, 0.2627982437788145, -1.327688794165974, -0.44463789902328243, -0.950174438570145, -0.34581020175658883, -0.662527731829286, 1.7111077195057451, -0.7631842656999797, -0.20200052893299694, 0.207598518400031, 0.8136844093590739, 0.058174824049252866, 0.6681087354238398, -0.31923901705820656, 0.058662978159152675, 0.6261250231468299, 0.6015741543297891, -0.73561934205449, -0.1642193551856596, -0.8218846250398036]","[-0.9421326424223957, -1.8005868731696568, 1.2974419130978296, -0.4948472414478997, 0.23280135325403847, -0.7972406210990407, -0.021546251756448916, -0.537575871914662, -0.7122561910546127, 0.6658200594617728, 0.07865632252397939, -0.21522655402548913, 0.27718123754478363, -0.4330586158054627, -0.8575806641538424, 0.08820341062541526, -0.254290076000177, -0.4385721928990133, -0.255558546957081, -0.5182781073081792, -0.3526558131580838, 0.43797276568509524, 0.2602784224890625, -0.4763194019606983, 0.29790856449596725, -0.32012329359369845, 0.3601527693801948, 0.3236635818031019, -0.10483693165283356, 0.4510607078446535, 0.4911293879470173, -0.05997329615649005, -0.6384693619585053, 0.27962954507739646, -0.16484770407051783, 0.6657751462966959, 0.27495290576670867, -0.09668082961541047, -0.3460028168524496, -0.027523613287250455]"
"[-0.09796401727420928, 0.5282979836244813, -1.2350752014728654, -3.5586638338903884, -1.001014843361547, -1.228631172986244, 0.25012072442604166, -1.3597006639491092, -0.10707314853496677, 0.10708558199217606, 0.14173455040780378, -0.4644698334941553, 1.1616573611413432, 0.6942716034799478, -0.3668654227608279, -0.3474085387707693, -1.0144126784538579, 2.1734501161353337, 0.36735734553263677, -0.8462661040223137, -0.49415889413419517, 0.5512209943513926, 0.4714974394178693, -0.03317427587838133, -0.08646602331956985, 0.25544632968962727, -0.43178166279753, 0.3708661419245514, -0.3238284182819477, -0.30723846021146844, 0.7575109919879859, -0.38536197743325973, -0.0015039748564028026, 0.07578237570602138, 0.13450208926094243, 0.4560155113148241, -0.23297882284240817, 0.3212580036104158, 1.3400013761859957, 0.2422273499095496]","[0.6410459329273156, 0.5961627931069633, -0.08469026404379655, -0.10897596227016837, 0.584332502779071, 0.25600913221820215, 0.5097579584445558, 1.5636680002018744, -0.4208298863722748, -1.6753065112944598, -2.1646795727859804, -0.1971718622394366, -1.162337627553871, 1.7058119029781598, 0.3143458615647408, 0.08400623376131139, -0.016184664500287525, -0.4884283431176707, -0.11886346568504978, -0.04962997335451688, 0.12999671215433972, -0.6627176980458266, -0.28672320455002015, 0.5110357765425185, -0.25206006484994736, 0.2133855383191796, 0.7666164723887672, -0.26560459343377235, -0.9282429280585315, 0.5069676954559834, 0.5464460420715039, -0.18582331477965675, -0.4508094006911408, 0.026252238178727516, 0.41628418033058273, 0.27998750328932986, -0.36971512010023794, -0.10228274572177756, -0.41067157088074996, -0.07662937689616155]"
"[-1.1031885821373406, -0.02547664589206535, 1.3158537295907051, -2.2820151950769705, -1.1075000083134232, -0.5120582887847461, -0.5257767449744424, -0.8513902275510903, 0.6574036320818709, 0.4126303876116105, -0.819414177109272, 0.40211694448005925, 2.2248097515166045, 1.2494059055892963, 0.14482490018359526, -0.891123360651054, -1.5647307025198327, 0.7845162869895681, 0.5719688137532534, -0.8469571012339364, 0.014671071048280788, 0.6441938381483895, -0.8405057316816557, -0.8002576895000285, 0.9020903507432758, 1.1829566800688724, 1.0649439774547396, -0.005197629800758412, 0.16803868001675937, 1.4709992327633572, -0.4813782448069419, 0.182789668495771, -0.12871945442714192, -0.09782853074322449, 0.994534948716875, 0.3822807732404569, -0.12021000772515991, 0.4125730881355448, 0.7801844613575167, 0.62618152542308]","[-0.014742602804145515, 0.6114585128115113, -0.5731501653280707, 1.0211592537218783, 1.454003415356072, -0.24949523436152432, 0.6071582525111529, 0.6408842536561382, -0.014373690690224332, 1.1827875784791808, 0.32293784569990674, 1.0203955034212564, -0.8309123737575266, -0.9227853121049805, -0.34646079084253906, 0.46682432637749005, -0.21932846464942563, -0.20808657981730821, -0.9494440543468063, 0.4766428265847524, 0.6630425482939314, -0.45344213138406436, -0.9526016158543814, -0.009517784888423404, -0.7714825150669687, -1.2409277641614973, -0.6967538170082529, 0.7750076661531874, -0.45665112206117586, -0.6642539571133447, 0.5051066886436875, 0.14077500468637758, 0.8406799295591955, 0.21880649921996748, 0.01651729849428623, 0.6438861615585979, 0.2612752621877626, -0.22535263362739322, -0.16244596448910698, 0.26306396549001015]"
"[-1.9361030439568512, -2.104148283213793, -0.39919523250031413, -0.11723804695190762, -0.5991996577132057, 0.12754535879506756, 1.255813507952316, -0.18084819664933738, -0.7792388289017079, -1.6435218156105207, 0.8938641535990406, 0.7173522173550103, 0.8430179508874693, 1.3340263907373717, -1.61902943520721, 0.9255721366603603, 0.37316489481714027, 0.6174793439011046, 0.9110655905502174, -0.2267919813424859, 0.41980726005302865, 0.7910242321627475, -0.14045753859365603, 0.4086289729908231, -0.017140945614162743, 0.14207823051674806, 0.648008510238234, -0.09861684494233612, 0.061620150701702, -1.0733840497301343, -0.0019068418129539447, 0.10020725734769648, 0.5942665250990191, -1.0211740950753359, -0.544599534185466, 0.7153046385716928, -0.5984078841036704, -0.21805619963475542, -0.20918449575256426, 1.096791599458923]","[0.10951096151743778, 0.6418211449558312, 2.069766705854737, 0.16819466363654065, 0.1639452511416475, -0.34160212437623283, 0.35524792992353954, -0.9896059565762877, -0.9645514833892052, 1.017221118479505, -0.8417409374903642, -1.6547532602572592, 0.41639470929414474, -0.5848869931569607, 0.4525444551380581, 0.38075238512594894, -0.8778160239184174, -0.5297772026247097, -0.8951325432073505, -0.27984126268271886, 0.3899874716066658, -0.8061575337978223, 0.17773024980476942, -0.6796637119500141, -0.4692885334141406, 0.5573940763018361, -0.036313860119673295, 0.37136310584041576, 0.5551784579361655, 0.3159079309787579, 0.27624733772466786, 0.22581297528687547, -1.0714561593471736, -0.1418151155313521, 0.600060109497894, -0.05968444707549277, -0.09663815569944452, -0.3849400467381407, -0.9458888664743407, -0.0878988381896806]"
"[-0.6345717714032344, 0.5907870856921938, -1.62144500954442, 0.7443017311727539, -1.9205711595817543, 1.3844074064806149, 1.003707956915215, 0.6754952115358065, 0.601704072499647, -0.2152251810543538, 0.30031023659564365, -0.10539369995638956, 0.8885280519361126, -1.1833276590103032, -1.487099102821695, -0.7621125322975029, -0.24813741536160389, 0.052284610845912564, 0.7898467423912996, 0.2509533369821975, -0.31949951076120164, -0.40540971772260354, -2.1365398420076867, 0.10059968451035044, 1.187498414349812, 0.042761724105614324, -0.14040930542436783, 0.3173154651171177, -0.43502070938720067, 1.2282749088405662, -0.37593352082968146, 0.6481404237733274, -0.3304857543166143, 0.021301934177166533, 0.29544429309110254, -1.1494478122623537, -0.36871854236386264, -0.22181350264989208, 0.3526638253138766, -1.0376688174628752]","[0.38300601370662934, -0.4118445242095882, -0.10591981726156088, 0.8575810639522037, -1.4435474072439647, 0.039568659200924026, -0.3594695127421292, -0.8234100027599336, 1.1136055925213262, -0.11971509502897666, 1.3258066213387782, 1.4077565981807085, 0.43546155853615376, 0.9152180333594643, -0.9785022176343275, -0.16255887985800316, -0.8028857578555263, -0.4877320493316212, -0.22975277138696487, 0.5039891045552672, 0.9488883440882337, -0.6537713835112574, 0.09333452588131451, 0.6467083923488428, 0.020850712976817776, -0.4384841811154077, -0.8058874067309141, 0.2512614782296414, -1.1813374564383936, 0.3344514607016469, -0.6038709568520283, 0.260336530976165, 0.6571173362934061, -0.3652215666896767, 0.25343851655702654, -0.47285435761832856, -0.06517026113289645, 0.10979711723984863, -0.4001055985089019, -0.14235114237157415]"
"[0.44258705787269653, 1.7259773516772299, 1.9979349918848153, -2.1485608528289792, -1.5514939750932417, 0.6643505233059134, -1.1539237430783726, -0.6816493111895136, -0.6417777659242441, -0.2382183413041457, 0.4735172578628918, 0.5953472669067368, -0.46171798674594544, -0.8323088848027815, 1.05194005135633, -0.7364406395520943, 0.0644779453128072, -0.23014174947141688, 0.3962341949992392, 2.3682719726471837, -0.2142929280411682, 0.33169246649466294, 0.26626136803695283, 0.7381668170589409, 0.14976211707618298, -0.506287665785664, 0.09325150022464242, 0.1547968730258559, 0.27550092202447923, -0.8397100622865233, 0.1796675791045671, -0.17494027649342392, -0.003597834143351523, -0.2831463424396284, 0.013847956608247829, -1.0489591109075878, -0.46639222784722834, 0.9424750020946935, -0.07809831293133786, -0.37702073437960343]","[0.5291034882382645, 1.0094018967644214, 0.47740922478701875, 1.1772276277762308, 1.553960014045859, -1.1656640708507877, -0.8851141682646956, 1.4120580064386568, 0.4926050701073321, -0.7707221416756451, 0.16240724137488566, -0.010022159257394546, 0.7697814641680893, 0.5135471814900288, 0.33671889948006845, 0.7423579978459751, -0.3491295104997493, 0.32547310647084243, 0.23598269377246892, 0.1411369427666058, -0.3020276590768176, -0.5651891295334032, 0.6029284804315886, 0.40104434910488584, -0.4268058427775801, -0.3370290115326332, -0.6622581684680465, 0.43175519496467096, 1.0196265892633565, 0.21235288034905103, -0.09585306517826361, -0.01217007463876501, -0.021411847510161463, 0.0721353979944567, 0.13128512914413554, -0.6047481738631247, 0.032108006180037625, 0.26370609384968396, -0.18400643959392518, -0.05903219765876318]"
"[0.5432560330604614, -0.842002151756605, -1.1711384195085819, -1.9382723704955631, -0.9852986435360258, -0.2268886069614818, 1.2795372827002764, 0.4054568041041179, 1.4720629768323845, 1.0228461612200441, 0.0033267046262762693, 0.34323662416816797, 1.5702650177217916, -0.453241630089811, -0.5635636883925519, -1.2775327862871932, -0.4910975560630208, 0.8302994424870289, 0.271877704392657, -0.3179008452056666, -0.5328028562136375, 0.7004692918918717, -0.34639422884196974, -0.1510857068564064, 0.9934517533365855, 0.5461917151236946, 0.0029838575043857458, -0.4209337439919021, 0.266026496071807, -0.5121060425209664, -0.6828696829559203, -0.7933936066228819, 0.23799462002881397, -0.13223258130530663, 0.9415306101393841, 0.49973627057912273, 0.08969483991704318, -0.7975573669317673, -0.8089328239970441, -1.0590468608707988]","[-0.6835016900866039, 1.4190673661691426, 0.3065084292586354, -0.692904887436361, -1.1047921532424523, 0.4179078484034034, -0.7174057966185655, 0.9283097779978597, 0.4572843460536242, 1.3333072359812033, 0.8952225875443913, 1.5967598159167131, -0.36523290579001877, -0.0967744298989116, -0.21724857304996595, 0.778452527213982, -0.4665681483551915, -0.7680894511319647, -1.4324195969875124, 0.6715138489787107, -0.22122758487818972, -0.22348459104828514, 0.2052956792514404, -0.573150426224958, -0.06972961250791126, 0.7141816618272564, 0.869666789636713, -0.46344327266698504, 0.35238451221024303, 0.2480421385172919, -0.06261819040713745, 1.377303355116293, -0.23889206179412634, -0.344634762600372, -0.2195053355279773, 0.10929312821281517, 0.28401622987259656, 0.09713455010624437, 0.5216293928171509, 0.3174803983335687]"
"[3.775048609941847, -0.9687536663847159, -0.10956509211790905, 1.4016279449295985, -0.6000017972354245, -2.528468397382583, 0.462147193560373, -1.0393519606585828, 0.04732262628757779, -0.8525285317719442, 0.7443299645905572, -0.20856645057130418, -0.8396253851762572, 1.623605510553425, -0.23960437240355217, 0.8870070648998611, 0.4071460065501317, 0.07613103492147417, 0.15301649872409426, 0.16653719818586393, -0.29611954659928674, 0.5279338915373556, -0.6062943423168878, -0.08931801748683699, -0.33956491745015366, -0.3139170285034781, -0.18862439103506284, -0.13125269307645418, -0.1309308926638751, 1.2525118014644991, 0.3382166530261657, -0.126380717201979, -0.07111857528903445, 0.20254519106851437, 0.5871400123272729, -0.1862563525814943, -1.0517073940266077, -0.03550493174365719, -0.004583223147646395, -0.17391801038923846]","[-2.0418879892221633, -1.4939100239406138, 0.7113764700201708, 0.861082281050586, 0.2343129123010917, 0.7775881170161238, -0.03576282909880148, -0.010768045767787858, -0.7458323520245668, 0.5712784980200224, -0.3391853013248726, 0.7227312958739839, 0.6207682266795311, 0.5077895854479826, 0.24404408657414922, -0.22823787188472666, -0.19778431814014866, -0.25139748482895397, -0.571736746098735, 0.10579638973585515, -0.6089406898207339, 0.43547396961698437, 0.6096514687132276, -0.1717355434922965, 0.04673660815512503, 0.2785513357068904, 0.0763156273565476, -0.3523943450677897, -0.8629762734732097, -0.10690710913342324, 0.2139326395111657, -0.812036638942431, -0.0018309299153466715, 0.030390961426157805, -0.582731664423551, -0.4573104944015918, -0.8602512038528701, -0.7016558161293879, 0.30225993620819847, 0.20920621226977054]"
"[-0.8465358366729548, 0.3343935695001941, -0.46350476437929766, -1.3409105300427047, 1.9172915288440753, -0.11476287251860963, -0.9736270027447113, 0.14729820571989155, -1.1355555275799247, 1.3096832613070029, -0.5708534859819754, -0.1961582857305209, -0.3496973870103245, 0.5954856536899052, 0.664512444121892, -0.5085923237597415, -0.17198382107071683, 0.935310346404777, 0.4438447669791403, 0.6172864587003591, 1.864250408874696, -0.49168496705343434, -1.368747791762085, 0.2840034423869607, -0.29260224705217686, -0.20825153373234528, -0.4952884480155755, -0.8601514689478038, 0.1803851421032435, -0.3383974497354351, -0.8052009452557393, 0.020957164224964492, 0.41145184361283904, 2.280742728923435, 0.8238442309966755, 0.0015375626232171475, -0.23211058935791373, 0.16356546066907862, -0.2801644004885331, 0.8621651421802028]","[-0.16727352970923398, 1.1210774778211665, -0.6893551432425131, -1.2335752794104136, -0.10473115198705386, 0.07617535268651054, 1.0085685601991052, 0.264803814898253, -1.0004754925708732, 0.3031487698923137, -0.5708701837798669, 0.20069734943101697, -0.7429405659297996, 0.08342645053166034, 0.7368301491326491, -0.730138244949208, -0.3406320818465804, -0.7048718141770423, -0.62264507226266, -0.8099601448322179, -1.4071641403404536, -0.570424066234875, -0.4229656728282877, -0.8412226778861126, -0.3513038784481848, 0.0017135738851239287, -0.401370646632691, -0.29008532253642955, 1.3235236796098375, 0.07205007274352761, -0.8855872569504919, -0.5079652982537131, -0.5101415234757116, 0.5445900290879657, -0.13744743338880835, -0.659007356192017, 0.3779233671192721, -0.10247699193080483, -0.820615365472307, -0.005583754326481042]"
"[-1.5053637353630684, -0.5524846532062015, 2.49675665557009, 0.8283191304478774, 1.6755510723619964, 0.37557369250188344, -1.2981922338298562, 1.609847365753806, -0.8475220181785128, -0.7647609785874252, -0.6838850581062522, -0.7817181895890991, 0.41476593973340004, 0.3176968710802631, 0.9070274251519757, -0.3851376914522484, 0.9940035855295017, 0.3832697064409631, -0.20729644108295575, -0.8616874471521386, -0.9856537999863914, 0.7207793179029804, -1.4940463105964075, -0.6927814751861512, -0.47839294057219844, 0.20215671894693427, 0.3794375461131854, -0.777975686664695, -1.205494429942586, -1.478383924541621, 0.22720360078243693, 0.9987252676064002, 0.29426993224074244, -0.20035237700898437, 0.013837139930958477, 0.31202020553070453, 0.20679940371034256, -0.5695239192270907, 0.4970654021055177, -0.25545729866030625]","[-0.5915744348760485, 0.9379416173111165, -0.5988322543633714, 0.25813885159958666, 0.5627103118613422, -1.4085409680604244, 0.7566516448042845, -0.5851098300836063, 0.48158808696390243, -0.35145092605543915, -0.6632954758701313, 1.2033631773562332, -0.04684402401795889, 0.674171399438837, -0.07515630628371768, 0.028132575402660245, -0.22903203797899702, -0.7227210179200367, -0.5172802197438501, 0.19270199765635354, -0.23399970369275006, -0.12185284039900321, 0.36702928445943395, -0.047927525389846876, 0.2069941070963242, -0.1144343090068063, 0.41760099171657084, -0.5169488259520809, -0.5421177964082103, -0.9536432068776806, 0.3462262520821841, -0.28567450385402443, 0.09293875783378, 0.5519525431693094, -0.2969090625654041, 0.22505545202156665, 0.265370280198723, -0.26413068558027203, -0.2130397573554524, 0.7262706416283443]"
"[-0.516318825871773, -2.0053507449021906, 0.958144385815638, -0.799360397498077, -2.037294277191555, -1.4699932459036922, 1.4837646656962256, 0.8008296981459201, -1.6022931873875188, -0.48963204859529796, -0.48075173080841144, 0.09638511474041597, 0.26877947745892994, -0.6776296532011444, 1.5717338803177252, -0.15081333896432114, -0.18652195019247236, -1.4775751796177687, -0.20587646284287764, -0.6130037221189556, 1.6689002664709474, -0.10225170494817527, -0.3464287219340817, 0.21417020071164386, -0.2929395898103335, -0.13628854628564896, 0.275822235252461, 0.31511223625444845, 0.8138572233346586, 0.42782148043303475, -0.3066632950440331, 0.4821570250583341, 0.550125675340293, -0.09072754199657797, 0.14980470215624653, 0.8508509390167199, 0.34715637104441166, 0.2784715509666119, -0.1863732415931485, -0.22964647226236304]","[0.641905827142461, 0.5476596586137751, 1.0572852986996704, 1.1677783208303827, -0.49115029817243977, -0.5837286878980106, -0.5003044608004242, 0.08932849076524843, -0.1181304831608852, 0.9420122614817669, 0.19577885093078326, -0.5525573561908095, -0.8543865011528922, -2.0417841723458072, -0.5847736549343955, -0.24347071649627772, 0.37967490563396716, 0.14579815818126968, 0.12746186804467008, 1.1408525261285183, -0.316845137921555, 0.5562180427698721, -0.47594423186922685, 0.2194032808757165, -0.6034765905312738, -0.799016338519043, 0.5164391554648249, -0.6436087972947808, -0.22442436670048094, -0.31552333317901704, -0.8074872648882037, 0.15673081498007105, 0.0016430713446907712, 0.8575549106938728, -0.22315163978378372, 0.48555875214475813, -0.002316684266287865, -0.39042147522268233, 0.7103372220890714, -0.16661095871127166]"
"[-2.836290688414843, -2.808499841926839, -0.4157997137304539, 0.33430655661851516, -0.7614454874659834, 0.6731604211099514, -0.7845381352970787, -0.7561536685115547, -1.273795470692902, 0.4106658796233595, -1.462985679090126, 0.5783737493673571, 0.34704177919899903, 0.2297608532940758, 0.004379163918001459, 1.0601186738348696, -0.7305891569635483, 1.194258227986088, 0.31716917197478567, -0.5413866168713517, -0.5262985262632436, -1.012288007106883, -0.5638353340611315, -0.5286348331698946, 0.10709446700101874, -0.30585590056616535, -0.18043794255409243, 0.6856665763401134, -0.026786980887068122, -0.7388332358088997, 0.8252200303807918, 0.24491796558314055, 0.44764479360062964, -0.9327027132670785, -0.24106980686828866, -0.622676485276344, -0.5499677419188255, 0.9102807368677401, -0.07876365145674229, -0.05538099570447635]","[1.0707257685637126, -0.06056951439586076, 0.8539020138757784, 1.6167337548927287, 0.10560320518060688, -0.658943880850052, 0.14585239833874541, -0.7947647245283934, -0.7444683342439193, -1.0298245117238976, -0.271758912590179, 0.02620968504730721, -0.5137941027862578, 1.4672121687567623, -0.11066222076790576, -0.31985261179300145, -1.3260414879659088, -0.3982006447581163, 0.5250092002299659, 0.2854261136113589, -0.7909277074062446, 0.31137498577250833, -0.11855638801621876, -0.4248774351773466, -0.05036828533912233, 0.3721778991573935, 0.00928622680962265, -1.2621914730757309, -0.7654359454374872, 0.45474279388740874, 0.859142551824758, -0.027660761760628268, 0.29816129604992786, -0.5526008470499236, -0.38639915135928177, 0.8222368607312865, -0.4698784670907739, 0.1714918052436018, 0.5065005170036663, -0.12616827706390318]"
"[-0.5549338435647155, -3.1286919720693227, -2.850700175924813, 1.7234424514868911, -0.3387519556293181, 1.8386049266257385, -1.649802022906515, -1.4677031616648193, -0.014006849933119587, 0.7164295924139436, -1.001761111087583, -0.18462999000996355, -0.3600117181527181, 0.21539013195865087, 1.250724527648336, 0.7139732457061382, -1.4719567601628256, 0.4652288092164555, -1.6848675046335952, -0.26582329453585457, -0.621635262152942, 0.18690193782068926, 0.5978292737376779, 1.1061707631704716, 0.6185144067388125, -0.7930496591352569, 0.08305741705013117, -0.40449078050982346, 1.5427505083707034, 0.17365424473601587, 0.4258866728089787, 0.1948218259985508, 0.5698425308838235, -0.06315921043909559, 0.2982756012949821, 0.3284416138537627, 0.3259251316534821, -0.5008230264392687, 0.4380307950324897, -0.48661520567113997]","[-0.5930111183201101, -1.4923140761166585, 0.41744736038383257, 0.15080185403360943, 1.321185347818367, 0.4738324748812327, 0.9818003527984643, -0.6886962051270129, 0.7231827473713175, 0.9542157508759677, -0.1501200507596496, 0.15728255566744082, -0.5797673097168188, -0.013796741103221736, 0.30434040751201147, -0.4278912216446852, -0.006108443552477472, 0.2925764935111879, 0.6608218741018272, -0.5671011044159339, 1.517104445522898, -1.2167840395561722, 0.5271021099132066, -0.08840559816184067, 0.9172647294536681, -0.733774925982269, 0.03438364274700075, 0.39260310498101414, 0.19676459907181904, 0.396844405196374, 0.07112656588173569, 0.41516071931420934, 0.4415620056781025, -0.38269296752244286, -0.4325725801081707, 0.09267176676525801, 0.30582016188868777, 0.30715219016040457, -0.3291008432205732, 0.16261790521212333]"
"[2.473669912388027, 3.476260827218975, -0.5901901759104882, 0.5840944601263176, 0.9779382258076954, 0.7047173516016663, 0.4157740068054731, 1.1744821635210103, -0.2767865969546752, -0.3214150361166123, -1.020278918226963, -0.25117867871265254, -0.42147416450410863, 0.3113702969704533, -0.48250661856051524, -2.451078704515878, -1.4257192424100384, -0.1712825304954254, -0.29454826954852836, -1.2321573815498683, 0.22002631771572614, 0.14981333479412548, -0.08850139824520499, -0.7481063479822935, -1.349875324443301, -0.5299470894260311, -0.09537656341139507, -0.2698969811212975, -0.09206873485538976, 0.39836567314268684, 0.4394313704643913, -0.2739447706870551, -0.1030114761851867, -0.7415284715344795, 0.06582475509474707, 0.05379200013985006, 0.181508922934588, -0.4888335688392523, 0.7527745653061996, 1.5020267923044985]","[-0.7783129158185649, -0.8681824069291308, -1.1376347948617564, 0.13234497521146077, -1.186406497025314, 0.14829312772862663, -0.5230769545813824, -0.33462121661006167, -0.09592776164714964, -0.7299250985018491, -0.7654528190701001, 0.04667865481403972, -0.010084673999977445, -0.9440985127651453, 0.009804723457116775, -0.5668351987111463, 0.7083837240528376, 0.11311370373950093, -0.3129564485749891, -0.6442183486692414, 0.05081681369166386, -0.43601443204978135, -0.16154799258619704, 0.420068260990141, -0.91317013214943, 0.09370830221980465, -0.8173900686087698, 0.4384067132825242, -0.2232632081950517, -1.1847256652125446, 0.10792225518605982, 1.051170759213792, 0.1787147718582487, 0.7084789675562051, 0.7315108452830175, 0.24258111758577292, -0.6310762768061453, 0.1333557484412899, 0.5905950576753367, -0.9961851645209371]"
"[1.6088631558758388, -1.626285268572306, -1.7659606107699264, 0.40108871416239983, -0.18589639925016987, 0.9769073984640813, -1.2349969423679654, 0.12731960330097816, 1.510486371207716, 0.4383363287365416, -0.5594989536054473, -0.5820043391617491, 0.38262348421446474, -0.4673425655388376, -0.8982930070857944, 0.6849145254161543, -0.35905012844218104, 0.4113777463204543, -0.8171887853567847, 0.13247480132580614, -0.015057161480834197, -1.5544406613298631, -0.5877433998996412, -1.4518336092799706, -0.40256886516919205, -1.4792738822181177, -0.17013132838968964, 0.9862256990845641, 0.6950930764240775, -0.9668087154303276, 0.1739522096292544, 0.38953927668751637, 0.0906830718750663, 0.8235449662855637, 0.495518758730816, 0.017018966867268018, 0.3614460267706854, -0.2971198904293056, 0.11359006478543644, -0.7096430029281419]","[-2.0977680433720645, -0.04311303155732041, -0.12211214106506287, 0.15344826719080176, -0.5483868798848527, -0.31462019151176523, -1.1272709754264818, -1.3126065752370044, 0.369431436384953, -0.7278283439900866, -0.2825906202437066, -0.6171522551666568, -0.18645736494318066, 1.0396635280129487, -0.564172778832529, -0.3845307974394459, -0.289561036618161, -0.9274863420483478, 0.2520233612071111, -0.8598443256077772, 0.5360769892882575, -0.3217555230619447, -0.6708709029019316, 0.7849859682311187, 0.4500843547733796, -0.2860749395542253, 0.7773214446477952, -0.6390673520905376, -0.6395838407091107, -0.19024140609819082, -0.09407884405619704, 0.17348834795799997, 0.24962649338005014, 0.37567443483120155, -1.2414027237735388, -0.20993001273411213, -0.3117923801465474, -0.42523039963671466, -0.38103401710005197, -0.23499493656534434]"
"[-2.6949480086798365, 0.017391143275931057, 1.0900016844095226, 2.412380844406465, 2.2252075485578913, -0.11606048959509904, 0.2568182637585221, 0.11364380475914258, -1.2774682057837077, 1.966218048224792, -0.7733668784341972, -1.8114935007187467, -0.40310273867802787, 0.7186239645006801, 0.47177585330538974, 0.708022320373906, 0.5579638032817187, -0.21376204390568723, 0.37672258708636003, 0.24575296432569135, -0.0531140594326635, 0.4426040867732724, -0.5322686913870929, 0.0654321879021165, 0.665883873401208, 1.018624307388964, -0.7300455346618052, 0.6108289829580312, 0.5578106703229796, -0.677687102407093, -0.06786731464022983, -0.8534414068560955, -0.24560220306760544, 0.07918418512284932, 0.3273791196656908, -0.6560997571918686, 0.2385238403289053, -0.07311238092941484, -1.0561738935358596, -0.13615259802051824]","[3.7415663389379685, -0.2442803603248618, 0.4869850738568878, 0.3788845110992004, 0.5923584925523768, 0.7833490234811847, 0.7835557080867536, -0.911310712406023, -0.9475387247903696, 1.2071639057951489, -0.21717164942477643, 0.013442423343786633, -0.5193000552339829, 0.3384950217743812, -0.6447830496534185, -0.10012111721080007, -1.159161960009585, -0.3618480697699697, -0.6623582258050199, -0.6171374322316379, -0.1655282859503641, 0.0020738208761540713, -0.6506252913202533, 0.03686320790206971, 0.2097431117851095, -0.22412592407555815, -0.0702157087536591, -0.03282500900602102, 0.7800543981120781, -0.6255971361766991, -0.21790342887593456, -0.5467395340667975, -0.4809605266539717, -0.3499862306160171, -0.03822095248643329, -0.7239465934017851, -0.20302348567786802, 0.10620973848265294, -0.019181583413147324, -0.08772515141765963]"
"[-0.30996996231441015, -0.5353868701837637, -0.3993761483460883, -1.394317849890857, -0.9267905331883474, 1.3557791611218701, -0.43949606802937075, -0.5420525073201737, -2.039502379316295, 0.7078543347138466, 1.5529105781720483, -0.8108459778427339, -0.7146917343458309, -1.4013582374811995, 0.08179218687938725, -0.527768378143106, 1.6991852180954885, -0.35737288877643814, -0.028979109149452266, 0.19463134980613125, -0.37304824383909985, 0.8361465423953038, -1.1059599012756403, -0.3357706280393469, 0.8314949353429779, -0.558556919450357, 0.3590260803791284, 0.4831626893521032, -0.6956003402064045, -0.6358841198327118, -1.0204491036443684, -0.4151122494116482, -0.7289333731862456, -0.3157403144310687, -0.2946091546311112, 0.7442453101516232, 0.6459189653463652, 0.4891170509701451, -0.21111465448353617, 0.3008692896207603]","[3.206372360891269, -1.3125167098532862, 0.6341840331888632, -0.2255556191930939, 1.8004682226284257, -0.35807193631778744, -0.2350940782197306, 1.3312659876455772, 0.07167844726639143, 0.1012802506683714, 0.6101132273872774, 0.4489091098896964, 0.21354049231692723, -0.21390214829431894, -0.7391809260228082, 0.14423592668536664, -0.19127847400485964, 0.8323853681168927, -0.17835652176785594, 0.7187230276552106, -0.00022451783037155638, -1.0744058176104248, -0.4588280748908397, -0.1417888590814583, -0.5173474020659146, -0.7885968620847909, -0.21979128782696605, -0.005570803178728759, 0.8741934596519819, -0.5054994628012702, 0.4219317076647077, -0.2580746496160077, 0.2545974644632733, 0.4956038630713907, -0.2912156625644726, -0.916218701132082, -0.14568767840702965, 0.3018979516546879, 0.1185887307466677, -0.32717595588306553]"
"[-0.872694887829222, 2.07297596160926, -2.2368671273404157, -0.014745642112719025, -0.1502260350287453, -1.154281249859955, -0.21007381351852292, 0.20444320625283785, 0.059589654415057515, -0.4940307488135585, 0.06723070495477022, 1.6068715665673414, 0.08748129752805299, 1.5294469746441752, 0.47869816698597367, -0.5765204053078927, 0.9860266335714863, 0.7676572249638837, -0.12029120611721346, -0.04616727289452138, 1.4212296497216863, 0.6882299258050689, -0.14436077649228823, 0.5313382899199167, -0.6922051079520352, -0.20227923483642485, 0.25033579244735327, 0.973406508417008, -0.8859996659973646, 0.2502991160914351, -0.36574205087944267, 0.22925676800053715, -1.221998579380453, -0.07602507107267188, 0.7207357433264974, -0.49900656300839985, -0.554131726821876, -0.44491840216077433, 0.12443876881825515, -0.13501165278743524]","[1.530959382207185, -0.7479331930185494, -0.8857335635431349, -1.0712187120975885, -1.0326113536074872, 0.22465086652841523, -0.7552695141892136, -0.1819735957067385, 0.04588955186269643, -0.9566226607057294, -0.4923782643843521, 0.007584043150039532, -0.8016343439021931, -0.5591977573483641, 0.5430186812506911, 0.6365819722466994, -0.6343133506919849, 0.8445210101471383, 0.34131220146973323, -0.7237592585869413, -1.7285868886600444, -0.3041848820952887, -0.43814280055628, 0.16620469479307096, -0.3955945312841543, 0.46947219215624053, 0.21022326124690466, 0.3190900691273805, 0.812573564554861, 0.09201806464920714, 0.17248163236252656, -0.045406997919882904, 0.5998856942348357, -0.6794199391105504, -0.014895406122800532, 0.04029901093018451, 0.10651036759532288, 0.49904883073322387, 0.2000193742166007, 0.6352860657242576]"
"[-0.6012149264164716, 1.2310572372298227, -1.105294127662381, -2.52610226559631, 0.5400375756548671, -0.6733063781358519, -1.9538630056979776, -1.7361596867214213, -0.7706657029753274, 0.5413442039758992, -0.15185779040754602, -0.5612143156444904, 0.08032098501380235, 0.8479830697597723, 0.016492105448510066, -0.31720617026003967, -0.2748766706954388, 1.6374822744948772, 0.17459821729581695, -0.8879694884818449, -0.3872806125576581, -0.055358677523868825, -0.31207514376195666, 0.024993043086498846, -0.6617702531332288, 0.5146202756969912, -0.4403917269867968, 1.0729939846072731, -0.704360277049648, -0.4637228671428927, 0.8715388012683244, -0.03566852073312852, 0.10303297095632587, 0.8125334342877478, 0.4905368343932494, 0.4376951091375436, -0.09650431349545387, 0.5123480798577922, 0.5015236777959, 0.5608938024282145]","[1.2035395198311967, 0.6027262586367889, -0.12918608419121672, -1.3274787051612984, 1.2717884335379765, 1.1764635961946892, 0.7254440420543028, 1.7713782353572145, 0.2184572627500375, -0.6051409338211668, -2.0943932108383723, -0.05578635130685003, -0.4112016771073162, 0.35814019408569253, 1.2413680963699425, -0.17190277570873966, 1.282486849294341, 0.0026678096259143682, 0.20210586106363473, 0.5536024387765497, 0.26953142401212876, -0.3460568125117347, -0.6186085406335304, 0.3298749489083916, -0.16438532087114646, 0.23171764438469142, -0.6238267600343925, 0.31547861177596564, -0.550328521005006, 0.22622583259110202, 0.15800789048234304, -0.8825325712760191, -0.2579994010729594, 0.4003448010236974, -0.14702589339319314, -0.23667758852026582, -0.11704075317603037, -0.5592240861550322, -0.06529398261533557, 0.009449408225814087]"
"[-0.5467071711060971, 1.0350434444639607, 0.44423486575113685, -0.7269087319135203, -2.03711398917667, 2.879476722527927, 0.4431615616171024, -1.4822167567376825, -0.7620340627965745, 0.7403367592006659, 1.8457534847913815, -0.6044499835322185, -0.15934164678136328, 0.3353708370755867, 0.7239739271425775, -0.35546060356249043, 0.7202437820649997, 1.1029909454986715, 0.00761902493268376, -0.24398558799043174, -0.8603661798158695, -1.095754754122186, -0.6540230993197694, 1.3600783230614035, 0.47102230135753925, 0.14652833937056872, 0.14837286418796405, -0.46277050500036343, -1.7205251239737527, 1.0534609742260268, 0.07992806957717756, -0.5391345890540852, 0.5574096809710384, -0.1513876152248659, 0.42471613377988837, 0.6311757546650293, -0.05446301724552119, 0.13769644032434797, -0.07229437950983936, -0.5428811849858083]","[1.774816182992522, 0.6053377203580438, -0.41994661971007924, -0.46889116314322055, 0.7300522686686367, -0.8766240358737616, -0.43168041704636717, 0.7158202465818546, -0.48065045767688, -0.656610775817848, 0.7507690059119082, -0.41643526469638714, -1.5251525303636173, -0.6121647390214626, 0.4123197530269486, 0.11024542330591526, 0.42981309809340346, 0.40187916915599914, -0.1339514283147225, 0.3754957073986342, -0.5076804313285913, -0.2792113840505844, 0.8517832411575058, 0.0442344307336776, -0.09957657092843374, -0.36048981344149517, 0.7166073973947682, -0.09542621855040517, 0.8324216125577328, 0.7878078519020464, -0.11274502915622076, 0.5062121296855712, -0.06516716443337532, 0.661628646396357, 0.018934439617349953, -0.8371239436098513, 0.3412866902422907, 0.02836600509456885, 0.26525323835210174, -0.573887446807163]"
"[1.4324766637815807, 1.7733114414713953, -0.34801194111151623, -0.37591638848248454, -0.3728575399012166, 0.8505399514561226, -0.9297826654341201, 1.880448732074116, 0.6111297227308866, 1.4921106544009457, -0.8894014030039966, 0.4451059117794592, -1.009056629224146, -0.00025023329013403316, -0.09592131480534132, 0.44349012950019984, 0.19806930451918586, -0.2261104919616425, -1.355652131589928, -0.24811517519630155, 0.5124494099563537, 0.9986704098664024, -0.7364857987732819, -0.8219984658877023, 0.8185981823135999, 1.4823241831108274, -0.9283463073208248, -0.5332382865558845, 1.2933469681637664, -0.2240301021331334, -0.6059673820247952, 0.5656593553486128, 1.3781032287259278, -0.10128422220014213, -0.7321433432841259, 0.25886842854284525, 0.4270421604730819, 0.49593050571510694, -0.7045683722965967, -0.8006708939176842]","[0.2235452390410765, -1.498715929816188, 0.04963172462974626, -1.03591642116179, -0.822974894876482, 0.04824732271265317, -0.9257289041103748, -0.13234581032419115, 0.3128453853455414, 0.3466739319217229, -0.27567369558433286, 0.07228492386183681, -0.08985689343485298, -0.2496357022465188, -0.9292699852213427, 0.04119841505391606, -0.021154761150117947, -0.027559259130226173, 1.233445742947747, 0.8157575836234253, 0.45844772004307577, 0.0682192128503624, -0.6509555572077353, 0.23925303697538206, 0.26725734294309594, 0.8295827349865688, -1.3191853686771902, -0.1148443595883008, 1.2677692412284858, -0.15269592836414567, 0.14216629700924052, -0.5031856273141606, -0.5124888461157926, 0.5930521230176679, -0.38803494709274, 0.6712788822561757, 0.012144253481172302, 0.01938428217723339, 0.7076460390108972, 0.022761134452837627]"
"[-0.062137901313633975, 2.715265766097056, -2.426018477721682, -1.6280151568592947, -2.371574332271949, -0.3845377373237856, 0.11313104139031101, 0.0412447599005554, 0.46932507570481785, 1.1592909832574776, 0.517956005901425, 0.20470852789131977, 0.729196775884766, -0.6661391047163587, 0.6445532503656071, 1.126863419804476, 0.9585941505209337, 0.45514328012574296, -0.2281315619766636, 0.21399729474235585, -0.46264067761294825, 0.24760991415010444, -0.09425187455146512, 0.19204595419766438, -1.403559940899117, 0.3000251867692102, 0.11581244299944471, 0.05550806499559761, 0.8747565444138183, -0.05898077190734381, 0.311456098398703, -0.14521587408258949, 0.24530344111020833, -0.39250570141491314, -0.5905420903062099, -0.41128818678959433, -0.16748039276541724, -0.02898213428312189, -0.5054188462684632, 0.41312433241255636]","[1.4938489426423804, 0.22352108136902174, -0.9107416250237198, -0.31228388107429067, -1.0788133557739943, 1.7545742384289411, -1.4870450012388436, 0.6148600776554914, -0.11644214182584925, 0.6955428673845065, 0.060520975374986366, 1.1429363167145639, -0.5946252405876656, 0.41588050392534487, -0.30659592515976003, 0.08575440108008393, 0.12673787867383304, -0.08026709234890408, 0.7355312639098011, 0.6831906950887198, 0.4918325144051573, 0.5223142062080722, 0.8910836111257631, -0.7356187859689772, -0.21617538678940385, -0.21109273475709942, 0.5540198138889594, 0.30414286109808103, -0.8534556621175453, -0.2050901465773672, 0.7851924185353356, 0.7408979065737266, -0.2820512569158625, -0.5314444052391616, 0.28245471483845286, -0.13998380667438606, 0.18121465416579502, -0.18972968633858572, -0.10405622389650632, -0.18322738473410516]"
"[-0.24516780133618257, 1.8273645134817786, -0.9984694493798183, -0.38040538712084654, -2.7022931229597686, 1.1814060448310968, 2.9751171812579185, 0.4776128023076463, -0.7487215679957034, 0.45463011194136316, 0.9586689155957311, -0.8575216794730114, 0.38152276937083485, -1.1149276620696342, -1.5130680969350614, -0.7911429996484588, 0.17059298569843626, -0.19143891174964084, -0.139845141020446, 0.6344662579929558, -0.6283269156979138, -1.695534520559662, -1.6967014974610777, -0.011744122475326815, -0.5073341042484304, -0.6434936108006075, 0.09805484457880291, -0.3540153058786451, -1.0081236788050256, 0.39049430725416684, -0.1626156996161743, -0.06906893739895201, 0.18886491052387733, 0.31807713917080493, 0.7369662953553859, -1.0800741159920775, 0.10753774974376386, -0.04204421583383294, 0.001949736550300943, -0.38779960823734333]","[-0.18046080110095017, 0.23422558066185545, -0.42617294223927915, 1.555514768272753, -0.5071130899433067, -0.6491230295911945, -0.38140824662007095, -0.3378835190767419, -0.6062512645046823, -1.2022307465663864, 0.5929239074845261, 0.24108955819032452, 0.4153928459578475, -0.010278179438267854, -1.5363357402566196, 0.2548715572888578, 0.29308019540716157, -0.5365524238001792, -0.13655814762986299, 0.10157697369212308, 0.3903776062157848, -0.7962648073004714, 0.15304679654274703, 0.4244091359756578, -1.0141386525158007, -0.2288938232671035, 0.015652767892361166, 0.013565517512049988, -0.5296842094633287, 0.3648065846091678, 0.5571860437626361, -0.15262200869345102, 0.30117572894585903, -0.1875023059244128, 0.03380687878467956, -0.3384921348141563, -0.060032111382864475, 0.34599223892184494, 0.13104373630372976, -0.6013227762695948]"
"[0.6004823509367916, 1.0540179297317536, -2.6401445009341753, -2.1885016124992793, 0.32261317005844165, 0.046025996078990924, 0.6557112970813701, -0.574315194924647, 0.724492651470132, -0.036312012935628836, 0.90847300756242, -1.1495549451417968, -0.8865776770796976, -1.31476841150452, 0.3117673165055815, 0.02480140557299349, 0.6018887793427968, 0.18536675195491883, 0.9907362850472304, -0.6156596276961857, -0.09805536616857558, -0.24015898329283866, 0.55350802695243, -0.13784778486329888, -0.21596773407745248, -0.02650096735481826, -0.1706201930665391, 0.24902913698046547, 0.27798545125908475, -1.5688837756766967, -0.2277135914890498, 0.4213645840223426, 0.3636214420034066, 1.1882525053824993, 0.5143600800334358, -0.10112005460975436, -0.4277688817179446, 0.1350994073924915, 0.5772761430211234, 0.40944684189629016]","[-0.21722595121031188, 1.4533699595649598, 0.9312346407339472, -0.9979743244921037, 0.610276824764927, 0.8976561830134836, 0.009329956301209984, -0.08164876270342936, 0.49305747257912136, -0.7731132436194461, -1.0597551332410886, -0.9701082060158442, -0.4740816439755374, -0.04328054805421529, -0.6943088721790774, 0.26734205877287054, -0.5334249892665176, 0.13796970142352444, 0.2994262322634867, -1.3804669256299478, 0.6425844750493684, 0.8037855330535799, -0.5028383309280068, -0.0975705103182715, 0.3175369981001337, -0.517891256254157, -0.3557419184815048, 0.7341948192964802, 0.0030582347380008006, 0.8315228257980565, -0.3865911146848217, 0.05321239824537497, 0.29398988944749627, -0.5945349698134819, -0.011176234316797987, -0.1500335098252232, 0.041181678690442584, 0.30755148946010213, -0.1028537299133885, -0.14230148781859997]"
"[4.63257694820824, -0.5715248398032929, 1.405965533624917, 1.3269211186069174, -0.25689627129987774, -1.2715298586446593, 0.8049096067441729, -0.7589835841329933, 0.002350047242584429, 0.08715246080842015, 0.33400583067944734, 0.37838940927788545, -0.3654697389864131, 0.9954257776969089, -0.27856937068780085, 1.864703479702382, -0.01618176839881716, 1.053648236004397, 0.401619198873476, 0.9032321342687867, 0.2521356347027754, 0.1813158713492928, -0.7775068648358826, 0.16230841231882256, -0.034028559400842116, 0.04439494759869789, -0.6016886114730656, -0.1270191659299312, 0.5160809484461809, 0.4298641304060781, 0.015277419347647595, -0.27473804589416856, -0.799364894273795, 0.14554774093266318, 0.06689518612566653, 0.5507697429270538, -0.8069250337257229, 0.977798925271438, -0.13268838118428306, -0.23357543980758208]","[-2.188059151488758, -1.8230213100060806, 0.6047779420310165, 0.5282984372709711, 0.12295338155628942, 1.4254897395283421, 0.22181923419886648, -0.42846398681481124, -0.6088880185193575, 0.6229824391017174, 0.008495073741966296, -0.2878300679899347, 0.36904070722079835, 0.08289981617284942, 0.36514356679142224, -0.0872623824955609, -0.17739008917021842, -0.2347728191018713, -0.8361589950817746, -0.42176923556511225, -0.4914834350673854, 0.21802838050953086, 0.3954008352461696, -0.12215751397669015, 0.21698725089124227, -0.6032689911296284, -0.22978279195540038, 0.5050562680256334, 0.5016638950192712, 0.3381685783553135, -0.19889464529986517, -0.05134312231145026, -0.6857436846211664, 0.968068403366148, -0.38548245098164324, 0.0945052339975721, 0.4190681835297479, 0.13407351295088954, -0.0023832994980707823, 0.14266445366757385]"
"[-0.718470786611943, -0.07989499344102646, 3.223043488198396, 0.32026050288418656, -1.4339250036407793, 3.133365870718552, -0.7083820222554521, 0.9411376332058247, 0.32771648003263765, -0.12748094990631342, 0.8389367508687956, 0.8014957819023554, 0.42796935776312, -0.11983577752263211, 0.7067037496527532, 0.9350022955177364, 0.5232620466077555, 0.0031572695134067757, 1.524109569442012, 1.485062380165725, 0.17620797447452546, 1.1611400225241597, -0.4967380106324269, -0.016113817974438296, -0.3322431375215949, -0.5688542862216248, 0.7910710422536334, 0.1318083990046096, 0.4175341308963644, 0.18223808326021584, 0.5702273202334783, 0.05377377602541149, 0.19997523899655503, -1.7470609288467038, 0.3241132948657443, -0.37389195926545177, -1.3586515236899008, 0.7965697891980674, -0.6128601550190652, 0.3573084948334261]","[-1.0944264692117867, 0.8560982771304574, 0.48376508209100505, 1.483648227099277, 0.29132770290745286, -0.6040833839051121, 0.2206844900885121, 0.36168970966336333, 1.2712742890279136, -0.6911768752093117, 0.4788145028514686, 0.6016350718891357, 0.7682144670605437, 0.018119408669447886, -0.8308992642273955, -0.5419207454659186, 0.0556582642220536, 0.5448738402838358, 0.17925745859490258, 0.23950058879239566, -0.5903145730364846, -0.5919179793400247, 1.1351683265619565, -0.5355646299504886, -0.41186750515893816, -0.20475942550971374, 0.5349350642878837, 0.19538281585734688, 0.699489344821478, 0.7610784411612519, 0.003989555692425994, -0.3517151077717712, -1.1216874581646015, -0.3504037638789458, -0.3178214376985009, -0.8543803319105857, -0.4457935613064193, -0.23426561020028205, 0.47579147825898516, -0.06110369872954685]"
"[-1.4904666346643682, 2.2690800665184288, -0.8991553502135426, 0.26612687357514625, 0.2951246926439195, -1.4400972616850691, -0.7947956426022978, 0.23947206649742928, 0.34724702456285145, -0.5516371816650764, 2.169214127869486, -0.407707794081325, -0.466629179160478, -0.4491198244254472, -0.25311697109450626, 0.22641785094024855, -1.0175055397122084, 0.21986440832888823, -0.009045559257634768, 0.3457165708177303, -0.9360622014478588, -0.03461923307846757, 0.30518015726300546, 0.9153069930045112, -0.43124479641510727, -0.02767659799808134, 0.7883155059644913, 0.7023887011875107, 0.7751689965017062, 0.11076244903559825, -0.3718911632224168, 0.13508523495238503, -0.6790838942198812, -0.3130130384446058, -0.02333235993264347, 0.4478477162494239, 1.1272092751622573, 0.6642122353620707, -0.1642050717327124, 0.6305538436390765]","[-0.01524603107650135, 1.5970192502955294, -0.3675057236739878, 0.1861092363270423, -0.7222608415861598, 0.7567359542552773, 1.3894168038698733, 0.8898597278595035, -0.1313326991007138, 0.5052537235456032, -0.5497354926890976, -0.4228107167052777, 0.9269372628944685, -0.5903129661822775, -0.5486889419452514, 0.08078631719788237, -0.7900715991767331, 0.25321302817069163, -0.06314966616337304, -0.925276775786396, 0.07156250950081598, 0.9123380047891478, -0.19812104223509294, -0.40846853573114283, 1.0152715662383895, 0.30259890445458876, 0.028726536730301816, 0.4547523020790157, -0.622136495488544, -0.012605704567980495, -0.11197930655840968, -0.30223244896323054, -0.5806491952801899, -0.6243651775217466, -0.2454282628500567, 0.325542788461161, 0.9685992628223906, 0.6129514881532705, 0.07650948193847591, 0.07720762644723021]"
"[-0.718535309280905, 2.523707745508809, 1.8455066158269577, -0.14919776484192246, 0.1389994199921399, 0.5463365268208963, -0.5754714777499405, 0.4324514257785444, -0.2603658842737368, 0.2254727337123972, 0.22106051583971126, 1.102737078591631, -1.2383602949331185, 0.07616637804532722, -0.459220109802033, -1.9322005738809442, -0.9514972317401715, 0.39045455940840473, -0.11417215045267182, 0.41179841595033234, 0.7130483288708444, -0.02468544899899, -0.5270742953515642, -0.572322072223299, 0.49525144930263454, -0.04998251424075977, -0.09009525766970707, -1.0942948359677294, -1.2467269687098697, 0.2539647557051287, 0.7883721110062466, 0.18325150284110378, 0.27361020911285255, 0.0679473812306198, 0.09137704957903542, -1.5184613312284743, 0.2567816888824823, -0.26598392854280534, -0.3197283820479266, -0.33000908661387907]","[1.6598842082994478, 0.29290846828923695, 0.14164696029174217, 1.2591598045974965, -0.4855023967923326, -0.12269563828539388, 0.2675716167019491, 0.7134892745080916, -0.11863001866987775, -1.3544702121053191, -0.7382039047044247, 0.6848010270162456, 0.3656327012442377, -0.002944733834628043, -0.8560824110705338, 0.45289857214711027, -0.04356867571301229, -0.633602275362933, 0.1110726184770738, -0.9839631170171916, -1.0766084691144082, -0.44154965919970796, 0.007415621057378846, -0.25877229146353714, -0.14377121760156975, -0.0868473984778307, -0.043866214686042494, -0.13301688612696533, 0.7483348992577779, -0.7305239196534989, -0.5084670004183749, -0.13009277460129545, 0.363748699945671, -0.23123043102364696, 0.11259957167681488, -0.011442593964156268, 0.11602134591718438, 0.8813433329670719, 0.11326788197135944, 0.015095122220720288]"
"[-1.2649772198936948, 0.9794825603436079, 2.948387652828723, -0.3550365035965956, 1.7037862328163382, 0.04857545039882429, -0.07584505196655876, -0.05607250987994044, 1.7229415199955258, 0.39524014469799373, 1.1816324901429076, 0.09287139416618244, -0.38564892824991365, 1.2124556551059276, -0.8020088856762388, 0.5719099742056375, -0.20480504601700117, -0.8159542635932588, -0.4158096508515499, 0.32893188593786693, -0.03408248777978744, 0.09426988871394108, -0.26748218578976873, 0.5653038255553948, 0.47010901006623834, -0.3976462980624999, -0.9747260413089522, -0.16582756221824485, 0.4368677385902163, 0.1390795786530329, -1.2008720865132423, -0.595598996725364, 0.09844407465251713, 0.4999583352387935, -0.06686504703463926, -0.5537592895100281, -0.4970946770038399, 0.6037613657111007, -1.1079643022761683, -1.0081826107793466]","[-1.5825850099240018, 2.297673360908004, 0.4487641044333433, -0.22278342654484215, -0.42661162944371, -0.38219005192760147, -0.28574549976586755, -0.46291182292545224, -0.9937175642238476, 0.3350123358629902, 0.44338346462412215, 0.5630129999322102, 0.8976612570184347, 0.10207097060790275, 0.46982238296702966, 0.4101788377004794, -0.04414288089948056, -0.2523970568123231, -0.058606388553860154, 0.42240322063121044, 0.2728993201450308, 0.3303332244409882, -0.6166268457623126, -0.4565461314867825, -0.14214973397131164, -0.07329604961911279, 0.04943073524254692, -0.9279714051855419, -0.3812103996813512, 0.16492770124022646, -0.17777352882362296, 0.9156980217168266, -0.47331902921383734, -0.3499818601575153, -0.2676484156611034, -0.3027895150880343, 0.44881508809923165, 0.3760910053054233, 0.19030216974719516, 0.12384712318221452]"
"[1.5338094843023842, 2.5712277079601034, -1.9851804371575317, -1.1254087440979013, -0.8756475787339751, 1.2135880867411086, -1.4985150969617076, 1.1471525986247464, -0.17829668732332993, 0.32202684492049793, -0.9963652259932945, -0.6272346590669302, -0.5200570176835757, 0.15296990418881662, 0.7151044926256679, 1.3654083725642763, 0.5405412979067981, 0.03617866409090561, 0.2421397127359613, -0.8182675558748634, 0.31392015669601386, -0.9185675150422422, 0.36191633874054036, 0.5111134491263272, -0.6946591769591872, 0.45558750149522825, 0.13987360596624487, -0.8954798384631565, -0.02435544648995371, -0.5053310896503808, -0.39694719781899784, 0.2342476713401636, 1.1824076707936002, 0.13900514572929853, 0.5697665817309754, -0.31045423466008143, -1.9504176329068361, -0.7447132542178048, 0.39968592161050576, 0.6254550793314774]","[0.563962852898239, -0.088080563180489, -1.8435324836065625, -0.877552182813244, -0.695346623668679, 1.0849754471171449, -0.5964813787191178, 0.38509023250039043, -0.2248145073304267, 0.8333098398613862, -0.21392250914128896, 0.19646163294972266, -0.38469810240672586, -0.2160386940843587, 0.704002052704024, -1.1711118627482533, 0.9114749510915354, -0.14290733194843055, 0.5246267034707915, -0.10210071497474323, -0.15022972870280302, -0.21251857882862063, 1.214686803213493, -0.44197972349251746, -0.9207867562860911, 0.12145586920241028, -0.10279046888054845, -0.46250200352970444, 0.0468297465890315, -0.03093048587053185, 0.7203409809932666, -0.3748962844545822, -0.07712776778629636, -0.4321462618754039, 0.5372921761672026, -0.22966288638224192, 0.05926535811246568, 0.35744338145301624, -0.046727763994956525, -0.24000584245575257]"
"[-2.8668718383440557, 1.1215179105590034, -1.183783749876026, 0.794713659282791, -0.17884993586252707, -1.2333136820289627, 1.8962458145584091, -0.012028393247066681, 0.9419012106197325, 0.9384908904402725, 1.4091361451093736, -1.4064405432945017, -0.03346107156350446, -0.3036940946682113, -2.0137389994016535, 0.28242402628508434, 0.22397149926704613, -1.0078279408624973, -1.3031720665810083, -0.5314129913938321, 0.23247269675118395, 1.570118245845125, 0.3184830183058492, -0.5802656419932994, 1.1262083440629125, -1.469209880343722, -0.7683587862389153, 0.2882259880352326, -1.1304132749892122, -0.8584277082755244, -0.941654836370305, -0.615425872487493, 0.8561074248846012, 0.17172266378037174, 0.9179819543480426, -0.3156706366083303, -0.9779648190633798, 0.16365616867676516, -0.23310041211882168, 0.2710480876323496]","[1.4497142160219294, 0.1436194018587077, 0.23498112600369617, 0.7622726558646219, -0.60641937586692, -0.05834379180245979, -0.2917590839928949, -0.7419581998408021, -0.7394838745026819, -0.22776405982314002, 0.1822134289332241, 0.7213695697464684, 1.855458463417782, 0.5135157699546886, -0.5238258123473944, -0.04031549148811288, -0.178592275232541, -0.3889031508489117, 0.10818540099713307, -0.06225668392453496, 0.04502145626257665, -0.5418240787807731, 0.4583406739502856, 0.39461446128512456, 0.3324369417155435, 0.005966624190828667, -0.05714317221226595, -0.5301228667915134, 0.3879308553688377, 0.04059413374348128, -0.2790936651811919, 0.10788229302942269, -0.31795010594876644, -0.03871501330433809, 0.5764184776621873, -0.890597244921795, -0.16830741807773808, 0.8753126077368448, -0.9320742962719332, 0.49196873058629]"
"[-1.1781989673243056, -1.1587549953173768, -1.4385071549635826, -1.6395458763410853, -0.33446035889799997, -0.3007287130364707, 1.8928401248998399, -0.7300283609431525, 0.3708511116225512, -0.1542861416495382, 0.18164662796598485, 0.09065388595652386, 0.33142149722352987, -1.66172364949968, 0.7204970039238345, 0.19543264482345082, 0.9027123097005257, 0.49265839496054525, 0.5710480810557149, -0.24120589853723118, 0.162620209753773, -0.37999856705144125, -0.8178328677936311, -0.49025190112343114, -0.37878673244138467, -0.5122448408532426, -0.1509960615189389, -0.14803863094577516, -0.14140607127526303, -1.1786430162172281, -0.24039373972068975, 0.17833229973346684, -0.3226668392846965, 0.7618679830605581, 0.19929135573925533, 0.5448158459407197, 0.23019288878597008, -0.5102711569625348, -0.06168064964683933, 0.393565796497289]","[0.05462137311735571, 1.9554718609702237, 0.478425011346065, 0.2036065132442349, 0.9129185407196797, 0.4479347237577301, -1.6667222454389932, -0.7729386096571873, -0.2809160661678324, 0.33758001974397267, -0.6479013874519794, 1.0670170971896515, -0.31383783932525094, -0.2702011736192167, 0.25980872526799886, 0.4717438455740433, 0.7477693016518305, -0.11428867053380198, -0.2828985889136391, 1.0500646603347636, 0.3525647233715908, 0.38670045856846375, -0.087786062906421, 0.16072439021792095, 0.30544251917545373, 0.644012590406943, -0.2022194450808431, 0.40597975356054916, -0.3503123452534626, -0.1136593032281399, -0.24902599847597431, 0.7401637130041504, 0.3534503997628492, 0.6897741872625771, 0.3165428485394011, 0.3076559600450256, -0.5563292692126474, 0.09117418672065872, 0.2148782842366797, -0.20408801677704955]"
"[3.6803700614506365, 0.7749668502213768, 1.2098634503129422, 2.998358410670904, -0.7094536499134595, -1.4270834321472945, -1.1935473202351483, -1.515957474411585, -0.04990617286445771, -0.19792287851619225, -1.1272379778239443, 0.03531996153571299, 0.7676351805196169, -0.9685183041189456, -0.6338787327185973, 1.3981656746413729, 1.829421023830855, 0.7206042210095817, 0.44278601656481575, -0.15523228999611488, 1.227719042559233, -0.3351290251136889, -0.2506027934435235, -0.3548550416695894, 0.8057189283604279, 0.28065254390581085, -0.17696409052155462, 0.3974418187643716, -0.4123565794682, 0.259761351588968, 0.5813288270956164, -0.012396190864068636, -0.04805689223553113, -0.23031567875439762, -0.7661688997798063, 0.9685721174940728, 0.24984169705665085, 0.5032877357106742, 0.24492642653051294, 0.13996139055485204]","[-1.9718798401588256, -1.5118301885110539, 0.2526240059788417, -0.020442491234722082, -0.439112768333614, 0.8678774145674953, -0.38280169102601835, 0.6592468003058759, -0.8354852908999327, -0.2387670766954332, -0.04557866306276196, -0.6281132514302252, -0.9421470436751683, -0.2700472523813463, 0.3441186401867714, 0.8150062276365231, -0.6749865210166686, 1.009777784698352, -0.486961994282021, -0.5095059646222564, -1.1267164438899937, -0.006332295441228733, 0.472187388445969, 0.4984418759146308, -0.39163808945264317, -0.1790039564054325, -0.2120981861427295, -0.5478698131980606, -0.3645242994876116, 0.44800744944542736, -0.502893672172662, 0.03563186262854142, -0.5554319675928618, 0.49181028226220175, -0.1154823074226339, -0.1446623433693289, 0.6110052462816616, -0.11623628674711835, 0.043485394803397436, 0.26378566097147327]"
"[0.29800408242882587, -0.8323419075047507, 1.500826903352626, -3.6969702122617636, -0.2308280922167642, -0.6096996159798009, 0.5527379441736376, 0.778133269091967, 0.05802149779371448, 0.22289417002900644, -0.0056899299017997285, 0.5509535213261267, 1.7480335877219317, -0.33412279199045714, 0.3311167293179488, -0.7236865437888009, 0.02626874286431866, 1.403084802193803, 0.8682405203446621, -0.6775546005590708, 0.21797202400210636, 0.4646729335533449, -0.7604418995859688, -0.6340116302412374, 0.48060126812513326, 0.012304550471498022, -0.39473332289040153, -0.36508544052707187, 0.5196167302566879, -0.2541722483320531, 0.1778197794089481, -0.23513835481764137, 0.7030838976673195, -0.32755878484056805, 0.5697423107778911, 0.16000228137090733, 0.1104301173055184, -0.8460701465131194, 0.1873509241785915, 0.3742203363554928]","[-1.4189317197177802, 1.6066524702347236, 0.3793917425418412, -0.4944308644078531, 0.5527406794964497, 0.29677937700936585, 0.17345314340417692, -0.007337792680083863, 0.3141648667937248, -0.6087696288276965, -0.9480913197283902, -0.08277771363030782, 0.36596360632273195, -0.526575602330152, -0.7567463011872233, -0.2268734781732039, 0.1918803749939502, 0.5029366106903307, -0.8580925277569037, -1.290315497529212, 1.0400368431165854, -0.6272874605780357, -0.8992509670839601, -0.3981041925334399, -0.16693026263245903, 0.17310184404597267, 0.9094007439216903, 0.20553755317385355, 0.20155346516893566, -0.5313191799747499, 0.3029845393627229, -0.04418395045110651, 0.09396806429087562, -0.887376072147596, -0.4418333645814094, -0.13461841899999635, 1.06972555845938, 0.04267238984155285, -0.28311891079608514, 0.24256543493023053]"
"[-1.3890056965833413, -0.48749527714044044, 1.046388109497613, -0.2912006365908511, -2.8318775708278006, 0.7251768493151558, -0.34288416625964363, -1.0656395526246136, 1.2827299027940497, -1.6805410735246995, -0.41964207904327394, -2.1135459075755056, -0.4771290056970991, 0.9517088444675212, 0.7769189703702389, -0.2877448180268119, -0.1799841028200689, -0.5330565866521529, 0.027439456158504284, -0.8004306836641679, -0.0022876871476329597, 0.6867529439177276, 0.615350232199046, -0.23548649644834901, 0.40189400833175903, -0.36838334931532024, -0.22909379101930066, 0.2187942985677734, -1.2958399077161684, 0.16592098416594675, 1.3272609947381868, 0.22658606047531496, 0.2855968863821273, 0.07912997130956667, -0.17404560981604333, -0.5073811730273764, -0.10045306233620842, -0.28784965644868676, -1.2719583147651117, -0.23320222446804928]","[-0.30442593384021205, 0.9122698612445149, -0.19317711665150417, 1.6893047587099808, 1.005740713029445, 0.2546656643957282, -1.1954665446330506, 0.28032073113430495, 0.4771843682711578, 0.6396712243976608, 0.20051166542774101, -0.8404943541111459, -0.3905831404315889, -0.5509758552600652, -0.6216201033006802, -0.7843310275786627, 0.28862286074615506, -0.5002441691324152, -0.08144008338530202, -0.856894182282196, 0.6075237986943084, -0.9856054421221769, 0.35121848489114293, 0.9386577615439965, 1.4209401411549845, 0.6350579951578942, 0.7422054470596499, -0.2739183433265582, 0.06555663701490945, -0.38200892579076773, 0.8058474002480347, 0.33146089303129905, 0.7222404577172203, 0.06705486844049634, -0.829884562727611, -0.028379696391943196, 0.36676834695146415, 0.24669374950281997, -0.01588605472041302, 0.22562808798761483]"
"[5.622450767039594, 0.8017834119641308, 1.8339233011885587, 1.3919424599103445, 0.7997392536954716, -1.176405598212066, 0.909961449505441, 0.46903078371638496, -0.7552909555164092, -0.6506193873745499, -0.06139055982072243, -1.1019983322256481, -0.8172946174560005, -0.5177702529748336, -0.1938991866066009, 0.7496478960428945, 0.802923033233213, 1.8609494106031679, 0.7472616289156164, -0.8440397222583721, 0.9884391338437559, -0.081960559965632, 0.1818096246940935, 0.4942210660899766, 1.2811036295793836, -0.12180107206003161, -0.061739832866844827, 0.2788845394538972, -0.09044529736797272, 0.5841158256662112, 0.4187183828699423, 0.1093278246710476, 0.12116531891688438, -0.4716107448908201, -0.26080266250338474, 0.2114412856374388, -0.29113903768493476, 0.14910992398942188, 0.050559372575528, -0.05392860411519346]","[-1.1872673108978935, -2.1385123224470206, -0.26062924179365704, 0.485006762844197, 0.12490158910024712, 1.6371624863377041, -1.0450130275823781, -0.30303722083884127, -0.4393312805009677, 0.6972849929788659, -0.6622341941524664, -0.3505636754041363, 0.2735175343082792, 0.08681490492040692, -0.32965257450684493, 0.5184265492232283, -0.36978719647924474, 0.5085245423361573, -1.4170086708024432, 0.524507414049916, -0.2250454042011004, -0.10296666638870372, 1.054322397232059, 0.29967313830188386, -0.5418208278789806, -0.4958670039528472, -0.06430563295760221, 0.37860475184278264, -0.13392943106850733, 0.19650635576362693, -0.6146678784679058, 0.16027629139012672, 0.006062385292971409, 0.8062426433173187, -0.12862887237000187, -0.5018623423685517, 0.43327062738086036, -0.11368426737636807, 0.06519933424239731, 0.025571497900869117]"
"[-1.239631549299091, -2.0760933977601153, 0.1810643198350159, -0.5533893886145261, 0.2038990650871578, -0.2883769201353163, 1.6432289239871047, -0.5048939586602637, 1.4818569891508577, 0.41960856669048746, -0.5268177264028574, 0.9180081743202932, -0.2097481905978713, -0.16373654995789136, -1.1694099881076592, -0.9773997125846918, 1.2281438774931714, -0.35742969811995795, 1.463285252359754, -0.9525051202820468, -0.27571501622937333, 0.6559050011997042, 0.977662119181536, 0.6340234454885808, -0.3345109670880462, -0.42691486915517135, 0.4344378282466463, 0.2898802118745686, -0.06666643797445551, 0.16640889024692584, 0.03901187668500398, 0.33692181666957477, 0.6794857301951531, 0.40493419233318134, -0.9611522862444913, -0.8743193164582351, -0.3511788775008754, -0.26030089401910694, 0.35908061751405457, 0.9955655856094078]","[-0.24415615425783593, 0.6768835317919234, 2.457892366014859, -0.8178768637735554, -0.26172992365790854, 0.04599658650484385, 0.14406307813239932, -0.6841394165619359, -0.935554962899328, -0.595987296906299, -0.15560486490579375, -0.0948707625773641, -0.02680592112440374, -0.7394813746727024, 0.016242016037213085, -0.2626866215075057, -0.3216435604456906, -0.2208052358984226, -0.12778642613597854, -0.07748525739105322, 0.2573110035344654, 1.066020629267386, -0.033054429083373936, 0.03148980871265476, 0.17409578396329953, -0.766240290426185, 0.3474882185631655, 1.2367327876358145, 0.15155450986735022, 0.2272444062889087, 0.5044402362512657, -0.5459436567918842, 0.08172255027690387, -0.14873529998349008, -0.010591157994214848, -0.43208183496371555, -0.3016374305913831, -0.7015356342647973, -0.20572344748070379, -0.040678188364313056]"
"[-1.6756624033179166, 1.323692327101961, 0.33065655995975685, -0.21448309838044635, -0.3455394254356141, -0.37572657284737443, 0.7097099362114758, -0.4129367180791865, -0.25537023654514845, 0.17137337485461368, 0.7539918871448734, -0.015706196882317388, -1.682927559182587, 0.1430038191201343, 0.6409544145960708, 0.3614998215444207, -0.29047771425499663, -0.5780199340645599, 0.5550230270509342, 0.43717289151254224, 1.9799463199703833, 1.0063007121803182, -0.5673874569168476, 0.2477375101090057, -0.13266959922233734, 1.6161868069055525, 0.3984755698715448, 0.10197038137397718, 1.1102849644223272, -0.6316235753849548, 0.6098739803225233, -0.615349208348852, 0.43777309560230143, 0.6715236997576167, 0.7046828685238757, 0.9095247872923715, -0.5365245576286497, -0.5191063661291924, 0.20747282616509907, 0.00541013495588332]","[1.176377610128404, 1.0288259182966937, -0.3625374616451071, -0.5149356483156524, 0.4296696468626742, 0.7198935038311315, -0.23252019757154344, 0.023415948929033516, -0.9658461874501156, 0.881655374019007, -0.08044243187746228, 0.24662613059810773, -0.5532139853552202, -1.1857311448830758, 0.3759754079089068, -0.6186792999139866, -0.49077591882026533, -0.14748434753608344, -0.4195272904934838, 0.6892606273443492, -1.6376340264455558, -0.199018155198132, 0.3066805745411379, -0.16574299666600822, 0.3301171979353637, -0.7013509404189238, -0.1007270130552635, 0.0534318171787793, 0.2213792790081225, 0.3173634004059556, -0.32800604741912875, 0.010827921251937659, 0.2846460314103958, -0.297741892256446, 0.01877516255215492, -0.321746819994065, 0.6284752694253134, -0.025618671455525273, 1.398230450738913, 0.703517158014937]"
"[0.7861004598980786, 2.039734304586612, -2.891507225091058, -0.15859862900353022, 0.20326108408957666, -0.6348359769242542, -1.098918222750095, 1.0133180413363307, 2.0343827590040364, 0.41350239918342163, -1.410271586140472, -2.5566254763392426, 0.003408261883259453, 0.18706987118787152, -0.550768210029228, -0.010824314997283839, -0.24113871763289443, -0.20487881185657808, -0.025931366884802312, 0.9060998102813062, -0.2582952456914349, 0.05621426057131359, -0.5252777919941007, 1.629196281716014, -1.2116302053254968, -0.5063543838253873, 0.08252905630090415, 0.6410667467471436, -0.21833252929198405, -0.15184180634431932, -0.013114872476006276, -0.8276065729948949, 1.0569122161840563, -0.5305146202159043, 0.37515285824781913, -0.19266857274859678, -0.9004120891478675, -1.0982074082270703, 0.07833225824533287, 0.7844265896532786]","[-0.06084960738711913, 0.17386493407191042, -1.5330928696898065, -0.7039633879587234, -1.2849470631541084, 0.3330806033677774, -0.37757282209778337, 0.6991855066512798, 0.8398838238780734, 0.9909064030774303, -0.29431037166304336, -0.5453621320752947, -0.2337179824775469, 0.5000529884536198, 0.36374889195578186, -1.907968470029975, 0.5539388319509572, 0.08958844576532114, 0.49222940120237846, -0.7683885948844283, 0.5259174095344812, 0.7308955070038804, 0.3608357677026093, -0.02293872541316306, -1.6193314174207292, 0.3748499603510781, 0.6323429102107578, -0.17098976229093496, -0.20138195812323947, 0.09391515630465068, 0.07489702316627345, -0.6154443761104965, -0.05407230731480394, 0.23002639832651858, 1.2408709984381299, -0.45817672832058953, -0.06370573665074697, -0.06140512146864386, 0.07537552710066543, -0.05218047425839208]"
"[1.7808913513259519, 2.663739390954212, -0.7454388447441652, -3.2945690589127974, 0.010267279262955403, 0.3695390108190221, -0.24001688324905604, 0.7062171606573818, 0.15006334347203787, 0.6549565754114042, 0.5812939309069883, -0.03277008259164912, 0.6389609638510716, -0.5090547183550366, 0.3758103571126975, 1.2718213161330358, 0.1885050557417817, 0.5414828992292495, -0.19233902858507693, 0.6257860645236933, -0.6845488666191518, 0.6173329457894083, -0.4023999864474796, 0.062383084278469975, -0.46952984202479875, -1.111189016129759, 0.8138701032816578, -1.1604725275467949, -0.08208765591767536, 0.25992030988866516, -0.7438314241557801, -0.8754826666169692, 1.0426774130039818, -0.4972648641790763, -0.5031105224948555, -0.07508403345088839, 0.3875049491224849, -0.2311792127107783, -0.7961823026891208, 0.26049469204158077]","[-0.5967637893209538, 1.7373349391352302, -0.6504734128414201, -0.42407153080828436, -0.5603178836493966, -0.8742083477395339, -0.7758481968878534, 0.11063946930488217, -0.7240458421796796, -0.6318255423797682, -1.753472050033835, 1.0431885523072055, 0.04978195181427126, 0.6893883593131506, -0.6342622417593591, 0.0979127289399702, -1.024679918835737, 0.32202362383714883, 1.1445266710287245, 0.641056383546617, 0.7703985763980704, 0.26153553909313304, 0.28916089967582104, -0.16524113591422773, -0.6563830974564638, -1.026996353839616, -0.14078627449333508, -0.2947093554172908, 0.226125822827361, 0.027562895088938548, -0.12217305870364538, 0.6456053655144519, -0.0012164126609404183, -0.2800105497793863, 0.4485516079690518, -0.010506188011632367, 0.21561247796232058, -0.4665037045851737, 0.6461210049681664, -0.2577488517500169]"
"[-1.2647184687847177, -1.75321283779188, -2.2036817283128625, 0.5163815082870177, 0.5464843861912314, 0.04867208349565492, -0.009074221968524138, -1.0863534045016714, 1.2671133416666367, -0.9285807993348469, -1.3730941079934977, 0.2642549427644513, 0.7305376966701438, -2.161201192951659, 1.4666894495263911, -0.12568112307622553, 0.18658813482291214, 0.248920832224157, -1.1964261773969316, -0.5630954156267719, 0.27372714861619624, -0.09542593678459217, -0.14271963661212725, -0.5504851516474525, -0.1366576024757857, -0.326607966859541, 0.6861960067864574, 0.4452545193260831, -1.077962853769989, -0.22168826886632248, 0.18838560003159532, -0.4256495699595897, 0.007376805291216591, 0.31995773353932927, -0.4598976375627829, 0.5265960680074524, 0.3220166073237771, -0.36870169113944073, -0.44028639249743695, -0.41816341223321585]","[-0.8886881093617889, 0.7447201082308258, -0.4589950930999072, 0.0411269383737805, 0.00944289358177469, -0.27289218616931277, -0.21363667741738224, -0.908937387315275, 1.4191578334084438, -0.15693093275421743, 0.41774254952523077, 0.9364609403900737, -0.36766086297898365, 0.21508069255248732, -0.060083491989357564, -1.1107890140814438, -0.7850146171053942, 1.6760718922678084, 0.8477738152288479, 0.08940006402598089, -0.5227177639118414, -0.15433623284888467, -0.934971271711009, -0.6048042067784531, 0.562176025391702, -0.8692642449079948, -0.0075376373493698644, 0.03318911134786513, -0.8172652890678475, 1.4973015739390745, -0.23006702585932712, 0.4387490332915603, 0.08424113334010293, 0.14943786017408103, -0.3129439551308705, 0.24780080206872718, -0.5212934500526408, -0.5380936762003481, -0.1105982902386356, 0.8107581763762364]"
"[1.5952519243110372, -2.267370344667707, 0.631409166091355, -2.8009739854587195, -0.7766977333987543, -0.33441854960094775, -0.6637720606626775, 2.0564319396939794, 0.23230298433649074, 0.7635965298700292, 0.6182089022813321, 0.22528234420279739, 1.1652856107504979, -0.21922587158891788, -0.02834784775063228, -0.9482544003233833, 0.33680398304485687, -0.21808785558442267, 1.177115135621908, -0.004735304757813203, 0.3580284137968785, 0.1182622308173246, -0.23795090869571547, -0.5071035691795983, 1.147740295680715, 0.11728439068429412, 0.4843230562714918, -0.6792772485190847, -0.36471063042157686, -0.036523193208408876, 0.1786014829325046, -1.8874178920585787, 0.4661086137254281, -0.36778673713102444, 0.7142868659901775, -0.33028702879608757, 0.36648868023598125, -0.4575578234506792, -0.4304796128831509, -0.5302572434294032]","[-1.9917778779868478, 0.44475492743030104, 0.7061350067999147, -0.6893368124767797, -0.7018752878126081, -0.3568400572990816, -0.6065937451645834, 0.8705209726131407, 0.07166717924068938, 0.8567906574322113, 0.721669200441551, 1.6481899005389007, 0.005274231753968385, -0.2476952518549596, -0.8144957297823896, -1.4343824044046671, 1.4467614556271402, -0.43961818539243186, -0.6547481075739391, 0.6770183636167204, -0.5126649145560728, 0.5647135753011708, -0.4056147913873963, -0.34399067817966106, -0.016240435914491178, 0.6239594647317284, 0.4008495317083001, -0.4293114341829345, -0.20343851921570805, -0.02574515479395664, 0.3078997450167885, 0.0878395806687008, -0.052588330926355335, -0.5221500880126047, 0.02868163207125895, 0.1633925609504211, -0.32214561914679485, 0.33372236892552404, 0.23505263468298687, 0.07746139597656147]"
"[1.5229289848149867, -0.12906021417979194, -1.5698646301821408, -0.5873310730597057, 0.5981279565298144, 1.303017787020721, 1.0819131994491193, 0.09574708258368389, 0.7329804381230074, -1.657827133661373, 1.6716722573624174, 0.674732657877825, 1.1084806508072649, 0.5628463681644879, 1.3930946720210196, 0.5406315974125497, -0.10718083468903752, -1.585451046968015, 1.0989196328461663, -0.658626634435157, -0.017108040584127193, -0.2549271404094715, 0.7739795784447524, -0.018646132629467266, 0.10933691070988191, 1.1953529598523296, 1.2275375921210352, -0.50690861858127, -0.07206806036403898, -0.1724892096186738, 0.5308123361825753, 0.883565270909721, 0.4993327913449567, 0.5213116944154732, 0.4844823968724858, -0.7472531649500227, -0.03290986199936057, -0.4486575359011314, 0.4735832696083028, 1.5449379278557205]","[-0.1225589260481784, -0.39178492977888474, -1.9097144022504313, -2.042403062353383, -0.12231858561318072, -1.9586811357234304, 1.1186506493723125, 0.3456937073588019, -1.1774729252407343, 0.46994275627915355, 1.3606780402869025, 0.42552298063919974, -0.2016745424787388, -0.022614365448646558, 0.46892853829317094, 0.10322992244260636, 0.024925955348008313, -0.018778892389983738, -0.59248830785041, -0.6114703021754426, -0.044982016288126585, -0.03652570752459948, 1.0220159280931045, 0.13519310634169043, 0.6772280277060931, -0.04342945084061712, -0.10798793384377355, 0.06767034550171434, -0.041087663770417976, 0.0219992692137487, 0.21009055081447517, 0.1478842940712927, -0.3965084114131875, -0.2077241616624396, 0.0486760797935586, 0.06644491785297554, -0.035994601792870305, 0.07118970839215114, -0.41218574845306044, -0.3410388991904313]"
"[3.5084658258514767, -0.5790047162755804, 1.3856707394057142, 2.464506927250471, 0.1259966291960354, -2.7303763781698653, -0.30285179045839694, -0.7352344774406799, 0.06902746530918139, -0.5218753421956194, -0.188393328073254, -0.3822833361909275, 0.5974066518319838, -0.3830184975653164, 0.33818320373017247, 0.8008772963646235, 0.6937090564937946, -0.009009800679847507, -0.2355595112529741, -0.9261884784846548, 0.27824086914313395, 0.34705215625848856, 0.22717266077893886, -0.4556798410495485, -0.32149621799522465, -0.867909388052143, 0.20020344986960598, 0.8156623908038552, 0.6724671681198954, -0.787871956753606, 0.2542995488145317, 0.6670985577259813, 0.38320252494225554, -0.7619162080527463, 0.016249678056336783, -0.9711013273185751, 0.26476221564091923, -0.4744782567274123, -0.6701510408705342, 0.10088204812598034]","[-2.3768732197952436, -0.9199664637075224, 0.43743118093778083, 0.08811359896554928, 0.22147692482827172, 1.5487903726230454, 0.7988799665394568, -0.1181251600535151, 0.5538467824525908, -0.16734250477274346, 0.2375912246112239, -0.24009374926447805, 0.46168310929430667, -0.25760037648939, 0.12038461973061193, 0.23239483385801527, 0.4621113163696672, 0.26441068516636945, 0.16511146968223767, 0.6357293135695954, -0.46271328207289697, 0.8676817501663427, -0.1631371797238133, 1.010587659281196, -0.5483487849698251, -0.2676841966652874, 0.2537685485992937, -0.2816083231256798, 0.381367739580529, -0.4372022433015264, 0.5706007848546485, 0.4511933197145581, -0.19930274446425053, 0.17633737568976032, 0.2530995985889365, 0.30160088396102747, 0.04625745795675686, 0.36354040569809654, -0.5925719208555978, -0.687221134977556]"
"[2.745541214333038, 2.7695294403719157, -1.4180614222310526, 0.3344112113013014, -0.7988427772579836, 2.3468493590863084, -0.5846450795763847, 1.5367569295037362, 0.4526034357315448, 0.43906539117276006, -1.7494630782762133, -0.7904644014779495, -0.9583626953464531, -0.07500741056036003, 0.10656651751200363, 0.7905208270052689, 0.3624197856243585, -0.1598515590051876, 0.07521998262357159, -1.1314138171721257, -0.39219275185664426, -0.4044183079506038, -0.0857301129239052, -0.2128290666049546, -0.16668574534078653, 1.0573915095642732, 0.10904259015615908, -0.6984127396683858, 0.1635065933944766, -0.7228691879142716, 0.5834358661691463, 0.5782960631728735, 0.6030699989317537, -0.3934940591239708, -0.10504078431589833, 0.722795813160857, 0.08576223805252985, 0.3467192147157348, -1.5581426108769645, 0.4241118927954211]","[0.37906625515867365, -1.4062300573160882, -0.8552372943909752, -0.6493797711870424, -0.6343973950946801, -0.15123299633213763, -1.4229987494026561, -0.23148415651463802, 0.8101094567424312, -0.19281442722302874, -0.7160814714607359, 0.5281896338379549, -0.47030934874405195, -1.4730394818355321, -0.33137728838049335, -0.534133169052539, -0.742941950712163, -0.286055653980682, 0.17395534666631776, 0.3928929468214917, 0.2655760889474486, 0.6217272045471897, 0.06864274315879595, -0.40713735693780584, -0.3090403454018571, -0.3569879644982053, -0.5277874238509488, -0.38533760876270023, 0.043780029624768055, 0.54983688906088, 1.0592349220582702, -0.4866792290924429, -0.6915699793910778, 0.33958999232649506, -0.5346145444793883, -0.09692759590996768, -0.5285546261393007, 0.8956442811105733, -0.055986025988368486, 0.5517833849093836]"
"[-2.516420084978604, -0.8921609084181437, 0.8356098968993146, 0.9033356176301098, -0.16652948339324863, 1.8629980267859727, -1.4435508730605349, -1.0044632267516524, -1.4960184282709987, 0.6494929997812912, 0.6276732338030474, -0.7874351567696348, -1.0758332702707776, 0.9341052045110264, -1.5867065131740798, -0.06259935580426389, 1.0371605541345466, 0.530522450327906, -0.06889102254022418, 0.45448907920494536, -0.14680290992460593, 1.0421311726808784, -0.5769970958813609, 0.5865435135815258, -1.2369098271450512, -0.22648729682077454, 1.6955984077269732, 0.2289083495197017, -0.33708877371069623, 0.21040661059428337, -0.6879923794618257, -0.26411962248622195, 0.640313471518777, -0.7913674755223817, -0.2244120895866559, 0.12605136046938684, -0.8914150527038831, 1.05835358579273, -1.055239561845916, 0.6113333954613713]","[-0.6223117241126481, 0.6413394292379501, 1.572624858350777, 0.4756739085915816, 0.9436051551093049, -0.3895936965972311, 0.22753668632108312, 1.0719644440413811, 0.1685232904828021, 0.17174948164118858, 0.8339224043940855, -0.4838174433587688, 0.3169274427779662, -0.5512985817462431, 0.012957369190774731, 0.12675109097873752, 0.2808777963490748, 0.7386379472093627, 0.608736341761259, 1.3624587604165415, -0.09843964444053878, -0.17297377806157807, 0.08140181962732573, -0.7948385995614097, -0.8041303838314993, -0.4505356830713975, 0.09376279220382548, 0.3553440382800491, 0.329061978281934, 0.43372339125941267, 0.4988457743949476, -0.17943687143912115, -0.14494064893138528, -0.4001964524126156, -0.6765616312570226, -1.2489289800616694, 0.2529450449818465, 0.02555347280364736, 0.5537465172428236, -0.34362753582902056]"
"[2.6963078736272617, -2.9408717416618844, -0.12650786269219302, 0.13968122131666125, 0.5246406431132776, -1.333061781872675, 1.243272708084842, -1.4522768353679882, 0.8756124302521502, -0.7393394951641635, 0.9757146245014413, 0.48409053780643574, 0.15164767167410076, 0.13231805146767042, -0.3164844955796141, 0.1331172303004832, 0.3808871740633014, -0.9851201757583476, -0.42826716164760376, 0.30233898831732525, 0.18921893775094611, -1.404833221737597, -0.3152587598692567, -0.31559510243995575, -0.6063608406298383, -1.1799163523190963, 0.7857754671918071, -0.3054410898550168, 0.6213273533383014, -1.00287185323609, 0.24038209653257384, 0.6112038441136557, 0.20589508505070384, 0.014836765222775713, 0.44789879806489247, -0.6606020216157784, 0.7647683441273279, 0.11362733436320034, -1.1639525767031644, -0.2907609097795243]","[-2.3028691289546113, -0.49699278294860044, -0.014756898448452259, 0.5649225785949302, 0.5527493692672688, 1.214969674769206, -0.8005985310867181, -0.3610431590211825, -0.8001939579543924, 0.7174831866362665, 0.44363392193438606, 0.2672333097926526, 0.16729418919431274, 1.0321871599513677, 0.40228802450375395, 0.18321618969245507, 0.14174886781037976, 0.9397464318832636, 0.02999742442085433, -0.1421055485010579, -0.434659273249182, 1.2676800609259606, -1.0499295892365839, 0.7341808127578204, -0.05547594359948516, -0.08767780861837407, 0.692987179657756, 0.3705055185791198, 0.35438432357937044, -0.12564071853632214, 0.6054679796480663, -0.6344796874238686, 0.15560937960497695, -0.36774511299057855, 0.013818793566166741, -0.4804919037111048, -0.01780133831840002, 0.3553782502704707, -0.18443492916569548, -0.28714873745846725]"
"[0.866592566538197, -0.9924526552909985, 1.1801018562484589, 0.7480400086904889, 2.7259996998779394, 0.9367825325145409, -1.3359010935745508, -0.1012890765588738, 1.8158609478510963, -0.005854505326636418, -0.6601745129076196, 1.2540272852072694, 0.5302151618232378, -0.7291665715342098, -0.8715893678233475, 1.132114803601195, -0.1422897533012729, -1.011033234736427, -0.1284117915756844, 0.724538921594242, 1.4825110189325816, -0.714499459621622, -0.0679081446169878, -0.08739115158871837, -0.6309727087064593, 0.09084866502965488, -0.4159050543948615, 0.07096253340991467, -0.6828051654950151, -0.41387773877413864, 1.080581601151296, 0.4432619402611175, 1.0396647676750637, -0.1647548624883238, 1.1382598827995591, 0.4163035854077078, -0.12394423335027711, 0.09948798090463612, 0.6906250431414468, -0.8969121196069292]","[-0.9411588129342686, -0.7593013832074158, 0.4931721430147031, -0.49058087227585395, -0.6609331414715296, -0.6664042519604222, 0.8184909482198248, 0.2790485201548855, -0.1154075577983571, 0.3444627304678738, 0.5409720449927198, -0.12813147573585182, -0.146184228611451, 0.7491344096890035, 0.18797079033697775, -0.9510720059700528, -0.38370636835362004, 0.2204186859545421, -0.018503505657659892, 1.0766057252581012, -0.9529898190521998, -0.13551137051660653, 0.5262156097707815, 0.16400435101609792, 0.706978931167327, -0.4925002684310987, -0.13561940443953657, 0.946857608764158, -0.15241228661806522, -0.3438009599459681, -1.4397860713856265, 0.17439653071714478, 0.39815651153952225, -0.2489221096005257, -0.012285387281260612, -0.20455567368575406, -1.3593099867644423, 1.904554822241567e-05, 0.1888049925138165, -0.8073777376635711]"
"[-0.40385375510963906, -0.8798724318635677, 0.29873423536418314, -0.5878661199714523, -0.9307883868782678, -1.3007018489834399, -2.687730128582278, 0.39436640629427216, 1.6924393704996772, -0.31845904294601013, -0.8162485380880365, -1.2318242505143757, 0.2837455121785534, 1.3305120371896566, -1.7736957034986376, 0.2751059102235735, -1.6543267711791954, 1.2235766066632492, 0.465022555004207, -0.40483025028468533, -0.29847806116252745, -0.0571995867595611, -0.07704231507267871, -0.956391373928761, 0.6982175623297061, 0.9200865994350763, -1.8352230679088826, 0.14499842406526955, -0.04262278738971757, 0.14988494237626376, 0.6838198076657424, 0.6137728077581822, 0.33875544934082036, 0.3517613177064108, -0.07674391600922109, -1.2872551366041494, -0.7788709643375378, -1.2456196708703131, 0.25357859997283144, 0.07646017129137266]","[-1.4528353323085126, 0.8222773951357267, -0.47107389424537083, 0.2677753460150247, 0.11976827206105888, 0.47004108929567745, 1.979121278169501, 1.4793985324780337, 0.1703041281672667, -0.5582325440492262, -0.34108648721335627, 0.5740907380011392, -1.0585577044891978, 0.8605475049623942, -0.03019946491614566, 0.5871643531334874, -0.8644329336746075, -1.2850192209853548, -0.6196799604678047, -0.056149036621506956, -0.38569455731463353, -0.6492917058783766, -0.8487898548865821, 0.513869842904663, 0.2074492812136802, -0.03070249540397435, -0.7323073775240281, -0.7260009018991552, -0.09666505269216434, 0.2319935370405553, 0.4540314100093312, -0.4220837893057237, 0.6223236489876679, -0.011443272099285048, 0.7796376661787467, 0.04521380398076332, -0.5706474674376679, 0.03518961771001976, -0.0015280297603938182, 0.1612085489128754]"
"[-0.24379492468912242, 1.9465611081471195, -0.7524420806394873, -0.13661219053268495, 0.565798483863915, -1.5924303613544006, -1.7463515973512773, 0.9751796657546298, -0.43119986623124656, -1.0411948856972417, 0.051472289210059, 0.793978981106379, -0.4692045903118433, -1.1510983787058895, 0.45981240400444584, 0.1045459531738762, -0.3713891145631559, -0.0014713272751681983, -0.547702973375975, 0.5630072367920009, 0.32483910199824834, -1.3342481832217263, 1.1030750169957761, 1.2361152663944317, 0.5596534643931212, 0.6190912735179315, -0.5341821380363085, 0.4397655241400423, -1.2844207034760582, 0.5190180521738581, 0.1297893907299804, -0.4668564153897068, 0.9386894383340871, -0.5602208376080857, -0.06796657923288053, -0.17762926708622637, -0.05116659702094009, 0.3542306094816951, 0.0873078987292918, -0.39103937283099416]","[0.44899988524464735, -0.22115042236535395, -1.2809113354192623, -0.9579891053596378, -0.5563823266406416, -0.33012404534781603, -0.7453455735748218, 0.9546028121075787, -0.7600548520468807, 0.21945302889234397, -0.1861315147165574, -1.5428524427416688, 0.7997639206932231, 0.5036980314949957, 0.5169426986673396, -0.7542704635599418, -0.5399064851157281, 0.1938756518313536, 0.1085340369620986, 1.2203635133424835, 0.15733108992391565, 0.2934762349355285, -0.18677136752159335, -0.6727449248706757, 0.3861793998567296, 0.952141063087371, -0.6024543129513293, 1.1384660650565561, 0.05202613685376154, -0.9829435905729736, -0.8324081418624889, 0.3588933478890733, 0.5684105184122473, 0.10658292937685587, 0.2939943691550531, -0.407002011524528, -0.7305869569190693, -0.12697665454095142, 0.010994834190565959, -0.27859983812175965]"
"[-1.548931678050261, -0.8569396164581685, -0.49606891943867865, 0.6435294196376276, -2.0315492458691384, -0.23405790931611023, 1.9658112879560707, -0.3921338221682557, -0.7138376272645205, -0.3665959400923698, 1.868967160879611, 0.8609604930050532, 0.42467000834532576, -0.3631498004269979, -0.704203921815735, 1.1817853283035513, 0.3128362011373223, -0.5585812710670518, -0.3659370158044828, 0.2977200379181619, -1.030504397734486, -0.3294354364203479, -0.258359109700749, -0.19175822708770413, -1.0916441480849868, -0.8086399246511539, -1.1947323281772977, -0.47782410726216706, -0.3931487380741315, 0.8263470536496172, -0.3116565227644328, -0.04989521444266204, 0.12940043647811192, 0.31030822172773315, -0.17966763035551755, -0.11581307842027604, -0.272992128339045, 0.36425209369132855, -0.28702398891320646, 0.12251499254204122]","[0.5107765651962346, 0.4532514238575736, 0.04705597385147783, 0.29378721251242745, -0.7130854553541867, -0.5706543621948899, 0.13612882717332495, -0.5612012525776316, -1.4298586570608334, -0.8960400251624847, 0.002788903899287129, 0.05882077244912236, 0.4958036328773706, 0.38384576150088023, -0.15451369417045233, -0.2849662882332183, 0.7259071538253543, 0.7358774441909944, 0.9581608834393531, 0.5215599827382109, 0.5981471925983765, -1.19916229116491, -0.48323240011614754, 0.4197494290167989, -0.6898458005905506, -0.01920836712344692, 0.1784871230869038, -0.4169873835049539, 0.1153039371276751, -0.3271351703152875, 0.20646110593174835, -0.6673363777496844, -0.11659226215659078, -0.05127268301992478, -0.5096192090907875, 0.44935570525503193, -0.15307980816592212, -0.7043480291762474, 0.22528216303827825, 0.12183291039871591]"
"[-0.12790569053050063, 0.5756591706730572, -1.874461541400224, -1.5205186662169827, -0.057338634143821135, -0.05927036883719328, -0.34379358002308497, -0.8837910272032692, 0.5578500285143609, -0.9281062950061492, 0.22265934419399616, -0.8191242666933806, 0.6463065200766485, 1.6660945380338699, 0.8297706407187366, 1.4286297427166124, -0.5390455591980137, -0.14615646274571617, -1.4395770003510595, -0.22837916350019125, 0.021746544229751048, -0.1653779134085944, -0.1709771766781914, -0.0030509695534571336, 0.23550479488811066, -0.787535877520528, 1.3119530822516112, -1.1063746101800827, -0.5209104160191916, -0.16471328102157137, -0.9108058926715864, -0.04155444320979018, 0.07748301504877882, -0.13418659597343008, -0.1939627252364851, 0.7112739067205481, -0.4570053023854372, -0.665397303661671, -1.4640936255236814, 0.3502937168474531]","[-0.6573585996365373, 1.4486132944103571, -1.2600610311001816, -0.8444242675215583, 0.49190713577254036, -0.9078939304425708, -1.2395289134815104, 0.3010704387606442, -0.5140766131301272, 1.4205248924557878, 0.05993142426192958, -0.10639733464337806, 0.13543905409132628, 1.4507550344318279, 0.19243571508688975, -0.1681776789104259, 0.725799192985477, 0.4503899782393409, 0.36015276874645186, -1.4773636872789588, -0.1466480075063723, 0.4245422052698375, 0.5781988361304184, -1.1409082196354285, -1.1865280551006891, -0.17239219980354814, 0.18676925873757994, 0.2585126328687982, -0.775141866583167, 0.04006634769205712, 0.33353913615651076, 0.2950505042239642, -0.4673568170861149, -0.1199525781460167, 0.7371102887810652, -0.24107234034620448, -0.07764538986863755, -0.2413384099127596, -0.9445721925091837, -0.4242898846105164]"
"[-0.67987066944158, -2.1473498845959518, 0.5160686687346061, -0.8851517487917335, -0.4593552059367444, 1.0914372110721249, -2.1448577461858735, 0.8837410439672301, -1.8808389567830088, 0.7037995635838107, 0.9890821475537099, -0.2780914359915405, -0.7321365686259178, -0.88412665525876, -0.8421647768303819, -0.7729509204587848, 0.4636104472831343, 0.3716247837716771, 0.601074303512511, -0.28068072174939296, -0.1264008753356874, 0.55138039819925, -1.4701105213386645, -0.41751438590005685, 0.12327617184621723, 0.07205712672097377, 1.119952201382283, 0.1475821083562177, -0.4341305955214251, -0.28469429043558686, -0.003137182575502663, 0.8880382299049834, 0.4749280542366348, -0.08561227501170193, -0.3942725173009396, 0.003047036979977812, 0.16733427884234428, 0.004742576233049041, 0.962310322736848, -0.5865190352588645]","[2.3267924732915883, -1.0292533393947088, 0.4002242705608903, -0.795921503843708, 1.2506321764544472, -0.09824438429249835, -0.02419277674313599, 1.988858562631883, 0.5537072568155501, 0.728852652597135, -0.5486837705654812, 0.5549543127899682, 0.8272732105706266, 0.3642798467409484, -1.0546653539424848, 0.08675883637144144, 0.09706085923289966, 0.3226434449409563, -0.4964333294695073, 0.5658932340127939, -0.17897811028688626, -0.3788465131363876, -0.8296162727011948, -0.3568826879735925, -0.8872750341679597, -0.5454773768833748, -0.10105988394109239, 0.4711939976786761, 0.6524411299840567, 0.4203334949914439, 0.12067390147850438, 0.2102011574145777, 0.37621193471647807, -0.24650276603386895, -0.8099306630317322, -0.5378175799649804, -0.06362843797249475, 0.6282592413970821, -0.4628569964899289, -0.1475072985715184]"
"[-0.35685569002533124, -0.9171022621541671, 2.881592312660478, 0.9736810931972293, -3.087216328738096, 1.2989057254519498, 0.2337254331744891, 1.5736086372148665, -0.1260062333807416, -0.7110484737441497, -0.7261663854710477, -1.3899379025284926, -0.4228228561213873, 0.5336155364434279, 0.19211177131753326, -1.031343155072016, 1.2708281847665082, -0.556206361868336, 0.30974513531475995, -0.537847940812349, 0.9193010108106621, -0.5009711621883599, 0.30470520386291294, 0.7658420113888299, -0.19225516741328985, -0.0582667899847895, -0.9728265707937324, -0.1061407218351482, 1.103987332704077, 0.5479506143326239, 0.5179923823506772, -0.7664357004022935, 0.4113400478937033, -0.1108423029240814, 0.22251108570107037, 1.0848692727335847, 0.03909841184951592, -0.3850881496658673, 1.1109175479778057, 0.5185357013076829]","[0.39378826086075414, 0.16836544703967782, -0.07636999118551441, 2.1724108012848276, 1.0510238024254448, -0.03954107760915119, -0.5161663617249662, 0.15950350529102997, -0.3919063837653616, 0.660078826033878, 0.3581899342402429, -0.1698645015669057, -0.5072413156654771, -1.7404681054529723, -0.11371481937329438, -0.5516502746967877, 0.18657941529937344, -0.07651038130792397, -0.39954920996366, 0.7591506827838995, 0.09406024909290236, -0.03531974117014241, -0.004973497123666843, -0.4801689581999771, 0.2621809040222893, 0.021949004821531715, 0.1635627613109212, 0.22953276354498936, 0.16970160042491297, -0.2557544553581615, -0.05657267637067876, -0.3790435244385821, 0.2502211525135287, 0.477563699815831, 0.32231729238515017, 1.2521887948994055, -0.4588757618209112, 0.6200123779997528, 1.191311170955541, 0.05393948729615752]"
"[-1.3924076688607168, -1.2409095439147717, -1.0707388843296626, 1.0116835144240934, -0.6380496531807401, 2.0979581338626234, 0.11101453176048423, -0.4538722508132463, -1.382426098239131, 0.2684562400649503, 1.3250140531873018, 0.29320286817298113, 0.6222001076949834, 0.1752716446692159, -0.4482864652481107, 0.443313469556521, 0.1973551670806038, -0.3925783726415812, 0.10499017233241219, -0.12059014997767015, 0.5251235061671775, 0.6551297372057534, -0.9823014327510184, -0.09182064546252686, -0.05041893928587863, 0.13916540398228774, 0.9537655941201358, -1.3992765416130206, 0.721867693480505, 0.25689287873569916, 1.4446696677904358, 1.2021739489654724, 0.1779825411196819, -1.0215442241063053, 0.8895846540729595, -0.8214025372194751, -0.2078254093815852, 1.215776276589025, -0.05704004589970067, -0.32258708974035927]","[-0.2930228327987103, -0.905187810685215, 0.22358407716876816, 0.82502088836225, -0.6047005454928616, -1.0379391467245493, 0.2650685515534576, -0.6102970331021184, -1.0702353860832052, 0.517630339863245, 0.43477858455363916, 0.28034796133823686, 1.400841899265962, 0.3465025609284774, -1.055547285012072, -0.37176614747588155, -0.7039497191833612, -0.8605025168027335, -0.10852438398863781, -0.030587056993918497, -0.23587397259874432, -0.11939533729985405, -0.7667540225444324, -0.5497122397976766, 0.1500423091577455, 0.5113659885537382, 0.2402600782735937, 0.7787730859634627, -0.09232952860113924, 0.7050719392216485, 0.4741506378881451, -0.10884007412114671, 0.41271627586928694, 0.3257904204223467, -0.4163584209180454, -0.12409668018829265, 0.08711126003790715, 0.8304812354109666, -0.31790785853458275, 0.2593734538707113]"
"[-3.3481369665472616, -0.453802791016604, 0.9113918365711137, 1.6245282907588536, 1.3296632575141016, -0.4005488347862118, -0.044213410422479504, -0.3527118694840262, -0.768749377323955, 0.392959932270389, -0.8262275355474319, -0.72612720068498, -1.056018756434616, 0.021967878906481816, -1.2081267583261535, 0.4271448136672718, 0.5794679861363303, -0.5923021381230025, 0.6123289726861755, 0.29235582385074954, -0.479079990520435, 1.8183323361857713, 0.11227770545413869, -0.4214313266830975, 0.9193696535717332, 0.41091092135813084, -0.2589981463013001, 0.47804626480096857, -0.1642728171792048, -1.2395288386201904, -0.8006438691931571, 0.07490826774223945, 0.5294975614727566, -0.16293460845102906, -0.0610885698693209, -0.9596459689051525, -0.7342136801708, -1.2325465844827415, -0.8146222324616342, -0.17766538861589729]","[-0.01657774712691957, 1.5592344694370972, -0.3129628386049721, 0.9009736222635744, -0.16328830162273433, 0.2347518055204797, 1.1147858341781456, -0.4820511653068959, 0.9851354225233653, 0.09926805054862078, 1.2185300236847616, -0.421956089874501, 0.45942148550815526, -0.7357755297473919, 0.47509068985316644, 0.9873728910706367, -0.7915103153518916, -0.4909967808071127, -0.6445012665753133, 1.0150113479182838, -0.6499458456046024, -0.7177920851860119, 0.1276179509752032, -0.5593300675341022, -0.15944806792156915, -0.3750838519002054, 0.5582206727128629, -1.1902717616842873, 0.5351167882870245, 0.18009641767429335, -0.3233154849091608, -0.38911258529746595, 0.3633800767050293, -0.0945501184838985, 0.6216174441754638, 0.31992443384389513, 0.1853164742312671, 0.3534800026538522, 0.009916418137267404, 0.28305222140994746]"
"[-0.33630029639412806, -0.2841524181170574, 0.9288879820379242, -0.7577582822905782, 0.6333822159546669, 1.249293942443462, 1.1128308085267353, -0.8066456394505962, 0.8377618482297096, 0.8795690529266199, -0.886010612336605, 1.3066240780570701, -0.9132091204668211, -0.12289771442925247, -0.6041007657696477, -1.0159987769261776, 1.272324049052336, -1.7001009020812312, 0.36779493985967904, 0.30479805738260196, -0.8664661260273289, 0.22474791636021052, -0.3572968086985852, -0.316286118064706, -0.34301969464998944, -0.9669531109897214, -0.5553139857323887, -0.5490905559474072, 0.38159625533802655, 1.1058088252793448, -0.7554068404559594, -1.04504417757143, 0.4365096919874438, 0.8738597212544781, -0.14815493939040555, -0.12406930853237552, -0.03876730938480988, 0.4098796068404656, -0.0014926084451190476, -0.2707265331997062]","[-1.6591576937796353, 1.5511702520057158, 1.8553209826772297, -1.0364133772336495, 0.011890304281160316, -0.4049278218859924, -0.6677566798519866, -0.12267074189337945, -0.09430921550961212, -0.9972565796129771, 0.11347522640217808, 0.09310154373003152, 0.6487677004450279, 0.43201648697365086, 0.20819482475715886, -0.04679385335395249, 0.1817555493640529, 0.12238291097582828, -0.0973973022184714, -1.0146363442144508, 0.7397407431007468, -0.24865770262556808, -0.6737090964210734, 0.24826011964238817, 0.06604090653221481, -0.09433159269432807, -0.05380806111598387, -0.4794878727170285, 0.09880623451467245, 0.31205107222040784, -0.41480259637456246, 0.3227836097321277, 0.7508363941473716, 0.2953902727837356, -0.7186129131941369, 0.12113177162430792, -0.1067402165406239, 0.4550167531121075, 0.3989726170419608, -0.1439660018548372]"
"[-2.881175729298734, 0.34483869351445084, -0.22483910539192953, 0.9921935398451183, 0.8479168277759165, -0.422474077396588, 0.8471075545959316, -1.021773577390252, -0.5184291632649163, 1.2560265531575745, 0.07925208863514058, -1.549111032830948, 0.01163364288096505, 0.6025438476296887, -1.9711024050542312, 0.41812550447305563, 0.14175480250620204, -0.07689858532753334, 1.0776502120127283, 0.562467765737913, 0.8945600803281686, -0.10282584705243145, 0.8323295537045872, -0.5918430326178805, 0.33893161158510354, -0.5992869897071509, 0.6666324080646561, -0.13942657409367157, -0.7343384337713795, -0.07927905527567256, -0.07406600477390862, 0.036229154330432514, 0.64498154342344, 0.10884640028199448, -0.6871404769937866, -0.06274608950355812, 0.4561927131396073, -0.42387332085634744, 0.14709561555226813, -0.014878630906386078]","[0.9304283316242353, 0.31100472225852727, -0.751024580058917, 0.08980951740648092, 0.4185342091108572, -0.7686223117626781, 0.9541460947516479, -1.4295734355484815, 0.5271526300702541, 0.40293163839492435, 0.3545581995610721, -0.4030116907749577, 0.6258796711127733, 0.47449039143088273, -0.24408158681747277, 0.16707884451944324, 0.20291038129603897, -0.4584705086622015, -0.700306240817357, 0.410653708263413, 0.13750654979324042, 0.7822843666829566, -0.2901863836720848, -1.384078307883855, -0.5011051404076641, -0.16980190501860212, 0.012312444001921316, -1.4300326343507201, 0.8248218636840196, -0.10208843157603896, -0.14973369160445427, -0.3543351659376458, 0.5791956426108286, 0.15268515053109227, -0.5217299764844506, -0.45176975351563947, 0.12215307424961512, -0.6493327740729281, -0.1469205426200033, -0.19966732829785044]"
"[-1.1454171706737397, -0.033204789241841594, -3.3409859119869814, 1.1900356876785023, 1.3327228074101745, -1.010523382999712, -0.0910261180998578, 1.023170674967609, 0.06577296230865565, -1.8045859789290863, 0.7409773627239188, -1.5962885499884631, -0.1062187719850486, 0.6433626424211497, -0.42113058617207216, -0.7159856589698326, -0.9496941675847604, -0.6166756484002949, 0.6018649559468785, 1.3506895303985185, -0.12223614870216087, -0.3114437602349826, -1.0440054695508942, 1.0392227864987345, -0.5382564874187795, -0.3281721934823939, -0.1439015528558412, 0.6013530531054632, 0.007970362049178059, 0.14344430118263324, -0.1863385167298909, -0.32979540544497393, 0.6319427467874121, 0.2090092424304369, -0.6688437982420626, 0.17750537890612647, 0.5567627148691856, 0.23900915373946743, -0.30279890363454964, -0.7462059022902832]","[0.4952905587315007, -0.0221019313889961, -0.20722784585575132, 0.010943363819934486, -1.1617300538625774, -0.6264621881464499, 0.8464089919993261, 1.0206744252908921, -0.5640949926108239, 1.7779802299070515, 0.10854877847344069, -0.30298764729147226, 1.8375154205940138, -0.7556217609539299, -0.07858968281759164, -0.1339779234329712, -1.0996584480227398, 0.44616666259923593, 0.08904098389536551, -0.2576556399299814, 0.12957280718500075, 0.44331074298093426, 0.2542248461636447, -0.6169359168196563, 0.022876900463129308, 0.43112422370003894, -0.28951336245431036, 0.2476040696198624, -0.6064110246123993, 0.9261601277662783, 0.348627617175819, -0.3027981996420332, 1.2452381581579712, 0.5851920616393205, -0.9075080705306552, 0.3661596845924414, 0.6972385255161787, -0.4190144553918356, 0.03543811090229781, -0.8111952455701487]"
"[3.1865109664698874, 2.1463063399627846, 0.7841731669576177, 1.191066841845467, 0.38077242152184965, 0.20104834490174295, -0.3877864834109154, -0.32667401561856163, -1.2168321593949754, 0.21826306766644818, -1.1779496652160446, 0.27742270501315325, 0.9547083720655033, 0.064331226803389, -0.29282843428866945, 0.14781955516337245, -0.40024562641219463, -0.8056041464449065, 0.1400053479194677, -0.43150214707625884, -0.5871860954716581, -0.41534168264981686, 0.5643570500426632, 0.29435530271826316, -0.4966764393265719, 0.08934656732232832, -0.23202381156824156, 0.5656710943815851, 0.22323775495010686, 0.19887742655147644, 0.4562222204090123, -0.3268467455805238, 0.22448479343743286, 0.0796219005868747, -0.9298121646061441, 0.34400615362922277, -0.02367299852561339, -0.3541842168056749, -0.12340739204054449, 0.5709590838046213]","[-1.5656227255846584, -0.11533138927547736, -1.1261572427794415, -0.11492136310470129, 1.1063169636433496, 1.2748319595856041, 0.4178126667040055, -0.42825964251343374, -0.4652682612188469, 0.034708404827932055, -0.5425924977924016, -1.1454012044718105, 0.3748090811358538, 0.11233173731873379, 0.4241242912164151, 0.07409145323704248, -0.2763387204513198, -0.2869099732899381, -0.363600914039927, -0.13127345468628265, -0.5142894697902055, 0.02703746648009727, 0.09430772655332774, 0.3061484063893971, -0.3890966668677956, -0.1986028972270054, -0.26183067292555773, -0.2637408060181611, 0.5218993115828402, 0.007035311792435264, 0.21426035945756897, 0.699680344494791, 0.2936701732571658, -0.19879555761276024, -0.4699395043542677, 0.753978349084911, -0.26545399907880257, -0.6570748041659695, 0.43348554225053965, -0.3732757436609807]"
"[-0.6479155014767212, 1.7758756872643078, 3.2390000673233232, -1.8102181755748796, 1.5400912754965677, 0.0013995201101897636, 0.40734627404659496, -0.6185635496851195, 1.7641794614582755, 0.8827446479670656, 1.0315488915791289, 0.8544342581312585, -0.09991861134284812, 0.9284304499887244, 0.05529316842138271, 0.4178660062939854, -0.7768013930092387, -0.9887229268585301, 0.08424383912911293, -0.4195379221677255, 0.6694532409429066, -0.38145151464880706, -0.22615319548760987, 0.9119059916050016, 0.19315790646406153, -0.21015096070009714, 1.1897145683148191, -0.5221243732425129, 0.49478911543839615, -0.02775583995152385, 0.01820547748685894, -0.22806996367047502, -0.8004910707985854, -0.2539103329834627, -0.053958758637912066, 0.5494038772659172, -0.023520440788064156, 0.6216750876350817, 0.7626272937293117, -0.741818392694259]","[-1.140230853978401, 2.397824337706241, -0.24319260963969866, -1.152099617666547, 0.26759952971798356, -0.003653687430091314, -0.04312014884428436, -0.5023493817137294, -0.2761731585329211, -0.11774802755058102, 0.7064216839094243, 0.9213521905572699, 0.47285140779109264, 0.3907488311363302, -0.07950764906882403, -0.022644564384197152, 1.1347499243536587, 0.83889884872326, 0.1869575882695503, -0.29184906953761963, 0.3677976863622765, 0.4666023104398057, 0.37254636942197666, 0.6281704666769733, -1.2528481948784533, 0.6361957183585578, -0.08920002925294648, 0.11289081361949449, -0.5728850916810339, 0.0404657615058343, 0.04419699896577898, -0.1277350531898334, 0.10500714058612821, -0.6770877499973148, -0.42796287823952855, 0.4858729062966037, 0.11811503543104168, 0.04329037010170863, -0.006492950251651784, -0.02118252954140038]"
"[-1.321342935465865, 1.9789074707584313, 0.303884545517823, -0.5242145465720391, -0.6907700248945119, -0.6477952536305843, -2.504894705531314, -1.5497732791917376, -0.14964875450380888, 0.4597370226598129, 0.35161589631153384, 0.34159725638628013, -1.767345425804072, -1.7281095632232866, -0.5779306904324097, 0.3887311895115698, -0.5865993455573919, 1.1838633985247204, 1.8839190788375642, 0.630230750025483, 0.35394366663615234, 0.7372505729053731, 0.7646814579889416, -0.3547249958074563, 0.25179154829229444, 0.25145724718865964, 0.627205244019961, 0.29709616194688493, 0.4967626334157095, -0.9333199414044863, 0.4623458487211002, -0.2841746752325682, 0.2199819188937071, -0.7605984392503172, 0.1574273714983316, 0.3830837701288117, 0.31101285170041837, 0.7271863346885442, 0.11543611384957242, 0.5901210735189357]","[1.6922633423970082, -0.3390908923748595, 0.7091449422176744, 0.9128875520800923, 0.37065768146555717, 1.189841675013949, 0.6628115577066604, -0.16756335265243313, 0.199238834921094, -0.5113201126509941, 0.03922502359021104, -1.5442522228218776, 0.30985572364226716, -0.17503207112381827, -0.155058831069125, 0.16112092989883695, 0.13373294149260215, -0.7493048618390593, 0.37072768276552637, 0.45782070948448356, -0.3298425634723399, 0.5507071484353689, -0.023356094084606902, -0.6687484581992326, -0.09836176717225902, -0.9965876216683847, 0.3520117068140785, -0.04497808934269542, -0.8973008382709541, 0.39416040380843664, -0.27034010157492216, 0.15207717273845983, 0.1108069221492805, -0.27253764324551405, -0.12619713399454918, -0.22706264467079346, -0.7876730056329075, 0.6083843212778063, 0.48267925277623874, -0.4556064964003607]"
"[4.774048646836502, -1.055781108187065, -0.13469865044485707, 1.3949025310374914, -0.9193123592928002, -1.739057745120489, 1.5111699318553924, -0.8918651691535147, -0.898878955361089, 0.6976003090388553, 0.15802739924159404, -0.5352568759491186, -0.16817117855117752, -0.4469979049045732, 0.013891080445089996, -0.07848569992508625, 0.3497577443840125, 0.584298746994842, 0.18404676416441418, 0.07241593593574702, -0.3120480401175165, -0.7782884083226246, -0.015006325433474294, 0.4338392467742246, 0.5896925794353706, -0.21923967943937397, 0.045302633812876324, 0.10259424377939479, -0.43860337097069085, 0.8409669229089916, 0.6941962252129789, 0.33385557745818806, 0.028772521292720375, -0.21679042438071255, 0.17848722444584927, 0.207960786573661, -0.6852486872298225, 0.33816934708286756, 0.7303511561235374, -0.08128562154460464]","[-0.7137853684013592, -1.9946425378338077, 0.8861252538115163, 0.33854044724460325, 1.0001904501531673, 0.6813909711223599, 0.9739296959863611, 0.69136492732661, -1.255686764564195, -0.4325908684615061, -0.41575628683001925, -1.0015973413905506, 0.5880443783704801, -0.6565542889814769, 0.06448143195755784, 0.09452970286857659, 0.19968541156408418, 0.8118751692814261, -0.9769462576342764, -0.269728421398584, 0.17408289691418535, -0.569757721287817, 1.079501736645372, -0.17045220356152677, -0.05200559072896401, -0.28926983245579124, -0.062387158700879033, 0.17352643569167023, -0.16854941061829382, 0.5429018297525527, -0.2389376234527384, 0.6924993018637013, 0.22250601530766687, 0.22367125884571684, -0.13202811761627764, -0.1370384788199908, -0.2534523740718987, -0.17714909418049873, -0.04107719833583836, -0.1620792219337434]"
"[0.33689069106973346, -1.8597417177233413, 0.1456150682293232, -0.2719873867002242, -1.8510533435875487, 2.8375542953884523, -0.9599714189168974, 0.6337203877182732, 0.8943587432899515, 0.35927351844972416, 0.055501888514666475, 0.534151892171548, 0.9533908203643744, -0.2395478686348556, 0.6855614094138657, 1.3739381252303027, -0.793769764651316, 0.10749204150402442, -0.198900120533061, 0.48335072082678016, 1.0516795676666226, 0.40995862746388717, 0.11585667395980775, -0.300118740297042, 0.3109369228139783, -0.8451244673691891, 1.2716921562007666, 1.1330317253372915, -0.28522843996442615, 0.0892201390880716, 0.11110820091219986, -0.5380858999056451, 0.6698426582492962, -0.7076839685094515, 0.3001253462724729, -0.908597260765616, -0.5255143454093005, 0.8012296978551666, -0.9295109369894282, 0.12867548143723265]","[0.45031268323530826, 0.03286566695573552, 0.11233322228513125, 1.5462040334793739, 1.0773738971770903, -1.3438442409024305, -0.6227586705996256, 1.9343401700473306, 1.1765235299539674, -0.9405737507808262, 0.5345942799073918, 0.638462982419265, -0.20739101794725406, 0.49391418617012806, 0.47365975257294707, -0.13228908800683922, -0.6331250566420727, 0.5977967113581233, -0.4505118605373758, 0.4416050375962279, 0.10990537706330013, -0.19051071419359064, 0.6372504747422768, 0.7040216550969584, 0.3043238974208055, 0.06796548146806128, 0.7246182824539574, -0.15179441396073434, 0.8844666459297545, 0.597275136585028, 0.5141363260329121, -0.029612918264154686, -0.7308968075813668, -0.4897473630572447, -0.9280684202661844, -0.4870532094754619, 0.004334731718884482, -0.3254245491831005, -0.31795172163794716, -0.3179090874534578]"
"[-0.4644495790758427, -0.7621673048754628, 0.5831562899612884, -0.9601917115278389, -1.186567201686992, -3.2680172280456214, -1.1951112810146962, -0.44012652833944416, -0.8062362118567449, 0.09184092369703083, -1.2155018188858988, 0.32538675885893614, -0.7456612941959043, 0.8286263148687854, -1.4763291046754057, 0.5900724723579759, 0.08568046653264479, 0.3923604377258458, 0.09018901436594591, 0.7435843987376883, 0.7671559461936838, -1.3159498601710629, 0.8646337053439211, -0.9369285612121672, -0.6848750647563755, 0.8688279862098165, 0.17447417307934335, -0.45888922593576814, 0.6818369757454504, -0.10312279025833009, -0.21949080843894156, -0.06669781997619441, -0.517242915421914, -0.5305025251069896, 1.702932749531766, -0.16243000446317257, 0.3441604110750523, 0.45857458254079847, -0.45508671637088144, 0.05272312262329894]","[1.2272736861123525, -0.7781494209134225, 2.012772335857477, -0.0017032804067039931, 0.2713261061521628, 0.4819496540305749, 0.7080767619119327, 0.012991874997289612, -1.227534777590589, 0.5238854117880166, 0.024968675239817672, -1.6885266604694893, -0.5312207606830311, -0.006144216504548809, 0.7819125054577482, -0.5345192931513593, -0.39163212681817766, -0.9663888443722772, 0.23787183581192076, -0.0881085500300997, -0.9456571558101449, 0.9500861828205074, -0.6651919454061787, 0.1209187878285345, 0.2915266488090963, 0.5979076925031024, -0.19605172636935533, -0.40617873459760406, -0.4812429279444526, 0.10056708346507018, 0.9712007983630913, 0.3219147211466901, -0.305161905819282, -0.24454625531224722, 0.7350492105352951, -0.10268719579026654, -0.45953984427442646, -0.5100224807896536, 0.0439002009674781, -0.15225539040491626]"
"[-0.04132150554897879, -1.742833084935135, 2.312959745400714, -0.3205012139785283, 2.1538968360847632, 0.3091667061799633, 0.10799030625909824, -0.1266803092864779, -0.01326437783251068, 0.801748379439204, -0.6584353933308567, 0.12438812524765437, -2.1910007190157677, 0.5805229892997547, -0.7883875299902012, -0.43997296041191636, 1.1167740892319735, -1.1622679509197522, 0.07878396083007148, -0.05821172517367867, -0.3206294205629346, -0.4632094490023931, 0.5690219618763673, 0.45313282826369344, -0.8753348574909385, 0.46596393431230954, 0.3419488233389638, -0.5842485172216925, -0.2213573499824199, 0.3806060663727052, -0.3775699123643275, -0.1791319036886204, -0.8896723380473293, 0.03937525790695167, 0.11830344360308716, -0.6600641842855383, 0.00975454690709209, -0.015861983872173878, -0.3965433915012323, -0.24991396396244284]","[0.40648436524902953, 0.26850089162467355, 2.0565289874646346, -0.9938828666161977, -0.4246247219654993, -1.0756074613368776, -0.7352412915984163, -0.9155367017003533, -0.06242455360200684, -0.45171477062367765, 0.36631692824742457, -1.1647393470663505, -0.9330754969083725, 0.8375973142778337, 0.20107083679794766, 0.7904401388192528, 0.7713950147329397, 0.904451160097728, 0.19068622814367797, 0.7276465426166238, 0.21459100589330524, 0.7395353198999998, -0.28936571514022663, 0.8502313630855619, -1.0231141073036887, 0.8201088290295703, -0.18552546306252649, -0.03073885939422938, 0.26225951995507424, -0.03286376470865358, -0.19298610546226863, -0.01863906149495653, 1.015302809677171, 0.20933835827930977, 0.013335982249284905, -0.19461546484083977, 0.8024092029416668, 0.4189793130287567, 0.975932339544079, -0.39450806051915965]"
"[-1.5343583884571645, 1.307037390688743, -0.35922356171296693, 1.808532699198045, -0.43822794583315994, -0.6339163453421066, 1.0519764757599606, 1.5393340869942593, -0.4476731080944286, 1.2740059411505313, 0.9886765585445245, 0.7319595284474136, -0.36784107841269037, -0.6730395419519379, -0.14812765926429314, 0.16920631296517644, 0.3645418115364228, 0.16166606849064952, -1.2352723178651257, -0.42134997851720335, -0.14577747521331397, 0.172539539653753, -0.3181490170595537, 0.891858086679832, -1.1250520968689977, 0.8589390130621087, 0.505936648672727, 0.9657111320791911, 0.39835771219095684, -0.27492917079551754, 1.2653766945292397, 0.3399640251248787, -0.24277677788108867, 0.08957225221618396, 0.6732704826243768, -0.5627818081158673, -0.09466954800542571, -0.6636091400628156, -0.14522043796817077, 0.14610396541790882]","[-0.42942536374515905, -0.1993249680143412, -0.45539270474169574, 1.0367648775834886, -1.7225791383042643, 0.2685228202007223, -0.9341508409940699, -0.31072116402887123, 1.3206962634550719, -0.08480053337643441, -1.2519947835125547, -1.0275871268456345, 0.29996109075316446, 0.435794217306698, -0.02570000843261788, 0.7603767284910546, 1.3492053637963448, -0.490887294160673, -0.6885390035571826, 0.9205114431896951, 0.6550610073329368, -0.24877968983176413, -0.40127869505976616, 0.09815617934004443, 0.4215573778193339, 0.2080830428716833, -0.037374993907625796, 0.3722179725737866, 0.24678928274197573, 0.39123978118513786, 0.17865059808525507, 0.18065916990157233, -0.01504378777962276, -0.3429143711311721, 0.5021719669264308, -0.3894131798687491, 0.3942846031575311, 0.07538030573655236, 0.5825511029229802, -0.23016740209931613]"
"[0.11666943740512464, -1.5940353450449711, -1.4892361818782656, -1.209244789329057, -0.21372120425449015, -1.8339065729204138, 1.0415590055944675, -1.3677709480080904, 0.5285228722731727, -0.3181452764542233, 1.5154528751798775, -1.0685103082753746, 0.4986708155624443, -0.8227466269967884, -0.7140727907933639, -0.27785802674346466, 0.5597912179976866, -1.8873465583181728, 0.24994280163370564, -0.11159537962623178, 0.2415423523799801, -0.32695417643573615, 1.2061566546874383, -0.5434176707117521, 0.8572030587454166, 0.6812875528447584, 0.11944975079642149, -0.3059561100860134, 0.38828969180295825, 0.4222731529924735, -0.6138973759334455, 0.5374052984891258, -0.2551754863882475, -1.1967755649962484, 1.717389943684742, -0.7641179154850959, 0.4199343519682746, -0.15490637167154225, -0.1555315504142398, 0.8264641399503602]","[-1.654965494648337, 0.5268556911029181, 0.6168862466966922, -0.002333784314375838, 0.28418506897942886, 0.21670353561929348, 1.3751318273296902, -1.1530120128968437, -0.15839036531791525, -0.11001129060402241, 0.4749689324095353, -0.41152946731115114, -0.17685197753488024, -0.7599984040519708, -1.2508861656723245, 0.061304712267938016, 0.14496351895732854, -0.23410080498181166, 0.9871312548367379, 1.0989354026474774, -0.9987613386297601, 0.9455009463567108, -0.8290391903538411, 0.9648024560957106, -0.23560183495374903, 1.0202564938335725, -0.48110801903723327, 0.04404439970145418, -0.0161874756973541, 0.5242058417563755, 0.5906643973048802, 0.39089907433604104, -0.5153956736984067, 0.10724169085614062, 0.14540755612692907, -0.3546047411515607, -0.3094397397348982, 0.5459228119978001, -0.33803472847890825, -0.011572967424866487]"
"[-2.5806863452259283, 1.9369456442502473, 2.339367356140897, 0.6064975661474423, -1.2992161843622525, -1.157948787206124, 0.9192816627239782, 0.2776911016104334, -0.689170704397831, 0.9703859208883824, 0.3713381571310256, 1.2088088703527042, 0.5457373209574867, -0.8957219462955838, -2.090592784677589, 0.5516801849134164, -0.01505198402684375, 0.5587125737344066, -1.1299519894704595, 0.46802823148318157, -0.4030894499803831, 0.08916885393081722, 0.15549903276594867, 0.00017822557361813537, 0.09764975329157154, 0.8588476236343581, 0.4406156440165985, -0.06362675349606883, -0.03219575711993989, -0.7608625503349438, 0.5392275661454354, 0.5600797705453168, -0.7750527983662364, 0.5359840117054132, -0.19400615812919092, 0.8423372426682818, -0.42969333046766517, 0.030328200976977374, -0.9561173950059202, 0.3203861035240068]","[2.608006884961912, 0.5167641541891341, -0.2649911265053971, 1.3605488404052066, 0.6650499122263398, -0.34803922358516776, 0.3729330084202461, -0.3668057676943959, -0.298024686273796, -0.18614489040022494, -0.08952176916163879, 0.7295051434181082, 0.29741730075927086, -0.2664831724322036, -0.4911188510155402, -0.165139069208181, 0.06819018785494524, -0.9515903814135909, -1.1078707831983818, -0.046182525267746286, -0.6304380133015034, 0.5360271856028929, 0.6233066924159832, -0.6971255194118311, 0.3139175991843098, -0.3640028024482666, -0.3344926837856024, -0.4728754834245467, -0.61509133898821, 0.3932124838047538, -0.24618987284336222, -0.3222090339760312, 0.3784202493565537, 0.21186914475176613, -0.045848456677419616, 1.0393482635610478, 0.9938241450126573, -0.9162146987179746, -0.33849686074920476, -0.37831188839990326]"
"[0.698913865981867, 2.0063287469741087, 0.7899911732545166, -1.7622475532428306, 1.6029789576122055, -0.7882119582163984, 0.42119370326593, -0.44216077533432496, 0.13583008335682956, 0.4037261272002868, 1.3293950741074387, 0.5643717229232796, -1.6717838893206363, 1.067300688629308, 0.23702673649207837, -0.9855315809079247, -0.004089202388465947, -1.359549860079826, 0.3034368915442386, -2.050593494304923, 0.23862205892436741, -0.22878447159945092, -0.6264131629619821, 0.6512592301446559, 0.18494839211268738, -0.2786752477121532, 0.5441781570417722, 1.6260593119148246, 0.613366793012067, -0.20775296621513425, 0.4322958956914017, -0.4618167458923684, 0.01758625483642464, 0.09705507737691044, 0.6674284388483425, -0.1871537875078978, -0.09994649949182953, 0.08865007190247101, 0.3741944927819783, -0.8953487743105315]","[0.12829335250501941, 1.3095869172079506, -0.04413861590096867, -1.679294695278472, 0.352112657650912, 1.2817183802784047, 0.0013180810749161321, 0.3323605636976097, -0.5385497941395392, -0.009264929121024423, -0.09394026728168689, 1.4867829721498937, 0.49553654837246336, 0.00048109457165923937, 0.3805256461615835, -0.2951328391209103, 1.0895146745510131, -0.5942759981829524, 0.2047594077682022, -0.37828517979464277, -0.31171724152993, 0.6612027331534128, 1.0649014673158421, 0.23397369032558885, -0.5746459193029634, -0.2360505384610062, -0.7187064329290256, 0.14575496341843427, -0.3864723083968729, -0.0053897836506551, 0.0241307404936416, -0.6418147316123533, -0.05026969616141092, -0.3901572145744336, -0.53036614273073, -0.432653665120195, -0.29842600213009096, 0.26094666448847936, 0.48827759589637454, 0.22724865324972035]"
"[-0.7813937233912005, 2.0742490842351464, -1.1534249599872892, 0.9448215248827124, -0.46879205182127576, -0.7892872812609678, 0.9986200227602526, 1.4258548552806312, -0.322713690881219, -0.601729342440775, 0.303216089573649, -0.9730267078030481, 0.6312382590775882, -1.26538412375402, -0.9804308105207492, 1.2602549049563938, -0.9706891924770034, -0.7921980590436329, -0.2667635375328279, 1.2487560252892682, 0.38267820779369155, -0.3656725874779934, -1.9964568134561105, 0.21576857250079381, -0.7002391593958985, 0.043427197537463255, -0.28533632745879295, -0.2110214744233016, 0.8077324557555832, 1.1403080175733702, 0.6303763324886701, 0.7945339372621008, 0.2913077500532375, 0.847411267580706, -0.6533368813372697, -0.02635717454224633, 0.9175157968125822, 0.301808720324258, 0.2765938420105743, 1.0338439992322013]","[1.5263606026756107, -0.37579858493225393, -1.2326285095897627, 0.5597696451316873, -1.370006496953323, -0.2023601684169733, 0.15372162158785344, 0.22867703462598252, -0.6517840921616178, 1.5352488304514242, -0.28613257160877326, -0.5453581730954835, 1.4161145857255446, -0.35252286937888794, -0.08952199488159827, -0.6517748930706255, 0.701770787810879, 0.3425701989857249, 0.38527065063438465, -0.14959422739386674, 1.227670224834819, -1.0133778858163673, -0.32815211401297395, 0.8295079677412989, 0.16614197733398134, 0.35246007075466435, 0.8218950448303692, -0.5512535468968265, 0.1075232233572641, 1.4787451251846726, -0.17144152741616533, -0.1593629027085014, 0.12536918832145627, 0.10981304232526395, 0.14928599426959757, -0.5331305271591009, -0.4869208216599126, 0.06812941839297283, 0.16267247292015793, -0.014766536934572265]"
"[-0.6141702132830911, -0.8598347163302682, -0.6040075080185578, -1.4007819442065885, 1.6543215478568145, 0.4717303320360882, 1.6899909111404248, -1.1621735190428242, -0.7135990365160646, -1.142071058377767, -0.36007402756243445, 0.01027907290419747, -0.16002066182334546, -1.6671805805976958, 1.0810808330152881, 0.7573723649412902, -0.1343931972622734, -0.11853601058235837, 0.7293369084293482, 0.23199167685495167, 0.006489177913400451, 0.1967533773382898, -0.2901597821684461, -0.2633061781581763, 0.5777148043636922, -0.3213358329041896, 0.22279105428613896, -0.017850370307389014, 0.2209847032301112, -1.0473559297558557, 0.52382260148682, 0.2776242015081228, -0.39962218862492455, 0.4130153095913012, 0.657083511686687, 0.5611694242859054, 0.5220015810506149, -1.0123023338488872, -0.5679256043740617, 0.3313021905869518]","[3.266472912364171, 0.5555164848643549, 0.6095925036139209, -0.23995532820121512, 0.9145517697790495, 0.8191942485745649, 0.40141129535275394, -0.16070803563873962, -0.6654693646495388, 0.35933182847664286, -1.047749873652251, -1.25196595928588, -0.6103785439435251, 0.06916832154638365, -1.5078861218353585, -0.2733126067904909, -1.0235399483759937, 0.5185634079903065, 0.1318378507232394, -0.42368775147191334, -0.31758029742250715, 0.01936224318669754, -0.3046373023944995, -0.3255680894629557, -0.5259719260652086, -0.12335025236433517, -0.3744343784817703, 0.2876883055640069, 0.32282060154310477, -0.2952870336965184, -0.32617167092751337, 0.5645082875870956, -0.5614878559518237, -0.7116966391617272, 0.1980598976325876, 0.4711352937781721, 0.6734167700297905, 0.49184558619525026, -0.8040959816408202, -0.11504203996682602]"
"[1.503670070668037, 2.21591245648001, 0.805867382823371, 0.6353028249964467, 1.1437700763698695, 0.42933327112824404, -1.605996766420404, -0.140876605063069, -1.3380671739196994, -0.8133815316090051, 1.043431523562749, 0.8200850835812911, 0.01332242425763134, -0.5355342865512226, -1.5091430603739355, -0.9998080099791213, -1.076869706070174, -0.787818952051322, 0.9108548568640124, -0.530228549795948, -0.5894105707157798, -0.3584688756500927, -0.2684704092177208, -0.18098416214870192, 0.19925634263896952, -0.6174551658396211, -1.0563103539766014, 1.694298967379421, 0.656373021919514, 0.810945964078063, 0.36968738345610763, 0.11992045149948423, -0.08337164623743488, -0.5188316107589436, 1.142602129277763, 0.3223378390054254, -0.14373038070684074, -0.3142574848688983, -0.025909114791089427, -0.6483364000508648]","[0.2954761366653574, -0.6545857265330807, -0.2724286905027662, 0.12108965579913553, 0.28058429829290316, 1.534144902034736, 0.8320057822966063, -1.0452186592083939, 1.2632223072759179, -1.6007975476786616, 0.9798837428282223, 0.16711674398571555, 1.2965755707175821, -0.10763461149071774, -0.2202454401332952, -0.23157951093833484, 0.24862421827000183, -1.0196862261974082, 0.12440299524350898, 0.6330369320039778, -0.11916571831164724, -0.17059900707090328, -0.5432295113779376, 0.1359958308687236, -0.3994897730887785, 0.06555598802187339, 0.49026496331686653, -0.24431068611289702, -0.2569490435537046, -0.028412729519626853, -0.6120467773601532, -0.3482220737928098, 0.29893169213492427, -0.16737208228266365, -0.46867916906459833, 0.3586266911387544, 0.07350557554992689, -0.2412490315187814, 0.3385192661918727, -0.9163047632011385]"
"[-0.560109226920806, -0.783036602816051, 1.3415329152665556, -1.262402622159353, 3.4469910203165006, 1.2151677402581684, 1.9189362160277375, 1.0017193842144692, 1.386981019731588, 0.597585191261337, -1.4058098006005575, -0.5358527717506666, -0.02015440030163097, -0.4455678079612549, 0.539599182368548, -0.5320686416608268, 0.38329908385202327, 1.496053742675994, -0.08605152419564968, -0.8997963474769055, 0.5850104136748979, -0.03713016141171349, -0.07285955488305391, 0.5375091793022895, -0.07820052973099603, 0.37938371252080366, -1.0538294227994291, -0.343961287285289, 0.5540424189959483, 0.644393713602272, -0.2320620779874137, 0.6052629201943986, 0.4464296978752445, -1.0854093513998448, 0.1470762525048788, 0.09929265081994335, -0.4434342970782009, 0.6445297379861588, -0.48791391398337397, -0.5909822423791894]","[-0.3305591407468369, 1.57112295608493, 0.9007518908267576, 0.23502885566721832, -0.13588031883777033, -0.07027373057086389, -0.8537357315086296, -1.2208668640809266, 0.8079348929349942, -0.18652866973323182, -1.1580719656909444, 0.38507340623749803, 0.01137084227279341, 0.4915556955362584, 0.5375320634501752, 0.9337646603463767, -0.28946077007762683, -0.11027091750271356, -0.40303019919577193, 0.38101810209610093, 0.2380181080895917, -0.3624681014668011, 0.0009346071451007369, 0.6245449853177196, 0.15141351974330444, 0.1017909438976816, 0.14274620645312047, 0.1879337112902277, 0.6382150679058737, 0.1875484172390713, 0.6610491797553865, -0.07623126794312343, -0.20637098681713306, 0.0060208171804255195, 0.226279610295504, -0.34908463060809947, 0.021905342789393094, -0.3462011040421655, 0.30043495024167577, -0.5281913928874227]"
"[1.3124347925286535, 1.0141161266064025, -0.9858774871609531, -0.8038690424048359, -0.5166945549889339, -0.4334410647483795, -0.722414874419632, 1.299796044783816, -0.6763708687686169, -1.6072593440609786, 0.663186634261995, -1.058670623950712, 0.6260709725809965, 1.380045651299814, -0.06398806330715046, 2.5482475061151733, 0.3122812212141164, -0.22672293507709956, -0.29508206942953397, 0.11689016143470818, -0.45929260390774773, -0.4649697617991941, 0.2583165095484094, 0.8198987166313058, -0.6751024272216246, -0.009385368306480476, 0.04951559048519078, -0.0862577878417742, -0.7799137415772192, 0.1799078303322583, -0.8566867331383169, -0.4444916376690013, 0.5309032062246786, -0.3142125521467162, 0.752053830360811, 0.2354710930035032, 0.5233394591747461, -0.019106484967594217, 0.9212032326880314, 0.14528659137613154]","[0.4070638669535316, 1.0539210358710525, -1.3367094004597215, -1.0278443618449984, -0.2519232488828313, 0.8504808491085258, -0.10002633816498119, 0.6723494046414031, -0.49538352125106916, 0.2884727306054135, -0.6856388613965905, -0.7387440471853155, 0.8113265523589335, -0.6581584810905492, -0.1797710175060994, 0.5452397887937831, -0.39062267546717305, -0.20424438857464963, 0.7433708335081068, 0.3338459058188084, -0.3769003029415672, 0.7186139975919084, 0.6014292584744603, -0.43159387331171434, 0.33759582110284464, 0.264238236029351, 0.006080416075278301, 0.49906670733501896, -0.16462465012120042, -0.2829615707212837, -0.31612258035530966, -0.07343793863246123, 0.9072394853810419, -0.5911926667125162, 0.5538219040663863, 0.015436141049372949, 0.7578987792924303, 0.26743506441784404, 0.03249706159430178, 0.6152894732488333]"
"[0.2963405304877043, -2.5477742397339354, -0.5420880838446926, -1.4344743697369533, 0.4827770212801409, -1.3893766309336943, 1.2545824412189022, 0.36278380287716994, -1.4403086540812264, -0.2838261171221112, 0.18355363361597984, 1.5468251579400836, -0.23470285040946268, -1.4544593454984664, -0.6559933147840117, -0.7307394027149925, 0.8489576439624186, -0.666825349506626, -0.004684729060134555, -0.41227240792446584, 0.21609329845831504, -0.44703682578362747, 0.592185169341441, 0.9515928935753287, -0.7430460981249561, 0.063424951849113, 0.7038873977049426, -0.7247105461952984, -0.8288881552180094, -1.0360756857926965, -0.7898739936429173, -0.2959216593799146, 0.6723880517456493, 0.9904619652980386, 0.7421360889909933, -0.08656800870041707, 0.23185938424479088, 0.31499606488185394, 0.07838518209764493, -0.16672239762010693]","[-0.14522502580520352, -0.262043510784155, 1.9764724655862262, -0.15697885702140152, -0.3340159342955443, 0.2197386881666165, -0.0623743481168882, -0.23307884105829446, -1.0295385922452052, -0.4266364132515863, 0.8922837916471087, -0.4447647742583196, 0.4092434506785444, -0.11453939692502488, -0.2554493771013433, -1.149780114987302, 0.5747148740621996, 0.364525555935393, -0.19411758798118872, 0.5897901665415635, 0.45450002348057755, 0.32675155815399154, -0.32963426910591115, -0.8133972535768469, -0.2704062238598053, 0.04379714776980107, 0.39568496525487923, 0.2579550076198497, 0.4112703524327689, -0.12414511940189815, 0.8133638418927461, -0.22310322678188926, 0.7311846046994197, -0.5034075794828251, 0.21239175451904474, 0.10480564091899089, 0.04313967711001262, -0.1980954210765907, 0.39881407932645413, 0.04595441949906927]"
"[3.2665427239525013, 1.9933640675676039, 0.0889362943917049, -1.435748567938511, 1.6490807414622843, 1.9117775878262806, 0.023860876377158075, 1.7545774334005546, -1.4101739452716118, -1.23738763489254, -0.7210585554186857, -0.5215005386305549, -0.8213850006537152, 0.8777893630909124, -0.7175477093387514, 0.9171013306504412, -0.824961540373133, -0.8974706023800472, 1.0550069689793673, -0.5361184382293008, -0.2969518615125973, -0.6951683586302736, 0.9214676117693545, 0.04257716656040395, 1.0463203821285065, 0.31468097234086484, 0.17664610941316528, -1.2302838123284139, 0.5864005317820794, -0.11379905528640577, 0.22425175259392455, 0.24431498814434216, -0.01645077117062982, 0.11278377124596992, -0.3821763571097505, -1.4044030737774382, 0.0680686155883264, -0.16649923137964845, -0.3225516010289203, -0.7154722451175576]","[-0.43060736554312184, 0.11995875135492708, -1.0261092928417423, -0.6264355695703147, -0.1217882473471329, 0.7316874080019377, 0.02859195157320448, 0.27945942204348595, -0.4780600351542642, -0.6995562501587034, 0.6072512376886396, -1.4527627239234628, 0.4028582250735178, -0.2668432153840294, 0.007020403893248063, -0.29009146559908017, -0.8217682298467475, 0.4823779086274553, 0.6600204341131909, 0.8049067428890395, -0.4020750277644432, 0.27518911489216946, -0.045579569003598365, 0.08457441977610848, -0.622225063656713, 0.4348681188137987, -0.45521293658546297, -0.39232420150072117, -1.0387471089395455, -0.12756136287159894, 1.054404377036815, -0.5292448258171476, 0.2372041967690391, 0.04901778849914052, -0.6743818830669043, 0.3821233438963164, -0.261244857808774, 0.4202681371335933, -0.21989470644025205, 0.20668904461385762]"
"[0.9846828753157667, 1.7929931298186337, -0.5118658021009271, 0.4907715524104598, 0.9451700130853579, -0.04398230393078153, -1.4036139113033979, 2.420538236155528, 0.37411268212583504, -0.22350475823634797, -0.3084746306915311, -1.1346357056833039, 0.0578685883579073, 0.07300823885164448, 0.40397321983375406, 1.1190464351431824, 0.748713381038476, -1.0493106323885595, -0.6433550311467002, -0.2939752711013503, 0.7738439350780411, -0.20419772136191688, -0.30334927287071034, 1.9632657490998218, 0.5109957760394741, -0.09543065945063531, -0.15308006562299206, -0.09427665323272545, -0.9201940379169584, 0.4634671957216395, 0.001874075240407067, 0.1476951715270982, 0.4595067917932832, -0.4359621571048434, 0.14701286914668846, 0.26871194473993854, 0.14106107678999122, -0.05798019949777026, 0.35027946382330966, 0.3131767511548737]","[-0.6362926837967972, 0.04778566174076352, -1.3403900663404962, -0.7832840368568368, -0.49405270038441607, -0.16447652811397073, -1.1427114783608063, -0.15916845849966485, -2.111163904235924, 0.2963295333239623, 0.5237382949577899, -0.8932611100954343, -0.7342762283987093, 0.28883421011345894, 0.5451191212578209, -1.2465960480323819, -0.8450532559767628, -0.9115687763681339, -0.34390877716065826, -0.20947638717785003, -0.22464583382198025, -0.022279660687258274, -0.9527395963026296, -0.6809833458998168, 0.17824195642011118, 0.7829823130213136, 0.26700747910554223, -0.23697190381321223, 0.20217243844428553, -0.3803550245717786, -0.4067257855918781, -0.5885355301943483, 0.2006006711524009, 0.032196912717454604, 0.5033548772226496, -0.2924144585342513, 0.2869374990915891, -0.13974405886744282, -0.14110019505727422, -0.48962698201318583]"
"[-1.6932969598765453, 1.7485635382478397, 2.7533668603738084, -0.7317746900289116, -2.687151813320368, 0.11221810260823549, -1.5755802419113312, -0.854727831157113, 0.7859755240522704, -0.9504549590378151, 0.38079275778432636, 0.2746130701783088, 0.26981178320559757, -0.36363514847290307, -0.22085471914986324, 0.4821160942422204, 0.18759932192863282, 0.0887617223471927, 0.6044468770465466, 0.494797277292759, 0.34484576089761576, -0.31460553599490104, 0.2588266551160444, -0.6267766125169484, 0.08260129939912805, -1.3034496749850315, -0.9106682296970712, 0.4838682193063238, -0.12294175605559095, -0.038492057418147915, -0.10169637808284171, 0.040817214126770876, -0.5724563444729153, 0.12624455488671482, 0.7671570115072297, -0.33635997650999366, 0.2315898876777877, -0.5414387582674448, -0.45072943993848186, 0.24011381360520448]","[0.005679271280352861, 1.1700232636915655, -0.08460024383038069, 1.8058021282147931, 1.4597367796231275, -0.7151131234243842, -0.7701579150450834, 0.7971170603936564, 0.6408781126683399, -0.37510740498606143, 0.9326238227283238, -1.0394117014836786, 0.5830517350210269, -0.6839340366403928, 0.5483431944934786, 0.47636224674398536, 0.35980656699746794, -0.5364030629203759, 0.5140689702890072, -0.5917133947824438, -0.10803680037216748, 0.18782111796077805, 0.15616798918213803, 0.2641692761202965, 0.0898959623120377, 1.0796338073818812, -0.01497276085876834, 0.944427263407512, 0.46398847124339715, 0.3096704344901168, -0.1495925022498367, 0.3365891733705324, -0.9004087479995291, -0.18336386697972704, -0.1770619989925443, -1.0307806948218794, 0.09874735183640236, -0.2621212761796891, -0.6114922713347914, 0.33634592525829693]"
"[1.5881822422755179, 2.2914748235973397, -0.11235339152699712, 0.4611800062756222, 0.9762887860940069, 1.3248716252794428, -0.23003352256001947, 0.4350627762374187, -1.3425004907229174, -0.26173390428074944, -0.5200578057297844, 0.41103135063369994, -0.545799192239346, -1.169912433304146, -0.7192928721236361, -1.5449167006416091, -1.4298058419178543, -0.9309263518546014, 0.323842050991677, 0.047035524173781304, -0.1532825794290609, -0.24474793164659614, 0.28797599411759484, 0.5765393677473153, 0.5630377261958134, -1.0808634314616419, -0.40928271523702453, 0.21736671936922225, -0.38389694223131227, 0.13557254930216953, 0.6518092494194692, -0.5082088311597875, -0.5684995719796464, -0.4847324295436344, -0.16801645290838152, 0.955590320679288, 0.3095061545489778, -0.08220935880581393, -0.32029891295391566, 0.6209284867667944]","[-0.9122634112113049, 0.7058795567895897, -1.4506616243950767, -0.37203867415383923, -0.5120030463672123, 0.13222459084815333, 1.5073363710944718, 0.46735509228169286, 0.09334450519046074, -1.413956217625255, -0.1240531202878793, -0.43603552031890436, 0.28814092161703364, 0.1567803331805308, 0.10912451835112057, 0.114173333229499, -0.6337020063849317, -0.9361129268884569, -0.4461363277093899, 0.49330015110902875, -0.5881351445276565, -0.2656803433436783, 0.1930852993636121, 0.04212324806243798, 0.07674235388689975, -0.4965350500697569, 0.45693624213989004, -0.39060223223002716, 0.23975539324961528, -0.4789624722949276, -0.856858107021688, 0.6063917495929819, 0.006721693401255067, 0.16750743556551248, -0.29233858500347604, 0.06819763497442932, 0.5716692728927846, 0.23033713633892466, 0.31142406737921385, -0.0008287994090808166]"
"[-2.5923867812850783, 0.6096805328969368, -0.37577176675764606, 1.8561571964085428, -0.19900352690760648, -1.3907314415979686, 1.3580748973360497, 0.8977060909704394, 0.31764127736291664, -0.3043761348098037, 0.2173936651004042, -0.44011692394086044, 0.5679299076640418, -0.0037652888770791913, 0.046424487527124456, -0.16488131312171875, -0.492161636583352, 0.4325081137919817, 0.40381568478137636, 0.6089572404393805, -0.47936025432659823, -0.7775305578904694, 0.5507124624280553, -0.8629440622825153, -1.5621244870529585, -0.17025176648497095, 1.3227948978709525, 0.5291291522536331, -0.25982681364104526, 1.2890215514494077, 0.5451356724983011, 0.7894866359002075, -0.07792298412124173, 0.2815924427384406, -0.8324353423071926, 0.505553949701093, 0.7530530760544789, -0.455738656703371, 0.16824716598024203, -0.38555744002358244]","[0.23783332577884306, 0.1174907473532083, -0.5195184862127682, 0.7667041299579002, -1.898064436761802, 0.10716197713085215, -0.11695804811597126, 0.048808975615601304, 0.1360002338014807, -0.14724642065289856, -0.946907925145477, -1.4014398574124607, -0.36685126810815843, -0.2994973776402685, 0.4434154300791761, 0.6172141175200868, 1.3540980955073083, 0.8512208923670477, -0.6659641403735893, -0.06995940054597413, -0.5404318580395944, 0.18035361810192332, -0.4650674131335254, -0.15832094787637746, -0.04163065085110936, -0.25110170948815164, -0.443519784668637, 0.2978626053129584, 0.039208923025203055, -0.6515777305584695, -0.14564254943798768, 0.2240160472907573, 0.2285471024033494, -0.979115882441562, -0.32349309848729596, 0.1484557061655932, -0.5112568371010402, -0.13743745059968038, 0.4031852914021069, -0.17630727645540797]"
"[-1.4398305012140677, 1.538042196721675, 3.1493642234283734, -0.6195943238413806, -1.5691132511694101, -0.040999102691145185, 0.5376296592345142, -0.775397637603331, 0.28140885058244214, -0.49489555600791835, 0.05608982708207154, 0.37947662275791916, -0.15141474286931164, -1.4013458916693289, -1.2771593715882044, 0.1357818747331704, -1.750594170911447, 0.11338533969026006, -0.4139941915279963, 0.4418225016680305, 0.1819231578716048, 0.8450646043505423, 0.8133922367848061, 0.6793301021497088, 0.4658768971831135, -0.42815355840047287, 0.6208888452280683, -0.19724518835476354, 0.4312063007478857, -0.48837883791306513, -0.8622632214857993, 1.7508254206239662, -0.4473879538203076, 0.3387438051296048, -0.4761037636072708, 0.6515997116712555, 0.03529421385710744, -0.9211799856766736, -0.1309115105434186, 0.18910681965201506]","[0.6796733903027979, 0.8671862497163608, -1.2215254846879817, 1.4359563224540552, 0.4923847407233382, 0.43107807573653845, 0.4001926500716203, 0.423537075913619, 0.6414263195823532, -0.0015970510986146177, 1.2210102590227008, -0.4106013610985915, -1.8879551129413772, -0.6936880061629243, 0.31753931517360867, 0.0409225738400254, -0.7650319355287977, -0.33700886237193134, -0.13017896576078752, -0.5283317313776565, -0.2534716918877325, 0.6058968786174895, 0.6419990956378948, -0.08250176516791073, 0.6636142565185729, 0.37425034282963215, 0.29356081145596724, 0.0681802513333195, 1.0765355691270946, 1.0820950356371628, -0.42864665456675266, 0.14186925242739754, -0.22335466178676353, 0.3769579784214074, -0.16677797348999715, 0.32923198222994027, 0.32655338848512827, -0.6764421069930839, 0.2321831539293404, -0.9051292459400344]"
"[0.4028617519819541, 0.8808906474553582, 2.9328014252969723, -3.317389600975186, 0.5092357612971122, -0.47794622483049803, 1.240520483967673, 0.36812183116125674, -0.8407905907375596, -0.10642456328391084, -0.13871921104696017, 0.19162401892616207, -0.3256535967404419, 0.8165429434871054, 0.18564576498346316, 0.011677443679226109, -2.139979155405667, 0.40260720014125695, -0.42064015421101913, -0.08382170914763841, -0.5577395838652333, -0.18011044440229673, 0.38216584677600435, 0.6017095367089507, 0.580565964448343, -0.023341866025581127, 0.291722054433955, -0.6784718626534937, -0.31326557163351043, 0.0885991992753469, 0.5803833400020988, 0.24541315040971443, 0.9176374042098507, 0.3030178598868613, 0.04462226734563346, -0.24312170872004452, -0.2679274851534706, 0.10814446115475589, 0.6296783417093745, 0.007335549339110987]","[-0.6762618556598917, 1.8604893195903218, -0.9629751272890557, 0.661336350003816, -0.2549468799925111, 0.6729996774360993, -0.34117150469968643, 1.4411071871643089, -1.1005807755178831, -0.5967016483570516, 0.38799277076078975, 0.29029919806954996, -0.30590986073691345, 0.47337300047603753, -0.8932587093141365, 0.03368638147847474, 0.26876485976327763, 0.16145572000650835, 0.15221482465037944, -0.5095226228035579, 0.1402693198977753, -0.6554797831555167, 0.4815339476248744, 0.10263437147949046, -0.2979601686618333, -0.39581352367299033, 0.4281743989103721, -0.2876220177441415, -0.7609388192595979, -0.6895658246030628, 0.442552372018036, -0.26991972277203774, -0.5562193461376551, -0.2768282911733339, -0.12105275440477517, 0.14014886474234414, 0.6493289053376701, 0.38713121598053474, 0.6259734132208283, 0.06770740635231759]"
"[-0.14810364561610717, 0.04960706387312634, 2.829453349101496, -1.6409792901453462, 3.001107111437142, 0.04845444327021506, 2.8489383377906745, -0.40616019309930423, -0.024766793314215815, -0.28595415771474486, -0.23280426521129893, -0.11890826676133186, -1.9237928925260455, -0.1616522679548772, -0.09346481082778574, 0.5454293687103337, -0.0634343587314295, 0.489987598224742, 0.5344829771476972, 0.5709577882387818, 0.6291068273105309, 0.4990053863337226, 0.051734668827402824, 0.7463366650888501, -0.10708929253926099, 0.5823398036690578, -0.32890729061070234, -0.5600096616299864, 0.701587352352237, -1.0975217364458398, 0.40229662557525075, -0.3205699459334514, -1.0124458570622001, 0.13157800012105608, 0.32513312587383864, -0.4017545478778939, -0.027925445952828008, -0.5643200713955216, 0.44414792624854854, -0.6969227942687377]","[1.1655917918722352, 1.6038232749032404, -0.134001257749512, -1.4391999396541428, -0.1779530726430935, 0.4308711204400314, 0.030624446077716895, 0.44920816201696334, -0.7089761798311095, 0.12607973129805475, 1.3282057416343005, 0.8543886227166428, -0.8430151318121135, -0.4244691314333402, -0.07963779509291509, -1.126130160410414, 0.7745176266064087, 0.6100268722131714, -1.7768648203477366, -0.1808503805434033, -0.6946975279991704, 0.5100695263109831, 1.038874336831362, -0.11520796482095888, -0.08024633162084102, -0.2642398627711899, 0.0699921782168834, -0.038883099990429874, 0.30165867483667097, 0.5807963605675232, -0.8786226675015685, -0.238462540467963, 0.46846066154175714, -0.2296001744994461, 0.2567371687720201, 0.34193936616440856, -0.20434551715977492, -0.08447916050535062, 0.04879342219416076, 0.5301384239640906]"
"[-1.0625135612932568, -1.008846384258224, -0.4431915694504539, -1.1793841894217951, 0.013079682007380111, -0.7109583805309503, 2.163096703352502, -0.9747823540828292, 0.11253374530887196, 0.2434138626171349, -0.4158451596834394, 0.49944358192135013, -0.09943518390075363, -0.6247872337814829, -0.3933957267335668, -0.4445826634157499, 0.9241100488779934, -0.5007534563680958, 0.5806621997063453, 0.5271926536952993, -0.2809946282454802, -1.203637022852299, 0.7304694810592309, 1.373496241246166, -1.068020665819502, 0.11847452191111359, 0.24248102519853013, 0.061778609802240314, 0.02301076795026277, -0.3173065662692503, 0.6844954526019054, -0.09539009461428274, -0.48229445789158304, -0.5701988266845023, -1.2202788277113612, -0.47721722043179543, -0.4300668095708211, -0.15021574222037998, 0.3059322697031139, -0.14032186286925996]","[1.2108303663107471, 1.208879472347511, 1.5336603166671847, -1.7453872769679832, -0.4617325353757566, 0.04270352230761576, -0.5122717569573934, -0.34198114384277345, -1.603615183704836, -0.5838005146174117, 1.3489459611708856, 0.3288169241669885, -0.7178692978121652, 0.15612037835075138, 1.1531151203913959, 0.82925308585446, 0.506134107891682, 0.09561651666567185, -0.6535014380705821, 0.6895713480029152, 0.6094571196839199, -0.5013016312292171, 0.0028081992452279325, 1.532694314789259, 0.3454807837479278, 0.36610589412020134, -0.025022987612013922, -0.3055363126624236, 0.6550205845449616, -0.28019717432122765, -0.35047746354867193, 0.20097600927038212, -0.614010184785713, 0.1036676972571849, -0.08663599058474798, 0.16368184021461696, 0.03702173460321555, 0.7175019252512355, -0.1442535625600453, -0.25445400227813686]"
"[1.0354765007504798, -0.7048251398140092, 1.017290194983447, -3.585112501292927, 1.5378322736673076, 0.19417661130582117, 2.0637484262451897, 1.5143884750224466, -0.2569980601065622, 0.021663759679013392, -0.9141359203876291, -0.04456432531688914, 0.8206562101964447, 0.42417278873927167, 0.12666570578464487, 0.5882094997886095, 0.3731092605740327, 0.7016642419620804, -0.15570097224083304, -0.5539698228922026, -0.2408356635360856, 0.9534917102821179, -0.6127848557459505, -0.6057728200863717, 1.0534008856278583, 0.13908128023887495, -0.0742943457603805, -0.21279050042344294, 0.83628326960132, -0.6068645193571023, 0.6093969862510927, 0.28260293888697824, 0.23089395143838054, -0.34546163631241367, -0.11653290778909998, -0.008332538851220955, 0.39686835512196483, -0.14854913280535245, -0.9719296180563223, 0.2557911046753268]","[-0.8370978052199448, 1.1595313412661536, 0.761662359764173, -0.12298845140514074, 0.6907629528208784, 0.6107051068885051, -1.1440442479788149, -0.40231990955970887, 1.4762441205053018, 1.1879713644719476, -1.5767628979264534, -0.6833322768532778, 0.06906682944227728, -0.001385828281809103, 0.6731669013825515, 0.6467676437844028, -0.06247861780842173, -0.32806832092914395, -0.7683722537978238, 0.32373801325299845, 0.5121670627111838, -0.9779357771460716, -0.024224006804850904, 0.3946384925357943, 0.4846415935084291, -0.3647233059235855, 0.6866915102165769, -0.7113789701463725, 0.006144241955687965, 0.10400445363824481, 0.8585131591522103, 0.7608824501115333, -0.05279932252871405, -0.31014748365849176, 0.30573741422467055, 0.038023503052442585, -0.28366909946748065, -0.7566697015193918, -0.25986368749420896, -0.2988050856459248]"
"[-0.5666796644365897, -0.8158981569525008, -2.149438305483871, 0.29295944433606724, -0.0058660349024362525, -0.04875470148838058, -0.09518936305585045, 1.0740138198536142, -0.6516194918665627, -2.705402949954352, -0.20303333501674833, 1.206370428673909, 0.12390557313334709, 1.049443087416197, -0.4826912552549192, 0.856913854190184, 0.04793040951279573, 0.2892809888658044, 0.480710153797525, -0.061701008054278965, 0.28565283347278964, -0.18606262672916876, -0.039876302899502836, 0.8276962337558793, -0.36611785471616626, 0.6764656351835636, 0.6576162040678515, -0.3498789938677802, -0.6676789761870578, -0.24072625176917767, -1.383319537392207, -0.6363687439365259, 0.9322620306474564, -0.5528822725334025, -0.7782161480696718, -0.14339449652963454, -1.28255253649479, -0.011165092150665377, 0.007276811923849257, -0.09424389274482196]","[-1.3277333552514352, 1.1214949930510272, -1.2022067435220842, -0.14262767548266855, -1.017090411757662, 0.1886123164449862, 0.7244039510339778, 0.3090833154867095, -0.0631620058937626, 0.8739879864536751, 0.09665858675574501, -0.7168435903843078, 1.0844638378031854, -0.6110303493995144, 1.171078938871977, 0.7099851796679612, -0.74475308924878, -0.23845288790267832, 0.2509243177254703, 0.6657134018245162, -0.7042092965835995, -0.6149920387326819, 0.0731857016434574, -0.8725954211194412, 0.08672585428205035, 0.8067125946098714, -0.3399752717899606, 0.43024202143692736, -0.597579836322827, -0.23991923201699888, -0.20134622331127244, -0.31189584680335863, 0.27083537489037934, 0.2946445133703376, -0.01806764143155588, 0.142990510313876, 0.18877293060803263, -0.409104301334001, 0.19516191687255086, -0.3135895875913263]"
"[2.5180393936818626, -0.1401440880594213, -0.09005512544707163, -1.5730713313720106, 0.20117501865030282, -0.007842069529903985, -0.969643905646314, 2.535422223977211, -0.9938395602770858, 0.9784582685550314, -0.5299090962587841, -0.17890911421537, -0.584743394368483, -0.4909362317803787, -0.5992602799437137, 0.5644690194373772, 1.21914373301257, -0.13418469372813635, -0.6275872990086309, -0.06831079191663944, -0.4281693851253818, 1.5782220905334396, 0.6985141301505258, 0.935251140001926, -0.3919245792246441, -0.18323317755880636, -0.04012830771051701, 0.06227108730085145, -0.17168492528695667, -0.913439614754374, 0.7165044522710313, 0.14421915662489299, 0.39317383686698376, -0.35633545141667616, -0.48841928323776923, 0.31111195865524605, 0.7191451627588688, 0.0797829500092602, 0.6775263779604127, 0.2623790104005557]","[-0.1740319854882968, -0.9583736574561013, 0.44560204799615344, -0.9699798655769665, -0.6331941624884535, 1.0662786263085056, -0.8559215710947828, 0.44834884602967523, 0.48215580831904187, 0.5867100217398952, -0.7598531262923728, 0.761358282453094, 0.6152091267783372, -0.7111589233654546, -0.7611628648070841, 0.5078089542581945, 0.7288407115847597, -0.5336448003527394, 0.6359355931600825, 0.6751383571859197, -0.45179755986129033, 0.8899686653795451, 0.03849710356919612, -0.24189064701417004, 1.1361320742212908, 0.04565148310689703, 0.500522639683293, -0.41011373579195326, -0.02680345472794741, -0.12151791624982805, -0.6464527908815836, 0.35162842162996316, -0.25908879358216785, 0.1015458067157657, -0.006812177753536533, -0.00483545869660289, -0.25422438681491727, 0.242635053408943, -0.3221596521355236, -0.41026928136558377]"
"[-1.8640754914067421, 0.4986524100624351, -1.0165289328705862, 1.0260486986668043, 0.672277129069138, 1.2265196178737914, -0.4145768217418923, -2.703414115452189, 0.2864570585768446, -1.1203937595549178, -0.5314745932007859, 0.4435669648653902, -0.24932785908652694, -1.4279965860422477, 1.282224644330859, 0.8666881207312062, -1.8429334491718539, 0.8419358849699784, -0.3456893606782941, -0.6378902951255896, -0.20869562354036889, -0.013464221312853667, 0.7378344678223567, 0.30959351954295655, 0.7985664207815298, -0.20598550116750675, -0.5473489680311313, -0.6186536811922363, 0.6104221061259196, 0.21030077982607004, -0.05494795502502521, -0.5056030408662117, -0.09422457698159285, 0.31626073401940324, 0.9234565468960526, 0.46701101525437994, 0.43322654586765197, 0.15796134415771676, 0.7730559575083015, -0.9092175293727027]","[-0.07352666345200207, 0.4628108238171582, -0.1551511730105861, 0.2901315542134982, -0.7690918276106792, 0.6463873104696698, 1.2060564382065198, -0.18267425906226523, 1.115938869621435, -0.7982590467176659, 0.8555565321751545, -0.5191116028195233, -0.007588122154526586, 0.9529144502845494, -0.006555871121270509, -0.30673790419740077, -0.3194623758359422, 0.9456518598660205, 1.5122453795461286, 0.334149026055945, -0.1466148766837459, -0.4075219622851939, 0.3937290292762022, -4.7484695943978493e-07, 0.14802057214628922, -0.06215306223407367, 0.22812694519364013, 1.2505002947039525, 0.2145744279487714, 0.4766010956877866, -0.7146124107233269, 0.42303355293833483, 0.6800387017505848, 1.0359168902388707, -0.17952902397751574, 0.9907490279837844, 0.5820245178180975, -0.4226228122787879, 0.1655662642455363, 0.08094235044550527]"
"[-1.2115178172210295, -0.8569152859038156, -0.3912144699011666, -1.6680050730596272, 0.022797533224390144, -0.22643977343310792, -0.8548649087193665, -1.4250851440592671, 2.6687710632489554, 0.782366243437829, 0.5261512094526168, 0.44247343707028514, -1.122994819751389, -0.897918343901361, 0.04995243573056815, -0.476673038924858, -0.5809942815655075, -0.19828759090737408, 1.555725712852264, -0.7506425470407545, -0.44727176474723274, -0.6919078537689063, -0.6648234599812184, 0.196150892267925, 0.9346238292546202, 0.0074358612555720785, -0.08669666634946692, 0.5667235931194378, 0.43459080803681893, 0.36629762428447943, -0.15447581948821915, -0.01920401908062611, 0.6335049247711299, -0.14181075256074568, -0.44451748538645786, -0.17994909075389098, 0.28290760051931935, 0.3265914281771846, -0.3605740548209829, 0.8739999656708232]","[0.4485395570798668, 0.5322806114147427, 1.0348588837084436, -0.6166127508022725, -0.7083013378700084, 1.2501154959279872, 0.3110682702157674, 0.4916485691774089, 0.15854572093719885, -0.5344860640839761, 0.6150036231560381, 1.351582119376245, -0.3936187809801074, 0.14299636008479458, 0.6406818397902287, -0.03997792267245095, -0.9985884114633193, 0.48256723758069653, -0.05751626258172197, 0.3709320129852733, 1.1536911831837122, 0.46184674959225197, 0.18711094850571613, -0.9764820221394975, -0.0641490051172289, 1.0423575743861249, 1.4128828073616064, -0.3194457532520791, 0.11538517419058733, -0.4774680232757754, -0.027379592047072604, 0.47295729234456513, -0.5472041104462844, 0.5069618655164321, -0.20137375839897423, -0.2330809049157452, -0.772320819175908, -0.16685210817831408, -0.011286900435655832, 0.1645687680237759]"
"[0.5248098376278888, -0.4197954860805329, -1.5241499915638386, -1.4152096810086454, 0.8992566393473639, 0.6177074896139076, 1.1711830559298388, 0.38606936687379595, 0.8907257091379889, 0.6553308936217842, 0.45556221075521247, -0.4954036006979997, 0.9182291924816345, -2.2631140167630357, 0.6631510301116342, -0.314851066692953, 0.6299175659616864, 0.3879856431804417, 0.0836782189823686, -0.06767715132439268, -1.217479379865344, -0.2333214978244592, -0.08010908424403912, 0.24329868560132137, -1.0802230920947549, -0.0018815113496505203, -0.44945294626459464, -1.938987820045346, -0.19523147200236537, -0.9232066494108835, 0.42674556968296873, -0.642303676427384, 0.11709961986145176, -0.08697915320267693, -0.2910760113853832, -0.21237107884497278, 0.8347447304939241, -0.029222295422905595, -0.3355067586635483, -0.6388823950006192]","[-0.4693640679615438, 1.086255289868045, 0.2783304728065944, -1.1893535833554882, -0.507820186148572, 0.4150349549358734, -0.9655103282624395, -0.12360647882541134, -1.2751456252443154, -0.7583702735309854, 0.2723063166329776, 0.8080383603152682, -1.591704795103735, 0.02883013325123523, -0.4694347756460784, 0.5474236470062737, 0.18230357395059874, 0.6491052689476546, -0.6208475774759956, 0.6936405487072753, -0.3339511540028578, 0.1183357524792345, -0.8984767395672586, 0.05950946245013021, 0.7102516795728492, 0.10480186604855157, 0.4538942021824739, 0.4532052135671303, 0.3294919628775156, 0.3190616849009229, 0.5519203177732858, 0.6641693313245071, 0.7921931484364824, 0.03098886301070525, 0.051643892805899545, -0.23157914810000121, 0.5110937765919541, 0.3554158308450194, 0.5715021340054427, -0.2805548808267117]"
"[0.4341702500939126, 0.3454983978258492, -0.8811720045149986, -1.4174619692803152, -1.096687292854724, -1.6148865611483714, -2.3770005750304075, 0.2514191571474996, 0.7397714778832, 0.43976639823965136, 0.11736011076304166, 0.1309708215004779, 0.3896506873940042, 1.1004640827454573, 0.18742322084510363, 0.3526475525571178, -0.5728416795071559, -0.29767360405958765, 1.2506180571843173, 0.7768837464534264, 0.02023409052861761, 0.7485288003531066, -0.08317949188905241, -1.0963074410434601, 0.8637732917159877, -0.5784103993088696, -0.6435394146501724, -0.32266406139866133, -0.19286826909441562, -0.4124401320627767, 0.06670810683464842, -0.6364698616613631, -0.17198222985459663, 0.42895313913731065, 0.15314249392308216, -0.5448997934016266, -1.140603492354483, -0.5251824596744473, 0.718811044153447, -0.5968617132638245]","[-0.5433792955976137, 0.8266895875137035, 0.7289912991971417, -1.179889888449824, 0.5243944325772181, 0.9160571440612836, 0.3011123888097917, 1.1414720117154864, 0.10977899881966126, -0.6157423108865929, 0.38370183546550285, -0.014692490525374165, 0.6261369235776778, 0.496827104146916, -1.5537860294872288, -1.1887190386143545, 1.2466402802765737, 0.262381794538443, -0.745758152091669, -0.6887677758067977, -1.128285402833734, -0.052602138748767895, 0.16938634572703787, -0.4643149659346256, -0.6198016699613496, -0.012065013578978143, -0.13652788871722707, -0.40161628081993234, -0.07372003419078915, -0.5800749717750364, -0.02998791876269568, -0.32655758152888514, 0.5160176295216959, -0.533998749079056, 0.11492569776858863, -0.042155976727899176, -0.4969569715272224, 0.4806057910198617, -0.0576763469049972, -0.18861222859693308]"
"[-1.9137829870325334, 2.4400298950857833, -0.08305255906001943, 1.2917398331843426, -0.08916325963264292, -2.0334922314184882, 0.8136370662204981, 1.21825082961541, 2.042277701777582, -0.9074937776792792, 1.22275035973735, -0.7234519070379354, -0.19971749056074156, -1.0352925287972294, -1.1784592222657098, -0.09901988696910036, -0.24040122319453322, -0.4513181111315288, -2.014010265015507, -0.6535044359840871, 0.15181676784056222, 0.2443245440890256, 0.10727301063031974, -0.0551392990301483, -0.33315454022624685, 0.16099871730967033, 1.3654526017530646, 0.14264802733747192, 0.549206416552984, -0.017684870722265718, 0.24076533300166414, 0.06443837100180667, 0.05931225407781183, -0.2994297139521226, -0.14173439683818703, 0.7457556748027077, 0.20264961112934796, 0.3756186948106889, 0.28154301277302624, -0.07851281285166564]","[-0.6742205536611444, 1.0372438263376824, -0.13996655917597434, 0.7161136861913572, -0.5002014336726374, 0.8816811707783693, 0.06242104443427878, -0.04491810836383221, 0.10686184604276996, 0.9124041575169195, -0.027082906179698482, 0.0893032300198671, 0.8182716057812085, -0.6672127641890364, -0.9224651404513493, -0.4045229463038457, 0.959031026837782, 0.5458365862977719, -0.1460676244915191, -1.2578476800021012, 0.3909371242151293, -0.4550051178802127, 0.4155987750828469, 0.05921769270025426, 1.0650009772915663, 0.6609573592330227, 0.2866554045964471, -0.3587021654991693, -0.04566169785540772, 0.37247250491286577, 0.361902259817951, -0.6803522799835124, -0.2698188223861249, 0.09901105094937877, -0.3793586073069649, 0.33994600384452767, 0.4314745491944939, 0.33213841537242667, -0.17348020051003976, -0.10185108113761475]"
"[-1.074461264561257, 0.359819588776939, 2.50682424544316, 1.1593970724592537, -3.3393505605321363, 1.88063355130272, 0.7831041699033141, 0.9395502165348469, 0.9074784474573006, -1.5275013510630775, -0.18523454790563978, -2.135785818960651, -0.4902428210708826, 1.1093188285224291, 0.9120804083948666, -0.6677651453812942, 1.382940905160691, 0.29197592039397696, 0.4783585400682108, -1.7241065476693573, -0.27463272789099646, -0.9450613901583643, -0.09932424576375104, 0.9348349900675221, -0.4281184407827532, 0.03977484854371872, -0.3319265978224325, 0.05620696457101529, 0.5836342765534799, 0.03418857133259351, 0.1778784888339398, -0.7706353974327014, 0.012568160497089205, 0.3650843480983519, 1.1912174416064505, 0.7511940271482532, -0.09125366582907506, -1.1429896029887137, 0.3297425397762561, -0.2707304362103129]","[-0.5627878957262948, 0.7387696081179707, -0.6208841769272586, 1.6236192550769069, 1.133916459078238, -0.24653652052820593, -0.90725390386873, -0.19791075969581332, -0.8373375611325292, 0.5406460235421188, 0.4821009998152098, 0.3234532108327447, -0.289197705554428, -1.4767205931973086, -0.028458382223818968, -0.9188382511911288, 0.11175674682364818, -0.5466107071190883, -0.503124987253304, 0.14186939216050753, 0.26517651356867367, 0.225704018525221, -0.9884196334280747, -0.08035707644715424, 0.42836440369284234, 0.9887430828124869, -0.003948723111822979, -0.16920300607828528, -0.04991770095317058, 0.2102121898455954, 0.7266566489701262, 0.2698228674752003, 0.6013555697930406, 1.010358472002949, 0.21359235824507025, 0.29204115371352024, -0.8471789371264496, 0.5789560774870303, 0.48258848408016414, 0.5980300199537678]"
"[0.8658809637881218, 1.0699532781272643, -1.2663967056185517, -0.9722476759169291, -0.1885252003533264, -0.7090907944599537, -1.86818485752788, 1.396932931126429, 0.14127117976536563, 0.016279345230657074, 0.6177619324152134, -0.008153638016336003, -1.062112740509206, -0.9909455812046143, 0.9505410267886941, 0.3681054782094518, 0.9351400042508152, -0.5107580745023883, 0.21933688782909147, 1.0848640026702, -1.2201713795597033, 0.5455141213208697, 0.25191996568347846, -0.3538011827248037, -0.7987280135081612, 0.2698828717089663, -0.37933332739559406, 1.0229024580776354, -0.10651356357189064, 0.6483536150205867, 0.3512025269934574, 0.8222222957523777, 0.03489651393754968, 0.11541102858005566, 0.09682806336309682, -0.37724918236640814, -0.5316140370959921, 0.38628982123066985, 0.3603446801272009, -0.40569820642920973]","[1.4069970192760304, -0.5002804823609468, 0.10321836744886866, -0.5457210338493458, 0.3215765733424721, 0.8393053717806088, 0.5121893122636293, 0.6738856490733803, 0.37910747559592967, 0.14602455826765628, -0.8469756560540648, -1.266121803793696, 0.45393253712245923, 0.4914914742680586, 0.027367052609588754, -0.29615929573083627, -0.23073615755740906, -0.3475333743638939, -0.18943804267363806, -0.4162862944726959, 0.9088345816805135, 0.0013741646801583944, -0.5410061974308715, -0.6167102308829513, -0.2502008131507064, 0.23285054559169274, -0.06731509094991794, 0.46902543793969464, 0.15108996289724924, 0.8740611132316397, -0.14214643379720193, -0.14217557963508298, 0.0852505959387681, -0.588453410046475, -0.570578355614127, 0.522603980963731, -0.7247287113018352, 0.22175269364099306, 0.6609816154212211, -0.852500221041695]"
"[1.941046356577423, -1.639543109917649, 1.326362768938661, -0.5997456861818125, 0.5312499132745235, 2.4358236472234585, -0.31487680492068654, 1.7253921657653917, -0.4724100827236583, 1.0019984321674682, 1.0013687147500971, -1.232321464361603, -0.17493089788278085, -0.8382392945235263, 0.228293185514616, 0.10185990407001318, 0.3928269038775805, 0.8034546557939136, 0.13609869616543838, 0.4904778545719912, 0.5630980020217667, -1.906630168542278, -0.42226586552306417, -1.1578630522722324, -0.4497246405775084, 0.48981874615223375, 0.5934106098177782, 0.6041368766749866, -0.30259833558555665, 0.3562740030552204, -1.5294412451159942, -0.2248418791729677, -1.1085943469497588, -0.07677138597196605, 0.29925767290397415, -0.5157447847558163, -0.0486896427691987, -0.1059652191050881, 0.1568235467189428, 0.055970264537610705]","[-0.580413945867625, -0.9867302054936482, 0.12554048658109937, -0.599061532126634, 0.16327317268989305, -0.871769494694465, -0.6344549470748335, 0.03456138485606783, 0.7438709937669511, 0.269576457512072, -0.5347331034509708, 0.8323420422320463, -0.5300592945581534, 1.4701948285961473, -1.122609853066357, -0.23389397842008003, 0.29206898262216696, -0.30150291945583046, 0.20454825917884475, 0.1669111159938848, -0.18314225549010582, 0.7500619586510716, 1.4489936005481039, -0.6680712029851864, -0.1847891255422419, 0.5648502181212992, 0.15710456473712875, 0.7283287386880896, 0.03558318619786176, -0.42136701537815846, 0.821393530598018, 0.06499888962000468, 0.4689414962784905, 0.6087284507930099, 0.8219073124902431, 0.4364118891706452, -0.1430512302171184, 0.6407347022160804, 0.08268907836443584, -0.5336413000246639]"
"[-0.9195849656214067, -1.63914233898788, -2.0588776660888444, 0.5305608870263294, -1.3388876497262239, 2.597996923659907, -0.49374410224865284, -0.28899272958925115, -1.8786977957666064, 1.194585648279419, 1.3614980048592469, -0.30527565123583295, -0.07492738436322774, 0.0077988638593392496, -0.05461219585698006, 0.42163073437939214, 0.5709546763055756, 0.6698982670004381, -0.19560547271735876, -1.090733836241305, 0.30925459611986245, 0.7558703393106051, -0.058511766723416236, -0.36245811455389937, 0.14711256658463448, -1.0590378454994898, -0.5321469368922906, 0.2577339191772564, 0.5438482264259779, 0.24835889822259205, 0.6653619733624053, -0.16166957746190946, -0.5358397179098743, 0.7516977776745005, -0.38012114390901813, 0.44536175012672546, 0.1650264840187635, -0.039921326713620406, 2.2785564180744884, -0.6487873179997956]","[-0.3150519518731738, -1.3089445817582313, -1.1272227147392315, -1.78074137781936, 0.1947503860642868, -1.1952358557464913, -0.27366494843550543, -0.5344221095995463, 0.9238844670234665, -0.1325272583600094, -1.0542904490659788, -1.1828434009193227, -0.9080125625795515, -0.24208392919050492, -1.196931043403091, 1.219496550196312, 0.06152691470826163, 0.8166350042108951, -0.33587507925042764, 0.06600795993181745, 0.3215328274004348, 0.5725814563856517, 0.32453825781904433, 0.45208836836851574, -0.07879165358579161, 0.38647932020659514, 0.6089901527740433, 0.660697445659848, 0.3549808494863265, -0.12931400756478634, -0.4321559374927404, -0.5026218389145797, -0.2693021007084902, -0.7091867621375719, 0.33541492013137264, 0.7345752265407149, -0.1361008578977125, -0.20009581077337546, -0.014696958954931163, 0.5902106708887486]"
"[-0.764361158726071, -1.83750512483952, -0.4635920532846095, -0.14428768413014062, 1.0081182567864664, 0.4582762255264811, 0.2891489002059479, -0.6203878827221374, 0.4022838535360191, -1.2944852697978373, -0.9109740298351529, 1.144678297595757, 0.8166372619758283, -1.4513229014127869, 0.157903513743296, -1.0136381376577535, 2.1689109925104573, -0.4279509571739269, -0.09675963826505685, -0.5917951907742138, -0.6153361856436352, -0.5944564442701936, 0.5045782976831578, 0.6417859812942037, 1.5900157111150552, 0.38587675026082147, 1.0157457709553157, -0.7420143618768944, 0.3376915519699144, 0.9053421084356595, 0.5417538725207419, -0.8690438276054923, -0.6648893000466229, -0.21124423607263207, 0.692957525350802, -0.596950100205308, 0.00909536522985285, 0.7532410307298372, -0.15799892848570912, 0.40136206506645117]","[-2.4164891144078493, 0.5592433488357262, 0.19056990168883056, -0.429283533023375, -0.644880603853421, -0.7430316828710326, 0.9142477477176663, -0.3985777720967133, 0.40396773492906934, 0.8898336826531633, 1.4256878213190154, 0.240977045816913, -0.0916376936113831, 0.4856854647127195, -0.5111525537657131, -0.7339499915814942, 0.07140951625219179, 0.40871257026796576, 0.6642586033588196, 0.1052539223507836, -1.1893622627695861, -0.2692293482637639, -0.20656016396929244, -0.36789266047052543, 0.38668106694345267, 0.03247365082770831, -0.34681110150351996, 0.522276468133149, 0.3575480773506389, 0.38899025940777104, 0.026211846944986832, 0.5798618001457181, 0.05076128445748906, 0.33412437650199095, -0.13899432189226557, -0.2514660534760353, -0.017915455033722195, 0.37717517175831267, -0.3592973108789596, -0.5020596385829276]"
"[-2.6587178900419737, 0.5259423950841494, 0.3422818682532207, 1.1777132583990493, 1.1813814275133987, -0.0034887255808758524, -1.0476397253104377, 0.09609373837560875, -0.44346407407506616, 0.7338958085661805, 0.1527632322056797, -0.36247979975704037, 1.4379638078219283, 0.9126632925533043, 0.0016957546679386233, 0.6279622833845008, -1.0149874753127104, 1.3535064444239016, 2.3528711683217094, 0.2544592410922812, 0.3958147457633402, -0.03304928277607305, 0.48060949075009374, -0.4324243004771315, -0.0962792209335412, 0.04789467416219986, 1.1680720636150557, -0.7334176014866012, 0.35600196628421754, 0.693118804323175, 0.9204742714605062, 0.8393470234936905, -0.23158755776921824, 0.44259358927787124, -0.40701558587618053, 0.471723964795259, 0.08603720561236164, -0.47284961643071954, -0.3550973196729049, -1.305322360614873]","[2.8555779861559754, 0.8104517690984471, -0.7623136696189414, -0.49733614905312895, -0.2829766807970949, 0.13025390371940093, -0.018284910480791894, 0.3775886637475615, -1.8468908657278627, 0.9317768793426515, 0.0715593854917944, -0.03124529081203081, 0.09571845342124656, 0.4102566551993694, -0.6839370513601432, 0.35373853873653216, -0.4647171645601621, -0.10263574930943678, -0.8098889530672265, -0.025742948003528974, -0.2545222429866924, -0.19253212926492783, -1.1254406071999978, 0.3325197801046761, 0.03151250864655142, -0.7950834290884662, 0.9254689813230916, 0.44544988088459586, -0.5369085950453119, -0.4881892334634265, 0.1616718155714146, 0.1697729702561263, -0.5563339328109711, -0.37666238043162265, -0.3292280021150647, 0.3614325196506137, 0.23264004497176025, 0.6570383936465661, 1.3661661473448559, 0.742345936887707]"
"[-0.14037884203866105, 1.34520317750364, 2.1562202787337243, -2.703645580429719, 2.8862097733621503, -0.6102733135587809, 1.4804294402281537, -0.6403979614585072, 0.0982421912196466, -0.12255124640030425, 0.3919156053940214, -0.00903746938846028, -0.685867447711859, 0.4176215898683995, 0.39196133817221557, 0.33378327648806044, 0.10909992159649393, -1.0583064533971376, 0.13451710065924324, -0.06876178826962895, 1.0899522100217445, 0.049233333447152944, -0.5096228633036165, 0.9819087830466023, 0.8582615552134253, -0.138425200245325, 0.38731692993912925, 0.5812912171328884, -0.05005385332702862, 0.5035747691625113, 0.058124166435176636, -0.32621002017876594, 0.1067666031162098, 0.3356232980795436, 0.47595854256024334, -0.7284836246511307, 0.6108617666935555, -0.1290574198381891, 0.5299467067073307, -1.4402270428680535]","[1.2353152719093405, 2.1577228117246925, -0.2723019688158824, -0.5662230218652486, -0.03851724184665104, -0.8233039105284654, -0.7520470439752683, 0.6592215203472549, -0.7602323810320444, 0.1029932423056343, 0.4774533774147397, -0.3498953658713962, 1.5863309039522624, 0.8419498908703948, 0.835373155163815, 0.6912870911639191, 0.3298599409660202, -0.17598014246698027, -0.3624999251539443, -0.06628891569445929, 0.30023946044426647, 0.09947174305918023, -0.16545639465688095, 0.5510497852151208, -0.5227797114257996, 0.20659430180462124, -0.5221678283138506, -0.5273572485414261, 0.02717738977637658, 1.1655261179827932, -1.1901463221556612, 0.4807071245393255, -0.29567337690227324, 0.4420374903323336, 0.20936536109972137, 0.6486273864885523, 0.07467818788531812, 0.16601753536326277, -0.39912093331330817, 0.7795203192990406]"
"[-0.19293418179793026, 0.007747534608199122, -1.1624298165399685, -1.0665265759191915, 1.0844545500724165, 0.706039273025476, 0.6263304610585491, -0.26696618017373014, -0.022367436860725922, 1.7981970113568428, 1.0015410688443902, -1.0804179320236456, 0.1459489236204808, 0.261409101314896, 1.0028887567907405, -2.2570400363220795, -0.980215971316836, 0.6116254634638268, -0.21243235873805424, -0.6436234558671162, -0.25185239063380854, -0.03671244486128612, 0.7520344961388622, 0.5736981363030016, 1.3590878662594723, 1.4358647056341067, 0.13077166182201916, 0.3075213872056913, 0.11844853519536136, 0.4142756460241544, -0.4546148916961375, -0.0778301078235955, -0.20230828688688385, -0.3575335680333659, -0.7348038302480465, 0.7645371788784734, -0.8561714343040402, -0.13468157046528847, -0.14202483422893286, -0.7205898215688241]","[2.2504190513559523, -0.08552078779268434, -0.1506992315554192, -0.34966112934171173, 0.3950632422080413, 0.7287870464885328, 1.7848072956818142, -0.3495951487001211, 1.5126463008725375, 1.2726258797191232, -0.8277076817525401, 0.9381249445956368, -0.511540949090502, 0.11188776143333143, 0.5543515211154381, -0.05787992051123586, -0.37031094236433015, 0.238152379145162, -0.49632165619651897, 0.09072516094947256, 1.1784729161374319, 0.4359219277370638, 0.19937680973700003, -0.8325297649901994, -0.6820357645993088, 1.1023416308914047, 0.9547189549511116, -0.9535472260646243, 0.529875858234173, -0.3198900478523017, 0.027546263689117872, 0.15400559114180792, -0.6008727931549076, 0.5665460269512284, 0.19546124672290147, 0.3796445843030159, -0.003207327737729076, -0.10451956301761818, -0.1372243000424605, -0.5994377178701453]"
"[2.124811489128397, 2.9370268829420874, -1.8362910228630163, -0.7769061920426987, -1.2185391718690606, 0.7780473841734592, -0.03639961007722347, -0.06459851345723315, 0.2995627537765169, 0.7692329416289274, -2.227545791232357, -0.6822663308179872, 0.16387770974869326, -1.2678230839134175, -0.24268694090277654, 0.3922468919973451, -0.12719091893506693, -0.4774876026010151, 0.20716436420375262, 0.3030092364575462, -0.35426590195952057, -0.9673127810132914, -0.49008551195739075, 0.18305152511929926, -0.8407495856436018, 0.30006573524500846, -0.3191103177114713, -0.18116969413951545, 0.022554487723740555, -0.506736294171733, -0.050025733236677264, 0.5750638690499893, -0.20112481190665218, -0.002308646746732853, -0.022075397938960534, 1.116306502083223, -1.2008787993752645, 0.4746722027540828, -0.48146454354069246, 0.09214479700460733]","[1.8059298937269703, -1.7724141068834158, -0.6232090278965555, -0.7497959988458401, -0.5698962477926873, 0.6344606246910305, -2.1219429086261643, -0.7363214729181874, 0.695054512959217, -1.0762750624271815, 0.3795348265242155, -0.008100331737724243, 0.6178450990141324, 0.011523704398192005, -0.3004284744143317, -0.38359240000553063, -0.8555340913378853, -0.7050601451545229, -0.029838611769564084, 0.23944036056994575, 0.2331838581629949, -0.09112418130458481, 0.10822080479874847, 0.0919073632267267, 0.23547800964248708, -0.09227794736189651, -0.02292950295420823, 0.07649592733675456, -0.839024959415775, -0.2046098411027792, 0.15448114259662363, -0.6767173584877653, -0.10627796904048359, 0.14791911172299024, 0.4849719985988657, -0.580558464851808, 0.8704459616026486, -0.20311130331992, 0.24957550917937832, -0.07514476523454652]"
"[2.849344006317912, 2.3483117002216876, 0.628618586985152, 1.755312406191906, 0.5865906071111313, -1.1191051091013458, -1.2072574510499068, -0.5956291196160527, 0.604297445317461, 0.8992749973186406, -0.03434231342154926, 0.38162595904271424, -0.04842421767697636, 0.7643189930653714, 1.7511197530457536, -1.1033654504602817, 1.6091340993909917, 0.7377174157051917, -0.22289354009811319, 0.20965653042980537, 0.5541928857036234, -0.09029570511463651, -0.9166525993029752, -0.8052185925429265, -0.8971481643929914, -0.48315940873574154, 0.42835590270826596, -0.8025881579230559, 1.1775555360949923, -0.7818300366100139, 0.3006430873085515, 0.22017481825329976, -0.22093690251372375, 0.5231949530189226, -0.4851678353905556, -1.0224431420562334, -0.03007512484044332, 0.4357296845137766, -0.5504157681712268, 0.6346542128479168]","[-1.3301633895426719, -0.08696453759790175, -0.4574688819768422, 0.4168809961854677, 0.4504326919920689, 0.6215251475334572, -0.6817293582735016, -0.6810874381338625, -0.12839424353956336, 1.0550289576553842, 0.5432926467511162, 0.18520743138960957, 1.4017455571432045, 1.0272823979167351, 1.3846369521405417, 1.0538916241566947, 0.12795035936380203, 0.07120494922926733, -0.21939131409942142, -0.2914452445756671, -0.6168122213935752, 0.48592385362541607, -0.48632524347733447, 1.296243571943579, -0.4173374729225342, -0.09496414169757293, -0.11179815679579198, 0.086706393086446, 1.2755328117550497, -0.3463855051411357, 0.5642079935992943, 0.022041722763053294, 0.05673124232688653, -0.1349950438708831, 0.04826850199508331, 0.046741118518561234, 0.30798421349903704, 0.5483515710912511, -0.7123839826104942, -0.06959714573547811]"
"[0.7745828166064659, 1.2634019766834266, -1.7114189108591775, 2.891645506497173, -1.3486389796326037, 1.8178398785602197, 1.3709684974862297, -0.6120946113408825, 0.6792610778035035, 0.26056224766787056, -0.6741632183266998, 2.0887174908235746, -0.6404458001599228, 1.2444667021500828, -0.306067620442296, -0.598706061265485, 1.2758072764588373, -0.5752219750494235, 0.009078467646693083, -0.2341716997823228, 1.494979577768961, 0.1417835504866757, 0.473357587627683, -0.3900265517533279, 0.5059192536822466, 0.7787952045592227, -0.9215754215419139, -0.47208720404523274, -0.9236784027569213, -0.4650260720556592, 0.7276112836287265, 0.1937076861703775, 0.9596151747018935, 0.14273744991619705, 0.17845983102581248, 0.01594034394120744, 0.9281164231318697, 0.5981211800689369, -0.46871895740625596, -0.37407116217569136]","[1.3962793957711104, -2.115552443276534, -1.1313989797428698, -0.13440576913313984, -0.9084930588744972, -0.5538439619749881, -1.437790322797981, -0.08176002617658815, 0.35297400508482213, -0.5691769515628821, -0.58090890991551, -0.11540972103641339, -0.26368952920113253, -0.553350283177538, 1.661445062994808, -1.0223598936633433, 0.2336241497002938, 0.21579708647121365, 0.1855181759816924, -0.47599206542915945, -0.3162644391728339, -0.17938673781604153, -0.47399129680771424, 0.415829859678339, -0.7066268444335783, -0.09083706279794479, 0.30127962664776364, -0.17764053070430869, 0.044121410060249076, 0.4218757085914612, 0.19915835079088018, 0.14078083080963213, 0.20522937519500578, 0.4288562926731527, 0.3028410281541724, -0.016859073886470108, -0.2176471300534698, 0.9827364337736123, 0.013639052375544154, -0.07125955700672111]"
"[1.553023230018425, 2.890389306875399, 0.9428313400497063, -1.1841320733548184, 0.28669726138918045, -1.915941763675299, 1.0187674990149467, 1.6148175257884845, 0.5924169667184229, -1.259775407186016, 1.3547833859120062, 0.13144691356533694, -0.4184448869544097, 0.33352156489720314, -1.0623464650672143, 0.6771703031974408, -1.0222634522651879, 1.6342855590956173, -0.2463672408731875, 1.3543202271776362, -0.8164427320756819, -0.51334634082236, 1.2745462741611664, 0.0791032816735773, -0.4974669213467813, 0.04489413860119836, -0.4220840550794202, -0.9960282858910822, 0.23189183053818863, -0.014388954656284828, 0.5161433617070149, -0.21566746323052177, -0.6786812860248851, 0.16396986809898365, -0.8661979241945026, -0.817729555459414, -0.30152737623934645, 0.3796274965978603, 0.2145564773537157, -0.21068378012940142]","[1.8709293316569484, 0.7467096731569579, -0.5777161250509394, -0.256281037954719, -0.025644297408391206, 0.5535445686785766, 0.5702670661717115, 1.3791657905677162, 0.21940060346777526, 0.7307773555328596, -0.24272863077642265, -1.0039555404451386, 0.679850632945517, 0.1650136057668726, 0.7142416462467327, 1.1021353524465785, -0.11547859074411394, 0.01651026678042178, 0.2837172498541227, 0.8827904428238857, -0.6463940959008588, -0.4441045715016201, -0.24356305041047535, -0.060724167457099604, -0.6849884046340204, 0.12770486758455038, 0.1002158172036774, -0.5380587790245731, -1.0821965172659544, 0.34195180976625295, 0.4176240166655779, 0.6682352452692534, -0.280207778035946, -0.926294022986058, -0.23393907776688933, 0.31983710722703657, 0.35338200447387125, -0.24896605876141517, 0.39243382569148766, -0.048648107036486574]"
"[1.0052894570153939, 1.103440622603189, -1.4133826909099443, -2.452833744864342, -1.1551006797919021, -0.9009144201509358, -1.1189432583363155, -0.3152049568382608, -0.675628103442347, 0.3015833458371179, -0.5820526970771152, -0.2633515749421723, 0.3384209638921373, 0.7513468869413025, 1.0672056538633448, 0.8051278864193754, 0.6950768926850143, 0.2290945253894742, -0.5782956689787399, 0.8825479218602833, -0.3660449589500872, -0.1707798671921379, 0.13231330152725668, 0.3973393256152748, 0.44701803043268584, -0.6314570576914859, -0.35402318414121847, -1.2374269356911811, -0.03804392726407189, 0.34779506479333594, -0.2905866758873114, -0.4051414646050158, 0.24160146616823272, 0.2850482991774541, -0.3951903506855264, 0.33936721585185253, -0.5053643551460891, -0.5051797094568289, 0.41202264640082403, -0.12064971424272175]","[1.645278979739084, 1.0992934372612138, -1.3445004456032472, -0.9191569318451019, 1.2297847794115195, -0.004551956362171817, -0.700321894693135, 0.9826742149834807, -0.6062737275328136, 0.3292531267850838, -1.3464778405607807, -1.204573272021164, -0.19478003974238053, 0.7679480284574486, 0.5222903534543883, -0.78134388754019, 0.23851024111605507, 0.7771043710794645, 0.18836737598976824, 0.3376668397524318, 0.3378328476808757, 0.15540867262375968, -0.861896630432183, -0.10722989883723914, -0.3482650441148859, 0.24505117981383998, -0.4583062817297999, -0.4711001170155959, -0.44868453732482383, 0.16105326626094235, 0.25795711706766594, -0.2560604081936901, 0.3109833302991682, 0.8823998769203112, 0.4192214642501215, 0.23422543355311942, 0.9640295106083803, -0.49894911851156776, -0.34511536758633166, -0.06804293223174879]"
"[-0.621991864204154, -0.34176193206285754, -1.1774305432213477, -0.9890734924403488, -2.32613092459239, -2.698951898981666, -0.450599526043738, -0.1205117690614854, -0.24600933137906913, -0.1027709654148935, -0.4927792394010576, 0.6699927324713917, 0.5081870383674628, 1.681956474610991, -0.3487923013190468, -0.7653161047084184, 0.6319306462428669, 0.7830150419073151, 0.28879728150424, 0.011033898370576563, -0.12268251005354704, -0.10430585839820176, 0.458055319922719, -0.9826965845622505, 0.18900512692801325, 0.318763514146492, -1.1260465151063466, -0.23303604519198032, 0.2628966058967224, 0.1285480430045954, 0.14462903245761125, 0.4117734675286836, -1.092722794494935, -0.22666552585606736, 0.6316317208445537, -0.28143969366729094, -0.6669073046802444, -0.5663340231438899, -0.993385268554666, -0.5887832975736508]","[1.3237917856301888, 0.013279956325795542, 0.4318502083433789, 0.7276592976293171, -0.1437288220119124, -0.40865529280360674, 0.8013833510865925, 0.008168556568031756, -0.621445155237839, 0.09661687833622823, -2.7956952420242773, 0.34156122269584427, -0.053643804471877624, -0.19885756770802773, -0.18896180786363648, -0.301527652180897, -0.42481784342957357, -0.8043774026789137, -0.5037429511443905, 0.30568430787818257, -1.0596641990955398, -0.7891714163949141, -0.15522498003218646, 0.31305542267774605, -0.6393373354348658, -0.08883356962328906, 0.4855507248198109, -0.41266248953656354, 0.4122886286064825, 0.050519721287665756, 0.14211291290263667, 0.381050840677354, 0.154284847037884, -0.6234219593427202, 0.8642409427625505, 0.6937959727414742, 0.35495377176833726, 0.2341677022043463, -0.29373050996778766, 0.27296838058999584]"
"[1.065590873042104, -1.7714103962316472, 1.3375913987752943, -2.812462315128076, 0.7238868561444125, 0.5811780624531923, 2.2457305969073977, 0.8082908633072411, 0.16248929200367615, 0.31582457982133655, 0.7817009740209256, -0.9075671317372384, -2.210226719603541, -0.8010246685222613, -0.25054989629005114, 0.010270541978874344, 0.2688896384591643, 0.9114945789022657, 0.3267237543324601, -0.23305731966121784, -0.06405152093190918, -1.755791064857264, 0.3929501580016887, 0.7570032417947746, 0.09500397167335597, -0.21572007889587352, -0.7659024682881362, 0.17021701131797584, -0.38587566475890495, -0.4273318796607221, 1.0888824505505132, 0.3350414874443489, -0.3193522413838535, 0.05141100015106946, -1.1691155004955638, -0.2803669941557711, 0.40197565508028876, 0.8427244047281001, -0.2973612758357586, -1.305465270082101]","[1.3953440579484455, 0.40629772774979767, 2.3582813497098947, -0.7698766055155275, -0.10451138668761521, 0.20683968164802832, -0.2663275536557146, -0.04698671865775548, -0.20970265303159616, -0.05073629763617352, 0.6718286310513959, 0.23526154141028405, 0.7759383426396286, -0.20962144829874724, 0.5832908115641046, 1.187252668835995, 0.7452539292083594, 0.27573957831946433, -0.18209924071359526, 0.29872058038238664, 0.8326406088002132, -0.3138690976763409, 0.5333845378936134, 0.9885559459057689, 0.2580323481345651, 0.9291888632148491, -0.290061194098801, -0.6390770039520837, 0.16067490424648725, -0.09796395204973475, 0.28158276238335317, 0.02242578758992352, -0.6979568726250277, 0.27571402385827243, 0.4845297949448349, 0.18220861458257911, 0.003837661502716015, 0.6239766453800738, 0.19100000869157474, -0.5403137933802921]"
"[-2.22986483245753, 0.13608987682977877, 0.9687751566417965, 2.5985798058304046, 0.806594728335012, -2.1418195715774107, 1.2334667084889561, 2.3849633389221916, -0.7449637874288431, 0.06896835277407647, -0.8004421401692977, -0.07725865452368838, -0.5326350853606504, -0.45019109350413694, 1.4307728020493098, 0.40735097239970286, -0.263488766303059, -0.496322576933669, -0.31656720138888644, 0.031810181469111735, -0.8644128778247765, -0.2243909325567011, -0.2601173063441324, -1.6917074933635872, 0.18582591752043487, 0.05156992683421501, 0.5748735408425533, 1.064908936169507, 0.18421482381915613, -0.5418074853101983, -0.1780486179593236, 0.13254922399493527, 0.33519263249301534, -0.9470520490388973, 0.026998598554901942, 0.17901385357428443, -0.16736684733840881, 0.6490555205640863, 0.49151336794483835, 0.0029962536132919107]","[0.6645563003536072, -0.36318234090442275, -0.24944035452095614, 2.0290482755674284, -2.4356554275053273, -0.24100452165585276, 0.6000018226229399, 0.09378056247807724, 0.566247377963057, 0.01155631936901404, -0.8853490820284118, -1.576531855791489, -0.26628329378091414, -0.29434236576655426, 0.2791513576464293, 0.5111432432706772, 1.680487437050562, 0.8754385969945061, -1.1341517672397055, -0.11434799446790854, -0.022686764643121363, 0.9484174691694176, -0.3118549351308423, -0.3364422355145134, 0.44713976262373817, -0.8443780038181657, -0.472137252380593, -0.2036076932798171, -0.17558666087431107, -0.8174870098746737, 0.7567721230966701, 0.17929150740730873, -0.33539493265682535, 0.26213805925809963, -0.6563871565625249, -0.027444109054644387, -0.22683965813677062, -0.2481672963953515, -0.21638780865791885, 0.18516056002199402]"
"[-2.215102846013269, -0.4985351194173419, 1.71179629819466, 0.33010927975186827, 0.6558791533595804, -0.5152335579218114, 0.33453048954228054, 0.5799140509752986, 0.33898477049381615, 1.170002678412625, 0.27938878896391356, 0.6602026303395261, 1.0926440940022095, 0.46450635722292044, -0.2761501087817141, 0.8386570860244349, 0.6403634230087349, 0.03796022909353416, 1.3855365395393107, -0.41686856162926605, 0.6834090882514707, -0.3683170093539965, 1.1872173751619808, 0.052227806278823175, -0.6680986615946447, -0.590756893167187, -0.45127174954150956, 0.16041723536843872, 0.02681589558624662, 0.37002158127911744, -0.7255876290898312, 1.7513367457392088, 0.7715555833256103, 0.35470833855754985, -0.45091260453076215, 0.7016165004395348, -0.4285717748791758, 0.1265927103184034, 0.46355295604892244, 0.9886776109794314]","[0.6494375874154376, 1.6288912222034744, 0.060997267609875935, 0.1990884169069788, 0.025208954572585686, -0.32627575898610894, 0.45841665407114157, -0.22418168630380378, -0.8208211908048269, -0.6714042020010661, -1.8642825567550854, 0.5720927945572334, 0.3704769801581305, -0.23981451512551497, -0.2525883687798398, 0.18242728508670836, -1.0351890742026748, -0.24238630064709074, -0.12870725684649892, 0.2556767623013244, 0.3549078463786055, 0.5974141492367924, 1.1335395905252963, -0.18901533384467187, -0.15260378625713653, -0.7196197776930873, -0.17849217321191269, 0.10669087893745502, 0.3282613182526767, -0.11891595781598367, -0.3516548393223204, -0.10084091802138742, 0.01960688911887143, -0.12598017643398698, 0.15856889505747748, 0.2073486692000211, 0.1882693227342919, -0.48392983489886887, -0.16720721021193843, -0.491892852125271]"
"[-1.4935278025004084, 0.9298072177264173, 4.0672986070990795, 0.045715077253069385, -2.6141640581568972, 0.8443651268162539, -0.4438154065000244, 0.5708217974062769, 0.660181119406553, -0.890147101079269, -0.10296446709180754, -0.32049524640871113, 1.0607129787416536, 0.18421708423630967, -0.03990670697274029, 0.026911895839735953, 0.553103864155699, 0.7008931627969591, 0.7354804127761224, -0.33758932825795673, 0.5723808232294385, 0.40708900062386333, 1.034306145379402, 0.2811459790006055, -0.4056501060001134, -1.1562370519735432, -1.1919182174016196, -0.2974081050896758, 0.6269827388738392, -0.38511685413920127, -0.8722140096969728, 0.737279957968773, -0.4423277738608867, 0.08184872889367242, 0.606382081439806, 0.03816465180418136, 0.8128002923951115, -0.349324452375585, 0.1546403101254064, 0.4309356334648298]","[-1.5261239418392656, 0.6928798179121675, -0.7739339383822353, 2.1973154814048144, 0.5140026231901073, -1.1875754380637888, 0.2178600493128768, 0.4005303223302618, -0.1038686377158782, -0.9836542440586938, -0.9568527744745688, 0.023673879716452212, -0.10345738661698728, -1.2013898786684487, -1.2054934684303427, -0.46603015796869807, 0.3682909647537721, 0.1660363584547828, 0.6351909640650245, -0.2846268660876059, 0.48765062711123325, 0.29299349916808193, 0.44333969682923885, 0.2430265708274576, -0.32464321002660973, 0.685632912562827, 0.6388816481830478, 0.1880717870410464, 0.7005373073086765, 0.340946621160801, -0.7996385876006822, 0.15596335391223862, -0.31173616105397356, -0.46012353472190526, -0.15453064062257954, -0.9051346824335442, -0.12492693426588859, -0.09689034674753369, -1.0484019800130164, 0.07623371159095715]"
"[-1.343451649952413, 0.803436313450584, -0.6162476821168, 0.17335447095118167, -0.7044265956318778, 0.6179000806684387, 0.33377911843413427, -1.0041100576646433, -1.2785196850721732, 0.20872596567292817, 0.4947409424301534, 1.4476557046625713, 1.7094076010205883, -0.13635473312850385, 0.23380889437295407, 0.5353648177522875, 1.6342036128004223, 0.24521143488082867, -0.1578329197932282, -1.282339003249638, -0.5378396832839786, -0.10107156970924953, 0.1846942909314203, 0.5346225423428008, 0.6665426588072291, 1.4219024111981804, -0.010508220974640135, 1.2835273639449294, 0.5124131574281133, -0.5398984620087033, -0.4424713264018638, 0.09775334216203402, -0.4438019620557502, -0.3866488444578074, 0.8964827719263978, -0.18009529377672173, -0.2890012793989298, -0.8738261609105227, -0.3296653033781314, -0.5332017826754509]","[1.008365024439344, -0.20813143508240894, -1.0590436349624546, -1.4407115700073643, 0.11170143376939692, -0.430418413671836, 2.405665012230167, -0.6146215849601576, 0.5865620888343036, 0.06557799003715693, 1.1933539421990038, 0.2492497710355704, -1.5120297715827988, -0.04930596648817911, -0.027978505394673357, 0.5809166574860773, -0.544002211296285, -0.9848480371980883, 0.12126606428062565, -0.2922048726624078, 0.34664847095359136, -0.19039075383466922, 0.6178003085302242, 0.5665845003146915, 0.4648540765333649, -0.24635069263292583, 0.36226459047592835, -0.06950234017517729, -0.03831765451681771, 0.7071165138893395, -0.35497065946377054, 0.29291093678950597, 0.32869739095278405, -0.11979287488304706, 0.2502359664641141, -0.3371092783239947, 0.2140311975321659, -0.12187682802852187, 0.09151286460567815, 0.17129599745527638]"
"[2.648338063608534, 2.552156065430641, -0.4792390369763516, -0.6132011824567458, -0.7511445531707582, 1.7930242695412943, 0.47787877199312595, 0.7381462878990999, -0.00898310517870583, -0.15471363308209787, -1.5658341631240638, -0.7890887632544443, 0.3180628393940326, -0.28379805429073446, -0.5919809572467054, 1.0734610060816727, -0.008804158339132551, -0.7811139194663596, 0.848727090231865, -1.2153095004426473, -0.4704278700920046, -0.5406984457252786, 0.4656673333167253, -0.9259131356097386, -0.29274656532788723, 1.4341706791788205, 0.814273282526531, -1.2877566289416993, 0.2690003160277236, -0.6216836525396642, -0.2558803070457048, 0.5684188247337518, -0.5473602749944501, 0.3485526980697615, -0.3408322060442828, 0.0813336702565333, -0.6411386865621503, 0.271038025439414, -0.2608142083748743, 0.5845403999340071]","[0.40280016885693065, -1.1052373203804182, -2.182984047557303, -1.1897987969423962, 0.3673682549733237, 0.48409910149627405, -0.8194227549604497, -0.5975187517764206, 0.4951722053952853, -1.1055396880363035, 0.5590676751665962, 0.0005089639587462424, -1.0219918350139787, -0.5784596743186954, -0.283394141740467, -0.3815995460162464, 0.09088140786969882, -0.3504347966816934, -1.2904951672157476, 0.9404905768079914, 0.30194999784424015, -0.1720445474850954, 0.3710595014116439, -0.13214234475128533, 0.01242073682135897, -0.26971637028573375, -0.3965070906914289, 0.051276633944663905, -0.5112921202422849, 0.589773355831198, 1.10570028099611, 0.060006596282913355, -0.4412638062422683, 0.1856510849029925, 0.11050748315625479, -0.0895373410177694, 0.9976466365878988, 0.21712024166854776, -0.6543988365392494, -0.31812645179038085]"
"[0.34417350374306643, 1.788344074640398, 1.9473277515241967, -2.882412011381896, -0.36393697941974407, -0.5199984622357018, 0.30013358388902284, 0.5221739536755085, -0.11208999466471484, 0.4480815649036975, 1.0671152085845073, 0.5959790683011665, 1.0829554242480466, 0.9302159168685213, 1.3865773149152338, -0.5640352143961624, -0.996333662766448, 0.22680188904043105, 0.2024937043281652, -0.749443513567747, -0.2062682711384616, -0.16735568454481226, -0.13523101567988147, 0.5743799331655917, 0.5812803137317889, -0.054472815916677644, 1.7370413549056996, -1.0518046703262496, -0.3076125559917666, 0.20528578449671225, -0.33379406621364993, 0.012272993971334184, 0.6491376811437037, 0.6569151626737904, 0.969493007988515, -0.39772392514038646, -0.6463170577073343, 1.157615602659826, -0.10321127687854684, 0.17019272792927606]","[-0.279985722838243, 0.8785754135482395, -1.0138474830075743, -0.26107591485196513, 0.6412057109517968, -0.6343373162927585, -0.2955737161726735, 1.266473149859129, -1.5266666141426635, 0.20920248092186122, 1.616524282872634, 0.6835071686226074, -1.0384414438177316, 0.07734851057610433, 0.40040828613364077, -0.25556898143570106, 0.38777928176424037, 0.07028645220743167, -0.7559648201164026, 0.2608748422026147, 0.2949292036768104, -0.5589287594415016, -0.9872380164618855, 0.12315726755298315, -0.4273557169672152, -0.6793314614447038, 0.34106707770122063, 0.5519023035107364, -0.47212967992126537, -0.8554765474663871, 1.2522964547142288, 0.11288165060731427, 0.0394870850951728, 0.5423048933924444, -0.08036446538812579, -0.06003032939793754, -0.09264389402961645, -0.16054248211093816, -0.17247078224917026, -0.42861106193563636]"
"[-2.1498573910531347, 0.6003010700374842, -0.6404138160343781, 1.6816462726876866, 0.17786757073401152, 0.39192715412785184, -0.5871384771030641, -0.46288614995423144, 0.01175524945286155, 1.5992517176806267, 0.08517793910197584, -1.9807784557437587, -1.7200222985646807, 0.2931776504739799, 0.3944975411741569, -1.0847480494774127, -0.20581887255669476, 0.5276917651955035, 1.594531806673324, 1.5647879125944015, -0.12976526983187642, -1.578403374800799, 0.19912623113274633, 0.31980321089983516, 0.3807970034842461, 0.7234103321493287, 0.4863261246845942, -0.14916318764197053, 0.6217264533457166, -0.046763709951803116, 0.9191859295216146, -1.0298697667940953, 0.13382303836601472, 0.7642761806449965, -0.01252494869064037, 0.15174688389295551, -0.5487726395651982, -1.2449065806215194, -0.5129087234152083, 0.5320889420218169]","[0.3313866693722651, -0.012961462383783843, -1.4207088287047618, 1.2623285971395874, -0.9650709081592688, -0.04450268644290318, 0.6806536914782624, -0.2554981658683954, 0.16872084229780307, -0.02992619942494881, 0.5449480836208552, -1.0829163062986167, -0.34926765897031503, 0.4598371114264025, 0.30946827321025316, 0.014487722781751037, 1.0306926695859941, 0.08085677457929251, -0.46657172421957954, 0.48221440919754927, -0.021258052112465075, 0.22452105112975815, -0.5096716143117215, -1.1295635261127592, -0.29562273556504837, -1.0631466272675592, -0.06163195854413659, -0.7279334263653783, -0.06880382644087653, -0.4801693091648193, 0.6720186273356111, 0.9175770763509622, 0.08065083780974465, -0.22524329403089666, -0.16934196548373381, -0.943353321560603, -0.21991468738876202, 0.6931902651856185, 0.5024579503012375, 0.44748077642022505]"
"[-0.9155654233299053, -1.5189955009908283, 0.757846194394921, -2.6712836809634606, -1.6519646092935532, -0.7107140187822721, -1.7396425769414383, -0.14836512030988086, -1.617418037220076, -0.20707079857327998, -0.6764900751709377, 0.1685903576361432, 0.41284886239040036, 0.17313418546700524, -0.8027234873177085, -0.025053031770418715, -0.2887065063842999, 1.3933803020210946, 0.4873248270220615, -0.6878504181257517, 0.13756036234300328, -0.22324603635337953, -0.6377916843037305, -0.5646252257333223, 0.172547991412545, 0.27153150116651287, -0.9987162391363862, -0.07846829002439444, -0.22602780267588055, -0.21145492584887518, 0.8117079639840222, 0.2128047324760464, -0.08242433765846664, 0.2957511824578961, 0.06718147604185011, 0.6201651048615124, 0.60383519054792, -0.14266301520641145, 0.6738294712367513, 0.3718802730606136]","[0.4546772298376809, -0.09064215564644733, 1.6249948345650596, -0.817952399993005, 1.0395325117584397, 1.37655148270056, 0.8633997579905799, 1.267762830274152, 0.28143370946433244, -0.7979048376406681, -1.49961022377141, -0.7550523460676667, -0.7480869041465253, -0.0965319440190574, -0.035587404171307596, 0.002728413252691649, 0.14590494494526635, -0.20472886134501336, 0.3870905357126371, -0.901107826381346, 0.34519899629635903, -0.39386073391865656, -0.5359970176311898, -0.43564892222396745, 0.23638108884517545, 0.0034144438102055373, 0.2989033577562577, 1.104718156315611, -0.24846553718557335, 0.12246742420338694, -0.3654082295899559, -0.6655986005651193, -0.04277689761320321, -0.2168831757556009, 0.38260093327966177, 0.15889075817827167, -0.014376260707791614, -0.1619117096834804, -0.6698178076377466, 0.6094184728178049]"
"[-0.0777515919662618, -0.16103893672932973, -2.919444695099558, 0.4596706278473289, 1.1570509953392594, -0.6411402342319417, 0.4827939297626076, 1.7221856502779087, 0.4765833280191945, -3.1637661226955185, 0.643527552383113, 0.6720432856249449, 0.33675573622170135, 0.1703111158649242, -0.13452215943733936, -0.10113368546696867, -0.25354574975872324, 0.36223036602000236, 0.5579499368674167, 0.661222677195144, 0.34895456661033364, 0.5018647054798026, -0.7538702390782047, 1.7353664219123732, -0.47324252291505636, 0.7615390948808214, -0.4158524144937377, 0.7370701097800347, -0.13497281733120362, -1.0610179901491048, -0.09601237140460557, 0.4900850931356636, 0.2929268642076079, -0.45937252096607756, -0.3779275262005521, -0.01340608918884915, 0.48588834940491865, 0.4243968576578576, 0.822400722615657, -0.30298412371355365]","[0.17987428640411599, 0.2328353111404439, -1.2280008876239634, -0.19595221115445324, -1.9337525384793948, -0.09160791204080436, 0.481428004868377, 1.0619230415266123, -0.5995290408312289, 1.0606837536779798, -0.3384241304268236, -1.0208630443925553, 2.132649261287988, -0.534383835160384, 0.6227150083578432, -0.21887297145059412, -0.8368245815046211, 0.9084352008621837, -0.1799052849770853, 0.2707000483214489, 0.18147378202805742, 0.08789291709183593, 0.7418787308862776, -0.1638918180316046, 0.31032265407105686, 1.225177291748609, 0.05135506698405862, 0.9665957555390212, -0.5863522339529287, 0.4384517671799925, 0.2937187011542214, -0.4855214310774562, 0.41668886174056163, 0.22856169488534173, -0.5097004135737753, 0.4883568721753672, -0.3736897860215368, -0.39585158906978035, 0.27395605822204705, -0.30599398034600706]"
"[1.8502661287242226, 1.0846139284923249, 0.43153529661752327, -0.9025918987732784, 0.4942153472558852, -0.3496177082498334, 1.0715740891267478, -3.3361650101002938, 2.274263773956213, 0.16581731380237466, -0.16591235330049642, -0.05498984195780111, -0.9119074509273302, 1.7463328371055418, 0.6148180182491184, -0.22414585090800673, -0.41148686070477675, -1.111460725126194, -0.6427321483714599, -0.8600365948962304, -0.7775499176585012, -0.28812849139430957, -1.2970776623278808, 0.2009407727160185, 0.36958832941274145, -0.30779040078595005, 1.0885530675985, 0.43139076988770275, 0.7855559068230002, -0.18826005180430866, -0.01680732150888655, -0.6074462698021459, 0.3682381134709804, -0.02514384760457509, -0.597082711505916, 0.1778059542964252, -0.27377585015300077, 0.1399284500066657, -0.005283104361965901, -0.8915720843353693]","[-0.7106379268200343, -1.007232886041934, -0.6012002793563709, 0.5056368840403503, 0.34362755590338095, 1.276145629027183, -0.8323177470914142, -0.16808127668767664, -0.040133787139593854, 0.4226419980777446, 0.44077752949928617, -0.17228126571557015, 0.6801472334874356, 0.5663473479486434, 0.3175411798724499, 0.8247273532953101, -0.4612298303894877, 0.8348882066692711, 0.04115143196260626, -0.07371107755929147, -0.7181689522680083, 1.392140345678573, -0.09110446828570662, 1.5116229312583385, -0.14862105525695876, -0.523441387116015, 0.6893879217659189, -0.09853773758044677, 0.712719712274199, -0.9308522573589699, 0.3309544004582174, -0.02135340056284231, 0.39955002395990546, -0.270795686395854, 0.7524338355686996, 0.08904122647661507, 0.10448339246076647, 0.2604934429191121, -0.7225434924572078, 0.20861166809718104]"
"[-1.7905061988567041, 0.045726826885923395, -1.0378501943189364, 1.4319562151292389, 1.581699254740455, 0.4114504796585707, 0.02687542534265096, -0.48110291873312544, -1.2744661537740478, 1.1995458659921687, 0.61164328844431, -1.6463008408298547, 0.910877700889083, 1.7133266859437088, -0.44633222659632027, 0.04041158830620548, 1.2193894992636927, 0.02643002177450442, -0.9597075704872642, 0.19629619728036785, 1.0763644711557716, -0.7462798123066418, 1.3983052842758892, 0.24941153717294848, -0.05177078016996354, -0.28129246065926383, -1.0247980431690598, -0.7612701584054401, -0.8916026633614033, 0.5291883118915689, -0.6934951412764268, 0.5892260213606035, 0.2614347542764258, -0.6709198300176585, -0.4542399258220762, 1.17829648332573, 0.4261564869551786, 1.0344953985976013, 0.24340021905365583, -0.3598071058371843]","[0.8894822370468726, -0.6672805163446623, -1.870232713569349, -0.9649685582786622, 0.2856481787381994, -1.3183143048606893, 0.18761879873990941, -1.2512659056089503, -1.362849384437268, 0.6822474136816361, 0.16056250294755955, -0.38522671472981335, -0.5575293252131177, 1.6513844145131718, 0.09018720319831577, 0.7551274411325878, -0.2616757433675067, -0.616369341664436, -0.030479637184336425, -0.8690472907802572, 0.11143835737629394, 0.0968300439854053, 0.04396947799297946, -0.7876630177683673, -0.06751361696691727, 1.1125951715785167, 0.6315128631909431, 0.009300672929993342, -0.498943353955148, -0.34025269471363906, 0.2378795737523146, 0.05643201203679121, 0.20565406461776278, -0.33871690999749304, -0.3376477551185945, -0.551392495381068, 0.09756478580638576, 0.26805239858470065, 0.5262261229902774, 0.11490831901280572]"
"[-1.8274273497292737, 1.2091706122448909, -0.06681963355876089, 1.258562255337168, -0.5031236478099155, 0.5850311850565231, 2.1967271627288905, 0.5687583611647633, -0.5842386900512825, 0.7492781539564424, -0.09216912013217832, 0.045167571226732255, 0.9482215835600807, 0.8041660982429176, 0.7812081791039175, 1.1207630569624307, -0.596757221866656, 0.2531509103565858, 0.9448852995471797, 0.7096091827957399, -1.6853512987674524, -1.0555832492954376, -1.0955303185460177, 0.04370083252310285, 0.23833765661280712, -1.009566037994643, 0.030386854724776525, 0.34125425015451805, -0.6739535374458797, 0.5865520616176951, 0.3186755182385578, -0.16056391134771567, -0.41226576620605276, 0.1561616062075724, 0.16507279563620933, -1.5084234250400064, 0.22391023359692208, 0.29253643962296055, 0.5836497306846075, -0.9830431153704663]","[1.2639589998920209, 0.004968880312300844, -1.6541221121289467, 1.184424399767193, -2.9784475390538567, -0.014322740629674313, 0.057998097576373385, 0.5393068230529451, -0.17045093195850022, -0.7716413847161424, 0.5451678308160985, -0.748426769269591, 0.2625154706221991, 1.296432625602766, 0.44862427503596786, 0.11426134690014501, 0.5419588498803415, 0.29898064116203793, -0.9188298161546664, 0.7465357549964987, 0.5809136121307265, 0.1398878647053604, -0.027194797633308312, -0.4054768348686967, 0.7806360559234794, -0.5041999370603106, -0.4568834174522296, 0.2462130640974456, -0.29685429674224534, -0.5057980092141393, -0.1489882907449937, 0.5777637761019712, 0.24175561879019075, 0.053622734397473094, -0.6023841005066828, 0.15317169248846463, -0.23038652827061754, 0.171888907324756, -0.4399470196297805, 0.6358262611369148]"
"[-1.4404526400450473, 0.9498181113452955, 1.1772223386167469, 0.7988291646529765, -0.49447432511739586, -0.4349349089307724, -1.5174837779273602, -0.5580993684318558, 0.6547958129735132, 1.453741658069281, -0.5414987831915558, 0.1412468851308659, -2.0125706295512256, -0.3963416634797786, -0.13638740235954744, -0.5089635466188711, -0.369477986483162, -0.7220330852365124, 0.20935070409197873, 1.3385715167883876, -0.5627329551834473, -2.5648693320346982, -0.7711256399713123, -0.023356123388717863, -0.7946136828354781, 1.9199488495094237, -0.493631308095978, -0.47007273608676053, 1.0589233591579932, 0.9205755230698386, -1.1278034953722678, -0.77824756896561, 1.6956139759741897, -0.13139876656580035, -0.043719334790910794, -0.32597239907704745, -0.3617442482969205, -0.3203398406848213, -0.204173727798866, 0.8176020329498803]","[1.2689889184383019, 0.6072399099888094, -0.7268960883849744, 1.2936144463016448, -0.23056428340787338, 1.4761158539801391, -0.06816446943698377, -0.31941005815064183, 0.018373438889132333, 0.6540839655905556, 1.1201719120896316, -0.08127028578975447, -0.5213479623469374, 0.815502178097118, -0.09423664337169306, 0.3081266040345887, -0.7099181077177528, -0.05018678807124022, 0.0426730954243069, -1.0044974372568758, 0.6360613891624198, 0.17566822203300833, 0.0603440324185131, -0.5214386510019707, 0.5765532725189638, 0.004745885744204554, 0.30670006799863003, -0.30308787522515146, -0.3548015767411156, 0.0693781580360125, -0.1391891223433472, -0.49365292576206343, -0.5337152152176893, -0.1224574237478528, -0.06297892532416423, 1.2916747986881651, 0.10472941692255039, 0.574290786572959, 0.689512129685784, -0.5152997734011132]"
"[-2.559167883196422, 2.502700098365261, -0.3686436933588116, 0.8533133142333729, -0.9751571603077682, -0.911738607366023, -0.08459104635945441, 0.17662672620708814, 0.4811221448395872, -0.006516408289302215, 1.71944507218864, 1.039005373246458, -0.12196472654319962, -0.013766675445881194, 0.05588904983009047, 1.433906811547389, -0.41291093890905584, -0.7934935484961806, -0.6038308072223342, -1.8852630748923247, -0.09963516080837027, -0.13014889290315415, -1.076645783211904, 0.6084135478658894, -0.12016033416917303, 0.12900660495734956, 0.765390186550387, 0.7092309159883733, -0.013613751309855053, 0.8569339753548517, 0.17768350217504336, -0.04703867665055159, 0.14919735740092877, -0.37521625570873457, 0.9042007631141875, -0.6141066302376277, 0.7456979373189021, -0.9421374272110572, 0.03741618116736706, -0.3294345619831358]","[0.6847255630414653, 0.5181185969855436, -1.6069305452209268, 0.829362158209539, -1.6327569765296952, 0.49299243594492514, 0.07815822665754757, 0.434396563448741, -1.177263248285856, -0.3037020823768388, 0.6400528180467464, 0.18469554449387887, 0.6973860209659836, 1.0566453479114826, -0.5932486892709224, 0.6462636999638073, 0.4688325474295551, -0.12597797544496292, 0.5093334153113243, -0.4168028853622099, 0.7354447724661067, -0.45914807002737673, 0.12347954567900835, -0.10526948147035052, 0.224787026515232, -0.6365412438284794, 0.3236821115360424, -0.15694481348271522, 0.2144483753903275, 0.717699566351915, -0.36088874801156223, -0.3537094009556411, -0.5826990675389724, -0.06494793162163136, 0.33883564969252644, 0.2680084338625165, -0.0077265592595489666, 0.07284436129096818, -0.678783169869949, 0.20598041390900998]"
"[-2.1275690238522214, 1.7361421802278219, 1.1419297589216022, 1.2877398800780853, -2.044574341141281, 0.7684535365871765, 1.5855352860751317, 0.33887291688555593, -0.4141370249296464, 1.3991374620822306, -0.07655162638832698, -0.4519373271870743, 0.14800260830358708, -0.8425777366518304, -2.314524653647508, -0.12484148991328499, -1.457720541011079, 1.8022624442188524, -0.5250701508466342, 0.3150187949646515, -0.49226568023947287, 0.3209385861533298, -0.4354498552928862, 1.3385702777366966, -0.16862807546301617, 0.03972530179282715, 0.26922985090835144, -0.34042567071009644, 0.4383600741878574, -0.2966964603119172, 1.2265021783460508, -0.2013801620381881, -0.5963630076239738, 1.1729726741003033, 0.04556846098258262, 0.05400428613931473, -0.7797874652347002, -0.6257000794440415, -0.32500647612088984, 0.37989899507866026]","[1.1590543573256535, 0.10441705438656826, -0.005382885063842437, 1.9736428941561326, -0.42756912278795645, 0.23283374306633037, -0.06006084517856205, -0.29905911691755166, 0.27106296935396007, 0.15308156624581779, 1.4232311950614545, 0.5692672236000774, -0.2753065077430957, 0.2595156681871224, -0.03358968805414747, 0.04741355585990963, 0.23365340348038172, -1.0366386701653854, -0.5595052045971145, -0.9167224701870585, 1.0204414054239472, 0.5568654010035842, -0.7797276060993381, -0.05045810728335842, 0.13964056656012194, -0.2759663274225019, -0.9047691806058851, 0.880710852708782, -0.4883683065226643, 0.698844436720815, 0.18651236175541758, 0.06764168992121336, 0.22329293097771, 0.07081034375908644, 0.39285781125248664, -0.3342850362660731, 0.8230140992051868, -0.6981971984247737, 0.25156674028450704, -0.49878778535028273]"
"[-0.6620243697682893, 1.06172873750038, 1.0939312598117454, -0.7942163785393164, 1.6315642465561613, 0.18365448794294137, -1.489957469003447, -0.2820822144372017, 2.230553998353962, 0.8216936975730766, 0.1928958521978078, 0.8321415688380068, 0.7974698217582109, 0.4927425145660097, 0.6436241120228485, 1.1234642539357544, -0.13251283088177007, -0.4021183829836306, 0.23211963782067332, -0.4164690937084937, -0.8864392387956976, -0.9726413497327641, 0.38481045568600253, 0.38727327046338206, 0.08013093984179476, -0.5426968870552038, -0.0005556472637692311, -0.8165197896397015, 0.08944881162719845, 0.5293108437997923, -0.05742792494218468, -0.1534323700349633, 0.05322571648381876, 0.4571378321647787, -0.18177718354605296, -0.09315869092332414, 0.7265491267972853, 0.016544590664590637, 0.7089251123168686, 0.27766628641308566]","[0.05832883643805082, 1.345003519630709, 0.3356365783414757, -1.9824505627126388, -0.23260918193248975, 0.6025914683703688, -0.5097588424673593, 0.4774282104353306, -0.8574764265446313, -0.5749879328199153, -0.274328641222369, 0.7552608988387168, -0.4456225783469717, 0.688032542709028, 0.8066945233766405, -0.42578114627630986, 0.6070504345944668, -0.07860988253689519, 0.4857631802394726, 0.013554942586644905, 0.5025518749081508, 0.569000325982608, 1.0359594549232614, 0.6213358680700772, 0.541810705906612, -0.012086981925882052, -0.24819182505469056, -0.18169947325025193, 0.272940885732145, 0.5819522562594259, -0.067120399519928, 0.1167541148041391, 0.5502105857190285, 0.05584412740921515, -0.4914954279931399, 0.0767027234867342, -0.30459625865607914, -0.45198962430118944, 0.22310375350123213, -0.5416447357863798]"
"[0.07605564509046825, -0.8101777907800243, -0.6455049758191128, -2.9300622027242307, 0.6827741481102312, -0.9031526200322231, 2.3000487889401726, 0.17620552054445626, 0.7099345621153423, 0.8421774761212337, -0.5984284066250876, -0.08636743976051361, 0.4690642207593742, -0.19359435839466352, -0.2776403939810735, 0.08297752419739722, -0.5123833649370525, -0.23100929675812937, -0.3431745180700529, -0.2442463711350971, 1.6107473846933107, 0.20463374519647487, -1.3456723399278483, 0.7987245130717682, -0.388706469874042, -0.04018558634171834, -0.13915360427020657, 0.7549094845871975, 0.4740891589629213, 0.05066268407755723, 0.49389585460539914, -0.011318339078206391, 0.12410915869229347, -0.7381685254246679, -0.7564827212889286, 0.4459518576496281, -0.8598515415278708, 0.10542282601850038, 0.0076151103577960216, 0.14978132282029358]","[0.1711430945066631, 0.6973412004123494, 0.9098746604719923, -0.1737528177758307, -0.8810046556952551, 0.9149044511705491, -2.016869406847813, -0.050174739937645506, 1.2455429940950118, 1.0327557024453295, 0.5107758686662425, 1.1374207812922268, 0.47526941120959904, 0.4137510516999542, -0.5679651971629242, 0.30446938698814696, 0.49543119900407545, -0.5814511635052642, -1.2794861930516206, 0.06319550760320401, -0.09597927458014958, -0.32143784526422997, 0.8156526238571693, 0.16640881571274455, -0.18342882582535963, 0.2589819240168391, 0.7092578570578238, 0.23437254170269928, -0.506467424847841, -0.8202938996399564, 0.37104611637478147, 0.514531226260867, -0.6915003213931846, -0.43388798968160747, 0.4299008665775833, 0.06279333809917476, 0.19769284365385592, -0.11945686008050417, 0.4428318949525717, 0.2189356122769515]"
"[1.2516435719675507, 2.039988162554861, -1.798797683485559, -1.5974005767025028, -1.696218231961109, 1.7698682810129465, -0.1230345362199482, 0.06533439845485017, -0.4403490711975051, 1.8661098133504996, 0.23634630024378123, 1.084442657599033, -0.11083902348746692, 0.021721321388219902, 0.3057188059008905, 0.8643915471544092, 1.0016129812466854, 0.18460589953276482, -0.6830581381043684, -0.0743567647204919, -0.5477105631607228, 0.7757216468910849, -0.8977287653759477, -0.7137056592769956, 0.7539371909976116, -0.19239408309364972, -0.48346927661923256, -0.3028517990225625, 0.5828017292972284, -0.4543832707880451, -0.17687077026601597, -0.634672127499547, 1.540024010247881, -0.1680177710559152, -0.6593092936975973, 0.5187297781024701, 0.7474600680008748, 0.6076060566488093, -0.6059002890906294, 0.08085765917444175]","[0.08863466413013793, 0.7289421777173253, -0.4297094159463568, -0.5487465837739465, 0.7561381343285454, 1.2373626663705946, -0.16045173043200195, 0.39162387139856836, -0.32394210646973026, 0.21445809020468187, -1.6416737320590906, -0.14916375819642766, -0.1363984234399689, -0.37067684265653084, -1.2736524524414732, 0.1355816374077675, 0.048481095357146634, 0.14851494412330882, 1.0642822969692014, -0.41436931994879067, 0.22012209700741592, -0.18261082040798668, -0.22533227114448728, -0.703468301953441, -0.25460473566558167, -0.6224009570246136, -0.7297116567860125, 0.37082272469935607, 0.8623150399864329, 0.4802129668342019, 0.09185508977061113, 0.10164566997439503, -0.6925768229103231, -0.21868688591717625, -0.3369890828728507, 0.4546992255758476, 0.22007537168575617, 0.6241364665110137, -0.13223220335557517, -0.3219046592777871]"
"[-0.7977598316990394, -2.3442552676815893, -1.0252799233063075, -0.6049697428904256, -0.12284849440511636, -1.9451423573975697, -1.3394914539271092, 0.7131362475112552, -0.15471507453844444, -0.7716944974803075, -1.5871652031999481, 1.7491894476980416, -0.2387704641423393, -0.1181040526432323, -0.3964866929115735, -0.45859751706331214, 0.9393800555800429, -0.45078527610078506, -0.6123350442970116, -0.6148607408869824, 0.15947801449896942, -0.05789014645077385, 0.7604647522709912, 0.92626075048883, 0.35585068015846877, 0.04558347008335376, 1.1267029339210946, 0.1162175093945905, -0.1536039171433912, 0.09204767621197985, 0.06588997985538456, 0.1668533781127353, 0.7674626484611821, 0.8692391519365936, -0.10557186674568192, -0.30999758976064445, -0.2834104915043877, -0.2814599449817036, 0.22998378405031883, -0.11716665965673269]","[-1.3630783911930369, 0.8235159089699695, 1.4554248818185973, -1.1457923639649388, -0.415287747498563, -0.3214024648814895, 0.8442735305121974, 0.27660866709788395, -0.7073073705396572, 0.03768469123245653, 0.5881245603492671, -0.1652371259526353, 0.10262787645743023, -0.3422395282467063, 0.920877722001918, -0.16407771649708894, -0.030748202127461082, -0.8355440417176482, 0.3929761024341746, 0.7822546163058061, -0.17464666302312795, -0.17846901003199517, 0.35446050305719085, -0.5583695105083434, 0.8864825092606439, -0.4339122901037086, -0.2954840229184094, -0.32494333257986446, 0.5670060478956905, 0.17673851190940518, -0.013247044254249132, -0.260172635790755, 0.05846448904873973, -0.33622928548780084, -0.4058656913917843, 0.2733878986684083, 0.35416139017973347, -0.04760295632042493, -0.5543131266290577, 0.030790942019595466]"
"[0.2677689467528789, -1.038313445166732, 0.9775371593770632, -0.23701881608425912, 0.11492021656634743, -0.23455244546676754, -0.6853899669539152, 2.3415642504756367, 0.8600800718669933, -0.8549555603803275, -1.6870729780612341, 1.0953636567463003, -1.425710697198016, -0.02084425238146824, -1.3733874487248856, -1.2485225015838317, 1.1257502361580976, 1.9908777203432264, -0.1999428803478203, 0.7687678016553543, -0.47433861787372517, 0.6122792430427028, 0.5478878307435333, 0.6164904126547319, -0.08073541278969261, 0.8005517137295595, 0.8701543578263776, 0.4416316399355316, 0.40172896656692836, 0.4119592489660048, -0.6786459012883659, 0.03756814787039904, 0.13353142512408994, 0.7566637860833213, -0.005645081249854004, -0.17864729716203745, -0.03193115007206079, 0.7417129876686057, 0.8376003699130932, -1.0959691086049839]","[-0.6793434364962766, -0.1388057859258731, 1.0307318359779105, -0.7230137404597186, -1.096903536960038, 0.854592013280652, -0.028626220939233286, 1.1537693510776459, 0.6605835224771569, 0.12780222724505963, 0.5045420545305208, 0.5029861739051693, -0.715966976503828, -0.12729514783445378, 1.0854607634681566, -0.03310836816257127, -0.3473156303464974, -1.0067155012983138, -0.5157666462985782, -0.06773633447150827, 0.3392262326672814, -0.17833876475945165, -0.527285020862948, -0.8350207030470338, 0.6373969401018145, 0.46628788638620866, -0.46823994398552987, 0.33793854649959304, -0.026886193778638108, -0.15998982052054309, -0.5035267304923777, 0.1275597014072447, 0.44921514718698624, 0.37043613679635107, -0.5448377741591203, -0.06783276310810223, 0.35819576311475926, 0.36646911379834435, -0.6920719362943395, 0.37750083448624794]"
"[-0.36316350709622547, -0.6382315421017557, -0.11369665759908956, 0.47186015166318096, 1.6000223863738658, 1.4320760407433875, 1.3193547683839146, -0.845088981103784, -0.8486943299444509, -0.22059859962105324, -1.7408262150072422, 0.816006894273848, 0.07534912204166337, -0.00489775660173366, 0.14189175604192067, 1.5345405229485316, -0.13054248530321996, -0.3564357426071773, 0.14974652453660472, -0.6050045973305801, 0.10436171461994352, -0.11274747173836476, -0.4689494803993298, -0.1482904013590388, 0.12133752333533239, 0.44643268343537257, -0.09331649153008967, -0.32317675196624623, 0.5319945494938356, -0.43827948022426505, 0.5305392037487507, -1.7863110239562057, -1.9565108786682823, -0.21495044976583175, 0.6271456685131758, 0.47940399489017765, 0.5203395731077343, -0.14248648145285678, 0.06149896552918644, 1.2910650833671948]","[-0.7938244451511991, 0.20779191266298122, 0.9171617909615535, -0.15879804247032295, -0.27146586002093154, 0.5886706151273218, -0.00843323958393804, -1.6132921464029186, 0.9779096819333771, 0.5161764150996954, 0.22654771367296353, 0.7460082764412844, -0.1819587874058619, -0.26385599290602013, 0.45363673602567883, -1.4834940152841571, -0.4186961095898219, -0.0803668813353808, 0.012731262703472909, 0.26777068070795584, 0.0795884673522822, -1.0436905728041865, 0.05470753993420532, -0.851072255349026, -0.6295648014692035, -0.3904870018314132, 0.3820983949798506, 0.540919844330513, 0.28568601359703666, -0.6218537452200205, 0.4298217760156812, -0.14643616795317813, -0.7057521496623225, -0.05128564980111598, -0.5522778064314129, 0.07239930772822066, -0.17149763014764186, -0.68497267624307, -0.02848057234578924, 1.1457022902098029]"
"[-0.22507642349299195, -1.4677601041879926, -0.7933448813546624, -0.30509925464945653, 0.20880126580126127, -0.16322787708834025, 0.5226829407771297, 0.6108230042843814, 0.3201991009398211, -1.4155237360367494, -0.5187205749555657, 0.6483409587301888, -0.3161834083855389, 0.6697129960697437, 0.05958985033979691, -0.044362283484041934, 0.9453134386719656, -0.6374596477132625, 0.0007764387175791923, 1.1032397041965196, -2.000239517620582, 1.7170603237921809, -0.5118598531177699, -0.9433877446256218, -0.038855721144466664, -0.2520881191269406, -0.3464060992170838, -0.25715807161932047, 0.46341470361130566, 1.162490227215486, -0.6797362053195848, 0.08467979671650543, 0.02056968510776985, 0.7895339069241684, 0.2272907277304621, 0.6301852773503579, 0.06013801630730692, 0.2274384139265699, 0.3813845075051047, 0.5965815015278128]","[-1.202211786508235, -0.44177790518425536, 1.080828225423308, -0.35228907275603993, -0.6591607314623547, -0.5516767193576733, -0.636055202594978, 0.7214418610239446, 0.9560531376365907, -0.32640942846159277, -0.33224621341626875, -0.8156781848677919, 0.9639400634464151, -1.0577990984172838, 0.09951758571203785, 1.7812949309416524, 0.006130675213775714, 1.1069265035784213, 0.23065371174647717, -0.813872322787446, -0.3016526709423632, 0.3240610938160661, -0.7529385104842113, -0.4418943184330399, 0.27690344303242487, 0.760886323442493, -0.07503670601836622, -0.2928492837219844, -0.20861137615046094, 0.7199246716560426, 0.04348557752322523, -0.1359208606769029, 0.42674717479481744, 0.40485942943746317, 1.0660994953238458, 0.4189856673415573, 0.5112486224603487, -0.6552676586947213, 0.17169035240515662, 0.1117270554085677]"
"[0.808130517890317, -0.46186525500595554, -1.1352134475662279, -1.5856916106682384, -0.42279362724331415, 1.9834691845002526, -0.7091714816131134, -0.49785753564424556, -0.07877869138190066, 0.3101843716434349, -0.43059964511670645, 0.306989261272733, 0.9695274350894061, 0.1525758087084569, 0.2864007151753028, 0.9366719949632631, -0.6250064171142459, -0.008365877850007104, -0.7806545559410965, 0.2022897619240854, -0.5356465862462597, 0.6718934565825521, -0.1405438205641015, -0.8405414338981784, 0.15092020331039446, 0.3402776854318235, 0.3459582587070187, 1.2552752173056592, 0.17197045799354435, 0.4436829899816987, -0.0005706698062859397, 0.4946801511696141, 0.7905112091634047, 0.49295550528898036, -0.6461024885725477, 0.7936182739175273, -0.6300665224015201, -0.253164643309095, 0.2787500356430235, -0.5945498839447743]","[0.09585333521451707, -0.7222087048384344, -1.581972324298487, -0.07833684331096108, 0.9009917444099241, 0.0038883367177864744, 0.6609525369835085, -0.2647229288573584, 1.266087672298997, 1.151368812995568, -0.7846068878210484, 0.49445115185630617, -0.9670290041597137, -0.2720640468239791, 0.4789205877586844, 0.5183919822140253, 0.28526760912771465, -0.6894183360108944, 0.3185751224156202, 0.0641378620780212, 1.2210938612446842, 0.2013257687390319, 0.41135832567294567, -0.33883737312093004, -0.12337126929379624, -1.2430268099278088, -0.5802015009818965, 0.05251449579149766, 0.43793396708110327, -0.10386470834585876, -0.5717485374587086, 0.30869916519013774, -0.005574568632118337, -0.35067506938473103, -0.6229441449950707, 0.4905148538103389, 0.22022781960613552, 0.1844532154366575, 0.16025194323061806, -0.017161078538104814]"
"[0.0949571587372503, 0.009483025026874784, -0.8790199372815705, 0.10983491067480776, 1.06703914564948, 0.40785807725206463, 0.6192032605260335, -1.2509690177935262, -1.8801326753359457, -0.9865968070549752, -1.1537284655655915, -0.27732413380306414, 0.0908929925199509, 0.2510109715403219, -2.231787299181005, -1.2709058672817837, -0.21367942720032115, -0.2043709289842928, 0.6885623494566305, 0.7039517615763121, -1.2036864071372146, -0.22240406805896307, -0.5580159846318626, -0.14536734021688635, -0.7022608695833586, -0.2433891034113938, -0.23804818635506192, 0.7597412729452565, -0.3028820244150441, 0.2663331937186914, -0.7951418002676106, -0.11586922763357033, 0.454448303894718, 0.5632370388149606, 0.431436193288609, 0.13739490022838938, -0.9057624220081125, 0.6543831117301901, 0.11690808365350995, 0.13828550120896804]","[-0.2783477806482179, -0.8620366783308214, -0.17606317387988604, 0.5155724215768999, 0.3167902301483747, 1.2877431578357241, 0.5803761784716835, -1.4081038033105164, 0.43938930185831127, -1.4985977393129706, 0.6540411853962048, -0.22983909385147167, 0.6753547978581707, -0.30907525436664485, -0.4598755837002061, 0.1230077190072466, -0.23462996967031063, -0.7758543257234667, 0.42951460593216495, 0.3295082108043431, -0.17865519753792483, -0.6942798875084968, 0.08902499957886448, -0.1782498586797226, -0.23852401733112005, 0.38988364741265913, -0.0040315212542303865, -0.6254595751750706, -0.6204314300923529, -0.3210839761102582, -0.5260022418256518, -0.12482568602175971, 0.09003397626031341, -0.046125118802463914, -0.4801369831846285, 0.42396181305876135, -0.15703430674383156, -0.6106042910865168, 0.4834849430667866, -1.0816542681036385]"
"[-1.9513808607794112, 3.4731815151125915, -0.7180527034208048, 1.2030234636927444, -0.32267731159860774, -1.6757144920943237, -1.7770707659163854, 0.5843182223931599, 0.7265248746027638, 0.4497445123025098, 0.4527600618133365, 1.1407092540898252, -1.1868074024290085, -0.34332895851667555, 0.24410176667196282, -0.6856506469163602, -0.7008779514264383, 0.5184371283485152, 0.34384342073706986, 0.49782078050353673, 1.9151506742672284, 0.41597028208110176, 0.40200511991344784, -0.7894511350151192, -0.05703287440741387, -0.5009147581689138, 0.8216046305865208, -0.695106550427034, 0.09610105749927539, -0.1541266855424425, 0.2862768345626403, -0.18804783403664435, -0.46407039790607335, -0.14592251895046932, -0.09569105984674194, -0.6617000892339062, 0.3656629664926667, 0.07106318083937717, 0.6642295540258804, -0.080404388831648]","[1.03222884793824, -0.1709322942696125, -1.2894791130466272, -0.327152648680388, -1.9462194879100114, 1.1111963749469476, 0.32640220993973174, 0.9044203943839584, -0.6856060997423039, -0.7454218237387109, 1.3625741340463902, 0.05611895968333428, 0.03276299679860612, -0.008623393483124195, 0.2696733615424114, 0.9972316993072019, 0.6861985203497375, 0.37931918899012534, 0.7490792494863138, -0.7806339170473758, -0.564482841651603, -0.3361980581993512, 0.2824228157126441, 0.12206313658186727, 0.30204101366643976, -0.14953139346558877, 0.5720707718003915, 0.33716810361906685, 0.3893570537233824, -0.006223481748690662, -0.11816785568602806, 0.07233281133790186, -0.4512418060735828, -0.028744763183954317, 0.5125586642512431, 0.31049929808445215, -0.5063148433061869, 0.2395770683335655, -0.14575594115319743, 0.1362931866208536]"
"[-0.16107796028096155, 1.2727513868811846, 0.30947116536400776, -0.3438042991072097, 1.9572173996805209, 0.3361907977034831, -2.2294027452406193, -0.28891838773167, -1.2976931648737966, -1.0129430377577313, 0.5589741921702419, -0.4239557692355091, 1.4474860473493365, 0.7769101467917917, -0.8723993654056025, 0.36087064402126673, 0.44434734189541664, -0.2612911157142312, -0.9105612689215963, -0.5160385935782923, 0.46285112903248415, -1.8099595205007033, 0.023721708321473224, -0.1001154747761241, 0.03958778861322004, 0.15041538232281443, -0.5783755312299004, 0.3328958190923312, 0.08200157688515033, 0.043824390459921606, -0.26724174090048136, 0.49023596870697533, -0.6841997361458502, 0.37380467113196986, -0.03126321104904763, 0.7720046567572323, 0.008175096152996695, 0.5982613656415545, 0.9883354711564297, -0.04586175685711625]","[-0.5879782829386475, 0.4167714278542092, -1.8789573657451626, -0.7873033307432415, 1.429362636256185, -1.330511287794839, -0.4004917460843979, -1.8182949417989123, -0.7049486652320475, 0.13986436792424853, -0.35708849799699216, -0.46512573198763285, -0.15879709035134604, 0.07260983409175611, -0.5548157043205207, 0.21611160765218437, 0.4021319422367229, -1.4124690051147728, 0.2159770985111924, -1.1192495731430108, 0.20350261017200535, 0.4982325058393951, -0.23903027983530956, -0.06601269336806108, 0.6952948497730097, 0.5915157940687005, 0.10860988276370623, 0.6165572503134421, -0.06061629941215769, 0.09241771138477767, -0.08895989800611838, -0.02801001238554055, -0.21420135362362186, 0.38271173949752324, -0.19403258946483457, 0.5748050570868463, 0.008495448930140172, -0.05917222712686917, 0.7978402028326055, -0.10046779551341972]"
"[1.513172467666944, 1.8810172788650374, -0.7864595583198585, 0.4980419733875096, -0.6747079400615569, 1.3176799616378605, -0.7120313931006981, -0.9560912353427087, -0.86824780922625, 1.0069207014678447, -0.22109303483972348, 1.597344224496505, 0.5005756260384958, -1.0826290754201253, 0.33718305346377986, -0.2118358362753754, 0.5559848877986702, -0.6518933979636524, 0.53275450987066, -0.04573603569233837, -1.419058644880652, 0.784330259095495, 0.16902239682689174, 0.7999474145698547, -0.07507335110559937, -0.799376534467393, -0.35676850093658924, 0.7185525512507362, -0.13295814305323966, 0.1871970299122149, -0.7883906531580549, -0.9071610204447352, -0.2867714416270567, -0.7386741047261034, -0.16975022227148265, 0.9968286763074834, 0.340674082105735, 0.7428304563108098, 0.00841566527816032, 0.006865893762979966]","[-0.2865556796276665, 0.06279035140084303, -1.150461901688997, -0.49305793244197504, 0.91312511950682, 1.1987239160759635, -0.40768750578017865, -0.3100247720293984, 1.1197976332089739, -0.8147621912558057, 0.046640710631993945, -0.24612091359749505, 1.1505129982277806, -0.2031903299785356, -0.35372124899635243, 0.24484905934067253, -0.10151455433661048, -0.5551923337935829, 0.29270386639066903, -0.2165808551898741, -0.07935219064981355, 0.46494363746763123, 0.18947887118506535, 0.2162755809983459, 0.08999915604509799, -0.7352402807890788, 0.11996411269454585, 0.07509873343862243, 0.363171187116131, -0.6860442361348214, -0.15177441356837904, 0.49047459903481766, -0.36256174477866243, -0.11725074036531068, 0.398060768934063, 0.4479989870046965, 0.6624776813573987, -0.40360937938213254, 0.7428370145808503, 0.0869169717820983]"
"[-1.4163865019776969, 0.7507796458563287, 1.7711922143284107, -0.06713437299363303, -2.401266207313239, -0.6385541920760714, -0.31046517566692516, -0.5546425567701475, -0.48203931312987836, -0.27565212556809116, -1.0760853307207454, -1.557184391334676, 0.8225891928957829, 0.37186423944288527, 0.8335529855405621, -0.8003498461005739, 0.0059221412969205104, -0.47639736019810214, 0.12083072748391394, 0.01488293185771589, 0.44750710700899443, -1.0709366749815712, 0.734758488015044, -0.055395376821908905, -0.6503418959867316, 0.7028588800883789, 0.0635947463534501, 0.4099645213646624, 0.17426286271638566, 0.16521068947626694, 0.09435614887521242, -0.6420004839186322, -1.2056197742480121, 1.2011681768838607, -0.8386729062348278, 0.2961203718383289, 1.6224482180311066, 0.06451239616168174, -0.5820732968010949, -0.03477957019489718]","[-0.7440060685885855, 1.0138627762620775, -1.3702525766291311, 1.4548430954137375, 1.3217245528854589, 0.22270669878918223, -0.19799733411608042, 0.20579529056904086, -0.9363263212980244, 0.22892917391731557, -0.3847626383782113, -0.8600234021555277, -0.29790976933102475, -1.1897189489577242, -0.07526004667909009, 0.1704437613358341, 0.16230294892607372, 0.08094751181271087, 0.33099394972380813, 0.24871232605327415, 0.5204999470987564, -0.27072810670226827, 0.6910518684359721, 0.012096779096385164, -0.13334550834648912, 0.5501132802670075, 0.2690696958455752, 0.010139640263981422, -0.3645617557877306, -0.3624309464523786, -0.34643124694321686, 0.039258922869585565, 0.436785334566757, -0.2484063099316346, 0.2282292217623971, 0.9088251869403227, -1.2219304487696612, 0.23928783781296442, -0.3382949973022496, 0.19198469083227993]"
"[-0.19726287553930996, 1.3670763318330819, -0.33387916313516386, -2.217677385908587, -0.5461048945025582, -0.3748274330172621, -1.55565600495806, -0.40700402384655116, -0.5400925669315187, 1.4873026622595975, 1.2903292459572318, 0.5313691353239913, 0.42582249951846574, -0.5138899778846343, 0.5694512475535415, 0.7407950591341521, 1.1504177980693457, 0.2881466203153442, -0.3275119687898423, 0.003484196452495945, -0.21938915489236288, 0.3794917345737126, -0.480606902768418, -0.056300613385193855, 0.22002335645110196, 0.5543133113112534, -1.4091761105611107, 1.2438285478585362, 0.6951648094597283, -0.33329557700262885, 0.4928756619775501, 0.6857519610076915, 0.0759066630084358, -0.4986580747728606, -0.267150014143314, 0.11101936350835048, -0.05930958937183706, 0.07781855573005804, 0.23240432966484623, 0.7127633201035054]","[1.665518466344027, 0.2892727452123067, 0.07054384110655768, 0.14744234512973137, 0.8487692069491195, 1.9206852872509192, 0.010708530013696791, -1.2896689149891511, 0.4431240001843793, 0.04063608321507874, -1.147373300236153, -0.7040572552700934, -1.1136253805964882, 0.36786936383649393, 0.09466501800407448, -0.35124417072748854, -0.5534527540116128, -0.7829612774849402, -0.7761061683651245, -0.36870564324686644, 0.6037888805988982, -0.5940924346401549, 0.6508719933532706, -0.717869222910946, -0.30256892942399743, 0.726319815188523, 0.2790804403897432, -0.5345657762241807, 0.6637214229181194, -0.15548236805034038, 0.0782229065145102, -0.6437204254839856, -0.2182808541575591, -0.1573739043424683, 0.26793512003689596, 0.0873647142828761, -0.6708427129553525, 0.16031469715439992, -0.5918566026629729, -0.6558794690547353]"
"[-0.8946600034793893, 1.4747178649953374, -1.6886097737824597, -0.3944681407915586, -0.21295513396114482, -1.4616921971111543, 0.5864118649191287, 0.04742532303544277, -1.961315918003253, 0.22619451403965277, 0.9842939313006475, -0.7616916411416482, 1.0988709185294911, -0.4999816533511349, -0.5562248396011794, -0.5603831263064535, -0.6190264610170645, -1.2537719814098673, -0.05327057315170024, 1.7047469420835573, 0.6277774280743479, -0.15532290732157472, 0.5279134218962871, 1.614307676238521, 0.4565378850856552, -0.6738488474430292, 0.39596426192045986, 0.20773000120524543, -0.09237326411621788, -0.5800085598200356, 0.6110557925449293, -0.5140655517611706, -0.11117288430373855, 0.3863759866212864, -0.41602159569732855, -0.7944139101658295, 0.06871886099694867, 0.0693355613164135, 0.22645759697463425, -0.24609370194925925]","[-0.08747287626354434, 0.7305378937688607, -2.0244849022398412, -1.1656819408826358, -1.1706103246587796, 0.1836805221593167, 0.5649167390066666, 0.8142717832371641, -1.1124748297624962, 0.10631859729255431, 0.4152777960387654, -1.6757930882932812, 0.5990408250193044, 0.1538713547195656, 0.3817858534618108, 0.03896332952120883, -0.7307698944464341, 0.3747386864650643, 0.25028876033130676, 0.8768195084849474, -0.16307090152165643, -0.13686965319633013, 0.6741515166302343, -0.2259724217468425, 0.061838609179060366, 0.8618474279283138, 0.19336187795781204, 0.7660579635866909, 0.7007815269830753, -0.13728240136922765, -0.20361240622309135, 0.4151113467554026, 0.6342263629277407, -0.24241860050921063, -0.21160104151335504, 0.09033737377353598, -0.29989056186772384, -0.17253080021763628, -0.08928360508826665, 0.2834094837969046]"
"[-2.1060035676448297, 1.4174493522097316, -0.4875089393275352, 1.562549856136137, 0.630465730830971, -1.984939798780264, 0.09151161855622635, 0.7027825393622118, -0.8630950368404218, 0.4647293495184085, -1.157813934562586, -0.2325747533164562, 0.3236573293932514, 0.44810612703483654, 1.8227045648596476, 0.5407747343046811, -0.564743551585514, -0.30429728727241084, 0.5723933776083104, -0.17017025381848092, -1.1864986617503308, -0.5550333679121847, 0.4167825124813783, -0.10469857236297757, 0.20920804948456398, -0.7829749694038558, 0.13424768021695963, 0.8449134410460474, -0.31294755462030843, -0.7152884185448842, 0.6250284547365264, -0.14291088207263006, -0.026731520992027188, -0.31009821314419833, 0.48507138669033373, -1.388562665786554, 0.4423783072535325, 0.21658483973766446, 0.8630570430353665, -0.8760022284308124]","[3.811941492308495, -0.8533012223004007, -0.624992164254107, -1.0443202560242992, -1.021562566979169, 0.6454910140671072, 0.20411696663007692, 0.7475752515173509, -0.35804972166377147, 1.2596268099090917, 0.6712601943215861, -0.241370196350658, 0.3941462621362368, 0.12867759050305452, -0.18088243866804574, -0.14808980358026946, -1.2678702306041512, 0.31911280800017466, 0.3385046082807645, 1.07855319980582, 0.7376268795519388, 0.10660166156790724, 0.600794077103336, 1.322998844320755, -0.059322035583312026, 0.9837154157594034, -0.5225567738081521, 1.2128820835830063, 0.09409686702806935, -0.46968749835743545, -0.3099462116473435, 0.09305009577932767, 0.513971690500776, -0.29598155081345506, -0.700476459968409, 0.21070673054984992, -0.5842392723341748, -0.7301887231429985, -0.164985878143151, 0.5052883775577233]"
"[-0.6209591238603236, -0.3790793833010203, -1.8171252136927611, -2.1778260622563304, 1.4805943400279717, 0.30584881159109195, 1.7899877951254812, -0.1710937665093863, -0.3205780861861392, 0.8838338989908711, 0.103244870157842, -1.7205980415868611, -0.64343762517348, -0.712105873744973, 0.22876680618318973, -0.1695177009844981, 1.3862283202753016, 1.281467101022584, 0.05443452345773995, -0.4763274255885987, 0.519339984163197, -0.3768250678297593, 0.2768328099949593, 0.44462862887933996, -0.6150224935528877, 0.04075270613738587, -0.5683765332263184, 0.1094358232501904, 0.024898337536030574, -0.47811666200783376, 0.45829831023375717, 0.8372494461822843, -0.005803416047315675, 0.6166453301428587, -0.40999219744457494, 0.4421599412087597, -0.03661405479615737, 0.4755002136348488, -0.21091939535048781, -0.013536494771681838]","[0.040389045711817485, 0.3601803502377111, 1.1767831134744136, -0.1988701368609897, 0.02312850132850045, 0.8942066190212684, -0.9155696670984468, -0.5426306828757403, -0.7269494757977757, -0.03825261619382607, -1.016950912266127, 0.46913807915168054, -0.9093302225994725, 0.2259986038434815, -0.21149613980232487, 0.23211772390279406, 0.6296368230842514, 0.767310103385081, -0.5123186935863226, 0.9431442500096915, 0.8370903769802664, 0.551194314226911, 0.23557255151243103, -0.21404860437051337, -0.7245994264176829, 0.4707980975634258, 0.5169394907164028, 1.7046536340051346, 0.26474808563748536, 0.38142039525785115, 0.4168269812615243, -0.157649410513417, 0.26226183202794046, -0.13691725319404663, 0.5054843660144956, -0.2782426918892425, -0.3879948159918815, 0.04829743924039806, 0.17917013063807807, -0.9027522750122687]"
"[-0.9763911800690996, -2.0609186570113636, -0.25785416977679415, 0.4334484539955684, 0.3865163442043886, 0.38911137464780554, -0.9538749878595313, 0.5100500360521912, -0.9887869994538198, 0.08334959586998986, -0.4635095059916439, -0.5414462225528516, -0.6230246512619451, -0.863408113332586, 0.6558736785629943, 0.2662769586264341, -0.6899212214255095, 1.2644750925803805, -0.28201093618742995, -1.4945555404645274, 0.1700180104400944, 0.9876053427803038, -0.33086774078518777, 0.7338631115390604, -1.50856354459611, -0.19486551181034456, -0.8115569727820001, -1.00347324716692, 0.7373891078867928, 0.5250360853717437, 0.7192400936713989, 0.11236440634717504, 0.06720366135882842, -0.8731721046219117, 0.5602283720738225, -0.25515830622727625, 0.7779209314010676, 0.6331376070891669, -0.399156420275052, 0.5993440066242219]","[1.5063786846221372, -0.1831815047288714, 1.917931040092004, -0.10605729100701025, -0.5106798889399594, 1.177926703953854, -0.17207518946835995, -0.7988032940815144, 0.6411402809087522, 0.6543961917857024, -0.059814006202627314, -0.7433273953848591, -0.10950152921624492, 0.24765510795107998, -0.4084349793336572, -1.1951174140928094, 0.3594293427128471, 0.8756317789819723, 0.1815788012125664, -0.03891288978410814, 0.6164893753713657, -0.8757321931564725, 0.7830254408613473, 0.5278410471856542, 1.3429744762565115, 0.4086517985238631, 1.0875255291347814, -0.02461961370961828, 0.1338893624783461, -0.32358684582831315, 1.449659245728226, 1.3231897251092481, 0.6496823990377566, 0.44128319658469783, 0.016994033443438285, 0.24622852642199172, 0.17073606415391346, 0.3505073417828171, -0.05597528966060767, 0.6472585050175681]"
"[2.334472307833033, -1.314607592683195, -0.8888781103534182, -0.8331615320055251, 0.6193323418566918, 1.1586061081307586, 0.6516518121746825, 1.754601044284994, 1.7389027871042482, -1.2681504321656643, 0.8206763914239724, -1.1391813679680987, -0.5402751777104856, 0.6761388511692419, -0.8672653534331377, 1.1252082058800217, -1.0014463074190767, 1.2795420933709478, -0.09149403479268661, 2.2176413852227945, -0.7648558278278991, -0.6181303869903219, 0.6726815233928114, -0.9931229996196516, 0.46749110990038484, 1.2799535234434716, 0.2908314930162633, 1.4545996445345175, 0.671347104933649, 0.2923120621076876, -0.1329662613990817, -0.5639731882797879, 0.42950506646512077, 1.5988828494059097, 0.8176641959635913, 0.3093817795398763, 0.9343160992115906, 0.3613123739313082, -0.35787150942119783, 0.7917836418531657]","[0.4722090945506062, -0.5706809921921132, 0.5294363264399121, 0.069327135256079, -0.3227668251561932, -0.46314662605948653, 0.3625947703777063, 0.4486996439397578, 1.013505619588364, 1.5884994438509255, 0.3231795795225901, 0.18552119619885987, 0.2152207330340578, -1.250693487381819, 0.2952873724893659, -0.13538841980364597, -0.6652224647519285, 0.8338864978268978, 0.15917448137327964, -1.0823002241183863, 0.6544692178803739, 0.5167900329953902, -0.030533907417149578, 0.41008038725031487, 1.18005159769156, -0.7248904682390881, -0.3976258517224628, -0.42640163703518735, -0.5240330203017032, 0.7232581366663439, 0.4328491273496124, 0.6844445547664119, 1.1334382377603573, -0.18764429486061726, -0.13742112995497213, -1.063114434336967, -0.023351320550712925, -0.2808570350913824, 0.30766357431731856, -0.0611999166550018]"
"[-0.7291845668437642, -2.73308209777301, -1.318410986969922, 0.11670951004794726, 0.8542962626715368, 0.5793713508593552, -0.11993972954965443, 0.5112510085172691, 0.8223623278973469, -1.2333766091407046, -0.692880707618719, 0.7428315783172944, 1.2721746338407904, -1.5316972532704578, 0.6583189895994083, 0.12182411514065822, -0.1728365105388301, 0.6590100666503724, -0.9136713778480506, -0.5247019570990501, 1.3060493310850707, -0.5653671905548244, -0.30814734432856405, 0.2640738853939508, -0.9154689845100139, -0.7780972739949009, 0.2865262174661262, -0.27658709243689755, -0.4328304460681344, 0.3798597723715459, 0.3549485457409566, -0.27413376356061436, 0.01332092172193649, -0.6094504093917771, 0.1659975190398619, -0.16687583317665547, -0.3944689108631232, 0.5092542003338327, 0.11980370344789874, 0.029448387338896008]","[-1.503180393855359, 0.5282458633030425, -0.3413406682618251, -0.6049395617713054, -0.2716251255875648, -0.1827537860809099, 0.4615980477753381, -0.8432019111101974, 1.190821371977482, 0.3767699811063927, 0.6281161232680067, 0.9055512426380818, -0.7785291250012152, 1.104552602455915, -0.6150153560498165, -0.3354803124191975, 0.03926549833963798, 1.2533252540948683, 0.6647293375539811, -0.3122626170338435, -0.555455062777589, -0.4016790815026836, 0.4247922680075505, -0.6570306792855832, -0.15186769325176322, 0.5527702783588019, -0.04582205180235287, 0.7788291741853415, -0.1495103155497736, -0.012154708936218998, 0.5547685409167733, -0.40435846092429456, 0.1109369838553576, 0.7625873145150283, 0.8687512279567916, 0.07513443089016728, -0.6804958615148895, -0.642774259746781, 0.11740607781779225, 0.6291366064971641]"
"[0.4304074227999369, 0.26489472608534487, -0.5457221882603863, 0.7926644406278069, 1.583414791261095, 2.413651527805625, -0.09460626029760191, -0.10055742342620651, -1.041938407052974, -1.313661817881216, 1.2104442717259187, 1.0828547506311754, 0.8945666690777176, 1.3891415073152598, 0.714350323508113, -0.8117333584303896, -1.1511658340133668, 0.0472938137946502, 0.12496025522572762, -1.1823782445530386, -0.29059249643181045, 0.25590089294667473, 0.6285146794321093, 0.19585224236132545, -0.0020159468788188226, -0.014342779825217939, -0.39810712469149095, 0.48865465019043236, 0.40055792444839333, -0.27363036351002507, -0.0395239308889891, -0.7463896849387267, -0.10660340648733849, -0.02354116351931229, -0.7880750802497811, -0.7611104376045027, -0.3341838184131605, -0.3253587971128827, -0.05936179175029967, 0.6423094627375172]","[1.4003507125136156, -1.8436391594413117, -1.0340138007852204, -0.7252335948966644, 0.791411616385684, -1.1471705223241984, 1.183480543696491, -0.16248381585035038, 0.4192324001277991, -0.5155116594602454, 0.9646681585512199, 0.9660806852168226, 1.2416719962312897, -1.0922326990305429, 0.35868645814758127, -0.12377180699332903, 0.2594627703447545, 0.6758394621087006, -0.7674057702490165, 0.03655116677565281, 0.5256787932645397, 0.08883895104618811, 0.33630162232611055, 0.3881049725127491, -0.19268976164761767, -0.4714551618866337, 0.2834593378821074, 0.6681375897560653, 0.05863982099001503, -0.7242195696443126, 0.48493797168915065, -0.07438690334678903, -0.7226575748988171, -0.37011318967526796, 0.35807793621388, 0.12373946004740313, -0.348295813017339, -0.9569481633899724, 0.07930785134273896, -0.03419276208067473]"
"[-1.3042921757568808, -1.9724056209854004, -1.3068414021768102, 0.0876027242302647, -2.903998339453192, 0.4354462056531973, 1.5397564557963426, 0.9531276646932849, -0.6332755384157372, -0.21056017997420132, 1.0913745192014315, 1.19336911234531, 0.6151072289955751, 0.5229921034824399, -0.11567560988219087, 1.0330124666550564, 0.6418268439257004, 0.20631157735332548, 1.832141512058693, -0.4149638306089018, 1.1746642340563458, 0.7489357800810323, -0.9316894166525366, 0.08208856233863812, -0.0061289578084423564, -0.766954904784249, 0.2566458112858498, 0.6803548540280473, 0.06041367951738104, 0.14807747483141612, 0.16887722214765435, 1.3330939050942117, -0.4936103915833903, 0.2363545789788797, -0.3060569700229151, 0.30133593403257813, 0.1659481922521535, -0.2761300159365944, -0.3915257111941627, -0.16246889879373375]","[3.517153986643466, -0.5181915467781446, 1.6186289387835504, -0.6095326117640049, -0.22927241252363625, 0.5349243829111201, -0.8509251182701054, -0.049987518684432145, -1.309141446666845, 0.6301061781447098, 0.23536847946233258, 0.5042332467347446, 0.5343902736926384, -0.36301983336516286, -1.151823997739983, -0.15380293037846357, -0.6801572159170172, 0.30180753154355106, -0.6711200209512803, -0.1747136981983643, -0.5842197562501217, -0.41481538641562316, -0.45286901454322986, 0.8095514302365224, 0.433904730167875, -0.5112496106517634, -0.48619504355763543, 0.33362016667790517, 0.21794184712406, -1.0026355007066021, 0.617951600721644, -0.29034382300730743, -0.8193106648861036, -0.5926001619727862, -0.3334602774035059, -0.22708696349527577, 0.46305317829751924, -0.31502192522006495, -0.6110993068740713, 0.5576797889998839]"
"[0.36951767271254493, -0.025689659651811157, 3.2264626904273856, -0.5381043363246918, -1.8760170217355336, -0.1400596113950287, 1.2098965333788656, 1.0206572264862384, -0.1706378419493701, -1.896033810712644, -0.5782813290750924, -1.185420725765363, 0.8307415235946046, 1.1726804450457728, -0.0320912742780045, -0.16036844104518894, 0.8878225863893644, 0.38096103006366566, 0.12414752929716143, -0.02515178085253051, 0.6226376972135331, -0.6379026188337366, 0.8117352992022248, -0.437523401805929, -1.4802063257363725, 1.046950147350992, 0.38426120064846575, 0.46197468262929886, -0.4625294187978083, -0.032142676269153535, -0.8132488509150513, -0.5043907312277215, 0.04630088016361707, 1.2351718154515523, -0.03982493291692447, 0.7537700152164492, 0.9874920611250679, 1.1690567149345912, 0.4919123283307408, 0.3950543367483715]","[-0.32516467558952405, 0.9327111366530123, -0.890694076038728, 0.9602779281732844, 0.1343995992869779, -1.6445259757382937, 0.02182943995973322, 0.8767940168983959, -0.9053081114057026, -0.5314645660501178, -0.4996730838435657, -0.027749012956119628, -0.12216152086283243, -1.3879777776286057, 1.126935971469536, -0.9368648952482719, -0.10962438226582853, 0.4515250316630739, -1.1255466166042756, 0.4070491126528493, 0.2581180991476463, 1.0134160018506895, 0.0928386523456663, 1.0133494412148438, 0.5157260969509011, 0.3422509523369084, 0.4304803122225876, -0.5164608136869722, -0.31021863275643935, 0.1897958470051102, 0.100404535757391, -0.2775446055586263, 0.08195804988548183, 0.8497235336378327, 1.2555980227295926, 0.9136812648449053, 0.3688091395736411, 0.29509741994138294, 0.7243616749882964, -0.15281707747297943]"
"[1.2354298064010483, 0.7755720042363454, -0.2820827408416853, -2.4779100356760586, 2.271701230635828, 0.15421260547978272, -0.3437448518191738, 0.29299689898189796, -0.7244765372045754, -1.0957840400845955, -0.3271081593512623, 0.9330225676533379, -2.464490316293685, -0.25876243348455596, -1.2223743442852502, -0.6841143889067085, -0.3361862090731127, 0.17529986952086615, 0.4461547383012846, -1.6078748185763518, 0.9491133560377558, -0.8299440955865754, 0.0274421049817504, -1.121624546206374, -0.10994987082762038, -0.6981139327547384, -0.20078632208649574, 1.087973891352938, 0.24844426544065623, -0.3302791855007349, -0.30168155159226395, -0.6457922034109793, 0.39670721092556455, 0.7373828072899563, 0.7932162240777546, 0.23645513100834445, -0.17926131270554, 0.04178840659719234, -0.045594902714289946, -0.06327618999634864]","[-0.07442670534468007, -0.3223162179464152, 1.1804392538283488, -0.16894270185913696, 0.5256046592004092, 1.3073980246217727, 1.30296813185822, -0.25669789279430216, 0.8811269326816041, -0.9825671407460866, 0.4158767247038139, -0.20728712187430212, 0.4877423406293662, 0.28944042280982524, -0.08510884903424726, -0.9348786643669803, 0.335082573872717, -1.096828571232617, -0.18312265416902765, -0.7960197369979274, 0.010607483348423522, -0.24489876037806665, -0.39764374996989266, 0.43318317605667206, 0.7704517336897849, -0.28650880466017864, -0.0008824880480721692, 0.4369435081177301, 0.11043981388556019, -0.49870038982188397, 0.5878306469240485, 0.7804974615973939, 0.6281152647881227, 0.8056392698351714, -0.47581679510303515, 0.16073705971677504, -0.22983965738615758, 0.24576663335974866, -0.17371425341914296, -0.09559775798026185]"
"[-0.9625726134683829, -1.74156970253596, -1.3906365817010575, 0.7012962662558303, 1.1241443506661732, 0.3742118455023398, -1.2410363034027119, -0.009576060702661652, 0.24536802354855564, -0.9550448858113203, -0.38441765600322697, -0.7452244932784534, 0.1786819645161395, -0.3759600832383815, -1.468541602715193, -0.30027485708005425, 0.49185252936706847, -0.812754113135707, 0.922452874252457, 0.42891648872759214, 0.10298972787205359, 0.04105933792899516, 0.1308870168285646, -0.7131638377783736, 0.44042854637599316, -0.07325973700671735, 0.2089771114972183, 0.40018102702541614, 0.13574916818654156, -0.2657657361058254, -0.20498150957747335, 0.028294276627995434, -0.722564666236706, -0.33970034776904995, -0.06623920700396727, 0.43808504579305885, -0.45318274304613887, -0.09228997130700443, -0.054279004950997266, -0.12031941865712688]","[-1.162854843721825, 0.09530003607705224, -0.09370290137810386, -0.6164976113952848, -0.6692949986764132, -0.7203610702829275, -1.5360648572672384, -0.15107752636254715, 0.5960531990470791, 0.4589992792148763, 0.14807022779121778, -0.37191803550785385, -0.3350564982899522, -0.28452859525818247, -0.4069754885771408, -0.7398469808638609, -0.7567835789378794, 0.9936553108946994, -0.4346936115264102, -0.43420580210167553, -0.09734015113160897, 0.5263489685346497, -0.6359077351396119, -0.27218692570831626, 0.4980406780479271, -0.761539176609053, 0.06153166873950159, -0.055523179307707886, -0.8491745116776934, -0.45020933265708046, -1.6245917335937101, -0.10493495979967622, -0.44724028583563075, -0.2338323374516376, 0.8900268692732923, -0.6255625493911976, -0.983238310643973, 0.757042506359227, -0.1294954225655391, -0.24558030233261097]"
"[3.9534629467696614, 0.2613112350075842, 1.0397347182033712, 1.1839840842102547, 0.9287838107585604, -2.2797577582958306, 0.3545627104391979, 0.08759207595607438, -0.9750986240528612, 0.28646706006133277, 0.1641954247091386, -0.5868400155142585, -0.547096797605078, -0.9213441975390062, 0.5075312541707105, 0.5601250919715848, -0.43908830800202725, 0.1761000196388918, 0.4078553105300914, 0.09769372543774825, 0.47787719123142997, 0.5786370794660739, -0.48941904303113665, 0.07868313266246926, 0.14133656604988964, -0.1545839705639257, -0.15195180235947942, 0.18742876099854924, 0.03242453840613865, 0.013698068756956054, 0.19384899371269945, 0.40464241400387957, -0.32622666368343384, 0.3428612638372414, -0.13595132699035795, -0.12009741298782944, -0.44353158586666513, 0.037802357054233, -0.4386704389654816, -0.28760788236187496]","[-1.3783078459214189, -1.1304659444573313, 0.20902445031236053, 1.1874421369001644, 0.4071004241987943, 0.1815186385986475, -0.6364088146692646, -0.8248302533185325, -0.31754282057668776, -1.110458591440066, -1.0747871977477557, -0.8941198694613496, -0.07150249981101577, 0.848109362442426, -0.3341812659134956, -0.3302055244751763, -1.5101651030794125, 1.083108606494864, -0.2151260649524154, -0.7981025969881222, 0.02550182774241484, -0.2565272728454184, 0.7058089923860483, 0.6404223968238436, 0.09054462805557678, 0.009421371372752629, 0.28987536150987603, -1.1474377638717614, -0.5516519792339205, 0.13767747227061936, 0.04093962843935924, 0.5727819809156699, 0.6699167804080075, -0.19060298541143825, -0.04324924188381735, -0.24591138506562554, 0.05495016788997305, -0.3524223377982358, 0.13893182380827063, 0.1551384846688594]"
"[-0.20269809803422256, 0.17492015943030617, -0.7758562210284303, -1.9970084470903475, -0.09958548625465384, 0.1753991826625905, 1.7851329851482385, -2.0833661431338353, 1.8148980700352226, 0.7197078187638604, -0.28748529899963976, -0.1769976064590577, -1.8313292298439259, 0.9270770614003918, 0.2628535242111105, -1.1441651750854336, 0.9781613152150673, -1.0306228990314024, -0.35796345688596537, 0.27496113910550835, 0.1257291522480459, -0.23717939199387658, -0.7288752242750047, -0.6074066154417259, -0.5563129228710294, -0.387864453327665, -0.1739168387314851, 0.449644300975818, 0.5570323216894536, -0.1523560010870159, 0.553491521102882, -0.3577977422752528, -1.078178152634332, -0.6847818008484562, -0.7324360271830654, 0.4582456024450511, -0.6729981209669708, -0.2175974320964878, 0.5533369430367893, -0.25608790758629363]","[0.5350430678224292, 1.803390261618168, 1.9584869363057624, -0.6638969730194823, 0.41666229835772506, 0.3375798869434879, -0.9071168142149578, -1.587260428175699, -1.003495481057934, -0.47568015366082406, -0.13206203099805058, 0.1965413490586778, 0.37155519196863, -0.3940033808986899, 0.9026198287547289, 0.33110128635448227, 0.7078759898207678, 0.27330921767432803, 0.10869963876845799, 0.5443623616050163, 0.5275529378361211, -0.6110097031098377, 0.3248582074315497, 0.45579037451392357, -0.44163916616359533, 0.44054122720208544, -0.6772764269280909, 0.1311504893719201, 0.4924799028532793, -0.0017228939077640194, -0.09564024616361577, 0.23853092799222111, -0.03983430690913154, -0.3810635327994149, 0.16145905183570333, 0.49913672543646764, 0.10755437032656999, 0.5030692419509298, 0.13918904780506852, -0.12088275926782509]"
"[-2.0154394856112847, -0.0494872612301395, -0.07295031191795404, 0.2890287150923675, 0.9050609942021133, -0.5921293953020316, 1.38922560223648, -0.421036761552598, -1.7199535598131817, 0.5804830817242544, -1.7778574474012763, -1.2608352560184684, -1.2272132214381366, -0.5858117162423597, 0.054365454872110405, 0.33389290930503945, 0.12356050964616465, 0.022425016123384687, 0.1348232150219487, 1.215777635747689, -0.9188980723462521, -1.0015326016865316, 0.6372954705816699, -0.23962684997062947, -0.48108502332445846, 0.4514417907156248, 0.49071460070828843, 0.903154210751524, -0.864685885578417, -0.655693810654897, 0.027993482176736903, 0.44296252683768245, 0.05138305060446825, -0.7267367483197336, -0.6079863695325375, -0.6167461426657258, -0.0442870551805667, -1.0685884101367498, -0.9167899124899442, -0.4183561385648015]","[1.6480500029687117, 0.7726899112291561, 0.07351294712836731, 1.0944098214619025, 0.1324099059153569, 0.7903598962733107, -0.1823316189042941, -1.7545104371768259, -0.15746428556163958, -0.6206171721137363, 0.6319509324589876, -0.3494450070971073, -0.0770910453320522, -0.01807039912390129, 0.17513816228299817, 0.03636906362784289, 0.644069367984401, 0.5748549042279112, -0.40425921938911213, 0.9499330480027693, 0.07719338432811627, -0.02627558501105222, 0.04128710717772099, -0.35902070897207866, -0.05202846515227956, 0.37322664698698205, 0.28622409681691463, -0.5531753931863074, 0.5257182163833015, -0.5633594775704932, 0.1984201829205722, -0.5353658473251592, 0.5573192084684653, -0.4232572415127247, -0.40130200596696874, -0.319099936079494, -0.207498251556714, -0.004903016310326362, 0.30120552575414955, -0.8946203012745487]"
"[-0.5033552301816048, 1.826401061428711, -2.644624942257555, 0.5832897583163219, 0.0752419036957808, -1.5101972908631864, 1.5757406110975412, 1.184433694308629, 0.2900288690965634, -1.5574134767111956, 1.187043397622716, -1.626136113312887, 0.20984544520513, -1.4638521667673703, -1.0585070873227946, 0.33908090756031845, -0.46742454799284383, -0.6112017100420609, -0.8752924224209911, 0.5964729395560764, 0.43145281620699616, 0.1910059425050675, -1.1141180234819208, 0.11803654354127635, -0.8929229845551848, -0.7443502086351432, 0.250018616099318, 0.5125595716577834, 0.5963896564596096, 0.4428893554103953, 0.6059638256938996, 0.7972534096586323, -0.17476901511545978, 0.25105786097322647, -0.6189030203940287, -0.1643875360759366, 0.7990368840244552, 0.3663946038673443, 0.5834748386888974, 0.8882945620152064]","[3.2207889160642025, -0.5600293357158109, -0.3961044503433291, 0.9316447473131945, -0.5653200497999165, 0.31620359497370215, -0.30877152301125643, -0.7592420663248749, -1.541128721055723, 0.7590608540730234, -0.4480888990940826, -0.24545062233932985, 0.5668655704846036, 0.18842004006066826, -0.346176835620837, -0.6951715207628669, 0.3538582718307914, 0.3703666481185238, 0.23247767764246263, 0.25553389282820244, 0.6387853661988424, -1.651125238843323, -0.47387830303053163, 0.05758869375869702, -0.1435355401026891, 0.24258510614663886, 0.8243053232632502, -0.823639200279311, -0.20380258356490114, 0.934697203479589, -0.4673472357889863, -0.5817198985334999, -0.26426282070015256, 0.15778183223884687, 0.039317476794623024, 0.07284713089074729, -0.5510084149829018, -0.19299223975086977, -0.23715568193868597, -0.8019093406244862]"
"[0.9556384231801032, -0.6933689871111469, 0.054251085569774336, -1.6992517115217107, 2.0121353148872374, -0.014055905271993898, 0.832234794490921, 0.4052504905093961, 0.03680000438459965, -1.4566060412916972, 0.2731038677710783, 1.3240622253295455, 0.8317735290860341, -0.964061756693328, 1.0911626410093376, -0.25823942372226927, -0.44009825356853205, 0.4813268081307979, -0.5793148833717093, 0.4069583474088907, 0.5864818408075573, -0.4181097926193703, 0.5914621308289072, -0.48723009669887024, 0.15372621046053186, -1.1439792089162395, -0.6153041748076773, -0.12069102512543015, 0.0031993140607009985, -0.20231493881830645, -0.44002412071677366, -0.2405051880159827, 0.34911808855499654, 0.6313082501416901, 0.8548343629568916, 1.015809753949113, 0.5396800005819025, -0.42682642624216, -0.7259767218390295, 0.4486780121829667]","[1.4703549740596022, 1.6769855709195385, 0.17715117067828987, -0.4641832900178309, 0.5247252887779055, 0.5888986045338643, -0.19066613789970058, -1.3223612222794237, -0.31400314949233576, -0.8235706039554448, -0.0336636295831782, 0.82110570727578, -0.2491182017531802, 0.34905810690766026, -0.2628108426666632, -0.7619585437812667, 0.20157002487955197, 1.4251195884082841, 1.0300993121366369, 0.22935937184440944, -0.19463988456744546, 0.1470280904244267, -0.40679289829026233, -0.8617128707433018, 0.8131460731898565, -0.541073013520142, -0.11162136759170795, 1.0492117644690881, -0.2590883367952971, 0.1920667557637949, 0.494401397256175, 0.22402653059659686, 0.12252454004458857, -0.06884486915408675, -0.14647920813043186, 0.12228204552032121, 0.13224422348663098, -0.436101275045531, -0.05517464102949422, 0.46516672319353974]"
"[-2.4667565267552765, 1.7355353368199355, -1.2400566459451121, -0.33087394453735286, -1.2495841215529004, -0.5301521184129964, -1.5416844786817485, -1.5092310715216417, -0.5210547420806964, 1.2868668571553967, 0.004972956243272312, 2.0055885447208937, -0.45321486782444936, -1.7640519555329666, 0.6704655592294159, 0.1828419031605712, 0.3433952036007706, 1.147975994102771, 0.45822812921367717, 0.6347872238971191, 0.03188994856695385, -0.9571596271679218, 1.085077437422763, 0.33218652135161103, 1.0495945228734576, 0.3225746495969911, -0.5667042886015823, -0.22372806341620363, -0.24009796850945223, -0.15990621209893943, 0.07302856241063599, -0.40376680270243875, 0.016333526290082643, -0.81215698253002, -0.3117554979211034, 0.9790347609890138, 0.2750053724590696, 0.6910804454049871, 0.1154132335324321, 0.4741610807308768]","[2.0282080875676187, 0.7619331845812871, 0.8628929766709759, -0.4076431952709781, 1.6785771161329186, 1.360871208903963, 0.9028252019226035, 0.2824257859206625, 0.9718310648686486, -0.6855403945788598, -0.1881120820345806, -1.1230271824731333, 1.1307103956217865, 0.04912296304946711, 0.03299061709985884, 0.5217752533136178, -0.15435715764240177, 0.005372375393977215, 0.07852527116492872, 0.11315321537980651, -0.16710449896459886, 0.1809488274663152, -0.14083541104078115, -0.7131036895447387, 0.5244798242404949, -0.19520973721685617, 0.4719045939765617, -0.16442607229913447, -0.2978155268516885, 0.42138810181949854, -0.23527457556062065, 0.26031424653715024, -0.470449995809515, -0.39245981245057804, 0.5738835171008606, 0.14578775990989032, -0.2664155508157352, 0.7374448320663755, -0.19855802638779016, -0.13539525361986354]"
"[-1.477983648990711, -1.764592305640038, 0.9678454776136621, 0.022621647584269027, -0.3748729798731872, 0.11164993855519725, 0.3114350934381244, -0.10223099542683954, 0.09751213163373519, 0.39119715150563544, 0.47517969798052656, 1.5017935740694168, 1.5697846243782592, -0.7352465084020315, -1.120331724485941, -0.20422133583607285, 0.7957870774729777, -0.5281430025629024, 0.47212686031008955, 1.0138696243787237, 0.9967090292272246, -0.16621767769613932, 0.3975095941761463, 0.9114253092902441, 0.1018573203481275, -0.33039069989625036, 0.28108603255613174, 0.04613813993794437, 0.648584636845461, 0.005036894947531382, 0.23347327810031746, 0.6574147136010683, 0.9300525961402879, -0.9295922061303147, -0.8197542980159773, -0.4593728546000537, -0.585006610411431, 0.15891141320573832, 0.24854101683406313, 0.5584696828951583]","[0.5940973625949677, -0.17834022097063515, 0.9762489182003438, 0.45425308828426647, -0.7605677651390552, 0.0010388676418632886, 0.6470664504086507, 0.038463447059221015, 0.8849706396847569, 1.4767663302622314, 1.2977797152477826, 1.1787799690192624, 0.02969841637971492, -0.0984464796757347, -0.6234435501782115, -0.11006478523590411, -1.2147199806844418, 0.07085890344188708, 0.26062042773233546, 0.055104988890562104, 0.6999144942547081, 0.4272435703692183, -0.2146476530493868, 0.11365675620039424, -0.7188120885369896, -0.9834310596088969, 0.22730715319757386, 1.2488583836851292, 0.2280797664431437, 0.11091646912271508, -0.6932122163926849, 0.4407364595075809, 0.0355280909786666, 0.36129337694375485, 0.18712621111503036, 0.320182255227185, -0.29034641933238436, 0.4298977546221015, 0.07987840360929652, -0.508414062924224]"
"[1.7871061020308838, 1.925562082499496, -1.026650720728955, 0.011593896174338909, 0.17840554109448387, 0.7973789302301504, 0.5988776204716483, -0.808995617639231, -0.03592681750128599, 0.9573773480010823, -2.3462512630262045, 0.1675944970403985, 0.012261018006188684, 0.37833689839715107, -0.4972960620471677, -1.9119065606718006, -1.82762866951303, -0.24637510438498578, 0.417790192742737, 0.9863810488570105, -0.8853761930597476, 0.7130926247356003, -0.06036796287814993, 0.6505142034484832, -1.4032057428406342, 0.10251145162366881, -0.5133455927223984, 0.633326962961837, 0.67805307738858, 1.2283008139315634, -1.1068195924258368, -0.6952310463036707, -1.3038540878649176, -0.7630809017139739, -0.4461119542256459, 0.4199567920841321, 0.3915901274561141, -0.18576136027866183, -0.4837732874168427, 1.202487367844407]","[0.058011725864090875, -0.2848019878318671, -0.6874087350966861, 0.898087829192652, -0.44172503439608163, 0.6116727473022545, -0.45408667371836337, -0.28936119626906026, 1.6565539061093788, -0.24096633576475876, 0.7266367934197775, 1.1719375923785031, 0.3181220959044444, -0.9089468051092399, 1.4640682178175792, -0.2988760689171917, -0.6493720226364579, -0.6065525258254367, -0.38619163135588574, -0.8252855985688182, 0.30837457958081615, 0.10342280483345508, -1.0436543795515343, 0.31939722180292496, -0.8340212855097985, 0.4478616535521318, -0.19706307634881504, 0.7300555844433443, 0.32056076328717936, -0.17118951703402163, -0.7098233035056606, 0.5483018965082406, -0.5726435385468714, 0.05405885369286054, 0.0044335837341275, 0.49203234861280304, 0.23567088845841913, -0.6139979926325698, 0.5796855111539603, 0.19413972907670718]"
"[-0.9703385805894802, 1.7047600398779503, -0.6936673228725607, 1.1917463260706822, -2.5389564702203327, 1.397014821954152, 2.412163072128001, 0.42932980409832205, 0.19471476434198892, 1.2393868646365493, 0.45964621953509277, 0.7725082239107565, -0.9691015414367773, -0.38301066610092316, -1.2338624073687723, 0.05887809637846356, -0.4029259000971539, 0.5070705376564878, -1.0108836541920003, 0.49752001671524315, 0.0471220218275885, 0.5920537265398974, -1.1537145503322328, -0.08629990347525687, 0.5172492147206315, 0.25984388843933304, -1.1232783010680212, -0.9817107648330892, -0.4266222014708872, 0.09311126012524604, -0.7469575345824357, 0.780979343019403, 0.6743818100070693, -0.04295734072584032, 0.19934003347150872, -0.5360452440977687, 1.662551075405284, -1.2632662592496555, -0.5035379055380312, -0.2925397487450343]","[3.4725107431252664, -1.73050521930501, 0.9667363541004869, 0.4903286841345321, -1.6214000847549799, 0.6424177997182803, -1.120106046327499, -0.0011070179480078995, 0.5513076413584711, 0.19944506692632935, 0.2587108530991727, 1.1282075355917933, -0.5845388011719181, 0.23527941245692371, -0.18622314260157244, 0.5226057364596948, 0.555418845860785, 0.09785099270446253, 0.10618269711863307, -0.09675218489211411, -0.09058901339918479, -0.4339876022067279, 0.25326175489021324, 0.01810770302948617, 0.012963580280381198, 0.8532476792532562, -0.4017567945916991, -0.042770456696619684, -0.24742105087238875, 0.06021105635111954, -0.329217498325521, 0.18305348684495468, 1.0622410970814002, 0.049136354715703774, -0.3716634781037486, -0.34890963303156386, 0.6169026351457529, 0.058366662236206984, -0.5651473589071874, -0.40184751139815644]"
"[0.5725440627924111, -1.289472273015418, -0.08291379492666556, -0.0650605635324902, 0.32435674371668816, 2.0179477324968675, -1.3707252926636786, -1.0098904465769625, -1.5168040929029174, 0.1311890351694973, 1.8879300297796568, -0.3187065568015963, -0.24198978764759585, 0.025165227577254725, -0.05671349514400711, -1.6241280283943773, 1.0679504834326379, -0.7419664858216317, 0.013311876028248903, 0.4902610447847537, -0.12754589100376434, -0.3139257429536684, 0.11990433767471612, 0.11449447319520813, 0.559327058007472, 0.42765104371041185, 0.6364777917039656, -0.36359119746966295, 0.38042439942132117, -0.10636365912127105, 0.577626371871198, 0.05916781612409982, -0.19120875006696375, -0.7578655395675625, 0.16200054039837014, -0.24890518920816893, -0.749640328453594, 0.36149021449277213, -0.08870007710718736, 0.7628226964746637]","[0.3211993425717082, -0.38915350042652147, 0.5546217453487274, -0.7044842365638166, 1.1063369788195574, -0.3623963263259748, 0.9223640838439221, 0.499046826833416, 0.9836324535796802, 0.07226062146746835, -0.11636243214078781, -0.048888883111036445, 0.9905203372847098, 0.6661550553056657, -0.024283475497101123, 0.39347484962357343, -0.13667468596419552, -0.16376075739526805, 0.3745737073950584, 0.11117165327462601, -0.27051231132237175, -0.5419832333499668, 0.9233458441394189, -0.4769436859197059, -0.22026252201175156, -0.4099432996241092, -0.4036087387147729, -0.07365616012834206, 0.32405289767489526, -0.6225482602723578, 0.541761411114549, 0.17857585107383359, 0.1436078203945654, 1.1012546984458773, 0.780642616263472, -0.4697666762522392, -0.6138559994693333, 0.36046566807154773, 0.7000480594156485, 0.12024717674698691]"
"[-0.8444024780593145, -1.0178500416041383, -0.6703496805042433, 0.2572683959260305, 1.1259482638891314, 0.5051872940964274, -0.25410072316794874, -1.3919933101757689, -0.5239815509828208, 1.325054977007619, -0.7284418599400632, -0.9826518721170332, 1.2169645345215336, -0.14610387112130613, -1.0479137115268207, -0.07598271813556026, 0.9119377269351588, 0.1957203998158022, -0.19803459291444672, 0.049230715245529674, 1.5439415654946222, -1.6544074532335953, 0.1256099871017043, -0.4443525159429735, -0.5027720358589638, -0.9016784550517867, -0.4414027633305232, 0.35984310200767283, 0.5903269182659676, 0.18582316559076983, -0.04267977651507767, -0.5063086757975924, 0.34694719408919333, 0.2640421779517158, -0.16044595369401787, 0.9463184306739659, -0.07092971667636123, -0.5045891621033265, 0.4088495153071558, 0.4668734743112478]","[-1.3823401311598125, 0.6864056112224168, 0.07269141556052137, -0.8496391888671704, 0.6882917861268112, 0.36321941381487005, -0.20350847953920062, -1.653041716016753, 0.6635034824577628, 0.263220447223446, -0.4780121376167535, -0.09087742902886685, 0.3675872031734338, -0.2910703046191226, 0.7457498510902436, 0.435808773787952, -0.24136381351245803, -0.07001459356043961, 0.9558444036941809, -0.08022415474691315, -0.9036204349580991, 0.004090589186551007, 0.315331217971721, 0.6527325270754735, 0.3991900888795976, -0.9886975673804534, 0.8355563462387248, -1.1062272381754867, -0.2275046073256765, 0.4665537320350593, -0.4816174418492816, -0.12131698304174118, -0.28461218213881834, 0.23617158763604418, 0.566371904282145, -0.6158482429164249, -0.016922497134631245, 0.11496132555459734, -0.503127126508407, 0.3260011862157684]"
"[-2.104077160521092, -3.0447606518757597, -2.388689299249483, 0.46446461950552786, -0.9331761178248327, -0.5241544031636638, -0.3653341363545586, -0.4487133007426867, -0.42568223093134056, -0.7850878260409393, 0.1359396778147047, -0.29583612378625307, -0.8654017802464646, 0.23906612222399018, 0.18564179332807873, 1.267444473045831, -1.314248113686501, 1.1891452750584455, 0.7599352516929045, -1.7578720675444504, -0.16082112927880293, -0.08696975564279395, -0.6818472348050663, 0.7781611600098853, -0.5309178500101611, -0.4966016153849003, -0.8589315080770913, -0.6886388777602597, 0.7552073621817402, 0.14062240517284752, -0.42420478922975147, 0.41355354227300095, 0.6228105368662963, -0.7117175548976897, 0.25395742354922685, -0.05830497313562653, 0.8079730334236624, 1.1307906329813453, -0.352230832095474, 0.5786588005400218]","[2.413902929838527, -0.42025792063289663, 1.7955815817784313, 0.04533742918995611, -0.3182327360297761, -0.33447215578135514, 1.6492095104086486, -1.0184500411731674, -0.9332177865486571, 0.10011459967162954, -1.1155123469562729, 0.24792084592316294, -0.21664840195541893, 0.011386156875396283, 0.2620199037091759, -0.6205947599420131, -1.261002330849927, -0.9548007057604375, 0.8970694008218228, 0.018903217483037176, -0.11434027292754753, 0.41861109526266965, 0.7551149522369188, 0.35256592119442276, 0.5757837422088992, -0.27315232842748477, 0.5608632372230536, -0.05359226971238362, -0.4652516713678171, -0.20372781686623304, 0.7302265151788864, 0.03728923743092266, -1.1103680508508211, -0.09497981973503221, 0.020166968339636798, 0.2439475994249484, -0.12077980112469389, 0.18055585688586517, -0.10611390776424953, 0.23331735766517114]"
"[2.1581200526787585, 2.263752121998889, -0.6906509269600691, -1.0271247496215754, 1.3381666178675653, -0.2385485241506748, 0.7799378901595926, 0.5416791119758286, -1.2406194683442557, 0.6024810648442005, -0.8511980368520542, 0.9791389058456538, 0.13057372596727201, 1.2524407343391424, 0.6688269550812969, -2.2192233553595733, -0.6098059519950039, 0.7939434739063762, -0.5493523527838537, 0.6270051008936713, 0.7037555703871389, 0.7196558931987007, -0.41375527778360777, -0.010607758061139725, -0.4569872220330158, -0.44861611044732214, -0.33528896713913464, -0.10765643696716577, -0.09554800912476133, -0.14248579071132086, -0.4630668931282242, 0.7236762262292218, -0.1946448665407021, 0.09101603728704769, 0.10468998775876083, 0.2663421187021442, 0.203000009485289, 0.019623472132946903, -0.41882408948096256, 0.15277075793001918]","[-0.5725745732820122, -0.49566792427346407, -0.7974179684009095, 0.4078597713703482, -0.6040631531844654, 0.6474737158134575, -0.39616029941312303, -0.6971327390828248, 0.0893923338056225, 0.20113784275688715, -0.09091887432039764, 1.4304640298817235, -0.3089780485770717, -0.5484597154477723, 0.7537361207325153, -0.6632241143486735, 0.4698156507159023, -1.3594433518089943, 0.6181243308915788, -1.6185613311643605, -1.1152733243020356, -0.45395338938751073, -0.7275662061269059, 0.39005115168051163, -0.6975087402329609, 0.5010225688633779, -0.48785725502294663, 0.2610613995001834, -0.05730973612468842, -0.055582529109562455, 0.197750190759118, 0.3930636898765587, 0.4157736074143175, -0.5727770113745134, -0.07668155310086881, -0.29049657247154237, -0.6361922541067605, -0.26613610308006685, 0.632190683702538, 0.744201253436741]"
"[1.1919309219056284, -0.28461947781846864, -0.5290801268066705, -0.29608670276827614, 1.3008073929034214, 0.06313263765075704, -1.2288622487597627, -1.84698791324642, -0.5325159719710506, -1.059566649894872, 1.1288058362762554, 0.035027033734129354, -0.28806298205651154, 0.6703332243668004, -0.7106600268486774, -0.01591968664256547, -0.9962641532702201, -0.9282539241662289, -0.446733551190161, 0.5268681585004225, -0.5405643859166147, 0.5763719771239734, 0.6197989323751227, -1.1782734047205676, -0.7130812072450426, 0.054459390312317967, -0.27581823103788794, 0.07394531759064113, 0.5719724835622837, -0.6670637751337655, 0.5456160385799828, 0.3038513914220423, 1.4396680675854578, 0.42037410977960177, -0.040817027820104594, 0.3621596144478365, 0.34663677885301336, -0.23858547350898546, 0.5387261365049804, -0.011628912224570305]","[0.24462407872497147, -1.656636934962849, 0.09326430186561345, -1.889293641462324, 1.4920287374449968, -0.5679165903388644, 1.6348638456721512, 0.2658777806614079, 0.31979031188970997, -0.44763002294753557, -0.4576627061582261, 0.3690872957369965, 0.8916824227196549, -0.469453552499325, 0.24445807276470846, 0.6864687013533759, 0.7750265785527799, 0.5071395559346585, 0.05131270697624038, -0.7571105423716754, 0.008324485089408676, 1.015439667854305, 0.3709153270938832, -0.03339400796301899, 1.352092608057423, -0.016676777636581003, -0.0016692416068102992, 0.2476921469998354, -0.6893466111253975, 0.17899664306443808, -0.1601289424520345, -0.20799952702718041, -0.13105185688404083, -0.08909972999576016, -0.0014321809582640453, -0.05943518927321572, -0.19214054976369013, 0.023407780074381497, 0.4652775560390678, -0.2570007520283249]"
"[-1.104088966400133, 0.9248940493109862, 2.95164567075563, -0.4685106289689284, 0.883478108702743, 1.4790222368626065, 1.286859691655876, -0.4538842484176822, 0.023629873504391892, -0.4625386088691837, -0.11276308339642456, 0.3804089634538352, -0.44587872648293153, -0.4531461283287196, -0.6758920653187993, 1.5971074418852653, -0.2746440524836732, 0.7338443398741374, -0.7642318262280527, 0.6603413084310985, -0.32333531489943934, 0.33978217540547495, -0.11385737668843868, 0.9043339034741825, 0.013451636161827504, -0.5211504731353406, 0.7165116799967509, 0.005963522921713144, -0.24821845994157704, -0.5755877113041884, 0.354161738379815, -0.09327344801335176, -0.9469240478745795, 0.3108940623501878, 0.32120313350314944, 1.2942706548497918, 0.5118235815193811, -1.4016137446793318, -0.5423580053078711, -0.5380784497726145]","[-0.22083310835730782, 1.7083170338759726, 0.5247946309719123, 0.45036689546263914, 0.533635911617995, -0.0661026787418668, 0.05982666092241173, -0.5684612008781443, 0.567406634232563, -0.984331905375394, 0.8149181117674041, -0.12819430144157123, -0.8575245590934018, 0.1828174162054741, -0.6670979799442932, -0.23223041264216768, 0.5049781924341724, 0.9971140479664325, 0.8883139167601671, -0.30640156042962047, -0.30743671380350657, -0.3441005076309417, -0.251776645345429, 0.08979767673106832, 0.5554021729813073, -0.31509414917907247, -0.09180480226395044, 1.0439940730079056, -0.3596574047949476, 0.1507967445017675, -0.45274906498658246, 0.07510388801096919, 0.3004175893870509, 0.45086132638709264, 0.41088365090859896, -0.09884428886959981, 0.7361427664285922, -0.4232674623412741, 0.9770274661175534, 0.0993650283256735]"
"[2.262344750364494, 2.497138315507588, -0.5752884605267053, -0.8161168883216824, -0.6021816295237271, 2.078928403754607, 0.5756543295391288, 1.0847132520561236, -0.34736939239418047, 0.11575251668284506, -1.637667513692026, -0.6674062317667814, -0.06238552184581927, -0.6376916263858899, -0.08063101216684436, 0.9079824646459764, 0.13434469685036632, -0.7179532910281844, 0.4121633112074453, -0.8516444611143408, -0.6290679820561764, -0.5571978899260019, 0.3655180416432248, -0.9946892721970703, -0.6633706018838151, 0.8701263411425227, 0.10070889619795416, -0.8806777625256914, 0.9648453497982951, -0.3737237795627344, -0.265970366908546, 0.7418505956558362, -0.6435434152563462, 0.021743903830704344, -0.6744111928986285, 0.11485981440952146, -0.7344814805383486, 0.08082844202496739, -0.468839466924668, -0.12034323582925152]","[0.39323257738519646, -1.3138816317895456, -1.2128956979900583, -1.16681779144997, 0.19457542285147914, 0.8497547472003278, -1.5080094852353043, -0.7333652274632657, 1.120100607801524, -1.0483292901817072, -0.051470111278056965, -0.07721574901946973, 0.7770221505764549, -0.7430884824598526, -0.3051995166677727, -0.8111564552878205, 0.20791759734560594, -0.7957367037150175, 0.05134807902925452, 0.317958061951806, 0.477489363431124, 0.2387752816157685, -0.052472576208457015, -0.3284002301955644, -0.156721606612426, 0.08866245182147679, -0.019519319971285486, -0.5885523477324535, 0.25025521925997213, 0.09892563310769932, 0.6567639919218872, -0.7192794065629736, 0.0007314114990882435, -0.08811978212838144, 0.4784442586892064, 0.356090188012649, 0.09418620614292529, 0.14460601778486395, -0.14274614724671103, 0.39212766207538136]"
"[-0.6300432672989356, 0.48840807249191487, 2.3047574819751295, -0.87107336088946, -2.922922073796449, 1.001868420727969, 1.555756463843297, -0.6876272142089457, 0.501520366702999, -1.574345203007252, -0.7124560338453855, -0.3904016197156204, 0.5827215448250855, -0.7481734887797377, -0.7492309025597484, -1.72447979304355, 0.008019351230318392, 0.4909656728319377, -0.5058533392466305, 0.6091922989015957, -0.04115933436719322, -0.39246850336936573, 0.02092550017602356, 1.121766007622859, 0.6140819995319003, 0.8172813992319022, 0.7628762413679013, 0.1372106219232624, 0.5831484020497233, 0.02567150226921869, -1.6345226365782293, 1.2084190989298147, -0.08781361049210831, 0.26367406201812843, 0.863699427632673, -0.15565751445419038, -0.46440947040389424, -0.004302418685670999, 0.6025555889556456, -0.14081637083963353]","[0.6457791027503292, 1.3048676527751844, -0.3166439278394102, 1.665567151026301, 0.7355550243601816, -0.2767434552157557, -0.27982144236018025, 0.30764462889797917, 0.536033606079132, 0.46138594646538916, 1.057204134502711, 1.0021319166164335, -0.5355759422366245, -0.7680155883845239, 0.2706525655659636, 0.38830436182453165, -0.3858832267446153, 0.0585877199723943, 0.03225111023557168, 0.1159334057210798, 0.9323810409415227, 0.35771898015359893, 0.07702154598102932, -0.3564726873777921, -0.3002815443710393, 0.08819492666354693, -0.15155766496537126, 0.2384743785517699, 0.03112753284602664, -0.4169631819410166, -0.2506854272912165, -0.40675345681542313, 0.388589247684715, 1.2119354612925224, 0.2567222100547098, 1.604193651588589, 0.33231958458800315, 0.4863638869909848, 0.55602951228361, -0.07178810509774829]"
"[-0.35610340735478446, -0.9016822646481469, -0.9403342261866883, 0.989895266438596, -0.9882473018470674, 0.0997644705120966, -0.8248228631864651, 0.6391551325491323, 0.8519927586748686, -1.057258247830085, -3.0658262397683016, 0.2136821842567978, -1.1084296080272928, -0.08851050598002182, -1.2621830528058595, -0.5227939950591328, 1.563177070003689, 1.548871025593369, -0.3062650557113738, 0.2821825838378183, -2.405771640011241, 0.744056787807168, -0.21249987098941617, 1.0772244572050305, -0.7189376290721972, 0.3579595270340774, 1.7107949023712186, 0.18993442255800197, 0.12864859366015335, 0.35300322012038604, 0.2280500183687864, -1.6189072703838117, -0.4647694134816331, 1.0858909789901472, -0.1481324006009849, 0.13529116820902407, 0.6938315080518584, 0.6195187499599519, -0.3230382637495199, 0.005610431891731893]","[-0.5945275469054176, 0.2126424891603483, 0.6212722449287664, -0.7043566130612859, -0.47334112917888505, 0.7346812882329139, -0.36650532101744543, 0.7731601632991448, 0.5162015194959462, -0.13340732660385585, 0.8482781509937245, 0.25755829236379757, -0.3325000794933956, -0.062052905017317424, 0.8048352726019075, 0.9232130856172326, 0.368934741536617, -0.4090132693853332, -0.09641042085220188, -0.34350125850658564, -0.28442443467031503, -0.062010216970524126, 0.13772602066556505, 0.14693873956071685, 0.796234083159754, 0.04423710581826641, 0.05577968002100488, -0.8484398922391931, 0.31233982547486877, -0.17659557369749965, -0.6190438104882311, 0.345852838720755, 0.22319894412666338, -0.1931096064775834, 0.9222570483184711, 0.1454645688558589, -0.030482288942091384, -0.5699302246895159, -0.03914133118066176, 0.4194912852879376]"
"[-0.6361940300746417, -1.0927645990688217, 0.34797762873965177, -2.1388695564398272, -1.9849689988623338, -0.8949435801515205, 0.28821838954673334, -2.4533009014956786, 0.037654133487224954, 0.15987454267849732, -0.5594261772049373, -0.7613660895554037, 0.3195529021527206, 0.5096289859136961, -0.28624016642882605, -0.4093871492083687, -0.6243987577680435, -0.10093390843070905, -0.7746247806855904, 1.4855579685120235, -1.1534631314449455, 0.21272642635998842, 0.7230874028723099, -0.572758196146249, 0.2985036697883483, 0.6025971017471731, -1.3947078819327545, -0.8272792908123712, -0.33385828331929496, 0.2440465912442251, 0.5247553140971923, 0.20009690735736027, 1.3412830685117596, -0.7721301874068512, -0.01366322439238597, 0.5335699587194855, -0.5958105000403355, -0.2611970714500208, 0.5504549341379817, -0.16846656860737383]","[-0.5151314152709667, 1.070672082775443, -0.39520884373706516, 0.7631547704526882, 1.2762600819424772, 0.8542850967654962, 1.1320694635532622, 0.543177245150452, 1.3241049118131276, 0.975059723937397, -0.1667282994228698, 0.7795749188860751, -0.6706915017199205, -0.26240397907780094, 0.033438746009999396, 0.04854452285759916, -0.12605773881609092, -0.18086661187938105, 0.0030537150890359074, 0.02214445633026507, 0.34384199542857014, -0.3142654945183279, -0.36805573330441654, 0.3649641756679674, -0.3353191490746726, -0.04358101555250419, -0.8392803884688073, -0.22145869072226804, 0.224858335577281, 0.572863786775724, 0.40471405353839257, -0.30451916866070033, 0.970464842993154, 0.17576468195071018, 1.2096306718344367, 0.41141267526394754, -0.5811857218207368, -0.2071399872247698, 0.0682174678974012, -0.045538092453966915]"
"[0.3358859379386811, -2.6507296073845725, -1.9072719758376078, -1.2067217115559972, -1.5112062116643006, -1.8654235962162897, -0.911546080341978, 1.1671691294777402, -1.6867389412887368, -1.1208515362101124, 1.2148292319764755, -1.2824517507142374, -0.1322686246122761, 0.3045540329832888, -1.21317644744347, 0.2703598749295014, 0.25171580902676055, -0.2765118638169457, 1.09876510305309, -0.16544241810026683, 0.07226820498358874, 0.003401463265472334, -0.9358379929584701, -0.7410121818028063, 0.2723744529336908, 0.08609602282299307, -0.08702082778804432, 0.022940426554937797, 0.4099685893504527, -0.3706002403178666, -0.24669936804525425, 0.11455866942846188, -1.5023434149847978, -0.4466644276493583, -0.372123079093726, 0.539308274499892, 0.26639692582168334, -0.36821214046289014, 0.21979505152269999, -0.14252045141472486]","[-0.6121047941242485, -0.5741379324784759, 1.5460187573274407, -0.7788681629364033, -0.6587381863020916, -0.9220539005449055, 0.1944900082705678, 0.4355239492960553, -1.0615192274281304, 1.523483237088042, 0.5823503143379454, -0.47574505311665466, -0.1259137582985386, -0.7588266417305953, -1.1901297686885473, -1.0727324209249567, -0.23530764106281127, -0.9288154779797658, 0.2159328814831826, -0.9386721685815153, -0.7478653019654651, 0.28481780261995593, 0.26849043021298563, -0.5060692755949934, -0.3624767082331838, -0.30290939789498456, -0.1109435538518235, 0.33179823792987445, 0.03704903831178823, 0.17558196651297342, 0.20583994895509475, -0.040322714944600824, 0.3141084471581985, 0.034009903018325315, 0.3131634820016964, 0.391179663711761, 0.22810182506645024, -0.6313426883095073, -0.49835142437212465, 0.3258631043640094]"
"[-2.336985059432926, 1.9412985470024016, 2.7940166566819578, -0.9321065187412026, -0.4200125271462044, 0.5126710093960877, 0.7930220978412162, -1.2909083971579927, 1.5932576693587783, 1.0844516337663903, 0.1247435595102493, -0.23400032815316182, 0.4155219081294881, -1.2793871236612766, -1.936709492989835, 1.1895263932711961, -1.6699937450124134, 0.8137805856689042, -0.15297469041464642, 1.2709855506652832, 0.304583540248759, 0.5391037840432547, 1.2839691061918521, 0.17909799077818903, 0.3475798049592768, 0.5561849199446705, 0.3842040866821419, -0.12375684572833626, -0.21282657063788868, 0.31468618736322373, 0.12116474413241371, 0.3399027025601477, -0.440423485285596, -0.15871414111489326, 0.6107497097219743, 0.04497699265240326, -0.1297310802233095, -0.4707226661171496, 0.25722898801788624, -0.4909747160095121]","[1.5959353278120343, 0.5813694767155345, -0.8602042716441521, 1.2690141660015708, 0.057655529102834384, 0.5647871800907778, -0.0042181647686624435, 0.7136356703845965, 1.3170857696221612, 1.1547442553260991, 1.1614598827950657, 0.15943698415227398, -1.0547180094624247, -0.18445535502669347, -1.237137035253842, -0.8012868478926178, 0.13044426216281085, 0.0010213545461371467, -0.27152151643227085, -1.1206363242549506, -0.5574119216726341, 0.40578142460180117, 1.1290372540062426, 0.3559926897664583, -0.2933467077581536, 0.1426597117009724, -0.35282291938884847, 0.02519547071830988, 0.047765963526691366, 0.15933585234456576, -0.45114291542206786, -0.26492816082249093, 0.11981886976692246, -0.4541994928480009, -0.2052585738330226, 0.5652393195909843, 0.16553564479233224, -0.4850942111292155, 0.44114545373913444, -0.04179952700787194]"
"[2.258389354970102, -0.6414009906389503, -0.7999101697895057, 0.4749723137911974, 1.2958998084151052, 0.8417820226373036, 0.5835279523324004, -0.7676214451469653, 1.637655409407591, -0.4976161296790419, -0.8385945442783617, -0.35986536894481064, 1.330920902386232, -1.1781127755111487, 0.40944546609614246, 1.363211210524047, -0.2461525760490907, 0.8459030088129948, -0.3357243285803037, 0.561683071219782, -0.05837205340840013, 0.20254718072607053, -0.7281231068594037, -0.02920594296272238, -0.22923768729537278, 0.3470414135107507, -0.04602216584201018, 0.11399975236670386, -0.5020505095078591, 0.6215961360623615, 0.21813215028515912, -0.16446673848145513, -0.3592599203207812, 0.1916258639629516, 0.3480234153796322, 0.1256750129361262, -0.06538455313844618, 0.0531773866624955, 0.12228043188510024, 0.49638032903659174]","[-1.3046352756057078, -0.5762968412709636, -0.019528425116996873, 0.28582034299415715, 0.028730801754744826, 0.9391116734651146, -1.1968118249766309, -0.7448766083693396, 0.22767769481543088, 0.06281492080463401, -0.9395183163242472, 1.8301289500095244, -0.15168200647207034, 0.8040946044461952, -0.18267105360916697, 0.28607852445690135, -0.30140167184804284, 1.1047863857520215, -0.4775788539659348, 1.0919039844223917, -0.5579507495173404, -0.05748779711635538, 0.3167667325958195, -0.030793076668811866, 1.258113095971489, 0.027329788536749857, 0.32486368421551953, 0.23762283747354362, -0.7765708738862633, 0.24756510780216748, -0.2127215278906118, 0.4676594458894523, 0.6664924889347927, 0.41111016719483195, -0.14380485860435857, -0.24228265430031637, -0.1816585735097269, -0.16138852226816577, 0.3142120890636372, -0.018809986478318684]"
"[0.3206469673081281, 1.109747270199097, 2.538398499844635, -1.8102233236739305, -1.4681366507667366, -1.2185346614730266, 1.1673018848562438, -0.4177993340354421, 0.08301912437814218, -0.23432165565404223, -0.7453911406339102, -0.5751648729438289, 1.0818477133902635, 0.6434953681834334, 0.4069592697004508, 0.6140038704138718, 0.9871795809355323, -1.142544981279568, -0.516774392559942, 1.381412387895991, -0.2241835868522902, 1.128198350933754, 0.25041210170012984, -0.8145778342201699, -0.8927544633885727, 0.8913965876665317, -0.7169562024560208, 0.628177078355106, 0.6806204835149534, 0.5479246977198834, 0.13437603753842778, -0.6010460130243674, -0.9245972855901538, 0.09854794473571345, -0.867768890818594, 0.5901174681890273, 0.7963112649285775, 1.2294095842325277, 0.09174765735811974, -0.620150850289057]","[1.1542740245529768, 0.5094542743321573, -0.8531870481575901, 0.04318414659141933, 1.794411767225308, -0.4584295930788883, -1.4621008384702634, 1.2616294567551216, -0.3650454434951531, 0.5967439301268607, -0.46846816524903073, -0.23050033286598431, -0.0693439629421563, -0.523352686371561, -0.018759787179316343, -0.3483317101238489, -0.13274284182440463, 0.5037954554298635, 0.8461035275592657, 1.259099848346099, 0.2573640056073234, 0.016591728264977387, -0.019947883392248917, -0.3324444160560809, -0.0007735309569543318, -0.5446962106399333, -0.5604047261279514, -0.19825846701930147, 0.20270343716392422, -0.08203963906894045, -0.6513144923425481, -0.35784790428371877, 0.22687394501961256, 0.6122955663317737, -0.06400350200056949, -0.6361254379353452, -0.13452227564750893, -0.2908625630807793, -0.07508884795499163, -0.14440249370330402]"
"[-1.6226895527369694, 1.429548860261726, 0.7349681264101652, 0.6302900807384024, 1.44836850782413, 0.02626944684863033, -1.389164567375583, 0.77932959513556, 0.6373457800353095, 0.5229690344165668, 0.9887248341030422, 0.01954553832666851, -0.05860500843171223, -0.1627205482945333, -0.77754217829839, 0.407987158244919, 0.4440999360354183, -0.6983995841246705, 0.9884156678299388, 0.4303707918462857, -0.0785619808762067, -0.4004643387598104, 0.3342748738116996, 0.14793591094758415, 0.08451703918342925, -0.9006871287935243, -0.05009438847821157, -0.09406126356342183, -1.033153467972334, 0.6449159411827138, -0.4381194178740114, -0.5143336398477987, 0.4114427242613823, 0.6476824150338149, 0.2971553555755024, -0.6586874634857741, 0.10867882576375722, -0.856035221969383, -0.3218502524897438, -0.2730899649647809]","[1.1501116773022955, -0.399995607059717, 0.29490942060072084, 0.6614189815686901, -0.9335241213217608, -0.6938893443577432, 0.3513976332747473, -0.021582948185015115, -0.28085467338736037, 0.48549394825685593, -0.07078253345774473, 0.8120443481726259, 0.6352888702567385, 1.3490774393523373, -0.6990734338821403, -1.8775749842333442, -0.18114511780309758, -0.13387075603405638, -0.6065194412057837, 0.5497385588672251, 0.6358802124258889, 0.5554632605952455, 0.9451493469045287, -0.054092520649180555, -0.9452786001392243, 0.14595574300563569, -0.6724364272215033, -0.3449014293560626, 0.5499902173060435, -0.5671476468074909, -0.6862954625643357, 0.684645740462441, 0.49289030133358674, -0.20397470398019038, 0.6806573534290485, -0.1462665575744088, -0.6856098504527006, 0.5632090526634196, -1.1161792159978954, 0.06552434441133777]"
"[0.7532450278186681, -2.2851911123546462, -2.0547289845539596, -1.8890028349357466, 0.2137446272822172, 0.4506874804413237, 2.799902285597563, 2.1329676487669573, 0.6885193127361567, -1.3727081792971623, 2.3070685773804582, -0.19798460480129398, -1.2399937868413526, -0.31538295558064816, -0.008672035669291745, 0.5932042226182105, -0.5667431907299078, 0.9481201012839937, 1.761249284931911, -0.2749609151273525, 0.4747958804200839, -0.09890648741242093, -0.4940514126246557, 0.6621442813076941, 1.0274270917597113, 0.019017757683923196, 0.38324521847849063, 0.7615625649863785, -0.1356940707118884, -0.44341893609033334, -0.861075170650663, 0.503549147211317, 0.654708770416581, -0.25281049965835906, -0.30609742652853333, 0.8138752610063199, 0.8777438493258617, 0.08916023879375781, -0.6848234584763254, 0.10850303373251466]","[0.7819267568714454, 0.013497905863871746, 0.6657137638994755, -0.5018794961130881, -1.3594641692136122, -0.6561711985613914, -0.1954902992740955, 0.9526611852969622, -0.2039860317248832, 1.5612292484167667, 0.5000928070226832, 0.8560803244988325, 0.2013060238979083, -0.9310895901260144, -0.4768951733809934, -0.2271206002271172, -1.5571190802593957, 0.6596284383549361, -0.5234751547828314, -0.01569946868046735, 0.19477196282666576, -0.45918716995227227, -0.39718079147825636, 1.0868799064463617, 1.4092221827463451, -0.08984124566065702, -0.3403088724743955, -0.728795008976251, 0.5039630024878778, 0.44982497426021184, 0.44974011107144996, 0.4989598040538217, -0.4089861288196048, -0.4917720020452609, 0.24163433138022966, -0.6481773848944274, -0.36876476813404063, -0.2885168523568857, 0.12462992532546928, -0.6665558310160119]"
"[-1.7047640949629823, 1.8337087948563384, 0.3345899954433366, 0.18631174609105391, 1.6912943822217679, -0.7743449711989284, -3.40462350908106, -0.6624997027199627, -0.00013002903971848792, 0.25796310148142865, 1.0674469613694113, -0.7147577456070403, -1.7850954273186315, 0.1100394059883295, 0.2709960597787832, -0.01889307539143082, -0.8833005485571414, -0.2412421164589144, 0.22418376960902328, -0.7267552645501466, -0.4882230481807726, -0.3542349864813907, 0.40454420831383636, -0.441412961633745, -0.17899647902195792, 0.6467449867194026, 0.16275531549963118, 0.03926120624839268, -0.3961037113871327, 0.34057929837673145, -0.09566321871054516, -0.05760968233987074, 0.10001515467072775, -1.1746549175140242, -0.12996620990141453, 0.08148637423925305, 0.7279953151363212, 0.7950132975670982, -0.35965431869007464, 0.2666553054974377]","[3.496998175116393, -0.6054755915989687, 1.0506252651282333, -0.14424784743197738, 0.8521338293776589, 0.9044740387427859, 1.3470711555757595, 0.3418489508375299, 0.26724425197318846, -0.28693004920456855, 0.5076896033158312, -1.1127123799885859, 0.2166489152224775, 0.47749943851919807, 0.25017944720687113, -0.08996235939274175, -0.004433913621451645, -0.6912863384028815, 0.33494762569045305, 0.4894850043900729, -0.8854457793855647, 0.8949512821895861, 0.10600537511023529, 0.2743991488718968, 0.09226962739241122, 0.5410582406180104, -0.36353979411014503, -0.6292153433709358, -1.008379651428708, 0.1920477799486988, 0.3491408283746804, 0.19224643250696175, 0.3254595241832277, 0.14766445412675272, 0.23849013944272227, -0.32975928883542915, -0.5971874042860753, 0.7881813753830251, 0.3779543142312518, -0.3346911141425805]"
"[-0.13914351571414568, 1.3105495578032897, 4.090736953755586, -1.0698983780974294, -1.7517694675180508, 0.5373358356663598, 2.532663961905922, -0.5047366011563541, -0.9853203617239843, -0.9292857874049829, -0.09921877184289031, -0.03860018622057664, 0.13947219081949433, -0.08568020880826564, 0.5243446822716652, 0.041666957653658014, -0.12795441289634385, -0.6792437400570094, -1.005887914524037, 1.4691038818946558, 0.17218160447474973, 0.17826660731105268, 0.09804896302008764, 0.7809473371903263, 0.18636921785599922, -0.1742564446837002, -0.7907213676171974, -0.3105625022146406, 0.2073122572327504, -0.05414690378630585, -0.4422299519558458, 0.24074194788223463, -0.33375491695978676, 0.36704145723935105, -0.28681292841721845, 0.31981045019068455, 0.5387294653339757, 0.30087903546450406, 1.4411768427824745, -0.7306261617973583]","[1.6885543074896414, 0.14695538726597712, -0.6025085192042405, 2.5252075497839104, 1.342132474643924, -0.7225497980023095, -0.7005963067132193, 0.8983762676870808, -0.16029580987232023, 0.040144124477366656, 1.0937808876077828, -0.15709384720509326, -0.37384408363265936, -0.282258549995578, 0.6748350859654395, -0.9139001329150072, 0.8117671545275965, -0.27848983556182255, -0.17796356300578695, -0.13800023477915158, -0.1632158857727054, 0.2783260462373734, -0.06931662093144761, -0.27124725170855035, 0.5937045491020593, 1.0745543384908944, -0.10499478449227446, 0.404310659444401, -0.026984117863064937, -0.22492371752418647, -0.3865252675935541, -0.7218153656840298, -0.5520408618686723, -0.48268886838171965, -1.0625894212086688, -0.7368145681280945, 0.2792567864252413, -0.3340142300415035, -0.13552127132463165, 0.24146330294216717]"
"[0.9252997708114727, 1.8577688654731386, -0.5234275503640022, -2.6273548311411146, 0.252632681090242, -0.7131393122348765, 0.1253327596210593, -1.19281600707118, -0.9969664312385433, 0.04741754881162466, 0.5793639290812866, -0.8595971752444403, 0.8883012378263027, 1.1923390380780383, -0.08819343202115662, 1.7470519742749315, -0.9215522238598385, -0.12409036375487989, -0.2334529860706904, 1.832664716851897, -0.9009176672399923, 0.8621689344386113, 0.24195024065971266, 0.2566061429869837, -1.1436439862460661, -0.06848927166557428, -0.5015982146226998, 0.19441315430057673, 4.185218685478806e-05, -0.23839700400432193, 0.42626831780859586, -1.2561786349182626, 0.635046389198734, 0.721260464884967, 0.2652123343920536, -0.21967971093991948, -0.039152241355324795, 0.6022077683319198, 0.8893078711931337, -0.09620685537024942]","[0.15100088134209766, 0.3916818585771344, -1.5928786084340338, -0.8295706211717035, -0.6551613539962265, 0.7149566280396653, -0.5971885440906164, 1.015907443796262, -0.6629721630832327, 0.08944486250369517, -0.3426631898581417, -0.5657505576951636, 0.9174058399102888, 0.33531875787375665, 0.04698127476029689, 0.7034870128492534, -0.30674187837487743, -0.2449265281024794, 0.9788229161211304, 0.6726570342239475, 0.900581736688195, -0.07550768571746684, 1.2146465879492099, -0.39459824436061636, -0.23173792944961769, 0.09690526829465528, 0.07659245976011839, 0.10169154950647492, -0.26935721753506126, -0.5220695838085732, 0.09938403997165773, 0.15708490199807093, 0.28639324491684215, -0.6476701715623597, -0.294074620466502, 0.13264311454999622, -0.5126277559021614, -0.524909287115977, -0.21678937186606156, 0.16181453101977075]"
"[-3.4123348731019205, 0.8812788725424682, 1.7891398441517206, 0.8398828730292976, -1.408195437948079, -0.7855634682823073, 1.412648026730694, 0.08453151078643938, -0.775660856847705, 0.3186580956113633, -0.6154625223414943, 1.26017431571515, 0.8225171930960444, 0.9783620401484034, 0.22873137001938906, 1.6142700094831701, 0.0037090084290053527, 0.41483282273637967, -0.7609676571954511, -0.7472361484524572, 0.23194681336640918, -0.45530932796623214, -0.950553520080919, 0.06103017986841567, -0.33195923741117467, 1.821686923972272, 0.7236814065819087, 0.9265593725235819, 0.6611873442626516, 0.4507029452214674, -0.3835848677144121, -0.6916396869365291, 0.48438221115643243, -0.21926326380392192, 0.6814686965144224, 0.9398310263763088, -0.48410615561789755, -0.2462356967380195, 0.7539523087498367, -0.6354010348206792]","[2.0710817072384913, 1.3030806257802525, 0.11801138206948812, 0.24573262728344927, 0.8066014861347066, 0.6771387358033899, 0.19109200173992444, -0.12489324718651046, 0.4085976843474227, 0.4077927001152925, -0.6860878742506009, 0.10801397358859394, 0.925894323408317, -0.8905537449247877, -0.7883450085381327, 0.9923400481430905, -0.011824284618727431, -0.28096952650933354, -1.3217017311614339, 0.069062516772598, -1.0803467782906115, -0.3196662601436736, -0.19083487555260853, -0.1731637596422032, 0.1442195601066862, -0.4717608998235162, 0.3911722957273838, 0.5000538843362086, -0.6391468874600245, -0.08276649211567408, -0.3775667480471622, -0.17733359819809838, -0.6584092323715581, -0.46327852056170593, 0.025604773186522652, 0.2875727905482722, 0.8040833216851931, 0.09216468417295096, 0.13927025197906542, 1.3374548184510369]"
"[-0.2583804103079145, -0.057312023041859686, 2.0345345888929756, -0.07976921426961082, -2.6166341907384, 2.9584353296134394, 0.19497574114003235, 0.3178818769587467, 0.5498412649390492, -0.9890427594442948, 0.961730135801268, 0.004973188945954571, 0.5290108847151376, -0.4974566782561391, 0.4867123938449976, 0.21737917224280623, 0.7182566521183985, 0.5015862664020245, 0.9427037407556038, 0.891150270974287, -0.07037149733129446, 0.9400349177350298, -0.4238076960087971, -0.704299078464179, -0.39976036217547034, -0.41995596349829706, 0.3786427088200917, 0.3444806058718351, 0.11289992421618035, 0.22107709364626937, -0.16223909846725204, -0.2658384678520012, 0.18580426027506336, -1.6376063495584978, 0.4648262939483622, -0.4921308306366183, -1.0857179891243411, 0.5259983266568576, -0.4928256259655819, 0.3564574231953072]","[0.11081853546642263, 0.7320374538243573, 0.4764887017868419, 1.70954162268923, 0.642696685591589, -1.387057880744898, -0.3087728577709418, 0.6743567170387124, 0.9654096343217322, -1.2011043965708865, 0.3897241712133876, 0.5315565387294285, 0.22076603508597958, 0.10124605641530895, -0.5326150545526298, -0.12454822706408197, -0.5155297742824388, 0.7661710825637048, 0.5430513749815644, 0.03694681045413905, -0.5466246132748139, 0.019679231486714244, 0.9180910265953678, 0.6576498011319446, -0.23437982859088444, 0.5120401721008214, 0.2674192313946256, 0.6742495689830371, 0.4541241885286176, 0.18810212326214915, -0.3207305458852646, -0.7677495224801693, -1.0783298929617233, -0.18265167430054402, -0.673971423061291, -1.0448174548821167, -0.13868841673005342, -0.45696517941943754, 0.2979784389572836, -0.26122899194639365]"
"[4.471071675799984, -0.9506463081609842, 1.1774884389226177, 2.1767957038802366, 0.45713310135022955, -1.6823762492029535, 0.23637173557169666, -1.0463468342963431, -0.489311711155036, 0.5736873365394792, 0.6173280217084978, -0.3643953265872371, -0.0625613472618329, -0.6585599874001427, 0.1907276232468251, 0.7476936312541788, 0.33917084648244517, 0.3764186214862043, 0.1279550847168251, -0.19163994937131779, 0.4814157007674476, 0.2806103338714334, -0.4012120628766176, 0.014259556525768864, 0.1299521765882103, -0.12259602605436007, -0.3414062313858681, -0.023846033648165406, -1.103546946819081, 0.5680370051817669, 0.11719993948111078, 0.19036245242925115, -0.7282672720525427, -0.2774123440471158, -0.06700788121582026, 0.26079875203630415, -0.07901314100856863, -0.10411834497699227, 0.5759247388714794, 0.3467268711489625]","[-2.152480234081974, -1.3392789149972002, 0.15850077715959346, 0.41681898601118955, 1.0284208339649803, 0.6057265812776143, -0.36790362745056227, -0.5989857552159525, -1.3518415879900882, -0.6651477490155308, -0.1963275612478289, -0.10982157497203049, -0.36164754427016416, -0.14241450194852648, 0.007482856806808789, 0.5504105491152472, -0.17077079577462445, 0.8050990537683301, -0.3097913450350902, -0.7344201719307017, -0.05681305401536198, -0.7997998071974197, 0.42939315721595983, -0.5808044766506528, 0.23466107954412146, -0.033169913361656866, 0.019321691574680448, -0.45875891778611144, -0.06672265510192248, 0.1078931505064242, -0.052121852448752205, 0.13200496106163082, -0.015011694142058062, -0.04646658013789982, -0.139662980457277, 0.0012097936519512122, -0.23495217258926557, -0.18338571066270345, 0.3107069615182756, -0.2560036497030786]"
"[-1.539617251433456, 0.14955682322780164, -1.7327468868200153, 2.264078835724267, -0.3206482062314281, -0.8677381690246219, -0.6165941233369617, 0.3064177221326974, 0.13432466878687038, -1.8682208447859388, 0.004154848164467983, 1.3965498536086267, -0.34026248720498525, 2.0604050627654416, -0.3163753617988669, -0.3301119993952208, 1.0781465646403123, 0.5794681813873959, 0.42995566575831085, 1.1518516808383292, 0.47467290556758374, 0.4861859193282868, 0.42305126486413913, 0.7200947577362997, -0.7813293455388638, 0.895584282577981, -0.4915648437915939, 0.8745173928284687, -0.05467851385662693, -1.1027828979673804, 0.019845601432236546, -0.4707644371813884, -0.29303094593551315, -0.020142822702496864, 0.14611140691741084, 0.35770179615999426, -0.9949509723453014, 0.35394118968686494, 0.21252980904323393, -0.060522742468221]","[2.2517380040335073, -0.8685258615585075, 0.073424453568467, -0.4844251172217959, -0.7595873198532301, -0.4269700679524849, 0.4368112805167317, -0.42023364632513677, 0.3291833110335862, 0.48378200993587184, -1.3460363325817128, 0.24558555593039336, 0.542202788714193, -1.6870772676624837, 1.3687405215644086, -0.09558310370675344, -0.5356461742094973, 0.5701235096368427, 0.1619017082628839, -1.254393270065303, -1.1143556958917136, 0.26035692344447314, 0.5122722134603338, 0.03284273789059587, 0.5324485529127757, 0.2526750131700516, 0.17030198016048237, 0.09269904644557705, 0.4141334265141421, 0.027062109605397757, 0.5725161743016707, -0.6177736339329611, 0.1110657324755347, 0.02074434955569856, 0.1910359974530416, -0.16445159312568353, 0.4597342221529458, 0.4110407800324015, 0.6383274837224485, -0.5918640594830252]"
"[2.284870789536031, 2.963971824096672, -0.2034136936879666, 0.8570723714633154, -0.4650687084100901, 1.486875356525751, -1.074143685239941, -0.5964598559601614, -0.966492880458588, 0.2103413948607732, 0.057674933851348226, 1.680895765550947, 0.7026956029425375, 0.11935700732043923, 0.3235013599766914, -0.23791082005044978, 0.6851125612812201, -0.7062578550854333, -0.3765049787250753, -0.8118054003044614, -0.08217257032553438, 0.17052664171386903, 0.7417142062007658, 0.05240672721204793, 1.0637614827961266, 0.17901382983492564, -0.044100161871278604, 0.05006428461349291, 0.43080631273521186, -0.008820503951460782, 0.6127349746218199, -0.7537057152951973, 0.6120712683461916, 0.4472342093520494, -0.6816177572122845, 0.20907517114066906, 0.7996328871555834, 0.05804901196587937, 0.19581966696118325, 0.1706940643733635]","[-0.16269791954693455, -0.8367750015926976, -2.0259106997499274, -1.1163419204593663, 0.8533490807558081, -0.4008348165177862, 0.8856305118430058, -0.566456737550524, -0.7584970664677027, 0.45022093880878555, 0.06575879065872395, 0.852856823971536, -0.07774692816337031, -0.02218333652749726, 0.47273743104668736, 0.8309126982205539, 0.39251538518111306, -0.6153407889977461, 1.014568950466351, -0.49315881053075716, 0.7050194145913351, 0.1915335999566993, 0.9461714967463316, 0.07629370381818834, -0.08632986308155054, -0.007575108018030851, -0.33516650946331805, -0.14851615423667539, -0.3879631581956904, 0.3445795878232861, -0.0775591350803655, 0.4020776213072282, -0.18148921478578653, -0.6850641846238048, -0.15268006680314838, -0.5278261869252318, 0.17989329295595785, -0.10176212072734085, 0.6956131774889865, 0.3692327661997673]"
"[-1.2525666347475601, 0.16048460015807542, 1.2206114231833, 0.4856647010566068, 1.857470704139947, 1.2295518276532518, -0.3581475731114909, -0.8229585421080572, 1.108838175776647, -0.7976322223667154, -0.30156433744296934, 0.7073001108549466, 1.4614185763466623, -2.0316120904993618, -0.6193833604354608, 1.032154961782364, -0.5861168417160177, 1.8909789976883329, 0.9846446021368399, -0.5059372236369323, 0.9988144955468194, -0.63972464466471, 0.014697630572363712, -1.2072931211273992, 0.6993828282596269, -0.7382965786846968, -0.502967750142358, -0.5005499738391501, 1.310943866012943, 1.0687445917861536, -0.15654957597714828, -0.8638635094942643, 0.21868835384343221, 0.5101990358671408, 0.24759554922372132, 1.1626907325629017, -0.8094862186801242, -0.609657011812306, 0.3665351357804731, 0.08423019659425282]","[-0.6388444139412855, 1.0930360342527121, -0.09624332486794984, -1.0336145422823833, -0.12238851699078639, 0.4890200396725382, -0.01889374009993716, -0.04411617777779103, 1.2267824507283533, 0.36689307135474003, -0.2183401675985777, -0.3036236593178333, -0.36296344776860606, 0.05101641650827845, -0.47827831830895584, -0.766637739343498, -1.2636517256278514, 1.3220700903311606, 0.04432186492140798, -1.0040945833437918, -0.46990843701110474, -0.6365745933595928, 0.14618424425297447, 0.3125346508109718, 0.5279271764785576, -0.9534363447424969, 0.6934257533159097, -0.5610750894791307, -0.6158300998218373, -0.12265929914633865, -0.5968548188077194, 0.7117463254968283, -0.6721049011951614, 0.514767668547935, -0.40560466845196363, -0.3415908709007252, 0.8048031517732169, 0.20032971706521527, -0.6241235373112308, 0.2945768861829947]"
"[1.130479285824277, 0.4335785212236793, 0.22665768419704074, -3.235195267374945, 0.1232448734895538, -0.5259331794010585, -0.6063964182426558, 1.671163500843734, -0.3170583581713723, 0.28666709502240206, 0.7844963694200086, -0.17224669489444291, 1.2647199194691359, 0.9822060135390311, 1.02830897918573, -0.6572669849007895, -0.005208657694714245, 1.1842452488553696, 0.5934753107091322, -0.9521318180971827, -0.3076058045256208, -0.4871820351866378, -0.7160415558389712, 0.2502296782725903, 0.3674903519709123, 0.27226760775307135, 1.0514961559418932, 0.7571217751870339, -0.4760969523245335, 1.295270426942614, 0.3100811484584839, -0.06854489315693452, -0.07453618850677202, -0.7394538762311408, 0.9328775580478406, 0.02765525530687162, 0.19968565895399026, 0.4185215769485602, -0.4847656251496833, -0.7031057606612511]","[-0.22418943648939624, 0.9664238586993795, -0.8613927666626311, -0.5615464913211872, 0.28427877349285513, -0.06443014514041394, 0.9278476529866355, 1.507149042700539, -0.25772673875103147, 0.09313614903560224, -0.9162338500272795, 0.5902545527746053, 1.772482843262721, 0.067508206644272, -1.4212023944584489, -0.20002841405635305, -0.4484155750908585, 0.6421822929586813, 0.7582674850499452, 0.9532278575631516, 0.22061344954005618, 0.16921093929394965, -0.6353176187176383, -0.18862772505580314, -0.8734758258977718, -0.3468880016544327, -0.022429148225033422, 0.1364160035602581, -0.13043392585934244, 0.36531314464567405, 0.41134199379814346, 0.8017407308553435, 0.27899885575507244, -0.5018724246164832, -0.4210508317765011, 0.048631174643801, -0.3929730991761962, 0.4533673302307976, 0.25120477436333744, 0.3087260274674634]"
"[-0.8872886322610931, -1.0135683822775086, 1.5943389965154808, -1.5136188480150996, -0.2908280938452058, -0.12031407419419657, -0.7418471021198364, -0.20909233701153596, -0.7121899087120653, -0.5735935302762019, -2.4043502700347643, -0.7925128752028154, 1.0601993050422989, 0.17416966466287503, 0.20334651979050544, -0.5929823226318008, -0.2902416299149913, -0.47421207636129087, -0.11568983551281738, -0.18878728533512826, 0.2465579218328161, 1.3879382934388294, -1.4359344835708994, 0.009294022676768342, 1.0402537684932067, 0.4586560753303772, 1.5218409085396225, 0.01680709593215965, -1.1856177052680756, 0.8152667547492571, 0.1397569786544847, 0.9245551779223069, 1.1325974475573464, 0.6140731810867721, 0.2680033096926015, -0.9020068613203402, 0.35763071873413016, 0.8788484916583811, 0.5021635554415275, 0.8427981352484695]","[-0.5296174469959831, 1.1563189902440016, -1.0901381483049517, 0.2575803424920935, 1.4274391448120678, 0.2702628533480542, 0.2182974071199591, 0.4465016126558036, -0.3894335059239162, -0.36246792149727936, 1.1663850241310305, 0.4179431990816048, -1.036323217172049, -0.6544400459351545, -0.1265886010830657, 0.19771144097947918, -0.45467114447876683, 0.17742935680737149, -0.1661785826346831, 1.3168548069787804, -0.741522914657135, -0.4531185974492169, -0.8548069173132367, -0.3454556443350684, -0.030050798862959572, -0.7833423882362618, 0.2237053721372756, -0.38947929125904357, 0.2911292412959662, -0.3249008125074911, 0.8263233435934736, -0.7557726194117451, 0.6410624707884781, 0.7087664106870885, -0.12515405386836156, 0.3869661892490141, 0.04504697633500808, -0.013613435588048686, 0.1921634695335388, -0.2168759668434133]"
"[-1.250588156685219, -0.42820410377767104, -0.3467583044242091, -1.664724623239446, -0.18852010723900348, -0.7520200956892288, 0.15330035615456836, -1.4718865489548048, 0.451816186255814, 1.5829043795215842, -0.7312325838487371, -0.007855237366805426, -0.39299667959021284, 2.103441913827019, -0.10636447300084018, -0.534881127376688, 0.6483873066662716, -0.891640503700816, 0.9435604416348995, -0.7552508671528458, 0.8107039732243079, -0.8304739858545362, -0.6845825875994657, 0.09108635389851068, -0.2315420345990206, -0.02057707149537893, 0.6330011222580345, -0.20632614546543546, 0.4616506890826972, -0.1880134164953871, -0.22282878752343452, 0.4750601392263477, -0.3642669976185691, 0.6892477055944985, 0.7298241741604132, 0.44628058476894605, -0.8312352299540702, 0.6279796435563391, -0.473341434920521, 0.36935548587224654]","[-0.1645245928601508, 1.5239846439068692, -0.05770341146157323, -1.4636261013064307, 0.04938328342363787, 0.5836681622250621, -0.19256295477477448, -1.0910918922388975, -1.7312891002212958, -0.26066571654325393, 0.1262797042017368, 0.2569977651616461, -1.2196653337260177, -0.682816813665538, 0.9200083339343156, -0.21814123942896935, -0.27349592437590525, -0.6338042914175684, -0.3705273812135826, 0.13009177541007927, 0.3503020744443761, -0.17466551549069545, 0.33601821050998587, 0.3829956439994842, 0.47694893670853183, 0.0483100155823502, 0.3523614250570202, -0.7382764178142104, 0.7793218995578434, -0.09743815430922659, -0.05643443218921916, 0.2196240128814353, -0.07312596121895486, -0.09485257154227378, -0.4826171219396712, -0.21143901597503278, -0.12456346484097093, 0.38286445132920677, -0.031051619535308623, 0.020020667981648668]"
"[-1.0145950623476707, -1.190688213063374, -0.6094074171882913, -1.4103410923533575, -0.075143489015205, -1.784326644223328, -2.1328317659152463, -1.1230231245451026, -1.8626602442757594, 0.4021157502626311, -0.5014102994775804, -1.8422165249227136, -0.4537199653160403, 0.3007533364372421, -1.5727887757057635, 0.016654843837781222, 0.6477525069646948, -0.2582271184421655, 0.5589097657078606, 0.22611208455968967, 0.32330993223892923, -0.6608817019807448, -0.379563975388009, -0.41576194140563805, 0.27836124477610713, 0.7525204948495181, -0.8463794569875459, 0.033702240850040636, -0.1886013578903732, -0.6414110417406333, 0.28308925113698885, -0.302764964687922, 0.00028879301500761887, -0.18716412139777375, -0.4201097200206465, -0.08208368008519606, 0.6468500984234057, 0.30741302757896266, -0.3765471289519951, 0.06213883372369835]","[1.5432994955638677, -0.6619612485107981, 0.7571554277388391, -0.23834167195394973, 0.7383658230629988, 0.6676461228802862, 1.750446876077419, 1.059687157024138, 0.1460220707082369, -0.2658575919212961, 0.5293324794535783, -1.040430797221593, 0.42807934287944527, -0.6714990201012441, -0.3734195475312937, -0.19856666897085704, -0.3951570898256389, 0.5882189017176787, 0.5761028349451445, 0.9635618820574973, 0.1216104736142829, 0.90654601777506, -0.6077830380622389, 0.03883694355709189, -0.3961716948591969, 0.47233232801794395, 0.01774224224064623, -1.0403137052364038, -0.18695595974621884, -0.5254493048618676, 0.10242520602071219, 0.17409538877407274, 0.5101464263912516, 0.0045568785658033255, 1.0052410600359984, -0.6703977168359718, -0.6600557000017111, 0.20604804086055517, 0.21782001269730514, 0.47551039814141505]"
"[3.1179143978212647, -1.8049924890946194, -0.8560920562539236, 1.3191236075165662, -0.9476653073183312, -1.806570883841793, 0.23639139027702183, -2.034312379014267, -0.1356355828154119, 0.2854424787803414, -0.5330216808563555, 0.033823611504259686, -0.4987124915627905, 0.02096434154231173, -0.11502131707013555, -0.3854630622525688, -0.7843301788069444, 0.9615956433474968, -0.5530990308908865, -0.413973147818333, -1.7077301762207278, 0.9155547160484075, -0.4951450071341783, 0.8757259975506665, -0.01192799455117855, 0.1324774002532434, 0.9129097033409806, -0.4181920152346157, 0.7668050547430577, 0.209357626913038, -0.6991786060379773, 0.6397101835275283, 0.3435751438909296, -0.6324459652627988, -0.5174885427149944, -0.6070172130224906, 0.22920697188012423, 0.27167406430960767, -0.020827894342004973, -0.47432657240003595]","[-2.6384894013901365, -0.9208248873988409, 0.22938919775174685, 0.4792914951931838, 0.5603517257291198, 1.0743534085209234, 0.6069181349267947, 0.7463053671380657, -1.0174878329460422, 0.7369668143844804, -0.4870994643210961, 0.03802274668628348, 0.5226499565094227, 0.6508433798169065, -0.35376078646703063, 0.7388023338061493, 0.2856225671075918, 0.27903168376181986, -0.6091838810550504, 0.20389390863563267, -0.213333051307505, -0.14057008690326203, -0.7802352167461826, 0.7765587793293383, -0.5346793266810934, 0.04512902510364272, 0.2647408071296679, -0.1260233978387766, -0.11995149331467864, -0.04504905152072931, -0.01175815552121593, -0.30783831480610324, 0.6656397256266888, -0.12919744205073513, -0.03751952683630157, -0.35889143462158857, 0.05329432410378236, 0.17529264183276444, -0.516137539347275, 0.1632600359153192]"
"[-0.5247752683848502, 1.8507900073567278, -1.4690769712592644, -1.8945168680157987, -0.5653172736024817, -1.2291277287808182, -1.2776153378518122, -1.4940338743866106, -0.9419078666911028, 0.7074518159375823, 0.8608689894414736, 0.4467364752290806, -0.04121085004345171, -1.1787039554512824, 1.3917907943161625, 0.27052669479384217, -0.838162953475604, 0.014842817558213978, 0.8134757759089164, 1.0730033723873922, 0.3379562178093503, -0.5241182332715283, 0.28224362387996327, 0.9377956012990957, -0.1738492853465847, 0.3477605312587513, -0.11967104369204652, -0.5416055173373584, 0.014351967371049244, -0.8534866166201326, -0.013204425341009395, -0.9927787745951416, 0.32662783068989604, -0.1647933917499821, 0.3772728727768083, -0.6818329245037744, 0.30539812224649293, 0.06194923672759267, 0.7964670857413, 0.3997106329140615]","[1.0315881678941103, 0.5512372061460799, 0.7320589865153748, -0.48728440609654594, -0.28967681473641027, 1.015929244567141, 0.633714125752927, 0.8762132172018305, 0.35771266415835334, -0.22988862260437098, 0.8614040253986124, 0.34534601763103756, -0.767288431143374, 0.28688940913217, -0.8826830424462008, 0.7261475067673364, -1.0552524254778186, -0.5163576355856422, 0.029613600293306633, -0.805569250536069, 1.0060131918359747, 0.45252166274261696, 0.03927485139401649, 0.44359309214100845, -0.8497849264922195, -0.9162069199663787, -0.27247002426091904, 0.008511811954184314, -0.5427362759603992, -0.34295602815864634, 0.350008539731334, 0.8710922390796881, 0.09673729415311424, -0.0619765489587678, -0.3607843446602592, -0.8626423150755284, -0.4711759805619225, 0.20364828913635047, 0.3879549148483152, -0.047227603311779755]"
"[-1.1190310899197724, -0.7901231189317477, 0.20471088886372213, 0.008844627685760982, 1.8118231204843458, 1.3078594489645792, -0.11102125095481387, -0.5310219136301194, -0.7386171916671965, -0.11574091665108512, -1.1654846000941679, -0.5113240683144944, -0.43544056673313825, 0.22082244593434625, -0.5816164989101188, 0.6734441469176917, 0.9029305324220956, -0.41340280801293733, 0.0981846149157649, 0.3707426737962696, -0.958526598317506, 0.9462334674408908, -0.5810960139516429, -0.4873536308300265, 0.8024671862668752, -1.0804724592344324, 0.5451994217391318, 0.34435534614689167, 0.27182712498736056, -0.18596557124795202, 0.550282022122958, 0.6309324358618954, 0.35748663435480393, -0.4750737994051929, -0.16890727277664946, -0.9817965586858198, 0.09307600410669191, -1.3609400261139424, 0.17287860910115474, 0.8958038747559964]","[-0.22707069499092317, 1.1423294481358721, 0.5913966413456154, -0.3497100766878222, 0.8049388609463339, -0.0013541053135058781, -0.22135715767710476, -1.2211058452362282, 0.538750934207146, -0.3514659173751781, 0.5175971980983269, -0.04730025231556664, 1.0567708910451974, -0.4010226584458152, 0.1676761102677234, 0.7920965491790588, 0.3198720245761956, 0.4837296914712722, -0.634078490635284, 0.27775253895216795, -0.27751632417503563, -0.3937150647095341, 0.24627695575835998, -0.74019194464111, -0.36626016035382797, -0.34097628247710055, -0.3109998026717679, -0.6174148579636473, 0.507391099687015, 0.03403142138113116, 0.5752268214724467, -0.4980281848947765, 0.416761557704468, 0.2180537187438556, 0.20686911796966878, -0.1468276730054737, -0.26460553041886536, -0.7630032349982533, -0.2550260861379816, -0.16979878726222367]"
"[1.0218538013016125, -1.8409513227007137, -0.9471976724157272, 0.5752169509839791, 0.013463566169647001, 1.686154239433198, -1.9779823126071987, -0.9582557726512317, -0.4847842827563187, 1.1490465415123943, 0.3746234133722397, -0.03979706287412071, 0.20648610409738655, -0.4903138819130809, 0.6767570049424988, 0.19521196522323375, -0.5668623651783196, 0.02026460293588748, -1.9209222578308602, 0.20663225262964213, 0.16110154474643365, -0.07665800658663134, 0.9640977719674296, 0.09634907053438183, 0.01034731898324382, -0.05786490754755528, 0.13694653529624462, 0.28420884335476126, 0.8587519723697441, -0.11936792507831846, -0.4483576093456531, -0.2773875664749185, 0.6557113372687506, 0.18021368459757967, -0.4111433829200785, 0.10206408997913188, 0.46199595504635366, -0.34326259707221657, 0.4283341162909154, -0.08750950451856547]","[-0.15938081672259688, -1.8624874500612387, 0.038139039950403325, -0.523471344442242, 1.4756363864787734, -0.5110876933784205, 1.6711637862754656, -0.03273793056919026, 0.46614375208806147, 1.2245502463177218, -0.11350702533981671, 0.6237697602537515, -1.1373311210807913, 0.760887324896736, 0.6826019166986198, 0.9281121554838508, 1.0186681646698583, -0.7604960846239307, 0.47663927761156055, 0.018266744579107326, 1.0582725331065954, 0.4406721278109002, 0.22521939323266785, 0.12060837102475726, 0.31472165146951925, -0.0520811752280207, -0.717509009045187, 0.431206283444598, -0.5379314500064603, 0.4587634735953963, -0.17388728104123732, 0.7967567232494627, -0.3642988111864015, -0.03096583728176323, 0.4462344467060168, -0.3658268232254096, -0.3580504637104801, -0.13043129798425981, 0.3775827695029292, -0.2786160785617639]"
"[-2.275260565872213, -0.09966029793487832, 0.6784245672619481, 0.1445550026383098, 0.583266925528501, 1.143182074557192, -0.14908948464836008, -1.557063815057096, -0.9778742721329029, 1.5115460611408083, 0.8248305588089063, -1.8561809632289594, 0.05019342599516802, 0.9424101858055808, -0.5917933951387598, 0.2624937372998509, 1.1360685600833362, 0.4253475154140618, -0.1384716046816095, 0.022173929656273433, -0.0695257185040744, 0.7496386131092182, -0.044706614097774176, -0.7253414236412603, -0.5820067399971267, -0.8827595608534328, 1.0740253475593617, 0.8951243607534054, -1.3121635713058535, 0.7681709476044263, -0.8794327463371848, 0.10027642006832534, 0.9865555703967007, -0.3206872928098034, -0.25555044840159136, 0.403365050207402, -0.06733929334143089, 0.46654410333969837, -0.187719119654991, 0.27258682746404067]","[0.9102275793435134, -0.3802394154953111, -0.8841541879513031, -0.731103440029594, 1.1911556418201925, -1.5809824681023505, 1.8338948473764116, -1.0228292220314799, 0.5987502393845228, 0.36526529401248276, 0.15175897557139625, 0.2224189246752909, 0.9273583371467967, -0.15250569566736605, -0.7925596177600188, 0.7287338549609929, 0.523048356768136, 0.7387947799489719, -0.08298071747731106, 0.8363333107293985, -0.5838270082617253, -0.3850828922570255, 0.18133132176355038, -0.27302624947349646, -0.445174980556978, 0.3214369676371624, 0.3445293636745152, -0.551932258675707, 0.3419571163375165, 0.12033952873917575, -0.19728864254932116, -0.31481414288668064, 0.095851709084197, -0.24553487764490323, -0.2631608228734661, 0.13056396156903993, 0.3485062593952868, 0.21498413081648218, 0.035462756937247035, -0.7465346847883549]"
"[-1.3927638448665336, 1.8284940177185716, -1.1320144749746666, 0.965354995263884, -1.303692780893575, 0.8219173252997511, 1.9723113352904567, 0.8258902262330657, -0.1179833068568749, 1.0711092868797694, 1.3665918184610195, 0.4002212203873405, -0.7620902783138508, -0.6588409015229937, -0.4500594986034093, 1.5893749596791886, 0.870822786422735, 0.7378314859763698, -2.0478999452487745, -0.5853308131720365, -0.5465282927450068, -0.10412432667279693, -0.935627390948396, 0.7713653794498019, -0.6956060766000136, 0.9394954801128139, -0.3391637366879293, -0.46000596203665944, -0.062376876086712316, 0.3632421865142618, 0.9921846769097644, 0.34247937024046904, -0.0023766507281188913, 0.022395921492689284, 0.29657808298894284, -0.5557378403993584, -0.15586792122029527, -0.42213605577437985, 0.13920106746399613, 0.04855454114153047]","[0.02187966741557595, -0.07244528726114158, -1.3439674366752528, 0.29797441318380224, -1.9482649541410277, 0.8643218102543005, -1.012314178706688, 0.18620152967431983, -0.49921545999418093, -0.06533694679995077, 0.5342365645386028, 0.7107932726742476, -0.5876458021956462, -0.15915104234441887, -0.5610229193824164, 1.2305416394652946, 0.6741444672056358, -0.4559394461172581, -0.31203183166144105, 0.8139915012933894, -0.038970198984817045, -0.07923814454349791, 0.23983816729326962, 0.4405400493092421, 0.7695631830580386, 0.11711012211648554, 0.7260539673771784, 0.3017832320924538, -0.03200053526066904, 0.5101978031557419, -0.6634623849232529, -0.3976415133729605, 0.0449764686100342, -0.16832323822138792, 0.009701963761966815, -0.2032620599602345, 0.5289226909627553, -0.15991123051616324, -0.230708140447212, 0.1607209993769603]"
"[4.0422020300325086, 2.6202600683983057, 0.3944883931835467, 0.07029997811084714, 1.9383593193639415, -0.5489163595751168, 0.5248028553129185, 0.24303332351720922, -0.7922333746517559, 0.14774314368855818, -0.7990145961677232, -0.8516427377276485, 0.9000735036982538, 0.26924547659267045, 0.14255620899461305, -0.3540732550529472, -1.1123585938614107, 0.05648193452047636, 0.3600440150400053, -0.4979170458433401, -0.3694376483295391, 0.2806543255308986, 0.8890030856657091, 0.885612709277779, -0.7658858558682886, -1.0633719371083867, 0.7545414443389099, 0.5914875107845338, 0.04080480393463427, -0.4499901862946408, 1.1945238277164871, 0.5546974073243834, 0.8749329292945209, 0.14126559920049075, -0.4492083103668771, -0.3886706156220309, 0.5016582239440718, -0.28736273066719387, -0.44763950159117977, -0.1685499827713079]","[-0.9173441013651967, -0.6277214245908347, -1.6939065461250526, -0.41034382451864004, 0.9181174277697774, 1.0469087248501705, -0.3966925468984077, 0.23835621665502485, -0.15140874282134426, 0.26265703333784396, 0.35454779179373613, -0.30917334425860593, 1.2722491697732068, 0.2939061384013651, 0.34209903948135767, 0.29972553000427005, 0.006029063690619995, -0.004754449006050079, 0.472941469545472, -0.06622446832997049, -0.13498057620347156, 0.5504511783893369, 0.8994351598358068, 0.4322889066486, 0.15541298609657353, -0.0156412282603735, -0.37827135598463446, 0.5868404579387297, 0.5176920501337121, -0.12050344837174928, 0.3472326171136723, 0.3461446533190662, 0.41297338991561117, 0.16107218207015245, -0.9788296187782892, 0.8364773536326465, -0.7803961816379172, -0.6601728858927919, 0.1343133059373455, 0.11356031414640973]"
"[3.002777599255836, 2.6827067779792895, 0.8015391397892622, 0.18147597658593662, 1.6260414736031148, 0.3954748857260709, -0.2060570338291943, 1.680893829007277, -0.9687024362493579, -0.6217196524920101, -1.2162031964113862, -1.0396601485373238, 0.12674590773309, -0.18500604570551735, -1.1928418605282194, -0.18333046161513772, -1.421292567288461, -0.107331552552349, 1.0932662504318391, -0.9545388892415992, -0.9931438624224532, -0.31060841996829497, 0.12336549082880258, -0.1375640375385425, -0.9580604343270293, -0.85220581815899, -0.5217903398581973, 1.0331546262170952, -0.46551691309320925, 0.44609376307276644, 0.14841150063693154, -0.35521848869717915, -0.7338273323027051, -0.5084458802487255, 0.791748945699796, 0.5917334015502838, 0.6879011778146473, -0.4811657397594965, -0.06367053715375152, 0.34732823437807364]","[-0.5435838242215096, -1.1767907909957551, -0.7608123333324345, -0.3501137598242522, 0.24811865308657347, 0.21921612111594482, 0.9249876707905456, 0.38309368059853116, 0.9257435586935768, -2.239712330137288, 0.5446006790938456, 0.30842605951406005, 1.235970165638683, -0.8062396452476818, -0.6216964812807658, -0.8748884961402507, 0.1119572665146157, -0.0794451091945978, -0.6555411307944571, 0.12986480113018048, 0.14279954923189667, 0.42822199085633394, 0.0815029313424192, 0.7672254275887573, -0.17013679299022394, -0.4003080374324651, -0.2104247658976904, -0.2303589832672625, 0.5092018528481931, -0.6173883385115819, -0.04984510411384293, 0.7351776504968792, -0.3906887935359781, -0.5944731603828868, 0.2213414717121719, 0.29988340848915174, 0.13630132546485457, -0.6263346543909907, -0.27886958202053447, -0.44503036016358744]"
"[3.685039034722205, -0.19032328363684525, 1.530645863417936, 2.7140885228819176, 0.7986811327177056, -1.9918366352027812, -0.5582570323644644, -0.7631071317344502, -0.8574161738372691, 0.587618631699208, 0.2286454322596726, -0.96177898059001, -0.21851950295881606, -1.3944494575470892, 0.6423927200082571, 1.0702711788676853, 0.3051151756915013, -0.24310136834586715, 0.34661749434099187, -0.07110656506384595, 0.542143470808156, 0.5559736208045238, -0.5003465081888158, -0.20315538280060427, -0.029562377508114218, 0.09929680825807723, -0.3397585762130223, -0.21244228229533443, -0.7994772552344878, 1.0135518569260369, 0.23498273509461273, -0.008485150527728998, -0.649191568729553, -0.18366850645390947, -0.21199586394240338, -0.4217893772372901, -0.013690983576353396, -0.5847148008409161, 0.3616105978805287, 0.39990153383588795]","[-1.2087080832128092, -1.734226539585212, -1.0821001712485996, 0.2430459669910081, 1.298805917228935, 1.1801162008969128, -0.7349201161129763, -0.31115928342947297, -1.179647398555223, -0.2479059335035474, -0.19585506726657606, 0.27756849281170787, -0.49789630376533794, -0.1378646876528519, -0.09374518681968345, 0.6530324592596494, -0.6879155393272456, 1.5504155861036866, -1.2886857807965577, -0.4577221224233339, 0.4588406666715296, -0.32371125268381606, 0.5472521486454667, -0.5248402770271093, 0.0476299198970164, -0.022065222813724573, 0.038353805085140066, 0.09040545519128526, -0.1984722355239824, 0.7162791795373408, -0.3152416019113513, 0.14100309086722512, 0.35581500824486934, -0.1732191859850745, 0.4773242511101382, -0.2583249715192905, -0.6490792337747011, -0.29685165856014833, 0.0973190485744973, 0.28802091516917444]"
"[0.6316566076316452, 0.849692905380208, -1.4694318317745216, -2.804856998708524, -0.03239664921597046, -0.7118829073348133, 0.027401452010298876, -0.2619029184520047, 0.04741297006042337, 0.9466562462685227, 1.1273299659488356, -0.1671019003205021, 1.2684410686728944, 0.5015210612266192, 0.47963232314615484, -0.16719130362118706, -0.20069247457192377, 0.3245028438224357, 1.023347199436297, -0.586450508604848, -0.4730428340730269, 0.5884116075702888, -0.5967254872618203, 0.09969765899060717, 0.6410107019607308, -0.16512967705503073, 1.0694750386914902, -0.035031443705487546, -0.36973147788520533, 0.15770416366446213, 0.9686814075123399, -0.62083695320084, -0.31356714981742334, -0.5440382966702231, 0.1212795786674741, -0.056016978975331866, 0.6193449749661308, 0.9861261385913872, -0.20621076923740558, -0.2784161343999476]","[1.0466504262734875, 0.048676168924933504, 0.04725065059078293, -1.2190474355690113, 0.15848897068713255, 0.2665218527165553, 0.5810690868583609, 1.9218703994335002, -0.4550664521055049, 0.6215711637725636, -0.6628120652878071, -0.40012744137566925, 1.4905491659888364, 0.6926323467092356, -0.8451112534276297, 0.16714610785506773, -0.5783480884580956, -0.3873293576433376, 0.5358600938576957, 0.5345238702031682, -0.1801326604662631, -0.6672141832056058, -0.6683713528221026, 0.6500910011208013, -0.07118565565126195, -0.5567797856223372, 0.1389465001382216, 0.6253611631088212, -0.18276706522934916, 0.06276662987051618, 0.2813115952717887, 0.32145618236800494, 0.7108017620987314, 0.16683783038291228, -0.5248712334805593, 0.3965883783897431, -0.9876926929882778, 0.49229780903234294, 0.8864584805699413, 0.06289331899057302]"
"[0.7651397458157213, 1.8460285081735284, -0.8711284109900131, -3.026163994567716, -0.35146479225244426, -2.040550427103865, 0.40253841059285206, 0.4361413185174944, -0.9896203999289757, 0.2903578066466165, -0.46186288808746456, 0.31013190511970307, 0.91194510012877, 0.05475665793520721, 0.06763631177988544, -0.068797704447931, -0.8057195006313943, 1.2617211554780758, -0.6508600866231928, 0.47757968203951484, 0.6368529220030164, -0.11822241854572393, 0.38402083797267467, 1.1071336402057532, -0.1262112556268263, 0.13071830458817604, -0.7901573740925173, 0.07753948873830453, -0.046405050849038336, -0.13048164269135296, -0.5059687835870614, 0.3296708947539246, 0.12981093678606434, -0.003085629363027039, -0.43228751180778, 0.004336882983504273, -0.9202658163840192, -0.048845995356376404, -0.3882695840671893, -0.11635832697328255]","[1.8777049599839966, 0.8503192256149297, -0.5847930530197829, 0.632552211969007, 0.5076335193423465, 2.1266791701041345, 0.2029109668373312, -0.6181924923428034, -0.1179232907366101, 0.5485658888112019, -0.3955109380575214, 0.41199391627414067, -1.187385495499626, 0.572610852272245, 0.4196703625485993, -0.4652452736810097, -1.2507795458068416, -0.6547968095589678, 0.035928636491899674, -0.275408966485335, 0.6842509350930276, -0.08954508552758556, 0.8514459690962892, -0.36357206111690005, -0.29656539821246236, 0.5551255340654835, 0.2573572177910931, -0.025953498320127267, -0.2547947192982856, -0.8112894760431487, 0.4601632525179942, 0.48460188752103023, -0.570975930359775, 0.12419056710857883, -0.5228602155319405, -0.023226001227977595, 0.051050379830745986, -0.22004492230049177, -0.20740885296086128, -0.14635953463993975]"
"[0.5590302951523537, -0.38885316492290706, 0.5645976428972256, -3.0305489388956595, 0.03365657221815775, -1.2367239412616322, 1.1427521976372679, -0.30085490134843623, -1.3646972161194673, 0.2908790331363706, -0.9095561683102408, 1.0158174934230813, 1.0395690479927402, -0.3235588234261718, -0.6293122714252921, -1.0649904257493572, -0.4322678018689892, 1.172588909759124, -0.30770519968685706, 0.03134650971159866, -0.6210437977053263, 0.27923655047965446, 0.7558701643299338, 0.16008775869590386, 0.0364045712256151, 1.1376463433111548, -0.0683709635726762, -0.4498263435941238, -0.2382198085973657, 0.08597825445802638, 0.2402113958573577, 0.565418076879271, 0.3224324560247072, 0.18461151232004036, -0.2693691858219591, 0.21172883707002238, -0.6575574309617552, 0.6574273402352158, 0.016106573647840124, -0.31776514078953333]","[-0.21088593218307458, 1.0344753458283427, 0.32137269550770653, 0.6639003496958584, -0.4411121324268032, 0.9335969535441255, 1.129821670588786, 0.8847627513279178, 1.3811489828391954, 1.0155994131727744, -0.9536758399220903, -0.01849618717269422, -0.6663513222424269, 0.11672095470713331, -0.42742744340641814, 0.9327544378818309, -0.21526299094264445, -0.06120266987882255, -0.27866154690867023, -0.42999884510458725, 0.6860777595035875, -0.935705850089869, -0.30651661146176984, 0.902294078110898, -0.10403952938954786, -0.06875586443462849, 0.21540309452956868, -1.064624194585857, -0.02051700267103224, -0.5081661624759306, 0.779068760938025, -0.23043280961612236, 1.3816693751613707, 0.3715742879444073, -0.31095017952059517, 0.10863374001642151, 0.2481944108566299, -0.5359774760141844, -0.2650243873930199, 0.0031498619576313773]"
"[0.025195140610586666, -0.6512035643645723, -2.9835612816018626, 1.1874615509896616, -0.1298934843894437, 1.8811847445182108, 0.291356852760447, 0.18405964754323023, -0.2838048663321132, -1.609902733743923, 0.9441024896214467, 0.2473684686247687, 1.162523022777489, -0.3989155669577324, 1.3871514008304624, 0.32404721212400395, -0.5676764944928767, -1.2887890445663879, 1.8429735613239222, -0.26484972273063234, 0.27090911718983046, -0.5007131416817436, -0.2814223718787954, 0.20586840248845817, 0.09020667304739152, 0.39793025779698293, 0.41611065292383703, -0.23583477507234793, 0.35098804000747463, -0.39745837149126484, -0.19670677384917484, -0.6209797090024066, -0.4966785353120656, 0.752765190637252, -0.03430064033419299, -0.9294946172208858, -0.010225668600532617, -0.4169190136117918, 0.4255827117841829, 0.14502453403927945]","[0.5345836184921464, 0.8166959368288518, -0.519360868893141, -1.3630562224957794, -1.2656491565541343, -1.6367322391715338, 0.5505567421486232, 0.33473005218015517, -1.1198412167695062, -0.31234813512706866, -0.2811725643092071, -0.10502079439101693, 0.09524734251284739, 0.3224578995398956, 0.9602739616292909, -0.5610825841610673, -1.3157744280842336, 0.7236869492193584, -0.9185910130781947, -0.33299146007437824, 0.5224744800338148, 0.2624294562892138, 0.08007838952482162, 1.2468972721657137, 0.16308643022705935, 0.33245278448490223, 0.27072881779353003, 0.5626689594534989, -0.6517823215551745, -0.3149355144051175, 0.6233550596323776, -0.4112744711873536, 0.08166827712717784, -0.30854745908637127, -0.23313281334611038, 0.2830463417998003, -0.32536925242653447, -0.45918423190887925, -0.3461031238224947, 0.06336951832886979]"
"[3.6053577566432704, -0.5654965924621024, 1.8262852288226632, 1.8073873007700914, -0.5158590550357803, -2.3111833280732927, -1.0299726233193403, -1.512523225193729, 0.940358035543432, 0.34102217061368123, -0.3008052424250532, -0.7664542788127829, 1.0018341437581846, 0.12462839445476902, -0.20820422513079986, -0.7723947561415617, 1.1183974891449038, 0.9243517700882385, -0.17772726997639515, 0.3393066011611532, -0.07506577223955835, -0.9101120495354433, -0.9045168678632847, -0.8046929507983283, -0.5115308059088887, -0.5667935777959291, 0.05099946736336184, -0.30520252642283724, 1.1206458253191063, -1.284992251960181, 0.5122335862037176, 0.10184596540317357, 0.3660053961131651, -0.034691880454062386, -0.10195328084038269, -1.23821614831698, 0.28148131273437355, 0.4223307250077059, -0.6545690473470894, 0.39307213447892975]","[-2.8732948505184748, -0.5073612258287595, 0.0017227468545568938, 0.9126750886600022, 0.3297675604913345, 1.0976645474127003, 0.24961325359313255, 0.70761710419893, 0.011372585633857332, 1.3114720303946497, 0.4645206920064561, 0.29913607261397857, 0.34057994385605683, 1.7108830156794852, 1.1078202181444807, -0.1391079877202128, 0.0334161105324086, 0.04338531462288607, -0.08931740813410234, -0.03042376290380704, -0.21499462679384382, 0.3377761283223972, -0.880447076116093, 0.8295130687655514, -0.025207569027944944, -0.3583065496911528, 0.5434427240164509, 0.0021813197689601, 0.8229217581050676, -0.5168413739517078, 0.37452301340748556, -0.61337070062965, -0.09243433879635564, 0.133125995983456, 0.3016646746702245, -0.08415974327835256, 0.05305808757351197, 0.4709407216529661, -0.26214745346892565, -0.10587629638410001]"
"[-2.67604479428926, 1.6263428401229594, 2.757656510248477, -0.13607778165346404, 0.8857816547264629, -1.7349144476696794, 0.583194872454184, -0.11953278739297293, -1.58812966844661, 0.6519741367469841, -1.1492177073879124, 0.9430474351534435, 0.3191767821144256, -0.31331497433205663, -0.3571989948403583, 1.2395523539419222, -0.29480164199856423, -0.1014951852826305, -0.19694126605239867, 0.5011395195132016, 1.1249699897175902, 0.4311583642686273, -1.3046218451440257, 0.05700044923633808, -0.32510980692109137, 1.10458700059999, -0.1080086734372574, 0.1485927889096396, 0.824938915690137, -0.9557222596934193, 0.034182649959221094, -0.40466595693438534, 0.07321780386093468, -0.18881439845693548, 0.6073814998254401, 0.5883656831226035, -0.03485448546415558, -0.3915115051656307, 0.7381187846024599, -0.8198335996072286]","[4.554947740466885, -0.029685223540555677, 0.444427200863104, 0.21249599450474282, 0.031563213187415784, 1.1426523544658813, 0.22273897058767644, 0.27104090475228454, -0.2942889449318826, 0.5677212226385574, -0.41071194961624186, 0.04454031484958538, -0.1206947905170915, 0.1213554144454404, -0.571104556226166, -0.5108145347860312, 0.1691648990589419, 0.20635369514741056, -1.3462145073100336, -0.3296267433760163, -0.537255282695543, -0.5796133136210434, -0.6494923361715514, 0.5629824572556189, 0.5875522857106259, -0.08574650252364605, 0.21193750998324612, 0.23360776961093993, -0.08230249348837373, 0.038905018471996684, -1.0202438091524244, -0.7475674933541583, -1.1605742525955156, -0.48081660935989584, -0.4686036513293043, 0.5265359842801945, 0.3707670123234764, 0.5264753176597827, 0.4225685054023565, 0.5918178305170607]"
"[0.760208360788777, 2.0092158381763405, -0.8090073161373909, -2.438791190983374, -0.006670858818924494, 0.49830749053819146, -0.006634984086410539, 1.4163042512169046, 0.2113943046217162, 0.567143364007592, 0.2527816747912443, 1.2846998193402461, 0.659162289186919, -1.141102254720699, 0.08094921062157735, 0.39531222973063224, 1.2350799395349048, 0.37773728920264443, 0.051027287096569625, -0.4139633299595767, -0.21326123027242164, 0.6071884734423305, -1.0236762610887604, 0.4524140709101572, -0.2999499554636684, -1.246353844685227, -0.9479988994138019, 0.28499913772164454, 0.4756437813064519, -0.17709604675117424, 0.4325553407492831, -0.20337894838613593, -0.0055533545006973715, -0.3294858956401793, -0.2767679427846779, -0.23378833830448795, -0.5097949129731175, -0.7415740179317512, -0.8664880869445499, 0.5095958257159412]","[-0.5126186240699093, 2.2200288551608627, 1.0635129791556117, -1.7720210871417292, 0.12000616013268005, 0.18481790800432937, -0.78021496661952, -1.0154425966132243, -0.4913412899084267, -0.6342122057819076, 0.0771858027196086, 0.6873831967005836, 0.36970511408793877, -0.3359646723380732, -0.14729140004315525, -0.2887073009139819, 1.2990737801364167, 0.38348859163341464, -0.21838916907618708, -0.7077894690701578, 0.3646390107373869, 0.23323527090105403, 0.7710979907489668, 0.6650835512442977, -0.22850893547347648, 0.08118766836201469, -0.4066967832396392, -0.3511644266076901, 0.002563082648636004, -0.05921595971520844, -0.08147661526439316, -0.7461429869266158, -0.07147321143893043, 0.061406751069106, 0.19362958845064224, 0.22535748353450885, -0.29296021702154007, 0.05068856338826956, -0.018183835756800926, 0.20626528769135477]"
"[-2.8124125714941863, 2.277366159147803, -0.14682364302505096, 0.021186734503355047, -0.5376168508876951, -0.6049945848202596, -1.0745447460446165, -1.2673237711089977, 0.029883919721607432, 0.23577064845744092, 0.643045132626558, 0.6252186239457065, -1.2957565306027883, 0.06436826788046185, -0.46830468246669454, 0.8668564192093979, 0.9305982651207964, -0.2581913180276029, 0.3817445936077903, -0.1263466771210653, -0.22540217666970416, 0.4561447829554282, 0.12594302613967867, -0.79164091179788, 0.8099448989200914, 0.1655529694006752, 0.9686315133649633, 0.7186288873159029, -0.8602536261053215, 0.5142839239442192, 0.30068622006521606, 0.5434654348133419, -0.4203330451466123, -1.3965359253000178, -0.004683585239410665, 0.5121076270807652, 1.3796833979316505, -1.278264140955789, -0.4986253091560025, 0.22850038026148836]","[1.665766524473303, 0.810648954479294, -0.524733028247415, 0.975981723467914, 0.177526188419423, 0.4519444838239041, 0.6796638033622517, -0.3727409457444162, 0.7108392922697206, 0.27017805417335816, 0.3122529225258356, -0.8207371073863734, -0.2992424247563623, 0.5944254920830861, -0.7580692365029851, 0.2723194556765934, -0.39673852447437025, 0.10217990815141922, 0.278833314065955, -0.7205732596407111, -0.40344404535794737, 0.04915941642309664, -1.130046479386517, -0.38454633251062337, 0.2638459797106059, -0.6387368131765866, -1.1031491118854235, -0.48305022787314844, 0.5967100943410621, 0.7849073047021291, -0.26908428129940404, 0.5803133550716199, 0.7280322519018261, 0.31047628604999483, 0.23061396243496665, -0.11028523993941333, -0.026494556258024327, -0.5228653019154174, 0.4944360901240787, -0.15809485154290065]"
"[1.7368126196826068, 2.915255779197376, -1.862941282187207, -0.41066586851020986, -1.0672996900785596, 1.2379731037233839, -0.9660836429372558, 1.079238019236801, -0.09750044847740992, 0.07202879204806016, -1.7041617978345724, -0.7715356636387642, 0.14134731570702222, -0.6110585443097227, -0.46196471286732577, 1.0105618947926993, -0.059196200655008024, -0.8543710837414461, 0.9009364853064936, 0.057352065670468744, 0.286268733735781, -0.9337917100011873, 0.2822300504390673, 0.8088234123209942, -0.44442755374539755, -0.5456689374844392, 1.2383460992618274, -0.4956395121953177, -0.35469869879545796, -0.8979346363078183, -0.29261827455873574, 0.5420186216722339, 0.01374177009777623, -0.18827923117875514, 0.04908807875010175, -0.6202511430118646, -1.456564220835531, -0.2646471535792964, -0.5063978383011949, 0.015181002198725138]","[-0.5433460042353034, 0.04583589373074188, -1.7104931885567545, -1.7511104811419165, -0.9614173539738629, -0.22114794186814624, -0.6182411185085237, 0.32295201930582385, 0.531179547895722, -0.953295169416249, 1.5652698155572191, -1.0281742638111353, 1.401458653236982, -0.029938261721701973, 0.5838153275000116, -0.2887331442628643, -0.4920745646749007, -0.2774616483564254, -0.22708824992130122, 0.22520292444232126, 0.34676148523452816, -0.7127403439856137, 0.10213557349900541, -0.2873607211964232, -0.7918241124781351, 0.30912295636553166, -0.5454788376623297, -0.10381401906347847, 0.08439675002199548, 0.6368979794796835, 0.2338745538473379, -0.09912994418440872, 0.1508136611052957, 0.021634019820034343, 0.7183587750532682, 0.10291095069758335, 0.5616890952554848, 0.49595345547959185, -0.2134227022566283, 0.8169640965419181]"
"[0.6620175934155144, -2.258299607556587, 1.0073036776495965, -0.5519593049348747, 1.7415922995392756, -0.1864003083866591, -1.1979182383979767, 0.5417483576187752, -1.0473928807384028, -0.3111063280101068, 0.4856313682811431, 0.1818852026005998, -0.5619647500351267, -1.1539637895235857, -0.8493601826883584, 0.14883910103144266, 0.6794522315586634, 0.24084398689750594, -1.7908826601009595, -0.32680240208148653, 0.44855320371372054, -0.3670194885351306, 1.1228431666585348, 0.2955386886656399, -0.9789521460595512, 0.022817021211364134, 0.22451450016319882, -0.7184197336032956, -0.0031816038854610485, -0.055590184033619934, -1.1158878228252866, -1.5131435797185044, -0.6632943506946836, -0.007879274194834689, 0.40846380059104226, -1.2155867573638346, 0.7931932984283673, 0.21492743523143074, -0.7436406905644182, 0.606016358440943]","[-2.424868897677448, 0.41859376446014057, 1.5615399713429912, 0.23746737985415223, -0.7449244074947554, -0.3277801320159179, 0.30004464357270055, -0.7051704375865632, 0.2680259663609564, -0.1492276476044222, 0.013100980896700804, -0.06476787910376627, 0.12913747788494942, 1.1212535031011304, -0.38144304315140537, -1.036153878565585, 0.2928135721784318, -0.21918279467737456, 0.4698148560575138, -0.28800942947640806, -1.0838357875974396, -0.17641994661867796, 0.4725790037401334, -0.2881671511282065, -0.40485308299325995, 1.1564715669578298, -0.5938399979401258, -0.4706477157503088, -0.06369833162688111, -0.6572604911019773, 0.6620761607873884, 0.6786995704814395, -0.5924527400240994, 0.8676594376315379, -0.2283365956606047, 0.2276907083955325, -0.06214215524777535, 0.04462868103727096, 0.382699901512415, 0.08381537927557209]"
"[-1.050878724303323, 1.0014363813891078, -0.5629537461734219, 0.37102322880355576, -1.913421372991731, 1.1374915358898086, 2.267900694796204, 0.9427921548729041, -0.28329864746102945, 1.0509098027375403, 0.016311142712573275, -0.2383308422498005, -1.2164369568834714, -0.5938068592200639, -1.705963625091586, -0.7766723774899658, -0.24499795909652708, 1.3320319055878904, -0.5611690010826255, 0.7727685758943682, -0.21634028746203332, -0.9404989758822714, -0.544267267372295, -0.4731252621684473, 0.021339541786141936, -0.09765613311008643, -0.8196039774258317, -0.8822034627431716, -1.0439247173363246, -0.038772922104398304, -0.0017018847524206675, 0.4368689120728793, 1.0152095028357824, 0.4422503971614611, 0.30060159763012884, -0.2980730238473422, 1.2500836308712098, -1.2046128251069308, -0.3726155115861452, 0.30919258042714404]","[-0.25968054366844023, 0.3126263927467262, 0.34039216009208423, 0.9653752221814784, -2.173163869121879, 0.06049843647318359, -0.8079340180394987, 0.05581996857450764, 0.4366707235223232, -1.0227315370874441, -0.2441823326531665, 0.5159868221790788, -0.5304914861725816, 0.45016935981221257, 0.07425297099488282, 0.534101744400546, 0.4509805121438116, -0.20701227297372246, -0.6976864941239815, 0.1695583757706762, -0.8759335797626421, -0.14643338480873075, 0.12695171927241014, -0.1601960768179924, 0.46417531529198397, 0.6529993226107197, 0.3436504199330226, 0.43089084552405904, 0.552580923946279, 0.1380139776588477, -0.37178590942422723, 0.26393211639417447, 0.6194284318937043, -0.5176004214868251, -0.19335040028315179, -0.43668101411232646, 0.6382448025019059, -0.05904682796866795, 0.36575173034648883, -1.4061141132208743]"
"[-0.04967081157739671, 1.2383652886668295, -0.06873760286744075, -1.9135815651082122, -0.5322345847086948, -0.910551054477499, 0.33381093282585367, 0.7722789909647064, 1.0153723624703745, 1.8322260655733074, 0.25223662838875444, 1.3223028469082754, 1.938303087588071, -0.24074604571996386, 0.5183823446554661, -1.1260394146153372, 0.2653625723956701, 0.6222197650926752, -0.6936007252148271, 0.24285952548616038, 0.06404321439054976, 0.7100273283314416, 0.7129367254169472, 0.1978933475655247, -0.34927609694756007, -0.6928878253805534, 0.2821337122207192, -1.16180546783594, 0.3034777991009283, 0.9062522389435574, -0.176206087158623, -0.4468570075176353, -0.4710306440410591, -1.1250057021300528, -0.2939864175209924, 0.2352876969226397, -0.988964721906383, -1.3195140104304377, 0.5504502313226186, 1.0162633685922737]","[-1.2473396710775693, 1.397333362041596, 0.26228986338601684, -0.4566344937965501, -0.46963727024576307, -0.3677775925289967, -1.4345841418340104, -0.29470360930498163, -0.2610591207209915, -0.3195254168685952, 0.507140904955598, 0.3397257919840329, 0.17697712477211283, -0.11553598782982612, -0.1553554916993805, 1.631522930301001, 0.004154859133698363, -0.2966529434323978, -0.08399305658204637, -0.997567662279984, -0.11019977795838327, 0.002378193818582527, -0.36260224056433127, -0.9303833552695362, -0.5000758562850912, -0.33658336829950025, -0.03480841763379337, 0.29409371215512475, -0.19095740933125624, 0.2546434599989455, 0.5072021262245439, 0.738068135917849, -0.654497831857486, 0.01691794144910062, 0.2520952193454601, 0.32883814469944295, 0.6984929327350732, -0.3974586431337549, -0.09734490937531645, -0.13682423927825763]"
"[1.6092459494827935, 1.154551980624669, -2.0469018098760317, -1.5375621270157946, -1.1131204279010136, 1.3518330116151231, 1.9357754154563926, 0.6355311125612253, -0.493444468524699, 0.3769626695067544, 1.259710162920861, 0.816493562490114, -1.3215351825502597, 0.5192028671184199, 0.5031441980416388, -0.3483191105426517, 0.47511668358119025, 1.2012856693196996, 0.13656768729635518, -0.2123422967797266, 0.7215736264475212, 0.16172477276245478, -0.21860463404566316, -1.2522577527969037, -0.3433790844829843, -0.05436417859379837, 0.011333085654519964, -0.461098969139323, -0.3438037538819016, -0.45842143235217786, 0.3904384566236734, 0.47314567029101795, 0.13804466572580465, 0.38013372566150083, -0.645284065883942, -0.40049810047095297, 0.42175872392014363, -0.11271458293825887, 0.9766698985285808, 0.19532741722900285]","[1.1919737758125668, -0.5242875076377345, -0.5666623943277878, -1.1113797596638129, -1.3248066317577674, 0.8421892158306872, 0.30375600299093775, 1.2866408067674384, -0.5986535842313138, -1.0557347062109312, -0.6963774958557044, 0.7233928630564925, 0.0357381483704183, -0.7902200238489664, 0.8900197057120236, 0.8000530447291276, 0.8911398050490853, -0.5402865044620844, 0.6803180450662327, -0.2905020114983851, -1.1595042716782722, -0.3570549653959708, -0.04577368102827541, -0.05247055222650114, 0.25431508921299795, 0.43207510078945455, 0.4997354657128918, 0.7638574067328525, 0.29177930382208467, 0.6505727907220914, 0.04264796429020694, 0.3186991729648181, -0.3418248494240614, 0.6155139554187731, -0.17106927224601248, -0.0898343544307774, -0.9654272311863334, 0.3689664020756171, -0.358202301452444, 0.04735954864880114]"
"[-2.7099573153167027, 1.8691743887271002, -0.21272352820280419, 1.2547060148975588, -0.5586376654780884, -2.089664052334409, 1.4007357097309987, 0.5817534925858827, 0.8615791687670372, -0.44884528313818195, 1.1134693735707097, -0.32988949009613433, 0.38936986698626874, -1.0487661162362532, -0.5001114862997221, -0.13708412911716608, -1.4431711072618456, -0.1902712110218914, -1.7191932366467055, -0.7295390227083131, 1.1210654949726009, 0.3564279214496865, 0.3259473503868844, -0.16556896996126869, 0.30782624084558574, -0.5310261529992726, 1.3540930698625726, -0.42090275783428444, 0.8602966690883775, -0.5383577436530441, -0.32824649530077343, 0.025620781355710373, -0.03887580276950317, 0.13407435994335953, -0.6425151347035327, 1.5541863253742783, -0.5958963561884355, 0.8001998809553068, 0.44055366658014267, -0.20207970642954995]","[0.850053859242513, -0.14121940536053745, -0.5329957406617171, 1.5970366029441503, -1.2655884108366475, 0.21203692997668602, -0.7675523753362604, -0.7222638470743065, -0.7906561029989104, -0.14033069303585663, -0.3430663932857769, 0.4182610920565647, 0.4820537657657975, 0.41106926121899556, -0.5866127149699168, 0.24130240445754114, 1.2051757858535503, -0.03904293121135323, 0.13617760573082074, -0.11009936470585344, 0.5349225296370012, -0.8382336555033064, -0.36961936383762467, 0.5301032651879167, 0.5020710060958273, -0.20746373061521345, 0.3174764647292061, -0.17425800232553293, 0.5264523829144977, 0.7682042246011528, -0.8061444799948599, -1.37070204661056, -0.3169121315240224, -0.00989318720768938, 0.0069123880272987165, -0.059725294700533026, 0.3364153143086351, -0.15039722059479158, 0.21162368210943203, 0.13921720628203593]"
"[-1.3188970627292207, -0.4548335487904915, -3.666398102507092, 0.27442051320002075, -0.20180811014743066, -1.5060966884406686, 1.276987357124639, 0.6051794449340279, 0.6029688773405215, -1.49086785931437, -0.8651373318212486, -0.3939511895006859, 0.2710914177901193, -0.2331233568294771, 0.8176944340449476, -1.3145923070220975, -0.8126740590038836, 0.8211233681915757, -0.8244643005300595, 0.41621843053123647, 0.8821588244232602, 1.1622567462097992, -1.0217660688581989, -0.10080189923540732, -0.4289765278087482, -0.7002341067573237, -0.45663017653293725, 0.19521079212365966, -0.04079420916119975, -0.25527498128257037, -0.4037357762109728, 0.2954051412404792, -0.9662766071513087, -0.9100439605671277, -0.7743774646545496, -0.13724220131248513, -0.11363964928606092, -0.30892778301036133, 0.34064254667356697, 0.36642565369378394]","[0.7110901921981511, -0.5921250947700057, 0.47265367487795235, 1.281505472891605, -2.0047855297770614, -0.6276403761062063, 0.6961339263919895, 0.11408522370749406, -0.37525717957946986, 0.011474125855670822, -1.8146653246462285, 1.4082338136968715, 0.6137450727307487, -0.6995405658960033, 0.12077261053918438, 0.7195646166371037, -0.8386266879853724, 0.40676101948624566, -0.49997049994198156, -1.0592184506207107, -0.6535172145892261, 0.5651873860232007, 0.7871845528442435, 0.04130751461678599, 0.10407795887247233, 0.42403323097515927, -0.14415644719999543, 0.17533358765647578, 0.1017783606002972, -0.021307488423179206, 0.6015207637810592, -0.36466903101032266, 0.20011747407876537, 0.147276243558144, 0.14696989362742566, 0.28382277900233355, -0.3002978596369068, 0.10628109597892016, -0.039463709265599195, -0.8076972101241936]"
"[-1.3360147110156653, 0.0003672464090994203, 0.46478031099877487, 1.8542466725571607, 2.3442334169915884, 0.743517788876252, 0.8186220129053179, 0.32704167889219016, -1.9204079753643226, 1.1432042871853865, -0.13424343252847662, -0.6496037324539685, 0.5047465384925313, 0.7024342977433597, 0.8977604321178856, 0.2491349685361924, -0.33857788779818865, 0.4800246242684382, 0.3717254721992961, -0.07762879870053661, -0.7662722361416495, -0.21527547603922317, 0.18993815231576336, -1.2949975090328885, 0.8879022969547149, -0.8377479227823772, 0.5981009935528864, 0.8922783968724478, 0.32944288558354223, -0.7061435159274861, -0.31153611941709736, -0.1834020507470866, 0.13552830865867704, 0.21026143323735064, 0.6439577369401877, -0.06332155597912147, -0.15840115848999062, 0.18997626362958794, 0.0017334581274883103, -0.27108299558378435]","[0.35519977579424855, -0.13691289866234702, -2.621987817465151, -0.5947022904258549, -0.33988311392975173, -1.3552414450937975, 1.3847868382397348, -0.7908906870418357, 0.06474284332158718, -0.15534264929457703, 0.18702317043260544, -0.8768347147450283, -0.3117538477873114, -0.1732441222593084, -0.03967282956645366, 0.9253681241081065, 0.36294616621804165, -0.7799222348822326, -0.5000117797889791, 0.3714494860410136, -0.2002008345703249, 0.03110924215952326, 0.4463016871502059, 0.1982883472198932, -0.682298337776959, -0.3333932627060036, 1.010304986836553, -0.01572986898690714, -0.2182092206729182, 0.03180480398578438, -0.6889711492673432, 0.16254432587194761, 0.39251431072820386, -0.01911451306791553, -0.23315106868719165, -0.25929408910956275, 0.5132822123788907, -0.845466954058577, 0.2037331373997271, 0.42556673697491276]"
"[4.534516442779886, -0.559911425340702, 0.7185789615989632, 1.647967609080806, -0.8160918196762774, -1.65570736364054, 0.5883682851320927, -1.0660564394531813, 0.46298203046170894, 0.374051622211255, 0.33913725273815276, 0.2705117109099474, -0.255954841233615, -0.21488283618040427, -0.20745859241976253, -0.18566374428064897, -0.4009965469890234, 0.5428756410318087, -0.8467347587240965, 0.5755500977521367, -0.7203677804629127, 0.10399474695789714, -0.8550479390597577, 0.7857809828411861, -0.4674135354802366, 0.8936242091926353, 0.8217785362797257, 0.22155331010134333, 1.0456481110159943, 0.03748436522608208, -1.6744135852837654, 0.3256145047138954, 0.4598889100965374, -0.389889815324814, -0.33505355278729765, -0.5428686354331915, 0.20868317873370107, -0.22281747591181345, -0.1314899062511879, 0.6578616273489886]","[-1.5455723755485362, -1.3902561140418142, 0.7787410723431709, 1.1717773403051193, 0.2585560252853059, 1.7443942513493065, -0.005938162259698194, 0.26398117101657137, -0.3118444786686945, 1.516566292633515, 0.47334466718699025, -0.29562127526466814, 0.30038614072635544, 0.7548965665048077, 0.591318677685073, 0.4870558071626523, -0.03363562161515682, -0.06822993461630977, -0.15969070153456383, 0.44027559199903005, -0.20410303423531612, 0.9243066567554312, -0.17333841710828368, 0.643002535776734, -0.12013397314279001, -0.3757637173103095, 0.0025279805519592803, 0.7666256447168166, 0.4019918342278712, 0.20059642122256996, 0.18591848796085275, -0.5701974300437429, -0.25716694789819405, 0.24629866045114318, 0.41127806423690094, 0.3879448008289082, 0.09613906654541556, 0.34663059767041715, -0.6716044933549769, 0.33513421119003733]"
"[0.6130668528713349, -0.6512236348634104, -1.2286271244172327, -0.017303395562600587, 1.0626115206819222, 0.6218391604293698, -0.00026876851351132993, -0.1959587864685134, -0.7086711531288135, -0.31935595413586687, -2.513930991019058, 1.1483230692759672, 0.40961508217597054, -0.32623644755444814, -0.3749851690943117, 0.8086856943941033, -1.0029729718587812, -0.5750254488151213, -0.14450779491901578, -0.8598565923343195, 0.44169078322903904, -0.015377067851048306, -0.7589421715601972, -0.8841738152681438, -0.4007199618473563, -0.8751303823227654, 0.050452241937553564, 0.004284043279232117, -0.08052642411158958, -0.2980116414051879, 0.12551287574771075, -1.0570639132606245, -1.794740230399336, -0.21015768366914414, 0.9449406450723629, 0.48806636103383877, -0.050489148163296436, 0.4830123729460145, 0.337313999379611, 0.3685829864076066]","[0.08983998583138422, -0.4988908115067367, -0.19552755724262447, -0.740732574974775, -0.5054576069112722, 0.3527777259691128, -0.09313846174037112, -1.668746914313055, -0.17168728255932825, -0.835330393212996, 0.3782614740155887, -0.3569847160946933, -0.5425177638849441, 0.08848205866035859, 0.7797132392748899, -1.3945613126765142, -0.6477139455421449, -1.1619821777065338, -0.5590049674664163, 0.8855110462197608, -0.05302065057882427, -0.9293576897642772, -0.5376625056224463, 0.1905974452996592, 0.2931465091158073, 0.6385333727260206, 0.08590184866302812, 0.3954772439788366, 0.11010744857673073, -0.4610867646156121, 0.24807901716322164, 1.1172141872244798, -0.7009713239321927, 0.4614130314560854, -0.00716337473222204, 0.22198502131111814, 0.73644479628621, -0.9651586175750573, -0.7923649377895865, -0.24199505685846287]"
"[-2.5386568724444123, 1.8473996467770688, 1.6941196312325413, 0.4822599081583817, 0.9178377938999913, -1.247297384086046, -0.5742023921968108, 0.7772094725302575, 0.9953117166177837, 0.8137836851171588, 0.7430481787129741, -0.04230886027327456, 1.0699617510891406, -1.341077556979561, -0.7120844004978286, -0.34897895925064254, -0.6915278129649306, 1.7629252405198055, 1.1624664616936693, 0.22467122536356576, 0.8225816120520972, 0.5187847060247426, 1.2101409573825614, -0.28678700042845495, -0.4223300169549842, -0.001574245670916245, 1.2342525474096038, -1.6044716928423146, 1.3261274517104722, -0.07671590584521507, -0.21358131544065875, -0.6007275071349765, -0.03825908417533867, -0.24775484178746018, -0.7964714041474724, 0.5809898440855532, -0.43467224820419625, -0.6671441290728671, 0.5067142949777311, -0.030908017459420168]","[1.5132978535675936, 0.42618973926133813, -1.3578898104697046, 0.724829226229035, -1.1802669106316739, 0.3752428366205384, 0.08190219049182296, 0.9578663868959083, -1.03504633200774, 0.083499964370682, 1.350877476366831, 0.5351504707503438, -0.15189105655088608, 0.7563942369812542, -0.5749430403671725, 0.5007751467747775, -0.04654922965039463, -0.15054213826104762, -0.44938113574802546, -0.4507445010297965, -0.5725905078022179, 0.11543059861279888, 0.6642347318226712, -0.6021517171524667, 0.3322330289967616, -0.8552821472973764, 1.0559095235194471, -0.17626747871905868, 0.06139060168879498, 0.3258267958628159, 0.0317186322924089, 0.1405084894272768, 0.11890380324045542, -0.16506825458081084, 0.5947898505318271, 0.47996732422936816, 0.2933196336434265, 0.06761185013052345, 0.46681348575548814, -0.11389838044757385]"
"[-0.4333152710211894, 0.18269278830863836, 3.499041254815473, 0.7397797660320625, -2.7550709909577273, -0.09203863882008469, -1.1773180976792619, 1.7615795676495198, 0.22556351902220262, -1.0465236994676015, -0.775812433068739, -1.1092719203016184, 0.43156460912135447, 0.19441575255792523, -0.06773873256430211, -1.045970295794256, 0.6122352573070285, -0.30343858711394395, 0.10735426874029248, -0.8990334347266503, 1.1627570589560443, -1.0530773406223854, 0.22415198883353285, -0.19778064862437034, -0.493722398133659, 0.2364111903809838, 0.34661680658978067, -0.24375248746826472, 0.4376217582945603, -0.6455398710905497, 1.0307230230081497, -0.556767750772728, -0.3261195865964327, 0.1072001739056024, 0.22251422724059572, 1.5268698096074123, 0.3448891747545668, 0.328702516091659, -0.664869769262486, -0.08279564905678416]","[-0.7469306701075819, -0.27678982677202385, 0.007727750157462927, 1.3932623494401346, 1.0432975915480363, 0.03653762962011029, -0.05671520638992171, 0.172749064967881, -0.9713585843003215, 0.12870497142319356, -0.5314978787912854, -0.14777401028188222, -0.2686055688170892, -2.0735233932371138, -0.6316341822471984, -0.621279203491876, 0.8735295663358615, 0.537062121827624, -0.31117883032356214, 1.0993987300814885, 0.8618967577873098, -1.1227134514884844, 0.44841785539548873, -0.3403364514348523, 0.13236657023283296, 0.3211671892873137, 0.676189847096047, 0.0010201929700259845, -0.0268834515712188, 0.314499818476976, 0.057513191890796116, -0.12991105385186158, -0.24267386680828182, -0.48995543893189797, 0.4757582337874301, 0.0533573687785222, -0.7759061764840313, 0.9636511128067657, 0.15864982887452403, -0.11484239572430745]"
"[2.327481976835279, -1.7992722113352417, 0.19058985300012146, 0.36135121316028157, -0.26179363966975666, 2.8722572086359257, 1.270328078702325, -1.1498164737808703, 0.35682022869560015, -0.3964458107539875, 0.6942832697437921, 0.6403174573013725, 0.012764427904485084, 0.7052153293286219, -0.742847614707123, 0.37972277710209706, -0.52967516699525, -0.17715173568132805, -0.36233316097540813, 0.006210598680583286, 0.7884014615085342, 0.5548079060722572, 0.9657538525718754, -0.9619290351628752, 0.24564651715483382, 0.5702431643930043, 0.39551579947960624, -0.23412914501451457, -0.12294626494876115, -0.3406364641662606, 0.4572794630338629, 0.16335298851210076, 0.30570802922510937, 0.10880168393207244, -0.24161791508300273, -0.5080628385220041, 0.23609662437500542, -1.1786971012973464, 1.6648274235458826, 0.2611090331027882]","[-0.6815407913193865, -1.8144967627134665, 0.12860719529459985, 0.0863775299541468, 0.7871846627689659, -0.9345513973056304, 0.07096601051081668, -0.03162923398625089, -1.0684700613238658, -0.18553083074215063, -0.16764863143451503, -0.24351517145440707, -0.9571497794016882, 0.24355711722436527, -0.24284239302609884, 0.5055508587658721, 0.5874281565587364, -0.02798026771295564, -0.04097154737960192, 0.05438274336592329, 0.13796090750478948, -0.8204559458195018, 0.6391577002292429, -0.6277014135921153, -0.05925557078189318, -0.21672139214338618, -0.30763602527127404, 0.23452981945834642, -0.039754773144610525, 0.44255358103330467, -0.618615522943424, 0.07580178003879344, 0.4723419997498623, -0.8230386428440228, -0.6527741323716472, 0.9158652307622127, -0.10641827920915126, 0.8588777844119754, -0.566186289835755, -0.577562875399826]"
"[0.2142663781593607, -2.6174626654539503, -1.3833915817328166, -1.5011750530493493, -0.5271523168018426, -2.4136816514985, 0.40041992104488733, -0.8568829328086498, -0.9514200991567171, -0.4128478127053353, 0.34638991261299246, -0.4224992554181261, -1.0754404200567331, 0.2746779590571096, -0.4492189312571233, -0.42518796557618166, -0.32010262673225387, 0.1457084557974643, -0.5305799856041125, -0.19865452222090188, -0.08608538184341806, -0.48732056115428035, 0.9129027766167748, -0.41432488304033843, -0.12331048517350124, -0.050410149391582684, -0.013553671264341764, -1.1659143692990028, 0.38712593346776675, 0.13376235029516842, -0.2100731094422341, 0.02471098149405419, -1.346218875143989, -0.631547990983838, 2.134981807212358, 0.14631562291145306, 0.1197591659924546, 0.10531246286705459, -0.20865067185584898, 0.2608448534181766]","[-1.6571295740201049, -0.18126470859220822, 0.6819822115899424, 0.6928579034688165, -0.049135086657534216, 0.5508653314871615, 0.800316321940322, -1.0876447918533638, -0.6413136657688909, -0.21531439902122426, -0.3780195836686461, -1.3601320643688797, -0.5440856070992277, -0.7414821423342647, -0.5737623568759331, -0.5288766868324204, 0.6805023136237212, 0.38053043162453976, -0.38427882974345073, 0.015212926177521017, -0.08947171851176507, -0.5589547324687294, -0.22166439991973755, -0.684926661552386, -0.07876181994987022, 0.25064165521734755, -0.4149808265246722, -0.3299190710107263, 0.5508304236867949, -0.6155988559900827, 0.2649535399772835, 1.1430369119038188, -0.25549805794256636, -1.1891007139822896, -0.020746261350388946, -0.07360070524885395, -0.057772369448281596, 0.3219913997900099, -0.6666596072264527, 0.413316756624275]"
"[-2.214508971989316, 0.879477149760415, -0.9961282516879514, 3.015493127199106, 0.36060137906311746, -1.4150951639136886, 1.3553606932184057, 1.1129455984581662, 0.6686299237169937, 0.3582414991047158, -0.21726657496269877, -0.9005988258397347, -0.5866239654903814, 0.2440938464272951, -0.22752762017111214, -0.6255830392243281, 0.18036290661621632, -0.14809487119901577, -1.589066421074057, -0.4984575474587493, -0.5491387304141212, 1.003775572632481, -0.051759115790614346, -0.8108087427491393, 1.7148269422276787, 0.3380031052040814, -0.6474020478411566, -0.14047965333002133, -0.018286142803875048, -1.2405310528813156, 0.44002499940548984, -1.3578790298698717, -0.6229567774252821, -0.07988578106886951, -0.04469449814214115, 0.07363980917092791, -0.2743843732007784, 0.9558418886832093, -0.10970512503038347, 0.4881394215580013]","[1.4930244394970575, -1.0494902573069138, -0.7572456909579945, 0.8236290160047663, -1.5771329258868603, -0.5529357212185418, 1.0863543521254893, -0.0510513946728296, 0.021352479996235595, 0.2872695669458767, 0.13881225849315504, -1.0213666735556748, 0.09660875371426719, 0.18756925632705815, -0.22213877268863594, 0.05134868722589335, 2.007194025182041, 0.3944459655396357, -0.45845800506984974, -0.6232006055385529, 0.41347394298218676, 0.0439592839656841, 0.32894573563046225, 0.33720455535942434, 0.8308924281868666, -0.45431364513988864, -0.3590447356341197, -0.6273270181897812, 0.6243455494017379, -0.018326630787235596, 0.9446077908266954, 0.49975498269590773, -0.6904063117058653, 0.07224596478510009, 0.3912002199748483, -0.8762427907715724, 0.49402842568067795, 0.521476131999249, -0.7825869878633064, -0.5695924527857803]"
"[1.442985513730551, 0.826286908764766, -0.9553486089555122, -2.279891123700713, -1.0852303564874564, -0.6520271587272166, -0.718175069450138, 0.06487895923461132, -1.2241431000938088, 1.225758847854447, -0.06317131700273235, 0.6395945471193845, 0.21976510075158506, -0.6567222407337772, 0.3156844248926358, 1.0359060059245462, 0.8830210751718767, 0.8880371559144393, -0.3790571223264328, 0.40225310960688326, -0.30133675480927596, -0.3508401289049432, -0.18367451415710262, -0.48488837236368093, -0.1116749528607189, 0.23279751165251122, -1.3197756349282272, 0.20754770248247026, 1.0456468302096091, -0.7516730520180119, 0.05214068320089748, 0.8016517788049013, 0.18896456929613478, 0.9978968113999374, -0.6519096994545024, 0.5025606665450093, 0.14842364871673597, 0.9826944828179943, -0.42817468358909716, -0.2596888697531404]","[-0.22745011039577875, 0.5984741473781945, 0.361693648745344, -0.5521473565405876, -0.13925361604417255, 2.213483520234866, 0.162723222457206, 0.5834274679475138, 0.3466538322482214, -0.7397309544072965, -0.7912103560105875, 0.7442307111205784, 0.07215062200334237, 0.19370723425130992, -0.1894192742403795, 0.8370979392161245, 0.4906745601996733, -1.1926754325378108, -0.09548484880891123, 0.0891915217445991, 0.02178925167111778, 0.4479871498506354, 0.25990206439180186, -0.4435999018855007, 0.27408910651001833, 0.1681018513204882, 0.6064796923826486, 0.7301021125577369, -0.7237462457944361, -0.24691090040824196, -0.4640903283507877, 0.29299574130795936, -0.08124599683341216, 0.37089755029847915, -0.5238554669201458, -0.30918911849841163, -0.9150943341181579, 0.14259614876156454, -0.5966884845166814, -0.24886012359331053]"
"[1.3866938096678398, 1.14384593273423, -1.8018222368192442, 1.0231359700004274, -1.8172470213151684, 1.187192184794599, -0.06391574090882804, 0.7005644683211077, 0.016592861085552746, -0.1968771669118112, -1.65147982733981, 0.8642279383472925, -0.8306060817633784, 0.7029336882129432, -0.27225475188505566, -0.029738690304917874, 0.7670001438110191, 0.9739962816828033, 0.5372871867835294, 0.44267489656483267, 1.482291333294821, -0.5371566705568019, 0.2522830838449553, 0.38556350391017874, -0.4066433810571098, 0.8853947373728034, 0.2063367206933382, -0.5031280945924098, -1.2808081439949306, -0.5018476381618417, -0.7123321066346133, 0.0096063328304184, 0.4145637438268021, -0.11595849299787497, 0.1510405394032771, -0.7692106129498619, 0.5386039535262003, 0.013639557115132416, -0.18024369920924463, 0.034739341141394986]","[1.7591485434119392, -1.081820905239626, -0.30002676520266114, -0.7203879551695312, -1.211204005691515, -0.689893000348006, -0.5031218234376605, 0.6167795562083758, -0.8824517683121433, -0.5164819086551787, -0.2589150290422317, -0.8514477736833826, -1.1745695051587075, -0.6980331482746609, 1.6405783107390688, -0.23991226947465769, -0.7646697001633194, 0.3409668890483085, 0.2802680415666183, 0.44322271575558836, -0.5967383197669123, -0.27585135452656007, 0.43804759587776926, -0.39336450529940925, -1.5132675687300194, -0.2506522865710264, -0.10541441519107367, 0.11720340157740683, -0.6805949098455374, 0.3299820459585427, -0.21180409008746312, -0.4318274203442948, 0.6745352656339796, -0.10074554653523872, 0.033293922328905934, 0.1373791653571383, 0.4945046821913722, 0.29547422934156975, -0.11501977635328911, 0.39228201725809386]"
"[0.02238360472816481, -2.6469413312028114, -0.12581156305401398, -0.6042038887625766, -1.774695971436026, -2.2490661671095515, -0.5414222682862788, 1.142534864557595, -0.40243145204827946, 0.5820972484214662, -0.1213705769475159, 0.15391501006566533, -0.24370102109773792, 0.39992419561779247, -0.22076106527640352, 0.2651124347781926, -0.5904386568604331, -0.5971533047683473, -0.8021154786548208, -0.8199399821846122, 0.33737603131664684, -0.11185521244187228, 1.2682073803690188, -0.7599019761483058, -0.2686969626655898, -0.44586470957623214, 0.030996636092700217, -0.028736453452142565, -0.6599401319615273, 0.05253455918101029, 0.17182502853796539, -0.15353192811383087, 0.4570518485515764, 0.46314260432838383, 0.5537906096030805, -0.8326312417423393, -0.1682054647392365, 0.04997987114890367, -0.9719545499822541, -0.5661751225469216]","[0.9530833859856964, -0.8074137984141049, 1.3726499084734816, -0.6803234182479966, 0.18282171290339824, -0.860766542626311, -0.22124143861580095, 1.5627673416783352, 0.07352970975079713, -0.5881878281055251, -0.39964768503795295, 0.14446430112463693, 0.18629565925676247, 1.2375425149745862, -1.3991466532212098, -0.17837855922074555, -1.341503960197871, -1.1800504492920159, 0.0576252059712354, 0.21584556581823913, 0.5624553522416478, 0.4040116518312566, -0.7827133931964619, 0.16261790207515436, -0.03564539663607563, -0.6076898908800273, -0.8824810901535088, -0.7679839787412811, 0.15067279628684965, 0.09747504276112788, -0.25984113305260886, 0.18663045944063106, 0.9238557613189928, 0.033280143787846134, 0.09651502859255139, -0.2189380917134215, 0.45997464377864244, 0.061991646416055264, 0.8842658205992541, 0.018945953092029254]"
"[1.2942114115511345, 1.8790756090222973, -2.604243082208296, 0.7290095617779737, -0.5894059306010656, 0.15769876158634338, -0.5458401403437375, 0.3038831787700434, -0.21330220922070742, -0.24585346954990403, -1.8574479229844247, -0.9714646805535746, 0.7531406321712356, 0.45805917201585156, -1.0304903193456856, 0.18823808203402442, -0.3107765800442865, -0.25539906656560707, -0.04545852321243425, -0.10204629700901328, -0.015317361652217289, -1.1629069929641123, 0.6307847777089154, 1.126522188074262, 0.3330332588190521, -0.7961037276421581, -0.40156398077385513, -0.18170968451945319, -1.1668140015532775, -0.7612091975360841, -0.7206795347586279, -0.06635244759616632, -0.5984113316321809, 0.24497582080237942, 0.3306836146810654, 0.2583659630322415, -1.6862406631636226, 0.11420949669337992, -0.2640635454971916, -0.4029201896396337]","[-2.0211751563723426, 0.6294831969133026, -1.3645641176794843, -1.2204445013794625, -0.5995916934804811, 0.5120307627592217, -0.17544329239328135, -0.47001786151961933, 0.1394877971741889, -0.35741567211988035, 0.05502112267617178, -0.02582018967462976, -0.11339234675520934, -0.6690377735720789, 0.9867532767173396, 0.013294434173316542, -0.8094949751539372, -0.8318033639570582, 0.11871541588415797, 0.4242208864155135, -0.1646217759974276, -0.7475856283756718, -0.15078286284287884, -0.39038764628748246, 0.4821565237990332, -0.002500033489736423, -0.5455513407565039, -0.25220180036651946, -0.535429829567733, -0.08661243092872284, -0.1215807637139507, -0.5930565047806092, -0.7847253779961486, -0.014917341557621826, 0.2613105720831384, -0.3778340941461264, 0.8792515776938625, 0.26644867584907234, 0.15442452418188332, -0.5637574670741143]"
"[-0.4768860602170089, -1.855358099158393, -0.1589446105216154, -1.2600202672984782, -0.5422207489621245, -0.3309223929677989, -0.044871623409221476, -0.03620028960158857, 0.9732577384364207, 0.5996923007997462, 0.4873526747146677, -0.160575155641625, -0.8953208240252378, 0.6218716561085638, -0.9194233511572883, 0.2536189979635017, -0.5796283040645986, -1.0402443742180592, 1.0980277274810974, -0.7769663845535911, 0.21200967631462528, -0.3708082144444733, -1.9871701454442559, 0.7250343611120967, -0.34846451690864766, -0.2619151385048942, -0.08804257364648192, -0.7173565931423225, 0.2040058408367394, 0.0037662364143600823, -0.32309059390607736, 0.7535628362719655, -0.36367722618951565, 0.2792469607156986, -0.05787465159499887, 0.2558081986623868, 0.14169940245950102, -0.22280347993796987, -0.2895703221915111, -0.5617111271361266]","[1.0774341817716337, -0.4577155461457263, 2.392518627040582, -0.857705689474271, 0.23199974393866746, 0.1976375629576827, -0.342654474134468, 0.23342612372987948, -1.136871797038143, -0.34711308721538514, 0.8510330498383823, -0.2386412924529263, 0.03406098257331355, -0.6320198961373413, -0.054963967198531805, -0.7680566786488551, -0.12486624795711569, -0.28129286574580803, -0.2415213222572539, -0.5501926764717511, 0.039731053141128084, 0.6670782927904376, 0.057652518723049634, -1.11746208637736, 0.29328925530493005, 0.8019439073534086, 0.16346309520920443, -0.03004051267270826, -0.16078268280766134, 0.5440036540416694, 0.3528485316613027, 0.3005328663301839, 0.015616227511000948, -0.2459860657292311, -0.12156698568922943, 0.4097101663097675, -0.008779497623127124, 0.008567407290812496, -0.34465367678546455, 0.37235531093136875]"
"[-1.6608214070531608, -1.7762297843139354, -2.476566412054717, 2.0097942200099586, -0.17685463168329638, 1.0035176637419116, -0.024365820603614665, 0.1874689440200064, 0.043765638868955195, -1.5267608078120503, -0.8091425799412831, 0.6676549481076283, 0.7455161041172268, 0.5617280086773758, -1.4131299920375116, 0.7118929008228332, -0.683284464865167, 0.2712431060309666, 0.7432170139877954, 0.36465007155433504, 0.05484948236889805, 0.1032892066705283, -0.6048472978079827, 0.10987266443684905, -0.4111375525762741, 0.1292437081725277, 0.10372184975879946, 0.24476941513924605, 0.3389672252514384, 0.33019038636070797, -1.0393947226914881, -0.7099140850159115, -0.02041661030738495, -0.315593419295531, -0.6111115104233888, -0.017050310712152, -0.5279792827033567, 0.009363741733770043, -0.5523451949226815, -0.8608218809321209]","[-0.30954156095872065, 0.08507728492674324, 0.6126549958444915, -0.36644905371640624, -1.716221258874331, 0.20285371289041215, -0.13228187314706533, -0.1058582309689279, 1.0732333701838623, 1.488793024337349, -0.8469004468097477, -1.6364214855584498, 0.34748365063251657, 0.2508632255616729, 0.2302886538772117, -0.7353743016722792, 0.3353648392533701, -1.2587569181184186, -0.559007745388746, 1.0433152540803732, 0.43929826655123516, -0.728798841717855, 0.036025199144907906, 0.9084460605371527, -0.1301582212178174, -0.08140550333210675, 1.3483678256455562, 0.8121939334611833, -0.5419995024213143, 0.8837941034925576, -0.3035721173731601, -0.44645240499329486, 0.4758982181803968, 0.3580210641332873, -0.03527500313437465, -0.02371684302002682, -0.3012683892389291, -0.5915834057704108, -0.2978054110018768, 0.37779257731247595]"
"[0.8945920656897932, -1.0447790730895168, -2.2725975450119753, -0.702295301193857, -0.6196876781688994, 0.3490890095164959, 0.507474422272061, 1.4563764356334044, 1.0900688731493589, -1.9819349041460457, 0.11956180556858624, 0.648869718041988, -0.95509914662439, -0.6517642353960874, -1.2563432104630454, 0.02458828802373455, -0.06937582877838087, 0.08331359954410883, 1.9359141769300723, -0.6485158493691356, 0.6105929032237796, -0.0893621432878272, -0.9576449182231446, -0.9179718069977265, 0.7592002091216933, -0.2568539752823111, 0.2338022413158222, 0.18200209913742788, -0.6378620861692723, -0.06485864722701631, -1.170832135696644, -0.0903183474219968, -0.2899558026234787, 0.07566060447368499, -0.4953006945562803, 0.28810720528939443, 1.208501125423279, 0.043413500126373565, 1.1814965378017661, 0.6045583490891724]","[-0.3388742947343537, 0.3736363227943211, 0.46717838923238175, -0.45819226280136927, -0.5127821307829324, -1.7524248678558616, 0.009222217984846175, -0.6405794226225242, -0.20770351502753157, -0.7848713376941097, -0.06905136634738707, 0.919337047826681, 0.1625294776080508, -1.0923445107078231, 0.6297734757472794, -0.5973099341599775, -1.1146458778490238, 0.06875224343429162, -0.6045234818961637, -0.31317891273524284, 0.014405808802749512, -0.005248999875748257, 0.10344447066099687, 0.8969034317552571, 0.9912513888718932, -1.1447234602396266, -0.5120565320526925, 0.4876250785829418, -0.9298936908320137, -1.1303048788145387, -0.6415279618297564, -0.2776819146159188, -0.17945402720170933, -0.3362536843714498, 0.21080324309335496, 0.037663391727843415, -0.49185569531355305, 0.08940039176392257, -0.6670097690469511, -0.495533382166602]"
"[-0.8563962705990554, -1.3530273863240074, 2.2782372115036686, -0.577608468061367, 1.7223050836730098, -0.5272021785819244, -1.6794401119923859, 0.8112729887075446, 1.0577050185080432, 0.5005712872259861, -0.20458038116135988, 1.0859043867813551, -0.9484066242832103, 1.3213060961961989, -1.7369683527036157, -0.6325798947173014, 0.9029554428783835, -0.5138031899332355, -0.7042308538311687, -1.0133849429311883, -1.3314087847536915, -0.016108878549316537, 0.18719350788558922, 0.571090839354165, 0.033393247095396636, -1.0277191011785547, 0.32526343100211647, -0.6199260157234823, 0.009899048949288138, -0.7407411835113067, -0.7339523132564097, 1.0301693844004733, -0.49890629234190254, 0.8834247682511457, -0.31457412511722704, -0.5723725105517078, 0.15213728470572746, -0.0477555417741849, 0.8106358057909752, -0.10447159526877141]","[0.3238431476613556, 1.0616606404794247, 1.5705410516152654, -0.39488514203301456, -0.036527727250993014, -0.4504199064112689, -0.2756629610796747, -0.3986021440917444, -0.7762008938177447, -0.539637199415565, 0.17368523937275224, 0.3058275290459301, -0.1545649935909606, -0.05608216752787102, -0.5160494300043924, 0.16391544212382522, 0.7467377926792761, 0.5072150585945384, 0.1983197238297811, 0.2731226380444134, 0.8648730432143141, 0.9383270738047671, -0.7656544014233886, -0.3750234523642593, -0.21500525849039692, -0.45661876207394114, -1.1480474582907259, -0.08920043492600768, 0.8914235020973842, -0.3818326699034623, -0.6073967882714103, -0.23754028853972164, 0.5038881173463433, -0.12110953833726822, -0.489816340311606, -0.06460182546628661, -0.20980736238967015, -0.6136620118917291, -0.1281569945321833, -0.3609410652096796]"
"[0.9548283205964306, -2.1985714376552474, 0.526178622584402, -2.0510687776844674, -1.1921878536584813, -0.1421791425114119, 0.07789211895182147, 1.3281916618404883, 0.5285042553039349, 0.883286078487733, 0.06129295262125149, 0.9696396966675316, -0.845992364408093, 0.9799481965982133, 0.20961502621927475, 0.18158695285161544, -1.2580328938481573, 0.6174388590761678, -1.0573425202414515, 1.6683535743854687, 1.714819602278647, -0.6016281390578041, -0.35705458981228017, -1.1661765689867587, -0.20119085794215827, -0.47215087997206, 0.3439276496583362, -0.006208800353433225, -0.6110089477115294, 0.20097107030300518, 0.28631999704108885, -0.05545137432156634, -0.6961583926918888, -0.9673718153252133, 1.1620617530473083, -0.47552748430016506, -0.12256201542701109, 0.1842799644772755, -1.4543748626287683, 0.15810201655815453]","[-0.10588050364319528, -0.8986835820662007, 2.2820891116326045, 1.15836026542686, -0.6214655945974086, -0.8210078081717478, -0.9007988202645126, 1.2622614615529466, 0.4150287051263227, -0.25062013273390743, -0.15550167011097848, 0.2621316717582045, -0.7005039099575529, 0.7547108348349175, 0.4681313401857119, 0.5371848989752157, -0.39686643233685065, -0.8667533910825157, -0.057852625068407354, -0.5151134958634095, -1.1054429683269678, -0.8174877508798443, -0.031733116647560254, -0.5523001426970876, -0.5372158438206558, 0.4766010268187275, 0.3352177219207041, 0.2114531891950942, -0.20199444201914585, -0.11835669583740724, 0.294636817060904, -0.05459812777500455, 0.2948870375377611, -0.7766430553761411, -0.1886503544008467, 0.28327797504288393, -0.3212360787890443, 0.39421825905004143, 0.5822289396510875, -0.34092062400287454]"
"[4.18312661080583, -0.02126736864826837, -0.6936665316604657, 1.9674280048993489, -1.1964906411928622, -1.6398551570050421, 0.925657095541602, -1.9866017297620924, 0.016528380751404628, -0.23078819792650127, 0.06212419044181569, -0.6937750700714352, 0.28011126171933465, -0.1765844398697518, -0.4914596964057038, 0.9177554946195323, 1.1846011432707728, 0.621020517735154, -0.23876811087041014, 0.5378613921035402, -0.25856174955389194, -0.011756065733484733, 0.4940803107760386, -0.03738969229574802, 0.6666248327109346, -0.024941844266775485, 0.284166838418963, 0.6514637987760359, -1.1434831371282108, 0.8949016215831344, 0.8146058654392265, 0.19939841198915578, -0.515915917401747, -0.18644962585150718, -0.03455292713167912, 0.17913705845448627, 0.002673007459858549, 0.1409882029436329, 0.8655569294371596, -0.2708570078701036]","[-2.6991231616299234, -0.8634013582272589, -0.14321318315853374, 0.9797224977602389, 0.5979152176575784, 1.2158447828450492, -0.23679728483712795, -0.7249787539459527, -0.8301591550057877, 0.6829758033934293, -0.6909273871045485, -0.7342097343294691, 0.0450197130811823, 0.5762796763360493, -0.08759325507263814, 0.1343913236649458, -0.250715833254513, 0.7880339519164817, -0.7919637333856673, -0.2855913328701593, 0.5260659257679104, -1.328153397150252, 0.3459006505262648, -0.07718288299119673, 0.1528023408627074, 0.2533653514261654, -0.6072058778210384, -0.01780152459696803, 0.6548865337873003, 0.17940938914622578, -0.5492541795330103, 0.19124281923887407, -0.533276555311836, -0.007950480469671907, -0.13188457087832448, -0.3619039614759508, 0.3301874074449859, 0.6984802305553934, 0.5003217501028686, 0.0019424907557719188]"
"[-0.6226090560028061, -0.7393583252554932, 0.5489318126636503, -1.5915542666838367, 1.0584523136412889, -0.27173952602755513, -0.14261650071075208, -0.7105059968728946, -1.3499052547216623, 0.20558946306681988, -0.5374847869867929, -0.19245069252587801, 1.6704512266263927, -0.16873500496591443, 0.8880015289684509, -0.34591484462317534, 0.2176318675490303, -0.5128498859058884, -0.6728347272858057, -0.6363415824699844, -0.020502286397160643, 0.9330135308247909, -1.2881284586021546, -0.29363537135015605, 0.27193800136075663, 0.2714351046081698, 0.43859366562783864, 0.03108411766885231, 0.08587214218424084, -0.17340389345002308, -0.3885707751773559, 0.49535703112861235, -0.11618465752648485, 1.1851748177901145, 0.4617432382854614, -0.5193423471471416, -0.2849737825070018, -0.13954753028742842, -0.41843839825425, 0.17420891920485565]","[0.9982250967732913, 1.2742923828303434, 0.5896558211926223, -0.14345158359615132, 0.846112652147829, 0.4675504779272898, 0.11846965673134896, -0.9965176321195838, -0.19084163023083076, -0.038074773598552915, -0.11727325331066658, 0.6990237758036133, -0.2881048467933017, -0.8949594695399636, -0.2797993598197516, 0.2502098096319357, 0.042855691831646905, 0.2342828279233979, 0.2858852303222425, 0.4544242822663319, -0.018432771520733394, 0.6709268962692732, -0.01363698606941888, -0.03391471019260014, -0.27098618084928033, 0.5481577153061798, -0.44103993697179456, -0.7232222648439033, -0.7528472900242068, -0.4795847054091996, -0.3520812190404557, -0.5382526747162026, 0.5154014650213069, 0.8999926716610152, -0.7761699657076705, 0.7386608450630381, 0.47939480477071317, 0.2437206859497584, -0.9976520031830616, 0.620414847051268]"
"[-3.132181071029486, 1.1080222595681863, 0.9886844254134527, 2.020489910616946, 0.11591383686520378, -0.6179459498881947, 1.1358209264410362, 0.734018164515429, 1.0081511471916498, 0.578574749381701, -0.7769332711481785, 0.19630520354349118, -0.548258914387425, 2.053827891104481, 1.2962966276467565, 0.5157204489857988, -0.07289546513875321, 0.9585201040319936, 0.20303576003433463, -0.1751287164798998, -1.6163346625348807, -1.2576401722412054, 0.4631771389703539, -1.2940190124478799, 0.3805152527056008, -1.2806203070999842, 0.9263285788386952, -0.10861268377676044, -0.38892249237633364, -0.6645689709051946, -0.7913295263753874, 0.29838458991993844, -0.6919920117134651, -0.5487670021297569, -0.006255859471856028, 0.07541215459594036, 0.5409023841534861, 0.32947145667759864, 1.0672362658940033, 0.14768000290259897]","[-0.5775418801732354, 1.4127123362570566, -0.4178328371647327, 1.391295850423296, -1.843034945602163, -0.23251526178437196, 0.5898715152426506, -0.41483462722975584, 0.9159181633864265, -0.9633537830202041, -0.23302995286716885, -0.6346577040266171, -0.5917898716413263, 0.8287980900771202, 0.44562237683880423, -0.10403172130760033, 1.380328762120533, 1.493916071723326, -0.7741695490697001, -0.40038999100164907, -0.3583784845219404, 0.24658980413157586, -1.080334876012895, -0.6939343106664415, 0.6522319873875841, -1.446829060959256, -0.9757510753572979, 0.8285835861943087, 0.3662321579189164, -0.44256641450941003, 0.22191352740388312, 0.043965362119303686, -0.5408592292876098, 0.36993195131076984, -0.3835934078197762, -0.35931246188912397, -0.5138262799121304, -0.15934862796967866, 0.5565905429353556, 0.4821846819713482]"
"[0.13759244935666493, -2.440486709181298, -0.27884076367408217, -1.4823200158125436, 0.09978725726564655, 0.07890905212253152, -0.7715627870991316, -0.5861320403280943, 0.795845861319631, 0.42964774782071663, -0.3881268972866115, -0.0759637895122813, 0.8330024634074485, 1.3193108091662429, 0.1837197420551598, 0.13508061111877367, -0.37296765093705264, 0.039096491769771084, -0.3621332608288947, 0.31603101142455153, -0.1434129771130552, 0.5774096678916623, 0.3004488309302694, 0.03123773515347268, 1.8739201178706517, 1.1074446504291602, -0.9951520244048055, 0.5884473219690977, 0.204368166540227, -0.5184754703125509, 1.0010911314197208, 0.9527453147977288, 0.08196708636718808, -0.5372348632462299, -0.29895756145664604, -0.16591078275206794, 0.029155128584428498, -1.025199333941381, 0.38115032339742283, 0.9565907968846084]","[0.20275937769755584, 0.4807440679117933, -0.4965562559491398, -0.48943608951195305, 0.5209087006369856, 0.05454482300026336, 1.3894728703103714, 0.9511243568696459, 0.42203875761455534, 0.7573712192647927, 0.2330513351865777, 0.8041745063281178, -1.5446566816654874, 0.4652760273257349, -0.06843597868735615, 1.3398658671814594, -1.0271214640431756, 0.10396737870049402, -0.7850417273752763, 0.9693536810636738, -0.09791976527896243, -1.3527606128891794, -1.050946995649204, 0.8363078711234171, 0.93636413314452, 0.31004108254267015, -1.0084598725696294, -0.6349728242402046, -0.28023418056449273, -0.048339941916042135, 0.2023271339593002, 0.05124972197456138, -0.5416594821776037, -0.09944959082974851, 0.7573736724571437, -0.11040163035090163, -0.4157820676933676, -0.8046291926326975, -0.12027594058245682, -0.07108597954405052]"
"[1.1379710552782134, 2.053552757704194, -1.4820851619345028, -1.838774595592134, 0.27304073115381416, 0.03803448827748225, -1.1236571826409623, -0.5284817765518426, -1.2543211102796137, -0.3727671075972223, 0.4429540308237837, 1.1435305666824902, 0.8595565430559347, 0.5031163660880111, 0.616524294036743, 0.6425579337110429, 0.918622885272376, 0.005379969137882705, -1.5816472772044845, 0.5518636590288919, -0.752586454921504, -1.017320880891126, 0.9736765894637424, 0.7424867954140776, 1.0541663113794573, -0.020900295530839736, -0.1031793401955362, -0.8260303820001219, -0.8504431066872908, 0.36989201049251796, 0.31811522641558304, -0.7152072407565122, 0.17958566900203823, -0.33328483356472843, -1.155679695394771, 0.7911983153660721, -0.3245389686693483, -0.5777296901649177, -0.4110367886919097, -0.2257757541390675]","[-1.8918001959280986, 1.9259067174298943, -1.150183914429006, -0.878169446761795, -0.11131590726578332, -0.07047825891346028, 0.2117260228406951, 0.5025021678573822, 0.7582821612993762, 0.907463304155932, -0.012109536297700042, -1.0225859848246375, 0.4679349341970874, 0.9245329195877648, -0.7135354624815222, -1.1860640909549687, 0.3101728924351221, -0.011111130569855339, 0.04461782252695193, -0.22324100783938786, -0.4594182283551195, -0.17771513837491545, 0.317266168238922, 0.16408590736007805, 0.15198133738378405, 0.0670955917554404, -1.1400680105291632, -0.15874713004616936, -0.16480526190434705, -0.4837124809667744, -0.3571864757913122, 0.360341371722379, 0.6190408650764379, -0.8709786717960738, -0.17939030038109313, -0.1881104856929607, 0.25189481493625066, 0.09897111109853315, -0.8307938680529017, -0.5677775023211231]"
"[0.6631952625513576, -0.333700981146999, -0.4381835149855772, 2.2195319574329346, 0.0916984437804156, 2.541739134819869, -0.7965374767067005, -1.0691587387199653, -1.8855069394665318, 1.1063262235640896, -0.3535540414900791, 0.5292608411205535, -0.05140807956736411, 0.2655509943161031, -1.5893270056404538, -0.48408989246671047, -0.25658383954351005, -0.8851478037735419, 0.7274609999399251, -0.745334324561221, 0.5095318397918966, 0.29466154907595904, -0.031127728251349508, 0.06879344279866044, -1.0911980529095635, -1.5073045796030324, 0.12680034828432388, 0.44326997182207767, 0.3461615026777754, 0.23182030491733568, 0.4349946991575943, -0.32368011722504375, 0.6150570669568409, -0.4474948569643053, 0.02600616179362777, 0.43366907592229115, -0.09991960508312567, 0.7663225603236875, 0.8037383453701641, -0.07826382270995894]","[-2.195133618839959, -0.7364273305800731, -0.5286996425051841, -0.9602618597915475, -0.056186416033662305, -0.5568617813129283, -0.13275658306751412, -0.09098750321673767, -0.13919380325966826, -0.8668411136624703, 0.4157935696414022, -1.0953160091809024, -0.0994860367197926, -0.408312620424765, -0.5627142865141785, -0.1743460429613964, 0.24223186587120957, -1.0986740526342238, -0.449677640726144, -0.6781427722888939, -0.15039489441233236, -0.004279856341641673, 0.2999705844760244, 0.4561175524862813, -0.70297170359367, -0.14014865128207718, 0.5683526809426918, 0.7674893786288225, -0.27867306594374835, -0.9121138782142949, -0.6138551513781425, 0.08429970620191182, 0.3641582636011909, 0.5715855821095575, -0.06182152396702019, 0.34964150516710113, -0.05613674110153499, -0.5450559058744495, 0.7143642752772824, -0.358952267130788]"
"[0.55962842083865, 1.5883107584507075, -2.6396448439983264, 0.44669770816021687, -1.5326755145781539, 0.20305558787829128, 2.0670490119967595, 0.04691982259095322, -0.9519576560533545, -0.05424555573332507, 0.415588113177338, -0.5650886675756899, 1.0700685812728568, -1.8008339360317307, -1.0810227234411995, -1.1280804607213746, -0.34066234524361855, -1.1917109681897313, 0.5097598609675646, -0.23006918484711594, -0.02329888495719672, 0.015601632172741657, -0.7884836700755025, -0.5647717572568631, -0.14350910714813184, -1.0086408012744217, -0.24951307018089033, 0.8923186664291761, 0.11518060877188618, -0.01361112785627627, 0.2525493079387743, -0.017704711954948035, -0.11560638174615247, -0.21856130993729825, 0.42343312265428856, -0.4289461407892363, -0.1392871269418958, 0.252464319940148, -0.017639729673644293, -0.7001980122277756]","[1.7031742817489812, -1.7491881854602302, -0.7769923007558461, -0.5677800785130195, -0.28675689523608733, 0.3704581784704297, -0.8120361057689087, -0.6824706098443838, 0.8114420361374907, -1.234311172128164, 1.2124905092565943, -0.26973278745614343, 1.284160676304283, -0.2527906816012711, -0.9112825181120834, -0.24915753947764266, -0.19012632581373298, -0.3854420665506458, -0.6544985402327834, 0.590162607050775, 0.18071752585582163, -0.3087616944134983, 0.10161837689912258, 0.4691060089418356, -0.29372531785478895, -0.3130641226663049, 0.6223940546633753, 0.33682863979428374, 0.06970962258999273, -0.26411582345573026, -0.3710256748153804, 0.005428585689378417, 0.42903102032764295, -0.04444197258495299, 0.43185718719669014, -0.47380258333975206, 0.28809582704896797, -0.32278815464573807, 0.5676170632471681, -0.5476847265444019]"
"[-1.7080297712643073, -0.38821235791963093, 1.8381169599594365, 0.9545954701165172, 1.798412195961441, -0.32432431027649417, -0.9795692019249538, 0.03886270822077711, 2.1641765569441955, -1.0092610113044171, -0.47158313229672744, 1.1408426856820393, -0.8727867655575573, 0.37006790724436134, -1.1578277241136874, 0.17120962987080335, 1.204251401764239, 0.29499758825093836, 0.14854920088175913, -0.4296053923044401, -1.5381465133389238, -1.1169817437702434, -0.0559930821364153, 0.35727065350606046, 0.31791612381937656, -0.6878433682529187, -0.21439873638401927, -0.3777113453561846, 0.12317141857605715, -1.1934119718458374, -0.01462828003159336, 1.155062805127348, -0.6046253167418837, 0.4766374192657822, -0.04109781348825121, 0.6303741074271042, 0.20396800407869956, 0.6248070899881326, 0.06120444945684428, -0.11624322875889591]","[0.47876004723434784, 1.3617507608742065, 1.617715987935214, 0.5266738379389552, -0.03907406510721124, -0.08350060925008553, 0.07625159724085256, -1.4319516320127523, -0.7559151054124016, -0.6980639134818519, -0.7212348083318573, -0.36580135582558393, 0.031192904505649623, 0.758302532793332, 0.5044119685781977, -0.6995021780271239, 0.005062655374846224, -0.2074746183494842, 0.5817626532531452, 0.7916022986967658, 0.1134000299131788, 0.5040114625977582, 0.025360577208887562, -0.14979977552640195, 0.5468901860959104, -0.5970296236417222, -0.5401658116098634, 0.2551499183857046, 0.8570458720031976, 0.3242594891165128, 0.8622682811706721, 0.6782339700365478, -0.1963197426566407, -0.06421932384958617, 0.4028355150400264, -0.061481870373849494, -0.22956228079456356, -0.6943219539963679, -0.28577676972407023, 0.19845328004221477]"
"[-1.846235824791245, 2.175707997628041, -0.8955757496191, 1.519957829568743, -0.07805209347267913, -1.2788890864183842, -0.8231097935007654, 0.2947832089858081, 0.9693059680142404, 0.131074886346008, 0.9328433970570779, -0.7133919907304979, -1.7083342821759684, -1.042454465025372, 0.34326832322410294, 0.45205689194415966, -0.5219122260141306, 0.4645371435425431, 0.32342397668503825, 0.4798193076266824, 0.6395319153120692, 0.7918147067707537, 0.24289316490211632, 0.5589896840587413, -0.24044043655879438, 0.4213932718902596, 0.41148273692277154, -0.4310700383596996, 0.8471594169129943, -0.5865331878968008, 0.2100195954201382, -0.7516358620009617, 0.4987370026904663, 0.13524423350220652, 0.8814603799566133, -0.373568273050372, -0.29524606341569654, 0.16652952186804587, 0.7902495218575302, 0.27903265588549386]","[1.2477307798946138, 0.5010881526046023, -1.2814710920546164, 0.17747123308180973, -1.7018229684458408, 0.989760953382239, 0.22481545512275672, 0.5685618996427845, -0.908936831694286, -0.031891385576872065, 1.4609786640095368, -0.10871191136879284, 0.1161942244851665, 1.048225138726362, -0.1553350248241119, 0.5543406622818796, 0.03501359113054892, 0.6187537724070974, 1.2497607943544569, -0.7300267407235801, 0.6253654251844208, -0.11690485696684422, 0.32726883864855877, -0.7594330693327218, 0.2934599876242854, -0.12639918708121758, 0.08321635443168596, 0.10939451421812778, 0.20461527099759214, -0.5908398653105047, -0.27589770923886925, 0.0010270325614514487, -0.4964176451851226, -0.46555013459357325, 0.3261313875539149, 0.00233855345105222, 0.4600495254042577, -0.04629560594423538, 0.2611738454069936, 0.10125516093617552]"
"[-1.2262516603539142, 1.773945113077045, -0.19737274600761423, -1.0407247030194433, 0.7588893128252109, -0.6810880097417, -0.04459556995757435, -1.2437564930567957, 1.6021767222225125, 0.5839067899164515, 1.5136591422698638, -0.005550212273372519, -0.9276278438214246, 1.0644941823145462, 0.33088304221243336, 1.2516880419276346, 0.9977431919751484, -0.9799335437306356, 0.7011401856085702, -0.5406261838596713, -0.5052045548897142, 0.8496125326103017, -0.021448774813967852, 0.3615998009610322, -1.1772321178446772, 0.12521085641909394, 0.14111018487241697, 0.632359043139414, 0.38336593315068573, 1.1343795494307234, 1.358685287918034, -0.18241315963705426, -0.6436836250395275, -0.08009404785852606, 0.10275229927120737, -0.6623826925569736, -0.17430827767557266, 0.13292553893133918, 0.2485830017718142, -0.35508293252937995]","[-0.18242589124222103, 1.8836418959930064, 0.4429180178608112, -1.1698936928369243, -0.5200197480882506, 0.4070926778955695, -0.6394952604839023, -0.3078317024894407, -0.5790318467033729, -1.1121821966821412, -0.5822586465314812, -0.5228075990668981, 0.07896867829425146, 0.15657052466235793, -0.12112980443998023, 0.5659725779974164, 0.6602848938549966, 0.22537723904642792, 0.8412322313130606, -1.2324524949688487, 1.5253165566890456, 0.1093787131115304, 0.5757083558163598, 0.7748627988239436, -0.11552373016086603, -0.5922793356885497, 0.041521993315864855, 0.1661618623266832, -0.06527247929423237, -0.10361892472569849, -0.40778476317895346, -0.3676017976482558, 0.12754564589089495, -0.29704146157667555, -0.42652207644961176, -0.006543412023487104, 0.333681189722064, -0.007283861374476058, -0.11667187083246491, -0.4939878798019936]"
"[-0.5970008181937703, 0.5280075172336658, 0.474643256901174, -0.320087263032814, -0.29773685534460087, -0.7885845969824751, -1.109101523412743, 0.48640069882173737, 1.5882037341377624, 0.6432187569474433, -0.43385500316569825, 1.0197015288859939, -0.028454610441531983, -0.30899812064854204, -0.3425918516743806, -1.0967771347736541, 0.43761742811441784, -0.4708150043128171, 0.6918879544525013, 0.3030305383076588, -1.4726567116943499, 1.0738104702522226, -0.37994014381366964, -1.068898419325881, -0.149969861392711, 0.7691993273826135, -0.10313700153971889, 0.39707520192262763, 0.8033349795031517, 1.8748718244181282, 0.3366485338275163, -0.09375007772893972, 0.5620587429577572, 0.4142065337330951, 1.1605113907839153, 0.03221224236342903, -0.3056003210643587, 0.23240117521926876, -0.9196925412949294, 0.5089132175274865]","[-0.7852986598393381, -0.34342677826386553, 0.5520944127133984, -0.2735899705757164, -0.3720474580724399, -0.5702839437033028, 0.17212560826050055, 1.0568354715651718, 0.19971745453287235, -1.774740408297719, -1.4905322081696666, 0.7669764194493593, 0.9228552720994899, 0.3879686890804662, -1.1437166663622547, 0.13382131907034947, -0.16830943122875144, 0.23646490575044254, 0.6382966957981272, -0.5679357603552054, -0.09649855847595806, 0.581637773641026, -0.2639210531187466, -0.18794379509856804, 0.28922106157704564, 0.048774096419914884, -0.7173523575133679, -0.7760977716402, 0.8858922818781225, 0.7336373615810943, -0.15551634317099466, 0.4089037914735351, 0.1723720205136229, 0.2687982721083669, 0.7809565992770077, 0.3915895066509764, -0.044713531370592, -0.334921185831527, -0.2508158678420749, -0.10805263034692725]"
"[3.8476272635696516, 2.1038204706578654, 0.16271753099064892, -0.4640798693108171, 0.20516699255228235, 0.4353930219834678, 1.3836228097937284, 0.855376455152776, -1.2749654322354174, -0.33329239206419964, -0.8788410656006699, -0.267139471055276, -0.14925437770488265, 0.15961883603413948, -1.6045761290500693, -1.1012450517959218, -1.1399188238154332, 0.8312368201831064, 0.700479712209576, -1.332696529691335, -0.9066980544904102, -0.16785051857216948, 0.6667370613818978, -0.5531228591058863, -0.17380019155780838, 0.011385477939976307, -0.38919500051872713, 0.7957208872795687, -0.41251120775993444, 0.12987360525366845, 0.33203929963310597, -0.39873481274375777, 0.5447731493713837, -0.6783078080395324, 0.11127599473333419, 0.7453447551674436, -0.029042633853303877, 0.550429927759962, -0.625000133864932, -0.41435794263198694]","[-0.5900483074368934, -0.3654664037575568, -1.0677709632420471, -0.33089202490238656, 0.2800015999324877, 1.049041107405544, 0.4851103848900076, -0.2961212701386896, 0.38419164965154756, -1.4061425113881367, -0.26542705441267167, -0.550066395718751, 0.972500561476124, -0.5084586930853913, -0.8285060535902365, -0.639975279816458, 0.11000353897066445, -1.0407800683320247, -1.0245973952067076, -0.5167675398403465, 0.08274202232124915, -0.08198822097413873, -0.2958734793704059, 0.28473930734485886, -0.7385151383835971, 0.014917590767789911, 0.03747570305602654, 0.899809324087713, -0.19832268943635104, -0.9613450877441722, -0.7526271657149052, 0.2415602587282588, -0.07762905508963765, 0.48225465664308104, -0.5579294102506664, 0.12452664742929206, 0.027983166059388366, 0.04928219972515298, 0.7336669900619789, -0.28065866242194926]"
"[0.7154657150714943, -2.3863758552215337, 1.9336770743506804, -0.7371571787686149, 0.15334993772172736, -0.1334846355629483, -0.36997587307823393, 1.1958406651196476, 0.03203037974517034, 0.9546887237876719, 0.4030950636168851, 0.06146999600811795, -1.336751868855097, -0.7927603347974677, 0.043751918368970584, -0.8826367118502029, -0.011473221843462713, -0.31899574801683156, 0.06163721869466313, 0.11948215320382792, -0.5701952515731306, -0.07416890616882088, 0.7841583563118655, 0.6810073275149238, -0.3624225768571696, 0.9470403561645832, -0.6146921786287277, 0.3924871350740147, -1.3784262012250332, -0.20982412767494885, -0.1066744828896814, -0.7873657940985769, -0.26057552873684975, 0.8025865110760065, -1.2227016276431104, -0.041436282551041426, 0.15381698451528525, -0.15782746014061325, -0.2747748010642764, 0.300705591382879]","[1.634863772242391, -1.0322525236078597, 1.9141740251675914, -0.12898781538034312, 0.10717540655646851, 0.061289727125005376, -0.13831262615339013, 1.057890021622059, -0.1820675443159542, -0.2859672303019084, 0.23490494148800542, -0.5909241229821517, -0.5293997848291124, 0.4897122285249778, 1.3135954665103435, -0.3503161472513876, 0.7686717293634134, -0.19338260009732833, -0.7251327988425279, 0.2061381425118517, 0.4338408676735275, 0.3549714381236889, 0.4907907431286841, -0.8541338894216814, -0.08435298651516901, 0.37572006858569623, 0.5396729098449375, -0.22527385778635672, 0.20701379487438787, -0.14918364665698516, -0.04041489605084261, 0.024195603450399505, 0.39910036052028386, 0.43741914258507103, 0.034060613544605836, -0.0007523544432223163, -0.19615602390355763, 0.2524050962886634, 0.34744207677457417, 0.25960358673781525]"
"[2.120833450878103, -0.7698076261608343, 0.011238552416398503, -0.965802178446871, 2.2037243319509527, 0.5915566903126636, 0.26354036537885805, 1.0743307968069855, 0.6170624646679211, -1.0380779614601496, 0.8400238621377283, -0.5018182205698982, 0.5706002749572319, 0.8380854356354046, -0.4728432458790586, 0.6375860330155277, 0.47717082677783745, 0.24681379254703137, 0.19425821532797863, 1.6430327270006915, -0.265760243544395, 0.6319800614827248, 1.020166794149229, -0.7586365691304682, 0.592975911742335, 0.3365155525617817, -0.04801745869691781, 1.0391605138239877, -0.08867599774750261, 0.043558428545105374, 1.0038388999716192, -0.6084990008381795, 0.752188041151473, 1.3451681034549094, 1.0360000783900312, -0.040698209169229095, 0.538951035937194, 0.6578324575880748, -0.09099621995356083, 0.7446512125450226]","[0.3832547754594931, -0.4355715643486425, 0.8876509184783274, -0.656101130520125, 0.12510998377768387, 0.09834381083437191, -1.5811147405465162, 0.1724281233815491, 1.141101650704225, 0.627800214721245, -0.5115718695052894, 0.030189518260945028, 0.5078432600805083, -0.12240162051493167, 0.30944890311058915, 0.5831822319007525, 0.15605439469497426, -0.12561652325978487, -0.06919613176472239, 0.08808427120530779, 0.013668388190113708, -0.218211336599945, 0.34721541080737944, 0.026921746591968422, 1.1807455763779997, -0.6971587466887953, 0.3994467542362888, -1.2483941585164349, -0.5182998167415416, 0.008560233549851849, -0.04635709714386382, 1.5603599178923366, 0.25648812801524334, -0.2227759880011698, -0.1893043121833353, -0.6836721411098274, -0.17411951912315038, 0.03783966873654324, -0.2587689003637173, 0.25949437243255186]"
"[-3.072192407043197, -0.08810916953269558, -0.0004680029893061001, 2.571587244471015, -0.6072168078844763, -0.808112962012631, 2.0679699636268882, 0.322788454119376, -0.7731729634448223, 2.282948924653373, -0.9176247287882812, -0.7083252835922844, 0.013496261792406667, 0.3669135109393254, 0.9036338391739746, 0.7328573130738917, 0.2072055550043607, -0.29602740458231946, 0.45257369839892847, 0.696982869876733, -1.3482751759889173, -0.6212421035778772, -0.07979033386759446, -0.3680995902180719, 1.2351598506243215, -0.1681691392950785, -0.2225126762617444, 0.39117556331358716, 0.28943838735327243, -0.8365666374433853, -0.27685004723489154, -1.1237479075971468, 0.23278221535730573, -0.5427756155287038, 0.390077743390337, -0.6563476858996095, -0.1839009726606904, 0.02571170060046266, 0.31320807684300134, 0.6015827727424473]","[2.281214222273898, -0.6687025536791018, -0.4826392482277545, 2.0428657579500182, -1.321904354655801, -0.08331302061660326, 0.29255785212393876, -0.4393786260222682, 0.13730967432483518, -0.22809343673527868, -0.45629292345610334, -0.6136677464410735, -0.37841474291331384, 0.8055199807862738, -0.08987991234777602, 0.24972356611737115, 0.43602723076259675, 0.13155090830080585, -0.9467035450854726, -0.13703828549725475, 0.8384582487329758, 0.8151572356905598, 0.8709791533569792, -1.0734564393767259, -0.055500897908204026, -0.8873292641633228, -0.678185378629933, -0.6505917195589872, 0.6058566025808253, -0.8207689465953706, -0.12849061882401902, -0.0995151801079662, -0.3980053243782339, 0.46371389669736723, 0.041521727390194975, 0.34619391005236144, -0.1508413697809829, 0.47473402884050586, -0.6598715630860165, 0.1114135653803804]"
"[-0.8908980074085823, -0.981904081006948, 0.41207484232602043, -0.772728759198093, -2.0063452608627963, 0.7016633148423674, -1.2137200121567753, -0.9895387813141355, 0.8205430394984762, -0.9405812829566758, -2.629640657635187, -1.2757031255997704, 1.1815498383586016, 0.23074571208800532, -0.4801488341547888, -1.7811031920744937, -0.2857870080608528, 0.6236781498643751, -0.5895510125194797, 0.30848741587385897, -0.0350286454765286, -0.10409453529987964, -1.27256733346377, 0.41303121323941994, 1.1636687663316363, 0.9315202379783616, 0.981986014855164, -0.31648077179032924, -1.3231797417761781, 0.5764924350654671, 0.08873236336698666, 0.42996214409644984, 0.5637488356900777, 0.9946721759734196, -0.3551813721619625, -1.101068574993766, 0.5471152484222204, 0.6643321433687974, 1.0527077862337502, 0.7078519517400708]","[0.780090772998949, -0.23708920999580513, -0.7738362902413671, 0.33506071768333084, 0.8660755419248862, -0.647599536065491, -0.6656366483186646, 1.4114940910662468, -0.8036338425482804, -0.4085882734332188, 1.4807626494208475, -0.08680905778503072, -0.7313920276623047, -0.45896204256686174, -0.28021276453645855, 0.4210709328762545, -0.21296055634374841, 0.028303807637553628, -0.6556431351288231, 0.29915528741698083, -0.45702510031033694, -0.982844684925424, -0.4788205153516004, -0.43637381242339207, 0.14610883458365137, -1.132116590209185, 0.2881281831371454, 0.8081193424296313, 0.4701501177374796, -0.7019351093548403, 0.5118134954383687, -0.2430408335505429, 0.3396284108740025, 1.1037520304223365, 0.5038396455550428, 0.17464600764268065, 0.30829590192186446, -0.25808316029622647, -0.5503542160021034, 0.10216015061305166]"
"[-1.5029494530591394, 2.1996633163929826, -1.21575572665192, 1.9262995069279087, 0.6300741124660961, -2.3072076362848333, 0.6038373886336685, 1.5582639556225324, 0.4105097605159264, -1.6455468827789441, 0.546452096152863, -0.0964005788489815, 0.6425933000256178, -0.6231956694711953, -0.47372630457215803, -0.09743332952707674, -0.09174848353531789, -0.6549789075530162, -1.5855171432044097, -0.8331233705063419, 0.7473111529749821, 1.113171621946752, 0.4672059969584063, -0.3184777074188186, 0.4748022908212193, 0.6273474328590828, 0.026016950981747982, 0.30826208828321167, 0.3192037515685099, -0.2648313448950538, 0.20090455200728058, -0.485544057281743, -0.043102849698434226, -0.5863361814870128, -1.0161891799580387, -0.025278687972447197, -0.3161349340510622, 0.6807966751858726, 0.3145244038951434, -0.3824221102057136]","[0.19374019189022473, -0.18035931341667197, -0.862689619716721, 1.2417881234328647, -1.537602980302246, 0.35472704427776547, 0.6825559823557773, -0.09801369069910153, -0.19518129947790042, 0.3396832634936567, 0.29532496577394635, -0.04195833948175287, 0.7307930484643546, 0.3824619795886323, -0.41190131233932353, 0.10736659783728401, 0.5394425641166853, 0.11376014400362157, 0.6804862939594097, -0.7176814491815473, 1.0834245997283363, -0.9487411159809496, -0.0885243524007906, 0.3190351664881147, 0.35958267401104044, -0.13832532325150126, -0.17057542456401253, -0.21131991805956582, 0.7938099034654841, 0.7915887142527945, 0.025240186833487624, -1.0142892103093384, 0.07488265582302113, -0.11257494964135083, 0.5344696363830481, 0.4908137587004045, -0.6151753524531217, 0.007440616914425757, -0.224492067275569, 0.011750053642861902]"
"[-3.028398101040699, -0.06355222392507615, 1.0281191144710524, 0.41310491897494606, 0.7533957551009578, -0.6520009716344356, 1.496758861965255, -1.215234083130935, -0.8162753028484871, 0.3549439706348105, -1.7388709494455592, 0.7306785657953027, -0.00011789129144257068, -0.5623261310424195, 1.504040995648569, 1.9390261407587899, 0.6505279194870165, -0.22259474800824183, -0.24874119656960836, 0.35098083759939974, -1.4566851301753279, -0.8052705345328381, -0.31513493783880697, -0.9925169382661131, -0.2480115250563126, 0.455393386241564, -0.7708419850947604, 0.5800269119856363, -0.5525999372737945, -0.02393320646784483, -0.9889647702113498, 0.35101804242907064, 1.1961285328936213, -1.06098175640948, 0.8059027233080005, -0.02820430764392399, 0.3815774081165461, 0.4316751362926889, 0.9645026118321963, 0.0946190174187636]","[1.3784720081023323, 1.1836192713408011, -0.017712089617258737, 0.778970253338873, -0.3957331193396968, 1.4076812765399564, 0.8586696438659204, -0.6797855612149886, 0.37525505498904205, -0.2239250239323618, 0.18557014856265988, -0.05225107086800884, -0.4945816592161313, -0.004488064424915045, -0.16174737864289432, 0.4406799067144916, 0.1790251768149806, 0.14117610163078972, -0.32674690378208876, -0.3055228550972492, 0.15543769711038713, 1.0049162752070586, 0.27284247458328564, 0.20869322020918932, 0.17913757000394692, -0.5232497214151721, -0.5120686760670912, -0.38767457505283726, 0.0998584213766067, -0.6807722227058879, -0.47823416060837487, -0.9768564979187583, -0.05500679632529966, 0.6627188156671511, -0.842895004044096, 0.298879818801649, 0.2230590554789286, 0.07138072103741552, -0.3602367319012068, 0.28797200646181825]"
"[1.695477735336515, 2.6509162415213825, 0.1437447231737021, 1.6918392192422589, -0.6807850144453249, -0.22668067546554493, -0.6505452897816308, -0.7000420093001913, 1.0450538359190318, -0.2153257663724876, 0.47239204582831956, -0.34272475904273475, 0.17608506045980157, -0.3501223540848028, -0.009203502987926788, -0.5614090582881255, -0.08459539592623717, 0.5914595131292804, 0.4380289256350397, -0.6391238936337811, -0.18616412200709748, -0.12025056051259443, 0.6580213196477952, 1.363500030749638, 0.6444675762307536, -1.36222790446055, 0.26840095880015197, 0.15105402675544116, -0.05852402494114049, -1.1473351198405544, -0.557256696851168, -0.3753981138262494, -0.14493921646357186, -0.483580362673928, 0.31887145393906785, -0.6520259483016736, -0.4092281639961884, 0.045207219485250374, 0.031129775039609286, 0.8369510994427437]","[0.7738143760861438, -0.49230654192663165, -0.931646149270799, -0.18283666329242915, 0.9395092519695457, 1.1146017088851399, -0.4316981721625127, -0.4914441883663916, 0.29496436773347584, -0.3992569697796589, 1.1533609396967766, -0.07681452794157158, 0.8083518615967501, 0.4677691907758503, 0.23728000209008418, 0.364683876199268, -0.7466508987192466, 0.6682981422902998, 1.163070727290383, -0.949386700161512, 0.4567329764984855, 0.012404517938780064, -0.07582805047654155, -0.2639217580151034, 0.18499281320895594, -0.4723619703070297, 1.2363239329059215, 0.09384873510583894, -0.4266799727737903, -0.6110882597990833, -0.10043607910422506, 0.16392553541841132, -0.3193844685648035, 0.0911493120047683, 1.0077313822753948, 0.4655050370709548, 0.2381573268930438, -0.19018470163450293, 0.16207622932159726, -0.18613696300705818]"
"[-0.6566515873765103, 1.5744404915538432, 1.0416282217580137, -0.028603024126015196, 1.1140152076425707, -2.316583150634698, -0.45973909111697636, 1.0455719377504333, -1.240868766562358, -0.5462045264241695, -0.24681888488757475, -0.35675389072292213, 0.2490079585732085, -0.8258024520226208, 0.10923903528817205, 1.1299055783295329, -0.8299638505316399, -1.3307925090534345, -0.2019130974639203, 1.035620773397775, -0.019810891275124125, 0.0023923073275531302, -0.49328857848736, 0.2913137061092737, 0.19741455497118193, 0.9691869425443418, -0.6318106111292983, -0.8705331203366282, 0.2380596341000014, -0.15115027071666717, -0.23679888961475215, -0.3835896709659341, 0.356868679819453, -0.036192519311443135, -0.1600116143969196, -0.7646496963521657, 0.5905118827985157, -0.313322351014922, 0.10912736983281614, -0.22592334995788468]","[-0.5252301644930814, 1.1586638435440115, -1.9401879216842728, 0.3845471236263021, 0.004530023415823792, 0.3442766233552051, 0.33579652494491546, 0.3186437296547717, -0.5159360767078213, -0.5463012320690482, -0.6655090419602887, -0.13948949098466526, 0.5098516460873791, 0.4969377443680888, 0.732069336091785, -0.09863240315372969, -0.8843899320234933, -0.34853061621128056, 1.1928062588788488, 1.0800112867534801, -0.09317977264683741, 0.4325148983275333, 0.8646684717969569, -0.7135842990645472, 0.16449464196882735, 0.187071205506855, -0.7225286943122511, -0.33757846983019635, -0.27772150568296705, -0.29183559353271443, 0.012324487718651076, -0.1480139021938081, 0.34343979876558256, -0.6147844403417143, -0.03774737821637953, 0.47003328193674754, 0.33354278018500677, -0.06412848596509352, 0.5381190102878485, -0.09102140751582341]"
"[0.314427906311628, 0.5657261464697726, 0.6948044070872751, -3.2091384326788224, 1.3485690221482685, -0.3891588988803581, -0.8023826467289662, -0.19198406006519744, -1.6148651437305797, -0.2528485411587175, -0.42127002839634325, 0.17691059171692042, 0.4117251752677872, 1.8372083271894966, -0.11130931530360232, 0.8578364425268312, 0.850428719485975, -0.07131878536762198, -1.573607080799543, -0.05924137628139483, 0.49698043852416834, 0.731682638543943, -1.0347787651517322, -0.5582555469393741, 0.29863007217140286, 0.044565490976599016, 0.3138473690159448, 0.05520393098555853, -0.5661934094312625, 0.04374668330765062, -0.3280201688324671, -0.2013485109965596, -0.5426920380817875, -0.8106065156725424, -0.8226609423150636, 0.8966576286372022, 0.053167955378066435, -1.089688469306052, -0.770946472210005, 0.3266670218135155]","[0.21297918517741077, 0.7404156403601644, -0.46318990814880245, -0.0002099924418503838, 1.4408944409072075, -0.6403487911087357, -1.1094881452351675, 0.11695096134094503, 0.41019198293727055, 1.8707656427347459, -0.18165257047693195, 0.4198641319032289, 0.5035604878831254, 0.528826830426628, -0.1706670340800281, -0.010568550649243261, 1.0451897534188386, -0.08491400991126304, -0.6475595837229439, -0.3391001563386051, -1.5406699761378608, 0.26680153265448553, 1.1401015633982179, -0.7456352528230862, -0.8338107485428681, -0.13058507541485542, -0.3686445092669356, -0.27023124058127607, -0.023884392771825063, -0.029441451040578694, 0.18344518349304903, 0.31746380577192695, 1.1001894200635973, -0.11914126762420828, -0.11295212933157926, 0.09978489757871645, -0.20782326004156457, -0.4777467600541683, -0.7334123630320275, -0.37283525556018765]"
"[-2.0407586394051034, 2.8758953545453325, 1.946059325478259, -0.3928211057247885, -0.27680909225681716, -0.6020294239364197, -1.3255993692944439, -0.34210760208480073, -0.4046379118787946, 0.9470188232335356, 0.22543238357594253, 1.9896372490271164, 0.634405931202809, 0.06098869564098725, 0.42223096081758277, 1.0658551299095471, 0.2550688554376212, 0.10136195387461401, 0.32073124876232867, 0.4979788438080168, -0.1078522802246188, -0.5590377129048535, 0.7608058407740915, 0.5442410671659388, -0.3008287693676869, 0.03439387581057544, -0.07697853755217947, 0.3245701708746153, 0.472994032906823, -0.21567142797823027, -0.09100505520662244, 0.34576189813463576, -0.6917321490819068, 0.1646290585204014, -0.08675417971116262, 0.34978226343156615, 0.7833677570723449, -0.02593014865183491, -0.49172727481453604, -0.9206302794007768]","[2.4182100821777484, -0.29681283602769165, -0.27613347069213845, 0.4259137938298897, 0.3138558194900219, 1.2561395595903884, -0.8276812108817, 0.6831482940159662, 0.5147739796253306, 0.939353156558704, 0.35784418162501236, 1.1720915124382987, -0.02711412441281166, 0.05836282093972432, -0.6692047666697001, -0.7374294688118268, 1.3638362519701164, 0.15185732507538496, 0.4664063059788019, 0.24610286699252742, -0.20377488895404716, 0.4719975149981547, 0.9657470457278409, -0.43728652359824394, -0.014979549101464209, -0.09495141687297916, -0.5865307277671837, -0.09535414588146861, -0.049651989265144386, 0.5753807168972994, 0.5667567581959257, -0.25817629215447735, -0.21559175494672717, 0.13584283564140698, -0.037828261610234705, -0.17964891718895173, 0.07522323822097007, 0.15892301697902625, 0.8172494792804667, -0.35405493760597867]"
"[-0.6876260088836686, 4.235382871854869, -1.462688047530277, -1.5505035944991905, -1.6255652860541407, -0.03416165987268785, 0.07698956201384695, -1.2519287175100924, 0.6161119628475333, 1.024582410544822, 0.2752308163198204, 1.2701498782184653, -1.3378561748268452, 0.32309589161293495, 0.9822655465643503, 1.2029497969827565, 0.8017317668855759, 1.2023106743374274, -0.21479830107257636, 1.2616237652555153, 0.3021993484649332, 0.6112639668880844, -0.2839967164111238, -0.12162288448245347, -1.9748279213194775, 0.029939848098121575, 0.04948480782260952, -0.468066336693068, -0.05831598877935182, 0.31395328721649074, -0.6717399203512937, -0.12230393198451003, -0.09186774600969608, -0.20409148380241737, 0.9084796350728807, 0.050659876196906754, 0.17699790657781544, 0.2484335934342754, 0.9383359745903029, 0.40490588730687144]","[2.1110344414456232, -1.0229701370619853, -0.7529944146545003, -0.02991039897933818, 0.10467886932512567, 0.9629512135215322, -0.7958339074102545, -0.31827060605143437, 0.35735064273858796, 0.016062901389274045, -0.470421775511986, 0.5412871070896355, 0.33355208097725125, -1.4330677498335493, 0.5668264035443926, -0.48619349475406615, 0.20552206132997786, 0.5379350387363602, 0.3857090026127572, 0.04264694770361267, -0.6870540296448443, -0.33793453965618137, 0.40346814648761303, -0.27979905892993245, 0.5242929329899136, -0.1895129887524687, -0.575048893493526, 0.5956044281987175, 0.6495368927025552, -0.1274653498949296, 0.1301972615686781, 0.025200078558522333, 0.21588630571749545, -0.7103876170109821, -0.026159603989120726, -0.0855134429441463, -0.3757091329054671, 0.5882727832221423, 1.1082771262197155, 0.805670373796467]"
"[-0.2979196557123401, -0.98347308384993, 0.38171724912966165, 1.362839329224481, 0.17127780652269964, -2.3858582717130505, -0.08134530245633505, 2.9312012736841453, 0.16566066236723093, 0.42821095117380875, -0.7784128787078574, 0.29933459054424194, -1.0685158991743244, 0.06890874965396032, 1.0230226665439848, -1.2930059410940093, 0.5819052288085805, -0.5860443599495151, -0.7297529117172783, 0.49738388361979335, -0.984457088214865, 0.18753588494703521, 1.2443773828189488, -0.7029072590842549, -0.5522336324407507, -0.9670179311703195, 0.7726210910705692, -0.026959582161368456, -0.6440950924401831, 1.4492478078672821, 0.5379011495209827, 0.995975429688326, 0.5231670507147804, 0.03467305207559318, 0.7801672552065272, 0.4561175050264823, -0.7363288048337656, -0.30319872548205384, 0.49808131389267035, -0.40118604999658874]","[-0.7164315083548409, -1.0039534621755015, 0.516440828906633, 0.4125151021649161, -0.4051998782320559, -1.0745724190512396, -0.4812608576793262, 0.8256972892833274, -0.9045423765728753, -1.0726192403191521, -2.0171252149262706, 0.24551795068161544, -0.012952417714453346, 0.19272718638233455, -0.9736848610592893, 0.23833414824159638, -0.1558198051131551, 0.22994347054062775, 0.5952731372271863, -0.5987898849039491, -0.08116607921910052, 0.3767665272472992, -0.47468454458942444, -0.3790258864080594, 0.2102110715033414, 0.6691281903250881, 0.10857903637097588, -0.6234024815471135, 0.41087082123879326, 0.5200369810680564, -0.2772327141802116, -0.027042657602263362, 0.18763733236608093, 0.29255910724729345, 1.1287839282625345, 0.20743629718624645, -0.0671926802755757, -1.0641242970078844, -0.13169163638427167, 0.6317423143362989]"
"[0.27289068371441627, 1.6264180991231885, 0.1091654607956271, -2.0156687567924645, -0.5842941999322269, -1.5060432195220355, -1.4925254703326443, -0.09389712456398201, -1.0407192473071156, -0.19114219585975947, 0.21383165446611638, 1.103902004832056, 0.34496324975903914, 1.6471402510796749, 0.009077528864206845, 1.240659418933107, 1.4399335239910953, -0.21096170887955798, -1.8033394432751189, 0.7304610831849201, -0.5967480702804585, -1.1402693150659673, -0.24383233991009648, -0.7074330442190584, -0.10584357360403104, 0.5266801796108029, -0.36813923413409855, -0.4389811823038757, -0.9357384093705001, 1.1740509464118847, -1.170665201427337, -0.3440360441402026, -0.17687673707293888, -0.2579752842145015, -0.6497588352285365, 0.7873871978856049, 0.20239533107245167, -0.5131999570808126, -0.6521344688653088, 0.5194170901151635]","[2.3571815771983777, 0.9473814047464509, -0.22777370647339434, -0.8187947270891456, 2.0846691083125055, -0.6604499432546695, -1.1334973445732277, 0.4007252957556476, 0.5059874942010708, 1.4432312497367452, -0.6183578416711467, -0.07546271891208478, 1.1418048150129552, 1.10519565271358, 1.18041461935598, 0.7153507212813737, 0.5932981237517354, 0.23145266792173824, 0.36390630990838224, -0.3986301051326448, 0.018770909727462686, 0.0962151737406023, 0.2624167989885397, -0.13592695996288223, -0.24202088370209685, -0.17081512395273105, -0.6982651441813151, 0.22206160768344751, 0.31041243676391117, 0.42895189252219174, 0.1416047006771481, 0.8285713326912479, -0.6597579754918742, 0.7531762145245369, 0.12706720596049734, 0.22832481052575623, -0.10171778293149454, -0.1820159110728775, -0.9787200810060337, -0.420070875321859]"
