image_embedding,description_embedding
"[2.811180601205388, -1.9081196695530431, 1.4180861858075164, 1.9827483107531962, 0.33132880894660277, -0.311292641690464, -0.9522818150389619, 0.453957198059535]","[-1.2199206775820166, -1.5091783495830253, 0.3282787874139937, 1.1463105835273721, 0.7405835979105418, -1.1712734646313765, 0.1178548357969296, 0.09080235351014367]"
"[-2.6148473114088704, 2.595104674386809, 2.0305987285693936, 1.4028049108447807, -1.6547727320709136, -0.045553318721285485, 0.23062855455733883, 0.7404030647386446]","[1.33779773388695, 0.6000185504247694, 0.46358118868444625, 0.20146354939379352, -0.709553746246512, 0.29718341233236695, -0.4749121271074444, 0.11435866026490792]"
"[0.23326831926499694, -4.069602111377639, 0.4654553020249773, -1.6152898835534824, -0.0015547090920640667, 0.14983977174877244, 0.6304863489612038, 1.0996059234771858]","[-2.131952004843085, 0.7478010674436394, 1.7500336265770855, -0.7688497721497889, -0.5387870975408648, 0.5207468585815443, 1.1713054595238026, 0.6413828749446503]"
"[3.2046158128443443, 0.021756286950736982, 1.3984003147700197, 2.1563870395449216, -0.8442472426843977, -0.5714487402737308, -1.011170964616914, -1.0458122524252014]","[-2.6351940010113424, -0.7563946871588504, 0.15961574383616198, 1.4891084556564094, -0.45564222630556644, 1.0188419705747254, 0.32796523678310163, 0.33165227180148427]"
"[-0.29171518544134617, 0.8035471984827448, 1.897645800059297, -0.6900084133755195, -1.1382663367142385, 0.6777227165167925, -1.5348641007261052, -0.43538817231500343]","[-0.3560001604659347, 0.8376473232356185, -0.9224462353268504, 0.564954729867085, 0.9402169908692957, -0.16924934177403053, -1.1472327163807396, 0.5638237484394509]"
"[-0.3661515779419012, -0.25350597123940644, -0.6418215704196637, 0.8914065190825198, 2.614618110713742, -0.6700300987544328, -0.043222467876615954, 1.0259155645279725]","[-0.35611376147797347, 1.0031600833587353, -1.2707829204393768, -1.2319945771163032, -0.5439842353215154, -0.6104376588094791, 1.681314046575613, 0.2290746017385245]"
"[-1.692074778659277, -2.104786570484052, 1.6921870852128356, 1.5694769036237206, -2.733951478685906, 1.461863101459752, 0.44723265543684454, 0.047744311874818285]","[-1.2600429841414018, 0.6730368800925047, 1.531495992821444, 0.6330911608436415, 0.9862830907568818, -0.7563582520522611, -0.5612900045159338, -0.4614301955168348]"
"[-0.7469330933366293, -2.5156007855052125, 0.5489988136731891, -0.35305934648562237, -1.8691228880585817, 3.038205669838298, -0.8425780492632668, 0.6006807221640518]","[0.4791352576997661, -0.7807694206405863, 1.0075879660380316, 0.18441972845752141, 0.17716104934695304, -0.8994534341533434, -1.518045653376785, 1.3450722813820595]"
"[-1.1897229281821553, -2.685254257666271, -1.0712010144848283, 0.5723294481877742, 0.19522605239263838, 1.8166755305783542, -0.6866468907663117, -0.2612152436143267]","[1.0889692260630934, -0.7524501105015616, 0.05057130107890466, -2.113578173987482, 0.2052329601497064, -1.3430908657622553, -0.04717969958724508, 0.7421020975158715]"
"[-2.571590811168085, 0.17356102287420824, 0.10111725913948424, -0.1330873842001467, 1.1983090563232341, -0.30365403037727073, -1.0021854306502407, -2.0012142365878773]","[1.6437833447597368, 0.7767574739518376, 0.3085111927750434, 1.620604750864915, 0.4980654532972159, 0.432757381462171, -0.03947780511790778, -1.586861163533433]"
"[-1.3084790996790359, -0.8847161297367426, -0.8595493511823555, -0.2862620509162427, -0.8779877802193693, -0.5096083055868958, 0.49242661357658646, -0.03931679935501466]","[-0.6962891169113475, 0.7384855878673977, 0.37036667847585114, -0.4270322460265254, -0.3480994636183359, -0.47212113481992235, -0.7427901543950552, 0.4150918294209261]"
"[-1.5489781377371343, 2.2538381919645145, -1.64485723363314, 2.148302010201151, -0.8730797435066908, -1.2576632041218971, 0.13279852478809093, 0.8779118447566151]","[4.277869340515825, -0.8802608351216729, 0.24865031699718776, 0.43791565307401786, -1.032730373983182, 0.13454846872756257, -0.3882480949414035, 0.32159774955825116]"
"[0.10894799208541071, 0.765963028738883, -1.5093704879707255, -0.9818353160723111, 0.5155002388931332, 1.7841046825046591, 0.4065666751379259, 0.28989064160929073]","[-0.44366084029435676, -0.09265265658622447, -1.4967727610694304, -0.3474669033109486, -0.35860458629098363, -0.7384361402805659, 0.2744928562268862, -0.8059446585735531]"
"[-0.14552211926123523, 1.3617660121754909, 0.5692674393847, -1.2317224640968445, 0.8360262742992993, 0.009927612962959359, -1.3122103712030782, -0.8629758486404507]","[1.1642467445100886, -0.5776983027379475, 0.14959202670539837, -1.254894217797124, 1.9962871088378267, -0.248351693936479, 0.5693753343462041, 0.20836803836333112]"
"[-1.3616411952864012, -0.9545851472533963, 0.8973887999559609, 1.9849896221132672, 1.6994523104937629, 1.1170597190660692, 0.6491552350288312, -0.12837722285843664]","[-0.40608666517484304, -1.2513738763385753, -0.832690664708292, 0.20481039953849306, 0.7649069708494528, -1.841147722227969, 0.4811323218861773, 0.14645298939371346]"
"[-0.03027711171157143, -2.567221031706042, -1.1538865338892361, -1.01746217096941, -0.7447579066816477, -0.21653843984592072, -0.33840609381694275, 0.702396129287381]","[-1.126763901834599, -0.3923596787860379, 0.9020198593057184, -1.0957709085040328, -0.5570443726612199, -0.45985286788926505, -0.33899073269868074, 1.7278118972596797]"
"[1.2183209649768103, -1.987038798887426, -1.4002151098470939, -1.7848895144345234, 0.12031260801015714, -1.1806509524183448, -1.4470956124030234, 0.5907357227173864]","[-1.0530263845058445, -1.1132750520229668, 0.4260402764820346, -1.332680045457237, 0.1370519504745948, -0.903124924773385, 0.7688152927096629, 0.029703738771342705]"
"[3.5278707688627846, -0.38870152386611995, -0.2491334855339926, 2.5982332217947905, -0.3110624054998908, -1.8948659287964884, 0.4462610328034304, -1.6164065117933448]","[-2.4677866215850095, -1.0522216157773518, 0.2259847733486506, 0.2638203793175675, 0.15739148322455107, 1.2732778331029713, 1.5708131266032361, 0.6899143526480427]"
"[-2.2298612696063946, 1.6103828158669748, -0.8404179885812223, 0.7464869456221885, 0.02588060762110003, -1.876614584745694, -1.090371952398381, -0.4866027531259544]","[0.9815243133662149, 1.0143254889302715, 0.5377977381479987, 0.15451427888445804, 0.7314975941085253, 1.080156209922997, -0.2352360168604245, -0.10761167446883091]"
"[2.0000397163125636, -1.227938568422264, -0.8401217080926139, 0.01642972164852596, -1.0337013899374132, 1.8924028132026036, 0.6304427677758898, -1.1197891431521412]","[0.22420049343602738, -2.2093921365998193, 0.33665989630913784, 0.5548187128039163, 1.1448847969142324, -0.8089692884703445, -1.1346382869242124, -0.25842115404317223]"
"[-2.2044601477149635, -1.2125749841432993, 0.19578369896268583, 1.096147929014839, -1.7230086517350862, 2.146826895290829, 1.0412676108635492, 0.2800486195734182]","[0.7791823935202169, -0.44983604841475167, 1.3524681043033977, 0.765525838357125, -0.6584042708387555, -1.1104921589762238, -0.9491227089144493, -0.4122741036161075]"
"[0.1721434441006726, -0.23259822949811365, -1.1925843847464466, -0.8899358088597922, -0.18087439304334502, 0.5765248137258713, -1.9201964285431066, 1.8152979044244049]","[1.2524837678730696, -1.4931127416172387, 1.2278437819455725, -0.2645524896433814, -0.3828865021964456, -0.5745858797314342, -0.9488253773501045, -0.017327359761697997]"
"[0.586521748501377, -1.7758302950498215, -0.6192567522207023, -2.2735774120755545, 0.12456891070745837, -1.6328865993037258, -1.6602896527670898, 1.0853449565343676]","[-0.26095043217677344, -1.2025955859969633, 1.2376880918757653, 1.0466581142412659, -0.867617215990952, -0.7614026367312583, 0.8978800770420354, 0.8163153545597227]"
"[2.093309359991971, -1.9899305598842947, 0.33123276254689127, 2.9174904662658436, -0.8748395237988184, -1.8715087759341522, -0.44186970887323584, -1.474337956652472]","[0.2764299770524734, -1.7693886355043746, 1.852664197149061, 0.9865785508173973, 0.2616698931481633, 1.1400476704623865, 0.8367283031972216, 0.3507734347587586]"
"[-0.31237813941503373, -2.519126076591072, 0.7293724080866592, -2.2044544232325345, -0.0879911288831333, -0.9585534353572556, 0.2408210383928223, -0.16426845844272936]","[0.048428193994973494, 0.1610196842719662, 0.9435105806545185, 1.2329694111165348, -0.14422986587179612, -0.8369462201624603, -0.5656617426962343, 0.3105480578376616]"
"[-0.5381410638008125, -1.1460987193492238, 1.6039294700660693, -1.932977522881547, -0.5290516345867877, -0.7018788989949437, 1.3501516769035713, -0.029607689420733066]","[0.7631381241132853, -0.6191692273606814, 2.2387623545622755, -0.25277083754706137, -0.6334175306978446, 0.06675965288261328, -0.5629594212030985, -0.1618640966677382]"
"[-1.7762801400210892, 0.2144524972231121, 0.8407338238295562, -1.1513571324008507, -0.9629558168284339, -0.740151040060101, -3.0815094046661864, -1.8539598341197572]","[0.25960375009419856, 1.0544295568192363, 0.3001723913695851, 0.9012875909107596, 1.3397006139150391, 1.0170888534446336, 1.5202486615777417, 1.7594578823452838]"
"[2.0521479612630094, 1.8498665936146728, 0.09972591623104603, -0.08305689672727078, 0.12993591081916683, 2.0574347497892345, -1.0658070593553874, 1.774748186461917]","[0.9402340123178654, -1.1159640297692717, -0.5284627358497018, -0.7926063252586831, -0.4224012144467905, -0.031002374385156566, -0.6421829045897425, -0.2734170223887087]"
"[-0.6927392399134281, 0.27871756726929975, 3.3245609390132405, -0.4785513165095992, -1.8390817024310515, 1.9805633350723153, -0.46218835433801125, 0.3862892062757313]","[-0.3335262025009356, 1.2074815830133272, -0.39098329875105337, 2.1435059174648803, 0.7940327475257498, -0.8839418353894234, -0.3744006851608281, 0.6451835135853077]"
"[0.7068707249443258, -2.337380508662943, -0.703216420375262, -1.595450016610052, -0.4608853943682735, 0.5409150088089938, 0.22617152604014024, 1.5508266889100535]","[-0.8337028197268628, -1.295818407169288, 0.046429283090116284, -0.2112286701717112, 0.18523498239598815, 0.0843573598295777, 0.9420181066874881, -0.32236223547668924]"
"[1.8370833822708652, -0.729718919752526, 1.2259706096519754, 2.04270044709595, -2.06325967636562, -1.6407167158817124, 1.0058603862377644, -2.1106586461099153]","[-0.9622098802963499, -0.2287515842469719, 0.24029030942986274, 1.0947935743545005, 0.5231253563474759, -0.006274843932968763, -0.5679283295803944, 0.5474174839329666]"
"[0.5943293253075281, -0.23094651678602265, 1.3103959744701945, -1.8156361101042902, 0.8556907476455733, 0.08482760043801055, 0.880183076855835, 2.0514758932941204]","[0.41538741213599667, 0.5214610393961697, 0.39135460270283895, -0.7855106751620496, 0.19106414168399657, -1.2053402479393165, -1.4487965449368951, -0.7301225079388738]"
"[-1.13958036246025, 0.9749947706508449, -0.5538409580983809, 0.73016234699743, 0.47922649321331634, 0.9144930332404938, -1.0871538094089275, -0.7133673507353808]","[-0.2628031541368494, 0.41040348585728, -0.9935943358114512, 0.30843073432177587, 0.6704417062737478, -0.3512149703131434, 0.606508957518102, 0.271213446193755]"
"[-0.6176755811994963, -0.6952943647023189, 0.08110663249103565, -0.6549918019993434, 2.277855196409943, 1.052323816544287, 2.7847738720081674, 0.046295216263403736]","[-0.17766863163876456, 0.9558938968779603, 0.08996564680358773, -1.0902988792551338, -0.07868416177099907, 0.05085159344518017, 0.6375382995080735, -1.8146767039801583]"
"[1.4924007346393506, -0.1998881993655989, -1.4348310347083577, 0.1934383273856247, -1.5676311952356852, 1.4619334397589474, -0.4375856440003003, -0.019318242888387273]","[0.32024738455835705, -1.4973403470866278, -0.18593362983405953, -1.0650176928454262, -0.9804948507080268, -0.3704757543840315, -1.1914391997730633, 0.5388636014279617]"
"[1.530375044608942, -2.539474651699821, -0.44863037123471144, 2.6797049466681657, -1.5033918450816135, -0.7206284149173201, 1.2029939082488823, -1.1780457962494486]","[-0.009919399868228367, -1.8644587008220097, 0.12672828977026976, 0.13397690626756836, -0.15806433851720514, 1.1065009537251171, 0.16848345097679215, -0.35891525228870574]"
"[2.5850511319469685, 2.4739956171545705, 0.3740830579519994, 1.3451817872514675, 0.9769211535640494, -0.007725298996026415, -0.20338665713966456, -0.6669910124846389]","[0.9257234004793599, -1.6521926293903721, -0.8864856687294727, -0.1917368389909949, -0.04740177113335646, 0.2666252429297539, 0.3724686735736219, -0.08064811853521289]"
"[-0.38846472236733254, -1.312498531790486, -0.4486550015499053, 0.2471003687763639, 2.16568557158101, 1.1445826627824904, 0.6735425551071192, -1.0933840536395507]","[1.7453383100448372, -1.3860100466233982, -0.48364783913090165, -0.7463986883837832, 1.1830615869757979, -1.426903814014529, 0.6108482350289063, -1.468751492441735]"
"[-1.1430079320829867, -0.7162432976429127, -1.790355262922752, -2.091111777276556, -0.36638451318563786, -0.7700676099777394, 0.5901287590177128, -1.9642736841751813]","[1.6321144890327417, 0.5546845606041905, -0.09111289594311643, -1.1546492459730744, 2.0312594824008805, 0.06383879906583338, -0.861983424694208, -0.07363843023432717]"
"[1.7860100087302386, -1.0693764527277703, 1.7875510247339497, -0.4091503260228683, 1.3788249426286083, 0.9847662011689403, 0.7081194131348828, -0.7370263024752676]","[-1.2634089610305608, -0.5778192255693774, 1.4112050592957894, 0.13948476182216712, 0.46261430659115127, -0.9050340525907054, 0.39584738212920906, -0.7011416674986857]"
"[0.8606870147670658, -1.1830792778306358, -0.32080393320932393, -1.2359879987989826, 0.27515773598069937, 0.522609818058028, -1.4375801624999216, 0.8450343879538013]","[0.20748770785171866, -0.9101394313851773, -0.23318797127967705, -1.0892899466815003, -0.031333263151995396, -0.9924034640612069, -0.6971249416660307, 0.4555194031452547]"
"[-1.1890182180255715, -0.26365399956885005, 0.6978611333512063, 1.3723170727813843, -0.8589256924708087, -2.0942212354084213, 0.7134977126795936, 1.8396082457277987]","[-1.7173492494594664, 1.0642334999093375, -0.10111217386378692, 0.3061036367121529, -0.4767897194225912, 0.11493171065168002, 0.611104312930387, 0.5750500578600315]"
"[-0.4799006506287193, 0.8426027207508399, 0.5084317955978193, 1.2307520181894076, 1.264431016947697, 0.18087005675211468, -1.3331164622611862, 0.057713655484198455]","[-1.5015191728415744, 0.5787298371293769, 0.5912456299531009, -0.39136108003661507, -0.27871775457850095, -1.0654469179538606, 0.23246120650688445, -0.41221017160102275]"
"[-2.909379062029635, 0.35256352968864096, -0.964581211713536, 0.7057389383866384, 1.5246623181477017, -0.1269619658343066, -1.3226252931238505, 0.2841640206416553]","[0.6288807447203054, 1.0397627497892228, -0.16282751907522247, -0.06425290699767557, -0.9074506587442175, 0.7342310253481843, 0.7030138031100475, -0.13007887992934308]"
"[0.4175169480024584, -2.7306738465618556, 0.6532166255154817, -1.5697957890819276, 0.13723221001975136, -0.5565770356315073, -0.9831079326304685, 0.07832716405410799]","[0.06391317602105233, -0.48555025768775467, 1.459133830175341, -0.43348318669202385, 0.10613212541649596, -1.6631083153175896, -0.7218207669920385, 0.3632548760094237]"
"[-1.8782544187249741, -0.16108995667969733, 1.5177692011165702, 0.7274151941066339, 2.4754000473157074, 0.3870250966949095, 1.574439308114197, 1.0669426411461487]","[2.4647680960240708, 1.3894953426297871, 0.08213091871494768, -0.22212166510957135, 0.2439879796681763, -0.022491008538656584, 0.9060521330450164, -0.5804627233402861]"
"[-2.155556518886813, 0.021703080867263316, 1.5645577474343055, -0.3798117370268685, 1.9112269207131292, -0.04436377904905794, -1.2728329508253957, -1.596430967599413]","[-0.23289501396558354, 1.9827032537328242, 0.7123079011451582, 0.291514425270853, 0.06869451975957291, 0.6671586166383157, 0.025664062976480436, -1.8485479056978922]"
"[-0.3953861287326313, -0.6877952431222459, -0.26662845698611864, -1.8119865666798356, 1.368494830445839, 0.2578119786568332, 0.6952490186024107, -0.4146904468485046]","[1.8696677604197003, -1.7371807258599283, 0.5699068572231302, -1.7372994344648336, 1.077256599239711, -0.8543399007518087, -0.5923775604339406, -0.34584115550886846]"
"[4.614655459497932, -0.6713442323224286, 0.9917548470058506, 1.593386566367642, -0.0077554231742989746, -1.2285934495147495, 0.4893708743450153, -0.7459987780609291]","[-0.8791171050259409, -2.202374821661441, 0.5762565829273509, 0.6852563597286184, 1.1421388710582994, 1.7724535956063854, -0.08203752345235434, -0.4094715012374943]"
"[-0.3612470793568437, -0.45733059794180236, -1.241378704532783, 0.4333007106580491, -1.4751302265381692, -2.3610773482014147, -1.924466762780824, 0.9981636171305326]","[1.3935732518958694, -1.6915612587284956, 1.1508031657320499, 0.019094385133528256, 0.6333051718942259, -0.8910483888308076, -0.10097678989001886, 0.5579515099324616]"
"[0.2423515706576301, -1.4954508487530023, -0.1022445124433995, -0.20834149856899775, 0.5134781058927305, 1.723841046942481, 0.40878570489161237, -0.5371030949048526]","[-0.28004576529409425, -0.796585906578908, 0.5180511877626195, -0.2459120361817185, 0.2385572128049908, -2.1217938728149024, 1.0846853895614614, -1.0267746925638244]"
"[-0.10379829345444856, 0.7670948180047975, -2.842891062137576, 0.4223305212562617, -0.9240110537719374, -1.621156981023351, 0.5627525794788847, 0.33821710577377717]","[-1.103320216698336, -1.0307196311495648, -0.4740980354601592, 0.1604434473358047, -0.46849350913572557, 0.5629984948413671, -0.3559854855046524, -0.5558620643320169]"
"[-0.12833722239369674, -0.45365851601582036, -1.485971926839756, 0.9980119215089921, 1.3966238260221553, 1.7046286789773435, 0.8837791197117237, 0.18772006883110406]","[-0.7381815222224422, -0.8617938694771426, -0.6928537898778672, -0.1374646576049249, -0.9724279932246189, -1.3667744574642755, 0.7557530991721393, -0.1011239634614624]"
"[-0.06335134047195161, -1.6940780915604312, -1.3433151891291295, -1.077114348544651, 0.7560046070891366, 1.0528099111846891, -0.8528059735603737, -1.1035438631105323]","[-0.07613416890343153, -0.17473687216327496, 0.7251481391793624, -0.273543617061866, -1.1374215198975381, -0.010214221466092816, -0.3943610027702621, -0.6655548601498772]"
"[0.8354067570786794, -1.6169935990972002, -0.5022675195008831, -0.21396459446205732, 0.6504570030872556, -1.0081951452761917, 0.1744144694699621, 2.911859275815764]","[0.8309464131222081, -1.3230366881004236, 0.10950562976703312, -1.0549000855163768, -0.44242699798798146, 0.25087926245252, -1.7082256806852378, 0.7042568203640961]"
"[-0.9265397265799641, 1.0108865573861479, -0.36813927594118906, 0.630499478067748, 1.8018423683211975, 0.8616911383934628, -1.3456009915446232, 0.3896818240934492]","[-1.2648370243812108, -0.4423907809517754, -0.1292021819954659, -0.8910523176869285, -0.9379489098187537, -1.5827377976852066, 0.1566147434070674, -0.4759305785278485]"
"[1.1378974796247774, 1.9851412942511422, -0.7854762155292405, 1.2197538457172379, 0.7670761907286304, 1.5259790933054833, -1.1540057771503773, 1.5568967850131352]","[0.7966210325449198, -1.6332229960555766, -1.058724838839868, -1.2140664977387792, -0.5063843658166439, -0.2688331261972398, -1.2367881668782534, -0.22903053551706842]"
"[-3.1948086764931247, -1.502032850757157, 0.0968596417058343, 0.5233266374367133, 0.24751721577144825, -0.7705263020811103, 1.4835808304451696, -1.108073289742583]","[0.42625103944401865, 1.02816556282861, 1.217086447402466, 0.3056255772152492, 0.08499736942719589, 0.9678011232692574, 0.8581010829749616, -1.0728338862715212]"
"[-2.4427679210492554, -0.1601920659735772, 0.09095377960399348, 0.5235334447869584, -0.34993303397759223, -0.7809475225015523, 1.9670450116017055, -0.03517473100595046]","[0.18386235299498457, 1.012160514579721, -0.08326527211284779, -1.0489829754593352, -0.8291907619189172, -0.6899695240135723, -0.22680588245730446, -1.1504627780238499]"
"[0.9856456987819033, 2.3429035164889385, -0.7754827972029844, 1.0115716433308672, -0.07336373936167617, 0.8265007928885895, 0.8729894801132414, -0.9328748788434594]","[0.17845862133543017, -0.7341341198846167, -0.9875400897788641, -0.3206326084717633, 0.7656259466522617, -0.3679794348348364, -0.47653272383448175, -0.9394873326232064]"
"[-0.3066390502283377, -0.8027514685583454, -1.0013703880033, -0.8755839583770293, 2.95514787851344, -0.13870674205089353, 0.5577280829720178, -0.12139842906856058]","[0.590807736347902, 1.2207406151389242, 0.5128167864353465, -0.2863221787204746, 0.9412884509413227, 0.9862889850114894, 0.6073179978074739, -2.231155166853396]"
"[0.41696806495790883, 1.3030285884415491, 0.48728536447877085, 1.4403150727828578, -1.1021579812317155, 0.3547698500266049, -1.9960292287794088, -1.44662615175258]","[0.21772907178495401, -0.8088046966568346, -0.6476495769517271, -0.24873623710144388, 1.6104379735318712, 0.6978917174107253, -0.542203090897511, -1.1388424669414814]"
"[-2.081365296012743, -0.8577435250387775, 0.6417068234829711, 1.9618360427363768, -0.9007204739397591, -2.0091249121688985, 1.5477590706229467, 2.0589708747675477]","[-1.3914232130443098, -0.0037747059984289326, 0.9744387604702576, 0.6181580907132983, -1.3197532178918616, 0.5619171043278387, 0.4435428002211481, 0.2025480276755817]"
"[-1.768281604198132, 1.2231217064313806, 1.546823047731443, 0.01682969969689799, -0.2862025033503638, 0.7081258953825709, -1.4178903744032305, -1.0850286464379861]","[-0.4268286393166106, 0.7418347121029981, -0.5712755311822083, 2.145060715971698, 0.6777148478898855, -1.108812663754754, -1.0476204140897507, 0.9012765055567249]"
"[-2.3338494127579894, 2.809484591021716, 2.150559998687068, 0.15625007961833948, -0.25003123964153123, 1.3961222386263232, 0.0601416514423039, -1.3517669098548495]","[1.793985156666732, 1.3024642817930803, 1.3094279309029753, 0.3608670223419986, 0.27393269672577863, -0.48361941327388447, -0.843868027838952, 0.2364312230756585]"
"[-1.3958001101697668, -1.4532522184475138, 1.1557062728192227, 1.7938693241381365, 3.398911738414723, 0.06039649683142494, 0.7102860285326102, 0.16845147874445976]","[-0.7912532503169067, 1.2206105485574885, -0.31430613523061585, 0.18444860550966424, -0.09006543258410565, -0.35158395222612704, -0.4349298234956321, -1.8333244173186758]"
"[1.364960040423824, 1.3040043675348911, 0.7212976390338018, 1.23565163766084, -1.5215717723673587, 0.11996903366722846, -1.7647239364143052, -0.6337254302230779]","[0.7345276725791157, -1.1034133577972096, -0.37267880149958327, -0.06470818858244232, 1.8192980937434169, 0.4783021061215439, -0.24646739267576795, -0.24939141790913436]"
"[0.8742875669439748, 1.4096755628436217, -1.6483908274647328, 2.1736838355620707, -0.8640342190791699, 1.6540642694818406, 1.452224553374083, -0.24720359187750987]","[-0.20458634231489872, -1.6619546244090055, 0.28495681248490035, 0.3419037988192428, -1.6225511155117134, -0.922732650546361, -0.4136652528995954, -0.5901857178393969]"
"[-0.8011835913664674, -1.2948012287140227, -0.5494144453469452, 0.16417783158393412, 1.2338558870845093, 0.5948833881537262, -0.015042588263217034, -0.6860193500256808]","[-1.3552764985415, -1.1699569361953353, 0.9052261604278768, 0.08250078100189301, -0.03223622531106142, -0.4697062274326426, 0.5989906131484697, -0.881736377403607]"
"[0.12202149197159426, -1.8948606413384783, -0.5542569422080128, -1.2048708450144245, -0.08636104493273675, -2.515571425818438, 0.2688722610739941, -0.2325952412328506]","[-0.17333702377100996, -0.3620806620626383, 0.6676335785161845, -0.5116417104839062, -0.5601449949539913, -0.3374569491334714, 1.4896759171590181, -1.312173419900259]"
"[-1.2734814261377343, -2.518470627394979, 0.11435240059655481, -1.0006815371767273, 0.5574495496287378, -2.227823041146976, 1.7246257875224986, -0.3588110064520816]","[-0.8196041951131411, 0.8923283573067545, 2.7740914304685016, 0.07924756474441597, -1.2819146512340682, -1.2795738636698013, 0.07444337562719358, -0.44514197362406416]"
"[1.6303443464963652, 2.60285785560089, 2.5564677072703894, 0.34045453741030013, -0.2697109753442377, 1.1707587747511865, 0.3904723977850631, -0.541817996873115]","[1.7511286287799568, -0.08453308865259976, -0.6963259659823876, 1.8395923350141177, 1.5386034632238574, -0.7449486294183681, -0.08476106646057469, 0.8008414061341852]"
"[1.7732633623658156, 1.3109574814444118, -0.9117668330915492, 0.8327691454547123, -0.4695814206735539, 0.76029758025558, -0.31906317275940993, -0.45303150219242944]","[-1.0332587775866384, -1.058581578539787, 0.6969580905475624, -0.32721745730276286, -0.08621456700570458, 1.2246003300530062, 0.8296594506784672, -0.2659697787720451]"
"[-0.8770187574606148, -2.537522579569337, 0.16529900931626648, -0.1589911705683081, -0.04041900832668856, -0.47181208236117694, 0.8216116005901001, -1.1319365836117645]","[-0.6218026579320607, 0.30776788890185514, 1.0060169036329674, -0.9091166420723683, -1.018760058527848, -0.7231254683816282, 1.5765240476332996, 1.2693595982053634]"
"[1.37638863948873, 1.8547682080923673, -1.6717218400234037, 2.149812875427919, -0.7866530174835747, 1.374122529350165, 0.019929780101708545, -1.1737622331443613]","[1.1506445866547146, -0.8933101862748394, -0.9059473879182104, -0.1395287102156783, -0.04033048906533607, 0.7579888702746169, 0.7229105278560748, -0.9204148454307903]"
"[1.9996386891652969, 2.105916362046819, 0.7871313490729366, 0.4543160208289923, -0.5358666786747003, 1.4889532592792567, 0.31998391970932794, 1.3913029336477887]","[-0.06198747935277322, -0.8018601799155477, -1.1095806578500422, -0.9983798138883112, -0.4774444404299286, -0.10594699680694676, -1.4198774274805497, 0.1772431369235928]"
"[-0.279895897445754, -1.1844431626222365, 0.9282016059854858, 0.3080336881963561, 2.1030424130136156, 1.5833622395972529, -0.15623997834147987, 0.2410962859010993]","[0.06559073726057386, -0.5775835865650746, 0.5190777474561711, 0.5207056183190916, 1.1429049031873888, -0.7830084939472953, 0.09146398915253917, -0.37928142246963537]"
"[-2.1298570032141675, -1.2490929198561225, -1.3640754728030786, -0.38937565654581063, 0.9805543712034979, -0.7948546303545597, -0.34527475636982413, -1.3964545603837653]","[-0.2246447190272646, 1.8761063935980322, 0.6273609117512773, 0.4580731237104723, -0.06588796809848345, 0.9549930048629581, 1.6795927056183566, -0.9107588231952728]"
"[-0.7904219934652134, 1.249183919495172, 2.1977094479848636, -2.0144189729754474, 0.07944339046401885, -0.6418536576720855, -0.10553589266909931, -1.325560581739898]","[0.1055061221757095, 0.9307881765218754, 0.15268291429669698, 1.4377275882574445, 1.9092577755415927, 0.07571835089874719, -1.195343148456655, 0.3549263968135794]"
"[-0.9696357932025841, -1.6070000536350981, -1.9170533957497844, -1.0462267338164286, -0.5277999525798598, -0.27392621225222963, -0.1330115972146991, -0.47563552477904136]","[-1.4523853736697327, 1.4793812314496337, -0.7286213429877726, -0.09740750805400197, 0.1140929079713764, -0.0764570311887801, 1.4855340227984355, 1.6838705775167653]"
"[2.422704568350986, -2.343524025612646, 0.17934481878179895, 1.7705368949458493, -1.8959683067996072, -1.839345279960992, 1.2512380073436162, -1.5087821544342435]","[-1.1047666068970536, -1.9124351786033897, 0.372163505274725, 0.5786192922766362, 0.8496119751307548, 0.8432347109684108, 0.59407906842717, -0.03515379882453661]"
"[0.2696553199140268, 0.08562063992705787, 1.775995975446191, -0.3834846796175108, -1.7587032491334498, 0.03445971826155646, 0.10036368472380568, -0.9780009996900564]","[-1.180902208406009, 0.40952147433848873, -0.1704203400958197, 0.6599028888815226, 1.786904106696886, -1.162996294776373, -0.6230282648253878, 1.3696936394368826]"
"[0.3047742685013836, 1.5490765288680448, -0.1309024547255681, -0.5156145647938454, 0.29924724963251415, 1.623578756237204, 0.230997311758724, -0.541009485081305]","[0.7961273494208875, -0.03533896191139316, 0.5770482720544298, 0.5415455045584602, 0.5850537517086736, -0.20935189326776676, -0.35511858276771346, -1.2552921885775232]"
"[3.5805102088457423, -0.8324946806898791, 1.6147917575870783, 1.9135748076631651, 0.06508442171675201, -0.6654536017010155, -0.05274075420656926, -0.9087706564193141]","[-2.9687282112436106, -1.4376166119257263, 0.03576083645033777, 0.2850779592519864, 0.5514531732585993, 1.14730798211031, -0.18493134405466816, 0.09778671535820169]"
"[-2.6854327031872374, -2.319338716502709, -1.1462623904101004, 1.225202364857749, 1.2988036346218292, 0.5261361647633896, 0.09797204924821225, -1.071531650486592]","[-0.7348031116506338, -0.1701891071000558, 1.711842222433961, 0.387824255597815, -0.8788552884361779, 0.21438464167690519, 1.112541133664166, -0.7219131650165725]"
"[-0.7507358423765221, 0.19503777227799682, -0.2655000875446928, -0.9300388093240697, 1.2168484187204776, 0.3011704978674704, 0.6885719249292368, -0.3765141247268557]","[-0.6731386370021036, 2.6777884993133116, 0.7280803151735292, -0.15232618459073283, 0.7969328448539112, 0.6424396264299658, 0.06895891515133688, -1.3285234391226326]"
"[2.634159648672039, -2.103276033349319, 1.1266624063828263, 1.005803618739626, 0.08784419026829261, 0.7635844800824515, -1.0196122697951424, 0.4037893397700012]","[-1.5732236689216572, -1.7163056747518672, 0.8920377294986909, -0.12296254662756134, 0.7108206073430152, 0.27359732296101297, -0.5234806280949236, 0.022803241668045423]"
"[0.46311388413656934, 1.1079214246109472, 1.733215816532177, -2.7782735931395197, 2.1022329239360977, -0.517250719150332, 0.5051861570780942, -1.089306053955691]","[-0.07637825305463915, 2.2145745192341573, 0.18602987411741342, -1.84364641674666, 0.14911483812730847, 0.20956836016274316, -0.381275764168098, 0.07817469245694336]"
"[-0.0013418302652698495, -2.4052861359934776, 1.6979469522531312, 0.3831294148265104, -1.1203693691684729, -0.40937000640564586, 0.6587508968279507, 1.8298357110938686]","[-2.3609149590618657, -0.08147535151002774, 0.9154722514853533, 0.19417370920955407, -0.9198594509845802, 0.19626918914153366, 1.356135939870582, 1.0209050784039684]"
"[1.2016699338254448, 1.6955607817916474, -1.7500317297558061, -0.9906644219095865, -0.07128149601030015, 0.5134537035198122, -0.32781759041312486, -0.43949496453518916]","[-1.3408837242233937, -0.6251203375631391, -1.1167074871090397, -1.5274683084229768, -0.21248990156453454, 0.4202602814546795, -0.20751696296920993, 0.6480739905830881]"
"[-2.1766818774832317, -0.19937462209346757, 2.3419912981123514, 0.9807766382699308, -0.1286878086824342, -1.031726367096603, 0.3202242929120591, 0.9452920243891716]","[-1.2357297830823437, 0.8165854211543306, -1.2399237287626794, 2.1148033100625496, -0.2554548304216283, -0.4708622049444381, 0.06380915964517389, -0.5490782614379314]"
"[4.846047938450191, -1.2870467144516577, 0.7458364742810966, 2.156979728481336, -0.05987750577756172, -1.419469250404778, 0.21108829151757547, -0.9592666074659325]","[-1.7358913459401077, -1.5959659011293148, 0.6491843977433671, 1.013993150826626, 1.14726842807329, 1.5561392742647158, 0.3215297954464156, -0.05243896732224342]"
"[2.931704781615135, -1.6532386056059836, -0.33232276223611473, 2.346810688528914, -0.6952406376733351, -2.135833358402431, -0.28897191347924317, -1.9465148616050276]","[-1.8384569357972742, -2.01481295906258, -0.4004084992706501, 1.213745545256725, 0.5289616290202156, 0.9783301888616951, -0.03674829286806073, -0.19656383989723905]"
"[0.8387524199796792, -1.6281241629559424, -0.2457492924964668, 0.8641372404714834, -0.07475114118176511, -0.3175691866381852, -0.5974652698139343, 1.4294213226035464]","[0.9086556309752177, -0.8262591128504592, 0.7055126765315728, 0.04639601994638315, -0.7516480554109715, -0.6924775358131819, -1.51145641166466, 0.732063246410735]"
"[0.8157705950743253, -0.8588057878109322, 0.8624579955111173, 0.5232483817252228, 1.07545749052597, 0.24764186593839482, -2.0537833346580845, 0.06663383871634553]","[-1.437261324457377, -0.8327859890329359, -1.1121847491888608, -1.1894006899712286, 0.6141952296000094, -1.5394140823926235, 1.598392133065626, 0.884628164945657]"
"[-0.8903218646263736, -1.1375190918249667, 2.7858353236226385, 1.3886256813513422, -1.8306682175273394, 2.431636476609228, 0.19867009946392536, 1.214293002923592]","[-1.7417334879042305, 0.5427926364974153, -0.02575569203158059, 0.9678180496129782, -0.03373373627035881, -0.23049446891700887, 0.3093268692411344, 0.8693528498757284]"
"[-2.7893554108258325, 0.8326554235646423, 2.3063246363508716, 0.19268904689025104, 0.9230615776421859, -1.7559541506719534, -0.5076707109949322, 0.3700188183431591]","[0.6279921636401699, 0.1751207323550146, -0.8180927313398039, 2.064146315652797, -1.2820446859557464, -0.1866247444233611, 0.8743738245065901, -1.2727046533541815]"
"[-0.4228407865949209, -3.4425507114707994, -2.137001518277353, -0.5227320735798662, -1.628197213074768, -0.9883623919483681, -1.1911350079651528, 0.2360161974504818]","[-0.5218080503008087, -0.8037072247475593, 0.8701339150874097, -0.2633980538281971, -0.08488532810078145, -0.003900326264050919, 0.927292370362088, 0.11000930758797058]"
"[1.009247605713141, 0.37270159661062774, -1.0627672652838205, -0.3831405945949588, 1.0844960235072199, 1.1768869257390897, -0.7441785967804455, -2.318695937696337]","[-1.1590739197948037, 0.2140573920108055, 0.38750060024456806, -1.152942237847584, 0.27668582988953755, -0.37708142108828996, 1.5519000333670805, 1.4259793597866983]"
"[5.129772562371869, -0.057102859569350635, 1.8515009123508819, 2.193747457891402, 0.5758794355095465, -1.7620449618030745, 0.28846533399903346, 0.2364370098093248]","[-2.572267078943446, -1.0723938586633857, -0.2612640344070617, 1.3296541552042855, 0.0820249511059867, 1.034549471469887, 0.3501158919354782, -0.03824024575312847]"
"[-1.9200227010981026, 0.49716511635419264, -1.4437381509401022, 1.0525807453665237, 1.4129063066604977, 0.12984982482861185, -0.7992491835110979, 0.12445836147469647]","[-0.9424028249081379, 1.1647101491990703, -0.8229410056470811, -1.1475815824756148, 0.5109492836103868, -0.6126609383482106, -0.29865314558739875, -0.85329163551712]"
"[1.0445261333243567, -2.30833829723387, -1.106378414039326, 0.726120753167534, -0.6162415511877437, 1.3177733182389053, -1.0757550858720688, -0.9589947403116997]","[-0.8434713268568425, -1.3485032176171066, 0.7186970541168556, 0.07022697503332169, 0.7894442185641198, 0.10206976131162532, 0.24669969377173281, -0.7554852798907672]"
"[-1.4781654453470419, -2.6421582177362297, 1.000315765399312, 0.20968038039030606, 0.6858172414680009, 1.5493684568383466, -1.2026500719260504, -0.9186623134159282]","[-1.7491823364104717, 0.47655259602292005, -0.2659228609735724, -1.2896982274319715, -0.22187883712774026, -1.0205704919465028, 1.2657879717130889, 0.4434748675191475]"
"[-0.9326675618047725, -0.03724809290054145, -4.137320368722688, 0.39183186824900684, -0.09066258308066474, -1.0710848503336838, 0.8870126838914802, 1.119725737226392]","[-1.2438397046669165, 1.192225117551944, 0.06400660471739933, -0.7521672974038511, -0.8054288964011913, -0.3197233177708851, -0.24233533877013294, 0.13019533045925197]"
"[0.5616919016579183, -1.6850079783237288, -0.12585395451527281, 0.3917597411838199, -2.0432390199559127, 2.4110477000269435, -1.1420882278029583, -0.9958871511541997]","[-0.6364516244852615, -1.6913711087920182, 0.39906912442750686, 1.2172339090532083, 1.8608156720450646, -1.1142849890567519, -1.0888606075432161, 0.8680826135513635]"
"[3.5358845646282537, -0.3444212726540429, 0.5425329806959053, 2.9672949890227613, -0.373317360311151, -0.9994377794603658, 1.8458003499196398, -1.7175232584950617]","[-1.7250636997995175, -0.6231001672640574, -0.08333775211271686, 0.6632708401363139, 0.6006698179057225, 0.49482506289444744, -0.5699596462365287, -1.0448719042771248]"
"[0.7863869015055157, -2.680520447254663, 0.8269344042484607, -0.6977495280953018, 0.09000871875061099, 0.2664654490018897, -0.7563342098770974, 1.8382865283570347]","[-0.05191486590531235, 0.16697936845882666, 1.8750399127291701, -0.32205416982587615, -1.1034548663031807, 0.26305544746501686, -0.43535315062529445, -0.12175214029406015]"
"[0.623698316784969, -1.4501955722902153, -0.9877100303950801, 0.06192046042094076, -0.12149078874269989, 0.466811499048178, -1.4055785411810546, 1.931966017962595]","[-1.7298854844245304, 0.3221594381881513, 0.07187129850107173, -0.774931322336952, -1.0907885796982881, 0.23153547624356718, -1.5620263532516159, 0.41881791546530767]"
"[-0.7042819193194482, -1.1997957959888914, -1.030363817621497, 0.3718912351923605, 1.088431335624598, 0.16936454948035687, 0.6356610404753928, 0.04765062897492225]","[-0.563092020646326, 1.2287997554068344, -0.5077573569695305, 0.17965998926638935, -0.7776213877989633, -0.10470515407317842, 0.7282532552076939, 0.2191788295692994]"
"[3.234341065365099, -1.5167734402399755, 0.2318290351722428, 1.9367157437673737, -0.3597780851443492, -0.7351213126702144, 1.2117929614364182, -0.676026450130966]","[-2.100503341785355, -1.3576031125272094, 0.8299482596002997, 0.42670878438684473, -0.2595475812891223, 1.0693539847834206, 0.9332711906052132, 0.7165276323451716]"
"[-1.737711315539094, -1.3209758754798184, 0.8368901422898084, -1.0814806657694596, -1.4362490930968579, -1.4649185940501757, -0.36378400656962323, -0.9191937085841569]","[2.9929937049282476, -0.7328688598137129, 1.5719649596401526, 0.5248631769273139, -0.5247454759840722, 0.7743583868856704, 0.5653072579892275, -0.5857782953790907]"
"[-3.19351075385771, 0.45289882928810327, -0.22463888266398666, 2.040160163280045, 0.23811665309713778, -1.10329380058243, 1.5945423272617554, 0.8923964456895931]","[0.4962078855320474, -0.4691141530173515, 0.03047147409928369, 1.3407140471656873, -2.388568216072705, -0.032426715770694184, 0.6276029251853847, -0.14043491484275714]"
"[0.6842366891377556, -1.708890348541582, 0.6537731298824143, 0.25938443338981004, 0.8412045433023152, -1.1770531761752856, -0.5020473024768438, 1.865981181711744]","[-2.1237201312425498, -0.315519749167621, 0.8507690529641795, -0.2971734000574871, -0.8417323298748752, 0.266865739960803, -0.7933038428622478, 0.5898984129642285]"
"[0.4399863339872211, 0.4640529370684743, -2.8500295273095357, -1.2948643269872882, -1.973145675854003, 1.2203973436928603, -0.5864097042194126, 0.5287379142979449]","[0.17859359685937282, -1.0877403297170518, -1.4268697362255198, 0.19599921498100806, -0.6266415971744164, -0.06571832445783389, -0.4435987317340707, -0.18930622694115537]"
"[4.137262799008687, 0.10249597272669654, 1.3238838138537412, 2.4442756025632453, 0.35115006238762553, -1.9658484408868062, -0.8215629960337562, -1.5801496668122097]","[-1.185593021147059, -1.6770074299591993, 0.6582066764013216, 0.7954657469633373, 1.0417296559340508, 1.376128763785651, -0.04352273485732411, -0.906161409827506]"
"[-1.5059908017457126, -0.02142476475135173, -2.2357515780163357, 0.1417973191486346, 1.8567779259330064, 0.06592120642674379, 1.2302220946909723, -0.8175994108184731]","[1.8555673613172565, -0.2163829260150602, -1.5193563829959837, 0.0028306078034947345, -0.07805451784188104, -1.423238530728885, 1.7171682553508776, -1.0834322582075515]"
"[2.4244298576748875, -1.5268411330727931, 1.1193212124834029, 2.5871299327335393, 0.4637484374021158, -0.9614975705404245, -1.2173664052612523, -0.9530328160921593]","[-1.3173422819899412, -1.4111469477070422, 0.3809531627590965, 0.3591845801058944, 0.94857160996524, 0.6025430127673815, 1.7959173737984366, 0.9987286215518633]"
"[2.005000745451779, 1.9846646324227382, 0.6925204333494519, 0.12364334117884503, 1.1022933675639155, 0.339632096593868, 0.9753799771375187, 0.11032212904263429]","[-0.6610408349562266, -0.2718899621303045, -1.0033507891719384, 0.2325433497979161, -0.4405171429516366, 0.8456192124777966, 1.6795146619412928, 0.6106758425390701]"
"[0.4298266323904514, -0.3790598598209522, -1.7918407256798283, -0.8565735205434524, -0.04516617529466335, -0.7298611478668124, 1.8408357545328802, 1.3818811622179656]","[-1.131064479903582, 0.41858653762762965, -1.2334008198912825, -0.6239627540736121, -1.2598533282506912, -0.3553080468996731, 0.44600749902175174, -0.5177490340636868]"
"[1.2145847905041562, 2.097376469163654, -1.5797929190100166, -0.6921208145723458, 0.45332838836729344, -0.4521112714038119, -1.1250704393262052, 0.704305412829572]","[-1.0667400385699424, -0.15925177138506563, -1.1943944702579985, -0.6531609585399063, -0.9536160867268892, -0.13609039423159755, -0.8866161399674914, 0.009345154024112666]"
"[4.221609664372672, -1.3206705735019226, 2.138132761436563, 2.6022640457273174, 0.3988669973715453, -0.1418767094693276, -0.16921015846051699, 0.17480578506176808]","[-2.44108157557055, -1.249678365616625, -0.15261312459509682, 1.2658464070652113, 0.128683062460404, 0.13296771581664132, 0.05519715443228702, -0.019824582380976265]"
"[-0.9345916895897716, -0.16077716236770356, -0.39941909840020945, 1.522411554839972, 0.9020996573750876, 1.3815969448202383, 0.2061763640534591, 0.6376348211598427]","[0.9918675857293995, -0.9589134591531288, -0.7128462577099082, -0.1253211384829634, 0.8438682153937775, -0.9138487536686093, 0.33702694491399765, -2.3272116684085304]"
"[4.451497096353931, -0.6448003847724246, 0.9032390771905652, 1.9984862058230228, -0.3929737373921043, -1.4840904904586498, 0.22990555706825744, -0.49284076406335564]","[-2.99657064678679, -1.5626359318623448, 0.11222469255215725, 0.6302834086550498, 0.13209968352261778, 0.9863851259298828, -0.4637342245674711, -0.25487228718353655]"
"[2.2030961477744047, 0.6376709277317069, 2.050096564581716, 0.34963669102352474, 1.7020056519004299, -1.1957397561431442, 1.6644543676909163, -2.376987409488746]","[-1.1066241115807536, 0.3858039174258113, -1.4516036978681213, 0.7449588411246215, 1.4188025184537156, 1.1676221234499065, -0.3393904290560691, -0.7664648338398147]"
"[2.005617375085067, -1.8849474642029902, 0.6469383744147497, 1.4242799945587776, 0.46029368586529285, 0.024615454544586766, -1.6393510483947793, 0.09382136436117806]","[-1.9905605946732439, -1.4203201734018742, 0.36439467131014924, 0.2744234247404085, 0.20626064607079203, -0.053599162222326975, 0.060384455379918205, 0.249900113940744]"
"[0.1876175071869111, -1.7988841247955647, 0.646983789123924, 0.06481944655167907, -0.33605009029386634, 0.735009846099623, -0.5229689114292284, 1.0784469899646696]","[-0.12029872053065091, -0.3966009482210715, 1.7118909728092948, -0.6548203466704693, 0.5037245298982508, -0.5254321051291198, -0.7864982427909484, 1.312653168321235]"
"[0.38488408149071596, 1.5982161275787672, -2.8610931956876144, -0.14039207827201983, -1.0099460572630106, 0.7421670672558714, -0.46734066371662714, 0.28448785030292717]","[-0.46768386902078013, -1.326533680348539, -0.5114577060426304, -0.8214942401032052, 0.25964464693418804, 0.07427923497617882, -2.04251999452526, -0.24328377897023418]"
"[-0.7298610698665623, 1.1430541438404938, -0.4980555372451602, 1.3511382494975661, 2.613776709389694, 0.8381521162630305, -1.969165102634946, -0.35544020855533326]","[2.0329639129403865, -0.34570761897157426, -0.890446637443125, -1.541018970267582, 1.3122542692281922, -1.284726345495263, 0.5929721590871601, -0.9286156605656095]"
"[-1.8965792663503516, -0.26440742189576405, -0.7860357160001538, 0.17710824653923674, 0.43930301999459104, 0.09264293148180046, 2.7472862223234493, 0.1926499453964765]","[0.2979579992356117, 0.6463170316138165, 1.093238009226984, -0.6273044321255785, -0.35975902164775797, -0.27193415629212253, 0.61596423835032, -0.37662465428816067]"
"[1.5089973136141477, 1.1701820715616733, -2.179440563482184, 0.4162407639637465, -1.3206667600778392, 1.2254538183087385, 1.2533894652423576, -1.2068458965562932]","[0.12639653980272325, -1.3146520791131753, -0.9915599326558404, -1.1489701399899759, 0.38091574475107304, -0.1956908957046421, -0.9532381129786027, 0.5699917066874958]"
"[0.49948025403402685, -0.1458695384137711, 1.9452364842261989, -0.7890114470558132, -0.8335506687516453, 0.5968779174868942, -0.6790770061715746, 1.6928311177886413]","[-1.7970721316121927, -0.622010119212297, -1.1039119201956258, -1.092778710812057, -0.47910157458629604, -0.08252542171520034, -1.3723145646754038, 0.38467290733849835]"
"[5.596703700294585, 1.8905257575527539, 1.4792825727306849, 0.7766927921906714, 1.1136373963246924, 0.7858894090032797, 0.9305585058382264, 1.074941904241976]","[-0.4116293737731932, -0.8475791212507257, -1.6260627123515685, -0.7842494301049721, 0.39440421415028926, 1.4031563862473428, -0.2806258414848725, 0.6491785153005748]"
"[-0.7822605846306523, -1.6028191840710169, 1.2138645992872894, 0.6903987704306319, 0.09510757019147838, 0.9193837212394923, -0.3907172954673351, 0.9321171050648052]","[-0.10444093583965944, -1.491551060441155, 0.4768933120604445, -0.3566466984993521, 0.3374386465862842, -1.1553352123486935, 1.2164154959848616, -0.7093992769978527]"
"[0.18812406739813248, -2.5603261646303728, -0.7137818031180114, -0.1500475482053814, -0.7347133056125484, -0.7765976016394113, -0.5583520351119361, 1.6536935346656065]","[0.7173932625753234, -0.9227494387362313, 0.9768126818511834, -0.9052716452177806, 0.2598414658379497, 0.6131342656632662, -1.160082719102543, 0.6004164254103679]"
"[-1.6787538922564285, 0.6361681061299544, 0.22372362727440864, 0.2867844103538269, -0.694276403743238, -0.5015089129916379, -0.6025834576215817, 0.5777579672882407]","[-1.3315095070640102, 1.134800432473825, -0.6474152890744478, 0.5385268644229761, -0.8590639072152544, -0.14383723095816162, 0.24515001508240633, -0.0685078222657649]"
"[-1.584477831837616, 0.8323927664544127, 0.24660103395922459, 1.7799907010045732, 2.8607812086336533, 0.1534523756450893, -0.701421782833611, -0.050691496771302004]","[1.430033973274734, -1.1571774581319112, -1.3349513406322324, -0.44605571566619073, 1.3180310584769535, -1.7670222626036503, 1.1479585101293457, -0.8178728601153089]"
"[4.302149838572077, -2.0272359264530273, 1.0749093205182207, 0.7222779744672003, 0.1324877341642324, -1.0727002113741972, 0.9313862966092185, 0.3541835866873947]","[-1.1778356135198902, -1.908827958209601, 0.9786386577028782, 0.3740469447743882, 0.5153283040531755, 0.32823827744824924, -0.14166579648025024, -0.31557318276175417]"
"[-1.7058747628178108, -2.247182129607701, 0.8238714980052707, 1.04608521469255, -2.677945796263097, 0.09494803792722802, -0.43806056731571763, 0.45552580275061033]","[-0.38546620370422563, 0.44709239768616243, 0.01963265258050367, 0.8081951944770368, 0.21328368364307135, -0.4477340312898061, -0.2512390713823108, 0.18094836289135513]"
"[-2.8880654804997694, 0.732115595443826, 1.145287157356625, 2.2203419333304635, 0.08456695971014194, -0.8471727782326424, 0.4656689035297063, 1.973812074201092]","[1.8712238059724573, -0.3940574963729394, -1.0003991208714769, 1.2520876008900361, -2.371779525306613, -0.07792219000396079, -0.04192084825360097, 0.342525174121657]"
"[-0.622784648087989, -0.6998981484286877, -0.9549478768751171, -0.3572532216392956, -0.7810812214018593, 0.1091088256190983, 0.3071968791051981, 1.1307450435351443]","[-1.2342097656496296, 0.8697003413741545, 1.2859168461715291, -0.6615976124480811, -0.21994280133223035, 0.36075855415276475, -0.3118548041419105, 0.5307159784317432]"
"[0.25850567809087766, 0.21636762859243847, -0.8732628521284033, -0.578850232185983, 1.6564348071990136, 0.7417149629589352, -0.6289304754179499, 0.9685541300134153]","[0.5292397661859548, 0.7856940551257278, -0.3294853810823194, -0.9168336505634477, 0.3072864646470474, 0.15929564369636182, -1.0623188991142327, -0.6728054574334165]"
"[0.870865497208543, -2.703054019913995, 1.3046882571355252, 1.666533708566919, 0.5436886811000096, 1.0753610831701113, -0.8045291807953702, 1.3643540015897113]","[-1.316145507670171, -0.9146377057938512, 0.5745309796259537, 0.10180550516969525, 0.7438015325348697, -1.1408170576887529, 1.0320165292492571, 0.9467668172909847]"
"[-0.5114286720405508, 1.2601946664317165, 4.789694444433827, -0.5996068209243779, -1.4855601473269915, 0.9537504487973323, -1.3848154785100517, 0.30689178759412195]","[0.8284741161682505, 0.3090890607178563, -0.8114337724232705, 1.9642173398634926, 1.6618594781422367, -0.3160227588163247, -0.450852301755699, 1.4047666404031207]"
"[-0.8808619357060006, -2.592431463340199, -0.9796648040578338, -0.23772113520624935, -0.510999828718694, 0.36774003133906047, -1.1641909338485708, -0.68275929180346]","[0.8471563394513912, -1.8260588044958619, 1.3386863396967932, -0.6093825751714704, 0.3000063065924583, -1.1065187310859987, 0.9390740206148063, -0.23700082882572504]"
"[3.2070139091960286, 1.2835709318962123, -0.13315868379155524, 0.04577529885164797, 0.9671538487486251, 0.021337532851965678, 0.9247438176723237, -0.017068147729009366]","[1.2969940499211505, -2.3424321747051513, -1.0421321282853326, -0.5812817223657389, 1.4956925437522437, 0.40234182052278206, -0.8276840643910459, -0.26974092442574005]"
"[1.375042126877326, -1.8999733498396054, 1.4162572162463754, 0.7766571035793619, -1.326458514285141, 2.680499023554463, -0.9328094106035704, 0.5333455517245163]","[-0.10636175170723537, -1.381260034882816, 0.6107485865266482, 0.8198798762910912, 0.9937992447045387, -0.997755667018102, -0.2016861731500413, 0.865042534350846]"
"[-2.088132680101797, 2.1902031763220644, 1.0760572852432433, 0.1778767416890691, 1.5467224107815465, -0.6378704295626728, -0.6588625636714981, -0.644676631410993]","[1.4362205753874657, 1.5917992861748698, 0.1702718306328308, 0.5015322933934042, -0.12332646243023902, 0.30757446933521243, 0.13628421916502062, -0.4289704217072457]"
"[-1.4584198129335575, 1.2597010066363779, -1.5599230026112123, -0.16413402094590612, 0.05360177057251567, -1.300409079058455, -0.6360857895572302, -0.4217317750720498]","[2.066527806478399, 0.5057720776568847, 0.4283403469636646, -1.3546228280581956, -1.009395912842697, 0.2915466527414706, -0.16857621372091272, -0.4796018517669096]"
"[-2.558913813333871, -0.4207845976008728, -0.7637742562736594, 1.7005666790406957, 1.9340429285490572, 0.12873020665149115, 0.648345470934914, 0.3973002313340562]","[-2.6149383554333925, 1.2754865521266188, -0.899897641924528, -0.7007305525075708, -0.9574281798991852, 0.13474514968807577, 0.5445517967199408, -0.9244786374118602]"
"[0.5131059012995194, -2.7166688679296396, 0.842197309531812, -0.9436687338682774, -1.57074781345197, -2.5403003734248775, -1.0234221870621476, 1.5013797656215704]","[-0.26097704246930786, -0.8945226603291824, 1.5686776562370044, 0.6149361973710882, -0.08999810709393742, -0.33105277448358106, 0.46140956255740667, -0.15781715589820172]"
"[-1.379712513937185, 1.0684577615939175, 0.6809618783560861, 1.6988535107860354, 2.4197224199219636, 0.3781001304597945, -1.5907343417841686, 0.6475678352655093]","[0.32187569116050513, 0.33287827605032483, -2.1046323579118784, -1.2405629496580661, 0.8773036636407212, -1.0022990470131332, 0.9679070009618262, -1.6752952556996976]"
"[-0.1152100087357719, -2.2737046103341547, 1.7010295999918517, -0.428775183984156, -2.2666463111642035, 1.5525811506729628, -0.15406828122778565, -0.06571681195873126]","[-0.4216126680627053, 0.19203389399108156, 1.8354540309229483, 1.1846892765200934, 0.39184373567045966, -0.8464307119860021, -0.5145700444058583, 0.862877223226925]"
"[-2.0824659332879563, 0.7199233055509913, -1.031750295548921, 0.3003807899372415, -3.1115501297860604, -2.4068815614604158, 0.44960141693916383, -0.20949445200812217]","[-1.7327304474469272, 0.8608541070354165, -1.2903032715480505, 0.9586271779212815, -0.8021060056711321, -0.46324594820541265, 0.03158852692403202, 0.43622920084971945]"
"[1.7125768669122392, -1.528675004728296, -1.7636435951797371, 0.5820707062642154, 1.2636471244447602, 1.2104561515113799, -1.0055518146614841, -0.3777972788970892]","[-0.47520204121399984, 0.0061494295649884, -0.0390838907256996, -0.7068263909439148, -0.7980434951055517, 1.0936934113916557, -0.5339196465869283, 0.4944529870330155]"
"[-2.65863584839154, 0.8274487090781616, -0.3816202129966322, 1.4697988537394173, 2.2586681545468847, 1.3687323870598471, -0.533910546245199, -0.9606022582302663]","[1.2281909481856945, 0.17899469887498515, -1.6823034732405306, -0.24228175279105058, 0.33654453162847825, -0.6873322258777133, 1.2611362871025213, -1.1693766795843654]"
"[-2.642414557515529, -0.5823495527360799, -0.27768170616845683, 1.7431874442758424, 0.5617159622079663, 0.5731097406441593, 1.2405293270874875, -0.13341965536239384]","[-0.4670960532407569, -0.15991397129597976, -0.7230940168544733, 0.8309251074977287, -0.5474536332408698, -0.7333245291630955, -0.428301403647276, -0.9046816059674561]"
"[-1.8916822800597288, -0.9668407377580723, -1.1878035217392529, 1.6033778630546143, 1.8326526495992193, -0.2508831944566692, -0.36635618430380934, -0.548565197253609]","[-1.1914163439875574, 1.4910187579134089, 1.0567181832657933, 0.792553579941713, -0.47633746960207773, -0.1260018979312739, 0.8861964636768277, -0.7049921632682944]"
"[1.189614162558527, -3.191867303192106, 0.7158223234050485, -1.2767504912709369, 0.1149979329215098, 0.015596433213243322, 0.2698227661772145, 1.5600730565094367]","[0.0859365667446157, 0.3388298290028943, 1.4171375991218131, -0.7280831566253024, -0.5964717026338595, -0.9913570044638955, -0.5753947083911418, 0.10032422411847886]"
"[-2.359474320342612, 1.3129716004284966, 2.714415077461813, 1.8740754551325935, -1.1411805402435398, 0.28828972547849446, 1.0950216635975625, 0.869761503628705]","[1.3016842721309123, -0.32022682823065424, -0.696569493278062, 1.6934586514923156, -1.1405532539365957, -0.1799262580681391, -0.7911668272937145, 0.10001533554617706]"
"[1.6766263063994895, -1.7571546673426428, 1.1194781464864116, 2.56659612858623, 0.6787517987224254, -0.39386361144411974, -1.3293793486682879, -0.33712019201737725]","[-0.8102144836707944, -1.8248042860612523, 0.3510699731899046, -0.2710185420856458, 0.9074990803048723, -0.04155916564024253, 0.15683423414797987, 0.6562595994309632]"
"[0.18908236021063798, 0.20921329957014842, -1.5653822741190133, 0.13215050631800376, -0.9060572237220529, -0.7933060727162016, -2.055485798491401, 0.9774782507951096]","[-2.027877674580309, -0.5813154673274425, -1.1977807336022084, -0.5551379136946908, 0.3498061071678979, 0.5604182406401506, -1.029280716189556, -0.5809248753403188]"
"[-0.9586417828521631, 0.035183798469034196, -1.952167490309487, 2.8214876493161665, -1.0081859889048144, 1.40641947686121, 1.297835929737098, -0.338699273164866]","[1.8611523179289065, -1.4377986191768994, 0.11560435362022577, 1.2337499235924623, -1.1670764596260723, -0.4157970914661507, 0.3688519091953979, -0.22916549179825063]"
"[-1.6148018321600346, -1.4243550485607073, 0.030950565364065315, 1.2764845908381495, 0.2728526899051981, 0.6709611838225237, 0.2421367913765588, 1.4460674492535668]","[0.6744289301385895, 0.44421736262672096, 1.1346132170519585, 0.47056360763664273, -0.8330587060467022, -1.3611294324093672, -0.40820268371554497, -0.5730490295375393]"
"[3.7668101384536015, -1.5753309900568677, 1.258685877069218, 1.0377719875762377, -0.1861305845046696, -1.0663696498603803, 1.3470149863574843, -0.2300383082410807]","[-1.0751788442912489, -1.6665365186635648, 0.5156662810805507, 0.27528169081854625, 0.40185659198049156, 0.42502138296278313, -0.07815684216737152, 0.1858365388616374]"
"[-0.3511220969245417, 0.1353693242718008, 1.9608656232622734, -0.2589184008528605, 1.018993871197661, 1.8337046113922615, 1.3775755831999703, -0.6182312789735946]","[0.27737926921750955, 0.6040705714386787, -0.31632869763514615, 1.006574146280295, 0.023993376060085968, -0.9464663358234026, 0.5103959008463088, -1.238368068367822]"
"[-1.122347166517304, 0.5771384987705301, 2.7440898232646247, 0.15863167965673472, -1.2756986192542, 1.5508792749841078, -1.322560447614826, -0.1163816972243005]","[0.20215285990573434, 0.646602728833484, -0.538764442255028, 3.0141765095015454, 1.0899236546701927, -1.7993740241183256, -0.2427971563929083, 0.9233151199155619]"
"[-0.1035131884200115, 1.242948610238569, 0.4721392795234301, -2.261476949800789, 0.6372877017988862, -1.7832542787319083, -2.9984602809157144, 0.24885728380638072]","[0.890136575498772, 1.218596965393011, -0.6538361077145961, -0.9994999888588721, 0.7029163266520615, 0.7139186402184559, 1.0517329946921663, 2.1530160964502416]"
"[1.6277644903027824, 0.06664949992325819, 1.169178212636712, 0.9817306355233965, 1.2858108808730901, 2.0966171798670428, -0.0036889232663561288, -0.5399570874866085]","[-0.9115568244726843, -0.77922117185627, 0.2682374818308018, -1.2725636716279043, 0.4778865761162278, -0.02847587042615194, 0.8248509404497195, 0.6289253114360859]"
"[0.13550352464451723, -1.0535640491632134, -2.4199356987406184, 0.2348630785105839, -0.06525955842716273, 0.7311027956392316, 0.9134300929297671, -1.3082906878156695]","[-1.1041969805358864, 0.7763627811280841, 0.3226779146755745, 0.30670070718666603, 0.17083269522565137, 0.041180812932521814, 1.3465928383945802, 0.1495738874235346]"
"[0.7728794046852795, 1.9186157960909127, -2.354978368327691, 0.6244563178611799, -1.169062436909078, 0.9018735696336917, -0.7787692347924233, -0.23300433516231084]","[-0.2515046165975277, -1.504925840177608, -0.7398014847616833, -1.2423272782767922, -0.2114047480659155, -0.2075246015888308, -1.4462546534858765, -0.3011235240048575]"
"[2.7730320262761334, 0.7198225423114178, -0.23158239178728127, 0.4550982620065583, 0.8926320213121041, -0.6654985428499, -0.751681385249929, -1.3639070931303416]","[-0.0942036894040376, 0.688708330592929, -1.2527277693157466, 0.063806051359436, 1.1551659272052097, 0.7812056475822907, 0.21240077431057658, -0.6526039760589486]"
"[-1.615872237110642, -1.9067803020361327, -1.019178005393801, 1.304304430738903, 0.14539085360918455, -0.32302052721444613, -0.9016837224241411, 0.030849297741883785]","[0.5043848126608713, 0.12570728704479134, 0.5047018475930223, 0.769152570673428, 0.13917427459313086, -1.5080447033562305, 1.9336617206559261, 1.6926303891948737]"
"[2.4105450550993477, 2.613742802942208, -0.7474078932353714, 0.09061446977113888, 0.24544923366264956, 1.5946113089817928, 0.2222900698628872, 1.1389965400169435]","[-1.0396834942008049, -0.4522012800441054, -1.768289321962131, -1.2111471772855165, -0.40982339050081973, -0.11570234510764879, -1.2945439826237228, 0.6853486239737655]"
"[2.2509065987848325, -2.3144575358981054, 0.2667191215555634, -0.2559399300221315, -0.17641165132833767, 0.9008251422485112, 0.4463704104808267, 1.4072708436095942]","[-1.2497996015171553, -1.648396753285156, 0.03755281715141876, -0.4097761791168799, -0.052370297676940895, -0.23903217133753646, -0.1521185888911832, 0.8975132401395399]"
"[-0.8826762300290231, -0.31490037216575967, 0.6849294220127313, -0.8780332269358438, -0.5178202350292298, 1.4956704005408705, 0.4425568911934424, -1.9285201771357503]","[-0.5478907707061518, 1.3411407297480211, -0.11195914990907413, 0.876071031035746, 0.6513099742435076, -1.2482057041308396, -1.289849853067291, 0.9011290437806097]"
"[-1.6872744015668288, 0.10967374153968017, -1.5783667965962718, 1.98856182002485, 2.309575202458776, 0.9138376418820398, -0.47191224372785173, -1.405290225504646]","[1.4577016352776848, -1.6880870645408204, -0.6721074316872417, -0.9656170987888815, 1.364727089697369, -1.735921957500676, -0.21843878373968484, -1.104110113800199]"
"[-1.6143064703938885, 0.32506130285149976, -1.695338716203859, 0.8425372597792377, 0.6755837013941798, 1.1233703724060238, -0.8213776626807957, 0.33565110453267794]","[-0.8387894430888818, 0.15359842814014604, -1.2690063495206263, 0.020246564944944274, -1.7566375825026599, -0.6024155124746199, 0.4889170579116683, 0.8150312439912252]"
"[-0.7790017377843544, 0.04298834710750862, 0.330437861540322, 1.5744081594770913, 1.9193328015273117, 0.11992077289410369, 0.45663349626007227, 1.6623198728693136]","[0.7063029219926358, -1.8104442220299868, -1.4073191974710966, -0.23476865203678388, 0.8953674903354885, -1.6931949229464573, 0.3857415095631516, -1.3964504157885207]"
"[-2.9039621179865014, 0.05596697805653426, -2.144746770137025, 1.3803742644881074, 0.23348771084975545, 0.5633641147495996, 0.2772185914048215, -0.4487296712790648]","[1.5125633593818317, 0.000643766778786626, 0.7025881936224999, 0.892456608471816, -0.760059917150079, -0.30092806603616906, 0.2895395503496233, -1.0881105072545436]"
"[-0.253281790504302, -2.0181547146439756, 0.23375973700334365, 0.13104087929568825, 0.4122666716979437, -0.17511557155536378, -0.11681033751525521, 1.4932768881886995]","[-0.48593930500912813, -1.0286459396441923, 1.1915064929323793, -0.21766588301661038, -0.9162927489897672, 0.27507529416998305, 0.1311382695443842, 1.2849578777847646]"
"[-1.0259348849114156, 0.31550437124218633, 1.8398698777122071, 1.1534656209109764, 1.7047862755503789, 0.7670290064139907, -0.2443558190934168, -1.723739460885295]","[0.5643428326579456, 0.3779419422548494, -0.20927075849149335, 2.0307422892808438, 1.145303770860804, -0.005858181857122379, 0.0952173222351601, -0.5430901488043249]"
"[-0.09565881096485866, 0.8116211983767363, 0.38917902226080714, -2.1872457478234395, -1.143253318056814, -0.4921782468224408, -0.07778912948737131, -0.5741219446002113]","[-0.09419988306150023, 1.0738118923003137, -0.6176445085204262, 0.43889330706919455, 2.038960205226927, -0.12870353318859518, -0.4340935055698464, 0.3073429430575855]"
"[-0.7499854610055307, 1.2543194062344374, 1.422399791092197, -1.285750624573038, -1.41454586051135, 1.171410702380773, -1.0315555708239397, -1.3725437194918444]","[0.396123255273189, 1.2722732146419844, -1.1962475449042351, 0.7826915735292048, 1.3215564461214409, -0.08674058995123125, -0.865111150837155, 1.0072761935744694]"
"[-1.3386695309650305, 0.7583697740171268, -0.05261070984780229, -1.5421636062135495, -0.2922916934454003, 0.06373992480688367, 0.7005140243772646, -1.4954653606614565]","[-0.740906700236799, 2.6598384610469417, 1.1357447008243695, -1.2681544186756264, 0.3664043603457241, -0.47838830290723255, -1.3093326485447627, -0.3623580071633132]"
"[0.487201372822597, -3.1973335355902375, 1.3494762890230558, -1.401829574889597, 0.6568804171099795, 0.7094028065289557, -0.07859569158086174, 1.411259372445818]","[0.21746344334798412, -0.010219547774791452, 1.143824817232409, -1.4808949920142067, -0.17616727019273834, 0.3366391445055163, 0.736586292805964, 1.477829997236572]"
"[-0.10137983606383846, -1.377818315226368, 0.2564794604418329, 0.47723435818675153, 0.620090106189301, 0.4962747841882624, -2.2151852906957927, 1.4975575772544847]","[-1.4712872808638469, 0.9221357334421643, 0.8667235305102855, -1.1920397437815646, -0.25109021012071, -0.23236732108680969, -1.1861033229948839, 0.2641744955344325]"
"[-1.948757639649022, -0.34012005862442063, 2.043772984086267, 2.0345308091491825, -0.11907099245691087, -1.8060570803220488, 0.2835469937639295, 2.607529564756469]","[-1.832697385566857, 0.11920496669488351, -0.482136315874904, 0.385337005711567, -0.9249054786186094, 0.03174921779340559, 1.119042678250045, 0.18319337123094653]"
"[2.129183622089394, -1.2854839255618757, 0.38809147199559474, -1.364064688465958, 0.360291630714973, 1.8407613314704576, -0.7056369444558268, 3.194595540731998]","[-1.5168575355058684, -0.6083880111018363, 1.0521802976005883, -0.4517651507497691, -0.09900868306056104, -0.24929132363197312, -0.6128897433906016, 0.20048602095417173]"
"[-1.0593017781412628, 1.6352204804697719, -0.812636299879945, -0.1232246480492129, 0.0492977036867687, -1.1929500799106232, -1.1975828469848933, -0.17021398994566103]","[2.82096597500762, -0.35439673145879536, 0.7331693371910007, 0.2989631619938314, -0.04105024983092488, 1.2815517499417834, 1.1680118697447337, 0.8201954691524694]"
"[-0.48240014652561874, -1.036977409567214, 0.9690049372612467, -0.521942147133393, 0.6290686183634151, -0.7863856546873617, -0.7460240477494504, 0.6753316172472101]","[1.686411775751911, 0.15943378340965225, 0.7757893678966776, -0.8240561594355192, 0.5735417473846228, -0.6350068590235481, -0.5130373053445494, 0.3735780579690694]"
"[-1.7124254627721451, -1.4976540431698975, 1.8893283520978863, 1.0649649365368907, -1.4075202326107543, 0.25096037764150814, -0.26369082547983175, 0.50336404605652]","[-1.0849481552757032, 1.3247127064748765, -0.881727430553058, 1.9723047103049154, 0.21371958503433539, -1.2924501797916588, 0.41581416728075643, 0.26460163111709395]"
"[-0.5033221442950008, 1.0450831374815563, 4.018196294847373, -1.2778845257980682, -0.5544436338405528, 1.08870440822587, -1.3352408932329978, -0.0906374651343996]","[-0.4100395912397827, 1.3573307595958597, -0.5316074233402944, 2.743382480910759, 1.2799294453022116, -1.0595603665505298, -0.2598277319676898, 0.8195818293150615]"
"[3.669929899148369, -1.528008462574907, 0.5038931582234164, 2.1654019338798247, 0.5786176331846629, -1.3710881503643582, -0.22683857639696023, -1.4575737869849321]","[-1.0956244100692503, -1.8735629228148736, 0.6155195723884535, 0.1930307470893968, 0.09081318926363043, 0.9605880430302144, 0.24589303729161566, -0.2302213067554803]"
"[-1.0098163564489173, -3.002969709920939, -2.456847286734852, 0.1613110418590375, -1.8935108626437323, -2.789366732199552, -1.0827614588361856, 0.171532316510775]","[-0.3915966047266707, -0.5091534975717444, 1.963534013093552, -0.38923420344998844, -0.23052294613017954, -0.0991760839568524, 0.279192406053078, -0.11531529902226298]"
"[-0.6818083565460681, -2.2362360268464756, 1.2098985033513485, 0.8935831374938761, 0.4040661929147676, 0.12306354104132408, -2.056590452521281, -0.09773337457168595]","[0.10878972207559001, -0.518681631792569, 1.8997518189320788, 0.3848883574269451, 0.5331706865383895, -0.642323326867778, 0.7047346518505575, 0.985486631625617]"
"[-0.14181629157033415, 0.5064726209086847, -0.15970996492555697, -2.3807160500612383, 1.6675180717638585, -1.1668380395876812, 1.5403919930113257, -1.0913616335160035]","[-1.082729951438755, 2.111859170394285, 0.9308477419190033, -0.6089164762278279, -0.7564824264198762, -0.7172756122196922, -0.23690804492896922, -0.43976885744453276]"
"[-0.5196150258208252, -0.8443362992892489, -0.1625243716126005, -0.11969673806219097, 1.8809864683278392, 0.7904386264290578, -0.20744805828268412, -1.634400611251209]","[-0.37459530834122784, -0.5262006446456712, -1.3828340847539518, -1.3854358982627928, 0.9537227264456788, -1.2211676444379256, 1.1155682642210705, -0.28872199568003537]"
"[-0.6618236648736816, -2.495762774788105, -0.7883283199302893, -0.4043738893760537, 0.1568245305330476, 0.9282835815302315, -1.1368264564122215, -0.4749832091577252]","[-0.7950785217755547, -0.8518549994259371, 1.6983662307828127, -0.39044659356703254, -0.23213955025162228, -0.6885037328687168, 0.2459375765747635, -0.48760098004614905]"
"[3.583085755769722, 1.27288743845263, 1.023876064246849, 1.8750465505157958, -0.3007375951604301, -1.0594070055223777, 0.7407511223628996, -0.9898879751652249]","[-1.1366955923876423, 0.36676067424014713, -1.5045034707871496, 0.5671155651008583, 0.001229693550699582, 1.25141927086058, -0.15104649297304956, 0.01275715202244156]"
"[-1.2992690302284198, -0.5104751715165052, -2.501814769048509, 0.08168462553815525, 0.46435888415499527, -0.7020174619198871, 0.23380762221794235, -0.39930013756930993]","[-0.5206140372680957, 0.668752664819769, 0.8386317978969776, -0.07755965098756822, -0.7159533609854792, -1.5374111036666853, -0.11779015554670438, -0.8838609469504888]"
"[-0.1620993432947594, 0.3940561730979858, 0.4535384143614941, -3.0924365430521386, 2.3131406284000877, 0.37257471007990955, 2.7524589107602617, -0.2081601232317726]","[0.6059064020202444, 2.298893442902088, 1.02497191082839, 0.19710026797800828, 0.5918462707849026, 0.855277697637384, -1.004102592826131, -0.967007754397419]"
"[1.4306233598211766, 2.8926576572990808, -1.9632650627008097, 0.8690466536278973, -0.9536498660980788, 1.9118538948334203, 0.8069119621186474, -0.8893646523148149]","[-0.24014011392135334, -0.7243920098570092, -1.8132776489399978, -1.228143086767398, -0.6956562670158949, -0.03963579624497508, 0.0028008934501047417, 1.005111509311503]"
"[-2.3409207472099847, -0.5892207834909959, -1.7845949931775302, 2.2142211124818814, 0.5455881501533238, 0.688340823832957, 1.0598556625254616, -0.496258882704203]","[-1.2304808957231315, 0.31410887974657103, -1.969933905074191, -1.0027077424153603, 0.339914363231417, -0.7665179269996478, 1.5897022547102249, -1.480404530034561]"
"[1.703439766745248, -2.154244504273556, -1.1974197690080794, -0.7719197411852149, 0.46852052151503776, 1.6366287397670074, 0.5482581482428278, -0.47941691487963733]","[-0.8899597623378881, -0.6835189283686489, 1.1894929571158814, -0.7588048196439674, 0.1333995426724616, 0.16693574473154701, 0.24217283797326775, -0.7111932156553952]"
"[5.074671197425741, 2.0504552581240705, 1.097461614418076, -1.0275870666034834, 0.9829612735893964, 0.24980502051635547, 1.4819592141337916, 0.26584538399883784]","[-1.5959785403938338, -0.7496744786741365, -0.9804278300641379, 0.8398820616131938, -0.08817226350276276, 1.5851868028740508, -1.0902171820390374, -0.18383417910158534]"
"[-1.055012014771559, 2.0530314620938834, -2.189472309962519, -1.3941726793210119, -0.20287068700208957, -0.8218793526202813, -1.143826724190055, -1.6773341396363581]","[2.9348766114244755, 0.11166748723773531, -0.5170124283502285, -0.517711558930124, 1.0149343775341777, 1.7583330767967025, 0.418958892649676, -0.1470418696862262]"
"[0.42773902795099283, -2.172292713050821, -0.9072597686099284, -0.5650689245852724, -0.3372289023095804, -0.15935033817154745, -0.7570492041894299, -0.06821663780281505]","[-2.3446276226018536, 0.12123869553952188, 0.978626209296402, -0.7568719758689127, -0.10536167583963994, 1.0450534948580805, 0.09182497959705826, 0.5352911200081026]"
"[-0.17482083426912579, -1.3370540806604134, -2.1837015087558993, -1.511612709088419, -1.4339076770311399, -1.0647941006164305, -1.4390442560566592, 0.7241196499265499]","[0.5530756596266294, -0.08012142112348364, 0.705300344289498, -0.15823826077283973, -0.8052644042701511, -1.0825804459185726, 0.3514774915323667, 0.6155507591784212]"
"[0.6676224057840511, -0.9907122566531475, -0.13747128121223198, -2.5114074589010076, 0.7408873635765648, -0.6094789725488133, 0.42603766181232655, -0.3443704235423009]","[-0.34064885997708044, 0.09031050930335484, 0.9398560981064447, -0.10404206878783377, 0.31969464353714383, -1.59888086068757, 0.6173598676734838, 0.16335584356419672]"
"[-1.545844394704887, 0.6023597841490045, 1.9925202704691654, -1.2427681207985328, -2.661409170801894, 0.4617043312308547, -0.7481862548864437, -1.4574243043394894]","[0.6602224779638852, 1.1697399051745831, -1.2598306521551639, 0.45084805216748625, 0.18658048162765925, 0.7313002417877202, -0.14804903884131168, 1.1100173030303395]"
"[1.6484491316035632, 2.86706974382108, -0.6260924576492185, -0.20312393296022574, 0.38777233310886616, -0.326150063172836, -0.4411211608114197, 0.39523335733639287]","[-0.4913118095788529, -0.2992779544392464, -1.4048977285619084, -0.10221997241938863, -0.3723534781080517, 0.054635847158579484, -0.14022280314093177, 0.0501668856789865]"
"[-0.9755138930411599, -1.7967957684710374, -0.5486483856017937, 0.5942412740640061, 0.6250183602324296, -0.809020357230042, 0.2588861150785674, -1.5077612286627347]","[-2.2023204317682095, -0.43521908570238266, 0.18881776974959244, -0.4189393314660165, 0.5104228008387542, 0.17873741317358774, -0.5821852140386142, -0.6286136577113696]"
"[-1.7484560400253246, 2.8205295223028526, -1.288510977093472, 2.166730928796723, -0.30370848894998864, -1.3373128027586807, 0.270450171707819, 1.3718808454770548]","[3.0045131544640618, -1.183870285744934, 0.508361860175288, 0.9051558613755619, -1.5820429389151751, 0.5072385440124992, -0.1931764772837899, 0.3791145639404466]"
"[-1.4987776619404105, 0.6414380159817153, 1.517785801579568, 0.39132014637337376, 1.763229281028689, -1.3030054031492986, -1.4559675660856088, -0.0456474451628215]","[-0.4457166457937255, 2.070993040192171, 0.42861966097757026, -1.7836037133246117, 0.7628414157576853, 0.7344172031790641, -0.06687262510433505, -0.08716697705148989]"
"[-0.07261027108863866, 0.6323428023744602, -1.2340225496763875, -0.024900955005988237, 2.105139448959749, -0.19933327031391712, -1.3214982210660176, 2.593074018662873]","[-0.825677809670879, 1.3128302491456818, 0.9601329896420516, -0.6778865193443888, -0.2301169207759646, -0.9552093673264358, 0.7497308822305874, 0.8936232984306698]"
"[-2.374830544650783, 1.4226173422082005, -0.14533583158400334, 1.4975680518411776, -1.7598532193606835, -1.2009970388182798, 2.109076235173039, 1.1273984099425354]","[0.6312725904345042, -0.30991867150874003, -0.8403395608319347, 1.9811853826980246, -1.1462796125218047, 0.3204133420039751, -0.23399139444705847, -0.7349338695247837]"
"[-1.1065267180421303, -0.7883496119902699, -0.033581790728784776, -2.214835416674582, 1.5804293018882207, -0.33029483449068575, 2.797655843405354, -0.34973542091566656]","[-1.0812538821393538, 1.6825325030780032, 0.2839072955480398, 0.510105960645921, -0.027594941418464188, -0.08372267772780649, -0.06777675510623357, -0.45719605615706344]"
"[0.7300729274582068, -0.35280204006713295, -0.9944883016716799, 0.3828288481875471, 1.1336571953866188, 1.3472740855773118, -0.14159792264896237, 0.6202389028232088]","[-0.5448696248815262, -0.2728086572111911, -1.250282815885313, -0.396563120194153, 0.6820629813180384, -1.4171369527978042, 1.0522371376121942, -0.8714155846011685]"
"[-3.1994342162157783, 1.0163975837718688, 2.3624631582906273, 1.9750297895863271, 0.5447187630990256, -0.8626872969140993, 0.16076251086430582, 1.0785945126152925]","[0.4560039779773373, 0.7664298187920657, -1.4346765714781864, 1.1432739304771005, -1.401945189341585, -0.06614279726265221, 0.760816306600034, 0.417634572055624]"
"[3.279987550429114, 0.9239240564203345, 1.4726290891940719, -0.6014014044669532, -0.33179970895342054, 0.5264577063045367, 0.6833408865071916, -0.0011960128355177613]","[-1.2020602647022491, -0.18294692459661138, -1.067604327436286, -0.8374253409343777, -0.10846043309378346, 0.07234699641551616, 0.6788344699413157, 0.3959456551526072]"
"[2.0542514167968027, -0.7275749938483166, 0.13624977207269107, -0.42671573640536536, -0.00928464337468064, 2.5303748551158676, 0.3303182982289887, 0.7252001654385156]","[0.959364749781192, -0.32014929520476726, 0.3116729779313818, 0.39681804915126534, -0.6107675975762462, -1.2223270007027276, -0.33715339073623357, 0.5884406562898672]"
"[-0.3234701165779355, 0.5391781881978251, 1.4678518599681987, -1.4049893846996302, -3.2647266413396836, -0.37259694138678645, 0.6803006688276305, -1.1883743150604846]","[-0.991778427698823, 0.42705614746461495, -0.8577717757567951, 1.2045518920757021, 0.940134508406514, -0.8873804310599899, -1.1785909111046116, -0.2335642266359237]"
"[0.10245036078364089, 0.4942310319418288, 1.6312422528746957, -2.083593065280643, -2.708707437410564, -1.184359604014903, 1.2759491582925087, -0.08863974979853896]","[-1.035609852687028, 0.5518661194429023, -0.7109371958759081, 0.6512216657589698, 1.0933334710240095, -0.9144669728683121, -1.9877090341601333, 0.5050929584999836]"
"[-1.4217574029258389, 1.9696260448897065, -1.2262586999997709, 0.3122057482303093, -0.8250084155856933, -0.24641887040010133, 1.747626664545557, 0.7304129622245432]","[1.4314092080322884, -0.2552953161000188, -0.2442646355822901, 0.8575337517995023, -1.6107233540189032, -0.18711041943617968, -0.5943749662625039, -0.9850886150764955]"
"[-0.9486890494648493, 2.5351006345874505, -0.7041670466028122, 0.595081372326906, -0.8540164281227671, 0.453154044538886, -1.443564410096767, 0.84192365944394]","[-0.10706709899296721, -0.04472380098043312, -1.0601768798203715, -0.48933761540564236, -0.2991376693025236, 0.5733887570090217, -0.34464805472886667, 0.27070355234367066]"
"[0.4081994125691689, 0.0064515394392006715, -0.4475326428606982, -1.392848940154186, 2.072835397126927, 1.0458257972691023, 2.2306657926324713, -0.17064212782134403]","[0.5380266762776571, 0.8584562123674563, -1.2487338953121767, -0.48895479654908025, 0.06617740036297569, 0.6893052793702735, -0.3130668284667712, 0.012870462969179678]"
"[1.2413891354881288, -1.963007872882399, 0.5149774218654918, -1.7098791321675202, -2.6107391522895655, 0.8897692447653205, 1.040337557371964, 0.9838460578837082]","[-1.462301788774586, 0.04872554226798008, 1.4092943683372856, 1.029809378953064, -0.0043501698202050194, -0.9530683068167062, -1.8025037585923769, 0.3025440788656947]"
"[-0.5080450817173295, 2.1590356123816172, -1.3359544125821714, 0.23975878262791744, -0.09734722393685805, -0.014678566600149195, -1.3877664202236546, -0.8779601416898475]","[0.5065206726693843, 0.5459880565359044, -0.476187810183453, -0.39296154097919905, 1.1752641141552345, 1.453002874860535, 0.7423448726068287, 0.44220304638455965]"
"[1.0221594022798315, 0.9655252953974989, -1.1519561631837603, 2.882150868586124, -1.0845784980037043, 2.1517312229268435, 1.4965399454168375, -0.5962516622659136]","[-0.07957806252057428, -1.2853827693050546, -0.1430577940637363, 1.2447631872295977, -0.9414076719774908, -1.049085684987225, -0.3560814523557144, -0.5684603325834091]"
"[2.002239891319108, 0.5345450841534586, -2.1042398856056095, -0.6398254388792247, -1.7496175519483224, -1.8547256166447372, 0.47488906261137026, -0.4567902871666068]","[-0.8550787620933789, -0.38898615009999815, -0.7581214694149427, -1.256294336209237, 0.322839238430601, 0.8670005680134159, 0.14741596928469708, 0.21273340298929147]"
"[-0.7365247191692018, -2.6208648962203487, -1.5932065830940525, -0.6178595813002065, -1.662852269391817, -1.4982235536021316, -2.1268480460818506, 0.1800728352038848]","[-0.011324869483681268, -0.6100090285273692, 2.058184716247284, -0.6516832886068544, -0.24289464718146303, 0.12598483354823273, 0.7026242079791409, 0.42267128733868015]"
"[-2.4514782143647325, 0.004979021548133137, -1.330900678366964, -0.048081088131868115, 1.6677601319949267, 0.057394262645617304, -0.46106144341130995, -1.9981455018289174]","[-0.08611399185912111, 0.6242886068915922, -0.25422316815622736, 1.0481691446525914, -2.0611951949256344, -0.4738412407755702, 0.2819740929374844, -0.7822398597284065]"
"[-1.0201020417646753, -1.4413716595527477, -0.5537792624153576, 0.6067683657793107, 1.5886233063321558, 1.1225750841825965, -0.9489155028095584, 0.37993805526472213]","[-0.9380896358710233, 0.6319585538746249, 1.5301874871564378, -0.9554007003925282, -0.41506961533337944, -1.2975436649318088, 0.0940849214587813, -0.2615685858973204]"
"[-1.3091101392440205, 2.4554947394190934, -0.18527637230549135, -1.3237672213950524, 0.007765530709838494, 0.6028425555350369, 0.5843353659984367, -1.750922898995924]","[2.344736812407642, 1.6015595294640346, 0.8297683607258003, -0.5170612132063823, 0.7761768778350855, 0.3510563528036942, -0.7293694722371917, -0.03438422562555328]"
"[-1.5614236249104398, -1.9978996155224493, -0.3121277487139797, -0.7604257992866693, 1.1020988541214174, -0.2598172352593233, -0.12173189135237503, -0.9473662626051026]","[0.025323442433655072, 0.5780012631273617, 2.308229085994722, -0.695329788840548, -0.5286674168274433, 1.1220714960634337, 0.1254980008155982, -0.3344849590944918]"
"[-1.8247380889939144, 3.1982998717765354, 0.5084297749817299, 1.5155389859384296, -0.23113323979216102, -0.8986547175214245, -1.1980435254125092, 1.6927127776832926]","[1.0489437950567564, 0.043865258345551175, -1.1913137118935642, 0.20650380832508863, -2.4362842369287327, 0.4906851485424318, 0.3752035406600907, 1.147372704998273]"
"[-1.3199410883385199, -0.9584104511572576, 1.807010984375349, -1.433377913422549, -0.7178058338635749, 1.4083273734707225, -1.6056325544947505, -2.0184052319075723]","[0.7452388216573549, 1.0090862865515444, 0.7746726768018978, -0.5643717881268818, 0.9003965657148566, -0.24442786619356946, -0.8544516256924642, 0.8386040876063334]"
"[0.4408807918497507, 0.34567476371306805, -2.007943101066381, 1.917648244168767, -1.684675237455521, 1.8224926221932476, 0.33874291928894734, 0.47798685550229]","[0.2112942870892909, -0.8115011498189677, 0.19629008331472664, 0.5443064053585329, -1.4097393037809505, -0.3647804896736648, -0.6930454205528987, 0.16039067748389835]"
"[1.1058111101263806, 1.1064560198246103, -0.7337028073188493, -1.079692431225833, 1.9413045883539952, -1.6155379909109533, 1.5288953100361224, 1.370030366281603]","[-0.08949258500268603, 0.3543022535509733, -0.7059936397420716, -0.24033216759979, 0.055526241586604734, 0.6630992468535228, 0.7468148909531305, -1.4701912092895566]"
"[-1.888927019922133, -0.21048143221363672, 3.377791839835467, 0.7709484873855297, -1.4148806680283572, 1.2004731499261754, 1.0669806962207966, 0.3610179172961642]","[-0.06395867542394335, 0.973157046203841, -0.7264221690161446, 2.1786235347554137, 0.629906308862015, 0.2318262505877121, 0.022952056624300447, 0.4153221960003734]"
"[-0.7933223883727932, -1.0637072723170868, 1.7544432963024965, -0.9169673732092979, 0.9384033674832856, 0.6662146402506363, 1.3874002746134009, -1.0530328941848797]","[0.2827578636876397, 1.697312767950988, 0.484022858137533, 0.7112431238298451, 0.9994753930394521, -0.206558829857925, -0.5597003184431355, 0.21646161671397332]"
"[-2.7640335584720814, -0.6326724871516388, -0.11373750849589145, 2.5812279094894435, -0.24568986233721032, 0.0012125630328693971, 1.1320373758142472, 0.6777518328079953]","[-0.026337628308195794, 0.602807311678961, 0.24789092399330387, 1.4461472530416024, -1.3579673276269157, -1.6253452137483646, 0.4548045560837437, -0.4639686447500541]"
"[-1.228276274016296, -2.2607698019257683, -1.0857624330491416, 0.895942880226821, 0.4031257120388606, 2.59979707914599, 0.506960383634153, -0.1600273871777788]","[0.1039477005318084, 0.4077855257217389, 1.8000831667823345, -0.10499035294700522, -0.7092528580485936, -0.7023179824664293, 0.9927248940426437, -1.3385309140600359]"
"[-1.4466040774730804, 0.9342562356899753, 1.8477940935598598, -1.6113508969574741, 1.3028526083351444, -1.1734520880212742, 1.362366326470674, -0.9975149122877762]","[2.9141897416686557, 1.2834357737622804, 1.4988995130945733, -0.40686564991350516, 0.7682783918142053, -0.6000969027342101, -0.7357861752225555, 0.0011247735247963575]"
"[2.135471454532232, 1.745539922757838, -0.34263741914905615, -0.45902177321436727, 1.752000737202243, -0.1850231045729981, -1.6406597399167908, 3.1414042699986573]","[-2.0049457320206514, 0.4431642836046897, -0.880736508995989, -1.0468746313861415, -0.463486691112514, 0.23839308643577686, -1.560613415554301, 0.29902397309126055]"
"[2.191009214203198, 2.455827188650436, -2.6752181128504673, -0.0928888631797005, -1.488940552300775, 1.3021882198583918, 0.5496881402366486, 0.26186696143671195]","[-0.7398085436100853, -0.9247418960930633, -0.33898557945065894, -0.07775431898070126, -0.6130741284399054, -0.10232555958109668, -1.9193328706532078, -0.3993250285754985]"
"[0.017462098946660017, 0.7323076379980704, 0.32088803170405494, -2.8574412519025407, 1.040412478548749, -0.35705891813072144, 1.0824988539923655, -1.6720799849109667]","[-1.2629295641306146, 1.8481733909591587, -0.3840693602414594, -0.6516073872586863, 1.1258092858091402, -0.5943065591638883, -0.9254907696178596, -0.13189338918313329]"
"[2.2357041486200218, 2.606057944684644, -0.922836506309948, 0.40047247507536937, 0.15886026072202677, 0.2925105339377288, -0.4163070606329757, -0.25444324438717814]","[0.1464560474174176, -1.2386144968149804, -1.4069504508129835, 0.11481960289048201, 0.2553290058704428, 0.06790138676129043, -0.4332138949025601, -1.0275117886398561]"
"[1.113452660647543, -2.3715284159714547, -2.2067299246506096, 0.6076706754696777, -0.7295525949541881, 1.0903289117840795, 0.003557329272847162, -0.4363355529776384]","[-0.9421248529450494, -1.8006759531476058, 1.297434282720793, -0.4943263474112584, 0.23475091269457696, -0.8059698767850932, -0.036298261067867536, -0.5306845902671965]"
"[-0.09796305798769618, 0.5282835857749375, -1.2350014745059048, -3.558704034125056, -1.000852725768729, -1.2275274418885413, 0.2511590464547861, -1.3660129143150392]","[0.6410526756653259, 0.5962869882524893, -0.0848145067940578, -0.10921046187349548, 0.5898632576594179, 0.23769506978099264, 0.49947882422868894, 1.584380353425478]"
"[-1.1031876445381088, -0.025474477653008986, 1.315905131642494, -2.282031477496514, -1.1076091636604666, -0.511300531498855, -0.5245798516234613, -0.8568237734749206]","[-0.014755343174361325, 0.6115799309163228, -0.5732878106920042, 1.0205477480438394, 1.4498384994256055, -0.244088359934211, 0.6200888816694283, 0.6325929911548757]"
"[-1.9361031255830352, -2.1041381645923, -0.39917640891192535, -0.11724293493054534, -0.5994083251200962, 0.12831639822172888, 1.2575695696639853, -0.1838927350406333]","[0.10952387399295309, 0.6417281860837106, 2.0699835772844053, 0.16862338490058215, 0.1708853160735039, -0.3660323803857542, 0.33271836313473063, -0.9665887238333913]"
"[-0.6345705777407372, 0.5908026472135611, -1.62140297489119, 0.7443699969744924, -1.9209320973682253, 1.3853268136886778, 1.006958659017632, 0.6750502609827204]","[0.38300851780324413, -0.41167962421271376, -0.10568474087974188, 0.857067083041088, -1.44063567865843, 0.04102024406204536, -0.361716223340297, -0.8089968000169165]"
"[0.44258674546767757, 1.7259930082073374, 1.9979001020609986, -2.14851409390208, -1.5516707823941587, 0.6639158820938388, -1.1536314481117453, -0.6775818150992154]","[0.5291143423660102, 1.009341277401396, 0.4775681572045434, 1.177276402901731, 1.5586082516885438, -1.1772444965310243, -0.9028513429491398, 1.4184504996112215]"
"[0.5432568117429485, -0.8420013453924537, -1.1710943885884166, -1.9382683924039312, -0.985367501314018, -0.2262652663423768, 1.2801868342924703, 0.4022462148081713]","[-0.683479115427112, 1.4188651932561192, 0.30665677849498085, -0.692256214078887, -1.097238692592174, 0.40129151105690275, -0.7312500637545958, 0.9366747680741305]"
"[3.7750491042794607, -0.968747580964276, -0.10953679820253513, 1.4016364933365228, -0.6000899829622921, -2.527878505982159, 0.4633367945314605, -1.040848180343572]","[-2.041872519424253, -1.4940453134286582, 0.7114679745386377, 0.8615847010011751, 0.23950987950298866, 0.7642609004542356, -0.04490100266695482, -0.0032848987930391366]"
"[-0.8465344473306117, 0.33439897391243434, -0.46345217066489147, -1.3409195813735486, 1.9171534423714203, -0.11372173696653556, -0.9700806779757796, 0.14378976522736156]","[-0.16726737956732063, 1.1208985429259462, -0.6895912975557044, -1.2331438401135606, -0.10457999804898348, 0.06269228137221282, 0.9989400092159646, 0.2811523763197106]"
"[-1.5053622647584457, -0.5524836654435826, 2.49685404211753, 0.8282968243888201, 1.6754977765780568, 0.37644090549341197, -1.2979583003216775, 1.6028776896062251]","[-0.5915651287581463, 0.9379202904404179, -0.5987386771948495, 0.2582894937745026, 0.5672250416310549, -1.4253759432027668, 0.7380084302031746, -0.5744201497202779]"
"[-0.5163196832128867, -2.0053457159087165, 0.958062838916193, -0.7993923950657037, -2.037337365275827, -1.4708853941100823, 1.482578465557264, 0.8046272582265955]","[0.6418927857027924, 0.547696580277187, 1.057122378433722, 1.1673058804371188, -0.4992689178954446, -0.5622192526334007, -0.48116699903546084, 0.054734988656177624]"
"[-2.8362895689946273, -2.808507723322999, -0.41571548202545716, 0.3343141548635766, -0.7613739454912487, 0.6741586401837483, -0.7825156880622959, -0.7606961697467706]","[1.0707330674176965, -0.06056200656171452, 0.8537354862584933, 1.6165883102383682, 0.11139767255789594, -0.6791016170744544, 0.12981737697453166, -0.7903290831237348]"
"[-0.5549325730152805, -3.1287139836457287, -2.8506751906639005, 1.7233879246356893, -0.3384361041704606, 1.8384074924781253, -1.6519127218690275, -1.4689135624376504]","[-0.5930302580009866, -1.4920943888674703, 0.41790284039236925, 0.15037569672094095, 1.3155360801726106, 0.49554800366557744, 0.9991601438222837, -0.6800310120305455]"
"[2.4736697719274834, 3.47625282167268, -0.5901828856891329, 0.5840491868291853, 0.9781328247614276, 0.7047241986466303, 0.41507190182820214, 1.1728314018148656]","[-0.7783226219375251, -0.8682010370424981, -1.1376905049686927, 0.13222372867143325, -1.1941813213632444, 0.16809668632543984, -0.5100415137018055, -0.32548770126823423]"
"[1.6088640709099769, -1.6262974922242537, -1.7659003934064637, 0.4010903911522507, -0.1856062047956137, 0.9772460752081596, -1.2340996815014003, 0.12577914783551888]","[-2.0977743979994368, -0.042849239112588214, -0.12242113216654261, 0.15296535179829873, -0.548480078293072, -0.309527798113631, -1.1343616458066268, -1.2872298065783931]"
"[-2.6949478734789096, 0.017400584742829513, 1.0900013123500627, 2.412398727915062, 2.2249899982044137, -0.11587120354671811, 0.25749500862546126, 0.11312898655162389]","[3.741565836062929, -0.24425878440044485, 0.4867535189737858, 0.37886894692590695, 0.5943144782045952, 0.772295311277748, 0.7802252917637388, -0.9021323181622569]"
"[-0.3099696065847912, -0.535376897412102, -0.3993703043805286, -1.394303487329312, -0.9269458695723248, 1.3558395863287078, -0.43964402279515274, -0.5423044069151345]","[3.20636395541441, -1.3125420002746628, 0.6343380207764502, -0.22601682546921847, 1.7973032472948431, -0.3514238341863129, -0.22681647513079123, 1.3124638750747581]"
"[-0.8726943053064872, 2.072971207074006, -2.2368554261488396, -0.014804298779228108, -0.15020163566898728, -1.1538152521260465, -0.20904718078780068, 0.2008823770367402]","[1.5309646697138537, -0.748061697954938, -0.8861790837466352, -1.0710913499086006, -1.0338847808295701, 0.22456839487257296, -0.7566676493379327, -0.18669084334645822]"
"[-0.601213672226068, 1.2310451101566682, -1.1052085019761468, -2.5261327637879942, 0.5401175955376163, -0.6721906682705656, -1.9525398590774532, -1.7426311301441662]","[1.2035303836637008, 0.6028441076320805, -0.12928299805410284, -1.3279898746267955, 1.2703070115891224, 1.1796639963031221, 0.743187369128051, 1.763272435641722]"
"[-0.546705383582131, 1.0350303105480358, 0.44431421351753164, -0.7268886847461065, -2.037103468172268, 2.8803209840213118, 0.44467935969787636, -1.4850675990278581]","[1.7748256800460045, 0.6051602862543299, -0.4196693785865422, -0.46838377086901195, 0.7288334460448634, -0.8734680115136249, -0.44022991106338605, 0.712776204162216]"
"[1.4324775380954498, 1.7733115558165924, -0.3479974895370112, -0.3759589917168803, -0.37286637033520853, 0.8504568861411174, -0.9305876021295361, 1.877411042896755]","[0.22352867722468014, -1.498560221342655, 0.04958198217825622, -1.0366887053709868, -0.8254118316014454, 0.06378253127880713, -0.9092976846835792, -0.15140213272832867]"
"[-0.06213779291775119, 2.715266541408154, -2.425994092643833, -1.6280318065454633, -2.3715820109044508, -0.3845619786868694, 0.11227510634364171, 0.039917651906539835]","[1.4938441077232067, 0.2235837355784077, -0.9103979229952682, -0.3123172474804365, -1.0790286824850974, 1.76974928720453, -1.466361975104624, 0.6049408024301519]"
"[-0.24516672611338133, 1.827367870048864, -0.9984135741244973, -0.3803411728924346, -2.7023868043344055, 1.1817925566451233, 2.976986238855352, 0.47842596080052746]","[-0.18045248166245276, 0.2342468302293797, -0.4260906846445827, 1.5554273203226356, -0.5047672826295281, -0.6572014589137007, -0.3954455627785026, -0.318521888492634]"
"[0.6004814365916752, 1.0540193137340204, -2.640160305772779, -2.1884899872699584, 0.3226111610451761, 0.04605009473211705, 0.6556712108662633, -0.5732961930565258]","[-0.21723702823179292, 1.4535394955446979, 0.9308762936181421, -0.9981017704648426, 0.6084195487226558, 0.9029893732952798, 0.01845974316589975, -0.07827057821699009]"
"[4.632577917375032, -0.5715167149624187, 1.4060166835927994, 1.3269345243073358, -0.2570663641962172, -1.270577932695479, 0.8075165347810382, -0.761924067448888]","[-2.1880458384146206, -1.8231817248611104, 0.6048600680825371, 0.5290014414700962, 0.12751927300399668, 1.4115887795594857, 0.21387380066092218, -0.4185307618500465]"
"[-0.7184714409812176, -0.07986560822936807, 3.223020894245772, 0.3202963742175559, -1.4342842099220459, 3.1336133482731583, -0.7066922984425018, 0.9424413183365447]","[-1.0944186792964627, 0.8559341470605848, 0.4842523748993439, 1.484035071921971, 0.2905408666728046, -0.601908195029421, 0.2174640493107913, 0.35365849352209294]"
"[-1.4904667815205195, 2.269079394451366, -0.8991528082742372, 0.26613880734788603, 0.29508507505778764, -1.4403459969083063, -0.7959887910188173, 0.2405220126079683]","[-0.015248016501290599, 1.5970263326424248, -0.3676753543255908, 0.18635695907442884, -0.7210973829364085, 0.7507272483853071, 1.3940082922033503, 0.8862109427397123]"
"[-0.7185344885195555, 2.5237098219400957, 1.8455318262960252, -0.14920399936289042, 0.13899481587345308, 0.5467172953877902, -0.5738549360306598, 0.43025133625042894]","[1.6598958040181395, 0.2927766327530451, 0.14141904485028564, 1.259559667745001, -0.4812371203119576, -0.14187110010682136, 0.25052286746442026, 0.7323690711420376]"
"[-1.264977178004459, 0.9794853575492656, 2.9483669553035248, -0.3550110658683829, 1.7037158474106122, 0.04845411742995076, -0.07574733803484628, -0.053357353499135694]","[-1.5825879248003003, 2.297720694407636, 0.44855101548798215, -0.2229904694566432, -0.4248553453603732, -0.38969707501264395, -0.28950965935456574, -0.46501452197951804]"
"[1.5338091723114406, 2.5712208040176967, -1.9851806533427192, -1.1254179569371159, -0.8755852762797973, 1.2135919614127502, -1.498547116218989, 1.1472149898028947]","[0.5639573905099281, -0.0881375189953705, -1.8432066777466625, -0.8773763130454313, -0.7019725724403477, 1.1084198583084266, -0.5773709350438564, 0.3889709104839038]"
"[-2.866872381479865, 1.1215136530919458, -1.1838491689074613, 0.7946786727088059, -0.17865111382280272, -1.2339881050338881, 1.894035796947937, -0.009265196427226523]","[1.4497239110805844, 0.14361092230056594, 0.23516593909396674, 0.762367152158521, -0.6008422370927043, -0.07014037789372644, -0.3080479499238093, -0.7215425357654716]"
"[-1.1781986105940474, -1.1587505985403788, -1.4384701404919213, -1.6395389066344728, -0.3345209187403272, -0.3002154167797344, 1.8940246660049893, -0.7319635413566984]","[0.054623546478186916, 1.9554706037540537, 0.4785310812143703, 0.20357746509504232, 0.9144895130433224, 0.4547216494066139, -1.6628789707889278, -0.7801033199262988]"
"[3.6803702237377762, 0.7749676853156173, 1.2098656726520667, 2.9983501006997013, -0.709498025804927, -1.426587729123748, -1.1914957452992523, -1.517590552596452]","[-1.9718601795700077, -1.512102357628224, 0.25247306848275086, -0.019834429476812344, -0.43601234629996743, 0.8554365289029938, -0.39368014873745666, 0.6618518247644812]"
"[0.29800509681153703, -0.8323397412698722, 1.5008930663550106, -3.6969834733510076, -0.23088805403638205, -0.6084856137652145, 0.5551027437787056, 0.772747967203281]","[-1.4189481763119538, 1.6067671266834629, 0.3792202849041105, -0.49462491233032857, 0.545766049152151, 0.313020468956846, 0.18625893185192885, 0.0009055450671463238]"
"[-1.3890062047168676, -0.48749920230546, 1.046354353943765, -0.2912264234112785, -2.8317690543719998, 0.7249691594812483, -0.34385770286480627, -1.0654347889844782]","[-0.30442771815484043, 0.9123315913707469, -0.1929230838889948, 1.689344400745931, 1.002390791215293, 0.27723829929598853, -1.1949038164255916, 0.30575315231635397]"
"[5.622451555280537, 0.8017729457104904, 1.833957615503272, 1.391910215008705, 0.7997978664967725, -1.1753102387485772, 0.9125055661445213, 0.46491690018312537]","[-1.1872404728101273, -2.1387731099658436, -0.2602155965004304, 0.48575478016123824, 0.13323068856131862, 1.620454771040296, -1.0580483727222594, -0.2993875902098575]"
"[-1.239633205990864, -2.0760861177623378, 0.18101702591690727, -0.5533705848478022, 0.20378531488828466, -0.28830383391847775, 1.6432380472568646, -0.5025464581648078]","[-0.2441645216065067, 0.6770404284083016, 2.4578285751670723, -0.817911052253293, -0.2633499108115576, 0.05172552481655751, 0.1502172035871551, -0.6876930233437929]"
"[-1.6756630107843171, 1.323715021967588, 0.3305950941427924, -0.21450966372218133, -0.3458982895896116, -0.37598885474359744, 0.7103058703268196, -0.4125414236000256]","[1.1763886706380329, 1.0286187974912955, -0.362404779736536, -0.5146390089819777, 0.4306557243421852, 0.7180619689839423, -0.2337831330788397, 0.014383715084780896]"
"[0.7861007512704338, 2.0397392997127963, -2.891508935938972, -0.15858146684216748, 0.20313392048099677, -0.6347675400398295, -1.098496165708182, 1.0151123747255832]","[-0.06087342976375363, 0.17408531676588831, -1.5332033671249892, -0.7043199932375542, -1.2989132863552153, 0.3739694361188756, -0.34339607924579707, 0.6969377345299376]"
"[1.7808918970946395, 2.6637432603258437, -0.7453972872998769, -3.294568292226438, 0.010265897107469633, 0.3697662793765549, -0.24033916403258745, 0.7046001400586698]","[-0.5967809429197515, 1.7376236713332993, -0.6503609402613032, -0.42495657135609655, -0.5613775605007949, -0.865492711430313, -0.7664536727399924, 0.10112347713240506]"
"[-1.2647178359703397, -1.7532268754378935, -2.2036690195405844, 0.5163248147931535, 0.5467351308750226, 0.048255509461575447, -0.010940313700238982, -1.0885128986431272]","[-0.888714766989536, 0.7448483431396561, -0.4591378115030542, 0.040306895086417625, -0.0027662346315527183, -0.23677977618612472, -0.18265932188385814, -0.947232390988425]"
"[1.5952514634475283, -2.267357562514486, 0.6313897838100253, -2.8009390048963625, -0.7768741536557727, -0.33421370683836216, -0.6623804205604471, 2.057443219923418]","[-1.9917833078645928, 0.44465261518329136, 0.7061289680681208, -0.6892486639091235, -0.7098254042329076, -0.33220711446712625, -0.591379507970149, 0.8557322063472734]"
"[1.5229270181371861, -0.12904761490690178, -1.569947435730429, -0.5873052680636449, 0.5979465409919569, 1.302028240585359, 1.0802914362774396, 0.10007453173488691]","[-0.12254518868469673, -0.391969358778441, -1.9094335682893784, -2.041622633483711, -0.12085815190326847, -1.968790837414346, 1.0940603249355, 0.36728482566877724]"
"[3.508465496014303, -0.5790106773075496, 1.3856633754259187, 2.4644638870028976, 0.12615018830574676, -2.730479584802298, -0.30382894365397767, -0.7361979043056643]","[-2.376874206535205, -0.9199625085276519, 0.4372149671535396, 0.08794509339439013, 0.22129778449025433, 1.5457363060275267, 0.8138622860105217, -0.14097295174511998]"
"[2.7455411912234036, 2.7695271497227885, -1.4180364424079672, 0.33440409678673, -0.7988660573260933, 2.346989628279792, -0.585002851022937, 1.5344288532645125]","[0.37904972455532765, -1.4060805752660381, -0.8552388392506521, -0.6498163685884326, -0.6405466609798024, -0.12571541068362035, -1.4028862477006214, -0.2468492630526723]"
"[-2.516419625817857, -0.8921546704622023, 0.8356503133823662, 0.9033181577939263, -0.16664966987964347, 1.8634745198673492, -1.4431742331547872, -1.007664065045263]","[-0.6223180310871653, 0.641305123817281, 1.5728835609520488, 0.47538867779103944, 0.9415143829992589, -0.3862044118327956, 0.23881226956742765, 1.0381160587543588]"
"[2.6963076741479197, -2.9408714376240974, -0.1265075290123993, 0.1397011601142388, 0.5247114943147015, -1.3334600423231266, 1.243056141047038, -1.4501204226391233]","[-2.302879182511157, -0.4968858122149298, -0.01532943294977367, 0.5646447974523949, 0.5492886489526156, 1.2256583042112357, -0.784254108185005, -0.38162481613613475]"
"[0.8665916261848733, -0.9924422734254943, 1.1800301585562716, 0.7480497703246602, 2.7259241334768376, 0.9361026603561898, -1.3354852566831579, -0.0967729123925283]","[-0.9411484961804804, -0.7594312739452586, 0.4936330499107983, -0.49045129973754004, -0.6579376017220596, -0.6732955351620868, 0.810151949904166, 0.26793111678265624]"
"[-0.4038530203095072, -0.8798769944236045, 0.2987894879692098, -0.5878543121727084, -0.9307604897683106, -1.299608531535863, -2.6852271639583516, 0.39045621797113805]","[-1.45282200220376, 0.8222973811052527, -0.4714308162412316, 0.2676370429461348, 0.12889854779052135, 0.434313618616932, 1.962610008709316, 1.5000921014042046]"
"[-0.24379516823179728, 1.946547799617138, -0.7524914959595127, -0.13659857693694527, 0.5659297903191965, -1.5931871488989973, -1.747021335980925, 0.9794889596183514]","[0.4489986641941782, -0.22116623780470818, -1.280532467420367, -0.9581557304151112, -0.5527663731397959, -0.3322154408312237, -0.745929587695232, 0.9416096044577544]"
"[-1.5489319425293038, -0.8569371007293094, -0.4960684500112464, 0.643568198063056, -2.031526704387695, -0.2342464347835113, 1.9652889510114122, -0.38915927027660263]","[0.5107599623936966, 0.453418164577682, 0.0471135789711022, 0.2929400639674379, -0.7182935393454706, -0.5581404501995842, 0.14565647610184737, -0.5649093455364704]"
"[-0.1279046892291631, 0.5756448418781176, -1.8744258997723793, -1.520562763495669, -0.05710698653950754, -0.059480696644575906, -0.34534476581989976, -0.886422841494272]","[-0.6573614795783059, 1.4485107173481442, -1.2601560154959566, -0.8439331086789301, 0.48620641205790877, -0.8966295929570396, -1.241315022170127, 0.3113136680492145]"
"[-0.6798699590602785, -2.147337433816565, 0.5161155125604465, -0.8851446212423552, -0.4595820827592991, 1.0921796631209797, -2.143385294991005, 0.8803955473402316]","[2.3267896401827706, -1.029262790504694, 0.4001505239851082, -0.7962553238853286, 1.249867087400382, -0.10019476767324499, -0.017610710078686104, 1.9709415207250742]"
"[-0.35685617939102066, -0.9171060440201948, 2.8815513330269487, 0.973675481903384, -3.087186426045736, 1.2988794059452256, 0.23444681736401768, 1.5763037757484477]","[0.3937811391904655, 0.16832723647895684, -0.07613589179984502, 2.17241397752545, 1.0465391530591883, -0.022928543215793733, -0.504724845813329, 0.14529846844166386]"
"[-1.3924075127538256, -1.2408949328244478, -1.0707375684906335, 1.0116671308099037, -0.6382448274366239, 2.098085371844606, 0.111478160513769, -0.4550826967516304]","[-0.293019250429026, -0.9051147176343848, 0.2234539143304669, 0.8249657574553267, -0.6007428135581447, -1.0521655859514312, 0.24962289884407515, -0.5984358231968493]"
"[-3.3481378797927936, -0.4537843124524602, 0.9113534426665256, 1.6245542413679404, 1.3294158152648063, -0.4005945527140221, -0.04441080998970592, -0.35164371052749643]","[-0.016556885363357404, 1.5590465564183025, -0.31286310362482544, 0.9013179835154238, -0.1530302434719169, 0.1992516926525463, 1.094855199288752, -0.48835557973777827]"
"[-0.33630123972702614, -0.28413649953807324, 0.9288527734342473, -0.7576899380920465, 0.6332270102925375, 1.2490435237294104, 1.112694367630099, -0.8016152821793042]","[-1.659167694577182, 1.5513150793455757, 1.8550236281704755, -1.036679745866638, 0.008503391458463941, -0.39531189714037124, -0.6679565419806612, -0.10575302803511324]"
"[-2.881177144184678, 0.34484666124598445, -0.22489018686138804, 0.9922195822307265, 0.8479042375828681, -0.4225843508588666, 0.8482877335383058, -1.018778508802329]","[0.9304329876511448, 0.31087467755796583, -0.7511017650017016, 0.09017283318674972, 0.4224756234088873, -0.7905155721884981, 0.941517336964502, -1.442267323892503]"
"[-1.1454169559609833, -0.03318820259556192, -3.340989173690323, 1.1900962456033617, 1.3324193535943678, -1.0103309862378056, -0.08930308198383878, 1.0259326210170536]","[0.49529043742585055, -0.02207928412871612, -0.20718648359764477, 0.011031077357426266, -1.1615766396762035, -0.6281456782855223, 0.8469562555557616, 1.016124456875542]"
"[3.186510031527608, 2.1463056725042358, 0.7841371724891981, 1.1910871570362511, 0.38077395885664717, 0.2005776630296781, -0.3888678675066724, -0.3234334349748758]","[-1.5656106154847118, -0.11543625760186728, -1.1262208044152417, -0.11466239127195878, 1.1117935282039155, 1.254800648275434, 0.4089990625988319, -0.41967165373057536]"
"[-0.6479159099703033, 1.7758798463852623, 3.238961051094024, -1.8102213882314178, 1.5399801384310046, 0.0010087288039107257, 0.40689813238735606, -0.6162908394478557]","[-1.1402342845172033, 2.3978303649245576, -0.2432813632118655, -1.1521196092980561, 0.2614195159791028, 0.01135710096163796, -0.0326724270180983, -0.5024796258274242]"
"[-1.3213441157078272, 1.9789246934790499, 0.30386405668994765, -0.524194426967397, -0.6909756842935684, -0.6474472799698743, -2.5034366438222584, -1.550004781790547]","[1.6922698770065692, -0.3391141569549436, 0.7090985981352658, 0.9130400573986455, 0.3765284544879039, 1.1691438842992887, 0.6598509167936345, -0.17705410883202422]"
"[4.774049233226154, -1.0557876111196929, -0.1346760108774755, 1.3949193195106726, -0.9192609558395392, -1.738732281500715, 1.5122083420147248, -0.891840288623527]","[-0.7137676527998994, -1.9949129381170725, 0.8866213376125152, 0.33937552999223125, 1.0039739983919405, 0.6668547888336563, 0.9612997751061394, 0.7030155798158825]"
"[0.33689049186789294, -1.8597400805766728, 0.14558038312488625, -0.2720190595673885, -1.8509891342754292, 2.837159480641575, -0.9603229921543252, 0.6342717411538956]","[0.45031677041895257, 0.03288651500571951, 0.11261619671100248, 1.5461789132182149, 1.0773394945663402, -1.3369079550733236, -0.6285326258610551, 1.9327780448043386]"
"[-0.4644502491631207, -0.7621710104670976, 0.5831566873536563, -0.9601794950678305, -1.186447630309016, -3.2681365944864074, -1.1941854090628774, -0.43988053578085834]","[1.227276747889555, -0.778161883785887, 2.0123551300173816, -0.0016544675877349939, 0.2738745139420656, 0.467666228559374, 0.7038368025369378, 0.015399220783438198]"
"[-0.041322701049292566, -1.7428303453266514, 2.3129208624755795, -0.3204751387041147, 2.1538438190472755, 0.30857993275665624, 0.10685881166036391, -0.12334083191980934]","[0.40648750970309144, 0.2684855766160776, 2.056308457752123, -0.9940304811779527, -0.4249019664584105, -1.0762206838781891, -0.7401239370046043, -0.9319583931536722]"
"[-1.5343577013975567, 1.3070298243404619, -0.3592059310996524, 1.8084796045115388, -0.4381965807317408, -0.6341548921470825, 1.0502426893908086, 1.537190689802495]","[-0.4294140612135437, -0.19938023775791916, -0.4552361066555783, 1.0369153209879123, -1.7152320645300765, 0.2559432978349637, -0.9448946562418629, -0.3152623544493409]"
"[0.11666700230026301, -1.5940293273855597, -1.4893623456888558, -1.209211238403336, -0.21371546971773228, -1.8354751006796493, 1.0391840354743187, -1.3595864081898794]","[-1.6549647541886787, 0.5268689553782531, 0.6165035483809943, -0.002749349005289378, 0.2846749831023276, 0.207603741067368, 1.3816137422801742, -1.180129648591978]"
"[-2.580685767664575, 1.9369410467769796, 2.339396397271195, 0.6064813729216759, -1.2991764532226928, -1.1580581009818012, 0.9183581828036199, 0.27559569333659334]","[2.608028072546069, 0.5165271079733907, -0.2648843608553741, 1.3613932173199, 0.6712246514531873, -0.36905942011362336, 0.35031755795976677, -0.35394822327282405]"
"[0.6989135217258919, 2.0063286599834775, 0.7899597504168614, -1.7622574477417525, 1.6028798068113022, -0.7882248274564293, 0.42085540614319644, -0.4409788165838687]","[0.12829910108336331, 1.309533334852032, -0.04410372530551693, -1.6788986736608686, 0.35144040834596046, 1.2848730756845972, 0.007117987814700255, 0.3459968095168495]"
"[-0.781393184770528, 2.0742701484081403, -1.1534245626746518, 0.9448587336211495, -0.46912630987534454, -0.7893574872174047, 0.9998135983152442, 1.4279168581311432]","[1.526346569728506, -0.375555518242537, -1.2325648809938463, 0.5591840118829204, -1.376090069545208, -0.18025348094209767, 0.16569492578592504, 0.2360693282923446]"
"[-0.6141705108257408, -0.8598220718370491, -0.6040200085680253, -1.4007624296663042, 1.654161130258125, 0.47172273109392704, 1.6903363812053045, -1.1615417716835323]","[3.266469816524999, 0.5554623497917488, 0.6095336681358421, -0.24007318378938294, 0.9137557061147596, 0.8157946956498258, 0.4067399164865485, -0.16752435527761764]"
"[1.5036692474715212, 2.215921614524245, 0.8058316297055929, 0.6353614921360157, 1.1436329405061636, 0.42944891721579787, -1.6049762417576434, -0.1365571595218464]","[0.2954788878177976, -0.6544808591939216, -0.2725838552088244, 0.12078625358242533, 0.2846933067131827, 1.520413219793996, 0.835494874845242, -1.0448325132523686]"
"[-0.5601081488450685, -0.7830520468368855, 1.341580888838839, -1.262451050579202, 3.447135034624882, 1.2159452897556062, 1.9201057256363725, 0.9973985174078467]","[-0.33055098514676784, 1.5711820571783457, 0.9007810384739092, 0.23494838250131514, -0.1296362456681959, -0.0814208685324137, -0.8654862510092667, -1.2154505312153518]"
"[1.3124346050957605, 1.0141113128871688, -0.9858795237615332, -0.8038559542664128, -0.5166642916189583, -0.43362626812710703, -0.7230888084610542, 1.301079477875073]","[0.4070728172534152, 1.0538767295921214, -1.336606274442619, -1.0276072094743285, -0.24533846556128838, 0.8367914345995837, -0.10336918651116139, 0.6655970820071907]"
"[0.29633952768120614, -2.5477748884294122, -0.5421316043214577, -1.434468279830938, 0.4827636129038209, -1.3899947695005324, 1.2532477763097254, 0.36599262603654104]","[-0.1452387611374563, -0.26202637690172853, 1.9766644101400184, -0.15709693244611017, -0.33958124995793615, 0.236185283508628, -0.04653373330131979, -0.24911330963479097]"
"[3.2665413277573077, 1.9933694498136314, 0.08889118277161182, -1.4356983898993183, 1.6489925469683704, 1.9115373166444887, 0.024086774130386027, 1.7582355060618369]","[-0.4306079362543725, 0.11995876642511666, -1.0261162586941437, -0.6267981041194429, -0.12074765714984807, 0.7282322223882429, 0.0361808459424183, 0.2626209192277398]"
"[0.9846829436017914, 1.792990187395125, -0.5119201075241306, 0.4907589069649732, 0.9450973204533438, -0.04448826013103364, -1.4043351523122396, 2.423909002503242]","[-0.6362992774353834, 0.047859338349778235, -1.340613572025823, -0.7834422866629058, -0.49530921755106244, -0.15938237312022144, -1.145986924121531, -0.1420484442854644]"
"[-1.6932975205870073, 1.7485671431311611, 2.7533479513004724, -0.7317479937057435, -2.687110170649954, 0.1123471805706601, -1.57433096464041, -0.8525263490962813]","[0.005685177559116414, 1.1700193710636813, -0.08472103297100544, 1.8060739867314615, 1.4610286866366178, -0.7174185757759683, -0.7809690297733086, 0.811040732966092]"
"[1.5881814361504498, 2.2914794507017606, -0.11241230532095552, 0.4612144785044773, 0.9762392517204811, 1.324432149087573, -0.23025519919519746, 0.4402087169363084]","[-0.9122459510830508, 0.7058030396045616, -1.4505733578292406, -0.3717905851298956, -0.50223563076501, 0.09788846393086574, 1.4868762689166755, 0.4776332545089432]"
"[-2.5923873277683693, 0.6096787251763978, -0.3757558115246898, 1.856170201593369, -0.1988746523757341, -1.3909111588057312, 1.3577796377542006, 0.8979875259419086]","[0.23783973977106332, 0.1172133893213424, -0.5196190333189383, 0.7671678595493691, -1.8984273149301398, 0.1028337071911154, -0.1197021507881845, 0.03135164885797555]"
"[-1.439831009848427, 1.5380428704377405, 3.149322733595816, -0.6196143724920622, -1.569090725182953, -0.041560266121165895, 0.5360560811509515, -0.773543425706379]","[0.6796813618773627, 0.867109175889056, -1.221502894240304, 1.436584682124339, 0.4930824122973471, 0.43076923727803285, 0.39763328278315757, 0.4296572469246588]"
"[0.4028624694850037, 0.8808814218690121, 2.932824391616306, -3.3173975219953724, 0.5093394771627738, -0.47786275858525296, 1.2402238036868494, 0.3670353034029936]","[-0.6762595890464096, 1.8604454598275562, -0.962850949519396, 0.6614468839436523, -0.2555594027397828, 0.6753132001172969, -0.34104080600430425, 1.455796796875722]"
"[-0.14810373417793365, 0.04961661044532371, 2.8294475625690825, -1.6409839583698382, 3.0009199616055957, 0.04873536646377602, 2.8499845756328988, -0.4070264063454443]","[1.1656074455206977, 1.6034445263129113, -0.13366783862179224, -1.4380664676322734, -0.18236611867454025, 0.44278248389602065, 0.029725698646770552, 0.4509767946084586]"
"[-1.0625146028809818, -1.0088445362468401, -0.44322896659722344, -1.1793429895514385, 0.013002288606075952, -0.7114247421584197, 2.162982233261831, -0.9701897133470211]","[1.2108399090482436, 1.208862903357538, 1.533748777158445, -1.7453614799100023, -0.45790372076590535, 0.03646168477271063, -0.5249083665650031, -0.3260864404047602]"
"[1.0354776238126702, -0.7048251259394233, 1.017347604995, -3.585139824899627, 1.5378082511267652, 0.19495298771600303, 2.0645193489117615, 1.5090179052524946]","[-0.8370909165731241, 1.1595552126360757, 0.7618241480323414, -0.1230765011944673, 0.6958309080413095, 0.6052768267518969, -1.1504166760641013, -0.3966685084902181]"
"[-0.5666796649151675, -0.8158956454356073, -2.1494254767387315, 0.29297072716125827, -0.006008391032312687, -0.04840124876040309, -0.09409413153311831, 1.0727895489832262]","[-1.3277189258721651, 1.1213653123775429, -1.2020744846710316, -0.14242788742637166, -1.008318173619924, 0.16152380817699372, 0.7115670120144109, 0.3065279632865306]"
"[2.518038977562886, -0.14014438860554326, -0.09008382163250014, -1.5731085884045275, 0.20119698273160594, -0.00817487376528627, -0.9717050931582949, 2.5358371971794247]","[-0.17402897137589504, -0.9584131035484602, 0.445569369189489, -0.9698289064036816, -0.629850768462958, 1.0663907251481837, -0.8495939414416993, 0.42923335354195774]"
"[-1.8640751791091486, 0.49863906858083507, -1.0165258078705761, 1.0260213079117306, 0.6724720611475741, 1.2264637103977793, -0.41559043725414957, -2.7040349104227324]","[-0.07353189532921645, 0.46289268589740634, -0.15487454801226222, 0.2898623291837148, -0.7696479760947303, 0.6497506115779595, 1.2184868704535368, -0.19896468167551423]"
"[-1.2115180544721162, -0.8569044280325864, -0.3912112641671861, -1.6679433650057764, 0.022533799760672466, -0.22593282713882365, -0.8530445910642799, -1.4239038594748565]","[0.4485262276493052, 0.532443192059427, 1.0350456897708817, -0.6167367558912826, -0.7099396345044618, 1.2610057315895935, 0.33377636844712016, 0.48333432121136766]"
"[0.5248099312279155, -0.41979569892023577, -1.5241135465603717, -1.4151948458797188, 0.8992698855449924, 0.6177328226345291, 1.1702539225645079, 0.38569446152478126]","[-0.4693619211889725, 1.0861693040140932, 0.2782150501653949, -1.1892948667900092, -0.5074134132111496, 0.4181527100010851, -0.9639321955107565, -0.13864495153236817]"
"[0.4341696299788783, 0.34551707932469444, -0.8811937856183516, -1.4174157414470587, -1.0968593167448693, -1.614566945545101, -2.3752786538925283, 0.2529821612614877]","[-0.5433694434803323, 0.8263405187263745, 0.7290322510205123, -1.1791844592041238, 0.5210307225533695, 0.917592957255683, 0.3023582356838076, 1.1413316498385213]"
"[-1.9137827564596739, 2.4400153899703896, -0.08306546875954689, 1.2916685809653714, -0.08890772329955458, -2.034395127908211, 0.8102981369757591, 1.2176765276448196]","[-0.6742214587231674, 1.0371331806250725, -0.13980571628754276, 0.7166168457884082, -0.5049859383417622, 0.8999230378733198, 0.06952426921059711, -0.035177896300694525]"
"[-1.0744607325264552, 0.35980459542118, 2.50686731387496, 1.1593876295182715, -3.339261255745393, 1.8813814012619816, 0.783986735378137, 0.9373695949824866]","[-0.5628024574547772, 0.7388695042675948, -0.6210831739225142, 1.6233337442767068, 1.126691119931142, -0.22271853401190547, -0.8934945563794889, -0.19844297977959602]"
"[0.8658802119210636, 1.0699651159015475, -1.2664230955868538, -0.9722096648949652, -0.1886263214659496, -0.7095890075645205, -1.8693224535382693, 1.4000759991199514]","[1.4069910478290435, -0.5001469503237519, 0.10316541512687626, -0.5458609099938672, 0.3229055707595216, 0.8345109103485385, 0.5173219434876566, 0.6805710430365624]"
"[1.941046692712669, -1.6395509449398173, 1.3264003181813606, -0.599730266150347, 0.5313697532066052, 2.4358770238356384, -0.3136995666863051, 1.7243667946296835]","[-0.5804016998151783, -0.9868656036847142, 0.1259939304742778, -0.598389157426628, 0.16651995149820678, -0.8749433055597284, -0.6448504638824888, 0.0362215660201454]"
"[-0.9195845823283932, -1.6391508674063349, -2.0588635780113536, 0.5305105469848468, -1.338714647583521, 2.5984903758672537, -0.49365793731411944, -0.2911954322183367]","[-0.31504164201971185, -1.3090296515354625, -1.1271725583577596, -1.7804059447207297, 0.19745659694515028, -1.2024134915312743, -0.28688237379489334, -0.5471184941084387]"
"[-0.764361226484124, -1.8375119069952366, -0.4636049747843363, -0.14426846239618393, 1.0081385458927175, 0.4579678739829028, 0.28835085446563913, -0.6188179758276059]","[-2.4164901564710033, 0.5591036010026887, 0.19062660304864126, -0.42921208501546393, -0.648438684032446, -0.7385616581933085, 0.9164292162007064, -0.41486659110476326]"
"[-2.6587185126810153, 0.5259553417958371, 0.3423030311937534, 1.177738554430413, 1.1812155403762197, -0.00256962697864242, -1.0447919160299273, 0.09424334849685742]","[2.8555802143822135, 0.8104868297076931, -0.7626272958809284, -0.49749305463446514, -0.280496635415501, 0.11804135247343739, -0.025994079407504086, 0.38098704263347355]"
"[-0.1403790706788956, 1.3452111822491957, 2.156161105862677, -2.7036407993842855, 2.886027645175764, -0.610571412759408, 1.4808227339947022, -0.6372301538037786]","[1.2353286911497912, 2.157700968979543, -0.2725161050525876, -0.5660856270965686, -0.032806881890918016, -0.8409856468723498, -0.7743652742595215, 0.6782812277162982]"
"[-0.19293369442459113, 0.007731263576608437, -1.1624279241692044, -1.0665513050961408, 1.0845807506012566, 0.7058553562693889, 0.6252366729324135, -0.26805660458820857]","[2.2504070290009537, -0.08541205706782513, -0.15061870164416885, -0.3497090603811479, 0.39189570711322624, 0.7338324167984298, 1.806158016891196, -0.36109680592384]"
"[2.124811275120383, 2.937032783835556, -1.836290104041957, -0.7768686188602983, -1.21865004662604, 0.7779124811693741, -0.03612520511941152, -0.06261585206590185]","[1.8059309011582818, -1.7722869567602113, -0.6231223183963128, -0.7500611793186677, -0.5669276196052827, 0.6402074190481191, -2.1231982548520856, -0.7255866970252278]"
"[2.8493453136283797, 2.3483096509715273, 0.6287010512039148, 1.7552741121258066, 0.5866637954278529, -1.1183976835042109, -1.2060684922896179, -0.6013354143486476]","[-1.3301551327945313, -0.08695173358090398, -0.45797044644252166, 0.41690301480535286, 0.4550041473231493, 0.6068846705670491, -0.6909562081594469, -0.6760362395890847]"
"[0.7745822116934604, 1.2634037454847913, -1.711464098225189, 2.891628810282608, -1.3486428590918746, 1.8176885064931911, 1.3716766470645747, -0.6116981326323387]","[1.3962608358067923, -2.1153786855399934, -1.131724531659645, -0.13492118926376198, -0.919382239059673, -0.5209511042062789, -1.419711826522962, -0.08089154551084841]"
"[1.5530235795755525, 2.890378228602674, 0.9428789325464734, -1.1841214131757947, 0.2869008615126976, -1.9156851766917602, 1.0191723943865938, 1.6135347555422985]","[1.870944341957289, 0.7466084607899923, -0.5778344952351046, -0.2563793270743998, -0.01763974860984681, 0.5250028808923008, 0.5612979853342822, 1.3690637219163464]"
"[1.0052902824405057, 1.1034346980265877, -1.4133571115442423, -2.452825787358025, -1.1549944140232058, -0.9008042046924367, -1.1187979323227033, -0.31515543693124104]","[1.6452620932475652, 1.0994003736112254, -1.3446618722058319, -0.919793528178517, 1.2241868423548823, 0.011751029721712623, -0.6836365189004797, 0.9658599213459307]"
"[-0.6219915538446048, -0.3417681103222076, -1.1773895663365488, -0.9890702966050129, -2.326017154235833, -2.698287594285068, -0.4490751225360812, -0.12325866052488534]","[1.323802708594816, 0.013254853294688642, 0.43176758127466996, 0.727552777498678, -0.13943180478520534, -0.4279516498608995, 0.7879687276248333, 0.019514511531343568]"
"[1.0655912416413302, -1.7714241704673341, 1.3376223708206403, -2.8124448847990875, 0.7240081034830809, 0.5816199382736206, 2.2471869843180916, 0.8081566360838669]","[1.395355066166149, 0.40623328756951266, 2.358446203581055, -0.7696441056498813, -0.0999103882184497, 0.1987196372819914, -0.27631482835083854, -0.03641843804416263]"
"[-2.2298648794874776, 0.1360902372810777, 0.9687875498493296, 2.598590020991457, 0.8066881678474872, -2.142223212651546, 1.2322131026565022, 2.3846253420246835]","[0.6645586978134915, -0.3634787780375923, -0.24947520407601984, 2.0297439474910197, -2.4371755457310122, -0.24417668707431373, 0.5996140361767934, 0.06708867389704619]"
"[-2.2151045317211597, -0.49853342163018366, 1.711744369497198, 0.330124197806907, 0.6559110661872858, -0.5152641208676566, 0.33524295409051597, 0.5832460636222208]","[0.6494432956968399, 1.6289441075741171, 0.06131121513158037, 0.1992357977411308, 0.030934707633457008, -0.34047328105105273, 0.4486108641280311, -0.2174660041166482]"
"[-1.4935285630453023, 0.9298017951055987, 4.0672803634355486, 0.0456981357555503, -2.614026553215944, 0.8446737431007404, -0.443248668002864, 0.5714175169349519]","[-1.526133978764922, 0.6929974221959999, -0.7738471389930305, 2.197165395136683, 0.5075459333093618, -1.1690184197412585, 0.22541322039532247, 0.40031875654360394]"
"[-1.3434514252191705, 0.8034262786311712, -0.616235821103958, 0.17334190610011704, -0.7044337260835473, 0.6179705012785447, 0.3329645393029311, -1.0057839806418365]","[1.0083757164590754, -0.208064822465963, -1.0589917049778912, -1.4404965510095997, 0.11642244601319209, -0.45022598296885225, 2.3909243983879946, -0.5944140533025807]"
"[2.648336553061246, 2.552161865575399, -0.4792594388523911, -0.6131794956794686, -0.75122928837199, 1.7926479499383245, 0.4768209272286506, 0.7388398645670928]","[0.40280937900008484, -1.1053669298252338, -2.182586005657941, -1.1895213169172985, 0.3690285172773351, 0.48584550939304705, -0.8216890208134316, -0.5981605997407506]"
"[0.34417415012087166, 1.788338628901041, 1.9473573311061572, -2.8824259547981934, -0.36392188126258307, -0.5198184318936131, 0.2998915395464136, 0.5200592859761166]","[-0.27999941241583576, 0.8786507562884728, -1.013971967859933, -0.2614840129207325, 0.634415304542669, -0.6197482018125222, -0.2860680898148554, 1.2665849456779248]"
"[-2.149857418749091, 0.6003106421269883, -0.6403965669265848, 1.6817249155840015, 0.17767498211102012, 0.39234479851203935, -0.5842758334310587, -0.4612163354087528]","[0.33138417698512546, -0.013134428392938316, -1.4206971365577221, 1.2625585597021405, -0.9655477779398687, -0.05286963625490888, 0.6817113280910045, -0.2761549890635657]"
"[-0.9155643442580921, -1.518999138264476, 0.7579202385317179, -2.6712914125583156, -1.6519741544763524, -0.7094614371419433, -1.7370379443039994, -0.15376083652514635]","[0.45466746028146043, -0.09050141683311856, 1.6248374397459964, -0.8181212023107466, 1.0383628553680089, 1.377569183670981, 0.8758238525743259, 1.2746660466466941]"
"[-0.07775108510943438, -0.1610265331210605, -2.9194357882680944, 0.45968100358437686, 1.156707346331388, -0.6406481295123033, 0.4844231040043279, 1.7210707753621222]","[0.17988322249818017, 0.23277485959319782, -1.227588393566211, -0.19563532456213745, -1.930052221601674, -0.096443585247531, 0.4779463577148414, 1.0587771631534457]"
"[1.8502671462899385, 1.084612831026498, 0.4315747008891316, -0.9025877338906433, 0.49415133341588924, -0.3494838857762284, 1.0710391616102066, -3.337833868727501]","[-0.7106345261953422, -1.007204920028479, -0.6016333265440735, 0.5055975702577997, 0.3455379783051936, 1.2734944072455345, -0.8275678804949315, -0.18385728473670024]"
"[-1.7905066005743782, 0.045704803708420935, -1.0378885184680213, 1.4319234388056181, 1.5820876011820273, 0.4108835920911493, 0.02605386398272515, -0.4786766947339319]","[0.8894963787647503, -0.6673402573458052, -1.870375545017673, -0.9644146668725396, 0.29283628856924887, -1.3456931871952729, 0.15613115179766412, -1.2228714105133407]"
"[-1.8274264098003405, 1.209177799253099, -0.06674990696351313, 1.2586479171857239, -0.5032824542836579, 0.5858489947492279, 2.1989949027965907, 0.5685491757802077]","[1.2639683394146244, 0.004808204147498784, -1.653746531624426, 1.1848222739049725, -2.972255288871306, -0.02813099692403187, 0.04659934455517978, 0.5342868430790797]"
"[-1.4404525359159082, 0.9498258223603946, 1.1772401153240852, 0.7989285812139002, -0.494672926331809, -0.43520238415021045, -1.5160990743722063, -0.5544055551344538]","[1.2689875647591589, 0.6072792180872906, -0.7269774662398568, 1.2938656285836914, -0.22892760155607478, 1.4746292428164112, -0.06553950605604708, -0.3067751369916523]"
"[-2.5591675277955006, 2.502696854720416, -0.3686437714982718, 0.8532849900219638, -0.9752259453323766, -0.9118539172994458, -0.08587218251561415, 0.17581572778607893]","[0.6847282225661241, 0.5181724428427107, -1.6068777698053152, 0.8294604197125787, -1.6285633039302623, 0.4826123699901732, 0.06956962059781836, 0.45069968635496677]"
"[-2.1275673070225576, 1.7361365137835543, 1.1420110001563428, 1.2877173975215825, -2.044611534861691, 0.769427117667154, 1.5866703307200851, 0.33402889558727605]","[1.1590467117766743, 0.10458253828095945, -0.005724528422282895, 1.9735899752255768, -0.4294556304050013, 0.23808312126706088, -0.05689861717089096, -0.2793831985554286]"
"[-0.6620246577480302, 1.0617238505022941, 1.093933440109557, -0.7941828010980553, 1.6316195276113155, 0.18354083997673976, -1.4904340219851417, -0.279951640032083]","[0.058328476881306705, 1.3450773300717391, 0.3358809657118432, -1.9823260274769547, -0.23294252920368277, 0.6140488908566265, -0.5050836270028073, 0.48931879818289514]"
"[0.07605629030550351, -0.8101724878149934, -0.6455185778116189, -2.9301021485627405, 0.6826244738970365, -0.903003042831204, 2.3010788093756447, 0.17552430153899956]","[0.17116428444251533, 0.697145278343984, 0.9101749200277036, -0.17305368488278391, -0.876296333981977, 0.9132432074186785, -2.0269880816243084, -0.03395744409423456]"
"[1.2516447045524903, 2.0399901803713996, -1.7987458325551045, -1.5974081923836077, -1.6962347168562444, 1.7703133308149326, -0.1229288627379234, 0.06193612712146843]","[0.08862002229802793, 0.7290194716427321, -0.42974572081659745, -0.5490787581169584, 0.7532613576841194, 1.2458182063344756, -0.14274478583375683, 0.38239284628595643]"
"[-0.7977600167615693, -2.3442646418793993, -1.025305389859654, -0.6049924470932286, -0.122757247506907, -1.9455270295457057, -1.3407598862719723, 0.7140347419924475]","[-1.36307478946917, 0.8234867829874786, 1.4557013955475366, -1.1456958912035118, -0.4105859602467188, -0.33437423297352475, 0.8352887948137246, 0.2773182110048614]"
"[0.26777014972796165, -1.0383225969997838, 0.9776141307544919, -0.2370345421922891, 0.11497214393586576, -0.2336535750684017, -0.684217081029307, 2.3361678113278193]","[-0.6793449780258263, -0.1387617092817297, 1.0306843383743107, -0.7229544102282431, -1.0947986262731646, 0.8530486597509679, -0.0242182072040655, 1.165093687111635]"
"[-0.3631636312639921, -0.6382259460981604, -0.11369608055716772, 0.471859454866207, 1.5998847830730463, 1.4321575843962433, 1.3194788374064355, -0.8461958755218392]","[-0.7938428626263011, 0.2079035378743176, 0.9174955875449199, -0.15925157353879138, -0.27934618673760464, 0.6132041148134447, 0.015352276469246837, -1.6188487422688482]"
"[-0.22507628561554177, -1.467741677084957, -0.7933184744369749, -0.3050488113921868, 0.2086162834550349, -0.16303404874695654, 0.5222623057161818, 0.6107150550992932]","[-1.2022086273675818, -0.4418924656435093, 1.080318740157322, -0.35204248348858, -0.6581481706740218, -0.557979978508504, -0.6417454704730499, 0.7064722467485282]"
"[0.8081309189070376, -0.4618665401503687, -1.135204433206245, -1.5857081186877133, -0.42272459205599366, 1.9832507162319968, -0.7103625338035229, -0.49897615987683286]","[0.09584063725216238, -0.722026904652906, -1.5818504677046337, -0.07863028581549587, 0.8993559526093903, 0.00922583724120403, 0.672092856348302, -0.26678796930946386]"
"[0.09495706967302113, 0.009493864608484453, -0.8789928992140397, 0.10991002091041507, 1.0668674074338553, 0.40834698695823235, 0.6208113050991851, -1.249697362357501]","[-0.2783380598642233, -0.8620605296635124, -0.17599829125321725, 0.5155254536612109, 0.3231120880225345, 1.268291867885025, 0.5734000014229814, -1.3976093163449346]"
"[-1.9513813540761897, 3.4731861684249083, -0.7180827818231207, 1.2029809601112371, -0.3226190368444542, -1.6758202828641735, -1.7763627869597194, 0.5836809337629147]","[1.0322365487407203, -0.17106200888669953, -1.2895767657155954, -0.32664171384442875, -1.9443393263402078, 1.103637105413715, 0.3234891630036563, 0.9115837906231488]"
"[-0.16107762708702572, 1.2727333091600346, 0.30947825665850454, -0.34380862273584034, 1.9574431200581934, 0.33600740962109366, -2.2293622228048937, -0.288077260721425]","[-0.5879744525142026, 0.4168402960603585, -1.8792254206866619, -0.7869718895786904, 1.4319484682077568, -1.3400543238076532, -0.4231539305152876, -1.7893216200661195]"
"[1.5131716799405184, 1.8810261888927247, -0.7864908520458205, 0.4980842219013615, -0.6748597162194248, 1.317445265252927, -0.7131973053485795, -0.9525551228969434]","[-0.2865547135479636, 0.06283790098381505, -1.1505380790550697, -0.49305307454046554, 0.9163042703861357, 1.1925974911825257, -0.40602462193174743, -0.3090663213858259]"
"[-1.4163873503881421, 0.7507730128961854, 1.7711587433849667, -0.06713249892248896, -2.4011753104574503, -0.6391840438027866, -0.3113294792519011, -0.5523537569362584]","[-0.7440050374814454, 1.0138526378801047, -1.369955932918074, 1.454895624464456, 1.321631070464892, 0.22644459225178123, -0.19657420665376754, 0.21008943447225695]"
"[-0.19726232514359093, 1.367076781795023, -0.3338660998440603, -2.2176858241326136, -0.5461554909881657, -0.3746635147839472, -1.5555969009910424, -0.40805076220837716]","[1.6655272272011226, 0.28922361618610776, 0.07085967071695648, 0.14788318794041974, 0.853774182038313, 1.9103923191103207, 0.0072758512819829655, -1.266366354169091]"
"[-0.8946610040776076, 1.4747286838640206, -1.6887090444821573, -0.3944335987639926, -0.21309805011699076, -1.4627803303853526, 0.5857071815982968, 0.05541110497823682]","[-0.08745877177147951, 0.7304177036651459, -2.024022292061351, -1.1653738814721013, -1.16289431877886, 0.16447616075743232, 0.5532587961428755, 0.8113415298343661]"
"[-2.1060039038929457, 1.4174468529625464, -0.4875077680934431, 1.562582307463328, 0.6305298271749596, -1.9850401901369958, 0.0910509072546132, 0.7043399628289633]","[3.811943429601669, -0.8531405446541913, -0.6245914798117165, -1.0448018363640499, -1.0183923227489855, 0.6484543741356752, 0.21212949721324556, 0.7458616073022012]"
"[-0.6209586165374155, -0.379092543584332, -1.8170903772845528, -2.177863725989752, 1.4807468058226105, 0.306366575006652, 1.7907374843052155, -0.17391347790279207]","[0.040386667736794446, 0.36021681912089554, 1.1770836768741695, -0.19880019699486018, 0.022281800648899563, 0.9053379788016249, -0.9017095254464411, -0.5581309493146868]"
"[-0.9763904192225112, -2.0609279060610186, -0.25780830021411016, 0.433369659583217, 0.3866115940018028, 0.38978871219912, -0.9542569069069072, 0.5050383154239926]","[1.506372135495034, -0.18318953892417209, 1.9185829829991026, -0.10600060671423595, -0.5153561342728078, 1.2046123084488778, -0.15560251639280331, -0.8014392150516924]"
"[2.3344728111388986, -1.3146084856884752, -0.8888337849356166, -0.8331155156404578, 0.6193747354871312, 1.1587657682447787, 0.6527022440417541, 1.7532665888319663]","[0.47219025111221147, -0.5705326767745004, 0.5292845808285666, 0.0690410014951153, -0.33204043291746455, -0.4336693180413966, 0.38212117479601454, 0.4394266061540747]"
"[-0.729183862292335, -2.7330966670657904, -1.3183996096857422, 0.11664254565163153, 0.8545320325992152, 0.5793053940293689, -0.12016547373529592, 0.5094482331977329]","[-1.5031838041631282, 0.5281197411965248, -0.3411249790829981, -0.6047539370450372, -0.2767424738281992, -0.16982645918484499, 0.4719799641242891, -0.8589037964018345]"
"[0.4304072103155944, 0.26488535727222995, -0.5457267693285759, 0.7926414221441437, 1.5835203983966417, 2.4136853014065696, -0.09538212050864049, -0.101339807498249]","[1.4003434054783155, -1.8436227142319395, -1.0338140501810675, -0.7252228035062406, 0.7861219758012896, -1.1377032705853614, 1.1888086706577394, -0.1689296185054903]"
"[-1.3042925695850258, -1.9723845576695955, -1.3068487213635434, 0.08760965003656172, -2.904344946183132, 0.43635100657735315, 1.5426842394323905, 0.9518457920789615]","[3.51715586397607, -0.5182673094715258, 1.6185861023870411, -0.6096439065731001, -0.22957754660395632, 0.5384841590683054, -0.8523446960846093, -0.04697123588232609]"
"[0.36951703020818083, -0.025698588155911417, 3.2264643925044134, -0.5381221371481806, -1.87587343858613, -0.14021015318644356, 1.2096668184162191, 1.019515754616932]","[-0.32517132443551794, 0.9327759838314721, -0.8907162638004014, 0.9602273787062043, 0.12815202205468007, -1.6252061843202354, 0.025923977554868888, 0.8707966389245134]"
"[1.2354294224221192, 0.7755642191567378, -0.28207901217806525, -2.477923343494835, 2.2718522470742735, 0.15471363895457954, -0.3423399392809518, 0.29183344485422047]","[-0.07442995998508795, -0.32223320743383277, 1.1803646700551487, -0.16891996178409055, 0.5256619203640449, 1.3045634833108652, 1.30722070470795, -0.23802534023520677]"
"[-0.9625738772858341, -1.7415552413772368, -1.3906861349067965, 0.7013440837917804, 1.1239956105848152, 0.3739996456950119, -1.2403541774151938, -0.005941710573487847]","[-1.1628699268258575, 0.09531726228032897, -0.09386292029533898, -0.6167447759518303, -0.6777938765972273, -0.6919833563597093, -1.5231916400086198, -0.1696487441138313]"
"[3.9534629770271654, 0.26132015227737465, 1.0397243693566791, 1.1839772797267747, 0.9286498117167754, -2.2795992231311764, 0.3551267313186566, 0.08743364847769675]","[-1.378300252276921, -1.1304942714049213, 0.2091427402778088, 1.1875116060280713, 0.4089577599131781, 0.1801849285257354, -0.6466166705422255, -0.8100215435883724]"
"[-0.2026980131436987, 0.17492454988760509, -0.775858140377814, -1.997003795422877, -0.09959706040657014, 0.17525839515457434, 1.7852489999775685, -2.0826674478188067]","[0.5350439781811483, 1.8033850789270276, 1.95870907926316, -0.664017582654694, 0.4171641939456468, 0.34133866403687296, -0.9080256620744614, -1.5795625679639802]"
"[-2.0154399711479685, -0.04948807760774749, -0.07294936965285542, 0.28907408607099, 0.9050988604702295, -0.5925751129769419, 1.3888025166861913, -0.4190714951146595]","[1.6480536228518736, 0.7725432269096573, 0.07374679868252927, 1.0946042738798853, 0.13379922498012675, 0.7881479945774071, -0.18077565351500596, -1.7711106209332081]"
"[-0.5033550065622542, 1.8264084628926707, -2.644639768905817, 0.5832743339908054, 0.0751784816379671, -1.5106101012370863, 1.5750822785753544, 1.185900773671564]","[3.220780299131859, -0.5599103591971882, -0.3959537533624126, 0.9311134655958195, -0.568504467125144, 0.3281471847690931, -0.30305817394409756, -0.7514510955097792]"
"[0.9556386664338825, -0.6933798746809353, 0.05424811594650642, -1.6992708876130727, 2.0124028879713936, -0.014253874271220672, 0.8320093793026493, 0.4058398841968247]","[1.4703324565318943, 1.677039183619026, 0.17728953244349044, -0.4645906373873054, 0.5166989240669188, 0.6154784539680205, -0.16408008763381718, -1.3539794284743103]"
"[-2.466756601678547, 1.7355280830658522, -1.2400587814233168, -0.33085059852759807, -1.2495071642218452, -0.5301405925247505, -1.5409108612006408, -1.5081979594169241]","[2.028215916941325, 0.7618550286128545, 0.8628900527047068, -0.40738206967081586, 1.6856804849036084, 1.3374737455441486, 0.8985710338002169, 0.27223892221274504]"
"[-1.4779846201465237, -1.7645807382779435, 0.9677777591274035, 0.022644858690518434, -0.37502404971933306, 0.11119273047953011, 0.3121248294322324, -0.09734033210043924]","[0.5940789104396001, -0.17804814671036967, 0.9761703902231321, 0.4536123158899771, -0.7661286238276035, 0.01720634835953988, 0.6693308843232533, 0.026805748581431064]"
"[1.787105664953985, 1.925572794030222, -1.0266604271435122, 0.011627913760429024, 0.17822424630374592, 0.7972780179366964, 0.5986260228895189, -0.8070721688094373]","[0.05799336611527725, -0.2845258609979477, -0.6879567407662619, 0.8975072169935635, -0.4491225728837983, 0.6324322541068752, -0.43205007392277683, -0.2779837808531141]"
"[-0.9703370975276508, 1.7047617179567132, -0.6936168092336719, 1.191739431218905, -2.5390198119816527, 1.397488438395971, 2.4129512533216237, 0.4261237179501961]","[3.472518854115202, -1.7306045883568437, 0.9667818982902286, 0.49054502461126714, -1.6207518578527698, 0.6486082658415223, -1.1193330049452435, 0.005605969829915921]"
"[0.5725437661067132, -1.2894680548439776, -0.08294038905432641, -0.06503876443522896, 0.32429995379176096, 2.0174899904394796, -1.371064041381014, -1.0073180973032083]","[0.32120974400501484, -0.389277922240873, 0.5549631477408034, -0.704170675569836, 1.1123674035126931, -0.38394106504269665, 0.909190898723526, 0.5013880273144835]"
"[-0.844402591984316, -1.0178614981850078, -0.6703594428460927, 0.2572583601405911, 1.1261830957587033, 0.5051910278460389, -0.25270469614676844, -1.39036073594687]","[-1.3823375211647007, 0.6864701524443872, 0.07246516115055801, -0.8497975640011877, 0.6899685193206408, 0.3590043395484229, -0.20652502812409707, -1.6580030599825206]"
"[-2.1040763940124285, -3.0447663409981365, -2.388622718072902, 0.4644464749454128, -0.9332137360414607, -0.5229327251789658, -0.3637042622414466, -0.4532423622211928]","[2.413899567679854, -0.42004198482590716, 1.7957013174737129, 0.045097044187896417, -0.31539735709812255, -0.3438629641943198, 1.645949949024051, -1.006874022124287]"
"[2.1581213194467366, 2.2637478222179404, -0.6906055933077142, -1.0271675956361397, 1.338247313935664, -0.23804849005716122, 0.7808397693870169, 0.5377043692267178]","[-0.5725832977675924, -0.4955488063242986, -0.798090914070094, 0.40761213838436317, -0.6114574480529943, 0.6633643564719157, -0.38537163806056024, -0.6668870853375799]"
"[1.1919299204979297, -0.28461257911060694, -0.5291153196087844, -0.29607925347550124, 1.300871362933153, 0.062430591731529955, -1.2305985954601768, -1.8445852899911255]","[0.2446279698467055, -1.656730464019261, 0.09319550204353745, -1.8887198383433368, 1.4930790286472864, -0.5769524343139241, 1.6280203717101338, 0.26026241283878365]"
"[-1.1040880411426985, 0.9248911391840267, 2.951680436640412, -0.4685275155808515, 0.8834818421465678, 1.4792315520761103, 1.2865902717608915, -0.45599292757791643]","[-0.22084262931260606, 1.7083120307993824, 0.5247982261199232, 0.4501940164412423, 0.5274777206829384, -0.048706261681398286, 0.07093237637278207, -0.582686961908682]"
"[2.2623435549707693, 2.497141470735807, -0.5753003959339633, -0.8160998142798711, -0.6021904551398315, 2.0785272498500693, 0.5744352022082087, 1.0857773794194336]","[0.3932225261681157, -1.3137586515542303, -1.2128500209340416, -1.167104372650201, 0.19214532434262638, 0.866400971743144, -1.4944507116282792, -0.7352858790653353]"
"[-0.6300424409254162, 0.488400232026931, 2.304776810841875, -0.871069315345494, -2.9229194683642943, 1.001821146356434, 1.5557983279093228, -0.6880151663497985]","[0.6457657004547995, 1.3050117665275045, -0.3166558662390202, 1.6653265953469758, 0.7311269441023083, -0.2611995279687983, -0.26528754553586287, 0.30179416523634456]"
"[-0.3561017238193012, -0.9016879979928918, -0.9402062451244037, 0.9899035582029586, -0.9883113672667961, 0.10092299455937692, -0.8245910539877772, 0.632106775060019]","[-0.5945158108186506, 0.21251609702225868, 0.6211428248065639, -0.7039112337554995, -0.4687942960752417, 0.724397517482377, -0.37586587238028246, 0.783560420431151]"
"[-0.6361938980226023, -1.0927661725110618, 0.3479752144206474, -2.138839187377361, -1.984844015027435, -0.8953567423577353, 0.28742826606254096, -2.4513520550660006]","[-0.5151399676336703, 1.0707865091577595, -0.3953588711385148, 0.7627023443309755, 1.2732058524844827, 0.8604275817633334, 1.1494166656917648, 0.5383913667697261]"
"[0.3358855871501991, -2.650714035512975, -1.9072642590683744, -1.2066841704588047, -1.5114571919561646, -1.8649135561352708, -0.9097685653129576, 1.1668663043947165]","[-0.6121054589192312, -0.5741935261582587, 1.545941143079003, -0.7785618939965887, -0.6633856336168144, -0.9148140031505778, 0.19129881300558102, 0.4485218310758844]"
"[-2.3369858189306245, 1.9413001390356002, 2.7939706215526954, -0.9321124670899911, -0.41997279957758316, 0.5121241064776745, 0.7922301002109042, -1.2888639034300386]","[1.5959440248461756, 0.5811754332693333, -0.860103896780592, 1.2696845876481373, 0.0522194746527499, 0.5812067065978196, 0.0014577771050383068, 0.722053323832192]"
"[2.2583903094526554, -0.641399929082093, -0.799874863889373, 0.4749616139298263, 1.2958581524643429, 0.8420497480760694, 0.5839829592250031, -0.770072743791257]","[-1.3046230747485277, -0.5764446639283857, -0.019176654268439362, 0.28602718628110213, 0.03359815054062141, 0.9392453062325855, -1.1972592248754188, -0.7637906780674887]"
"[0.3206459327330283, 1.1097604094435005, 2.5383430761753982, -1.8102158007382296, -1.468217814841836, -1.2194692306136365, 1.1654061851348592, -0.41470321389534714]","[1.1542578527360925, 0.5095604581996974, -0.8529615950493044, 0.042481132996259156, 1.790148913863354, -0.43772047417084337, -1.445420629645043, 1.2344721300453878]"
"[-1.622690720324204, 1.4295590357859957, 0.7349182662487665, 0.6303504856984566, 1.4482619923315097, 0.026093971207683992, -1.3884031091298057, 0.7844926310192323]","[1.150108721248513, -0.39999637165055485, 0.29541980652590905, 0.6613960140138531, -0.9363732423418343, -0.6834193926429999, 0.35607919778274844, -0.016699570250251233]"
"[0.7532451551306331, -2.2851805398572917, -2.0547117216028803, -1.8889724448901117, 0.21345539987848428, 0.45160475596760435, 2.8027114151917885, 2.131253561015469]","[0.7819199342040047, 0.013567408028874553, 0.6657453336819354, -0.5023064911372073, -1.3628767244203364, -0.6390085409762732, -0.1900905482551972, 0.9495469353902232]"
"[-1.7047647714339327, 1.83370554262541, 0.3345783857165377, 0.18631624365779031, 1.6913396792848232, -0.7746722755824951, -3.4057421690123357, -0.6619840509764444]","[3.4970135909386717, -0.6055831138769528, 1.0504711306739338, -0.143992920152481, 0.8592359143855017, 0.8782518191496825, 1.3387402897545626, 0.3374077945146665]"
"[-0.1391433690167594, 1.3105508593552815, 4.0906985233626525, -1.0698919332936996, -1.7517617390053613, 0.5366126116324086, 2.5316472682506705, -0.5011204473115626]","[1.6885517703856003, 0.14688884948485634, -0.6024648651775064, 2.525449762128425, 1.3375052666482596, -0.7066430668307394, -0.6994393120450475, 0.9023711974478312]"
"[0.9252995039246344, 1.8577802275275448, -0.5234378669952244, -2.627328235386938, 0.25254316016416223, -0.7134307232165772, 0.12463511485351843, -1.1907479542175012]","[0.15100686668312308, 0.3917472452459577, -1.592386068207107, -0.8295891008351216, -0.6472572765197332, 0.702889575847522, -0.6014989980177727, 1.0224620979805035]"
"[-3.4123336609283155, 0.8812720895198377, 1.7891912221029325, 0.8398502727855139, -1.4082366708467364, -0.7852403384998343, 1.4128023928133915, 0.07995702188968135]","[2.0711070515343155, 1.3028118516805, 0.11793212720073777, 0.24639099086561358, 0.8152007926222474, 0.6476996932523531, 0.1706465934716888, -0.12460745526922155]"
"[-0.2583806225843399, -0.05729620480911787, 2.034542400161486, -0.07975379779145976, -2.61678436913617, 2.9587730164943893, 0.19614081853843654, 0.31705101034070127]","[0.11082380787292423, 0.7320180858304205, 0.47668715842895654, 1.7095890825637041, 0.6414893740146463, -1.3809094880685902, -0.3142856870062302, 0.6704053737550955]"
"[4.471071868752043, -0.9506450804478823, 1.1774857082566352, 2.1767802792724904, 0.4570995364520702, -1.6821984197359703, 0.23685647464451368, -1.0471423313025932]","[-2.1524712824907564, -1.3394813923410593, 0.15866667339016904, 0.41735778416636804, 1.0304867770550943, 0.5985005520873133, -0.3788773600396589, -0.5857479381355801]"
"[-1.5396172273059214, 0.14956270048182646, -1.732738961608051, 2.264082245973216, -0.32079232784458933, -0.8672931392282908, -0.6150051245340902, 0.30486334023709366]","[2.2517356258965653, -0.8685850966267364, 0.0732383948502999, -0.4840523452706442, -0.7642137044649201, -0.41673744311451094, 0.4404111355913253, -0.42075880948445576]"
"[2.2848703046866525, 2.963966118641875, -0.20345254069357538, 0.8570615045686948, -0.46498677680848244, 1.48639519526592, -1.0756099262758418, -0.5948044449582987]","[-0.16269657288024167, -0.8366741249097176, -2.025865225243051, -1.1162569366809327, 0.8553547010151431, -0.40893941085226587, 0.878398146703558, -0.546176030588077]"
"[-1.2525662981496735, 0.1604804856803667, 1.2206484659536339, 0.4856598471222533, 1.8575926180782178, 1.230562864905025, -0.3552282911072139, -0.8254797699026968]","[-0.6388531479269202, 1.0930325941263739, -0.09621206083049932, -1.0337942274186507, -0.12936548339841922, 0.509827247846693, -0.004917069978683687, -0.05148344927642911]"
"[1.1304806237931888, 0.43356967269955116, 0.22673355022398914, -3.235204964532986, 0.12324111423922458, -0.5249509693423526, -0.6047717421160375, 1.6661186961628878]","[-0.22420422095957626, 0.9665984792533969, -0.8614269284662185, -0.562421486085848, 0.28226105723009526, -0.06263911742591344, 0.9462908879293204, 1.4789485849181965]"
"[-0.8872877366314081, -1.0135561670097377, 1.5943483498900206, -1.5136361194191705, -0.291068125223372, -0.12010597715442997, -0.7415690988263143, -0.21198905206985835]","[-0.5296218245836363, 1.1562832499912483, -1.0902245873736094, 0.2571856226960431, 1.4270555324628154, 0.26716278129295273, 0.2258025521242211, 0.419618971210213]"
"[-1.2505884444524953, -0.4281969820386093, -0.3467606341088312, -1.6647052583457547, -0.1886811483434258, -0.7516444789552437, 0.15504828952950644, -1.4716218761037676]","[-0.16452382252431863, 1.5240299988239496, -0.05757929215486363, -1.46353351742734, 0.050268745984183086, 0.5853864075133942, -0.1955132458674137, -1.072230296334147]"
"[-1.0145953707475104, -1.1906810791607938, -0.6094108434140671, -1.410301537065454, -0.07528378977327949, -1.7840827447210477, -2.131138512255813, -1.1222053920520034]","[1.54328694037682, -0.6618908004320869, 0.7569750577668226, -0.23890368688135466, 0.7360636434988489, 0.6666777441083777, 1.7715793643837152, 1.0248824699381516]"
"[3.1179158876068995, -1.8049987291045253, -0.8560060900840573, 1.3191070334343964, -0.9476838716363019, -1.8059389833063444, 0.23559020188198657, -2.0393946303603863]","[-2.6384802407943284, -0.9208501615041327, 0.22907484303042283, 0.4792024472118473, 0.564711759859154, 1.0562453436265693, 0.6030454946630756, 0.7454767235943544]"
"[-0.524775900764356, 1.8508002930677647, -1.46911570127814, -1.894483004235242, -0.5654914249771366, -1.22953090263101, -1.2773468028739359, -1.4905483828070056]","[1.0315830593730646, 0.5514357185898333, 0.7318194770307901, -0.48754593420421277, -0.2890912660290099, 1.0113407292964647, 0.6413268064185453, 0.8911785637620847]"
"[-1.1190308212943199, -0.7901123166982306, 0.20472719926763536, 0.008869211120506803, 1.8117225973800857, 1.308175105805178, -0.11060013968014173, -0.5314009529871723]","[-0.22705900997994236, 1.1420828584099545, 0.5915436746175441, -0.34922795451689737, 0.808854408090419, -0.01634062256704037, -0.23367157953452855, -1.229536457444651]"
"[1.021854044703121, -1.8409719016024153, -0.9472193891997491, 0.5751603156944854, 0.013835782745218884, 1.6851629699424695, -1.981074378853758, -0.9571383977118706]","[-0.1593820867433417, -1.8623834446105987, 0.038141722238828266, -0.5234737123213369, 1.4777501788076424, -0.5217940362603306, 1.6684258624371031, -0.026097284328155636]"
"[-2.2752605072946253, -0.09966391020330344, 0.6784420381022085, 0.14453218801351717, 0.5834048763944006, 1.1433453162643972, -0.14937857986176334, -1.5589177626051942]","[0.9102407304040463, -0.38046374340155753, -0.8840085790394964, -0.7308451355102907, 1.1944536769414364, -1.6033720076046876, 1.8174009343826392, -1.0439960107933322]"
"[-1.3927619035679637, 1.8284779779119766, -1.1319397150126798, 0.9652976273011556, -1.3035751211650082, 0.8221509344633198, 1.971095598010834, 0.8209437338141107]","[0.021900042228300925, -0.07254405670808185, -1.343847897003861, 0.29841262758511544, -1.939837205283779, 0.8512970665527859, -1.0258820564944677, 0.19015724990730082]"
"[4.042201418163002, 2.620255658213514, 0.394471228377353, 0.07028096157577876, 1.9384516483663499, -0.5490452357256858, 0.5237836536252783, 0.24395834332883506]","[-0.9173346467769855, -0.6277680949038817, -1.6937258253375922, -0.41001108621434496, 0.9230473509302121, 1.0387796760072687, -0.400720865106265, 0.24332384835142562]"
"[3.002776681767514, 2.682708295640861, 0.8015362863968396, 0.18151159715942553, 1.626023764486918, 0.3957931441261984, -0.2056397951922511, 1.682401604789882]","[-0.5435873939807478, -1.1767844506216072, -0.7607381443389469, -0.35021760740125363, 0.24543018405406772, 0.2240555025373826, 0.9326254924128005, 0.38063186531178994]"
"[3.6850385836355843, -0.19031312630061709, 1.5306089467415993, 2.7140828037576026, 0.7985510791087347, -1.992040862376729, -0.5583605557938982, -0.7618270208257139]","[-1.2086969274855524, -1.7344409256858593, -1.0818152857172734, 0.24369900676454645, 1.300756063494279, 1.1782319520487758, -0.7394553365907921, -0.3059232293305233]"
"[0.6316568802026217, 0.8497013518842351, -1.4694048707694822, -2.8048492815691057, -0.03257855178669179, -0.7112988257875423, 0.028233934357715384, -0.26434070551549527]","[1.0466519592802779, 0.04883555610563161, 0.047176928932749815, -1.2196682301265644, 0.16418713228397985, 0.24946383574510303, 0.5775190440726995, 1.9221277767785983]"
"[0.7651407102865844, 1.846014623352069, -0.8711065727301552, -3.026199662571966, -0.3513281140450893, -2.040311917226815, 0.4030275533440041, 0.43446837128660376]","[1.8777030885896675, 0.8504365524466592, -0.5845123969769521, 0.6325639991472689, 0.5097270556661186, 2.127177925428633, 0.2141848967925054, -0.5980723045347381]"
"[0.559030820309291, -0.3888629173351631, 0.5646349570637149, -3.0305662763226673, 0.033757888666769056, -1.2365049346992962, 1.1424231756877137, -0.3037459568971628]","[-0.21088590318722855, 1.0345821672628979, 0.3211985276447903, 0.6635594052374657, -0.4395412369113372, 0.9273528996953452, 1.1346954985597681, 0.8917721424824856]"
"[0.02519358378212263, -0.6511816243939096, -2.9836261040040677, 1.1875207308740188, -0.13025503442864603, 1.8808184239196868, 0.2919085102458818, 0.18870899038868605]","[0.5345807709472834, 0.8168539972069531, -0.5193429018582585, -1.3632835136547652, -1.2676160495563937, -1.6311960630478362, 0.5443166553569534, 0.3483110142440177]"
"[3.6053591098722615, -0.5655017338999065, 1.8263801408554974, 1.8073867447808238, -0.5157613612754103, -2.310342611958636, -1.0281131014410527, -1.5171211883438969]","[-2.8733027732142613, -0.5072039089710016, 0.001324997177312779, 0.9122804854729861, 0.32925866808649457, 1.0979248386175886, 0.2606241690768728, 0.7022573002915867]"
"[-2.676044288977103, 1.6263580695753275, 2.7576584012369514, -0.13609131177542855, 0.8855052033658071, -1.73474572432351, 0.5842620117103363, -0.12115854599137242]","[4.554956233241473, -0.029825236911826234, 0.44435180886372216, 0.2127427133852157, 0.031763132067301095, 1.1409171851997808, 0.22066291390538192, 0.2764307129349056]"
"[0.7602091760563569, 2.0092199649486027, -0.8089724103463223, -2.43879869693708, -0.006762253480075868, 0.4990497493674073, -0.005533339132980305, 1.4145785772435218]","[-0.5126187294593173, 2.2199588227365354, 1.0635926780637148, -1.7716727437247095, 0.11481922067257769, 0.20261699365662927, -0.7772534631306884, -1.0030979649008827]"
"[-2.812413158883829, 2.2773731779917634, -0.14684052028893482, 0.02119786476064604, -0.5376955507410701, -0.6051039337473406, -1.074782440158433, -1.2674574806428756]","[1.6657630468521818, 0.8106034656278447, -0.5251686397655121, 0.9758746580790449, 0.17779028761715035, 0.44269523990127096, 0.6796664562841193, -0.3808838393751755]"
"[1.7368113774388594, 2.915264297524848, -1.8629878335629741, -0.4106298087195316, -1.0674306343902946, 1.2375753860437242, -0.9659409414362581, 1.0834159256964497]","[-0.5433407792473461, 0.045827308369447275, -1.7103300142474358, -1.751161948759223, -0.9587537429706983, -0.2269701228154475, -0.6264977200650562, 0.3357384576454223]"
"[0.6620173461833178, -2.258322662255284, 1.0072868575607812, -0.5520203298423788, 1.741971238412432, -0.18726213536960443, -1.200860147150323, 0.5421757873663811]","[-2.4248608738300415, 0.41838504133617754, 1.5616567596660762, 0.23784152769054726, -0.7451829757265626, -0.3320463670015749, 0.29327893178487224, -0.6981174264697381]"
"[-1.0508771850410208, 1.0014276707681282, -0.5628683144717871, 0.3710397308869964, -1.9132969355428637, 1.138281154271914, 2.2699396517234387, 0.9392750992991681]","[-0.25965821578542386, 0.3123924548270033, 0.3404514119574587, 0.9660902873938986, -2.166245003761087, 0.04551143781917746, -0.8269651357025006, 0.06227872501027952]"
"[-0.04967056816551826, 1.238355398040847, -0.06873561216095468, -1.9136297060544867, -0.532010607888975, -0.9107947609334663, 0.3324491672571823, 0.7716116411323107]","[-1.2473326841909123, 1.397246036325806, 0.26192474630606605, -0.4562150441645259, -0.46622397078674477, -0.38110069492549853, -1.4504919586253564, -0.2807712701558439]"
"[1.6092466279602968, 1.1545480987244339, -2.0468469249830217, -1.5376019792033346, -1.1130041139159184, 1.3525219665734611, 1.937131881361029, 0.6302047622716523]","[1.191983714486933, -0.5243655864563792, -0.5668713791570232, -1.1109770251451212, -1.3212880789526762, 0.8298778520767898, 0.29971074521200064, 1.2955611931314137]"
"[-2.709957167317693, 1.8691596838921702, -0.21275298116219166, 1.2546171773316697, -0.5583404857296685, -2.0905173803616455, 1.3979087592669077, 0.5813530627524385]","[0.8500532797850548, -0.1411440998830234, -0.5330268548446628, 1.5969014597679256, -1.2651705337875494, 0.21673458922885816, -0.7721207089644265, -0.7112000038136269]"
"[-1.3188956287105733, -0.454836099370351, -3.6663590054958317, 0.27435613261101066, -0.20174953926036493, -1.5056819515033988, 1.2774634456731366, 0.6006925480911586]","[0.7111020930043918, -0.592244250062251, 0.4725587483352209, 1.282161222899265, -2.002008285121587, -0.6388633110354646, 0.6840843056217321, 0.12474075925693279]"
"[-1.336014441030733, 0.00036241760181690346, 0.464817975196621, 1.8542609345931562, 2.3443822305621307, 0.74384415923897, 0.8189646114620364, 0.32535751035637617]","[0.3552215062279336, -0.1370095056724047, -2.6219816081196052, -0.594215547891495, -0.33220164719035483, -1.3878024325403704, 1.355691232008198, -0.7815873183156143]"
"[4.534517755373484, -0.5599131628779724, 0.7186398543846911, 1.6479638681187339, -0.8161869943188453, -1.6555623271654512, 0.5878442659722515, -1.069071629824233]","[-1.5455669349820638, -1.3902209963935175, 0.7785590073456111, 1.1718366747973663, 0.26309632007492645, 1.73403921486859, -0.0010695693269842249, 0.2544142191516066]"
"[0.6130666844121507, -0.6512201469328149, -1.2286301841524618, -0.017320048682907534, 1.062610449149566, 0.6218859480976325, -0.00025839994930436225, -0.19674936645494173]","[0.08983920444540813, -0.4988066220456053, -0.1952909648204792, -0.7410973379753465, -0.5037116519902253, 0.3520139370740344, -0.09477031105335644, -1.6537761134722055]"
"[-2.5386576413230353, 1.8474015350397, 1.6941211431174026, 0.4822298046882516, 0.9178976722979073, -1.2470063258449202, -0.573599882018847, 0.7754582861858724]","[1.513316495862877, 0.4259766252622124, -1.3577929947043117, 0.7257227276500662, -1.1744182556316785, 0.3569787829441027, 0.06394608223645093, 0.9693997503673846]"
"[-0.4333156716590727, 0.18268540474061645, 3.499028884582205, 0.7397526606902026, -2.7549596362209936, -0.09212606830970202, -1.177037367947242, 1.7614370832325852]","[-0.7469383751493023, -0.2768308214206389, 0.008378487992383707, 1.3931506520421812, 1.0376784315355039, 0.05821386985087417, -0.042637648964364123, 0.1613162699498269]"
"[2.3274811274420184, -1.7992734120151874, 0.19054372811508455, 0.36131565210244354, -0.26166646863738735, 2.871667405919895, 1.26921621491393, -1.1494321041334536]","[-0.6815280007375446, -1.8146717016214553, 0.1289583305821891, 0.08682453769434058, 0.7908794207726362, -0.9475706915057396, 0.05060468527853028, -0.01799856791361088]"
"[0.21426610059943302, -2.6174750185289435, -1.3833924760992269, -1.5011917727054205, -0.5269054451026244, -2.4139921894164984, 0.39936451799896744, -0.8566617305422266]","[-1.657130872693517, -0.1814993513450116, 0.682213069991693, 0.6931135297458242, -0.05177668485828348, 0.5512288868406022, 0.803791222312234, -1.0948908777161435]"
"[-2.2145079894901047, 0.8794655771533297, -0.9961072064447384, 3.0154502277614488, 0.36078533749930775, -1.4152537324256689, 1.3536121195542865, 1.109823798770192]","[1.4930277146258462, -1.0497168542689421, -0.7570608511162196, 0.8243049322808015, -1.5793114182626655, -0.5524201024034208, 1.0794739509176707, -0.05146876478763049]"
"[1.4429863314538, 0.8262821510806592, -0.9552960887068952, -2.2798891001197923, -1.085161059962153, -0.651588801783687, -0.7174768795224666, 0.06265298053478856]","[-0.22743576836752236, 0.5984583495920819, 0.361705593390696, -0.5516611464072352, -0.12984245972715283, 2.1911162568379354, 0.15930943366286698, 0.5944829219809037]"
"[1.3866939134753873, 1.1438442089636143, -1.8018070448087773, 1.0231251819378897, -1.8172875710798726, 1.1876457757684968, -0.06180795499071819, 0.6979935487934863]","[1.7591476890915951, -1.081812506377283, -0.30001185518384893, -0.7205924839445479, -1.2138945203324114, -0.684951635437462, -0.5004338439029029, 0.6142207292356937]"
"[0.022382576659131, -2.6469548919047847, -0.12585960327504012, -0.6042422698282777, -1.774370523840722, -2.249886524303748, -0.5437762845465546, 1.1444468344805303]","[0.9530793410438513, -0.8071766044221542, 1.3723857157911914, -0.6810159389648265, 0.18768050104848197, -0.8736063932690791, -0.23016862782724035, 1.572667538765202]"
"[1.2942111971276309, 1.8790641682423819, -2.6042610540784783, 0.7290342473433103, -0.5892916349751989, 0.15761681465111568, -0.5455069373476513, 0.3068770108063889]","[-2.02117361439503, 0.6295247771050686, -1.3645034932884839, -1.220671144284554, -0.5954889356340475, 0.5039191874982075, -0.1787976011970757, -0.46191193980131956]"
"[-0.47688592921026757, -1.8553376899441982, -0.15893157348013934, -1.2599741295571452, -0.5426511203786234, -0.3302369959679908, -0.042658810602386604, -0.03577963450174137]","[1.077432664980106, -0.4577913139514391, 2.3925334703332934, -0.8572312388335871, 0.22967354912292315, 0.20473346419034155, -0.340971452514824, 0.2415256708220076]"
"[-1.6608214071799905, -1.7762183511575198, -2.4765479391777077, 2.0098272233231262, -0.17707484498393394, 1.004102866204591, -0.02247246504732237, 0.18678970672530543]","[-0.3095319219143634, 0.08525426752933257, 0.6129235013286418, -0.3666884406430392, -1.7114739668645056, 0.19842662933336858, -0.13793329759912243, -0.09648488537057162]"
"[0.8945914955839095, -1.0447607270100958, -2.2725939769506285, -0.7022470114766722, -0.6199950007585164, 0.34993701803908317, 0.5105535044501516, 1.4554402067947134]","[-0.338882894438934, 0.37376307378659795, 0.46723311105548354, -0.458532152971272, -0.5169018122680439, -1.7386578924129639, 0.0059349532547555645, -0.6315316877267741]"
"[-0.8563959432878188, -1.3530387904724581, 2.2782741885967015, -0.5776048326744495, 1.722434286233143, -0.5269589626390246, -1.68046494234891, 0.810441638538053]","[0.3238239029607814, 1.0617368534619882, 1.5703670083867496, -0.3952707476160548, -0.04199237775616202, -0.4367208199891384, -0.2618935250147225, -0.4187748784222339]"
"[0.9548292908981922, -2.1985752418434013, 0.5261994487725327, -2.0511045641779457, -1.1920099605985335, -0.14226500904216113, 0.07909042331562223, 1.3260320101319705]","[-0.10586408186655104, -0.8987942790593239, 2.281909271645317, 1.1586855734773298, -0.6160198303974861, -0.839080123872736, -0.922976993166492, 1.2848039592322704]"
"[4.183126850393464, -0.02127392267234493, -0.6936635395830024, 1.9674280225033192, -1.1963838053445415, -1.6398358063313758, 0.925782065520839, -1.9868208696029006]","[-2.6991126391981033, -0.8635766657716731, -0.14279674001914341, 0.9800813226230326, 0.6019373431869152, 1.2075859797462538, -0.2457881338627955, -0.7097901481383668]"
"[-0.6226081846710366, -0.739354675160714, 0.5489519172625436, -1.5915849865235805, 1.0583633780047035, -0.2717215185195211, -0.14349682434829403, -0.7130710650126202]","[0.9982210898543252, 1.274296934041246, 0.5895124570702464, -0.14362068362249164, 0.8441271836901788, 0.47259455994413774, 0.12932409978099765, -1.0109692168887734]"
"[-3.1321802381828827, 1.1080043648520275, 0.9887837647156883, 2.0205131565103884, 0.11623942332769245, -0.6172605958608492, 1.136365307506614, 0.7299012993506604]","[-0.5775527740426917, 1.412487936273471, -0.417938803693905, 1.391583399896071, -1.8491442575211186, -0.2242622037463574, 0.5991326744108018, -0.4465574675363345]"
"[0.1375929842879085, -2.4404885354417267, -0.2788483435994292, -1.4823237507243867, 0.09976076264301609, 0.07891712675136249, -0.7714366585196096, -0.5869702182531614]","[0.202771974392008, 0.4806639290956175, -0.49662492744228653, -0.48980126222300063, 0.5290685520292652, 0.027590478707363936, 1.3765743431656805, 0.9482367522012867]"
"[1.1379718522658966, 2.0535311301962285, -1.482074080814686, -1.8387744281633998, 0.2733300784426503, 0.03749449540473515, -1.1252311638105255, -0.5272592458043536]","[-1.8917951104685924, 1.9257503004472512, -1.1499621685660417, -0.878056117861649, -0.112294840756892, -0.0676284971032125, 0.20950020103934883, 0.5042745475702851]"
"[0.6631939697651044, -0.33369177529408933, -0.4382339626451615, 2.2195357897631287, 0.09164634837146331, 2.541718863709152, -0.7961937240033362, -1.0659091860770822]","[-2.195122915379001, -0.7364429639538603, -0.5287671968106519, -0.9598888047012606, -0.05451247864557899, -0.5658492048061029, -0.14909851883880612, -0.06438223696563729]"
"[0.5596275323624741, 1.5883246246355194, -2.639693377520387, 0.4467329186802776, -1.5328085799355897, 0.20272617478542196, 2.0671221378956104, 0.05129092395532626]","[1.7031829548837103, -1.7491762762482583, -0.7767942015687046, -0.5677944249213737, -0.28316318230487086, 0.36632416430936543, -0.8188219058308246, -0.6778143186268536]"
"[-1.7080290475032824, -0.38822011455237454, 1.8381916288404763, 0.9546421330290848, 1.7984464411843486, -0.32351401365577204, -0.9784073182435241, 0.037037954619101185]","[0.4787517337002759, 1.3618408003433657, 1.6179303391886315, 0.5264031800266936, -0.03769759620703297, -0.0841535824080643, 0.07839776472346525, -1.4416797932119298]"
"[-1.8462361551412572, 2.1757161310974933, -0.8955999832751039, 1.519936024886968, -0.07815880545964748, -1.2790051520216372, -0.8232978132739169, 0.29483203510725925]","[1.2477231121372285, 0.5011041256274538, -1.2813695354024957, 0.17756189100260258, -1.7017201158042816, 0.990924804308902, 0.23163130273331786, 0.5715470485048572]"
"[-1.22625281628851, 1.7739587227033382, -0.19741446098158172, -1.040717821944588, 0.7586922475240416, -0.6812624366171187, -0.04541913806723584, -1.241657798833603]","[-0.18243695170963492, 1.8838733390807625, 0.4428876988278724, -1.1700811982053225, -0.5227720487558511, 0.4205137917934394, -0.634360602544732, -0.28654470353860917]"
"[-0.5970011949771307, 0.5280258834655368, 0.4746503018309081, -0.32003768234516655, -0.29796322224865257, -0.7884209124111705, -1.1090203639528777, 0.4868547273116401]","[-0.785303571144764, -0.34339565986142145, 0.551849613242312, -0.2737021680363995, -0.3716386517912725, -0.5735091374349849, 0.1707968745990545, 1.0537945686624686]"
"[3.847626967020505, 2.103810533954845, 0.16274833164250646, -0.46407329881275766, 0.2053020082249313, 0.4360104920424764, 1.3841976312877684, 0.8533332573858625]","[-0.5900426572528216, -0.36545310599961295, -1.067852813423858, -0.33073128940234414, 0.28183303705689916, 1.0393189484698617, 0.4820077068924588, -0.2749410265494328]"
"[0.7154649346673934, -2.386377068858923, 1.9336405770245264, -0.73713808387275, 0.15331019887449016, -0.1340441224727869, -0.3713621803983203, 1.1985059198238888]","[1.6348683486675941, -1.0323571517178165, 1.914417259845289, -0.12841281650294253, 0.10815359577504262, 0.05966126156113741, -0.14115563147119622, 1.0621547894711658]"
"[2.120832937336389, -0.769800793164502, 0.01121466190672884, -0.9657757279935983, 2.2037292937355093, 0.591379023405582, 0.2638266373795191, 1.0757499887134647]","[0.38326161955685406, -0.4356430432868278, 0.887786097303449, -0.6559464088743974, 0.12853762422313078, 0.09892940744913672, -1.5884501707093726, 0.1721142608502438]"
"[-3.0721922855033608, -0.08810526866983587, -0.0004512911742089543, 2.5716540032313966, -0.6072772414758139, -0.8080731201652395, 2.0684231337123817, 0.32434671105881374]","[2.281219974051738, -0.6689093167248128, -0.48227495552542504, 2.0436578275625905, -1.3184683722368309, -0.0949534929751362, 0.28319543960975196, -0.44140296879350505]"
"[-0.8908959226798411, -0.9819087949680321, 0.41214653199515083, -0.7727333042551162, -2.006421976195964, 0.7023079480815888, -1.212252140281258, -0.9944709424632239]","[0.7800933756254688, -0.23720401825778892, -0.77375143973313, 0.3351745977261465, 0.8667003678298203, -0.6518395536146379, -0.674502085851487, 1.410058752504327]"
"[-1.5029497860177456, 2.1996539110796043, -1.2158113848530987, 1.926222995953043, 0.6302580440865216, -2.3081620319827416, 0.6008046836658287, 1.5585257366537404]","[0.1937305769403382, -0.1802078309348667, -0.8626410266561009, 1.2415258770232869, -1.5393654062188429, 0.3613938009001051, 0.6872658058491576, -0.08446308927949364]"
"[-3.0283979237789933, -0.06355335333033149, 1.0281485300106714, 0.41315224422427327, 0.7534410000003017, -0.6521820305275422, 1.4962090637320997, -1.2147672111679628]","[1.3784746383333515, 1.183551777288693, -0.017821498508021838, 0.7793236766778041, -0.3942907592047822, 1.4013846126979845, 0.8635527923471764, -0.6866561837553589]"
"[1.6954777664320464, 2.650905566341926, 0.1437451106580533, 1.6918330171178673, -0.6806889516741016, -0.22640765815639763, -0.6504016267114533, -0.6996902904674861]","[0.7737981386204181, -0.4920958740282017, -0.931827448262092, -0.1831921074139315, 0.9367267433285552, 1.125105980099456, -0.41699103848936186, -0.49207983718128706]"
"[-0.6566521694058844, 1.574457474832338, 1.041574310973546, -0.028559806387257917, 1.1137540867713662, -2.317382810307082, -0.46050434718668154, 1.0501815487257462]","[-0.525227355580608, 1.158706168250138, -1.939858095720796, 0.3843550345119777, 0.011861352769327439, 0.3285334883730053, 0.3333396451050683, 0.3122916251630642]"
"[0.31442934509441894, 0.5657203732003342, 0.6948480366283911, -3.209192903154675, 1.3486398813178961, -0.38895255730606804, -0.8027096743860689, -0.19677740855283682]","[0.21300439427392048, 0.7399787644950057, -0.46304365227930655, 0.0008995782930530508, 1.442915497977838, -0.6496414218009156, -1.1291114410825238, 0.12005836336282781]"
"[-2.0407592171547444, 2.8758952288611153, 1.9460421561252956, -0.39280061163920316, -0.2768228093104422, -0.6022528821426403, -1.3257496020497386, -0.33995767898359663]","[2.418208102871862, -0.2969512828553506, -0.27581598599074486, 0.42625473972451716, 0.30873017755867743, 1.278941125869193, -0.8078741014633144, 0.6692893941066994]"
"[-0.6876254190346947, 4.2353865856632185, -1.4626406440314088, -1.5505309584679265, -1.6255642589129826, -0.03378441469679265, 0.07749607532117465, -1.2555167029658132]","[2.1110279565476526, -1.02306127782146, -0.7527649768516349, -0.029863025191910336, 0.09990556717159879, 0.9838535364789232, -0.7790562504547386, -0.3309139683806125]"
"[-0.29792022281695074, -0.9834823869888087, 0.3816923087742182, 1.3628333714502425, 0.17160454327486024, -2.38666020965781, -0.08377216284476861, 2.934111775822846]","[-0.7164365414283712, -1.003900231981807, 0.5161315670543393, 0.41240677271748033, -0.40564828545631304, -1.0745746410348462, -0.48622598169194164, 0.8271372733221872]"
"[0.2728918025020458, 1.6264029593090634, 0.1092162347755366, -2.015659982720163, -0.5840785355109706, -1.506286058494328, -1.4932843915203085, -0.09516561624141667]","[2.357184110345792, 0.9473396035528369, -0.22781299917887174, -0.8186428415272036, 2.0862872241032693, -0.6644580440263722, -1.1418617767267063, 0.40413022780627805]"
