image_filename,image_url,caption
image_0.jpg,https://upload.wikimedia.org/wikipedia/commons/8/8b/Scolopendra_gigantea.jpg,"English: Puerto Rican Giant Centipede, Scolopendra gigantea; Vieques, Puerto Rico Slovenčina: Stonožka obrovská, Scolopendra gigantea; Vieques, Portoriko"
image_1.jpg,https://upload.wikimedia.org/wikipedia/commons/e/ef/Moulay-Ali-Cherif-Mausoleum-jleitao.jpg,English: Moulay Ali Cherif Mausoleum in Rissani south east Morocco
image_2.jpg,https://upload.wikimedia.org/wikipedia/commons/b/bb/Teucrium_corymbosum_1520.jpg,"English: Teucrium corymbosum, Marysville, Victoria, Australia"
image_3.jpg,https://upload.wikimedia.org/wikipedia/commons/1/1a/Tropical_Storm_Fausto_%282002%29_at_high_latitude_on_2002-09-02_at_UTC_0000.JPG,Tropical Storm Fausto at high latitude in the central Pacific Ocean
image_4.jpg,https://upload.wikimedia.org/wikipedia/commons/9/9f/Bers%C3%A9e_La_petite_Marque.jpg,Bersée Nord Nord-Pas-de-Calais-Picardie France.
image_5.jpg,https://upload.wikimedia.org/wikipedia/commons/d/d4/PortaRosario.jpg,English: Igreja do Rosário
image_6.jpg,https://upload.wikimedia.org/wikipedia/commons/5/5f/Blaine_Luetkemeyer.jpg,"English: Blaine Luetkemeyer, member of the United States House of Representatives."
image_7.jpg,https://upload.wikimedia.org/wikipedia/commons/4/49/Jastrow-illusion-track.jpg,Deutsch: Optische Täuschung: Jastrow-Illusion
image_8.jpg,https://upload.wikimedia.org/wikipedia/commons/1/1a/ZP_05_Konkalisahak_00.jpg,"English: Konkalisahak, wayang kulit figure from the epos Serat Menak Sasak Deutsch: Konkalisahak, Wayang Kulit Figure aus dem Epos Serat Menak Sasak"
image_9.jpg,https://upload.wikimedia.org/wikipedia/commons/8/8e/Christian-Patterson_Rental-1.jpg,"English: The Christian-Patterson Rental Property in Eugene, Oregon, listed on the NRHP"
image_10.jpg,https://upload.wikimedia.org/wikipedia/commons/6/68/Lumix_DMC-FZ30.jpg,English: Panasonic Lumix DMC-FZ30 digital camera Suomi: Panasonic Lumix DMC-FZ30 -digitaalikamera
image_11.jpg,https://upload.wikimedia.org/wikipedia/commons/4/4b/Gideon_Emery_in_Studio_Los_Angeles_2017.jpg,"English: Gideon Emery recording in studio in Los Angeles, 2017."
image_12.jpg,https://upload.wikimedia.org/wikipedia/commons/d/dd/Horv%C3%A1th_Ern%C5%91_s%C3%ADrja.jpg,"Magyar: Horváth Ernő (Budapest, 1883. november 11. – Budapest, 1943. január 3.) tanár, a hazai aviatika úttörőjének sírja Budapesten. Kerepesi temető: 49-2-57."
image_13.jpg,https://upload.wikimedia.org/wikipedia/commons/0/0e/Maurus-Tod.jpg,"English: St.-Maurus-Kapelle, Beuron (Donautal), erbaut 1868–1870, Architect: Desiderius Lenz. Wallpicture of Holy Maurus Juli 2016 Deutsch: St.-Maurus-Kapelle, Beuron (Donautal), erbaut 1868–1870, Architekt: Desiderius Lenz. Wamdbild: Tod des Heiligen Maurus Juli 2016"
image_14.jpg,https://upload.wikimedia.org/wikipedia/commons/f/f0/Eastern_Dedicated_Freight_Corridor_of_India.jpg,English: Eastern Dedicated Freight Corridor of India is under construction
image_15.jpg,https://upload.wikimedia.org/wikipedia/commons/e/ea/Rolling_shutter_n%C3%A4idis.png,Eesti: Fail kirjeldab veereva katiku nähtust
image_16.jpg,https://upload.wikimedia.org/wikipedia/commons/2/25/Entrevista_WHF.png,Português: Humberto Silva concede entrevista após fundação do Fundo Mundial para as Hepatites.
image_17.jpg,https://upload.wikimedia.org/wikipedia/commons/2/25/5.-Giacomo-Conti-Federico-II-riceve-dal-filosofo-Michele-Scoto-la-traduzione-delle-opere-di-Aristotele-1860.jpg,"Italiano: Federico II riceve dal filosofo Michele Scoto la traduzione delle opere di Aristotele, 1860"
image_18.jpg,https://upload.wikimedia.org/wikipedia/commons/d/d2/Jaguar%C3%A9_-_Galp%C3%B5es_da_Cooperativa_Agr%C3%ADcola_de_Cotia.JPG,"Português: Antigos galpões da Cooperativa Agrícola de Cotia, no distrito do Jaguaré, cidade de São Paulo, Brasil"
image_19.jpg,https://upload.wikimedia.org/wikipedia/commons/0/0c/Lanius_meridionalis%2C_P%C3%AAra%2C_Algarve%2C_Portugal_1.jpg,"Lanius meridionalis, Pêra, Algarve, Portugal"
image_20.jpg,https://upload.wikimedia.org/wikipedia/commons/0/05/Invesco.jpg,"English: Invesco, a company started in Atlanta, moved to London and back to Atlanta, is headquartered in this building on Peachtree Street north of the High Museum of Art and near I-85."
image_21.jpg,https://upload.wikimedia.org/wikipedia/commons/a/a3/Neuro_entrance.jpg,English: Entrance of the Neurological Institute of New York
image_22.jpg,https://upload.wikimedia.org/wikipedia/commons/e/ef/Pr._Kronenorden%2C_Bruststern_zur_I._Klasse_%283._Modell%29..jpg,"Königlicher Kronen-Orden (Preußen): Bruststern zur I. Klasse (3. Modell), Avers."
image_23.jpg,http://upload.wikimedia.org/wikipedia/commons/f/f6/RVCodeEditor.png,"English: The RVCodeEditor is a part of RenovatioCMS. It enables you to edit the php, sql, html, java script and css source code of your RenovatioCMS documents. Nederlands: De RVCodeEditor is een deel van RenovatioCMS. Zij stelt u in staat om de php, sql, html, javascript en css broncode van uw RenovatioCMS documenten te beheren."
image_24.jpg,https://upload.wikimedia.org/wikipedia/commons/0/0c/Karol_Cariola_en_Independencia_24082013.jpg,"Español: Karol Cariola durante la visita de la candidata presidencial Nueva Mayoría, Michelle Bachelet, a la comuna de Independencia, el 24 de agosto de 2013."
image_25.jpg,https://upload.wikimedia.org/wikipedia/commons/5/5c/Kolejka_linowa_Elka_Park_%C5%9Al%C4%85ski_Chorz%C3%B3w_Katowice_2013%2C_Tomasz_Ibrom%2C_2.jpg,Polski: Kolejka linowa Elka w Parku Śląskim w Chorzowie 2013
image_26.jpg,https://upload.wikimedia.org/wikipedia/commons/1/1e/Dar_Seffarine_Fes_Morocco.jpg,"English: Dar Seffarine in Fes, Morocco"
image_27.jpg,https://upload.wikimedia.org/wikipedia/commons/d/d9/Julin_plantacja.jpg,Julin (Polska) - plantacja nasienna
image_28.jpg,https://upload.wikimedia.org/wikipedia/commons/5/53/TruJet_VT-TMP_at_Hyderabad%2C_Sep_2015.jpg,"English: TruJet ATR 72-500, registered VT-TMP, pushing back at Rajiv Gandhi Intl Airport Hyderabad bound for Rajahmundry."
image_29.jpg,https://upload.wikimedia.org/wikipedia/commons/7/76/Mal%C3%A1_%C5%A0t%C3%A1hle%2C_obecn%C3%AD_%C3%BA%C5%99ad.jpg,Čeština: Obecní úřad v obci Malá Štáhle
image_30.jpg,https://upload.wikimedia.org/wikipedia/commons/c/cd/Red-browed_Finch.jpg,"Red-browed Finch, Neochmia temporalis; wild bird"
image_31.jpg,https://upload.wikimedia.org/wikipedia/commons/a/a2/Civertankelenfoldi_kat_templom.jpg,"English: Temple, Budapest, Hungary, aerial photography Magyar: A Szent Gellért-templom Budapest XI. kerületében. Épült Kiss András Ybl Miklós-díjas építész tervei szerint 1984 és 1992 között"
image_32.jpg,https://upload.wikimedia.org/wikipedia/commons/8/85/Thomas_Gilbert_Pearson.jpg,William Dutcher
image_33.jpg,https://upload.wikimedia.org/wikipedia/commons/f/f6/Hymenocallis_occidentalis161739715.jpg,"Hymenocallis occidentalis - Woodland, hammock, or northern spider-lily"
image_34.jpg,https://upload.wikimedia.org/wikipedia/commons/9/99/WaltonWalker%26TahsinYazici.jpg,"English: Brigade General Tahsin Yazıcı receiving the Silver Star from Lieutenant General Walton Walker (December 15, 1950)."
image_35.jpg,https://upload.wikimedia.org/wikipedia/commons/7/72/Egg%C3%B8ya_1882.jpg,"English: Peninsula Eggøya, Jan Mayen. Deutsch: Halbinsel Eggøya, Jan Mayen. Holzschnitt aus dem Expeditionsbericht der Norwegische Nordmeerexpedition."
image_36.jpg,https://upload.wikimedia.org/wikipedia/commons/8/85/Drosophila_setosimentum.jpg,"English: Drosophila setosimentum, one of the Hawaiian picture-wing species."
image_37.jpg,https://upload.wikimedia.org/wikipedia/commons/8/80/Stephen_B_Whatley.jpg,"""English: Stephen B Whatley standing in front of """"The Sleeping Beauty Beyond The Wall: Kensington Palace"""""""
image_38.jpg,https://upload.wikimedia.org/wikipedia/commons/7/73/Sideral_Air_Cargo_737-300SF_SBSL.JPG,"Português: Boeing 737-300 da Sideral Air Cargo, de prefixo PR-SDL, no Aeroporto de São Luís, Maranhão."
image_39.jpg,https://upload.wikimedia.org/wikipedia/commons/9/92/Trachurus_declivis.jpg,"A school of Jack Mackerel (Trachurus declivis). Fairy Bower, Manly, NSW"
image_40.jpg,https://upload.wikimedia.org/wikipedia/commons/3/38/Masdevallia_coccinea_-_Flickr_004.jpg,Masdevallia coccinea f. alba 'Snowbird' AM/AOS
image_41.jpg,http://upload.wikimedia.org/wikipedia/commons/d/de/Rome_Sint_Sebastiaan_buiten_de_Muren_Antonio_Giorgetti_13-01-2011_12-36-01.JPG,"Nederlands: Het grafmonument van Sebastiaan boven zijn graf door Giuseppe Giorgetti (c.1671-72) in de Sint Sebastiaan buiten de Muren, langs de Via Appia in Rome"
image_42.jpg,https://upload.wikimedia.org/wikipedia/commons/2/2a/Fernando_Quintanilha_Mendonca_Dias.jpg,Português: Vice-Almirante Fernando de Quintanilha e Mendonça Dias
image_43.jpg,https://upload.wikimedia.org/wikipedia/commons/f/fe/2006_Rally_Legend_-_Lancia_Delta_HF_Integrale_16v.jpg,"""San Marino, October 6–7, 2006. The 1990–91 Lancia Delta HF Integrale 16v of Massimo """"Miki"""" Biasion at 2006 Rally Legend."""
image_44.jpg,https://upload.wikimedia.org/wikipedia/commons/7/74/Schwein-Kopf.png,"Deutsch: Schematische Darstellung eines Schweins, Schweinskopf."
image_45.jpg,http://upload.wikimedia.org/wikipedia/commons/2/25/Inside_of_the_plane.JPG,English: inside
image_46.jpg,https://upload.wikimedia.org/wikipedia/commons/8/87/BAG_woonplaatsen_-_Gemeente_Teylingen.png,Nederlands: BAG woonplaatsen - Gemeente Teylingen.png
image_47.jpg,https://upload.wikimedia.org/wikipedia/commons/2/2a/%D0%9D%D0%BE%D1%87%D1%8C_%D0%B2_%D0%93%D1%80%D0%B0%D0%BD%D0%B4_%D0%9C%D0%B0%D0%BA%D0%B5%D1%82%D0%B5.jpg,Русский: Ночь в Гранд Макете
image_48.jpg,https://upload.wikimedia.org/wikipedia/commons/f/f1/Distribution_of_Irish_Exchequer_Tax_%282000_to_2017%29.png,English: Recreation of the Department of Finance chart on the distribution of Irish exchequer tax revenues
image_49.jpg,https://upload.wikimedia.org/wikipedia/commons/a/a7/NN_11-08-2020_16.jpg,Русский: Станция метро «Горьковская» Нижегородского метрополитена English: Gorkovskaya metro station of the Nizhny Novgorod metro
image_50.jpg,https://upload.wikimedia.org/wikipedia/commons/7/77/South_Shore_Hospital_-_geograph.org.uk_-_127572.jpg,"English: South Shore Hospital. The NHS hospital on Lytham Road, seen from outside St.Margaret's Catholic chapel, to the right of shot."
image_51.jpg,https://upload.wikimedia.org/wikipedia/commons/9/90/Steam_locomotives_Lisa_Moritz_water.jpg,"English: Dresden Park Railway, Saint Nicholas' Eve, Steam locomotives 001 Lisa (right) and 003 Moritz shorly after water refilling at ZOO station (white water tower on the left)Deutsch: Dresdner Parkeisenbahn, Nikolausfahrten, Dampflokomotiven 001 Lisa (rechts) und 003 Moritz kurz nach dem Wasserauffüllen (weißer Wasserturm am linken Bildrand), Bf. ZOOČeština: Drážďanská parková dráha, Mikulášské jízdy, parní lokomotivy 001 Lisa (vpravo) a 003 Mořic krátce po doplnění vody (bílá vodárna vlevo) v prostoru stanice ZOO"
image_52.jpg,https://upload.wikimedia.org/wikipedia/commons/1/1a/Museu_Nacional_de_Etnografia_de_Nampula.JPG,"Español: El Museo nacional de etnografía de Nampula es el único museo nacional de Mozambique que no está localizado en Maputo.Português: O Museu Nacional de Etnografia de Nampula, é o único museu nacional moçambicano não localizado em Maputo. O edifício é um projecto do arquitecto Mário de Oliveira"
image_53.jpg,http://upload.wikimedia.org/wikipedia/commons/4/46/Dallau_-_Schloss.jpg,Deutsch: Das Dallauer Schloss: Eckturm und Palas blieben erhalten.
image_54.jpg,http://upload.wikimedia.org/wikipedia/commons/1/10/Stora_Teatern.jpg,"""English: Stora Teatern (""""Grand Theater"""") in Gothenburg, Sweden. Svenska: Stora Teatern i Göteborg."""
image_55.jpg,https://upload.wikimedia.org/wikipedia/commons/f/f0/%D0%9F%D1%80%D0%B0%D0%B2%D0%BE%D1%81%D0%BB%D0%B0%D0%B2%D0%BD%D0%B0_%D1%86%D1%80%D0%BA%D0%B2%D0%B0_%D0%A1%D0%B2%D0%B5%D1%82%D0%BE%D0%B3_%D0%93%D0%BB%D0%B8%D0%B3%D0%BE%D1%80%D0%B8%D1%98%D0%B0_%D0%91%D0%BE%D0%B3%D0%BE%D1%81%D0%BB%D0%BE%D0%B2%D0%B0-%D0%B8%D0%BA%D0%BE%D0%BD%D0%BE%D1%81%D1%82%D0%B0%D1%81.jpg,Српски / srpski: Иконостас у Православној цркви Светог Глигорија у Товаришеву
image_56.jpg,https://upload.wikimedia.org/wikipedia/commons/f/f5/Talaia._Sentimenduen_analisia.png,Euskara: Sentimenduen analisirako Talaia ataria. 2016ko EAEko hauteskunde autonomikoen termmetro digital gisa. English: Talaia portal of sentiment analysis. Digital thermometer of the 2016 regional elections.
image_57.jpg,https://upload.wikimedia.org/wikipedia/commons/9/98/Pomodoro_cigliegino_grappolo_01.jpg,This file was uploaded with Commonist. Italiano: Grappolo di pomodori cigliegino a diverso grado di maturazione
image_58.jpg,https://upload.wikimedia.org/wikipedia/commons/3/35/Lelwel_Hartebeest00.jpg,"""English: Drawing of Lelwel Hartebeest (Alcelaphus buselaphus lelwel), from """"Records of Big Game"""", Rowland Ward"""
image_59.jpg,https://upload.wikimedia.org/wikipedia/commons/e/e1/George_Thomas_Adkins_passport_application.jpg,English: Archives New Zealand Reference: ACGO 8333 IA1 1350 / 15/11/59182
image_60.jpg,https://upload.wikimedia.org/wikipedia/commons/0/05/Traction_La_Ferte-Vidame.jpg,English: 80 Jahre Citroen Traction Avant 2014 La Ferte-Vidame
image_61.jpg,https://upload.wikimedia.org/wikipedia/commons/0/05/Diodora_ruepellii_002.jpg,"English: Diodora rueppellii (G.B. Sowerby I, 1835) (underside) , a keyhole limpet from the family Fissurellidae; Malaga, Spain"
image_62.jpg,https://upload.wikimedia.org/wikipedia/commons/a/a1/Winston_Lackin_e_Antonio_Patriota.jpg,"Português: Brasília - Os ministros das Relações Exteriores do Suriname e do Brasi, Winston Lackin e Antônio Patriota, dão entrevista sobre os acordos de cooperação entre os dois países."
image_63.jpg,https://upload.wikimedia.org/wikipedia/commons/2/26/Flag_of_Aga_Niigata.JPG,English: Flag of Aga Niigata 日本語: 阿賀町旗
image_64.jpg,https://upload.wikimedia.org/wikipedia/commons/4/42/The_Black_Dahlia_Murder_-_Wacken_Open_Air_2016-AL1489.jpg,Deutsch&#x3a;&#32; The Black Dahlia Murder - Wacken Open Aire 2016English&#x3a;&#32; The Black Dahlia Murder - Wacken Open Aire 2016
image_65.jpg,https://upload.wikimedia.org/wikipedia/commons/4/4e/CPPatternAndCloisons.jpg,English: Adding cloisons to patterned base Cloisonne production at an official state production facility. Picture taken late September 2002 by Leonard G. Selectively digitally blurred for jpeg image storage reduction.
image_66.jpg,https://upload.wikimedia.org/wikipedia/commons/2/29/De_Eenden_Wanroij_-_GvKempen.jpg,"""Sculpture """"De Eenden"""" in Wanroij, The Netherlands"""
image_67.jpg,https://upload.wikimedia.org/wikipedia/commons/6/6e/Modica_interno_della_chiesa_di_S._Maria_di_Betlemme.jpg,Italiano: Modica: interno della chiesa di S. Maria di Betlemme (xilografia di Barberis 1892).
image_68.jpg,https://upload.wikimedia.org/wikipedia/commons/b/b6/Tomasz_Majewski_na_stadionie_Or%C5%82a_podczas_4._Mityngu_Kamili_Skolimowskiej_25_sierpie%C5%84_2013.JPG,Polski: Tomasz Majewski na stadionie Orła podczas 4. Mityngu Kamili Skolimowskiej 25 sierpień 2013
image_69.jpg,https://upload.wikimedia.org/wikipedia/commons/c/cb/%D0%A2%D1%83%D1%80%D0%B3%D0%B0%D0%B9%D1%81%D0%BA%D0%B0%D1%8F_%D0%BE%D0%B1%D0%BB%D0%B0%D1%81%D1%82%D1%8C_%D0%9C%D0%92%D0%94_%D0%91%D0%B5%D0%BD%D0%BA%D0%B5.jpg,Official Russian Empire coat of arms Turgai Oblast. Герб Российской Империи Тургайской области в Гербовнике МВД. Утверждён Императором Всероссийским Александром Вторым в 1878 году.
image_70.jpg,https://upload.wikimedia.org/wikipedia/commons/b/b8/Jonankg.jpg,日本語: 城南学園幼稚園
image_71.jpg,https://upload.wikimedia.org/wikipedia/commons/6/63/Lord_Stanley_of_Preston.jpg,English: Portrait of Lord Stanley of Preston.
image_72.jpg,https://upload.wikimedia.org/wikipedia/commons/3/34/Clash_21051980_12_800.jpg,"The Clash, Chateau Neuf, Oslo, Norway"
image_73.jpg,https://upload.wikimedia.org/wikipedia/commons/2/23/2KR6.pdb.png,Structure of presenilin
image_74.jpg,https://upload.wikimedia.org/wikipedia/commons/0/05/Akula_%28Typhoon%29_class_submarine_DD-ST-85-06625.jpg,"""English: A starboard quarter view of a Soviet Project 941 """"Akula"""" class (NATO reporting name: """"Typhoon"""") ballistic missile submarine underway."""
image_75.jpg,https://upload.wikimedia.org/wikipedia/commons/2/21/AFR_DL42_01.jpg,Alishan Forest Railway Diesel locomotive DL42 阿里山森林鐵路柴油機車DL42
image_76.jpg,https://upload.wikimedia.org/wikipedia/commons/0/04/Karachi_Streetshots2.jpg,"Karachi Streetshots. Karachi by day, on the road."
image_77.jpg,https://upload.wikimedia.org/wikipedia/commons/1/14/Frost_Olympos_in_Avacha_Bay_Petropavlovsk-Kamchatskiy_27_August_2010.jpg,"Русский: Фрост Олимпос в Авачинской бухте, Тихий океан, Авачинская губа, Камчатский край, Петропавловск-Камчатский in Avacha Bay Petropavlovsk-Kamchatskiy 27 August 2010 (в бухте находятся военный корабль Иней с сопровождением РБ-262, Фрост Олимпос и катер береговой охраны, на заднем плане ЗАТО Вилючинск и вулкан Вилючинская сопка) English: Frost Olympos in Avacha Bay Petropavlovsk-Kamchatskiy 27 August 2010 (Iney assisted by RB-262; patrol vessel of the coast guard of the Russian Federation, ZATO (closed administrative-territorial formation) Vilyuchinsk and Vilyuchik in the background)"
image_78.jpg,https://upload.wikimedia.org/wikipedia/commons/a/a0/Diffa%2C_30_septembre_1866%2C_soci%C3%A9t%C3%A9_mini%C3%A8re_Mokta_el-Hadid.jpg,"Français&#160;: Diffa offerte le 30 septembre 1866, par la société minière Mokta el-Hadid (Algérie), au vice-amiral de Gueydon, commandant en chef."
image_79.jpg,https://upload.wikimedia.org/wikipedia/commons/a/a6/Bibliotheek_van_Merksem.jpg,Nederlands: Bibliotheek van Merksem
image_80.jpg,https://upload.wikimedia.org/wikipedia/commons/a/a2/%27Resolution%27_in_Belfast_-_geograph.org.uk_-_636807.jpg,"English: 'Resolution' in Belfast. The highly unusual ship 'Resolution' in the building dock at Harland and Wolff in Belfast beneath the gantry cranes 'Samson' and 'Goliath' 599214 The ship is used in the construction of offshore windfarms and was in Belfast to collect turbine foundations that had been manufactured by Harland and Wolff for an offshore windfarm in the Solway Firth (see http://news.bbc.co.uk/1/hi/scotland/south_of_scotland/7151034.stm ). Its unusual shape comes from the six 130m legs which, once on site, jacks the vessel out of the water and provides a stable working platform to construct windfarms at sea. See http://www.ship-technology.com/projects/mayflower/ for some technical info on the Resolution."
image_81.jpg,https://upload.wikimedia.org/wikipedia/commons/6/60/1972_Oldsmobile_Cutlass_Supreme_%2815117916589%29.jpg,"""9th Annual Saturday Night Cruise-In September 20,2014 Hastings, Minnesota My second time to this event and the second time I got rained on. It was nice before and after the rain though. I did miss quite a few great cars that left before I could capture them, including a white 1962 Imperial that I caught a glimpse of at &quot;Back to the 50's&quot; More of my car pictures at my Flickr site: &lt;a href=""""https://www.flickr.com/photos/greggjerdingen/collections/72157631550277505/""""&gt;www.flickr.com/photos/greggjerdingen/collections/72157631...&lt;/a&gt;"""
image_82.jpg,https://upload.wikimedia.org/wikipedia/commons/2/20/Samuel_Cole_Wright.jpg,"English: Samuel Cole Wright, a veteran of the American Civil War and recipient of the Medal of Honor"
image_83.jpg,https://upload.wikimedia.org/wikipedia/commons/2/25/NM_landevei_fellesstart_2020_R%C3%B8yse_-_9_Idar_Andersen_-_13_Jonas_Iversby_Hvideberg.jpg,Norsk bokmål: NM landevei fellesstart 2020 Røyse - 9 Idar Andersen - 13 Jonas Iversby Hvideberg
image_84.jpg,https://upload.wikimedia.org/wikipedia/commons/d/d6/Spain_Cadiz_Municipality_of_Algeciras.png,English: Municipal locator
image_85.jpg,https://upload.wikimedia.org/wikipedia/commons/6/6f/%D0%A1%D0%BE%D0%B1%D0%BE%D1%80_%D0%90%D0%BB%D0%B5%D0%BA%D1%81%D0%B0%D0%BD%D0%B4%D1%80%D0%BE%D0%B2.jpg,"Русский: Иконостас, барабан"
image_86.jpg,https://upload.wikimedia.org/wikipedia/commons/a/ad/Iran_-_Hamedan_view_from_Alvand_Mountain_-_panoramio.jpg,English: Iran - Hamedan view from Alvand Mountain
image_87.jpg,https://upload.wikimedia.org/wikipedia/commons/4/4e/Bakenranef_sarcophagus_Florence.JPG,"English: Limestone sarcophagus of Bakenranef, vizier under Psametek I. From his tomb (Saqqara). Reign of Psametek I, 26th dynasty, Late Period. Florence, Museo archeologico nazionale. Italiano: Sarcofago in pietra calcarea di Bakenrenef, visir sotto Psammetico I, rinvenuto nella sua tomba a Saqqara. Regno di Psammetico I, XXVI dinastia, Epoca Tarda. Firenze, Museo archeologico nazionale."
image_88.jpg,https://upload.wikimedia.org/wikipedia/commons/2/2c/Gare-Lenclo%C3%AEtre-1900-2.jpg,Français&#160;: Le bâtiment voyageurs vers 1900.
image_89.jpg,https://upload.wikimedia.org/wikipedia/commons/0/04/Poggio_Renatico_-_Abbazia.png,"Italiano: Abbazia di San Michele Arcangelo a Poggio Renatico. In stile gotico-lombardo del XIV secolo, è stata inaugurata nel 1907. Sul tetto sono visibili i danni del terremoto dell'Emilia del 2012. Sulla destra si intravedono i detriti derivanti dai resti del campanile, demolito con 120 microcariche di dinamite dopo essere rimasto seriamente danneggiato dal terremoto."
image_90.jpg,https://upload.wikimedia.org/wikipedia/commons/c/cf/Bassigny-localisation.jpg,Localisation du Bassigny
image_91.jpg,https://upload.wikimedia.org/wikipedia/commons/2/20/Giorgos_Souflias.JPG,Ελληνικά: Γιώργος Σουφλιάς
image_92.jpg,https://upload.wikimedia.org/wikipedia/commons/1/1b/PRIstateswoninmexico.png,English: States won by PRI
image_93.jpg,https://upload.wikimedia.org/wikipedia/commons/8/8b/Sankt_Urban_im_Bezirk_FE.png,Deutsch: Bezirk Feldkirchen
image_94.jpg,https://upload.wikimedia.org/wikipedia/commons/d/d1/Batavia_Stad_2_klein.jpg,English: Batavia Stad Nederlands: Batavia Stad
image_95.jpg,https://upload.wikimedia.org/wikipedia/commons/c/c5/Little_Brother_performing_in_Atlanta.jpg,"Hip hop group Little Brother performing in Atlanta, Georgia."
image_96.jpg,https://upload.wikimedia.org/wikipedia/commons/a/af/F-11F_Blue_Angel_and_Fleet_2.jpg,English: Grumman F-11F Tiger and Fleet Model 2 in the Cradle of Aviation Museum. Grumman F-11F Tiger en Fleet Model 2 in het Cradle of Aviation Museum.
image_97.jpg,https://upload.wikimedia.org/wikipedia/commons/9/9b/%D0%9A%D1%80%D0%BE%D0%BD%D1%88%D1%82%D0%B0%D0%B4%D1%82.%D0%A4%D0%BE%D1%80%D1%82_%D0%90%D0%BB%D0%B5%D0%BA%D1%81%D0%B0%D0%BD%D0%B4%D1%80_I._%D0%92%D0%BD%D1%83%D1%82%D1%80%D0%B5%D0%BD%D0%BD%D0%B8%D0%B9_%D0%B4%D0%B2%D0%BE%D1%80.jpg,"Форт Александр I. Внутренний двор. This is a photo of a cultural heritage object in Russia, number: 7810285015 This template and pages using it are maintained by the Russian WLM team. Please read the guidelines before making any changes that can affect the monuments database!"
image_98.jpg,http://upload.wikimedia.org/wikipedia/commons/f/f3/Gymnasium-GHC.jpg,Paul-Gerhardt-Gymnasium in Gräfenhainichen
image_99.jpg,https://upload.wikimedia.org/wikipedia/commons/2/2a/Bettkober-Grafschwerin01a.jpg,Deutsch: Kurt Christoph Graf von Schwerin Русский: Памятник графу Шверину
image_100.jpg,http://upload.wikimedia.org/wikipedia/commons/c/cc/Hagfish_at_the_Oakburn_DSC09110.JPG,"English: Hagfish, Duiker Point, Cape Peninsula."
image_101.jpg,https://upload.wikimedia.org/wikipedia/commons/d/d8/Kapela_Pu%C5%BEevci.jpg,Slovenščina: Kapela Puževci Slovenija English: Chapel Puževci Slovenia
image_102.jpg,https://upload.wikimedia.org/wikipedia/commons/1/16/Zager%2C_J%C3%B6rg-1.jpg,Deutsch: Jörg Zager
image_103.jpg,https://upload.wikimedia.org/wikipedia/commons/d/da/Lannoy7.JPG,"Deutsch: Eustachius de Lannoy ergibt sich 1741, nach der Schlacht von Colachel, Gemälde, um 1750, Padmanabhapuram Palast, Tamil Nadu, Indien"
image_104.jpg,https://upload.wikimedia.org/wikipedia/commons/0/07/Pfaffenstein.jpg,Čeština: Stolová hora Pfaffenstein Autor Zp.
image_105.jpg,https://upload.wikimedia.org/wikipedia/commons/1/11/Nishitetsu_Shirakibaru_Station02.jpg,"English: Nishitetsu Shirakibaru Station(eastside entrance), Nishitetsu Tenjin Omuta Line. 日本語: 西鉄天神大牟田線 白木原駅（東口）"
image_106.jpg,https://upload.wikimedia.org/wikipedia/commons/6/6f/Maqueta_del_lloc_arqueol%C3%B2gic_de_Kotosh_del_Museu.jpg,Català: Maquesta del lloc arqueològic de Kotosh del Museu de Kotosh
image_107.jpg,https://upload.wikimedia.org/wikipedia/commons/1/10/Polar_Music_Prize_2005_-_Carl_XVI_Gustaf_and_Thomas_Fischer-Dieskau.jpg,"English: Thomas Fischer-Dieskau, nephew of Dietrich Fischer-Dieskau, receives the 2005 Polar Music Prize in place of his uncle from the hands of His Majesty, King Carl XVI Gustaf of Sweden at the Stockholm Concert Hall."
image_108.jpg,https://upload.wikimedia.org/wikipedia/commons/0/01/%E7%A6%8F%E5%B7%9E%E4%B8%9C%E7%AB%99_-_Fuzhou_East_Railway_Station_-_2014.09_-_panoramio.jpg,福州东站 - Fuzhou East Railway Station - 2014.09
image_109.jpg,https://upload.wikimedia.org/wikipedia/commons/b/b4/RO_BN_Biserica_evanghelica_din_Morut_%2811%29.jpg,"English: Lutheran church in Moruț, Bistrița-Năsăud county, Romania Română: Biserica evanghelică (turnul clopotniță și ruina navei bisericii evanghelice C.A.), sat Moruț; comuna Matei This is a photo of a historic monument in județul Bistrița-Năsăud, classified with number BN-II-m-B-01679"
image_110.jpg,http://upload.wikimedia.org/wikipedia/commons/7/72/Rongk%C3%A4ik%2C_Stockholmi_Eesti_Kool.IMG_5028.JPG,Eesti: Stockholmi Eesti Kooli koor XI noorte laulu- ja tantsupeo rongkäigus
image_111.jpg,http://upload.wikimedia.org/wikipedia/commons/5/54/7_Bukowskie_Prezentacje_Fokloru_Mlodych_-_festiwal_2009.JPG,English: Folk festival in Bukowsko.
image_112.jpg,http://upload.wikimedia.org/wikipedia/commons/8/8a/Neud%C3%B6rfl%2C-Leitham%C3%BChle-%281650%29.jpg,"Deutsch: Neudörfl, „Hofleithamühl“."
image_113.jpg,https://upload.wikimedia.org/wikipedia/commons/0/03/Pallas_Spangel_verbessert.jpg,"Deutsch: Pallas Spangel, Rektor Universität Heidelberg, Buchtitelseite"
image_114.jpg,https://upload.wikimedia.org/wikipedia/commons/7/78/S%C3%BCdburg_Lageplan.jpg,"Deutsch: Lageplan der Südburg von Hattusa, Zentraltürkei"
image_115.jpg,https://upload.wikimedia.org/wikipedia/commons/c/c6/Labour_Members_of_Parliament_1966.jpg,English: Labour Members of Parliament at the opening of a new session of Parliament
image_116.jpg,https://upload.wikimedia.org/wikipedia/commons/a/a3/Ford_fiesta_from_RTCC.jpg,"Русский: Смоленское кольцо , 1 этап RTCC 2011"
image_117.jpg,https://upload.wikimedia.org/wikipedia/commons/e/ed/Ukrainian_SSR_1938.jpg,Ukrainian SSR (Украинская ССР).
image_118.jpg,https://upload.wikimedia.org/wikipedia/commons/b/bd/Kartoffelstampfer_2015.jpg,Deutsch: Kartoffelstampfer
image_119.jpg,https://upload.wikimedia.org/wikipedia/commons/b/b2/MSC_2014_Erekat-GiscardDEstaing-Livni_Zwez_MSC2014.jpg,"English: 50th Munich Security Conference 2014: Saeb Erekat,Valéry Giscard d'Estaing and Tzipi Livni: Saeb Erekat (Head of the Palestinian Negotiation Steering and Monitoring Committee, Palestinian National Authority), Valéry Giscard d'Estaing (Former President of the French Republic) and Tzipi Livni (Minister of Justice, State of Israel)."
image_120.jpg,https://upload.wikimedia.org/wikipedia/commons/b/b2/Maskinen_2011_%28crop%29.jpg,Svenska: Maskinen 2011.
image_121.jpg,http://upload.wikimedia.org/wikipedia/commons/a/a3/Mazirot%2C_%C3%89glise_Saint-Pierre-aux-Liens_2.jpg,Français&#160;: L'église Saint-Pierre-aux-Liens à Mazirot Deutsch: Kirche Saint-Pierre-aux-Liens in Mazirot
image_122.jpg,https://upload.wikimedia.org/wikipedia/commons/8/88/Expulsion_of_the_Russian_envoy_to_the_Holy_See_Felix_von_Meyendorff_by_Pope_Pius_IX.PNG,English: Expulsion of the Russian envoy to the Holy See Felix von Meyendorff by Pope Pius IX in 1864 for insulting catholic faithDeutsch: Die Ausweisung des russischen Gesandten Felix von Meyendorff durch Papst Pius IXPolski: Odprawa udzielona posłowi rosyjskiemu Feliksowi von Meyendorffowi przez papieża Piusa IX
image_123.jpg,https://upload.wikimedia.org/wikipedia/commons/b/be/Malacostraca_-_Evolu%C3%A7%C3%A3o_no_registro_f%C3%B3ssil.png,Português: A imagem provém de um artigo (Evolutionary Trends In Crustacea - Malacostraca) e representa a evolução ao longo das eras geológicas desta classe.
image_124.jpg,https://upload.wikimedia.org/wikipedia/commons/a/aa/First_arrivals_at_Manus_Island_Airport_%288204043801%29.jpg,"The first group of irregular maritime arrivals arrived at the regional processing centre in Manus Island, PNG today. The 19 people, comprising families from Sri Lanka and Iran, departed Christmas Island late yesterday. Transfers to Manus Island and Nauru will continue in coming weeks and months."
image_125.jpg,http://upload.wikimedia.org/wikipedia/commons/b/bc/MmeAcarie.jpg,English: Marie of the Incarnation (1566-1618)
image_126.jpg,http://upload.wikimedia.org/wikipedia/commons/0/05/Gedecktes_Br%C3%BCggli_1780.jpg,"Gedecktes Brüggli, Stich von 1780"
image_127.jpg,http://upload.wikimedia.org/wikipedia/commons/c/c9/Loxodrome2.jpg,Deutsch: Unterscheidung Loxodrome – Orthodrome
image_128.jpg,https://upload.wikimedia.org/wikipedia/commons/a/a5/Cheirolophus_crassifolius_Malta_Dingli_Cliffs_07.jpg,"Cheirolophus crassifolius, Malta Thanks to Stephen Mifsud http://www.maltawildplants.com Flowering plant"
image_129.jpg,https://upload.wikimedia.org/wikipedia/commons/2/2d/Womens_equality_day_program_book.jpg,"English: Program book for Women’s Equality Day, Aug. 23, 2016"
image_130.jpg,https://upload.wikimedia.org/wikipedia/commons/c/c0/B-25_Mitchell_nose_art_Tondelayo.jpg,"""English: Detail of the nose art on a B-25 Mitchell aircraft, at the Collings Foundation Airshow. Aircraft details: B-25J-15NC c/n 108-32207 44-28932 (N3476G), ex-TB-25J, ex-TB-25N BD-932, ex-air tanker #6, """"Tondelayo"""", Collings Foundation, New Smyrna Beach, FL (A)."""
image_131.jpg,https://upload.wikimedia.org/wikipedia/commons/8/84/Death_of_Sappho_by_Miguel_Carbonell_Selva.jpg,Death of Sappho
image_132.jpg,https://upload.wikimedia.org/wikipedia/commons/4/41/BodilskerStationSporside.jpg,"Dansk: Bodilsker Station, sporside"
image_133.jpg,https://upload.wikimedia.org/wikipedia/commons/9/96/Oskar_Kraus.png,Čeština: filozof Oskar Kraus
image_134.jpg,https://upload.wikimedia.org/wikipedia/commons/5/5d/Besko_-_oczyszczalnia_sciekow.JPG,Polski: Besko - oczyszczalnia sciekow
image_135.jpg,https://upload.wikimedia.org/wikipedia/commons/e/e2/Finnish_language_map%2C_detailed_areas.png,Map of the areas where the Finnish language is spoken.
image_136.jpg,https://upload.wikimedia.org/wikipedia/commons/e/ef/Blepsias_cirrhosus_2.jpg,English: Photo of Blepsias cirrhosus (silverspotted sculpin) at the Vancouver Aquarium
image_137.jpg,https://upload.wikimedia.org/wikipedia/commons/1/15/Hip%C3%B3dromo_de_San_Isidro_01-09-2012.jpg,"Español: Panorámica del Hipódromo de San Isidro, donde se observa la redonda de exhibición de los purasangre, la pista de césped y el tablero electrónico indicador de dividendos."
image_138.jpg,https://upload.wikimedia.org/wikipedia/commons/b/b8/RO_GJ_Biserica_Sfantul_Nicolae_din_Bradiceni_%285%29.jpg,"English: Saint Nicholas church in Brădiceni, Gorj county, Romania Română: Biserica „Sfântul Nicolae”, sat Brădiceni; comuna Peștișani, Cătunul Mămăroi This is a photo of a historic monument in județul Gorj, classified with number GJ-II-m-B-09247"
image_139.jpg,http://upload.wikimedia.org/wikipedia/commons/0/03/Moorbad_Gm%C3%B6s_-_Teich_mit_Nebel.jpg,Moor in Gmös
image_140.jpg,https://upload.wikimedia.org/wikipedia/commons/d/d7/Birthplace_of_Monroe_historical_marker.jpg,"English: A historical marker on State Route 205 at the entrance to the James Monroe Family Home Site near Colonial Beach in Westmoreland County, Virginia, United States."
image_141.jpg,https://upload.wikimedia.org/wikipedia/commons/0/0c/Night_Club_2015.jpg,English: Mark Brooks and Emily Kavanaugh
image_142.jpg,https://upload.wikimedia.org/wikipedia/commons/5/54/Alsfeld_Brauerei_Wallach_303.JPG,"Deutsch: Werbeanzeige der Brauerei Wallach in Heinrich Dittmar/Herbert Jäkel: Geschichte der Juden in Alsfeld. Alsfeld, Geschichts- u. Museumsverein, 1988, S. 107, ISBN 3-927284-00-9"
image_143.jpg,https://upload.wikimedia.org/wikipedia/commons/a/a8/Va_nationalforests.png,"English: Map showing the location of the George Washington and Jefferson National Forests in Virginia, United States."
image_144.jpg,https://upload.wikimedia.org/wikipedia/commons/2/29/Cup_of_Sahlep_in_tearoom_in_T%C5%99eb%C3%AD%C4%8D%2C_T%C5%99eb%C3%AD%C4%8D_District.jpg,"English: Cup of Sahlep in tearoom in Třebíč, Czech Republic. Čeština: Hrnek Sahlepu v čajovně v Třebíči."
image_145.jpg,https://upload.wikimedia.org/wikipedia/commons/2/2f/110th_Tactical_Fighter_Squadron_McDonnell_F-4C-23-MC_Phantom_64-0749.jpg,"English: 110th Tactical Fighter Squadron McDonnell F-4C-23-MC Phantom 64-0749, Lambert Field, St Louis, Missouri, 1980"
image_146.jpg,https://upload.wikimedia.org/wikipedia/commons/4/4f/Estacion_Ariel_%28FCPBA%29.jpg,Español: Estación Ariel (FCPBA)
image_147.jpg,http://upload.wikimedia.org/wikipedia/commons/e/e8/Map_commune_FR_insee_code_80058.png,English: Map of French municipality Bayonvillers Français&#160;: Carte des communes françaises Bayonvillers Nederlands: Kaart van Franse gemeente Bayonvillers
image_148.jpg,https://upload.wikimedia.org/wikipedia/commons/a/a4/DJ_Rattan_2014.jpg,English: DJ Rattan
image_149.jpg,https://upload.wikimedia.org/wikipedia/commons/2/2c/2017-03-07_Geneva_Motor_Show_0845.JPG,English: Geneva Motor Show 2017 (photo taken on the first press day) Français&#160;: Salon international de l'automobile de Genève 2017 Deutsch: Genfer Auto-Salon 2017 (Foto vom ersten Pressetag) Italiano: Salone dell'automobile di Ginevra 2017 (foto scattate durante il primo giorno dedicato alla stampa)
image_150.jpg,https://upload.wikimedia.org/wikipedia/commons/9/95/%27t_Huis_Boxbergen_1730.jpg,"English: Huis Boxbergen, Olst-Wijhe Nederlands: 't Huis Boxbergen, Olst-Wijhe Original caption: Olst. „Boxbergen”"
image_151.jpg,https://upload.wikimedia.org/wikipedia/commons/c/c2/%D0%9C%D0%BE%D0%BC%D0%B5%D0%BD%D1%82_%D0%BF%D0%B0%D0%B4%D1%96%D0%BD%D0%BD%D1%8F_2.jpg,"Українська: Пам'ятник В.І. Леніну (зруйнований), Харків, майд. Свободи (кол. пл. Ф.Е. Дзержинського)"
image_152.jpg,https://upload.wikimedia.org/wikipedia/commons/7/7c/Expoforum_2.JPG,English: Expoforum scale model at Lenexpo Русский: Макет Экспофорума на выставке «Ленэкспо»
image_153.jpg,http://upload.wikimedia.org/wikipedia/commons/d/da/Kasina_Turnia_T.41.jpg,Polski: Rozdroże pod Kasprowym. Kasina Turnia i żleb Wrota
image_154.jpg,https://upload.wikimedia.org/wikipedia/commons/2/24/Glamocko_polje_1.JPG,Српски / srpski: Glamočko poljeEnglish: Glamoč field
image_155.jpg,https://upload.wikimedia.org/wikipedia/commons/a/ac/Baerensee002.JPG,Bärensee
image_156.jpg,https://upload.wikimedia.org/wikipedia/commons/5/52/Moslehi_SUNY_Abany.jpg,English: Roxana Moslehi at the Cancer Research Center at SUNY East campus
image_157.jpg,https://upload.wikimedia.org/wikipedia/commons/7/7a/RosiaNouaAR_%28100%29.JPG,"Română: Biserica de lemn din Roșia Nouă, județul Arad This is a photo of a historic monument in județul Arad, classified with number AR-II-m-B-00644"
image_158.jpg,https://upload.wikimedia.org/wikipedia/commons/e/ec/Verlauf_der_Miesenbach.jpg,Deutsch: Verlauf der Miesenbach richtung Süden
image_159.jpg,https://upload.wikimedia.org/wikipedia/commons/8/8a/Eugenie_Besserer_01.JPG,English: Eugenie Besserer
image_160.jpg,https://upload.wikimedia.org/wikipedia/commons/b/bf/Jonas_Olsson_Fulham_v_WBA_%28cropped%29.jpg,"Craven Cottage, September 2012"
image_161.jpg,https://upload.wikimedia.org/wikipedia/commons/4/43/Hanne_S%C3%B8rvaag_live_in_Oslo.jpg,English: Singer songwriter
image_162.jpg,https://upload.wikimedia.org/wikipedia/commons/4/48/Reef1075_-_Flickr_-_NOAA_Photo_Library.jpg,"English: Donkey dung sea cucumber (Holothuria mexicana). This species of holothurian can attain lengths of 20 inches. U. S. Virgin Islands, Coki Beach, St. Thomas."
image_163.jpg,https://upload.wikimedia.org/wikipedia/commons/7/75/South_Branch_Bowman_Creek.jpg,English: South Branch Bowman Creek on the Mountain Springs Trail in Ricketts Glen State Park.
image_164.jpg,https://upload.wikimedia.org/wikipedia/commons/d/d8/Gen_Con_Indy_2008_-_costumes_58.JPG,"Picture of Gen Con Indy 2008 in Indianapolis, Indiana, USA."
image_165.jpg,https://upload.wikimedia.org/wikipedia/commons/f/fc/Plan_de_Paris_1858_%28Petit_Gentilly%29.png,Français&#160;: Plan de Paris 1858 (Petit Gentilly)
image_166.jpg,https://upload.wikimedia.org/wikipedia/commons/2/2b/Ca%C3%B1%C3%B3n_de_la_Fragata_Magdalena.jpg,"Cañón recuperado de la Fragata Magdalena. Esta fragata, junto al Bergantín Palomo, se hundieron frente a la localidad de Viveiro en el año 1810."
image_167.jpg,https://upload.wikimedia.org/wikipedia/commons/8/82/Armenian_Patriarch_of_Constantinople_-_P1040052.JPG,"English: The office building of the Armenian Patriarchate of Constantinople, across the street from the Surp Asdvadzadzin Patriarchal Church."
image_168.jpg,https://upload.wikimedia.org/wikipedia/commons/2/24/Anton_Heinrich_Springer.jpg,German art historian and writer Anton Heinrich Springer.
image_169.jpg,https://upload.wikimedia.org/wikipedia/commons/d/da/Rosenberg_Hammerphilippsburg_1a_8362.jpg,Deutsch: Hammer Philippsburg / Hammer Rosenberg (linkes Gebäude) - rechts im Vordergrund Brücke und Teil vom Rosenbach
image_170.jpg,https://upload.wikimedia.org/wikipedia/commons/6/64/Larvaefeedingoncacti.jpg,English: Larvae eating on an Opuntia Cacti
image_171.jpg,https://upload.wikimedia.org/wikipedia/commons/1/17/Paul_Gray_%282%29.jpg,"The Voice Finalists perform live at Warringah Mall, Sydney, Australia Darren Percival, Sarah De Bono and Rachael Leahcar enjoyed a public appearance at Warringah Mall, on Sydney's northern beaches this afternoon. The former contestants on Channel Nine's 'The Voice' were there to promote their music of course. Hundreds of passionate fans showed up to offer their support and a few lucky ones who bought CD's of their favourite performers from 'The Voice' got them autographed. Their music can also be enjoyed via iTunes. Nova sponsored the event. Music remains a popular medium in the reality TV industry. The Voice (U.S) is currently screening on Australian TV, but has not enjoyed the same ratings success as the Australian version. We wish all of the performing artists well as their careers continue to evolve in front of appreciative Australian audiences. Websites iTunes - Sarah De Bono itunes.apple.com/au/artist/sarah-de-bono/id516897190 The Voice (Australia) www.thevoice.com.au Warringah Mall www.warringahmall.com.au Nova www.novafm.com.au Channel Nine www.channelnine.ninemsn.com.au Eva Rinaldi Photography Flickr www.flickr.com/evarinaldiphotography Eva Rinaldi Photography www.evarinaldi.com Music News Australia www.musicnewsaustralia.com"
image_172.jpg,https://upload.wikimedia.org/wikipedia/commons/3/3b/Flickr_-_Jo%C3%A3o_de_Deus_Medeiros_-_Doliocarpus_brevipedicellatus_%282%29.jpg,Doliocarpus brevipedicellatus Garcke - DILLENIACEAE - Parque Ecológico dos Jequitibás - Sobradinho - Distrito Federal - Brasil.
image_173.jpg,https://upload.wikimedia.org/wikipedia/commons/8/80/Illu_lymph_node_structure-ja.png,English: Lymph node Japanese labels are substtuted for English ones.
image_174.jpg,https://upload.wikimedia.org/wikipedia/commons/9/90/Mairie_de_La_Grange_02.jpg,"Français&#160;: Mairie de La Grange, Doubs, France"
image_175.jpg,https://upload.wikimedia.org/wikipedia/commons/3/30/Vellahn_Goldenbow_Gutshaus.jpg,English: Gutshaus in Goldenbow
image_176.jpg,https://upload.wikimedia.org/wikipedia/commons/e/e0/Woodfords_Brewery_4th_May_2008.JPG,A potograph of the Woodforde's Brewey at Woodbastwick in the county of Norfolk within the UK. DAF LF and Ford Transit.
image_177.jpg,https://upload.wikimedia.org/wikipedia/commons/3/3a/Chengannur_Mahadeva1.JPG,English: Chengannur Mahadeva temple
image_178.jpg,http://upload.wikimedia.org/wikipedia/commons/b/be/Haul_bag.jpg,English: Haul bag
image_179.jpg,https://upload.wikimedia.org/wikipedia/commons/f/f2/Feira-_livre_de_Monte_Alegre_de_Sergipe.JPG,Português: Feira livre de Monte Alegre no CEASA.
image_180.jpg,https://upload.wikimedia.org/wikipedia/commons/7/78/Jos%C3%A9_S%C3%B3crates_cropped.png,"José Sócrates, lors de son message de Noël, en 2008."
image_181.jpg,https://upload.wikimedia.org/wikipedia/commons/2/24/Rhizostoma_pulmo_on_Bournemouth_Beach.jpg,"English: A Rhizostoma pulmo jellyfish washed ashore on Bournemouth beach, Dorset."
image_182.jpg,https://upload.wikimedia.org/wikipedia/commons/d/d4/Atentado_de_Vaillant.jpg,Imagem do atentado de Vaillant publicada em 1893 no jornal Le Petit Parisiensi em 1894.
image_183.jpg,https://upload.wikimedia.org/wikipedia/commons/3/3f/Palace_of_Sennacherib_Restored.jpeg,"""English: Wood engraving of """"The thrones and palaces of Babylon and Nineveh"""" by John Philip Newman."""
image_184.jpg,https://upload.wikimedia.org/wikipedia/commons/3/3b/Amalie_Hohenester_1862_Die_Stadt-Frau-Bas.png,"Amalie Hohenester (Birth name&#58; Amalie Nonnenmacher; 1827–1878), German physician (alternative medicine)"
image_185.jpg,http://upload.wikimedia.org/wikipedia/commons/a/a0/%C3%89quipeitalie.JPG,"English: Team Italy, ice hockey. Euro Ice Hockey Challenge, 2003, Briançon, France. Français&#160;: Equipe d'Italie de hockey sur glace. Euro Ice Hockey Challenge, 2003, Briançon, France."
image_186.jpg,https://upload.wikimedia.org/wikipedia/commons/4/4b/JNR80_syounan.jpg,日本語: 国鉄80系電車
image_187.jpg,https://upload.wikimedia.org/wikipedia/commons/7/78/Marudi_Museum.jpg,English: Marudi Museum
image_188.jpg,https://upload.wikimedia.org/wikipedia/commons/5/56/Nawabzada_Mohammad_Ismail_Khan_Of_Amb_State.jpg,English: Sitting: Nawabzada Mohammad Ismail Khan Of Amb State).
image_189.jpg,https://upload.wikimedia.org/wikipedia/commons/c/c2/Pont_de_La_Motte_02.jpg,"Français&#160;: Extrait d'une ancienne photographie du pont de La Motte, ouvrage d'art franchissant les deux rives de la Loire entre les communes de La Riche et Fondettes, près de Tours, Indre-et-Loire."
image_190.jpg,http://upload.wikimedia.org/wikipedia/commons/6/66/Gijs_Bosch_Reitz.png,"English: Bosch Reitz, Sigisbert Chrétien ('Gijs') (1860-1938) (1894) in zijn atelier"
image_191.jpg,https://upload.wikimedia.org/wikipedia/commons/f/fb/Nass_Corporation_B.S.C._Logo.jpg,客家語/Hak-kâ-ngî: Nass Corp. logo
image_192.jpg,https://upload.wikimedia.org/wikipedia/commons/a/a0/Grapes_sorting_and_crushing_with_winemaking_equipment.jpg,"Sokol Blosser Winery, Willamette Valley, Oregon"
image_193.jpg,https://upload.wikimedia.org/wikipedia/commons/0/0b/OST_Courts%2C_Sheffield%2C_Texas.JPG,"English: This is a photograph of the main street of Sheffield, Texas, which was old U. S. Highway 290 and part of the Old Spanish Trail Highway. The OST Courts was a small local motel that operated in the community for a number of years in the 1950s and 60s."
image_194.jpg,https://upload.wikimedia.org/wikipedia/commons/1/10/William_P._Sprague_Brady_Handy.00544.jpg,English: William P. Sprague from Brady Handy Collection.
image_195.jpg,https://upload.wikimedia.org/wikipedia/commons/9/9c/156_Gr%C3%A4sk%C3%B6fj%C3%A4rden.jpg,"English: Gräsköfjärden, narrow coastal inlet in Stockholm archipelago through Kråkhålet at Furusund waterway"
image_196.jpg,https://upload.wikimedia.org/wikipedia/commons/9/9f/British_ambulance_wagons_after_the_Battle_of_Rafa_in_1917.jpg,English: Ambulance wagons returning to El Arish from Rafa
image_197.jpg,https://upload.wikimedia.org/wikipedia/commons/b/b6/Balagny-sur-Th%C3%A9rain_%2860%29%2C_%C3%A9glise_Saint-L%C3%A9ger%2C_crois%C3%A9e%2C_vue_vers_l%27est_2.JPG,"Français&#160;: Croisée, vue vers l'est."
image_198.jpg,https://upload.wikimedia.org/wikipedia/commons/0/0f/Sale_notice_Trafford_Hall_1927.jpg,"English: Sale notice for Trafford Hall, Chester in 1927"
image_199.jpg,https://upload.wikimedia.org/wikipedia/commons/6/60/Pthirus_gorillae.jpg,English: A magnified image of Pthirus gorillae.
image_200.jpg,https://upload.wikimedia.org/wikipedia/commons/4/4f/M%C3%BCnchehofe_Kirche_Gedenkstein_von_G%C3%B6rtz.JPG,Deutsch: Findling über dem Grab von Görtz auf dem Kirchhof neben der Kirche in Münchehofe der gleichnamigen Gemeinde im Landkreis Dahme-Spreewald in Brandenburg
image_201.jpg,https://upload.wikimedia.org/wikipedia/commons/4/43/Herz_Jesu_Kirche_Amstetten_1.jpg,Deutsch: Herz Jesu Kirche Amstetten
image_202.jpg,https://upload.wikimedia.org/wikipedia/commons/c/c7/Wyvern_Liber_Floridus.jpg,"Saint Michael and the angels fighting the Wyvern. MS. 724/1596 f.15r St. Michael and the Angels fighting the dragon, from 'Liber Floridus' by Lambert de Saint-Omer, c.1448 (vellum)"
image_203.jpg,http://upload.wikimedia.org/wikipedia/commons/4/46/Stiftsherrenhaus%2C_Hameln_Innenstadt.JPG,"English: Stiftsherrenhaus at the city of Hamelin, Germany Deutsch: Stiftsherrenhaus in der Hamelner Innenstadt"
image_204.jpg,https://upload.wikimedia.org/wikipedia/commons/b/b5/Lipa_v_Dysine.JPG,"Čeština: Lípa v Dýšině - památný strom v obci Dýšina, okres Plzeň-město Deutsch: Winter-Linde (Tilia cordata) in Dýšina, Bezirk Plzeň-město (Pilsen-Stadt), Tschechien English: Small-leaved Lime (Tilia cordata) in Dýšina, District Plzeň-město, Czech Republic"
image_205.jpg,https://upload.wikimedia.org/wikipedia/commons/5/54/Sapium_insigne_09.JPG,English: Sapium insigne
image_206.jpg,https://upload.wikimedia.org/wikipedia/commons/5/5a/Montbrison%2C_m%C3%A9diath%C3%A8que.jpg,"Français&#160;: Montbrison, médiathèque départementale de la Loire"
image_207.jpg,https://upload.wikimedia.org/wikipedia/commons/1/1c/20150325114211%21SOUTHERN_KURDISH.jpg,فارسی: اطلاعات درست
image_208.jpg,https://upload.wikimedia.org/wikipedia/commons/4/44/Marseille_Corniche_Pr%C3%A9sident_John_Kennedy%2C_plage.jpg,"Corniche Président John Kennedy, plage"
image_209.jpg,https://upload.wikimedia.org/wikipedia/commons/7/7d/%D0%91%D0%B8%D0%B1%D0%BB%D0%B8%D0%BE%D1%82%D0%B5%D0%BA%D0%B0_%D0%B2_%D0%9A%D0%BE%D0%B2%D1%80%D0%BE%D0%B2%D0%B5.jpg,Русский: Табличка на входе в детскую библиотеку имени С. М. Голицына в Коврове
image_210.jpg,https://upload.wikimedia.org/wikipedia/commons/b/bb/Whaligoe_01.jpg,"English: Cliffs at Whaligoe. Caithness, Highland council area, Scotland."
image_211.jpg,https://upload.wikimedia.org/wikipedia/commons/8/89/Recova_de_Pueyrred%C3%B3n_%28Plaza_Miserere%29.JPG,"Español: Cuadra del 0 al 100 de Avenida Pueyrredón, frente a la Plaza Miserere (o Plaza Once de Septiembre). Todos los edificios comparten una antigua recova que cubre la vereda, con locales comerciales. Buenos Aires, Argentina."
image_212.jpg,https://upload.wikimedia.org/wikipedia/commons/5/5a/Do%C5%88ov_CoA.jpg,Čeština: Doňov
image_213.jpg,https://upload.wikimedia.org/wikipedia/commons/6/63/BW_Bank_-_geo-en.hlipp.de_-_11928.jpg,BW Bank
image_214.jpg,https://upload.wikimedia.org/wikipedia/commons/4/4a/Flabiol_P_Pardo_03.jpg,"English: Flabiol of instrument maker P. Pardo, La Bisbal, Catalonia, 1967 Deutsch: Flabiol des Instrumentenbauers P. Pardo, La Bisbal, Katalonien, 1967 (Unterseite, Mundstück 8 cm und Blasrohr 17 cm inkl Aufsatzstück)"
image_215.jpg,https://upload.wikimedia.org/wikipedia/commons/3/30/Caspar_Wolf_Oberer_und_unterer_Grindelwaldgletscher_1774.jpg,"Deutsch: Oberer und Unterer Grindelwaldgletscher mit Wetterhorn, Mettenberg und Eiger 1774. Öl auf Leinwand, 82 x 226 cm. Aargauer Kunsthaus, Aarau."
image_216.jpg,https://upload.wikimedia.org/wikipedia/commons/e/e3/Ayunt_Almer%C3%ADa.JPG,"Español: Ayuntamiento de Almería, actualmente bajo reformas"
image_217.jpg,https://upload.wikimedia.org/wikipedia/commons/a/a6/Jos%C3%A9_Carvajal_y_Hu%C3%A9%2C_de_Capuz.jpg,"Español: «José Carvajal y Hué, último ministro de Estado», en la revista española La Ilustración Española y Americana."
image_218.jpg,https://upload.wikimedia.org/wikipedia/commons/3/39/HSD_Hochschule_D%C3%B6pfer%2C_K%C3%B6ln-5248.jpg,"Deutsch: HSD Hochschule Döpfer, Köln"
image_219.jpg,https://upload.wikimedia.org/wikipedia/commons/7/73/Cardiff_Castle_-_Bibliothek_Allegorien_Literatur_3_Assyrisch.jpg,English: Cardiff Castle ( Wales ). Castle apartments: Library ( 1870s ) - Allegory of Assyrian literature ( relief by Thomas Nicholls ). Deutsch: Cardiff Castle ( Wales ). Palas: Bibliothek ( 1870s ) - Allegorie der assyrischen Literatur ( Relief von Thomas Nicholls ).
image_220.jpg,https://upload.wikimedia.org/wikipedia/commons/6/68/71-615_%28KTM-15%29_tram_at_number_212_in_Pyatigorsk.jpg,"Русский: Трамвай 71-615 номер 212, улица Кирова, Пятигорск."
image_221.jpg,https://upload.wikimedia.org/wikipedia/commons/b/bd/Plaine_Joux_classe_de_neige_2.jpg,"Station de Plaine-Joux (Passy, Haute-Savoie, France)?. Rassemblement d'enfants de classe de neige."
image_222.jpg,https://upload.wikimedia.org/wikipedia/commons/1/14/FPCGreeneville.jpg,"English: First Presbyterian Church, Greeneville, TN and its adjacent chapel"
image_223.jpg,https://upload.wikimedia.org/wikipedia/commons/e/e7/Laida_Lertxundi.jpg,Euskara: Laida Lertxundi. Zinemagilea eta unibertsitateko irakaslea
image_224.jpg,https://upload.wikimedia.org/wikipedia/commons/5/50/Rio_Tiet%C3%AA_na_Marginal_do_Tiet%C3%AA_-_quase_limpo_-_panoramio.jpg,Rio Tietê na Marginal do Tietê - quase limpo!
image_225.jpg,https://upload.wikimedia.org/wikipedia/commons/6/62/Western_oases_-Egypt.jpg,"Western oases, El Kasr Egypt"
image_226.jpg,https://upload.wikimedia.org/wikipedia/commons/d/d7/Bundesarchiv_Bild_102-15282A%2C_Ernst_R%C3%B6hm.jpg,"For documentary purposes the German Federal Archive often retained the original image captions, which may be erroneous, biased, obsolete or politically extreme. Der Stabschef der SA. Ernst Röhm, wurde auf Vorschlag des Reichskanzlers zum Reichsminister ohne Geschäftsbereich ernannt! Der Reichspräsident zum Reichsminister ernannte Stabschef der SA. Ernst Röhm, welcher somit Mitglied der Reichsregierung wurde. [Text der erneuten Herausgabe im November 1933] Information added by Wikimedia users.English: Ernst Röhm, wearing a „Kampfbinde“ on his arm."
image_227.jpg,https://upload.wikimedia.org/wikipedia/commons/a/af/Gongen_Zukuri.png,日本語: 権現造平面図(神社建築) English: Gongen Zukuri(Honden structure of Shrine)
image_228.jpg,http://upload.wikimedia.org/wikipedia/commons/8/8f/GreeceDioikiseis.png,Map of Greece with General Directorates.
image_229.jpg,https://upload.wikimedia.org/wikipedia/commons/f/f1/Interniertengedenktafel_Seedorf_BE.jpg,Deutsch: Tafel zur Erinnerung an die Internierung von Franzosen in Seedorf/BE 1940.
image_230.jpg,http://upload.wikimedia.org/wikipedia/commons/5/5f/Regulus_stranded_in_the_mud_in_front_of_Fouras_under_attack_by_British_ships_August_1809.jpg,English: Regulus stranded in the mud in front of Fouras under attack by British ships August 1809
image_231.jpg,https://upload.wikimedia.org/wikipedia/commons/c/c6/Wheeling_Hospital%2C_Wheeling%2C_W._Va_%2874765%29.jpg,"English: Title: Wheeling Hospital, Wheeling, W. Va. Subjects: Hospitals Places: West Virginia &gt; Ohio (county) &gt; Wheeling Notes: Title from item. Extent: 1 print (postcard)&#160;: linen texture, color&#160;; 3 1/2 x 5 1/2 in. Accession #: 06_10_022617"
image_232.jpg,https://upload.wikimedia.org/wikipedia/commons/8/8b/Tempeh_003.jpg,日本語: インドネシアの大豆発酵食品であるテンペ
image_233.jpg,https://upload.wikimedia.org/wikipedia/commons/a/ad/Ko%C5%9Bci%C3%B3%C5%82_filialny_pw._Narodzenia_NMP_w_W%C4%85soszu.jpg,Polski: Kościół filialny pw. Narodzenia NMP w Wąsoszu
image_234.jpg,https://upload.wikimedia.org/wikipedia/commons/2/26/SETH_WETMORE_HOUSE%2C_MIDDLETOWN%2C_MIDDLESEX_COUNTY%2C_CT.jpg,"English: Colonial Georgian-style 1746 house built by Judge Seth Wetmore. Intersection of Connecticut Route 66 and Camp Road. Johnathan Edwards, Aaron Burr, and Lafayette were visitors here."
image_235.jpg,https://upload.wikimedia.org/wikipedia/commons/8/85/Parkside_High_School.jpg,"English: parkside high school in hamilton, ontario"
image_236.jpg,http://upload.wikimedia.org/wikipedia/commons/8/8d/Le_cotre_de_p%C3%AAche_FREPAT_%2838%29.JPG,"Français&#160;: Le cotre de pêche «&#160;FREPAT&#160;» participant à la parade nautique sur le Charente à Rochefort-sur-Mer, en l’ honneur de la mise à l’eau de la frégate «&#160;L’hermione&#160;» le vendredi 6 juillet 2012. Ce bateau de pêche a été construit aux Sables d’ Olonnes en 1942. Il a été utilisé pour pêcher des poissons et draguer des coquillages. Immatriculation: LR 277074. Rochefort-sur-Mer, Charente Maritime, France."
image_237.jpg,https://upload.wikimedia.org/wikipedia/commons/7/7a/Rajendra_Prasad_with_members_of_Delhi_District_Congress_Committee.jpg,English: The first President of India with members of the Delhi District Congress Committee (Ward No. 6) when they came to collect donation for providing relief to the East Bengali refugees.
image_238.jpg,https://upload.wikimedia.org/wikipedia/commons/0/03/Kors%C3%B8r_Hafen.JPG,Blick vom ehemaligen Bahnhof über das innere Korsører Hafenbecken zur Festung.
image_239.jpg,https://upload.wikimedia.org/wikipedia/commons/4/43/Mesopotamia_7000-6000.png,English: Mesopotamia_7000-6000 BC Català: Mesopotamia_7000-6000 aC
image_240.jpg,https://upload.wikimedia.org/wikipedia/commons/6/6e/%E5%BE%90%E5%8C%AF%E5%BB%A3%E5%A0%B4.jpg,English: ST.IGNATIUS PLAZA中文（台灣）‎: 徐匯廣場
image_241.jpg,https://upload.wikimedia.org/wikipedia/commons/6/6d/Crkva-Visnjevac.JPG,"Hrvatski: Župna Crkva Rođenja Blažene Djevice Marije, Višnjevac. Svibanj, 2011."
image_242.jpg,https://upload.wikimedia.org/wikipedia/commons/d/da/Bretforton06LB.jpg,"English: Stained glass window, St Leonard's, Bretforton, Worcestershire Cymraeg: Ffenestr lliw, Eglwys Sant Leonard, Bretforton, Swydd Gaerwrangon"
image_243.jpg,https://upload.wikimedia.org/wikipedia/commons/6/6f/%D0%9C%D0%BE%D1%81%D0%BA%D0%BE%D0%B2%D1%81%D0%BA%D0%B8%D0%B9-%D0%A2%D0%B5%D0%B0%D1%82%D1%80-%D0%AD%D1%81%D1%82%D1%80%D0%B0%D0%B4%D1%8B.jpg,English: Moscow Theatre Estrada
image_244.jpg,https://upload.wikimedia.org/wikipedia/commons/2/2e/Papendrecht_kunstwerk_volupt%C3%A9.jpg,"""Nederlands: Beeldenboulevard Papendrecht, Merwehoofd. Kunstwerk """"Volupté"""" van Maïte Duval."""
image_245.jpg,https://upload.wikimedia.org/wikipedia/commons/7/79/Map_of_Moscow_East_%28Taganka%29%2C_1768.jpg,"Map of eastern Moscow (Tagansky District, southern side of Basmanny District). 1760-1768."
image_246.jpg,https://upload.wikimedia.org/wikipedia/commons/f/f9/Campari_Novi_Ligure.jpg,"""Italiano: Lo stabilimento della """"Campari"""" a Novi Ligure, situato nei pressi della Strada Provinciale 115."""
image_247.jpg,https://upload.wikimedia.org/wikipedia/commons/9/9e/Horthy_%C3%A9s_Hitler_Kielben.jpg,Magyar: Horthy és Hitler Kielben
image_248.jpg,http://upload.wikimedia.org/wikipedia/commons/4/4e/Timex_Datalink_50_with_resin_strap.JPG,English: Please see filename
image_249.jpg,https://upload.wikimedia.org/wikipedia/commons/b/b1/Chapelle_Notre-Dame_du_Perp%C3%A9tuel_Secours.jpg,"Français&#160;: Chapelle Notre-Dame du Perpétuel Secours, à l'entrée du hameau de Ermensbach. Rimbach-près-Masevaux. Haut-Rhin."
image_250.jpg,https://upload.wikimedia.org/wikipedia/commons/2/2c/%D7%9E%D7%97%D7%95%D7%96_%D7%94%D7%93%D7%A8%D7%95%D7%9D.JPG,"מחוז הדרום, מחולק לנפות"
image_251.jpg,https://upload.wikimedia.org/wikipedia/commons/b/b3/MoreshetKeshet.jpg,"""עברית: ותיקי צוות אח""""י קשת מספרים על קרבות הטילים במלחמת יום הכיפורים לקדטים בבית הספר לקציני ים עכו"""
image_252.jpg,https://upload.wikimedia.org/wikipedia/commons/2/21/Ole_Olsen_bust.jpg,"English: Close up of Ole Olsen monument in Hammerfest, by me on 17 May 2007 Manxruler 21:53, 8 June 2007 (UTC)"
image_253.jpg,https://upload.wikimedia.org/wikipedia/commons/b/be/EIVISSA_03_%281590948910%29.jpg,Català: Muralla d´entrada a &quot;Dalt Vila&quot; This is a photo of a monument indexed in the Spanish heritage register of Bienes de Interés Cultural under the reference RI-51-0001114.
image_254.jpg,https://upload.wikimedia.org/wikipedia/commons/d/db/BC_Government_House_Side.jpg,BC's Government House
image_255.jpg,https://upload.wikimedia.org/wikipedia/commons/c/c1/Straight8.jpg,"A en:1940s en:Oldsmobile en:Straight-8 engine. Photograph taken by Morven at the weekly en:Garden Grove, California car show on Friday, en:May 14, en:2004."
image_256.jpg,https://upload.wikimedia.org/wikipedia/commons/1/18/KKKV_S%C3%A1l.jpg,Čeština: Multifunkční společenský sál.
image_257.jpg,https://upload.wikimedia.org/wikipedia/commons/8/8a/9th_Earl_of_Argyll_1680.jpg,"""English: by David Loggan, line engraving, circa 1680, described as """"from life"""" ('vivum scul.')"""
image_258.jpg,https://upload.wikimedia.org/wikipedia/commons/a/a4/Yiftahel_Pre-Pottery_Neolithic_B_flint_arrowheads.jpg,Yiftahel Pre-Pottery Neolithic B flint arrowheads.
image_259.jpg,https://upload.wikimedia.org/wikipedia/commons/7/78/Polbo_a_feira.jpg,Prato preparado de polbo á feira'Polbo á feira'
image_260.jpg,http://upload.wikimedia.org/wikipedia/commons/9/92/Noureini_Tidjani-Serpos_Official_portrait.jpg,"Français&#160;: Noureini TIDJANI-SERPOS, sous-directeur général de l'UNESCO chargé du Département Afrique"
image_261.jpg,https://upload.wikimedia.org/wikipedia/commons/8/87/PhnomKromEntrance.png,English: Entrance view of the Angkor temple Phnom Krom
image_262.jpg,http://upload.wikimedia.org/wikipedia/commons/7/7a/Vivenkapelle_-_Onze-Lieve-Vrouw_Geboortekerk_2.jpg,"Nederlands: Onze-Lieve-Vrouw Geboortkerk in Vivenkapelle. English: Church of the Nativity of Mary in Vivenkapelle. Vivenkapelle, Damme, West Flanders, Belgium"
image_263.jpg,https://upload.wikimedia.org/wikipedia/commons/7/7f/Canaval_2010_-_Margareth_Menezes_no_trio_Afropopbrasileiro.jpg,"Português: Margareth Menezes recebe convidados no trio Afropopbrasileiro durante o Carnaval 2010, na Barra."
image_264.jpg,http://upload.wikimedia.org/wikipedia/commons/8/80/FileZilla3_CZ.png,English: FileZilla v 3.3 CZ in Windows 7 Čeština: FileZilla v. 3.3 CZ ve Windows 7
image_265.jpg,https://upload.wikimedia.org/wikipedia/commons/8/8d/Dozvola_za_velosiped.jpg,"Македонски: Сообраќајна дозвола за велосипед, издадена во 1935 година. English: Driving license for bike, released in 1935. This media file is produced by Wikipedian in Residence in Category:Wikipedian in Residence at DARM in 2016."
image_266.jpg,https://upload.wikimedia.org/wikipedia/commons/b/be/Daping%2C_Shaoshan_09.jpg,"English: Daping Township (simplified Chinese: 大坪乡; traditional Chinese: 大坪鄉; pinyin: Daping Xiang), is an rural township in Shaoshan City, Xiangtan City, Hunan Province, People's Republic of China. 中文（简体）‎: 韶山市大坪乡，毛泽东外婆故里。"
image_267.jpg,https://upload.wikimedia.org/wikipedia/commons/1/15/Ren%C3%A9_Weverbergh_1935.jpg,"Français&#160;: René Weverbergh, lors du voyage Belgique-Congo en avion, 1935."
image_268.jpg,https://upload.wikimedia.org/wikipedia/commons/4/45/E-burg_asv2019-05_img33_Belinsky_Library.jpg,"English: Belinsky Library in Ekaterinburg, Russia Русский: Библиотека имени Белинского в Екатеринбурге"
image_269.jpg,https://upload.wikimedia.org/wikipedia/commons/4/42/20140808%EB%8B%A4%EB%AC%B8%ED%99%94%EA%B0%80%EC%A1%B1%EA%B3%BC_%ED%95%A8%EA%BB%98119%EC%84%9C%EC%9A%B8%ED%88%AC%EC%96%B498.jpg,한국어: 20140808다문화가족과 함께119서울투어
image_270.jpg,http://upload.wikimedia.org/wikipedia/commons/a/a5/Omelette_in_frying.JPG,עברית: חביתה באמצע הטיגון
image_271.jpg,https://upload.wikimedia.org/wikipedia/commons/4/42/Sceau_du_tabellion_de_Ch%C3%A2tillon-sous-Ma%C3%AEche.jpg,Français&#160;: Sceau d'un parchemin de la seigneurie de Châtillon-sous-Maîche.
image_272.jpg,https://upload.wikimedia.org/wikipedia/commons/2/26/Angel_fish.JPG,Pterophyllum scalare - Angel Fish
image_273.jpg,https://upload.wikimedia.org/wikipedia/commons/b/bb/Chateau_de_Montry_1900.jpg,Français&#160;: Château de Montry au début du XXe siècle
image_274.jpg,https://upload.wikimedia.org/wikipedia/commons/1/1e/Partido_Nacional_1966.png,Español: Emblema del Partido Nacional chileno entre 1966 y 1971
image_275.jpg,http://upload.wikimedia.org/wikipedia/commons/b/b7/U.S._Navy_Hospital_Corpsman_2nd_Class_Branden_Johnson%2C_second_from_left%2C_assigned_to_the_Marine_Corps_Fox_Company%2C_2nd_Battalion%2C_8th_Marine_Regiment%2C_Regimental_Combat_Team_7%2C_participates_in_a_mission_130528-M-QZ858-086.jpg,"English: U.S. Navy Hospital Corpsman 2nd Class Branden Johnson, second from left, assigned to the Marine Corps Fox Company, 2nd Battalion, 8th Marine Regiment, Regimental Combat Team 7, participates in a mission rehearsal at Camp Bastion, Helmand province, Afghanistan, May 28, 2013. Marines and Sailors with the unit conducted the rehearsal to prepare for a partnered operation with Afghan National Army soldiers."
image_276.jpg,https://upload.wikimedia.org/wikipedia/commons/3/30/Roman_Road_plaque.jpg,British English: Plaque on Freemantle Common marking the route of the Roman Road from Bitterne to Chichester
image_277.jpg,https://upload.wikimedia.org/wikipedia/commons/8/8c/AIR_NIPPON_YS-11A-213_%28JA8729_2097%29_%284079864791%29.jpg,AIR NIPPON YS-11A-213 (JA8729/2097)
image_278.jpg,https://upload.wikimedia.org/wikipedia/commons/1/19/POL_Szarbk%C3%B3w_church_03.JPG,Szarbków church
image_279.jpg,https://upload.wikimedia.org/wikipedia/commons/7/7e/%C3%89lisabeth_Vig%C3%A9e-Lebrun_Alexandre-Joseph_Falcoz_comte_puis_marquis_de_La_Blache.jpg,"English: Portrait of Alexandre de Falcoz de La Blache (1739-1799) Deutsch: Élisabeth Vigée-Lebrun (1755–1842): Alexandre-Joseph Falcoz Graf, dann Marquis de La Blache (1739–1799), Maréchal de camp (Brigadegeneral), Urgroßneffe und Erbe des Financiers Joseph Pâris-Duverney (1684–1770), nach dessen Tod 1770–1778 Prozessgegner von dessen Associé Pierre-Augustin Caron de Beaumarchais (1732–1799)."
image_280.jpg,http://upload.wikimedia.org/wikipedia/commons/c/c1/Maison_Nias.JPG,"Traditional house, Nias Island, Sumatra, Indonesia"
image_281.jpg,https://upload.wikimedia.org/wikipedia/commons/4/47/Hohner_Multimonica.jpg,"Hohner Multimonica II &#160; (released in 1940, manufactured in 1951) designed by Harald Bode, marketed in Europe from 1940. upper key: electronic monophonic sawtooth generator lower key: wind-blown reed harmonium Musikinstrumentenmuseum Berlin"
image_282.jpg,https://upload.wikimedia.org/wikipedia/commons/e/e7/Brachistochrone_with_friction.png,"English: A modified cycloid is the solution for brachistochrone problem with friction, in the figure the solution for my = 0.10. and: x = (t - sin t) + mu (1 - cos t) y = (1 - cos t) + mu (t - sin t)"
image_283.jpg,https://upload.wikimedia.org/wikipedia/commons/2/20/2016_RiP_Leak_-_by_2eight_-_8SC7388.jpg,"ARGO-Konzerte,Beck's Park Stage,Festival,Konzert,Leak,Livekonzert,Livemusik,Musik,RiP,Rock im Park 2016"
image_284.jpg,https://upload.wikimedia.org/wikipedia/commons/8/80/World_1914_empires_colonies_territory-HE.PNG,1914 empires colonies territory
image_285.jpg,https://upload.wikimedia.org/wikipedia/commons/4/43/Felicity_Inverness_Museum.JPG,"""English: photo of the taxidermied remains of """"Felicity"""" a Puma captured in the wild near Cannich in Scotland in 1980"""
image_286.jpg,https://upload.wikimedia.org/wikipedia/commons/b/b4/Tiger_and_Earl_Woods_Fort_Bragg_2004.jpg,"Golfer Tiger Woods, left, answers questions about his week-long Army experience at Fort Bragg, during a press conference there April 16 after a youth golf clinic. Woods took part in a variety of training events, including a jump from an airplane. Beside Woods is his father, retired Army Lt. Col. Earl Woods, a former Green Beret who served at Fort Bragg."
image_287.jpg,https://upload.wikimedia.org/wikipedia/commons/5/59/Amarako_eskolak.JPG,Urbieta kaleko Amarako eskolak
image_288.jpg,http://upload.wikimedia.org/wikipedia/commons/3/3f/Nicola_Perscheid_-_Wilhelm_Heye_vor_1930.jpg,Deutsch: Porträt des Generals Wilhelm Heye.
image_289.jpg,https://upload.wikimedia.org/wikipedia/commons/3/3f/Avro_Lancaster_June_17_2007.jpg,"I took this image on Sunday, June 17, 2007 at the Canadian Warplane Heritage Museum in Hamilton, Ontario, Canada. It is for use in the n:Wikinews reporter attends warplane airshow in Hamilton, Ontario, Canada article."
image_290.jpg,https://upload.wikimedia.org/wikipedia/commons/0/0e/Oehringen-stiftsk-hohen3.jpg,Hohenlohe-Grabmal im Hochchor der Stiftskirche in Öhringen
image_291.jpg,https://upload.wikimedia.org/wikipedia/commons/9/9e/Lynval_Golding_2.JPG,"English: Lynval Golding performing with The Specials at the Vic Theatre in Chicago, IL March 11, 2013"
image_292.jpg,https://upload.wikimedia.org/wikipedia/commons/e/ed/Reformat_Church_in_Acas%2C_Satu_Mare_County-1.JPG,"Reformat Church in Acâş, Satu Mare County, Romania"
image_293.jpg,https://upload.wikimedia.org/wikipedia/commons/2/21/AlexandreVinet.jpg,en:Alexandre Vinet de:Alexandre Vinet
image_294.jpg,https://upload.wikimedia.org/wikipedia/commons/1/1a/ViveB%C3%BAs-Cami%C3%B3n.jpg,Español: Autobús parte de la flotilla del ViveBús de Chihuahua.
image_295.jpg,https://upload.wikimedia.org/wikipedia/commons/a/a0/Brijan_85.JPG,"English: Brijan Tour's 85 (XIL 8583), a Dennis Dart/Plaxton Pointer in Southampton on route 7."
image_296.jpg,https://upload.wikimedia.org/wikipedia/commons/c/c8/Langenlonsheim_%28Bad_Kreuznach%29%2C_Neugotischer_Turm_der_evangelischen_Kirche_mit_Fialen_und_Spitzbogenfenstern%2C_um_1868.jpg,"English: Friedrich Schmitt u.a.: Ortsgeschichte Langenlonsheim, Wiesbaden 1991 (hrsg. von der Ortsgemeinde Langenlonsheim), S. 331"
image_297.jpg,https://upload.wikimedia.org/wikipedia/commons/e/e2/Ica_hk1.jpg,English: Island Christian Academy in Hong Kong Island 日本語: Island Christian Academyの校舎である。
image_298.jpg,https://upload.wikimedia.org/wikipedia/commons/2/26/Ghostrider_Entrance.jpg,English: Ghostrider Entrance
image_299.jpg,https://upload.wikimedia.org/wikipedia/commons/d/dc/Ruffin_Officium.jpg,"English: November page of a calendar inside the Officium Beatae Mariae written by Claude Ruffin, Paris, 1603."
image_300.jpg,https://upload.wikimedia.org/wikipedia/commons/2/21/Black-headed_Woodpecker_Picus_erythropygius_1200px.jpg,A photograph of a Black-headed Woodpeckeren (Picus erythropygius en ). Photo taken at the National Aviary. Camera and Exposure Details:Camera: Nikon D50Lens: Quantaray AF Zoom 70-300mm 1:4-5.6D LDO MacroExposure: 300mm (450mm in 35mm equivalent) f/8 @ 1/5 s.&#160;(1600 ISO)
image_301.jpg,https://upload.wikimedia.org/wikipedia/commons/f/f7/Carmine_%28Furnari%29_03_01_2020_12.jpg,Italiano: Crocifisso.
image_302.jpg,https://upload.wikimedia.org/wikipedia/commons/1/18/Pn-pravez-class-5.jpg,"""Русский: Лозунг на стене: «Программирование — вторая грамотность. Первая грамотность даёт знания, вторая — позволяет реализовать свои знания в действии». — Компьютерный класс школы № 2 на Чкаловском посёлке, первая зимняя детская компьютерная школа (1985—86), компьютеры «Правец 82». С компьютерами знакомятся неизвестные школьные работники. Зимой в этом классе велись занятия для детей и для взрослых. Экзаменов не было: дети отчитывались творческими работами, а взрослые никак не отчитывались. Занятия вели молодые сотрудники Института программных систем: Пинчуки, Hестеровы, Грязновы, Вячеслав Крюков, Леонас, Люся Гайдар, Чернышенко. English: The slogan on the wall: """"Programming is the second literacy. The first one gives you knowledge: the second allows you to implement it in practice."""" — The first winter computer class for children (1985-6), a class at Chkalovski Village School No. 2, using """"Pravets 82"""" computers. On the photo, unidentified school workers are familiarizing themselves with computers. In winter, a class was held here for children and adults. There were no exams: children were graded for creative works, and adults were not graded at all. Classes were conducted by young members of Institute of Software Systems: Pinchuks, Nesterovs, Gryaznovs, Vyacheslav Kryukov, Leonas, Lucy Gaidar, Chernyshenko.) (Translated from the Russian by JohnChrysostom and User:95.26.253.91"""
image_303.jpg,https://upload.wikimedia.org/wikipedia/commons/c/ca/Jean-Paul_Chambas_%281995%29.png,Français&#160;: Portrait de Jean-Paul Chambas
image_304.jpg,https://upload.wikimedia.org/wikipedia/commons/c/c8/Sofia_vue_du_Vitocha.JPG,Français&#160;: La plaine de Sofia vue du Vitocha Deutsch: Die Sofioter Ebene vom Witoscha-Gebirge aus gesehen
image_305.jpg,https://upload.wikimedia.org/wikipedia/commons/4/44/Diode_hf_0v2.JPG,Français&#160;: Poste a galène. Cette image représente le signal modulateur celui basse fréquence sans filtrage
image_306.jpg,https://upload.wikimedia.org/wikipedia/commons/7/71/Shagai_Fort_02.jpg,English: Shagai Fort is an imposing red fort.It was built by the British in the 1920s and is now manned by the Frontier Force.The Fort was an important base in the tribal zone of Pakistan.For many years it is the headquarters of the Khyber Rifles - the traditional guardians of the pass and it is stragically placed at the centre of the Kyber. This is a photo of a monument in Pakistan identified as the FATA-5
image_307.jpg,https://upload.wikimedia.org/wikipedia/commons/a/ab/%C3%9C%C3%A7_G%C3%BCzeller_mozai%C4%9Fi.jpg,Türkçe: Narlıkuyu Mozaik Müzesi içerisindeki Üç Güzeller mozaiği.
image_308.jpg,https://upload.wikimedia.org/wikipedia/commons/3/33/20180111135DR_Dresden-Tolkewitz_Bethlehemkirche.jpg,"Deutsch: 11.01.2018 01705 Dresden-Tolkewitz, Marienberger Straße 65 (GMP: 51.032102,13.822079): Evangelische Bethlehemkirche. Erbaut 1950/51 nach Plänen von Wolfgang Rauda mit einer Orgel der Firma Jehmlich aus Dresden. [SAM3470.JPG]20180111135DR.JPG(c)Blobelt"
image_309.jpg,https://upload.wikimedia.org/wikipedia/commons/d/dd/County_Cork_-_Dereenataggart_-_20100618043056.jpg,"English: County Cork, Dereenataggart. Wikidata has entry Q30161058 with data related to this item."
image_310.jpg,https://upload.wikimedia.org/wikipedia/commons/5/5e/FIL_2013_-_bagado%C3%B9_national_championship_results_-_6923_Bagad_Ro%C3%B1sed-Mor.JPG,Français&#160;: Annonce des résultats du championnat national des bagadoù 2013 dans le cadre du festival interceltique de Lorient&#160;: Bagad Roñsed-Mor
image_311.jpg,https://upload.wikimedia.org/wikipedia/commons/1/1c/2011-02-12-brodowin-by-RalfR-41.jpg,Brodowin
image_312.jpg,https://upload.wikimedia.org/wikipedia/commons/6/62/%D0%91%D0%B0%D0%BA%D1%82%D1%80%D0%B8%D0%B9%D0%BA%D0%B0.JPG,Русский: Бактрийская женская одежда Кафирниган (Таджикистан). Экспонат находится в Национальном музее Таджикистана г Душанбе
image_313.jpg,https://upload.wikimedia.org/wikipedia/commons/3/35/Albury_Airport_terminal_%281%29.jpg,English: Albury Airport terminal.
image_314.jpg,https://upload.wikimedia.org/wikipedia/commons/0/0a/ESC2019_-_Finland.jpg,English: At the 2019 Eurovision Song Contest Semi-final 1 dress rehearsal
image_315.jpg,https://upload.wikimedia.org/wikipedia/commons/6/65/1-%D0%B9_%D0%A1%D0%B5%D0%B2%D0%B5%D1%80%D0%BD%D1%8B%D0%B9_%D1%84%D0%BE%D1%80%D1%82.jpg,English: First Northern Fort of Kronstadt Русский: Первый Северный форт
image_316.jpg,https://upload.wikimedia.org/wikipedia/commons/a/a5/Onego_lake.jpg,"English: Onego lakeРусский: Онежское озеро и окружающая местность, вид из космоса. Цифрами обозначены крупнейшие заливы, острова, достопримечательности, озёра: 1. Свирская губа 2. Петрозаводская губа 3. Залив Большое Онего 4. Кондопожская губа 5. Залив Малое Онего 6. Заонежский залив 7. Повенецкий залив 8. Остров Кижи 9. Озеро Водлозеро 10. Ивинский Разлив 11. Мыс Бесов Нос 12. Большой Клименецкий остров"
image_317.jpg,https://upload.wikimedia.org/wikipedia/commons/e/ef/Morris_Ten-Six_spacial_bodied_cabriolet_1378cc_August_1935.JPG,English: Special bodied Morris Ten-Six cabriolet
image_318.jpg,https://upload.wikimedia.org/wikipedia/commons/b/bf/Carpegna2.png,English: Blason Carpegna-Gattara
image_319.jpg,https://upload.wikimedia.org/wikipedia/commons/8/88/ATSF_2705_CA_Cajon.jpg,"English: A trio of Santa Fe Railroad EMD GP units &#8212; a GP30 (in the lead), a GP35 and a GP20 &#8212; run light up Cajon Pass in California in the late 1980s. These locomotives will be helper power on a westbound train to assist in braking on the downgrade of the mountain pass. Photo by Sean Lamb (User:Slambo)"
image_320.jpg,https://upload.wikimedia.org/wikipedia/commons/a/ad/Gordon_Smith%2C_c1990_%284437665789%29.jpg,English: Professor of Government 1986-1992 IMAGELIBRARY/1282 Persistent URL: http://archives.lse.ac.uk/dserve.exe?dsqServer=lib-4.lse.ac.uk&amp;dsqIni=Dserve.ini&amp;dsqApp=Archive&amp;dsqCmd=Show.tcl&amp;dsqDb=Catalog&amp;dsqPos=0&amp;dsqSearch=(RefNo='IMAGELIBRARY/1282')
image_321.jpg,https://upload.wikimedia.org/wikipedia/commons/4/4c/Starr_070727-7673_Ficus_nota.jpg,"English: Ficus nota (leaves). Location: Oahu, Near Ala Moana Blvd"
image_322.jpg,https://upload.wikimedia.org/wikipedia/commons/3/3c/Aegithina_tiphia_-Yala_National_Park%2C_Sri_Lanka_-male-8.jpg,"Aegithina tiphia English: A male Common Iora at Yala National Park, Sri Lanka."
image_323.jpg,https://upload.wikimedia.org/wikipedia/commons/4/41/Gamecube-controller-breakdown.jpg,"English: A breakdown of the GameCube controller, shown (clockwise from the top left) from the front, right, left and back."
image_324.jpg,https://upload.wikimedia.org/wikipedia/commons/5/5c/Drgbhaskaran.jpg,English: DrGBhaskaran முனைவர்.க.பாஸ்கரன்
image_325.jpg,https://upload.wikimedia.org/wikipedia/commons/8/85/Khlain-Franziskanerkirche.jpg,Fenstergitter in der Fraziskanerkirche
image_326.jpg,https://upload.wikimedia.org/wikipedia/commons/d/de/Vila_Nova_de_Poiares_12.PNG,Português: População
image_327.jpg,https://upload.wikimedia.org/wikipedia/commons/0/01/Remains_of_Cross_-_geograph.org.uk_-_431748.jpg,English: Remains of Cross Remains of a 15thC Wayside Cross which was moved to this location in the late 19thC when the road south of the hamlet was improved.
image_328.jpg,https://upload.wikimedia.org/wikipedia/commons/8/8c/Fockewindkanalnach.jpg,"English: The Focke wind tunnel in Bremen (Germany) after the refurbishment in 2005. Deutsch: Blick in die Meßstrecke des Focke-Windkanals in Bremen nach der Renovierung 2005. Das abgebildete Objekt ist ein geschütztes Kulturdenkmal in der Freien Hansestadt Bremen, mit der Nr. 1157 beim Landesamt für Denkmalpflege registriert. → Datenbankeintrag"
image_329.jpg,http://upload.wikimedia.org/wikipedia/commons/4/4b/Wilder_wein_02.jpg,Deutsch: Haftscheiben der Dreispitzigen Jungfernrebe (Parthenocissus tricuspidata)
image_330.jpg,https://upload.wikimedia.org/wikipedia/commons/5/5b/Grachev_crater_5015_h1.jpg,"English: Oblique view of Grachev, on the far side of the moon, facing west."
image_331.jpg,https://upload.wikimedia.org/wikipedia/commons/f/f9/Veloroute-5-hamburg-abzweig-veloroute-6-stadtausw%C3%A4rts-mundsburger-damm-hartwicusstra%C3%9Fe.JPG,English: Veloroute 5 (Hamburg) leading out of town. Mundsburger Damm/Ecke Hartwicusstraße. Bifurcation to Veloroute 6 (Hamburg). Deutsch: Veloroute 5 (Hamburg) stadtauswärts. Mundsburger Damm/Ecke Hartwicusstraße. Abzweig der Veloroute 6 (Hamburg).
image_332.jpg,https://upload.wikimedia.org/wikipedia/commons/0/06/Hrazdan_thermal_power_plant2.jpg,English: Hrazdan thermal power plant
image_333.jpg,http://upload.wikimedia.org/wikipedia/commons/1/16/HT_75_fittings.jpg,English: Plastic tube with fittings Deutsch: 75mm HT-Rohr mit einigen Fittings
image_334.jpg,https://upload.wikimedia.org/wikipedia/commons/e/e5/Mashifu77-7002_Dining-space.jpg,日本語: ななつ星in九州 マシフ77-7002 内部　ダイニングスペース
image_335.jpg,https://upload.wikimedia.org/wikipedia/commons/f/f6/Isaiah_Livers_%28cropped%29.jpg,4O6A0688
image_336.jpg,http://upload.wikimedia.org/wikipedia/commons/c/c8/Brion_Island_03.jpg,English: Northern tip of Brion Island with Bird Rock in the distance Français&#160;: Vue du rocher aux Oiseaux à partir de l'île Brion
image_337.jpg,https://upload.wikimedia.org/wikipedia/commons/f/f4/Kythira_-_Bell_Tower_in_Hora.jpg,"English: Bell Tower in Hora, Island of Kythira"
image_338.jpg,https://upload.wikimedia.org/wikipedia/commons/b/bd/Rakefet03.jpg,Rakefet רקפת Cyclamen persicum Author: MathKnight
image_339.jpg,https://upload.wikimedia.org/wikipedia/commons/7/7e/Operation_Teapot_-_Turk.jpg,"English: Operation Teapot, TURK Event - Nevada Test Site, NV - The TURK Event was detonated on 7 March 1955 Deutsch: Operation Teapot - Turk"
image_340.jpg,https://upload.wikimedia.org/wikipedia/commons/9/91/Melt_flow_index.jpg,English: Melt flow index
image_341.jpg,https://upload.wikimedia.org/wikipedia/commons/8/8e/%D0%A1%D0%BA%D0%BB%D0%B5%D0%BF_%D1%83_%D0%91%D0%B0%D1%81%D1%82%D1%8B%D0%BD%D1%96%2C_%D0%9B%D1%83%D0%BD%D1%96%D0%BD%D0%B5%D1%86%D0%BA%D1%96_%D1%80%D0%B0%D1%91%D0%BD.jpg,Беларуская (тарашкевіца)‎: Склеп-пахавальня Феліцыі Дваракоўскай з роду Скакоўскіх. Бастынь This is a photo of Belarusian heritage monument. Reference number: 113Г000455 ( WLM)
image_342.jpg,http://upload.wikimedia.org/wikipedia/commons/8/89/%281%29Blacktown_Hospital.jpg,"English: Blacktown Hospital, Sydney"
image_343.jpg,https://upload.wikimedia.org/wikipedia/commons/e/e4/Bayan_Lepas_Free_Industrial_Zone%2C_Penang.jpg,"English: Aerial view of the Bayan Lepas Free Industrial Zone, as seen from a landing plane on its descent towards the Penang International Airport."
image_344.jpg,https://upload.wikimedia.org/wikipedia/commons/0/06/Parroquia_de_Santiago_Ap%C3%B3stol_-_Silao%2C_Guanajuato%2C_Mex.jpg,"Español: Parroquia de Santiago Apóstol - Silao, Guanajuato, México."
image_345.jpg,https://upload.wikimedia.org/wikipedia/commons/8/8f/VO65_team_Brunel_at_the_re-start_after_the_pitstop_in_Scheveningen%2C_Volvo_Ocean_Race_2014-15_%282%29.JPG,"English: VO65 team Brunel at the re-start after the pitstop in Scheveningen, Volvo Ocean Race 2014-15"
image_346.jpg,https://upload.wikimedia.org/wikipedia/commons/e/ec/6_Midsummer_evening_at_the_San_river%2C_Trepcza_%28Sanok%29.jpg,Polski: Noc świętojańska nad Sanem
image_347.jpg,https://upload.wikimedia.org/wikipedia/commons/f/f7/Fausto_Coppi_1.JPG,"memorial monument of Fausto Coppi at Passo Pordoi, Italy. Photo by User:FG42"
image_348.jpg,https://upload.wikimedia.org/wikipedia/commons/9/9e/Rodalben-Verbandsgemeindeverwaltung-06-gje.jpg,Deutsch: Gebäude der Verbandsgemeindeverwaltung Rodalben Français&#160;: Bâtiment de l'administration de la Collectivité territoriale Rodalben English: Building of the administration of the Collective municipality Rodalben
image_349.jpg,http://upload.wikimedia.org/wikipedia/commons/b/be/JohannGeorgIV.jpg,Johann Georg IV
image_350.jpg,https://upload.wikimedia.org/wikipedia/commons/7/70/Oliv%C3%A1n_%28Huesca%29_San_Mart%C3%ADn_5115.JPG,Deutsch: Kirche San Martín in Oliván in der Provinz Huesca in Aragonien (Spanien)
image_351.jpg,https://upload.wikimedia.org/wikipedia/commons/d/d3/Rezerwat_przyrody_Olsy_P%C5%82oszyckie_%287%29.jpg,Polski: Rezerwat przyrody Olsy Płoszyckie
image_352.jpg,https://upload.wikimedia.org/wikipedia/commons/0/09/Green_gram.jpg,English: Opened mung bean pod
image_353.jpg,https://upload.wikimedia.org/wikipedia/commons/1/14/Theatre_scene_painted_by_Python%2C_ancient_Greek_vase_painter.jpg,"Magyar: Jelenet az Eumeniszek c. drámából, az Oreszteia trilógia (Aiszkhülosz) részébőlEnglish: Scene from the Eumenides, part of the Oresteia, by Aeschylus"
image_354.jpg,http://upload.wikimedia.org/wikipedia/commons/7/79/Tarasa_Shevchenka_metro_station_Kiev_01.jpg,"""Русский: Станция метро «Тараса Шевченко», интерьер станции Українська: Станція метро «Тараса Шевченка», інтер'єр станції English: """"Tarasa Shevchenka"""" metro station in Kiev, Ukraine"""
image_355.jpg,https://upload.wikimedia.org/wikipedia/commons/9/9e/Croatia_motorcycle_plate.jpg,Nederlands: Motorfiets kentekenplaat Kroatië
image_356.jpg,https://upload.wikimedia.org/wikipedia/commons/1/1c/Carrer_de_la_Costa_reforma_Badalona.jpg,"English: Obres de reforma del carrer de la Costa. És un dels més antics del nucli històric de Badalona, singular per la seva forma corbada com el llom d'un llibre o de mitja canya. El 2018, després de molts anys en estat de degradació es va reformar el carrer, desbrossant tot el paviment anterior (tret de les vorades de pedra de Montjuïc) i, després, restaurant-lo mantenint la seva forma tradicional."
image_357.jpg,https://upload.wikimedia.org/wikipedia/commons/b/b2/20170326_Stuttgart_-_Eberhardstra%C3%9Fe_47%2C_49.jpg,"Deutsch: Geschäftshaus Schillerbau nebst Miets- und Geschäftshaus (Sachgesamtheit) Eberhardstr. 47, 49, Stuttgart. Erbaut 1910-1913 von Carl Heim und Jakob Früh im Stil des Neoklassizismus. Geschützt nach § 2 DSchG."
image_358.jpg,https://upload.wikimedia.org/wikipedia/commons/8/88/Dachstein_Para.JPG,Deutsch: Luftaufnahme des Dachstein aus ca. 3.600m mit Niederer Dachstein (links) und Gjaidstein (im Hintergrund)
image_359.jpg,https://upload.wikimedia.org/wikipedia/commons/5/59/M%C3%B6nchengladbach-Pongs_Denkmal-Nr._P_002%2C_Pongser_Stra%C3%9Fe_291_%286163%29.jpg,"English: Cultural heritage monument No. P 002 in Mönchengladbach Deutsch: Wohnhaus, Bauzeit: 1906, Adresse: Pongser Straße 291 in Mönchengladbach (OT Pongs), Eintrag in die Denkmalliste: 14.05.1985 This is a photograph of an architectural monument.It is on the list of cultural monuments of Mönchengladbach, no. P 002"
image_360.jpg,http://upload.wikimedia.org/wikipedia/commons/f/f1/St._Nikolaus_%28Rotenberg%29_2.jpg,St._Nikolaus_(Rotenberg)
image_361.jpg,https://upload.wikimedia.org/wikipedia/commons/7/70/Marcipangris.jpg,"English: Photo of the danish traditional price to the winner of the almond at the Christmas dinner. The price is molded as a pig in Marzipan. Dansk: Mandelgaven, der uddeles til finderen af mandlen i risalamanden til jul, er traditionelt en marcipangris."
image_362.jpg,https://upload.wikimedia.org/wikipedia/commons/5/52/Laura_Ford_Lion_03.JPG,"English: Laura Ford´s Lion, bronze, 2011, in Holzhausen´s park in Vänersborg"
image_363.jpg,https://upload.wikimedia.org/wikipedia/commons/f/f7/Placa_conmemorativa_Festival_Internacional_de_Poes%C3%ADa_Tecoh%2CYucat%C3%A1n.jpg,"English: Placa conmemorativa Festival Internacional de Poesía Tecoh,Yucatán."
image_364.jpg,https://upload.wikimedia.org/wikipedia/commons/6/63/Metrou-Izvor-Bucuresti-2017.jpg,"Română: Stația de metrou Izvor, București, 2017."
image_365.jpg,https://upload.wikimedia.org/wikipedia/commons/3/3f/0318_185103.jpg,Kota Kinabalu International Airport
image_366.jpg,http://upload.wikimedia.org/wikipedia/commons/8/82/Vihula8.JPG,English: Vihula manor Eesti: Vihula mõis
image_367.jpg,https://upload.wikimedia.org/wikipedia/commons/3/3d/%C3%96rjan_Kihlstr%C3%B6m_2016.jpg,"""English: Örjan Kihlström at """"Hästgalan"""" 2016."""
image_368.jpg,https://upload.wikimedia.org/wikipedia/commons/c/c4/Paris_Le_Pont_Marie_et_le_Pont_Rouge_c1760.jpg,Deutsch: Le Pont Marie et le Pont Rouge. Français&#160;: Vue d'optique représentant le pont Marie et le pont Rouge à Paris
image_369.jpg,https://upload.wikimedia.org/wikipedia/commons/2/2d/F._Vicq_d%27Azyr%2C_Planches_pour_le_traite_de_Wellcome_L0000998.jpg,"Medial section of human brain, showing gyri depicted enteroidally. Rare Books Keywords: Anatomy"
image_370.jpg,https://upload.wikimedia.org/wikipedia/commons/0/08/Toxostoma_longirostre_Boundary_Survey_Painting.jpg,"English: Adult Long-billed Thrasher, Toxostoma longirostre senetti, illustration from Birds of the Boundary Deutsch: Langschnabel-Spottdrossel (Toxostoma Longirostre)"
image_371.jpg,http://upload.wikimedia.org/wikipedia/commons/b/b6/Steng.JPG,"Русский: Стеньга Nederlands: Een steng. Afgebeeld: De mast van een zeilschip met twee stengen en marsen, ezelshoofden, bramra, lopend en staand want, puttingwant, paard, stagen, toppenenden, brassen en een lamp op de mars."
image_372.jpg,https://upload.wikimedia.org/wikipedia/commons/8/88/F%C3%A6lledparken_og_Parken_stadion_aerial.jpg,Fælledparken og Parken stadion
image_373.jpg,https://upload.wikimedia.org/wikipedia/commons/d/da/Z%C3%A1mek_L%C3%A1ny_%287%29.jpg,Čeština: Alianční erb Fürstenbergů a Valdštejnů nad vchodem do zámecké kaple
image_374.jpg,https://upload.wikimedia.org/wikipedia/commons/8/82/20100306_Puerto_De_Mogan.jpg,English: Puerto_De_Mogan
image_375.jpg,http://upload.wikimedia.org/wikipedia/commons/8/8b/Barkeria_obovata_Orchi_004.jpg,Barkeria obovata
image_376.jpg,https://upload.wikimedia.org/wikipedia/commons/2/27/Vodnjak-ZlataRibica-Ljubljana.jpg,"The fountain named Virgin at Fish Square in Ljubljana. It was made in the Neoclassical style in the mid-19th century and depicts a scene from the Greek mythology. The reliefs at the sides of the pedestal depict the god Poseidon. The fountain is a replica from 1997. The iron statue of the girl was gilted at the last renovation by Vasja Urlih. photo:Ziga 22:18, 1 May 2006 (UTC)"
image_377.jpg,https://upload.wikimedia.org/wikipedia/commons/1/1f/Nom-photo.jpg,Русский: Выступление группы НОМ в клубе ОГИ. На фотографии А.Кагадеев и Юрий Салтыков (И.Н.Турист).
image_378.jpg,https://upload.wikimedia.org/wikipedia/commons/0/08/BASA-1154K-1-344-14-Fratyo_Fratev.JPG,Български: Снимка на българския артист Фратьо Фратев (1876-1920). English: Bulgarian artist Fratyo Fratev (1876-1920). Հայերեն: Բուլղարացի դերսան Ֆրատիո Ֆրատև (1876-1920)
image_379.jpg,http://upload.wikimedia.org/wikipedia/commons/c/c4/Mazion_mairie.JPG,"Français&#160;: Mairie de Mazion, Gironde, France"
image_380.jpg,https://upload.wikimedia.org/wikipedia/commons/3/36/Steinernes_Wegkreuz_in_Weidingen.jpg,"Deutsch: Wegkreuz in Weidingen, oberer Teil von einem anderen Wegkreuz aufgesetzt)"
image_381.jpg,http://upload.wikimedia.org/wikipedia/commons/4/4b/Saint-Coutant_Cassini.jpg,Saint-Coutant (79) sur la carte Cassini de France
image_382.jpg,https://upload.wikimedia.org/wikipedia/commons/1/1e/Halliluoto_Helsinki2.jpg,Deutsch: Schäre Halliluoto vor Helsinki
image_383.jpg,https://upload.wikimedia.org/wikipedia/commons/f/f8/Quercus_robur_leaf_gall.JPG,"Українська: Листковий гал, ймовірно Andricus quercusfolii на листку дуба звичайногоEnglish: Andricus quercusfolii leaf gall on the leaf of Quercus robur. Near Tyshycia village, Kamianka-Buzka Raion, Lviv Oblast"
image_384.jpg,https://upload.wikimedia.org/wikipedia/commons/1/10/Nikon_D700_with_Nikon_Medical-Nikkor_C_Auto_200mm_f5.6_-140817-_macro_lens_and_Nikon_LA-1_AC_Power_Unit.jpg,_DSC1230
image_385.jpg,https://upload.wikimedia.org/wikipedia/commons/3/33/Rosneath_Home_Farm_-_geograph.org.uk_-_813082.jpg,English: Rosneath Home Farm Milking time.
image_386.jpg,https://upload.wikimedia.org/wikipedia/commons/8/85/Porta_-_Gran_Mesquita_de_Kairuan.jpg,"English: Upper part of the main door of the prayer hall of the Great Mosque of Kairouan, in Tunisia.Français&#160;: Partie supérieure de la grande porte de la salle de prière, dans la Grande Mosquée de Kairouan, en Tunisie.Català: Porta, Gran mesquita de Kairuan."
image_387.jpg,https://upload.wikimedia.org/wikipedia/commons/6/6f/James-Honeyman-Scott-Grave.jpg,English: Honeyman-Scott gravesite
image_388.jpg,https://upload.wikimedia.org/wikipedia/commons/1/1a/A6Italia_2007.JPG,Polski: 0
image_389.jpg,https://upload.wikimedia.org/wikipedia/commons/3/3a/Libourne_001.jpg,Libourne.
image_390.jpg,https://upload.wikimedia.org/wikipedia/commons/1/1d/Logo-cluizel.png,English: Michel Cluizel Logo
image_391.jpg,https://upload.wikimedia.org/wikipedia/commons/d/d4/%E0%B6%BB%E0%B7%99%E0%B6%AF%E0%B7%92_%E0%B6%85%E0%B6%B4%E0%B7%94%E0%B6%BD%E0%B7%8A%E0%B6%BD%E0%B6%B1_%E0%B6%BD%E0%B6%AF_%E0%B6%9A%E0%B7%8F%E0%B6%B8%E0%B6%BB%E0%B6%BA.jpg,සිංහල: මවුන්ට් වර්නන් වතුයායේ රෙදි අපුල්ලන ලද කාමරය ඇත්තේ වහල් සේවක නවාතැන් පේලියේය. English: Mount Vernon Estate cloth laundry room of slavery staff accommodation.
image_392.jpg,https://upload.wikimedia.org/wikipedia/commons/f/f7/Stamp_Casey.jpg,Русский: Почтовая марка США с портретом Кейси Джонса
image_393.jpg,https://upload.wikimedia.org/wikipedia/commons/3/31/Peterson_RG19_%286%29_%2848199100177%29.jpg,Peterson RG19 (6)
image_394.jpg,https://upload.wikimedia.org/wikipedia/commons/0/05/%D0%90%D0%BC%D0%B0%D0%B4%D0%B5%D1%8F.jpg,"""Русский: Продукция """"Оршанского льнокомбината"""""""
image_395.jpg,https://upload.wikimedia.org/wikipedia/commons/8/86/LeicesterSwanningtonBridge01.jpg,"Leicester and Swannington Railway wooden lifting bridge, based on a design by Robert Stephenson, relocated from over the Grand Union Canal, Leicester, to outside the Snibston Discovery Park, Coalville, England."
image_396.jpg,https://upload.wikimedia.org/wikipedia/commons/b/b8/Election_promotion_for_Edward_Leung_outside_Shatin_Town_Hall_20160220.jpg,Election promotion for Edward Leung outside Sha Tin Town Hall
image_397.jpg,https://upload.wikimedia.org/wikipedia/commons/8/82/Fishbourne_palace_mosaic_room_N21.jpg,"English: Fishbourne, Roman palace, mosaic of room N21"
image_398.jpg,https://upload.wikimedia.org/wikipedia/commons/a/a5/Globigerina_limestone.JPG,Deutsch: Globigerina limestone
image_399.jpg,http://upload.wikimedia.org/wikipedia/commons/9/94/Joan_Fuster._Nosaltres_els_valencians._1962-2012_exhibition_%282%29.JPG,English: Joan Fuster. Nosaltres els valencians. 1962-2012 exhibition in Barcelona
image_400.jpg,https://upload.wikimedia.org/wikipedia/commons/6/62/%C5%A0t%C3%ADhlice-znak.jpg,English: Coat of arms of Štíhlice Čeština: Znak obce Štíhlice
image_401.jpg,https://upload.wikimedia.org/wikipedia/commons/2/2b/Brug_1909_tussen_het_Suikerplein_en_de_Henk_Curi%C3%A8rekade_foto_2.JPG,"English: Photo taken in Amsterdam, The Netherlands."
image_402.jpg,https://upload.wikimedia.org/wikipedia/commons/2/28/Charles_Brun_%281911%29.jpg,"English: The French submarine Charles Brun, launched 1910. Description from Francis Dousset: Les Navires du Guerre Francais, page 219."
image_403.jpg,https://upload.wikimedia.org/wikipedia/commons/4/4b/Tribune-Foucauld-2009.jpg,Français&#160;: La tribune Foucauld du Stade Françis Le Blé à Brest un soir de match
image_404.jpg,https://upload.wikimedia.org/wikipedia/commons/1/1c/Moscow%2C_Krutitskaya_Street.jpg,"Moscow, Fourth Krutitsky Lane"
image_405.jpg,https://upload.wikimedia.org/wikipedia/commons/3/30/Archive-ugent-be-61D4ED8C-B82D-11E0-A4BE-5F5C37D8FA8C_DS-15_%28cropped%29.jpg,"Nederlands: Fragment uit een manuscript van de Lekenspiegel van Jan van Boendale. Vervaardigd in de Nederlanden, 1e helft 15e eeuw."
image_406.jpg,https://upload.wikimedia.org/wikipedia/commons/f/f8/M%C3%B3stoles_-_Estaci%C3%B3n_de_M%C3%B3stoles-El_Soto_4.jpg,Español: Estación de Móstoles-El Soto (Cercanías Madrid)
image_407.jpg,https://upload.wikimedia.org/wikipedia/commons/e/ea/Sukkerhuset_p%C3%A5_Kalvskindet_i_Trondhjem_%281820%29.jpg,"""Norsk bokmål: Fra Byantikvarens lysbildesamling. Sukkerraffineriet fra 1754 på Leütenhaven er Norges eldste bevarte fabrikkbygning og stedet hvor E. C. Dahls bryggeri startet opp i 1856. The sugar refinery from 1754 located at Leütenhaven in Trondheim is Norway's oldest preserved factory building, as well as the place where E. C. Dahls breweries started their production in 1856. Huset ble bygget i 1754 av Trondhjems Sukkerraffinaderi. Stiftamtmannen i Trondhjem, von Rantzow, sendte etter pålegg følgende beskrivelse av anlegget til Kommersekollegiet i København: """"Angaaende Sukkerraffinaderi-huset og de til Sukkerraffinaderiet hørende redskaper. Dette hus befandtes 112 Fod langt, 56 Fod bredt og 60 Fod høit. Den underste Etage af Grundmur, 8 1/2 Alen høi samt 2 Alen tyk, og de øverste Etager af Tømmer, med et stort italiensk Tag paa af Bor dog tækket med blaa glasserede Sten, alle fast spigrede og tildels i Kalk nedlagt. Paa Taget er i de udbyggede Gavler 12 Vinduer, i Træbygningen 43 og i Murbygningen 14 Vinduer. I Huset paa den høire Side af Indgangen fra Gaden og Nord, er 4 Etager og paa den venstre Side 5 Etager. I underste Etage paa den høire Side er 3 Værelser mod Syd, opmurede i en Linie, de 2 for Sukker og Sukkerkandis at tørre med 2 tilstøbte Jernkakkelovne i, og det 3die til at fylde det kogte Sukker i Formene."""""""
image_408.jpg,https://upload.wikimedia.org/wikipedia/commons/b/b8/Heinz_Field_Pittsburgh.jpg,"Heinz Field in Pittsburgh, Pennsylvania."
image_409.jpg,https://upload.wikimedia.org/wikipedia/commons/d/de/Mahboubm3.jpg,"English: Somali diplomat Mahboub Maalim, the Executive Secretary of the Intergovernmental Authority on Development (IGAD)."
image_410.jpg,http://upload.wikimedia.org/wikipedia/commons/1/1f/SberniceDMX.png,Čeština: Zapojení sběrnice DMX512
image_411.jpg,https://upload.wikimedia.org/wikipedia/commons/f/f9/Bundesarchiv_Bild_102-11215%2C_Siegfried_von_Kardorff.jpg,"For documentary purposes the German Federal Archive often retained the original image captions, which may be erroneous, biased, obsolete or politically extreme. Von Kardorff, Vizepräsident des deutschen Reichstages! Reichstagsabgeordneter von Kardorff wurde mit grosser Mehrheit zum Vizepräsidenten des Reichstages gewählt. Die Wahl war nach dem Rücktritt des Nationalsozialisten Stöhr notwendig geworden."
image_412.jpg,https://upload.wikimedia.org/wikipedia/commons/a/ac/Vysok%C3%BD_smrk_v_Nancy_%281%29.jpg,"Čeština: Památný strom - Vysoký smrk v Nancy - Nancy, zaniklá osada obce Stříbrná, okres Sokolov"
image_413.jpg,http://upload.wikimedia.org/wikipedia/commons/b/b8/FriendshipOakLimbs.jpg,"English: Limb structure of Friendship Oak, Long Beach, Harrison County, Mississippi, USA"
image_414.jpg,https://upload.wikimedia.org/wikipedia/commons/e/e7/SADF_era_Pongola_Commando_emblem.jpg,English: SADF era Pongola Commando emblem
image_415.jpg,https://upload.wikimedia.org/wikipedia/commons/7/7e/Centre_hospitalier_Paul-Gilbert.jpeg,"Français&#160;: Centre hospitalier Paul-Gilbert dans le quartier Charny de la ville de Lévis, au Québec."
image_416.jpg,https://upload.wikimedia.org/wikipedia/commons/1/18/Funeral_of_repatriates_on_shipboard.JPG,English: Funeral of repatriates on shipboard 日本語: 引揚船上での葬送
image_417.jpg,http://upload.wikimedia.org/wikipedia/commons/0/0a/Map_commune_FR_insee_code_39564.png,Map commune FR insee code 39564.png
image_418.jpg,https://upload.wikimedia.org/wikipedia/commons/5/5d/Black_Mesa_summit%2C_Oklahoma.jpg,English: The summit of Black Mesa
image_419.jpg,https://upload.wikimedia.org/wikipedia/commons/6/6b/BrassBandTubas.jpg,English: Tubas/Basses in a British brass band
image_420.jpg,https://upload.wikimedia.org/wikipedia/commons/3/33/Avalokiteshvara_Srivijaya_Art_Chaiya.JPG,"English: The bronze torso statue of Boddhisattva Padmapani (Avalokiteshvara). 9th century CE Srivijayan art, Chaiya, Surat Thani, Southern Thailand. The statue demonstrate the Central Java art (Sailendra art) influence. In 1905 Prince Damrong Rajanubhab removed the statue from Wat Wiang, Chaiya, Surat Thani to Bangkok National Museum, Thailand.Bahasa Indonesia: Patung torso perunggu Boddhisattwa Padmapani (Awalokiteshwara). Seni Sriwijaya, kurun abad ke-9 M, Chaiya, Surat Thani, Thailand Selatan. Patung menunjukkan pengaruh seni Jawa Tengah (seni Sailendra). Pada tahun 1905 Pangeran Damrong Rajanubhab memindahkan patung ini dari Wat Wiang, Chaiya, Surat Thani, ke Museum Nasional Bangkok, Thailand."
image_421.jpg,https://upload.wikimedia.org/wikipedia/commons/1/14/EN9%2C_Pero_Pinheiro-Lameiras._01-19_%2801%29.jpg,"Português: EN9 em Pero Pinheiro, onde adquire um perfil de autoestrada, já em antecipação da futura Via de Cintura da Área Metropolitana de Lisboa."
image_422.jpg,https://upload.wikimedia.org/wikipedia/commons/6/67/Mitanni_letter_05.png,Polski: List Tuszratty do Amenhotepa III w języku huryckim – autografia. Deutsch: Tušratta an Amenophis III (hurritische Sprache) – Autographie.
image_423.jpg,https://upload.wikimedia.org/wikipedia/commons/8/8f/Bull_bar_roo_bar_on_b_double.JPG,English: bull bar on b double semi trailer at Yass truck stop on the Hume Valley
image_424.jpg,https://upload.wikimedia.org/wikipedia/commons/6/60/Trikala.jpg,Ελληνικά: Αποψη της πόλης από το ρολόι
image_425.jpg,https://upload.wikimedia.org/wikipedia/commons/4/48/Brug_802%2C_leuning_%281%29.jpg,"Nederlands: Brug 802 (in Amsterdam), leuning met brugwelving"
image_426.jpg,https://upload.wikimedia.org/wikipedia/commons/c/c1/Women%27s_3000m%2C_2014_Winter_Olympics%2C_Annouk_van_der_Weijden.jpg,"English: Women's 3000m, 2014 Winter Olympics, Annouk van der Weijden"
image_427.jpg,http://upload.wikimedia.org/wikipedia/commons/f/f8/Ch%C3%A2teau_Pichon_Longueville_Baron.jpg,Château Pichon-Longueville-Baron - Pauillac - Bordeaux
image_428.jpg,https://upload.wikimedia.org/wikipedia/commons/5/59/Pareledone_charcoti.jpg,Pareledone charcoti
image_429.jpg,https://upload.wikimedia.org/wikipedia/commons/7/72/George_Marsh_1905.jpg,English: Photograph of George Marsh in 1905
image_430.jpg,https://upload.wikimedia.org/wikipedia/commons/e/eb/Museum_of_the_American_Indian_DC_2007.jpg,"The National Museum of the American Indian in Washington, D.C.."
image_431.jpg,https://upload.wikimedia.org/wikipedia/commons/e/e9/Dom_a_%C5%A1kola.jpg,"Slovenčina: Titulný list slovenského vychovávateľského časopisu pre rodičov a učiteľov, ktorý vychádzal na Slovensku v 19. storoči."
image_432.jpg,https://upload.wikimedia.org/wikipedia/commons/8/88/B-17-e-41-2426-new-calidenoia.jpg,"English: Boeing B-17s at Tontourta, New Caledonia, August 1942. Boeing B-17E 41-2426 of 11th Bomb Group, 43d Bomb Squadron identifiable"
image_433.jpg,https://upload.wikimedia.org/wikipedia/commons/6/64/Taraporewala_Aquarium_front.jpg,Aquarium mumbai
image_434.jpg,https://upload.wikimedia.org/wikipedia/commons/f/f8/2000_Holden_Astra_%28TS%29_CD_Olympic_Edition_5-door_hatchback_%282015-07-10%29_01.jpg,"English: 2000 Holden Astra (TS) CD Olympic Edition 5-door hatchback. Photographed in Ivanhoe, Victoria, Australia. Vehicle registration enquiry resultsJurisdictionVictoriaRegistrationQIS926Chassis codeW0L0TGF48Y5269880Engine codeX18XE120N82431Compliance date2000-08Year of manufacture2000"
image_435.jpg,https://upload.wikimedia.org/wikipedia/commons/5/51/Nutria_in_Cottbus.jpg,Deutsch: Nutria (Myocastor coypus) mitten in der Stadt Cottbus
image_436.jpg,https://upload.wikimedia.org/wikipedia/commons/c/c3/Los_Manantiales_Puente_Artesano.png,Español: Antiguo puente artesano de Los Manantiales.
image_437.jpg,https://upload.wikimedia.org/wikipedia/commons/7/7b/Ofer_Gavish.png,"""English: Ofer Gavish picture taken while guiding a """"singing tour"""""""
image_438.jpg,https://upload.wikimedia.org/wikipedia/commons/e/e3/Map_of_Kobi-gun.jpg,English: 虎尾郡管內圖
image_439.jpg,https://upload.wikimedia.org/wikipedia/commons/5/52/Chuck_Berry_1972.JPG,Publicity photo of Chuck Berry
image_440.jpg,https://upload.wikimedia.org/wikipedia/commons/9/9a/%C5%9Eah_%C4%B0smay%C4%B1l%C4%B1n_%C6%8Fb%C3%BClxeyir_xanla_d%C3%B6y%C3%BC%C5%9F%C3%BC..jpg,Azərbaycanca: Şah İsmayılın Əbülxeyir xanla döyüşü. Muin Müsəvvir. “Tarix-i aləmaray-i Şah İsmayıl”.
image_441.jpg,https://upload.wikimedia.org/wikipedia/commons/3/3b/Au%C3%9Fenansicht_Kapelle_Vordere_Niedere.jpg,Deutsch: Kapelle an der Alpe Vordere Niedere Außenansicht
image_442.jpg,https://upload.wikimedia.org/wikipedia/commons/b/b5/Josef_Barth_Maler_Largajolli_Brixen.jpg,English: The painter Josef Barth (1842-1916) - Photo by Rudolf Largajolli Brixen Deutsch: Der Fassmaler und Vergolder Josef Barth (1842-1916) in einem Foto von Rudolf Largajolli Brixen. Italiano: Ritratto del pittore Josef Barth in una foto di Rudolf Largajolli Bressanone.
image_443.jpg,https://upload.wikimedia.org/wikipedia/commons/a/a5/Sasol_Hamburg.jpg,"""Deutsch: Das Sasol Werk in Hamburg-Kleiner Grasbrook. English: Sasol, Hamburg, Germany. Original description: I don't know if we were really allowed to be where we were....but anyway &lt;a href=""""http://www.sasolwax.com/Europa-page-231-lang-de.html""""&gt;Sasol&lt;/a&gt; (that was the name of the chemical company) was a good place to take pictures - even though these didn't turn out as good"""
image_444.jpg,https://upload.wikimedia.org/wikipedia/commons/c/cf/WAKEFIELD_FC_ARTHUR_STREET.jpg,English: WAKEFIELD FC ARTHUR STREET TERRACE STAND AMD MEDIA CENTRE
image_445.jpg,https://upload.wikimedia.org/wikipedia/commons/3/36/Logo_Progress_Rail.png,Deutsch: Logo von Progress Rail
image_446.jpg,http://upload.wikimedia.org/wikipedia/commons/2/25/Klokkijken.jpg,Nederlands: Leren klokkijken door veel te oefenen met het zetten van de wijzers op een werkblad. Gemaakt in mijn eigen klaslokaal. English: Photo taken in my own classroom. I am a teacher at an elementary school in the Netherlands.
image_447.jpg,https://upload.wikimedia.org/wikipedia/commons/2/21/Misnebalam%2C_Yucat%C3%A1n_%2815%29.jpg,"Español: Misnebalam, Yucatán."
image_448.jpg,http://upload.wikimedia.org/wikipedia/commons/4/43/Swedish_chili_sauces.JPG,Some swedish chili sauces.
image_449.jpg,https://upload.wikimedia.org/wikipedia/commons/f/f1/Lara_Croft_Way%2C_Derby.JPG,"English: Lara Croft Way, Derby."
image_450.jpg,https://upload.wikimedia.org/wikipedia/commons/a/ac/Flickr_-_Michael_Cav%C3%A9n_-_Spices.jpg,"Spices sold on the street in Hurghada, Egypt."
image_451.jpg,https://upload.wikimedia.org/wikipedia/commons/a/a8/Downtown_irvine.jpg,"Downtown Irvine, KY, USA"
image_452.jpg,https://upload.wikimedia.org/wikipedia/commons/0/00/%D7%9E%D7%91%D7%98_%D7%A2%D7%9C_%D7%A0%D7%9E%D7%9C_%D7%A7%D7%99%D7%A1%D7%A8%D7%99%D7%94.jpg,"עברית: הנמל העתיק שהוקם לפני כ-2,000 שנה על ידי המלך הורדוס. ניתן למצוא בו עוגנים עתיקים, שרידים ועמודי שיש שונים. This is a photo of a place that is recognized as a heritage site by the Council for Conservation of Heritage Sites in Israel. The site's ID in Wiki Loves Monuments photographic competition is 93-1167-001"
image_453.jpg,https://upload.wikimedia.org/wikipedia/commons/d/d8/Stone_Cold_Steve_Austin_%284840634636%29.jpg,"Wrestler and actor Stone Cold Steve Austin on the Expendables panel at the 2010 San Diego Comic Con in San Diego, California. Please attribute to Gage Skidmore if used elsewhere."
image_454.jpg,https://upload.wikimedia.org/wikipedia/commons/b/b6/Dioxazin.png,Deutsch: Aufbau Dioxazin
image_455.jpg,https://upload.wikimedia.org/wikipedia/commons/2/24/Bad_Rodach_Waldbad_02.JPG,"Bad Rodach, Waldbad"
image_456.jpg,https://upload.wikimedia.org/wikipedia/commons/0/0c/Ruine_Frankenberg.jpg,Deutsch: Ruinen der Burg Frankenberg auf dem Gotthardsberg bei Weilbach
image_457.jpg,https://upload.wikimedia.org/wikipedia/commons/7/79/Hexbug_Nano.jpg,English: Hexbug Nano
image_458.jpg,https://upload.wikimedia.org/wikipedia/commons/0/05/Mietshaus_W%C3%A4gnerstra%C3%9Fe_18_Dresden.jpg,Deutsch: Mietshaus Wägnerstraße 18 in Dresden-Blasewitz
image_459.jpg,https://upload.wikimedia.org/wikipedia/commons/8/81/Antti_Untamala.jpg,Suomi: Viulisti Antti Untamala
image_460.jpg,http://upload.wikimedia.org/wikipedia/commons/1/18/The_Iron_Pillar%2C_Kutab_Minar%2C_Delhi.jpg,"English: Tradition assigns the erection of the Pillar to Anang Pal, whose name it bears, with the date 1052 A.D."
image_461.jpg,https://upload.wikimedia.org/wikipedia/commons/7/75/Bird-head.jpg,"English: fossile bird, Early Eocene Fur Formaton, Denmark"
image_462.jpg,https://upload.wikimedia.org/wikipedia/commons/9/90/Schoenwisner_Istv%C3%A1n_plaque_Bp03_Szentendrei_%C3%BAt_135-139.jpg,"English: Commemorative plaque to Mr. István Schoenwisner (Schönvisner) (1738–1818) Hungarian archaeologist, librarian and professor who made the first scientific excavations in Aquincum. The relief sculpted by Mr. János Darás is affixed to the wall of the old main building of the Aquincum Museum. (Budapest, District III, Szentendrei Avenue Nr 135-139) Français&#160;: Plaque commémorative à M. István Schoenwisner (Schönvisner) (1738–1818) archéologue, bibliothécaire et professeur hongrois qui a fait les premières fouilles scientifiques en Aquincum. Le relief sculpté par M. János Darás en 1907 est apposée sur le mur de l’ancien bâtiment principal du Musée d'Aquincum. (135-139 avenue Szentendrei, Budapest, 3e arr.) Magyar: Schoenwisner (Schönvisner) István (1738–1818) magyar régész, könyvtáros, egyetemi tanár, Aquincum első tudományos kutatójának emléktáblája az Aquincumi Múzeum régi főépületének falán. A dombormű Darás János szobrászművész alkotása (1907). (Budapest III. ker., Szentendrei út 135-139.)"
image_463.jpg,https://upload.wikimedia.org/wikipedia/commons/6/64/Mount_Hamaishi.JPG,"日本語: 南山麓の由比から望むミカン畑と浜石岳、静岡県静岡市 English: Mount Hamaishi seen from Yui, in Shizuoka city, Shizuoka prefecture, Japan."
image_464.jpg,http://upload.wikimedia.org/wikipedia/commons/0/0b/Martin_Hilsky_recites.jpg,Čeština: Martin Hilský na vernisáži výstavy k 10. ročníku Brněnských shakespearovských dnů
image_465.jpg,http://upload.wikimedia.org/wikipedia/commons/c/c5/Toyota_MR2_front_20071002.jpg,Deutsch: Toyota MR2 W3
image_466.jpg,https://upload.wikimedia.org/wikipedia/commons/9/95/%D0%A1%D0%B0%D0%B2%D0%B2%D0%B0%D1%82%D0%B8%D0%B9_%D0%B8_%D0%B6%D0%B8%D0%B2%D0%B0%D1%8F_%D1%81%D1%82%D0%B5%D0%BD%D0%B0.jpg,Русский: епископ Савватий на празднования Крещения Руси г. Омск
image_467.jpg,https://upload.wikimedia.org/wikipedia/commons/a/ab/Actinodaphne_young_leaf_flush_DSC1272.jpg,"English: Actinodaphne tree flush of young leaves in the Anamalai hills, India"
image_468.jpg,https://upload.wikimedia.org/wikipedia/commons/7/73/Jeon_Bong-jun.JPG,English: Jeon Bong-jun 日本語: 全琫準 한국어: 전봉준
image_469.jpg,https://upload.wikimedia.org/wikipedia/commons/5/59/Crosby_URC.jpg,"English: Photograph of Crosby United Reformed Church, Merseyside, England"
image_470.jpg,http://upload.wikimedia.org/wikipedia/commons/8/8b/Findeisen_Wojciechowski_Wisniewski_Powazki.jpg,"Zbigniew Wojciechowski, Stanisław Findeisen, Stefan Wiśniewski"
image_471.jpg,https://upload.wikimedia.org/wikipedia/commons/b/b2/MadawaskaME_AcadianLandingCross.jpg,"Cross at the Acadian Landing Site in Madawaska, Maine."
image_472.jpg,https://upload.wikimedia.org/wikipedia/commons/1/1b/RapidsmsTraining.jpg,English: Users with training materials learning how to enter data via SMS instead of paper form
image_473.jpg,https://upload.wikimedia.org/wikipedia/commons/4/4b/Osypan%C3%A9_b%C5%99ehy_3685.JPG,English: Osypané břehy - Nature Reserve Čeština: Osypané břehy - Přírodní památka
image_474.jpg,https://upload.wikimedia.org/wikipedia/commons/f/f2/Army-2018-17.jpg,Русский: Самоходная огневая установка (СОУ) 9А317М ЗРК 9K317M «Бук-M3».
image_475.jpg,https://upload.wikimedia.org/wikipedia/commons/9/91/Andranik_Eskandarian.jpg,Andranik Eskandarian
image_476.jpg,https://upload.wikimedia.org/wikipedia/commons/8/81/Clifton_Suspension_Bridge_%26_the_A4_Portway_%28geograph_2489043%29.jpg,English: Clifton Suspension Bridge &amp; the A4 Portway
image_477.jpg,https://upload.wikimedia.org/wikipedia/commons/4/4a/Rosmarinus_officinalis_%28rosmarino%29_02.JPG,Italiano: Rosmarinus officinalis (rosmarino).
image_478.jpg,https://upload.wikimedia.org/wikipedia/commons/f/f2/30_nov_Lund_1994.jpg,"Svenska: Den 30 november 1994 blev en mot tidigare år lugn dag i Lund. Lars Hultén (I studentmössa) höll sitt sedvanliga tal för ett tjugotal av 30 Novemberföreningens medlemmar som vid middagstid samlats vid Tegnér statyn i Lundagård, under bevakning av ett trettiotal poliser."
image_479.jpg,https://upload.wikimedia.org/wikipedia/commons/d/d0/Drammeglass_NF.1899-0390.jpg,"Norsk bokmål: Drammeglass prodisert på Nøstetangen glassverk. Høyde 13 cm. Foto Anne-Lise Reinsfelt / Norsk Folkemuseum, NF.1899-0390."
image_480.jpg,https://upload.wikimedia.org/wikipedia/commons/a/af/Nievern_kirche.jpg,Deutsch: St. Katharina in Nievern
image_481.jpg,https://upload.wikimedia.org/wikipedia/commons/e/e7/Lusitania_Memorial_in_Cobh%2C_Co._Cork.jpg,"English: Lusitania Memorial in Cobh, Co. Cork"
image_482.jpg,https://upload.wikimedia.org/wikipedia/commons/f/f8/HIV_in_Indonesia_%2810701218524%29.jpg,"HIV positive prisoner in Cipinang Narcotics Prison, Jakarta. Photo by: Josh Estey Contact photolibrary@ausaid.gov.au to request a high resolution original."
image_483.jpg,https://upload.wikimedia.org/wikipedia/commons/f/ff/Phoca_largha5.jpg,English: Spotted seal (Phoca largha)
image_484.jpg,http://upload.wikimedia.org/wikipedia/commons/0/02/Town_village_in_Egypt.png,English: town village in Egypt
image_485.jpg,https://upload.wikimedia.org/wikipedia/commons/5/5a/Honda_CB750_CB1000_big_one_Krijtbross.JPG,2 brothers 4 in line lineup Honda CB1000 1993 and Honda CB750K2 1972
image_486.jpg,https://upload.wikimedia.org/wikipedia/commons/4/45/Berliet_TLM_10M3_tractor.jpg,English: Berliet TLM 10M3
image_487.jpg,https://upload.wikimedia.org/wikipedia/commons/3/3e/San_Francisco_Chinatown_%2815794436155%29.jpg,San Francisco Chinatown
image_488.jpg,https://upload.wikimedia.org/wikipedia/commons/6/67/Escola_Nossa_Senhora_do_Perp%C3%A9tuo_Socorro.jpg,"Português: Escola Nossa Senhora do Perpétuo Socorro, Sede, Santa Maria, Rio Grande do Sul, Brasil."
image_489.jpg,https://upload.wikimedia.org/wikipedia/commons/1/13/Panorama_Mesdag.jpg,"Nederlands: Panorama Mesdag in Den Haag, de buitenkant is nooit te zien, maar Zwembad Mauritskade is in 2007 afgebroken, nu is tijdelijk de zuidkant van het museum vanaf de Mauritskade te zien. This is an image of rijksmonument number 477398"
image_490.jpg,https://upload.wikimedia.org/wikipedia/commons/b/bc/Gandikota_Fort_Mosque.jpg,English: Gandikota Fort Mosque
image_491.jpg,https://upload.wikimedia.org/wikipedia/commons/5/55/20060101241SubidaTeideBombaVolcanica2813460N1645354W1102m.JPG,"""Ejemplo de Bomba Volcánica (Piroclastos de más de 64 mm) expuesta sobre pedestal en la subida al Teide, Isla de Tenerife, España, carretera C-823 desde Chio. Localización exacta Restaurante La Estrella, N 28°13'46,0"""" W 16°45'35,4"""", Altitud 1102 m."""
image_492.jpg,https://upload.wikimedia.org/wikipedia/en/4/41/Michelle_Fierro_Circumstantial_Too_1997_oil_acrylic_and_paper_on_canvas_60_x_66_in.jpg,"""An oil, acrylic and paper on canvas painting made in 1997 by the artist Michelle Fierro, """" Circumstantial Too """" 60 x 66 inches. This Non-free content is not used in a manner that is likely to replace the original market role of the original copyrighted material."""
image_493.jpg,https://upload.wikimedia.org/wikipedia/commons/3/3b/Scottish_independence_importance_graph_2011.png,"""English: Responses to the statement """"Hold a referendum on whether Scotland should be an independent country"""". Based on the BBC's Priorities for Scotland Survey, which can be found here. Based on 1004 respondents, prepared for BBC Scotland by ICM Research, 5-8th April 2011."""
image_494.jpg,https://upload.wikimedia.org/wikipedia/commons/9/9e/TheresePhilosophe.jpg,"Illustration by François-Rolland Elluin of Thérèse philosophe, ou, Mémoires pour servir à l'histoire du Père Dirrag et de Mademoiselle Éradice by Jean-Baptiste de Boyer d'Argens (1704-1771)"
image_495.jpg,https://upload.wikimedia.org/wikipedia/commons/c/c7/Sescultura.jpg,English: Sculpture Hall Museu Frederic Marès Español: Sala de escultura Museu Frederic Marès
image_496.jpg,http://upload.wikimedia.org/wikipedia/commons/d/d8/Tillandsia_bryoides_%28TS%29_1-00680.jpg,"Deutsch: Tillandsia bryoides, in Kultur im Botanischen Garten Heidelberg. English: Tillandsia bryoides, in cultivation at the Botanical Garden of Heidelberg, Germany."
image_497.jpg,http://upload.wikimedia.org/wikipedia/commons/2/2d/Juliecalliam-crop2.jpg,"Julie Anne Robinson, Cal Johnson, and Liam Hemsworth"
image_498.jpg,https://upload.wikimedia.org/wikipedia/commons/6/6f/Medal%2C_order_%28AM_2001.25.4-1%29.jpg,"English: Knight Bachelor's Badge Awarded to Honourable Sir T Alport Barker, MLC (1878-1956) for public service to Fiji. (He was also made Commander of the Most Excellent Order of the British Empire) Upon an oval medallion of vermilion, enclosed by a scroll a cross-hilted sword belted and sheathed, pommel upwards, between two spurs, rowels upwards, the whole set about with the sword belt, all gilt."
image_499.jpg,http://upload.wikimedia.org/wikipedia/commons/7/74/Mainzer_Wochenblatt%2C_1871-03-03%2C_Nr._52%2C_Extrablatt.jpg,Extrablatt Mainzer
image_500.jpg,https://upload.wikimedia.org/wikipedia/commons/8/8c/Tablica_upami%C4%99tniaj%C4%85ca_Krystyn%C4%99_Witusk%C4%85_na_ko%C5%9Bciele_%C5%9Bw._Karola_Boromeusza_na_warszawskich_Pow%C4%85zkach.JPG,Polski: Tablica upamiętniająca Krystynę Wituską na kościele św. Karola Boromeusza na warszawskich Powązkach
image_501.jpg,https://upload.wikimedia.org/wikipedia/commons/9/97/Eleni_Mandell.jpg,English: Eleni Mandell performing in Los Angeles in January 2017
image_502.jpg,https://upload.wikimedia.org/wikipedia/commons/9/9d/Rajesh_Hamal_in_Sydney_2014.jpg,"English: Rajesh Hamal addressing audience during his golden jubilee birthday celebration in an event organised by NepaliTouch Australia along with singer Rajesh Payal Rai and Anju Panta at Hurstville, Sydney."
image_503.jpg,http://upload.wikimedia.org/wikipedia/commons/e/e4/Runningrock.jpg,"English: The Racetrack in Death Valley, Ca, a scientific phenomena, no one is sure how these rocks move"
image_504.jpg,http://upload.wikimedia.org/wikipedia/commons/b/b1/August_Sicard_von_Sicardsburg_496582.jpg,August Sicard von Sicardsburg
image_505.jpg,https://upload.wikimedia.org/wikipedia/commons/7/70/Nick_Holman_2018.2.jpg,"English: Nick Holman of Gold Coast during the 2018 AFL round 20 match between Melbourne and Gold Coast at the Melbourne Cricket Ground on Sunday, 5 August 2018 in Melbourne, Victoria."
image_506.jpg,https://upload.wikimedia.org/wikipedia/commons/f/f1/Great_Synagogue_Copenhagen_%28plaque%29.JPG,"Polski: Tablica na Wielkiej Synagodze w Kopenhadze, upamiętniająca Dana Uzana, który zginął w czasie zamachu terrorystycznego w lutym 2015 roku.English: In memory of Dan Uzan. The plaque in Great Synagogue of Copenhagen commemorating terrorist attacks on 15th February, 2015."
image_507.jpg,http://upload.wikimedia.org/wikipedia/commons/4/43/Lerbach_mitteldorf_no.jpg,Lerbach Mitteldorf Blickrichtung Nordost
image_508.jpg,https://upload.wikimedia.org/wikipedia/commons/a/a9/GilmoreAndPittsburgh-01.jpg,English: Postcard photo of a Gilmore and Pittsburgh train at the railway's depot in Leadore
image_509.jpg,https://upload.wikimedia.org/wikipedia/commons/8/80/Leobendorf_im_Bezirk_KO.PNG,Deutsch: Bezirk Korneuburg
image_510.jpg,https://upload.wikimedia.org/wikipedia/commons/b/ba/11_Eggerberg_120818.jpg,English: Eggerberg railway station.
image_511.jpg,http://upload.wikimedia.org/wikipedia/commons/1/1e/Pontiac_G5_Pursuit_Sedan.JPG,"2006 Pontiac G5 Pursuit photographed in Montreal, Quebec, Canada."
