image_path,caption,image_entropy_total,image_entropy_r,image_entropy_g,image_entropy_b,text_entropy
512\image_0.jpg,"English: Puerto Rican Giant Centipede, Scolopendra gigantea; Vieques, Puerto Rico Slovenčina: Stonožka obrovská, Scolopendra gigantea; Vieques, Portoriko",7.685630947097618,7.705777263003484,7.713947411349322,7.637168166940047,4.269140882381879
512\image_1.jpg,English: Moulay Ali Cherif Mausoleum in Rissani south east Morocco,5.495579503842269,5.559248438741571,5.824226559034347,5.103263513750886,3.927911687403116
512\image_2.jpg,"English: Teucrium corymbosum, Marysville, Victoria, Australia",7.34643533481232,7.614480315014676,7.299868468812363,7.124957220609918,4.12560399430953
512\image_3.jpg,Tropical Storm Fausto at high latitude in the central Pacific Ocean,7.173425038655599,7.1751790046691895,7.169093608856201,7.176003456115723,3.8719141025369597
512\image_4.jpg,Bersée Nord Nord-Pas-de-Calais-Picardie France.,7.509659880235307,7.52808315072199,7.713046877887096,7.287849612096833,3.8821769594621522
512\image_5.jpg,English: Igreja do Rosário,7.496492215652302,7.384286268963188,7.616439282635005,7.488751095358712,3.7381493331928657
512\image_6.jpg,"English: Blaine Luetkemeyer, member of the United States House of Representatives.",6.8371022813868905,7.120869261939137,6.706787768533323,6.683649813688213,4.053773158025588
512\image_7.jpg,Deutsch: Optische Täuschung: Jastrow-Illusion,7.437116154861094,7.1028049677062635,7.576284855115748,7.632258641761274,4.172206918879583
512\image_8.jpg,"English: Konkalisahak, wayang kulit figure from the epos Serat Menak Sasak Deutsch: Konkalisahak, Wayang Kulit Figure aus dem Epos Serat Menak Sasak",7.105879973856968,7.072563448779828,7.11521430383759,7.129862168953488,4.099860704961841
512\image_9.jpg,"English: The Christian-Patterson Rental Property in Eugene, Oregon, listed on the NRHP",7.653417656007343,7.748648520052158,7.708874311602051,7.502730136367821,3.9218241848508724
512\image_10.jpg,English: Panasonic Lumix DMC-FZ30 digital camera Suomi: Panasonic Lumix DMC-FZ30 -digitaalikamera,4.95065234966938,4.89044590321788,4.975040355833148,4.986470789957114,4.3155662447909915
512\image_11.jpg,"English: Gideon Emery recording in studio in Los Angeles, 2017.",7.408744129409335,7.637668672032541,7.379539150418092,7.209024565777373,4.112755765047084
512\image_12.jpg,"Magyar: Horváth Ernő (Budapest, 1883. november 11. – Budapest, 1943. január 3.) tanár, a hazai aviatika úttörőjének sírja Budapesten. Kerepesi temető: 49-2-57.",7.597407263032782,7.599634390126516,7.564117506646392,7.628469892325437,4.812417404406525
512\image_13.jpg,"English: St.-Maurus-Kapelle, Beuron (Donautal), erbaut 1868–1870, Architect: Desiderius Lenz. Wallpicture of Holy Maurus Juli 2016 Deutsch: St.-Maurus-Kapelle, Beuron (Donautal), erbaut 1868–1870, Architekt: Desiderius Lenz. Wamdbild: Tod des Heiligen Maurus Juli 2016",7.2576904028376035,7.191662962082667,7.2825452934434045,7.298862952986738,4.700908929643759
512\image_14.jpg,English: Eastern Dedicated Freight Corridor of India is under construction,7.018370196269175,6.857013164799615,6.9539268922143,7.2441705317936105,3.846939684798163
512\image_15.jpg,Eesti: Fail kirjeldab veereva katiku nähtust,7.461617326686908,7.293752313600654,7.389310793491356,7.701788872968714,3.96228836907077
512\image_16.jpg,Português: Humberto Silva concede entrevista após fundação do Fundo Mundial para as Hepatites.,7.206610878865326,7.395888528244577,7.2297761659146556,6.994167942436744,4.294389485271047
512\image_17.jpg,"Italiano: Federico II riceve dal filosofo Michele Scoto la traduzione delle opere di Aristotele, 1860",7.489692802118174,7.718619279685414,7.521553981835206,7.228905144833902,4.0192987557172515
512\image_18.jpg,"Português: Antigos galpões da Cooperativa Agrícola de Cotia, no distrito do Jaguaré, cidade de São Paulo, Brasil",7.466803565725082,7.616506516160181,7.558794230141282,7.225109950873783,4.146944863899846
512\image_19.jpg,"Lanius meridionalis, Pêra, Algarve, Portugal",3.438856399611138,3.5372438568618216,3.3355038367376264,3.443821505233965,3.9534165616716064
512\image_20.jpg,"English: Invesco, a company started in Atlanta, moved to London and back to Atlanta, is headquartered in this building on Peachtree Street north of the High Museum of Art and near I-85.",7.267708232143627,7.264119551638799,7.2205918919078105,7.318413252884272,4.178313349821418
512\image_21.jpg,English: Entrance of the Neurological Institute of New York,7.721594471201475,7.750741415333629,7.710304775392313,7.703737222878484,3.9522987203460653
512\image_22.jpg,"Königlicher Kronen-Orden (Preußen): Bruststern zur I. Klasse (3. Modell), Avers.",4.613582743479002,4.5623707211274755,4.6286182541709024,4.649759255138628,4.447521807193078
512\image_23.jpg,"English: The RVCodeEditor is a part of RenovatioCMS. It enables you to edit the php, sql, html, java script and css source code of your RenovatioCMS documents. Nederlands: De RVCodeEditor is een deel van RenovatioCMS. Zij stelt u in staat om de php, sql, html, javascript en css broncode van uw RenovatioCMS documenten te beheren.",3.607086647887309,3.8098385238661727,3.712350237285811,3.299071182509943,4.200669576804377
512\image_24.jpg,"Español: Karol Cariola durante la visita de la candidata presidencial Nueva Mayoría, Michelle Bachelet, a la comuna de Independencia, el 24 de agosto de 2013.",6.441823253119542,6.371717219494856,6.446593467169425,6.507159072694345,4.195497280897887
512\image_25.jpg,Polski: Kolejka linowa Elka w Parku Śląskim w Chorzowie 2013,7.117437075259011,7.1768849514034,7.211897378372112,6.963528896001519,4.206669454469437
512\image_26.jpg,"English: Dar Seffarine in Fes, Morocco",7.757020578015187,7.789076167295937,7.755729342129381,7.726256224620243,3.8758494743010163
512\image_27.jpg,Julin (Polska) - plantacja nasienna,7.372900563465701,7.48693824637852,7.557432350256597,7.074331093761987,3.7614457889184734
512\image_28.jpg,"English: TruJet ATR 72-500, registered VT-TMP, pushing back at Rajiv Gandhi Intl Airport Hyderabad bound for Rajahmundry.",7.246390538315121,7.310893159731799,7.256083239019739,7.172195216193822,4.477811656948126
512\image_29.jpg,Čeština: Obecní úřad v obci Malá Štáhle,7.352007459759942,7.592463534471881,7.3733935046334995,7.090165340174443,4.182336834024969
512\image_30.jpg,"Red-browed Finch, Neochmia temporalis; wild bird",7.6341571116642255,7.679425845312506,7.631787976418692,7.591257513261477,4.168833991324552
512\image_31.jpg,"English: Temple, Budapest, Hungary, aerial photography Magyar: A Szent Gellért-templom Budapest XI. kerületében. Épült Kiss András Ybl Miklós-díjas építész tervei szerint 1984 és 1992 között",7.8561546042892205,7.868572778398807,7.836051957405896,7.86383907706296,4.708396676455449
512\image_32.jpg,William Dutcher,5.306196137474372,5.270439741881271,5.290388271303383,5.357760399238461,3.640223928941851
512\image_33.jpg,"Hymenocallis occidentalis - Woodland, hammock, or northern spider-lily",7.646686249032306,7.672590984199535,7.732312169384776,7.535155593512607,4.1250446259664315
512\image_34.jpg,"English: Brigade General Tahsin Yazıcı receiving the Silver Star from Lieutenant General Walton Walker (December 15, 1950).",7.284741233023777,7.447000321549216,7.309973592374393,7.097249785147721,4.414133940966401
512\image_35.jpg,"English: Peninsula Eggøya, Jan Mayen. Deutsch: Halbinsel Eggøya, Jan Mayen. Holzschnitt aus dem Expeditionsbericht der Norwegische Nordmeerexpedition.",6.296717006815985,6.296717006815985,6.296717006815985,6.296717006815985,4.363223100827203
512\image_36.jpg,"English: Drosophila setosimentum, one of the Hawaiian picture-wing species.",6.816191857895134,6.739555508537,6.801258570381594,6.90776149476681,4.182366111091028
512\image_37.jpg,"""English: Stephen B Whatley standing in front of """"The Sleeping Beauty Beyond The Wall: Kensington Palace""""""",7.409339317030054,7.235631510440105,7.226784419425814,7.765602021224243,4.131743375398898
512\image_38.jpg,"Português: Boeing 737-300 da Sideral Air Cargo, de prefixo PR-SDL, no Aeroporto de São Luís, Maranhão.",6.864289347602561,6.7866396524444745,6.987038105664979,6.819190284698229,4.412553353594993
512\image_39.jpg,"A school of Jack Mackerel (Trachurus declivis). Fairy Bower, Manly, NSW",7.167884473314875,7.0171311040585085,7.246431893993247,7.240090421892869,4.36519466310697
512\image_40.jpg,Masdevallia coccinea f. alba 'Snowbird' AM/AOS,4.228819708925708,4.422216331306897,4.07010133358353,4.194141461886698,3.971734173768879
512\image_41.jpg,"Nederlands: Het grafmonument van Sebastiaan boven zijn graf door Giuseppe Giorgetti (c.1671-72) in de Sint Sebastiaan buiten de Muren, langs de Via Appia in Rome",6.94222020624855,6.948540531819516,6.926376111307123,6.95174397561901,4.3004779039627925
512\image_42.jpg,Português: Vice-Almirante Fernando de Quintanilha e Mendonça Dias,7.446844153943822,7.330734405639658,7.478885264549465,7.53091279164234,4.19016136917265
512\image_43.jpg,"""San Marino, October 6–7, 2006. The 1990–91 Lancia Delta HF Integrale 16v of Massimo """"Miki"""" Biasion at 2006 Rally Legend.""",7.752434582937146,7.734206322466177,7.756195589270699,7.766901837074565,4.499764502893219
512\image_44.jpg,"Deutsch: Schematische Darstellung eines Schweins, Schweinskopf.",1.8469144519823297,1.854904801297621,1.8393636548626657,1.8464748997867027,4.102468273683174
512\image_45.jpg,English: inside,7.607410125013349,7.630857914441773,7.60651078325697,7.584861677341305,3.189898095464287
512\image_46.jpg,Nederlands: BAG woonplaatsen - Gemeente Teylingen.png,3.762160240555019,3.6917369556184862,3.825710644799844,3.769033121246726,3.8854913886812255
512\image_47.jpg,Русский: Ночь в Гранд Макете,6.130044007060999,6.146277211807359,5.940999877780559,6.302854931595079,4.09306920777189
512\image_48.jpg,English: Recreation of the Department of Finance chart on the distribution of Irish exchequer tax revenues,2.1659997849930783,2.1169571974154286,2.168150953815678,2.2128912037481285,4.012639974929527
512\image_49.jpg,Русский: Станция метро «Горьковская» Нижегородского метрополитена English: Gorkovskaya metro station of the Nizhny Novgorod metro,6.977437215395443,7.162466428352411,7.082636049447861,6.687209168386058,5.020225078292843
512\image_50.jpg,"English: South Shore Hospital. The NHS hospital on Lytham Road, seen from outside St.Margaret's Catholic chapel, to the right of shot.",6.47107381260068,6.505012075555245,6.432787017847319,6.475422344399476,4.061937101503602
512\image_51.jpg,"English: Dresden Park Railway, Saint Nicholas' Eve, Steam locomotives 001 Lisa (right) and 003 Moritz shorly after water refilling at ZOO station (white water tower on the left)Deutsch: Dresdner Parkeisenbahn, Nikolausfahrten, Dampflokomotiven 001 Lisa (rechts) und 003 Moritz kurz nach dem Wasserauffüllen (weißer Wasserturm am linken Bildrand), Bf. ZOOČeština: Drážďanská parková dráha, Mikulášské jízdy, parní lokomotivy 001 Lisa (vpravo) a 003 Mořic krátce po doplnění vody (bílá vodárna vlevo) v prostoru stanice ZOO",7.7590134288146,7.7721962296482845,7.7775464318545575,7.727297624940957,4.694591914437053
512\image_52.jpg,"Español: El Museo nacional de etnografía de Nampula es el único museo nacional de Mozambique que no está localizado en Maputo.Português: O Museu Nacional de Etnografia de Nampula, é o único museu nacional moçambicano não localizado em Maputo. O edifício é um projecto do arquitecto Mário de Oliveira",7.552633485428956,7.617493363879146,7.726124851557521,7.314282240850199,4.211374431429611
512\image_53.jpg,Deutsch: Das Dallauer Schloss: Eckturm und Palas blieben erhalten.,7.373317775398043,7.371637367176901,7.435254359883112,7.313061599134114,4.014769165143282
512\image_54.jpg,"""English: Stora Teatern (""""Grand Theater"""") in Gothenburg, Sweden. Svenska: Stora Teatern i Göteborg.""",7.635056088971541,7.592431071574439,7.644770654193646,7.667966541146537,4.133709994541179
512\image_55.jpg,Српски / srpski: Иконостас у Православној цркви Светог Глигорија у Товаришеву,7.261544356467538,7.501181463131659,7.382695211303282,6.900756394967672,4.271475873502887
512\image_56.jpg,Euskara: Sentimenduen analisirako Talaia ataria. 2016ko EAEko hauteskunde autonomikoen termmetro digital gisa. English: Talaia portal of sentiment analysis. Digital thermometer of the 2016 regional elections.,3.7645627708576743,3.7823190921499634,3.766108858807651,3.7452603616154088,4.157889417633971
512\image_57.jpg,This file was uploaded with Commonist. Italiano: Grappolo di pomodori cigliegino a diverso grado di maturazione,7.238212071445742,7.641642552394415,7.338639794357114,6.734353867585695,4.068006717305965
512\image_58.jpg,"""English: Drawing of Lelwel Hartebeest (Alcelaphus buselaphus lelwel), from """"Records of Big Game"""", Rowland Ward""",2.7403446024363967,2.740344602436397,2.740344602436397,2.740344602436397,4.288670543592647
512\image_59.jpg,English: Archives New Zealand Reference: ACGO 8333 IA1 1350 / 15/11/59182,5.986941554767353,5.212275136324404,6.26195693529039,6.486592592687268,4.32526108027105
512\image_60.jpg,English: 80 Jahre Citroen Traction Avant 2014 La Ferte-Vidame,6.012248844242542,5.9499583467878985,6.027054483541681,6.059733702398046,4.2482915919384485
512\image_61.jpg,"English: Diodora rueppellii (G.B. Sowerby I, 1835) (underside) , a keyhole limpet from the family Fissurellidae; Malaga, Spain",6.392297984704981,6.4399447064694275,6.3905489897249685,6.346400257920546,4.4644820298445795
512\image_62.jpg,"Português: Brasília - Os ministros das Relações Exteriores do Suriname e do Brasi, Winston Lackin e Antônio Patriota, dão entrevista sobre os acordos de cooperação entre os dois países.",7.155329192068572,7.131012217932723,7.160750001938449,7.174225356334547,4.136395992518216
512\image_63.jpg,English: Flag of Aga Niigata 日本語: 阿賀町旗,1.4664862776747514,1.3762586234748246,1.4801597055484446,1.543040504000985,3.988077434998132
512\image_64.jpg,Deutsch&#x3a;&#32; The Black Dahlia Murder - Wacken Open Aire 2016English&#x3a;&#32; The Black Dahlia Murder - Wacken Open Aire 2016,4.874302059054998,5.3945188886096656,4.621758392459582,4.606628896095749,4.546854138840013
512\image_65.jpg,English: Adding cloisons to patterned base Cloisonne production at an official state production facility. Picture taken late September 2002 by Leonard G. Selectively digitally blurred for jpeg image storage reduction.,7.908146932851658,7.930686889801936,7.906659987531917,7.887093921221118,4.23888058197207
512\image_66.jpg,"""Sculpture """"De Eenden"""" in Wanroij, The Netherlands""",7.2442266400605355,7.243755672884502,7.099966598315158,7.388957648981947,3.901618803252421
512\image_67.jpg,Italiano: Modica: interno della chiesa di S. Maria di Betlemme (xilografia di Barberis 1892).,7.652336110394192,7.73547300877233,7.725257842458353,7.4962774799518925,4.175239422078684
512\image_68.jpg,Polski: Tomasz Majewski na stadionie Orła podczas 4. Mityngu Kamili Skolimowskiej 25 sierpień 2013,6.597692586253776,6.666891488598456,6.63761608707458,6.488570183088293,4.417659798384442
512\image_69.jpg,Official Russian Empire coat of arms Turgai Oblast. Герб Российской Империи Тургайской области в Гербовнике МВД. Утверждён Императором Всероссийским Александром Вторым в 1878 году.,6.970026491505588,6.997354643036459,6.984645671885836,6.928079159594469,4.918029219332537
512\image_70.jpg,日本語: 城南学園幼稚園,7.824109358201553,7.883676796004421,7.837192940235998,7.751458338364238,3.4182958340544896
512\image_71.jpg,English: Portrait of Lord Stanley of Preston.,6.929355756480253,6.929355756480254,6.929355756480254,6.929355756480254,3.933209418831506
512\image_72.jpg,"The Clash, Chateau Neuf, Oslo, Norway",4.967587321631659,4.967587321631659,4.967587321631659,4.967587321631659,3.841096866085959
512\image_73.jpg,Structure of presenilin,1.0077720406042496,1.1045014230500356,0.7975770810683871,1.1212376176943257,3.588354347173234
512\image_74.jpg,"""English: A starboard quarter view of a Soviet Project 941 """"Akula"""" class (NATO reporting name: """"Typhoon"""") ballistic missile submarine underway.""",7.603167866413782,7.6031678664137825,7.6031678664137825,7.6031678664137825,4.472806842011814
512\image_75.jpg,Alishan Forest Railway Diesel locomotive DL42 阿里山森林鐵路柴油機車DL42,7.495724534836296,7.5743173482514745,7.545248064191307,7.367608192066107,4.610584468497626
512\image_76.jpg,"Karachi Streetshots. Karachi by day, on the road.",7.389055408225079,7.402956546456512,7.427537098235284,7.336672579983439,3.871323681559686
512\image_77.jpg,"Русский: Фрост Олимпос в Авачинской бухте, Тихий океан, Авачинская губа, Камчатский край, Петропавловск-Камчатский in Avacha Bay Petropavlovsk-Kamchatskiy 27 August 2010 (в бухте находятся военный корабль Иней с сопровождением РБ-262, Фрост Олимпос и катер береговой охраны, на заднем плане ЗАТО Вилючинск и вулкан Вилючинская сопка) English: Frost Olympos in Avacha Bay Petropavlovsk-Kamchatskiy 27 August 2010 (Iney assisted by RB-262; patrol vessel of the coast guard of the Russian Federation, ZATO (closed administrative-territorial formation) Vilyuchinsk and Vilyuchik in the background)",7.0117914740257445,7.239892578527288,6.910492026424168,6.8849898171257795,5.352626656941802
512\image_78.jpg,"Français&#160;: Diffa offerte le 30 septembre 1866, par la société minière Mokta el-Hadid (Algérie), au vice-amiral de Gueydon, commandant en chef.",6.779143413849277,6.461998136055556,6.907354140232799,6.968077965259476,4.656028616543548
512\image_79.jpg,Nederlands: Bibliotheek van Merksem,6.010124744638979,6.047768276051291,6.022934464856707,5.959671493008939,3.9001530166977116
512\image_80.jpg,"English: 'Resolution' in Belfast. The highly unusual ship 'Resolution' in the building dock at Harland and Wolff in Belfast beneath the gantry cranes 'Samson' and 'Goliath' 599214 The ship is used in the construction of offshore windfarms and was in Belfast to collect turbine foundations that had been manufactured by Harland and Wolff for an offshore windfarm in the Solway Firth (see http://news.bbc.co.uk/1/hi/scotland/south_of_scotland/7151034.stm ). Its unusual shape comes from the six 130m legs which, once on site, jacks the vessel out of the water and provides a stable working platform to construct windfarms at sea. See http://www.ship-technology.com/projects/mayflower/ for some technical info on the Resolution.",7.206471047752809,7.45436259105154,7.184504788333734,6.980545763873152,4.505475859965822
512\image_81.jpg,"""9th Annual Saturday Night Cruise-In September 20,2014 Hastings, Minnesota My second time to this event and the second time I got rained on. It was nice before and after the rain though. I did miss quite a few great cars that left before I could capture them, including a white 1962 Imperial that I caught a glimpse of at &quot;Back to the 50's&quot; More of my car pictures at my Flickr site: &lt;a href=""""https://www.flickr.com/photos/greggjerdingen/collections/72157631550277505/""""&gt;www.flickr.com/photos/greggjerdingen/collections/72157631...&lt;/a&gt;""",7.430108967253857,7.489761761506452,7.429046338462312,7.371518801792807,4.748500928418427
512\image_82.jpg,"English: Samuel Cole Wright, a veteran of the American Civil War and recipient of the Medal of Honor",7.197949727376302,7.197949409484863,7.197949409484863,7.197949409484863,4.04325496976185
512\image_83.jpg,Norsk bokmål: NM landevei fellesstart 2020 Røyse - 9 Idar Andersen - 13 Jonas Iversby Hvideberg,7.456110197812266,7.45005746745646,7.482246537123396,7.436026588856942,4.3539641685724
512\image_84.jpg,English: Municipal locator,3.1938578214323208,3.261283750562418,3.1600833695076096,3.1602063442269346,3.9500637564362093
512\image_85.jpg,"Русский: Иконостас, барабан",7.7338300995061795,7.771061304022098,7.6663749703839095,7.764054024112531,3.6437763910523575
512\image_86.jpg,English: Iran - Hamedan view from Alvand Mountain,7.309537929021073,7.026558944546338,7.189939816165456,7.7121150263514275,3.978366793760432
512\image_87.jpg,"English: Limestone sarcophagus of Bakenranef, vizier under Psametek I. From his tomb (Saqqara). Reign of Psametek I, 26th dynasty, Late Period. Florence, Museo archeologico nazionale. Italiano: Sarcofago in pietra calcarea di Bakenrenef, visir sotto Psammetico I, rinvenuto nella sua tomba a Saqqara. Regno di Psammetico I, XXVI dinastia, Epoca Tarda. Firenze, Museo archeologico nazionale.",7.008852544300847,7.3290468422278074,7.078152177948407,6.619358612726327,4.335085156920799
512\image_88.jpg,Français&#160;: Le bâtiment voyageurs vers 1900.,7.849824020627274,7.849824020627274,7.849824020627274,7.849824020627274,4.571854365656769
512\image_89.jpg,"Italiano: Abbazia di San Michele Arcangelo a Poggio Renatico. In stile gotico-lombardo del XIV secolo, è stata inaugurata nel 1907. Sul tetto sono visibili i danni del terremoto dell'Emilia del 2012. Sulla destra si intravedono i detriti derivanti dai resti del campanile, demolito con 120 microcariche di dinamite dopo essere rimasto seriamente danneggiato dal terremoto.",6.986298649478496,7.214704734726774,7.344768995677992,6.399422218030725,4.1471247401854825
512\image_90.jpg,Localisation du Bassigny,6.049574742822233,6.490782554609595,6.22340313988574,5.434538533971361,3.6572682296173897
512\image_91.jpg,Ελληνικά: Γιώργος Σουφλιάς,7.215873639991012,7.415212237588199,7.176163713898295,7.056244968486542,3.9500637564362093
512\image_92.jpg,English: States won by PRI,0.5106579297759654,0.2382120667856201,1.0554453707651412,0.2383163517771347,3.9021748142117274
512\image_93.jpg,Deutsch: Bezirk Feldkirchen,1.4987535265050116,1.4987535265050116,1.4987535265050116,1.4987535265050116,3.9400726873486547
512\image_94.jpg,English: Batavia Stad Nederlands: Batavia Stad,7.778316016097601,7.812258847644286,7.818124108815697,7.70456509183282,3.6452222170590125
512\image_95.jpg,"Hip hop group Little Brother performing in Atlanta, Georgia.",6.319398225553382,6.63373211213022,6.231691992764174,6.09277057176575,3.896834613373055
512\image_96.jpg,English: Grumman F-11F Tiger and Fleet Model 2 in the Cradle of Aviation Museum. Grumman F-11F Tiger en Fleet Model 2 in het Cradle of Aviation Museum.,7.54721803145637,7.725171628071465,7.409059270288521,7.507423196009122,4.126295109655747
512\image_97.jpg,"Форт Александр I. Внутренний двор. This is a photo of a cultural heritage object in Russia, number: 7810285015 This template and pages using it are maintained by the Russian WLM team. Please read the guidelines before making any changes that can affect the monuments database!",7.703694466033368,7.810765663824084,7.664893403750322,7.635424330525698,4.67788833462867
512\image_98.jpg,Paul-Gerhardt-Gymnasium in Gräfenhainichen,7.242931629223254,7.420800982063382,7.235826245358059,7.072167660248322,4.091622411276601
512\image_99.jpg,Deutsch: Kurt Christoph Graf von Schwerin Русский: Памятник графу Шверину,7.598061101023685,7.578944281825032,7.576746710408974,7.638492310837049,4.9150485311271215
512\image_100.jpg,"English: Hagfish, Duiker Point, Cape Peninsula.",6.9742483060886995,6.63188451147845,7.340207894227976,6.95065251255967,4.1452520227940735
512\image_101.jpg,Slovenščina: Kapela Puževci Slovenija English: Chapel Puževci Slovenia,7.4874505863527,7.660405858512755,7.614161080750453,7.18778481979489,4.030570653793757
512\image_102.jpg,Deutsch: Jörg Zager,7.360261086983525,7.4048661338763395,7.272805072451794,7.403112054622442,3.8268748818646374
512\image_103.jpg,"Deutsch: Eustachius de Lannoy ergibt sich 1741, nach der Schlacht von Colachel, Gemälde, um 1750, Padmanabhapuram Palast, Tamil Nadu, Indien",7.4054065666438165,7.573839224913453,7.519291904572016,7.123088570445981,4.357683366296772
512\image_104.jpg,Čeština: Stolová hora Pfaffenstein Autor Zp.,7.723979222360441,7.7767617451682005,7.747094458674223,7.648081463238899,4.144106550888951
512\image_105.jpg,"English: Nishitetsu Shirakibaru Station(eastside entrance), Nishitetsu Tenjin Omuta Line. 日本語: 西鉄天神大牟田線 白木原駅（東口）",7.372732807002727,7.381090037073313,7.375571081189631,7.361537302745238,4.689681581840394
512\image_106.jpg,Català: Maquesta del lloc arqueològic de Kotosh del Museu de Kotosh,7.727049576351585,7.77870289627015,7.6675098358067455,7.73493599697786,3.97273331898716
512\image_107.jpg,"English: Thomas Fischer-Dieskau, nephew of Dietrich Fischer-Dieskau, receives the 2005 Polar Music Prize in place of his uncle from the hands of His Majesty, King Carl XVI Gustaf of Sweden at the Stockholm Concert Hall.",3.3840396818722063,4.04696244084458,3.3260669234887392,2.779089681283298,4.363206382860016
512\image_108.jpg,福州东站 - Fuzhou East Railway Station - 2014.09,7.508746640579898,7.707200350954783,7.517382376069412,7.301657194715499,4.45019589235169
512\image_109.jpg,"English: Lutheran church in Moruț, Bistrița-Năsăud county, Romania Română: Biserica evanghelică (turnul clopotniță și ruina navei bisericii evanghelice C.A.), sat Moruț; comuna Matei This is a photo of a historic monument in județul Bistrița-Năsăud, classified with number BN-II-m-B-01679",7.653834365997319,7.61577781241564,7.677456427773468,7.6682688578028495,4.531039014607996
512\image_110.jpg,Eesti: Stockholmi Eesti Kooli koor XI noorte laulu- ja tantsupeo rongkäigus,7.6524402713584605,7.618937385061642,7.650556136195237,7.687827292818502,4.030922825273811
512\image_111.jpg,English: Folk festival in Bukowsko.,7.607679597647255,7.743179487318455,7.7067025841253685,7.373156721497944,4.050013373778756
512\image_112.jpg,"Deutsch: Neudörfl, „Hofleithamühl“.",7.7325590198465335,7.7325590198465335,7.7325590198465335,7.7325590198465335,4.343289445392767
512\image_113.jpg,"Deutsch: Pallas Spangel, Rektor Universität Heidelberg, Buchtitelseite",6.618643832163156,6.655859541042805,6.554573746150805,6.6454982092958605,4.136795526410613
512\image_114.jpg,"Deutsch: Lageplan der Südburg von Hattusa, Zentraltürkei",1.2082800156826585,1.2082800156826585,1.2082800156826585,1.2082800156826585,4.233906101728056
512\image_115.jpg,English: Labour Members of Parliament at the opening of a new session of Parliament,7.238036105544411,7.238036105544411,7.238036105544411,7.238036105544411,3.9391738745379006
512\image_116.jpg,"Русский: Смоленское кольцо , 1 этап RTCC 2011",7.387104365731716,7.449255382285143,7.400859134804699,7.311198580105304,4.354936219469005
512\image_117.jpg,Ukrainian SSR (Украинская ССР).,6.542827973345712,7.014258968790793,6.451542106472074,6.16268284477427,4.1313003425053605
512\image_118.jpg,Deutsch: Kartoffelstampfer,5.219716164152028,5.249098658864857,5.179577104729655,5.230472728861571,3.921029621737614
512\image_119.jpg,"English: 50th Munich Security Conference 2014: Saeb Erekat,Valéry Giscard d'Estaing and Tzipi Livni: Saeb Erekat (Head of the Palestinian Negotiation Steering and Monitoring Committee, Palestinian National Authority), Valéry Giscard d'Estaing (Former President of the French Republic) and Tzipi Livni (Minister of Justice, State of Israel).",7.424416120015547,7.682856734599661,7.411096357236417,7.179295268210564,4.408039721988036
512\image_120.jpg,Svenska: Maskinen 2011.,6.5946407517690995,6.571396466233931,6.553991294052738,6.658534495020632,3.675310868912364
512\image_121.jpg,Français&#160;: L'église Saint-Pierre-aux-Liens à Mazirot Deutsch: Kirche Saint-Pierre-aux-Liens in Mazirot,7.671476196425097,7.766873574782602,7.6544281960826295,7.593126818410059,4.50675892589392
512\image_122.jpg,English: Expulsion of the Russian envoy to the Holy See Felix von Meyendorff by Pope Pius IX in 1864 for insulting catholic faithDeutsch: Die Ausweisung des russischen Gesandten Felix von Meyendorff durch Papst Pius IXPolski: Odprawa udzielona posłowi rosyjskiemu Feliksowi von Meyendorffowi przez papieża Piusa IX,7.5571328121113845,7.5571328121113845,7.5571328121113845,7.5571328121113845,4.383350553398698
512\image_123.jpg,Português: A imagem provém de um artigo (Evolutionary Trends In Crustacea - Malacostraca) e representa a evolução ao longo das eras geológicas desta classe.,1.3379984508010905,1.3379984508010905,1.3379984508010905,1.3379984508010905,4.175954019300953
512\image_124.jpg,"The first group of irregular maritime arrivals arrived at the regional processing centre in Manus Island, PNG today. The 19 people, comprising families from Sri Lanka and Iran, departed Christmas Island late yesterday. Transfers to Manus Island and Nauru will continue in coming weeks and months.",7.538276780977341,7.628911669345607,7.572529366561305,7.413389307025113,4.156922906392535
512\image_125.jpg,English: Marie of the Incarnation (1566-1618),7.07424539114842,7.435239163123495,6.8890490880124915,6.8984479223092725,4.277871085594326
512\image_126.jpg,"Gedecktes Brüggli, Stich von 1780",6.121392799569435,5.983231910654975,6.178104483797651,6.202842004255681,4.27137063437885
512\image_127.jpg,Deutsch: Unterscheidung Loxodrome – Orthodrome,0.6085489175557081,0.6085489175557081,0.6085489175557081,0.6085489175557081,3.928255912899314
512\image_128.jpg,"Cheirolophus crassifolius, Malta Thanks to Stephen Mifsud http://www.maltawildplants.com Flowering plant",7.7878275120069835,7.859056698186657,7.762573068711426,7.741852769122868,4.320282872554395
512\image_129.jpg,"English: Program book for Women’s Equality Day, Aug. 23, 2016",6.2562987515750335,5.897873003366693,6.5105882408186115,6.360435010539796,4.612645075367672
512\image_130.jpg,"""English: Detail of the nose art on a B-25 Mitchell aircraft, at the Collings Foundation Airshow. Aircraft details: B-25J-15NC c/n 108-32207 44-28932 (N3476G), ex-TB-25J, ex-TB-25N BD-932, ex-air tanker #6, """"Tondelayo"""", Collings Foundation, New Smyrna Beach, FL (A).""",7.1801548231291585,7.2658281111630565,7.183846121205048,7.090790237019373,4.822041668020687
512\image_131.jpg,Death of Sappho,7.341936154680336,7.366616090113096,7.3390077990881935,7.320184574839718,3.240223928941852
512\image_132.jpg,"Dansk: Bodilsker Station, sporside",7.419789098975944,7.317941872915488,7.37345302778633,7.567972396226012,3.833663121159437
512\image_133.jpg,Čeština: filozof Oskar Kraus,7.2276865641276045,7.227686882019043,7.227686882019043,7.227686882019043,3.9407598325400905
512\image_134.jpg,Polski: Besko - oczyszczalnia sciekow,6.905889382414441,7.219731887046189,7.219975168135511,6.277961092061625,3.884600662692359
512\image_135.jpg,Map of the areas where the Finnish language is spoken.,1.5759205717909797,1.5758331708625233,1.5759891841398945,1.5759393603705205,3.8929368087563527
512\image_136.jpg,English: Photo of Blepsias cirrhosus (silverspotted sculpin) at the Vancouver Aquarium,6.845773659497742,7.388900306636662,7.674951859370102,5.473468812486463,4.2349644016080035
512\image_137.jpg,"Español: Panorámica del Hipódromo de San Isidro, donde se observa la redonda de exhibición de los purasangre, la pista de césped y el tablero electrónico indicador de dividendos.",7.467721582548691,7.563522260539215,7.490587715684836,7.34905477142202,4.100899252465394
512\image_138.jpg,"English: Saint Nicholas church in Brădiceni, Gorj county, Romania Română: Biserica „Sfântul Nicolae”, sat Brădiceni; comuna Peștișani, Cătunul Mămăroi This is a photo of a historic monument in județul Gorj, classified with number GJ-II-m-B-09247",7.363196466471188,7.464097803807906,7.424966256290848,7.200525339314811,4.535712682387066
512\image_139.jpg,Moor in Gmös,7.772573241938215,7.798584930597567,7.740001073381508,7.779133721835569,3.0849625007211556
512\image_140.jpg,"English: A historical marker on State Route 205 at the entrance to the James Monroe Family Home Site near Colonial Beach in Westmoreland County, Virginia, United States.",7.5552080249637115,7.571025320490549,7.627859873230073,7.466738881170511,4.136224796271529
512\image_141.jpg,English: Mark Brooks and Emily Kavanaugh,4.645840154608958,4.689108885592409,4.189187923267359,5.059223654967106,4.053701696057348
512\image_142.jpg,"Deutsch: Werbeanzeige der Brauerei Wallach in Heinrich Dittmar/Herbert Jäkel: Geschichte der Juden in Alsfeld. Alsfeld, Geschichts- u. Museumsverein, 1988, S. 107, ISBN 3-927284-00-9",6.18949559578017,6.026131562590592,6.1952575111016825,6.3470977136482345,4.622943413663368
512\image_143.jpg,"English: Map showing the location of the George Washington and Jefferson National Forests in Virginia, United States.",6.473720935420388,6.496112641396685,6.426567781921309,6.498482382943168,4.046509463914259
512\image_144.jpg,"English: Cup of Sahlep in tearoom in Třebíč, Czech Republic. Čeština: Hrnek Sahlepu v čajovně v Třebíči.",6.895727894570716,7.26370775653415,6.832464609277523,6.5910113179004775,4.477049819898608
512\image_145.jpg,"English: 110th Tactical Fighter Squadron McDonnell F-4C-23-MC Phantom 64-0749, Lambert Field, St Louis, Missouri, 1980",7.526295532305721,7.597086978460469,7.572295445523072,7.40950417293362,4.662690802447053
512\image_146.jpg,Español: Estación Ariel (FCPBA),7.516070370484358,7.458975821490453,7.5677920424252,7.52144324753742,4.0667842134731025
512\image_147.jpg,English: Map of French municipality Bayonvillers Français&#160;: Carte des communes françaises Bayonvillers Nederlands: Kaart van Franse gemeente Bayonvillers,0.5819835468426443,0.30830850101225016,0.6146645673643383,0.8229775721513446,4.361891768089531
512\image_148.jpg,English: DJ Rattan,6.53589864141166,6.62823183132254,6.4708597703132025,6.508604322599239,3.7254805569978675
512\image_149.jpg,English: Geneva Motor Show 2017 (photo taken on the first press day) Français&#160;: Salon international de l'automobile de Genève 2017 Deutsch: Genfer Auto-Salon 2017 (Foto vom ersten Pressetag) Italiano: Salone dell'automobile di Ginevra 2017 (foto scattate durante il primo giorno dedicato alla stampa),7.487329253040605,7.4394418052000955,7.508750413910388,7.5137955400113325,4.478271838471121
512\image_150.jpg,"English: Huis Boxbergen, Olst-Wijhe Nederlands: 't Huis Boxbergen, Olst-Wijhe Original caption: Olst. „Boxbergen”",7.486616083763715,7.555634538258241,7.5158111977998185,7.3884025152330866,4.373740407716439
512\image_151.jpg,"Українська: Пам'ятник В.І. Леніну (зруйнований), Харків, майд. Свободи (кол. пл. Ф.Е. Дзержинського)",5.822765203291589,6.374049621128111,5.683764678615093,5.410481310131565,4.692153647355308
512\image_152.jpg,English: Expoforum scale model at Lenexpo Русский: Макет Экспофорума на выставке «Ленэкспо»,7.43095492157672,7.48287937475701,7.352390109735895,7.4575952802372525,4.966117950500481
512\image_153.jpg,Polski: Rozdroże pod Kasprowym. Kasina Turnia i żleb Wrota,7.3873613480963085,7.550775143430879,7.625378604601355,6.985930296256688,4.151192745822556
512\image_154.jpg,Српски / srpski: Glamočko poljeEnglish: Glamoč field,7.458684355601089,7.4455266539140625,7.53940395273157,7.39112246015763,4.390074997229216
512\image_155.jpg,Bärensee,7.688517146126319,7.474951499993009,7.7499212309768435,7.840678707409104,2.4056390622295662
512\image_156.jpg,English: Roxana Moslehi at the Cancer Research Center at SUNY East campus,7.351287517796995,7.340253511321978,7.355311015491523,7.358298026577483,3.8537778503859723
512\image_157.jpg,"Română: Biserica de lemn din Roșia Nouă, județul Arad This is a photo of a historic monument in județul Arad, classified with number AR-II-m-B-00644",7.287919789188966,7.308460142859521,7.279602532367354,7.275696692340025,4.398601276147764
512\image_158.jpg,Deutsch: Verlauf der Miesenbach richtung Süden,7.367179063582565,7.352404516368969,7.427523329262912,7.321609345115814,4.080004825754664
512\image_159.jpg,English: Eugenie Besserer,7.242257882097675,7.242257882097675,7.242257882097675,7.242257882097675,3.267601311512056
512\image_160.jpg,"Craven Cottage, September 2012",7.1449802429454765,7.344196322818901,7.145860778707917,6.944883627309611,3.9362434129830604
512\image_161.jpg,English: Singer songwriter,5.121312463120904,5.7209437074503935,4.989928177699155,4.653065504213165,3.526234909949522
512\image_162.jpg,"English: Donkey dung sea cucumber (Holothuria mexicana). This species of holothurian can attain lengths of 20 inches. U. S. Virgin Islands, Coki Beach, St. Thomas.",7.32190367270731,6.951890802344014,7.562091517398226,7.451728698379691,4.334663442312172
512\image_163.jpg,English: South Branch Bowman Creek on the Mountain Springs Trail in Ricketts Glen State Park.,7.098373244960851,7.421835662210894,7.347137070815359,6.5261470018563,4.060207968074137
512\image_164.jpg,"Picture of Gen Con Indy 2008 in Indianapolis, Indiana, USA.",7.731200391450737,7.786256221010427,7.590179081196355,7.817165872145429,3.9902915156034577
512\image_165.jpg,Français&#160;: Plan de Paris 1858 (Petit Gentilly),5.671522633502227,5.590290623220369,5.679115196718573,5.745162080567738,4.4315584299098445
512\image_166.jpg,"Cañón recuperado de la Fragata Magdalena. Esta fragata, junto al Bergantín Palomo, se hundieron frente a la localidad de Viveiro en el año 1810.",7.388258000550894,7.404711656912097,7.505788085777351,7.254274258963232,4.173127732312638
512\image_167.jpg,"English: The office building of the Armenian Patriarchate of Constantinople, across the street from the Surp Asdvadzadzin Patriarchal Church.",7.710993279462173,7.622182377395083,7.654127062810649,7.856670398180785,4.168850825544456
512\image_168.jpg,German art historian and writer Anton Heinrich Springer.,6.868467086430382,6.868467086430382,6.868467086430382,6.868467086430382,3.714903638312361
512\image_169.jpg,Deutsch: Hammer Philippsburg / Hammer Rosenberg (linkes Gebäude) - rechts im Vordergrund Brücke und Teil vom Rosenbach,7.2481625427865,7.282611356857976,7.318484125189647,7.1433921463118795,4.325384222796897
512\image_170.jpg,English: Larvae eating on an Opuntia Cacti,7.42719166320289,7.523491879063329,7.572001219254145,7.186081891291194,3.76996110164977
512\image_171.jpg,"The Voice Finalists perform live at Warringah Mall, Sydney, Australia Darren Percival, Sarah De Bono and Rachael Leahcar enjoyed a public appearance at Warringah Mall, on Sydney's northern beaches this afternoon. The former contestants on Channel Nine's 'The Voice' were there to promote their music of course. Hundreds of passionate fans showed up to offer their support and a few lucky ones who bought CD's of their favourite performers from 'The Voice' got them autographed. Their music can also be enjoyed via iTunes. Nova sponsored the event. Music remains a popular medium in the reality TV industry. The Voice (U.S) is currently screening on Australian TV, but has not enjoyed the same ratings success as the Australian version. We wish all of the performing artists well as their careers continue to evolve in front of appreciative Australian audiences. Websites iTunes - Sarah De Bono itunes.apple.com/au/artist/sarah-de-bono/id516897190 The Voice (Australia) www.thevoice.com.au Warringah Mall www.warringahmall.com.au Nova www.novafm.com.au Channel Nine www.channelnine.ninemsn.com.au Eva Rinaldi Photography Flickr www.flickr.com/evarinaldiphotography Eva Rinaldi Photography www.evarinaldi.com Music News Australia www.musicnewsaustralia.com",6.658653084019331,7.000848428908991,6.501119982085951,6.473990841063051,4.379999705898998
512\image_172.jpg,Doliocarpus brevipedicellatus Garcke - DILLENIACEAE - Parque Ecológico dos Jequitibás - Sobradinho - Distrito Federal - Brasil.,7.540037623624414,7.474265264292285,7.581458029551811,7.564389577029147,4.219033529921596
512\image_173.jpg,English: Lymph node Japanese labels are substtuted for English ones.,2.4855536089616557,2.400214712959826,2.5828606185535743,2.473585495371567,4.084608753960208
512\image_174.jpg,"Français&#160;: Mairie de La Grange, Doubs, France",7.682065544226249,7.7543327648065805,7.667568829424139,7.624295038448028,4.313269689515108
512\image_175.jpg,English: Gutshaus in Goldenbow,7.666721983953873,7.7833573044234825,7.787398446171878,7.429410201266258,3.872905595320056
512\image_176.jpg,A potograph of the Woodforde's Brewey at Woodbastwick in the county of Norfolk within the UK. DAF LF and Ford Transit.,7.3012174596034,7.266157832731851,7.221151414719275,7.416343131359073,4.107691146512632
512\image_177.jpg,English: Chengannur Mahadeva temple,7.021787517407165,7.158428243080042,7.0818975197715215,6.825036789369928,3.8972997175517152
512\image_178.jpg,English: Haul bag,7.593387091570986,7.635192982824423,7.576490615669886,7.568477676218652,3.4992275471326932
512\image_179.jpg,Português: Feira livre de Monte Alegre no CEASA.,7.676586457502654,7.710313913303162,7.669197770706479,7.650247688498319,4.042090492159283
512\image_180.jpg,"José Sócrates, lors de son message de Noël, en 2008.",6.920081871656258,7.389653734617863,6.826304354841996,6.544287525508915,3.9995652571050435
512\image_181.jpg,"English: A Rhizostoma pulmo jellyfish washed ashore on Bournemouth beach, Dorset.",7.439662904722124,7.289006229606169,7.460844038456868,7.569138446103334,4.272984535634486
512\image_182.jpg,Imagem do atentado de Vaillant publicada em 1893 no jornal Le Petit Parisiensi em 1894.,7.489370690214412,7.489370690214413,7.489370690214413,7.489370690214413,4.154810308473277
512\image_183.jpg,"""English: Wood engraving of """"The thrones and palaces of Babylon and Nineveh"""" by John Philip Newman.""",7.739167994447274,7.739167994447273,7.739167994447273,7.739167994447273,4.2084105787803585
512\image_184.jpg,"Amalie Hohenester (Birth name&#58; Amalie Nonnenmacher; 1827–1878), German physician (alternative medicine)",2.000598412440505,1.9134112956825788,2.1749726459563576,1.9134112956825788,4.404996050513458
512\image_185.jpg,"English: Team Italy, ice hockey. Euro Ice Hockey Challenge, 2003, Briançon, France. Français&#160;: Equipe d'Italie de hockey sur glace. Euro Ice Hockey Challenge, 2003, Briançon, France.",7.462964315264455,7.425293455642475,7.489479432213908,7.474120057936983,4.5144996524442425
512\image_186.jpg,日本語: 国鉄80系電車,7.4046338991076714,7.599344457229982,7.4256154976188595,7.188941742474171,3.584962500721156
512\image_187.jpg,English: Marudi Museum,7.581077978240241,7.456204880144901,7.695581394217063,7.591447660358761,3.6635327548042547
512\image_188.jpg,English: Sitting: Nawabzada Mohammad Ismail Khan Of Amb State).,6.964557545453547,6.867756573104256,6.915049188645518,7.110866874610866,4.021828345723555
512\image_189.jpg,"Français&#160;: Extrait d'une ancienne photographie du pont de La Motte, ouvrage d'art franchissant les deux rives de la Loire entre les communes de La Riche et Fondettes, près de Tours, Indre-et-Loire.",7.5259043375651045,7.5698957443237305,7.554780960083008,7.453036308288574,4.299962798912389
512\image_190.jpg,"English: Bosch Reitz, Sigisbert Chrétien ('Gijs') (1860-1938) (1894) in zijn atelier",7.514468781257157,7.514468781257157,7.514468781257157,7.514468781257157,4.542349012616867
512\image_191.jpg,客家語/Hak-kâ-ngî: Nass Corp. logo,1.6229722818589962,1.6447007302429926,1.6133757381412894,1.610840377192707,4.260332600569877
512\image_192.jpg,"Sokol Blosser Winery, Willamette Valley, Oregon",7.587924607686033,7.566834891441761,7.476271529405784,7.720667402210554,3.9003631929147766
512\image_193.jpg,"English: This is a photograph of the main street of Sheffield, Texas, which was old U. S. Highway 290 and part of the Old Spanish Trail Highway. The OST Courts was a small local motel that operated in the community for a number of years in the 1950s and 60s.",7.055383457246833,7.266061399468219,7.081484928617375,6.818604043654908,4.2498020829390315
512\image_194.jpg,English: William P. Sprague from Brady Handy Collection.,6.880831578196175,6.880831578196175,6.880831578196175,6.880831578196175,4.302342869602357
512\image_195.jpg,"English: Gräsköfjärden, narrow coastal inlet in Stockholm archipelago through Kråkhålet at Furusund waterway",6.9382745273953885,7.197970514682513,6.936500592924052,6.6803524745796015,4.404251854233503
512\image_196.jpg,English: Ambulance wagons returning to El Arish from Rafa,6.748646353907617,6.748646353907617,6.748646353907617,6.748646353907617,3.9994953919889884
512\image_197.jpg,"Français&#160;: Croisée, vue vers l'est.",7.532309243762079,7.502355794451396,7.585978132043797,7.508593804791043,4.453055907333275
512\image_198.jpg,"English: Sale notice for Trafford Hall, Chester in 1927",7.079392905483847,7.085746205737726,7.076302344435839,7.076130166277975,4.115018977311122
512\image_199.jpg,English: A magnified image of Pthirus gorillae.,4.138634613809452,4.086068430187475,4.147876308802643,4.1819591024382365,3.984919968468757
512\image_200.jpg,Deutsch: Findling über dem Grab von Görtz auf dem Kirchhof neben der Kirche in Münchehofe der gleichnamigen Gemeinde im Landkreis Dahme-Spreewald in Brandenburg,7.828357032393197,7.831010794027882,7.897055393907673,7.757004909244039,4.178155231556432
512\image_201.jpg,Deutsch: Herz Jesu Kirche Amstetten,7.3881952238206425,7.520339211300719,7.49485970341299,7.1493867567482186,3.7858673024119973
512\image_202.jpg,"Saint Michael and the angels fighting the Wyvern. MS. 724/1596 f.15r St. Michael and the Angels fighting the dragon, from 'Liber Floridus' by Lambert de Saint-Omer, c.1448 (vellum)",7.442310676967395,7.505783529088774,7.320509735168522,7.50063876664489,4.581329179269286
512\image_203.jpg,"English: Stiftsherrenhaus at the city of Hamelin, Germany Deutsch: Stiftsherrenhaus in der Hamelner Innenstadt",7.791515086726872,7.818934750394553,7.721949192238586,7.833661317547476,3.9592003001664384
512\image_204.jpg,"Čeština: Lípa v Dýšině - památný strom v obci Dýšina, okres Plzeň-město Deutsch: Winter-Linde (Tilia cordata) in Dýšina, Bezirk Plzeň-město (Pilsen-Stadt), Tschechien English: Small-leaved Lime (Tilia cordata) in Dýšina, District Plzeň-město, Czech Republic",7.667456582476511,7.667162711687431,7.688067245294931,7.647139790447172,4.571812807454895
512\image_205.jpg,English: Sapium insigne,7.657495001392487,7.546197774436571,7.879865378688935,7.546421851051955,3.501397825434103
512\image_206.jpg,"Français&#160;: Montbrison, médiathèque départementale de la Loire",7.626771734242819,7.645078370199899,7.629343217591994,7.605893614936566,4.505774800848838
512\image_207.jpg,فارسی: اطلاعات درست,5.842487336932233,5.802563756171138,5.906083064149268,5.818815190476294,3.40582225028569
512\image_208.jpg,"Corniche Président John Kennedy, plage",7.404543678775873,7.487287783073921,7.350127897825239,7.376215355428461,4.0579464358416475
512\image_209.jpg,Русский: Табличка на входе в детскую библиотеку имени С. М. Голицына в Коврове,7.34815357405424,7.349410437535674,7.306736155741537,7.388314128885506,4.274068451277355
512\image_210.jpg,"English: Cliffs at Whaligoe. Caithness, Highland council area, Scotland.",7.680457281146783,7.725522418330152,7.689646991653586,7.626202433456612,4.067504739396551
512\image_211.jpg,"Español: Cuadra del 0 al 100 de Avenida Pueyrredón, frente a la Plaza Miserere (o Plaza Once de Septiembre). Todos los edificios comparten una antigua recova que cubre la vereda, con locales comerciales. Buenos Aires, Argentina.",7.673669766251891,7.793067652969801,7.910337227951707,7.317604417834167,4.216248456457645
512\image_212.jpg,Čeština: Doňov,3.9393031544599872,3.9964709572849655,3.8865378593158235,3.934900646779174,3.6644977792004623
512\image_213.jpg,BW Bank,7.732787937317795,7.777970309801909,7.6210824448695575,7.799311057281918,2.5216406363433186
512\image_214.jpg,"English: Flabiol of instrument maker P. Pardo, La Bisbal, Catalonia, 1967 Deutsch: Flabiol des Instrumentenbauers P. Pardo, La Bisbal, Katalonien, 1967 (Unterseite, Mundstück 8 cm und Blasrohr 17 cm inkl Aufsatzstück)",7.6565402411404335,7.683703555022987,7.674138318421732,7.611778849976583,4.4930728813600105
512\image_215.jpg,"Deutsch: Oberer und Unterer Grindelwaldgletscher mit Wetterhorn, Mettenberg und Eiger 1774. Öl auf Leinwand, 82 x 226 cm. Aargauer Kunsthaus, Aarau.",7.597188846712967,7.6907498260777025,7.520313414269152,7.580503299792046,4.370961585298986
512\image_216.jpg,"Español: Ayuntamiento de Almería, actualmente bajo reformas",7.433530467173033,7.505213585513342,7.46372248464878,7.331655331356977,4.086791405663512
512\image_217.jpg,"Español: «José Carvajal y Hué, último ministro de Estado», en la revista española La Ilustración Española y Americana.",6.485073139732909,6.4850731397329096,6.4850731397329096,6.4850731397329096,4.263756030992434
512\image_218.jpg,"Deutsch: HSD Hochschule Döpfer, Köln",7.47846139362055,7.4742429868675675,7.467093409200184,7.494047784793899,3.9302252658009036
512\image_219.jpg,English: Cardiff Castle ( Wales ). Castle apartments: Library ( 1870s ) - Allegory of Assyrian literature ( relief by Thomas Nicholls ). Deutsch: Cardiff Castle ( Wales ). Palas: Bibliothek ( 1870s ) - Allegorie der assyrischen Literatur ( Relief von Thomas Nicholls ).,7.662595443926631,7.690388510403951,7.7094288593457,7.587968962030242,4.363900660150819
512\image_220.jpg,"Русский: Трамвай 71-615 номер 212, улица Кирова, Пятигорск.",7.230836070772125,7.168848386207728,7.361646686282235,7.162013139826415,4.521953643641603
512\image_221.jpg,"Station de Plaine-Joux (Passy, Haute-Savoie, France)?. Rassemblement d'enfants de classe de neige.",7.6371858729579865,7.78164951957174,7.710836828849295,7.419071270452925,4.337298959697399
512\image_222.jpg,"English: First Presbyterian Church, Greeneville, TN and its adjacent chapel",7.736140337645664,7.8321480126074725,7.750988729057742,7.625284271271778,4.108725531455404
512\image_223.jpg,Euskara: Laida Lertxundi. Zinemagilea eta unibertsitateko irakaslea,7.188138134224562,7.599866956623944,7.163309424572482,6.801238021477259,3.889310119609546
512\image_224.jpg,Rio Tietê na Marginal do Tietê - quase limpo!,7.535988620210773,7.6561996831587145,7.355636488220949,7.596129689252656,3.911421641246037
512\image_225.jpg,"Western oases, El Kasr Egypt",7.161018640874791,7.206792147683354,7.077526669620563,7.198737105320456,3.607010619399146
512\image_226.jpg,"For documentary purposes the German Federal Archive often retained the original image captions, which may be erroneous, biased, obsolete or politically extreme. Der Stabschef der SA. Ernst Röhm, wurde auf Vorschlag des Reichskanzlers zum Reichsminister ohne Geschäftsbereich ernannt! Der Reichspräsident zum Reichsminister ernannte Stabschef der SA. Ernst Röhm, welcher somit Mitglied der Reichsregierung wurde. [Text der erneuten Herausgabe im November 1933] Information added by Wikimedia users.English: Ernst Röhm, wearing a „Kampfbinde“ on his arm.",7.3324585892694545,7.332458589269455,7.332458589269455,7.332458589269455,4.357141542211677
512\image_227.jpg,日本語: 権現造平面図(神社建築) English: Gongen Zukuri(Honden structure of Shrine),0.4770024381833294,0.2919465043310595,0.6262571560491217,0.512803654169807,4.697090231779982
512\image_228.jpg,Map of Greece with General Directorates.,1.342590357051055,1.4243835331982315,1.345720800021568,1.257666737933366,3.902655596558187
512\image_229.jpg,Deutsch: Tafel zur Erinnerung an die Internierung von Franzosen in Seedorf/BE 1940.,6.74344162696849,6.861461076671547,6.7601111187541285,6.6087526854797956,4.134657583674014
512\image_230.jpg,English: Regulus stranded in the mud in front of Fouras under attack by British ships August 1809,6.660333312900678,6.660333312900677,6.660333312900677,6.660333312900677,4.215209364072167
512\image_231.jpg,"English: Title: Wheeling Hospital, Wheeling, W. Va. Subjects: Hospitals Places: West Virginia &gt; Ohio (county) &gt; Wheeling Notes: Title from item. Extent: 1 print (postcard)&#160;: linen texture, color&#160;; 3 1/2 x 5 1/2 in. Accession #: 06_10_022617",7.744602213649082,7.803913104660999,7.737414565478258,7.69247897080799,4.729642874439034
512\image_232.jpg,日本語: インドネシアの大豆発酵食品であるテンペ,7.290415634911251,7.21221153202098,7.276867333411307,7.382168039301465,4.501629167387823
512\image_233.jpg,Polski: Kościół filialny pw. Narodzenia NMP w Wąsoszu,7.49927207741401,7.367800043222175,7.544600944979898,7.585415244039959,4.312155125513058
512\image_234.jpg,"English: Colonial Georgian-style 1746 house built by Judge Seth Wetmore. Intersection of Connecticut Route 66 and Camp Road. Johnathan Edwards, Aaron Burr, and Lafayette were visitors here.",7.575537175101846,7.593679061506638,7.5841742350648,7.548758228734096,4.371073418944142
512\image_235.jpg,"English: parkside high school in hamilton, ontario",7.618110388037668,7.590708869876371,7.572392671185269,7.691229623051369,3.9537863204943653
512\image_236.jpg,"Français&#160;: Le cotre de pêche «&#160;FREPAT&#160;» participant à la parade nautique sur le Charente à Rochefort-sur-Mer, en l’ honneur de la mise à l’eau de la frégate «&#160;L’hermione&#160;» le vendredi 6 juillet 2012. Ce bateau de pêche a été construit aux Sables d’ Olonnes en 1942. Il a été utilisé pour pêcher des poissons et draguer des coquillages. Immatriculation: LR 277074. Rochefort-sur-Mer, Charente Maritime, France.",7.0580538634506595,6.981521095152155,7.023645255036092,7.168995240163731,4.688534639513881
512\image_237.jpg,English: The first President of India with members of the Delhi District Congress Committee (Ward No. 6) when they came to collect donation for providing relief to the East Bengali refugees.,7.5233428173703265,7.5233428173703265,7.5233428173703265,7.5233428173703265,4.140886178679239
512\image_238.jpg,Blick vom ehemaligen Bahnhof über das innere Korsører Hafenbecken zur Festung.,7.41544473353265,7.574692974685894,7.488016031168318,7.183625194743735,4.180162145484923
512\image_239.jpg,English: Mesopotamia_7000-6000 BC Català: Mesopotamia_7000-6000 aC,1.2459498447997956,1.2473994076234092,1.2292646073568247,1.2611855194191528,4.104165142868889
512\image_240.jpg,English: ST.IGNATIUS PLAZA中文（台灣）‎: 徐匯廣場,7.452993144975241,7.522387583659677,7.517811132070003,7.318780719196041,4.541311192999328
512\image_241.jpg,"Hrvatski: Župna Crkva Rođenja Blažene Djevice Marije, Višnjevac. Svibanj, 2011.",7.318485056161761,7.400023025712475,7.317875120696751,7.237557022076056,4.414231464668433
512\image_242.jpg,"English: Stained glass window, St Leonard's, Bretforton, Worcestershire Cymraeg: Ffenestr lliw, Eglwys Sant Leonard, Bretforton, Swydd Gaerwrangon",6.042098936737985,6.189059868838355,6.015940497649294,5.9212964437263045,4.1368282918755375
512\image_243.jpg,English: Moscow Theatre Estrada,6.130865924434346,6.377713786479969,6.086881357454161,5.928002629368907,3.8890495359141686
512\image_244.jpg,"""Nederlands: Beeldenboulevard Papendrecht, Merwehoofd. Kunstwerk """"Volupté"""" van Maïte Duval.""",7.718498328591424,7.72213076580328,7.716737424143767,7.716626795827224,4.350604512027902
512\image_245.jpg,"Map of eastern Moscow (Tagansky District, southern side of Basmanny District). 1760-1768.",7.118846241996015,6.764706992977705,7.000440582888695,7.5913911501216464,4.517209934409756
512\image_246.jpg,"""Italiano: Lo stabilimento della """"Campari"""" a Novi Ligure, situato nei pressi della Strada Provinciale 115.""",7.346429180056155,7.413737974651151,7.359177849406572,7.266371716110742,4.1223962529042995
512\image_247.jpg,Magyar: Horthy és Hitler Kielben,6.972809935645114,7.152689479003051,6.971909804810867,6.793830523121427,3.9917292966721747
512\image_248.jpg,English: Please see filename,7.609577733465229,7.599737626854002,7.573597689800122,7.655397883741561,3.381778244882831
512\image_249.jpg,"Français&#160;: Chapelle Notre-Dame du Perpétuel Secours, à l'entrée du hameau de Ermensbach. Rimbach-près-Masevaux. Haut-Rhin.",7.653569103641462,7.654376663707974,7.6944749477792405,7.6118556994371716,4.58402446252894
512\image_250.jpg,"מחוז הדרום, מחולק לנפות",2.4367267711419953,1.7316776972241539,2.6388296023826094,2.9396730138192226,3.708132064658602
512\image_251.jpg,"""עברית: ותיקי צוות אח""""י קשת מספרים על קרבות הטילים במלחמת יום הכיפורים לקדטים בבית הספר לקציני ים עכו""",7.793491398022433,7.830900811561457,7.8125946177624455,7.736978764743398,4.100470594611199
512\image_252.jpg,"English: Close up of Ole Olsen monument in Hammerfest, by me on 17 May 2007 Manxruler 21:53, 8 June 2007 (UTC)",7.447696730969763,7.611472619987935,7.403416931112655,7.328200641808696,4.437606797478823
512\image_253.jpg,Català: Muralla d´entrada a &quot;Dalt Vila&quot; This is a photo of a monument indexed in the Spanish heritage register of Bienes de Interés Cultural under the reference RI-51-0001114.,7.044669400096237,7.304268476364231,7.188866891506298,6.6408728324181805,4.4080730984874155
512\image_254.jpg,BC's Government House,7.49839839548563,7.412547297754328,7.458099800294611,7.624548088407954,3.7849418274376423
512\image_255.jpg,"A en:1940s en:Oldsmobile en:Straight-8 engine. Photograph taken by Morven at the weekly en:Garden Grove, California car show on Friday, en:May 14, en:2004.",7.243584684931201,7.156120612310023,7.263344432435471,7.31128901004811,4.49902441492036
512\image_256.jpg,Čeština: Multifunkční společenský sál.,7.711859236910932,7.660773559759926,7.672958047088832,7.801846103884037,4.201231789474708
512\image_257.jpg,"""English: by David Loggan, line engraving, circa 1680, described as """"from life"""" ('vivum scul.')""",7.938215354143009,7.93821535414301,7.93821535414301,7.93821535414301,4.5094168263152214
512\image_258.jpg,Yiftahel Pre-Pottery Neolithic B flint arrowheads.,6.624538122746998,6.841744701964082,6.753740918223928,6.2781287480529855,4.086886761135438
512\image_259.jpg,Prato preparado de polbo á feira'Polbo á feira',7.674717035714661,7.437485287056241,7.759781319685423,7.826884500402318,3.5973509605703904
512\image_260.jpg,"Français&#160;: Noureini TIDJANI-SERPOS, sous-directeur général de l'UNESCO chargé du Département Afrique",7.481653313711358,7.606827561597759,7.487926026752513,7.3502063527837995,4.517898257444224
512\image_261.jpg,English: Entrance view of the Angkor temple Phnom Krom,7.263816868866374,7.396856147003579,7.274428187339863,7.12016627225568,4.008949077395063
512\image_262.jpg,"Nederlands: Onze-Lieve-Vrouw Geboortkerk in Vivenkapelle. English: Church of the Nativity of Mary in Vivenkapelle. Vivenkapelle, Damme, West Flanders, Belgium",6.955798100148478,7.355059434282811,7.490866200392892,6.021468665769731,4.3722793233272395
512\image_263.jpg,"Português: Margareth Menezes recebe convidados no trio Afropopbrasileiro durante o Carnaval 2010, na Barra.",6.5926879699908305,6.455203964271288,6.781713365325279,6.541146580375925,4.269619520099764
512\image_264.jpg,English: FileZilla v 3.3 CZ in Windows 7 Čeština: FileZilla v. 3.3 CZ ve Windows 7,3.4873846530437187,3.5443359768737563,3.4857561497236196,3.4320618325337797,4.10117396365419
512\image_265.jpg,"Македонски: Сообраќајна дозвола за велосипед, издадена во 1935 година. English: Driving license for bike, released in 1935. This media file is produced by Wikipedian in Residence in Category:Wikipedian in Residence at DARM in 2016.",7.480775597794238,7.550523394732714,7.356563455565789,7.535239943084207,4.9392926466708
512\image_266.jpg,"English: Daping Township (simplified Chinese: 大坪乡; traditional Chinese: 大坪鄉; pinyin: Daping Xiang), is an rural township in Shaoshan City, Xiangtan City, Hunan Province, People's Republic of China. 中文（简体）‎: 韶山市大坪乡，毛泽东外婆故里。",7.184755110691928,7.14507328153343,7.152402197056656,7.256789853485696,4.840848259595111
512\image_267.jpg,"Français&#160;: René Weverbergh, lors du voyage Belgique-Congo en avion, 1935.",7.306066119687917,7.351344496886835,7.335334089209136,7.231519772967781,4.684530149110735
512\image_268.jpg,"English: Belinsky Library in Ekaterinburg, Russia Русский: Библиотека имени Белинского в Екатеринбурге",7.339734635488132,7.3337698622803345,7.3904378161744475,7.294996228009616,4.774203427680825
512\image_269.jpg,한국어: 20140808다문화가족과 함께119서울투어,6.321615558323462,7.4225620090997015,7.0228752154974,4.519409450373282,4.32316116739216
512\image_270.jpg,עברית: חביתה באמצע הטיגון,7.282104982794256,7.23608699264253,7.226633400583783,7.383594555156455,3.833269689515107
512\image_271.jpg,Français&#160;: Sceau d'un parchemin de la seigneurie de Châtillon-sous-Maîche.,7.52113677001644,7.4179894804319275,7.562714635606799,7.582706194010593,4.539752312274683
512\image_272.jpg,Pterophyllum scalare - Angel Fish,7.487649829286847,7.396751623141421,7.502097814636594,7.564100050082526,4.028946391954608
512\image_273.jpg,Français&#160;: Château de Montry au début du XXe siècle,7.16335994591305,7.16335994591305,7.16335994591305,7.16335994591305,4.5661089398374815
512\image_274.jpg,Español: Emblema del Partido Nacional chileno entre 1966 y 1971,4.940887694713356,4.12332088273865,5.3575101286798645,5.341832072721554,4.18505983745889
512\image_275.jpg,"English: U.S. Navy Hospital Corpsman 2nd Class Branden Johnson, second from left, assigned to the Marine Corps Fox Company, 2nd Battalion, 8th Marine Regiment, Regimental Combat Team 7, participates in a mission rehearsal at Camp Bastion, Helmand province, Afghanistan, May 28, 2013. Marines and Sailors with the unit conducted the rehearsal to prepare for a partnered operation with Afghan National Army soldiers.",7.238709397058575,7.298448386352387,7.107073568609213,7.3106062362141255,4.281587300005071
512\image_276.jpg,British English: Plaque on Freemantle Common marking the route of the Roman Road from Bitterne to Chichester,7.393978698826662,7.409539627985602,7.38638959004884,7.386006878445546,4.0195400484776265
512\image_277.jpg,AIR NIPPON YS-11A-213 (JA8729/2097),6.042851399717541,5.945813798047775,6.012399931946903,6.170340469157941,4.243010159554855
512\image_278.jpg,Szarbków church,7.362211124893758,7.4528114956184215,7.439048915543003,7.194772963519849,3.506890595608519
512\image_279.jpg,"English: Portrait of Alexandre de Falcoz de La Blache (1739-1799) Deutsch: Élisabeth Vigée-Lebrun (1755–1842): Alexandre-Joseph Falcoz Graf, dann Marquis de La Blache (1739–1799), Maréchal de camp (Brigadegeneral), Urgroßneffe und Erbe des Financiers Joseph Pâris-Duverney (1684–1770), nach dessen Tod 1770–1778 Prozessgegner von dessen Associé Pierre-Augustin Caron de Beaumarchais (1732–1799).",7.560823709803231,7.721082504617977,7.638659254821512,7.322729369970205,4.824538543451436
512\image_280.jpg,"Traditional house, Nias Island, Sumatra, Indonesia",7.687669551914444,7.651940159517223,7.8506592078873165,7.560409288338793,3.703661571960834
512\image_281.jpg,"Hohner Multimonica II &#160; (released in 1940, manufactured in 1951) designed by Harald Bode, marketed in Europe from 1940. upper key: electronic monophonic sawtooth generator lower key: wind-blown reed harmonium Musikinstrumentenmuseum Berlin",7.386103486423045,7.367543659414878,7.516754020157819,7.274012779696438,4.534308542322465
512\image_282.jpg,"English: A modified cycloid is the solution for brachistochrone problem with friction, in the figure the solution for my = 0.10. and: x = (t - sin t) + mu (1 - cos t) y = (1 - cos t) + mu (t - sin t)",0.11569398843245583,0.09309313387891943,0.12699441570922404,0.12699441570922404,4.310926623648431
512\image_283.jpg,"ARGO-Konzerte,Beck's Park Stage,Festival,Konzert,Leak,Livekonzert,Livemusik,Musik,RiP,Rock im Park 2016",7.573657217166171,7.514430036445022,7.631434446393857,7.575107168659635,4.372499111862611
512\image_284.jpg,1914 empires colonies territory,2.3827308919912085,2.3826931372997286,2.3824804659614984,2.3830190727123983,3.7843684875968617
512\image_285.jpg,"""English: photo of the taxidermied remains of """"Felicity"""" a Puma captured in the wild near Cannich in Scotland in 1980""",7.475360765785662,7.64501710490034,7.509737971324471,7.2713272211321724,4.2532039960124255
512\image_286.jpg,"Golfer Tiger Woods, left, answers questions about his week-long Army experience at Fort Bragg, during a press conference there April 16 after a youth golf clinic. Woods took part in a variety of training events, including a jump from an airplane. Beside Woods is his father, retired Army Lt. Col. Earl Woods, a former Green Beret who served at Fort Bragg.",7.591292538267158,7.559926318388827,7.559640072934734,7.6543112234779125,4.26197271962547
512\image_287.jpg,Urbieta kaleko Amarako eskolak,7.391133882012618,7.703627414471061,7.479973719719678,6.989800511847113,3.3940879961000467
512\image_288.jpg,Deutsch: Porträt des Generals Wilhelm Heye.,7.224310662550496,7.19960620848747,7.116595624865738,7.356730154298279,4.099856325872857
512\image_289.jpg,"I took this image on Sunday, June 17, 2007 at the Canadian Warplane Heritage Museum in Hamilton, Ontario, Canada. It is for use in the n:Wikinews reporter attends warplane airshow in Hamilton, Ontario, Canada article.",6.675478196639941,7.3929033954148755,6.510176553975727,6.123354640529223,4.180784069236153
512\image_290.jpg,Hohenlohe-Grabmal im Hochchor der Stiftskirche in Öhringen,7.441991020029465,7.543257073021259,7.437502481964969,7.345213505102164,4.011539892889627
512\image_291.jpg,"English: Lynval Golding performing with The Specials at the Vic Theatre in Chicago, IL March 11, 2013",5.81079097178456,6.102345466288115,5.774560430224061,5.555467018841504,4.24776392963725
512\image_292.jpg,"Reformat Church in Acâş, Satu Mare County, Romania",7.2715131894090135,7.225081078515665,7.37545933556722,7.213999154144154,3.912949440895037
512\image_293.jpg,en:Alexandre Vinet de:Alexandre Vinet,7.285255497796432,7.285255497796433,7.285255497796433,7.285255497796433,3.3954151094461467
512\image_294.jpg,Español: Autobús parte de la flotilla del ViveBús de Chihuahua.,7.54768976720123,7.703601200280978,7.633940621356079,7.305527479966633,4.064826399830356
512\image_295.jpg,"English: Brijan Tour's 85 (XIL 8583), a Dennis Dart/Plaxton Pointer in Southampton on route 7.",7.37953655220164,7.482256629924489,7.304645890591651,7.3517071360887805,4.39624982197074
512\image_296.jpg,"English: Friedrich Schmitt u.a.: Ortsgeschichte Langenlonsheim, Wiesbaden 1991 (hrsg. von der Ortsgemeinde Langenlonsheim), S. 331",5.984682369741191,6.167448867476111,6.005274026370287,5.781324215377175,4.374851015624849
512\image_297.jpg,English: Island Christian Academy in Hong Kong Island 日本語: Island Christian Academyの校舎である。,7.771762942353941,7.799228510974096,7.7582831146575675,7.7577772014301605,4.311065170473635
512\image_298.jpg,English: Ghostrider Entrance,7.548416169743665,7.697796830750778,7.698365681691371,7.249085996788846,3.753434386188785
512\image_299.jpg,"English: November page of a calendar inside the Officium Beatae Mariae written by Claude Ruffin, Paris, 1603.",6.680204079108073,6.626682438134664,6.531578929946699,6.882350869242856,4.3329875681631025
512\image_300.jpg,A photograph of a Black-headed Woodpeckeren (Picus erythropygius en ). Photo taken at the National Aviary. Camera and Exposure Details:Camera: Nikon D50Lens: Quantaray AF Zoom 70-300mm 1:4-5.6D LDO MacroExposure: 300mm (450mm in 35mm equivalent) f/8 @ 1/5 s.&#160;(1600 ISO),7.547796387001765,7.55128770035097,7.556990175878269,7.535111284776056,4.804203242562494
512\image_301.jpg,Italiano: Crocifisso.,7.020714937523603,6.693898324321729,7.047602562174815,7.320643926074261,3.4992275417233567
512\image_302.jpg,"""Русский: Лозунг на стене: «Программирование — вторая грамотность. Первая грамотность даёт знания, вторая — позволяет реализовать свои знания в действии». — Компьютерный класс школы № 2 на Чкаловском посёлке, первая зимняя детская компьютерная школа (1985—86), компьютеры «Правец 82». С компьютерами знакомятся неизвестные школьные работники. Зимой в этом классе велись занятия для детей и для взрослых. Экзаменов не было: дети отчитывались творческими работами, а взрослые никак не отчитывались. Занятия вели молодые сотрудники Института программных систем: Пинчуки, Hестеровы, Грязновы, Вячеслав Крюков, Леонас, Люся Гайдар, Чернышенко. English: The slogan on the wall: """"Programming is the second literacy. The first one gives you knowledge: the second allows you to implement it in practice."""" — The first winter computer class for children (1985-6), a class at Chkalovski Village School No. 2, using """"Pravets 82"""" computers. On the photo, unidentified school workers are familiarizing themselves with computers. In winter, a class was held here for children and adults. There were no exams: children were graded for creative works, and adults were not graded at all. Classes were conducted by young members of Institute of Software Systems: Pinchuks, Nesterovs, Gryaznovs, Vyacheslav Kryukov, Leonas, Lucy Gaidar, Chernyshenko.) (Translated from the Russian by JohnChrysostom and User:95.26.253.91""",7.54461635425335,7.54461635425335,7.54461635425335,7.54461635425335,5.3827309848507445
512\image_303.jpg,Français&#160;: Portrait de Jean-Paul Chambas,7.692004400684866,7.6257775725765375,7.714080103575435,7.7361555259026265,4.505044830628192
512\image_304.jpg,Français&#160;: La plaine de Sofia vue du Vitocha Deutsch: Die Sofioter Ebene vom Witoscha-Gebirge aus gesehen,7.400293900748156,7.499198838432115,7.370310472076254,7.3313723917361,4.3737049425020995
512\image_305.jpg,Français&#160;: Poste a galène. Cette image représente le signal modulateur celui basse fréquence sans filtrage,2.360651497798415,2.4376965850162664,2.3012774456868206,2.3429804626921586,4.3053697015944365
512\image_306.jpg,English: Shagai Fort is an imposing red fort.It was built by the British in the 1920s and is now manned by the Frontier Force.The Fort was an important base in the tribal zone of Pakistan.For many years it is the headquarters of the Khyber Rifles - the traditional guardians of the pass and it is stragically placed at the centre of the Kyber. This is a photo of a monument in Pakistan identified as the FATA-5,7.4638705889789305,7.4021005425534545,7.419458484012591,7.570052740370745,4.143132217282992
512\image_307.jpg,Türkçe: Narlıkuyu Mozaik Müzesi içerisindeki Üç Güzeller mozaiği.,6.973658773747421,7.058659380815278,6.939374246874179,6.922942693552806,4.204201513530239
512\image_308.jpg,"Deutsch: 11.01.2018 01705 Dresden-Tolkewitz, Marienberger Straße 65 (GMP: 51.032102,13.822079): Evangelische Bethlehemkirche. Erbaut 1950/51 nach Plänen von Wolfgang Rauda mit einer Orgel der Firma Jehmlich aus Dresden. [SAM3470.JPG]20180111135DR.JPG(c)Blobelt",7.513916671976872,7.483829678222264,7.607490472046427,7.450429865661924,4.94490092183553
512\image_309.jpg,"English: County Cork, Dereenataggart. Wikidata has entry Q30161058 with data related to this item.",7.560226360026662,7.668962151334822,7.631766352841436,7.379950575903729,4.369068342696031
512\image_310.jpg,Français&#160;: Annonce des résultats du championnat national des bagadoù 2013 dans le cadre du festival interceltique de Lorient&#160;: Bagad Roñsed-Mor,7.653295101198505,7.668123990779529,7.644931847207213,7.64682946560877,4.515031216392275
512\image_311.jpg,Brodowin,6.959666949667455,6.699403439854742,7.064948783977817,7.114648625169808,2.75
512\image_312.jpg,Русский: Бактрийская женская одежда Кафирниган (Таджикистан). Экспонат находится в Национальном музее Таджикистана г Душанбе,7.286080504110209,6.821803231007194,7.410651263422922,7.62578701790051,4.37335802003355
512\image_313.jpg,English: Albury Airport terminal.,7.634587998298369,7.649564394199633,7.655220350709731,7.598979249985744,4.043801694853791
512\image_314.jpg,English: At the 2019 Eurovision Song Contest Semi-final 1 dress rehearsal,6.347192200234133,5.454587672532324,6.540113979231444,7.046874948938631,4.135737752002289
512\image_315.jpg,English: First Northern Fort of Kronstadt Русский: Первый Северный форт,7.118910874329427,7.278389642203711,7.22995268122388,6.848390299560691,4.579000028340292
512\image_316.jpg,"English: Onego lakeРусский: Онежское озеро и окружающая местность, вид из космоса. Цифрами обозначены крупнейшие заливы, острова, достопримечательности, озёра: 1. Свирская губа 2. Петрозаводская губа 3. Залив Большое Онего 4. Кондопожская губа 5. Залив Малое Онего 6. Заонежский залив 7. Повенецкий залив 8. Остров Кижи 9. Озеро Водлозеро 10. Ивинский Разлив 11. Мыс Бесов Нос 12. Большой Клименецкий остров",6.422019065759232,6.757706839610256,6.633871876756055,5.874478480911384,4.796544144522981
512\image_317.jpg,English: Special bodied Morris Ten-Six cabriolet,7.771492872659255,7.8601863898292414,7.8499773623826385,7.604314865765886,4.064260032810928
512\image_318.jpg,English: Blason Carpegna-Gattara,6.523133595784505,6.663147449493408,6.684305667877197,6.221946716308594,3.8431390622295662
512\image_319.jpg,"English: A trio of Santa Fe Railroad EMD GP units &#8212; a GP30 (in the lead), a GP35 and a GP20 &#8212; run light up Cajon Pass in California in the late 1980s. These locomotives will be helper power on a westbound train to assist in braking on the downgrade of the mountain pass. Photo by Sean Lamb (User:Slambo)",7.398620614303515,7.530708732779503,7.356389087996684,7.308764022134358,4.459082865648989
512\image_320.jpg,English: Professor of Government 1986-1992 IMAGELIBRARY/1282 Persistent URL: http://archives.lse.ac.uk/dserve.exe?dsqServer=lib-4.lse.ac.uk&amp;dsqIni=Dserve.ini&amp;dsqApp=Archive&amp;dsqCmd=Show.tcl&amp;dsqDb=Catalog&amp;dsqPos=0&amp;dsqSearch=(RefNo='IMAGELIBRARY/1282'),6.069970718691817,6.069970718691817,6.069970718691817,6.069970718691817,4.964751509950725
512\image_321.jpg,"English: Ficus nota (leaves). Location: Oahu, Near Ala Moana Blvd",7.337100367653423,7.526533069754146,7.64256051455699,6.842207518649129,4.154716329126932
512\image_322.jpg,"Aegithina tiphia English: A male Common Iora at Yala National Park, Sri Lanka.",5.094328173636173,5.2654041837993475,4.9146483572881445,5.102931979821028,3.8435883162356075
512\image_323.jpg,"English: A breakdown of the GameCube controller, shown (clockwise from the top left) from the front, right, left and back.",4.975219997482796,4.9951517626468105,4.941115513435045,4.989392716366533,4.263016501823664
512\image_324.jpg,English: DrGBhaskaran முனைவர்.க.பாஸ்கரன்,6.923653121411792,6.844801218636142,6.973719930872341,6.9524382147268895,4.584183719779189
512\image_325.jpg,Fenstergitter in der Fraziskanerkirche,7.365927948096285,7.3771362390268544,7.353158587582206,7.367489017679796,3.635185078834525
512\image_326.jpg,Português: População,2.312385580885062,1.9451480429191053,2.4957001484999446,2.4963085512361367,3.608694969562842
512\image_327.jpg,English: Remains of Cross Remains of a 15thC Wayside Cross which was moved to this location in the late 19thC when the road south of the hamlet was improved.,7.403326460358733,7.634421984275679,7.439971868662727,7.135585528137791,4.103601735623403
512\image_328.jpg,"English: The Focke wind tunnel in Bremen (Germany) after the refurbishment in 2005. Deutsch: Blick in die Meßstrecke des Focke-Windkanals in Bremen nach der Renovierung 2005. Das abgebildete Objekt ist ein geschütztes Kulturdenkmal in der Freien Hansestadt Bremen, mit der Nr. 1157 beim Landesamt für Denkmalpflege registriert. → Datenbankeintrag",7.79231564997995,7.764343419266045,7.787895013550431,7.824708517123372,4.382816457500632
512\image_329.jpg,Deutsch: Haftscheiben der Dreispitzigen Jungfernrebe (Parthenocissus tricuspidata),7.541562982091047,7.5539450072625005,7.541900899110275,7.528843039900363,4.145160506480752
512\image_330.jpg,"English: Oblique view of Grachev, on the far side of the moon, facing west.",6.458350945729282,6.458350945729282,6.458350945729282,6.458350945729282,4.172222932852523
512\image_331.jpg,English: Veloroute 5 (Hamburg) leading out of town. Mundsburger Damm/Ecke Hartwicusstraße. Bifurcation to Veloroute 6 (Hamburg). Deutsch: Veloroute 5 (Hamburg) stadtauswärts. Mundsburger Damm/Ecke Hartwicusstraße. Abzweig der Veloroute 6 (Hamburg).,7.713710660381911,7.72958192633317,7.652351934213376,7.759198120599189,4.500867558530701
512\image_332.jpg,English: Hrazdan thermal power plant,6.394466087561686,6.363160239824152,6.4776441962714335,6.342593826589475,3.9539684039196072
512\image_333.jpg,English: Plastic tube with fittings Deutsch: 75mm HT-Rohr mit einigen Fittings,6.737044671524356,7.103108526385798,6.207402968654982,6.900622519532291,4.0950010362144065
512\image_334.jpg,日本語: ななつ星in九州 マシフ77-7002 内部　ダイニングスペース,7.276243637869918,7.687141812657924,7.396653197652961,6.74493590329887,4.790270257403899
512\image_335.jpg,4O6A0688,7.80824510787586,7.926564246118865,7.893653759587591,7.604517317921127,2.5
512\image_336.jpg,English: Northern tip of Brion Island with Bird Rock in the distance Français&#160;: Vue du rocher aux Oiseaux à partir de l'île Brion,6.948179733669499,6.8757137827589165,6.692549560352317,7.276275857897264,4.384067669633764
512\image_337.jpg,"English: Bell Tower in Hora, Island of Kythira",7.650837642435643,7.671378401425357,7.640046117822237,7.64108840805933,4.04137044589649
512\image_338.jpg,Rakefet רקפת Cyclamen persicum Author: MathKnight,7.600140737518743,7.662807107847835,7.592000678835535,7.545614425872858,4.336563099562337
512\image_339.jpg,"English: Operation Teapot, TURK Event - Nevada Test Site, NV - The TURK Event was detonated on 7 March 1955 Deutsch: Operation Teapot - Turk",5.187974474323464,5.922977494631972,5.2397412627090025,4.401204665629416,4.10938594157124
512\image_340.jpg,English: Melt flow index,6.7781461810628185,6.755104478664128,6.729232341080096,6.850101723444231,3.8239348962840567
512\image_341.jpg,Беларуская (тарашкевіца)‎: Склеп-пахавальня Феліцыі Дваракоўскай з роду Скакоўскіх. Бастынь This is a photo of Belarusian heritage monument. Reference number: 113Г000455 ( WLM),6.782435590982806,6.8415861799521105,6.793136536001048,6.71258405699526,5.333681117538719
512\image_342.jpg,"English: Blacktown Hospital, Sydney",7.54013526984954,7.7120710081747585,7.733900848085856,7.174433953288009,4.185867302411997
512\image_343.jpg,"English: Aerial view of the Bayan Lepas Free Industrial Zone, as seen from a landing plane on its descent towards the Penang International Airport.",7.503008256284379,7.339889414103991,7.516659522783209,7.652475831965939,4.025761594940322
512\image_344.jpg,"Español: Parroquia de Santiago Apóstol - Silao, Guanajuato, México.",7.810207516222551,7.841481921068066,7.828689822076904,7.760450805522685,4.2468307514737305
512\image_345.jpg,"English: VO65 team Brunel at the re-start after the pitstop in Scheveningen, Volvo Ocean Race 2014-15",6.771641900770703,7.053625242063085,6.659918385533204,6.60138207471582,4.281552578121168
512\image_346.jpg,Polski: Noc świętojańska nad Sanem,6.613327158179849,6.556427343891211,6.645566808867932,6.637987321780402,4.0796786498829745
512\image_347.jpg,"memorial monument of Fausto Coppi at Passo Pordoi, Italy. Photo by User:FG42",7.534835551989375,7.731271010911269,7.8018474007405105,7.071388244316347,4.206855142577162
512\image_348.jpg,Deutsch: Gebäude der Verbandsgemeindeverwaltung Rodalben Français&#160;: Bâtiment de l'administration de la Collectivité territoriale Rodalben English: Building of the administration of the Collective municipality Rodalben,7.446888772104569,7.490080884405938,7.601347426543473,7.249238005364296,4.375109619448454
512\image_349.jpg,Johann Georg IV,5.5780139802714706,5.350867609949361,5.564032751197902,5.819141579667146,3.373557262275185
512\image_350.jpg,Deutsch: Kirche San Martín in Oliván in der Provinz Huesca in Aragonien (Spanien),7.638173539833132,7.605974208067767,7.637272218171901,7.671274193259728,4.11803332630135
512\image_351.jpg,Polski: Rezerwat przyrody Olsy Płoszyckie,7.421738877602152,7.666592111946417,7.767849929554635,6.8307745913054045,3.966831272699697
512\image_352.jpg,English: Opened mung bean pod,1.6692490514352274,1.7147598984341406,1.653607836797855,1.6393794190736868,3.754532719265504
512\image_353.jpg,"Magyar: Jelenet az Eumeniszek c. drámából, az Oreszteia trilógia (Aiszkhülosz) részébőlEnglish: Scene from the Eumenides, part of the Oresteia, by Aeschylus",7.559028358180568,7.710763541475449,7.7572556422031775,7.2090658908630765,4.501142259368678
512\image_354.jpg,"""Русский: Станция метро «Тараса Шевченко», интерьер станции Українська: Станція метро «Тараса Шевченка», інтер'єр станції English: """"Tarasa Shevchenka"""" metro station in Kiev, Ukraine""",6.984901077945466,7.423610549509995,7.14971029797411,6.381382386352293,4.987567289879024
512\image_355.jpg,Nederlands: Motorfiets kentekenplaat Kroatië,6.903678545863866,6.91532953858569,6.910759529625147,6.884946569380764,3.8653642211959878
512\image_356.jpg,"English: Obres de reforma del carrer de la Costa. És un dels més antics del nucli històric de Badalona, singular per la seva forma corbada com el llom d'un llibre o de mitja canya. El 2018, després de molts anys en estat de degradació es va reformar el carrer, desbrossant tot el paviment anterior (tret de les vorades de pedra de Montjuïc) i, després, restaurant-lo mantenint la seva forma tradicional.",7.634321400573579,7.573724217293179,7.6499719962467125,7.679267988180843,4.208770312727871
512\image_357.jpg,"Deutsch: Geschäftshaus Schillerbau nebst Miets- und Geschäftshaus (Sachgesamtheit) Eberhardstr. 47, 49, Stuttgart. Erbaut 1910-1913 von Carl Heim und Jakob Früh im Stil des Neoklassizismus. Geschützt nach § 2 DSchG.",7.639015880653261,7.778510381469108,7.757602620181596,7.380934640309078,4.57460740657567
512\image_358.jpg,Deutsch: Luftaufnahme des Dachstein aus ca. 3.600m mit Niederer Dachstein (links) und Gjaidstein (im Hintergrund),7.70892896929453,7.775871960582311,7.73922629803249,7.611688649268791,4.2391633099761155
512\image_359.jpg,"English: Cultural heritage monument No. P 002 in Mönchengladbach Deutsch: Wohnhaus, Bauzeit: 1906, Adresse: Pongser Straße 291 in Mönchengladbach (OT Pongs), Eintrag in die Denkmalliste: 14.05.1985 This is a photograph of an architectural monument.It is on the list of cultural monuments of Mönchengladbach, no. P 002",7.6782544230968925,7.770522316111905,7.777827033124689,7.486413920054082,4.553979000682686
512\image_360.jpg,St._Nikolaus_(Rotenberg),7.233172652365124,7.293343366756728,7.217918434601879,7.188256155736767,4.001629167387823
512\image_361.jpg,"English: Photo of the danish traditional price to the winner of the almond at the Christmas dinner. The price is molded as a pig in Marzipan. Dansk: Mandelgaven, der uddeles til finderen af mandlen i risalamanden til jul, er traditionelt en marcipangris.",7.116229944533557,7.7840584079107575,7.482084985501478,6.082546440188434,4.068906396969167
512\image_362.jpg,"English: Laura Ford´s Lion, bronze, 2011, in Holzhausen´s park in Vänersborg",7.2225882218037105,7.363867731188455,7.233861349621982,7.070035584600695,4.338590719222476
512\image_363.jpg,"English: Placa conmemorativa Festival Internacional de Poesía Tecoh,Yucatán.",6.643515708991447,6.536205477607502,6.607996001983214,6.786345647383621,4.240881219680101
512\image_364.jpg,"Română: Stația de metrou Izvor, București, 2017.",7.641437185972529,7.6502945676479746,7.611269904054873,7.662747086214739,4.474874739988985
512\image_365.jpg,Kota Kinabalu International Airport,7.598559238298242,7.688233347258761,7.595200295678827,7.512244071957139,3.4785848023501846
512\image_366.jpg,English: Vihula manor Eesti: Vihula mõis,7.462249412580675,7.6816080804431355,7.594972497567535,7.110167659731358,3.8970851333950876
512\image_367.jpg,"""English: Örjan Kihlström at """"Hästgalan"""" 2016.""",7.161217602995811,7.268854207336268,7.003038409080917,7.211760192570247,4.249529170858451
512\image_368.jpg,Deutsch: Le Pont Marie et le Pont Rouge. Français&#160;: Vue d'optique représentant le pont Marie et le pont Rouge à Paris,7.013598219271223,7.100679866615604,6.97439873298781,6.965716058210258,4.2754528203730615
512\image_369.jpg,"Medial section of human brain, showing gyri depicted enteroidally. Rare Books Keywords: Anatomy",7.237007813374606,7.237007813374605,7.237007813374605,7.237007813374605,4.270261035648022
512\image_370.jpg,"English: Adult Long-billed Thrasher, Toxostoma longirostre senetti, illustration from Birds of the Boundary Deutsch: Langschnabel-Spottdrossel (Toxostoma Longirostre)",3.8573950162251607,3.5038684969325704,4.003045002151734,4.065271549591177,4.231483492630227
512\image_371.jpg,"Русский: Стеньга Nederlands: Een steng. Afgebeeld: De mast van een zeilschip met twee stengen en marsen, ezelshoofden, bramra, lopend en staand want, puttingwant, paard, stagen, toppenenden, brassen en een lamp op de mars.",5.91194766364259,6.132286741549755,6.049877246679949,5.553679002698068,4.28579375758289
512\image_372.jpg,Fælledparken og Parken stadion,7.804778762374014,7.894904810074882,7.7729388539599755,7.746492623087185,3.8729055953200557
512\image_373.jpg,Čeština: Alianční erb Fürstenbergů a Valdštejnů nad vchodem do zámecké kaple,7.673029860327612,7.737274263642019,7.668402839996959,7.613412477343859,4.476280106679189
512\image_374.jpg,English: Puerto_De_Mogan,7.125130539591574,7.709126393418499,7.10230256510378,6.563962660252445,4.053508854797679
512\image_375.jpg,Barkeria obovata,5.693610287674946,5.645197880221123,5.660137725207216,5.775495257596497,3.125
512\image_376.jpg,"The fountain named Virgin at Fish Square in Ljubljana. It was made in the Neoclassical style in the mid-19th century and depicts a scene from the Greek mythology. The reliefs at the sides of the pedestal depict the god Poseidon. The fountain is a replica from 1997. The iron statue of the girl was gilted at the last renovation by Vasja Urlih. photo:Ziga 22:18, 1 May 2006 (UTC)",7.818327295179643,7.826437069661054,7.794963988482622,7.833580827395257,4.385327066399269
512\image_377.jpg,Русский: Выступление группы НОМ в клубе ОГИ. На фотографии А.Кагадеев и Юрий Салтыков (И.Н.Турист).,6.721209876896773,7.078289061521739,6.4750087537028085,6.6103318154657735,4.369993365729206
512\image_378.jpg,Български: Снимка на българския артист Фратьо Фратев (1876-1920). English: Bulgarian artist Fratyo Fratev (1876-1920). Հայերեն: Բուլղարացի դերսան Ֆրատիո Ֆրատև (1876-1920),7.202017310789781,7.327337315654221,7.231919674974783,7.046794941740339,5.621013782196988
512\image_379.jpg,"Français&#160;: Mairie de Mazion, Gironde, France",6.432825473386945,6.755095458995505,6.2634901365188895,6.279890824646441,4.210037978333363
512\image_380.jpg,"Deutsch: Wegkreuz in Weidingen, oberer Teil von einem anderen Wegkreuz aufgesetzt)",7.2955547250584525,7.347673508366259,7.6515731581268085,6.887417508682291,4.08493360390295
512\image_381.jpg,Saint-Coutant (79) sur la carte Cassini de France,7.035826666276538,7.005665803426974,7.036456611430834,7.0653575839718075,3.9121400080902986
512\image_382.jpg,Deutsch: Schäre Halliluoto vor Helsinki,6.78536676551829,6.935914992719135,6.582251930053279,6.837933373782457,3.9772086288967645
512\image_383.jpg,"Українська: Листковий гал, ймовірно Andricus quercusfolii на листку дуба звичайногоEnglish: Andricus quercusfolii leaf gall on the leaf of Quercus robur. Near Tyshycia village, Kamianka-Buzka Raion, Lviv Oblast",7.573678616202815,7.719961379044782,7.541138730011718,7.459935739551944,5.037002814030727
512\image_384.jpg,_DSC1230,7.645279797778055,7.640421461550991,7.6307752688429415,7.6646426629402304,3.0
512\image_385.jpg,English: Rosneath Home Farm Milking time.,7.265760171685645,7.450681499179517,7.301947592813461,7.044651423063954,3.9156150417214075
512\image_386.jpg,"English: Upper part of the main door of the prayer hall of the Great Mosque of Kairouan, in Tunisia.Français&#160;: Partie supérieure de la grande porte de la salle de prière, dans la Grande Mosquée de Kairouan, en Tunisie.Català: Porta, Gran mesquita de Kairuan.",7.645045042532988,7.646541888354015,7.764993759631356,7.523599479613594,4.297287186850213
512\image_387.jpg,English: Honeyman-Scott gravesite,7.508725344876887,7.639949623982136,7.619882076984506,7.266344333664018,4.0060710131011685
512\image_388.jpg,Polski: 0,7.226685525719475,7.442603792750581,7.33617788737566,6.901274897032184,3.169925001442312
512\image_389.jpg,Libourne.,7.410385200803266,7.285301814272891,7.454343615920511,7.491510172216397,3.169925001442312
512\image_390.jpg,English: Michel Cluizel Logo,1.8906243642171223,1.8906242847442627,1.8906242847442627,1.8906242847442627,3.597558387024489
512\image_391.jpg,සිංහල: මවුන්ට් වර්නන් වතුයායේ රෙදි අපුල්ලන ලද කාමරය ඇත්තේ වහල් සේවක නවාතැන් පේලියේය. English: Mount Vernon Estate cloth laundry room of slavery staff accommodation.,7.590906094041295,7.538720117504107,7.58734370869486,7.64665445592492,5.034453550565978
512\image_392.jpg,Русский: Почтовая марка США с портретом Кейси Джонса,6.281761597933674,6.583326826361565,5.928856899482244,6.333101067957211,4.04870288329627
512\image_393.jpg,Peterson RG19 (6),6.615519737277398,6.904454426528686,6.612201946936735,6.329902838366776,3.734521664779752
512\image_394.jpg,"""Русский: Продукция """"Оршанского льнокомбината""""""",7.2972785660653665,7.152712184981285,7.3156254628978505,7.423498050316965,4.195345047755317
512\image_395.jpg,"Leicester and Swannington Railway wooden lifting bridge, based on a design by Robert Stephenson, relocated from over the Grand Union Canal, Leicester, to outside the Snibston Discovery Park, Coalville, England.",6.856987062336388,6.899345511301171,6.922254213147395,6.749361462560599,4.151367974589545
512\image_396.jpg,Election promotion for Edward Leung outside Sha Tin Town Hall,6.987182337070216,7.260418223331698,6.944631729098854,6.756497058780097,3.94263252777297
512\image_397.jpg,"English: Fishbourne, Roman palace, mosaic of room N21",7.619076251935926,7.5937783064829745,7.5933905432159925,7.670059906108812,4.125360134383057
512\image_398.jpg,Deutsch: Globigerina limestone,7.158149052471014,7.398090585819771,7.201516295575735,6.874840276017536,4.015061012203069
512\image_399.jpg,English: Joan Fuster. Nosaltres els valencians. 1962-2012 exhibition in Barcelona,6.986356027482834,6.956837600057625,6.972624826053956,7.029605656336918,4.332634725584723
512\image_400.jpg,English: Coat of arms of Štíhlice Čeština: Znak obce Štíhlice,4.267576844813431,3.9491643745184226,4.507139297276404,4.346426862645467,4.174040362217451
512\image_401.jpg,"English: Photo taken in Amsterdam, The Netherlands.",7.734517981646863,7.857281725823568,7.768518431331901,7.577753787785117,3.966666156487359
512\image_402.jpg,"English: The French submarine Charles Brun, launched 1910. Description from Francis Dousset: Les Navires du Guerre Francais, page 219.",5.897825451161997,5.897825451161997,5.897825451161997,5.897825451161997,4.332753779451741
512\image_403.jpg,Français&#160;: La tribune Foucauld du Stade Françis Le Blé à Brest un soir de match,6.964571404146589,7.102823537328965,7.037741080478403,6.753149594632399,4.310141348192048
512\image_404.jpg,"Moscow, Fourth Krutitsky Lane",7.341552573347651,7.370364575289505,7.316415327300776,7.337877817452671,4.090234012145145
512\image_405.jpg,"Nederlands: Fragment uit een manuscript van de Lekenspiegel van Jan van Boendale. Vervaardigd in de Nederlanden, 1e helft 15e eeuw.",6.580662174043344,6.599431659816812,6.616408333334443,6.5261465289787814,4.0524455696169515
512\image_406.jpg,Español: Estación de Móstoles-El Soto (Cercanías Madrid),7.2267960083053,7.213074723026865,7.297833995914437,7.169479305974596,4.108095716770613
512\image_407.jpg,"""Norsk bokmål: Fra Byantikvarens lysbildesamling. Sukkerraffineriet fra 1754 på Leütenhaven er Norges eldste bevarte fabrikkbygning og stedet hvor E. C. Dahls bryggeri startet opp i 1856. The sugar refinery from 1754 located at Leütenhaven in Trondheim is Norway's oldest preserved factory building, as well as the place where E. C. Dahls breweries started their production in 1856. Huset ble bygget i 1754 av Trondhjems Sukkerraffinaderi. Stiftamtmannen i Trondhjem, von Rantzow, sendte etter pålegg følgende beskrivelse av anlegget til Kommersekollegiet i København: """"Angaaende Sukkerraffinaderi-huset og de til Sukkerraffinaderiet hørende redskaper. Dette hus befandtes 112 Fod langt, 56 Fod bredt og 60 Fod høit. Den underste Etage af Grundmur, 8 1/2 Alen høi samt 2 Alen tyk, og de øverste Etager af Tømmer, med et stort italiensk Tag paa af Bor dog tækket med blaa glasserede Sten, alle fast spigrede og tildels i Kalk nedlagt. Paa Taget er i de udbyggede Gavler 12 Vinduer, i Træbygningen 43 og i Murbygningen 14 Vinduer. I Huset paa den høire Side af Indgangen fra Gaden og Nord, er 4 Etager og paa den venstre Side 5 Etager. I underste Etage paa den høire Side er 3 Værelser mod Syd, opmurede i en Linie, de 2 for Sukker og Sukkerkandis at tørre med 2 tilstøbte Jernkakkelovne i, og det 3die til at fylde det kogte Sukker i Formene.""""""",7.193907229187673,7.335377168391169,7.1997865852238165,7.0465579339480335,4.406773145546628
512\image_408.jpg,"Heinz Field in Pittsburgh, Pennsylvania.",7.536056465000274,7.855551569377905,7.625697466255015,7.126920359367901,4.122573883611435
512\image_409.jpg,"English: Somali diplomat Mahboub Maalim, the Executive Secretary of the Intergovernmental Authority on Development (IGAD).",6.905580313041638,7.152999006598488,6.888173589260637,6.675568343265788,4.291234905577515
512\image_410.jpg,Čeština: Zapojení sběrnice DMX512,0.292256866366522,0.292256866366522,0.292256866366522,0.292256866366522,4.490919497949655
512\image_411.jpg,"For documentary purposes the German Federal Archive often retained the original image captions, which may be erroneous, biased, obsolete or politically extreme. Von Kardorff, Vizepräsident des deutschen Reichstages! Reichstagsabgeordneter von Kardorff wurde mit grosser Mehrheit zum Vizepräsidenten des Reichstages gewählt. Die Wahl war nach dem Rücktritt des Nationalsozialisten Stöhr notwendig geworden.",7.413035674085638,7.413035674085638,7.413035674085638,7.413035674085638,4.322041584702798
512\image_412.jpg,"Čeština: Památný strom - Vysoký smrk v Nancy - Nancy, zaniklá osada obce Stříbrná, okres Sokolov",7.621601665318296,7.6013951816882255,7.614836388564896,7.648573425701765,4.355324028529991
512\image_413.jpg,"English: Limb structure of Friendship Oak, Long Beach, Harrison County, Mississippi, USA",7.796909308642362,7.75797224048362,7.775369333810927,7.857386351632538,4.221239922467569
512\image_414.jpg,English: SADF era Pongola Commando emblem,6.4592240651448565,6.625527858734131,6.384121417999268,6.368022918701172,3.9156150417214075
512\image_415.jpg,"Français&#160;: Centre hospitalier Paul-Gilbert dans le quartier Charny de la ville de Lévis, au Québec.",7.475864169024472,7.382096153088695,7.392033621977364,7.653462732007357,4.470975114450763
512\image_416.jpg,English: Funeral of repatriates on shipboard 日本語: 引揚船上での葬送,6.878460207544737,6.8612951295734135,6.88269849313553,6.891386999925268,4.570549366454174
512\image_417.jpg,Map commune FR insee code 39564.png,1.616599798475533,1.9238286502499946,1.264282871136986,1.6616878740396184,4.125871146123143
512\image_418.jpg,English: The summit of Black Mesa,7.404189550812763,7.43513014041552,7.281698156384686,7.495740355638084,3.9572940290273255
512\image_419.jpg,English: Tubas/Basses in a British brass band,7.283120371314486,7.5286591617347,7.306261387167254,7.014440565041506,3.636654352877141
512\image_420.jpg,"English: The bronze torso statue of Boddhisattva Padmapani (Avalokiteshvara). 9th century CE Srivijayan art, Chaiya, Surat Thani, Southern Thailand. The statue demonstrate the Central Java art (Sailendra art) influence. In 1905 Prince Damrong Rajanubhab removed the statue from Wat Wiang, Chaiya, Surat Thani to Bangkok National Museum, Thailand.Bahasa Indonesia: Patung torso perunggu Boddhisattwa Padmapani (Awalokiteshwara). Seni Sriwijaya, kurun abad ke-9 M, Chaiya, Surat Thani, Thailand Selatan. Patung menunjukkan pengaruh seni Jawa Tengah (seni Sailendra). Pada tahun 1905 Pangeran Damrong Rajanubhab memindahkan patung ini dari Wat Wiang, Chaiya, Surat Thani, ke Museum Nasional Bangkok, Thailand.",7.092912291630772,7.034955546255436,7.114880538659588,7.128900789977293,4.350970461187139
512\image_421.jpg,"Português: EN9 em Pero Pinheiro, onde adquire um perfil de autoestrada, já em antecipação da futura Via de Cintura da Área Metropolitana de Lisboa.",7.087597781849813,7.697078212406516,7.020005894563788,6.545709238579135,4.206094801670495
512\image_422.jpg,Polski: List Tuszratty do Amenhotepa III w języku huryckim – autografia. Deutsch: Tušratta an Amenophis III (hurritische Sprache) – Autographie.,6.35368599622868,6.659002460923605,6.454838064243706,5.947217463518728,4.36033616529685
512\image_423.jpg,English: bull bar on b double semi trailer at Yass truck stop on the Hume Valley,7.677521959517766,7.7021621949267285,7.695557420958023,7.634846262668546,4.034429197728174
512\image_424.jpg,Ελληνικά: Αποψη της πόλης από το ρολόι,7.780805228780191,7.768769522611743,7.7591222216160025,7.814523942112829,3.8328107368431286
512\image_425.jpg,"Nederlands: Brug 802 (in Amsterdam), leuning met brugwelving",7.717163952378858,7.720256309261832,7.680819776868288,7.750415771006453,4.220217937674553
512\image_426.jpg,"English: Women's 3000m, 2014 Winter Olympics, Annouk van der Weijden",6.0994405613964675,5.949539943359337,6.157219514962553,6.191562225867516,4.48878439300968
512\image_427.jpg,Château Pichon-Longueville-Baron - Pauillac - Bordeaux,7.016963234942872,7.03101884014687,7.013091442523395,7.006779422158353,4.105006318278268
512\image_428.jpg,Pareledone charcoti,4.035629162378541,4.035629162378541,4.035629162378541,4.035629162378541,3.5766176449086653
512\image_429.jpg,English: Photograph of George Marsh in 1905,6.562041946285468,6.877863595929265,6.603499807733623,6.204762435193519,4.05371708008224
512\image_430.jpg,"The National Museum of the American Indian in Washington, D.C..",7.533429885764302,7.656828868010518,7.666531287823363,7.2769295014590245,3.9682573039715248
512\image_431.jpg,"Slovenčina: Titulný list slovenského vychovávateľského časopisu pre rodičov a učiteľov, ktorý vychádzal na Slovensku v 19. storoči.",6.642774420619415,6.642774420619416,6.642774420619416,6.642774420619416,4.426583401276899
512\image_432.jpg,"English: Boeing B-17s at Tontourta, New Caledonia, August 1942. Boeing B-17E 41-2426 of 11th Bomb Group, 43d Bomb Squadron identifiable",7.293443175011251,7.232929229817487,7.323837606119297,7.323562689096969,4.529280963387794
512\image_433.jpg,Aquarium mumbai,7.4802989405949765,7.588261448385596,7.432810674659158,7.419824698740175,2.8225797618424915
512\image_434.jpg,"English: 2000 Holden Astra (TS) CD Olympic Edition 5-door hatchback. Photographed in Ivanhoe, Victoria, Australia. Vehicle registration enquiry resultsJurisdictionVictoriaRegistrationQIS926Chassis codeW0L0TGF48Y5269880Engine codeX18XE120N82431Compliance date2000-08Year of manufacture2000",7.480431326623361,7.497893613689774,7.471812931660235,7.471587434520072,4.731292882489107
512\image_435.jpg,Deutsch: Nutria (Myocastor coypus) mitten in der Stadt Cottbus,7.440918265479051,7.570551025928775,7.429657686963215,7.322546083545165,4.007933560380449
512\image_436.jpg,Español: Antiguo puente artesano de Los Manantiales.,7.107414160336062,7.094212127990132,7.1430656499869585,7.084964703031095,3.8343712096861418
512\image_437.jpg,"""English: Ofer Gavish picture taken while guiding a """"singing tour""""""",7.339245056029886,7.567998864213468,7.258938940807279,7.190797363068908,4.089720384553689
512\image_438.jpg,English: 虎尾郡管內圖,6.316399141979815,6.1805065917481175,6.428395746198548,6.34029508799278,3.906890595608518
512\image_439.jpg,Publicity photo of Chuck Berry,7.867960380494431,7.867960380494431,7.867960380494431,7.867960380494431,3.7898980954642876
512\image_440.jpg,Azərbaycanca: Şah İsmayılın Əbülxeyir xanla döyüşü. Muin Müsəvvir. “Tarix-i aləmaray-i Şah İsmayıl”.,7.683404393348863,7.259132871965614,7.917917495070492,7.873162813010483,4.522034807047507
512\image_441.jpg,Deutsch: Kapelle an der Alpe Vordere Niedere Außenansicht,7.106644293776072,7.206294301161192,7.04456062725369,7.069077952913335,3.866753869673271
512\image_442.jpg,English: The painter Josef Barth (1842-1916) - Photo by Rudolf Largajolli Brixen Deutsch: Der Fassmaler und Vergolder Josef Barth (1842-1916) in einem Foto von Rudolf Largajolli Brixen. Italiano: Ritratto del pittore Josef Barth in una foto di Rudolf Largajolli Bressanone.,5.8608278056325815,6.015871672558225,5.914039716645448,5.652572027694072,4.469682855881701
512\image_443.jpg,"""Deutsch: Das Sasol Werk in Hamburg-Kleiner Grasbrook. English: Sasol, Hamburg, Germany. Original description: I don't know if we were really allowed to be where we were....but anyway &lt;a href=""""http://www.sasolwax.com/Europa-page-231-lang-de.html""""&gt;Sasol&lt;/a&gt; (that was the name of the chemical company) was a good place to take pictures - even though these didn't turn out as good""",7.232249620402542,7.262465097568652,7.149777854613812,7.284505909025163,4.624298687256697
512\image_444.jpg,English: WAKEFIELD FC ARTHUR STREET TERRACE STAND AMD MEDIA CENTRE,6.882534436921776,6.962563575847979,6.710565992599004,6.974473742318344,3.873220165063164
512\image_445.jpg,Deutsch: Logo von Progress Rail,1.380681572785077,1.2000964227891688,1.4792206079956125,1.4627276875704496,3.9377519554085865
512\image_446.jpg,Nederlands: Leren klokkijken door veel te oefenen met het zetten van de wijzers op een werkblad. Gemaakt in mijn eigen klaslokaal. English: Photo taken in my own classroom. I am a teacher at an elementary school in the Netherlands.,7.349420248523547,7.183987898617293,7.304338615243447,7.559934231709901,4.071016558309878
512\image_447.jpg,"Español: Misnebalam, Yucatán.",7.596129082864984,7.640165646870109,7.6085454499663,7.5396761517585436,4.168325822713779
512\image_448.jpg,Some swedish chili sauces.,6.982856336817474,7.841797474678142,7.805540630606212,5.301230905168071,3.551428065028506
512\image_449.jpg,"English: Lara Croft Way, Derby.",7.331079675996513,7.232681694950926,7.300141978743089,7.460415354295523,4.195816471537619
512\image_450.jpg,"Spices sold on the street in Hurghada, Egypt.",7.657099302761607,7.846534265561221,7.695129056445635,7.429634586277964,3.980386153418486
512\image_451.jpg,"Downtown Irvine, KY, USA",7.346957940021433,7.637188463733384,7.67247378502695,6.731211571303962,3.8553885422075345
512\image_452.jpg,"עברית: הנמל העתיק שהוקם לפני כ-2,000 שנה על ידי המלך הורדוס. ניתן למצוא בו עוגנים עתיקים, שרידים ועמודי שיש שונים. This is a photo of a place that is recognized as a heritage site by the Council for Conservation of Heritage Sites in Israel. The site's ID in Wiki Loves Monuments photographic competition is 93-1167-001",6.985032447274132,6.813798983604748,7.194143522586652,6.947154835630993,4.990853640092103
512\image_453.jpg,"Wrestler and actor Stone Cold Steve Austin on the Expendables panel at the 2010 San Diego Comic Con in San Diego, California. Please attribute to Gage Skidmore if used elsewhere.",7.314451785032027,7.126122175462886,7.330709495836307,7.486523683796888,4.1490027824808315
512\image_454.jpg,Deutsch: Aufbau Dioxazin,0.21326985693582054,0.21439227955192874,0.21114887780650216,0.21426841344903072,3.938721875540868
512\image_455.jpg,"Bad Rodach, Waldbad",7.375169755433565,7.848446101498798,7.741327307313586,6.535735857488312,3.195295934496216
512\image_456.jpg,Deutsch: Ruinen der Burg Frankenberg auf dem Gotthardsberg bei Weilbach,7.564642453345809,7.6686788706660565,7.666854726468374,7.358393762902999,4.057008563711837
512\image_457.jpg,English: Hexbug Nano,7.335048772065991,7.27828046016423,7.374665161419516,7.352200694614224,3.6841837197791887
512\image_458.jpg,Deutsch: Mietshaus Wägnerstraße 18 in Dresden-Blasewitz,7.344061782734215,7.468077630437337,7.403002822078234,7.161104895687076,4.244171759997672
512\image_459.jpg,Suomi: Viulisti Antti Untamala,7.404406093442012,7.631041413379668,7.210317669709993,7.371859197236376,3.402910079649727
512\image_460.jpg,"English: Tradition assigns the erection of the Pillar to Anang Pal, whose name it bears, with the date 1052 A.D.",7.323681609760958,7.3671607373087316,7.338789113292365,7.265094978681777,4.127364604701623
512\image_461.jpg,"English: fossile bird, Early Eocene Fur Formaton, Denmark",7.235740756183439,7.152673316047581,7.216732101963322,7.337816850539416,4.136626033567186
512\image_462.jpg,"English: Commemorative plaque to Mr. István Schoenwisner (Schönvisner) (1738–1818) Hungarian archaeologist, librarian and professor who made the first scientific excavations in Aquincum. The relief sculpted by Mr. János Darás is affixed to the wall of the old main building of the Aquincum Museum. (Budapest, District III, Szentendrei Avenue Nr 135-139) Français&#160;: Plaque commémorative à M. István Schoenwisner (Schönvisner) (1738–1818) archéologue, bibliothécaire et professeur hongrois qui a fait les premières fouilles scientifiques en Aquincum. Le relief sculpté par M. János Darás en 1907 est apposée sur le mur de l’ancien bâtiment principal du Musée d'Aquincum. (135-139 avenue Szentendrei, Budapest, 3e arr.) Magyar: Schoenwisner (Schönvisner) István (1738–1818) magyar régész, könyvtáros, egyetemi tanár, Aquincum első tudományos kutatójának emléktáblája az Aquincumi Múzeum régi főépületének falán. A dombormű Darás János szobrászművész alkotása (1907). (Budapest III. ker., Szentendrei út 135-139.)",7.632559750238296,7.535337036689119,7.62983925749487,7.732502956530898,4.872756854978504
512\image_463.jpg,"日本語: 南山麓の由比から望むミカン畑と浜石岳、静岡県静岡市 English: Mount Hamaishi seen from Yui, in Shizuoka city, Shizuoka prefecture, Japan.",7.347477119499402,7.763698240423499,7.764164255670419,6.514568862404291,5.153460674849686
512\image_464.jpg,Čeština: Martin Hilský na vernisáži výstavy k 10. ročníku Brněnských shakespearovských dnů,7.546771147204769,7.668452456896158,7.557615928253831,7.414245056464317,4.506309199450733
512\image_465.jpg,Deutsch: Toyota MR2 W3,7.795490507359976,7.923831848761879,7.647704559045811,7.814935114272238,3.9362600275315263
512\image_466.jpg,Русский: епископ Савватий на празднования Крещения Руси г. Омск,7.75814459862321,7.8255777949633325,7.758264426465044,7.690591574441253,4.1415856299801606
512\image_467.jpg,"English: Actinodaphne tree flush of young leaves in the Anamalai hills, India",7.369911147339553,7.540706766813755,7.6594842316785545,6.909542443526346,4.011755480288269
512\image_468.jpg,English: Jeon Bong-jun 日本語: 全琫準 한국어: 전봉준,7.537648786777209,7.5376487867772095,7.5376487867772095,7.5376487867772095,4.415311532225102
512\image_469.jpg,"English: Photograph of Crosby United Reformed Church, Merseyside, England",7.2046412454249955,7.4882597660247034,7.328247366081572,6.797416604168712,4.23100649778836
512\image_470.jpg,"Zbigniew Wojciechowski, Stanisław Findeisen, Stefan Wiśniewski",7.771095824587927,7.782370792914441,7.767616794818745,7.763299886030592,3.960278424212978
512\image_471.jpg,"Cross at the Acadian Landing Site in Madawaska, Maine.",6.975065934948873,7.0976019895082425,7.0542007468206105,6.773395068517765,3.7789018650479576
512\image_472.jpg,English: Users with training materials learning how to enter data via SMS instead of paper form,7.628063360331921,7.5649299559161545,7.683612783901401,7.635647341178207,3.95134853703226
512\image_473.jpg,English: Osypané břehy - Nature Reserve Čeština: Osypané břehy - Přírodní památka,7.35331384797406,7.671363113393651,7.522734530939667,6.865843899588862,4.412777807547364
512\image_474.jpg,Русский: Самоходная огневая установка (СОУ) 9А317М ЗРК 9K317M «Бук-M3».,7.539320192280492,7.537532778153446,7.4982835078890755,7.5821442907989525,4.6815945708071105
512\image_475.jpg,Andranik Eskandarian,7.299828185292125,7.3425573267246715,7.317062622601702,7.239864606550006,2.941446071165522
512\image_476.jpg,English: Clifton Suspension Bridge &amp; the A4 Portway,7.13878462654738,7.188020470267513,7.01130329606541,7.217030113309218,4.3509772687418025
512\image_477.jpg,Italiano: Rosmarinus officinalis (rosmarino).,7.64776444876584,7.622190341559909,7.626606668484339,7.6944963362532715,3.7668385873198904
512\image_478.jpg,"Svenska: Den 30 november 1994 blev en mot tidigare år lugn dag i Lund. Lars Hultén (I studentmössa) höll sitt sedvanliga tal för ett tjugotal av 30 Novemberföreningens medlemmar som vid middagstid samlats vid Tegnér statyn i Lundagård, under bevakning av ett trettiotal poliser.",7.487989630398277,7.500865921665071,7.470252467729544,7.492850501800216,4.33340145261505
512\image_479.jpg,"Norsk bokmål: Drammeglass prodisert på Nøstetangen glassverk. Høyde 13 cm. Foto Anne-Lise Reinsfelt / Norsk Folkemuseum, NF.1899-0390.",5.901867492965952,5.751136111528298,5.928509079948017,6.025957287421541,4.605092077203522
512\image_480.jpg,Deutsch: St. Katharina in Nievern,7.615102767944336,7.766542434692383,7.501384258270264,7.577380657196045,3.8013774524295485
512\image_481.jpg,"English: Lusitania Memorial in Cobh, Co. Cork",7.4845364927252485,7.364110280382838,7.551278243921393,7.538220953871515,4.066542752164839
512\image_482.jpg,"HIV positive prisoner in Cipinang Narcotics Prison, Jakarta. Photo by: Josh Estey Contact photolibrary@ausaid.gov.au to request a high resolution original.",7.496861464826388,7.681950585233603,7.4684418106962,7.34019199854936,4.219260490073159
512\image_483.jpg,English: Spotted seal (Phoca largha),6.696748973508607,7.200909982335789,6.96398126027302,5.925355677917015,3.9749375012019263
512\image_484.jpg,English: town village in Egypt,3.3000545501708984,3.3000545501708984,3.3000545501708984,3.3000545501708984,3.7810760119146076
512\image_485.jpg,2 brothers 4 in line lineup Honda CB1000 1993 and Honda CB750K2 1972,7.538047225472444,7.7578884075494665,7.601559281807548,7.254693987060319,4.292195193682464
512\image_486.jpg,English: Berliet TLM 10M3,7.719530956360725,7.660256570250451,7.733166271015097,7.765170027816626,3.8332696895151077
512\image_487.jpg,San Francisco Chinatown,7.548206712800499,7.568087571032983,7.614882592526116,7.461649974842399,3.414441303694973
512\image_488.jpg,"Português: Escola Nossa Senhora do Perpétuo Socorro, Sede, Santa Maria, Rio Grande do Sul, Brasil.",7.476616474503437,7.580296678438192,7.447376054305247,7.402176690766872,4.041608081853648
512\image_489.jpg,"Nederlands: Panorama Mesdag in Den Haag, de buitenkant is nooit te zien, maar Zwembad Mauritskade is in 2007 afgebroken, nu is tijdelijk de zuidkant van het museum vanaf de Mauritskade te zien. This is an image of rijksmonument number 477398",6.9832013494752845,6.93681617766554,6.806710645107568,7.206077225652744,4.268263863731338
512\image_490.jpg,English: Gandikota Fort Mosque,6.903975057200882,6.9238650008969715,6.959966582069626,6.82809358863605,4.12323142879762
512\image_491.jpg,"""Ejemplo de Bomba Volcánica (Piroclastos de más de 64 mm) expuesta sobre pedestal en la subida al Teide, Isla de Tenerife, España, carretera C-823 desde Chio. Localización exacta Restaurante La Estrella, N 28°13'46,0"""" W 16°45'35,4"""", Altitud 1102 m.""",7.459076324510439,7.562971761063704,7.398340457093095,7.415916755374519,4.621199436732175
512\image_492.jpg,"""An oil, acrylic and paper on canvas painting made in 1997 by the artist Michelle Fierro, """" Circumstantial Too """" 60 x 66 inches. This Non-free content is not used in a manner that is likely to replace the original market role of the original copyrighted material.""",5.723952706856764,5.467240289222811,5.685510749132743,6.019107082214737,4.2410946792475075
512\image_493.jpg,"""English: Responses to the statement """"Hold a referendum on whether Scotland should be an independent country"""". Based on the BBC's Priorities for Scotland Survey, which can be found here. Based on 1004 respondents, prepared for BBC Scotland by ICM Research, 5-8th April 2011.""",0.9330669761267476,0.9353802711377186,0.9344522710478723,0.9293683861946521,4.379115340695317
512\image_494.jpg,"Illustration by François-Rolland Elluin of Thérèse philosophe, ou, Mémoires pour servir à l'histoire du Père Dirrag et de Mademoiselle Éradice by Jean-Baptiste de Boyer d'Argens (1704-1771)",7.367614367200571,7.367614367200572,7.367614367200572,7.367614367200572,4.514588747617396
512\image_495.jpg,English: Sculpture Hall Museu Frederic Marès Español: Sala de escultura Museu Frederic Marès,7.51055835708312,7.927847979913817,7.591697482537359,7.012129608798185,3.9755688393202924
512\image_496.jpg,"Deutsch: Tillandsia bryoides, in Kultur im Botanischen Garten Heidelberg. English: Tillandsia bryoides, in cultivation at the Botanical Garden of Heidelberg, Germany.",7.107524228102668,7.335887898902479,7.201311947791288,6.785372837614236,4.197000822436656
512\image_497.jpg,"Julie Anne Robinson, Cal Johnson, and Liam Hemsworth",7.50612216577752,7.515122967038949,7.520006462310622,7.483237067982991,3.956458047101464
512\image_498.jpg,"English: Knight Bachelor's Badge Awarded to Honourable Sir T Alport Barker, MLC (1878-1956) for public service to Fiji. (He was also made Commander of the Most Excellent Order of the British Empire) Upon an oval medallion of vermilion, enclosed by a scroll a cross-hilted sword belted and sheathed, pommel upwards, between two spurs, rowels upwards, the whole set about with the sword belt, all gilt.",6.6854358047901234,6.589703270225968,6.705751546073937,6.760852598070464,4.404441995873207
512\image_499.jpg,Extrablatt Mainzer,6.059973616975508,6.055130570990031,5.957959447633844,6.166830832302649,3.419381945646371
512\image_500.jpg,Polski: Tablica upamiętniająca Krystynę Wituską na kościele św. Karola Boromeusza na warszawskich Powązkach,6.971579603447736,6.941087289347615,6.97094535418103,7.002706166814566,4.382200596479283
512\image_501.jpg,English: Eleni Mandell performing in Los Angeles in January 2017,6.708882561489702,7.063499919363635,6.475815927321075,6.587331837784396,4.038048633552528
512\image_502.jpg,"English: Rajesh Hamal addressing audience during his golden jubilee birthday celebration in an event organised by NepaliTouch Australia along with singer Rajesh Payal Rai and Anju Panta at Hurstville, Sydney.",5.38660280806143,5.541591279997782,5.353385131580248,5.26483201260626,4.127121759048743
512\image_503.jpg,"English: The Racetrack in Death Valley, Ca, a scientific phenomena, no one is sure how these rocks move",7.4934307287136575,7.455457331899606,7.478738667852208,7.546096186389156,4.069375827704628
512\image_504.jpg,August Sicard von Sicardsburg,7.50077807077504,7.245426975671725,7.589070303589457,7.6678369330639375,3.6504103051739905
512\image_505.jpg,"English: Nick Holman of Gold Coast during the 2018 AFL round 20 match between Melbourne and Gold Coast at the Melbourne Cricket Ground on Sunday, 5 August 2018 in Melbourne, Victoria.",7.436204297453382,7.472002864900338,7.458547276496197,7.378062750963612,4.365470706291516
512\image_506.jpg,"Polski: Tablica na Wielkiej Synagodze w Kopenhadze, upamiętniająca Dana Uzana, który zginął w czasie zamachu terrorystycznego w lutym 2015 roku.English: In memory of Dan Uzan. The plaque in Great Synagogue of Copenhagen commemorating terrorist attacks on 15th February, 2015.",7.278916449303348,7.383394898086773,7.2551764811904516,7.198177968632818,4.589190584501428
512\image_507.jpg,Lerbach Mitteldorf Blickrichtung Nordost,7.531046555494862,7.743954716799577,7.706923002244205,7.142261947440805,4.077567157116928
512\image_508.jpg,English: Postcard photo of a Gilmore and Pittsburgh train at the railway's depot in Leadore,5.755349780848089,5.755349780848089,5.755349780848089,5.755349780848089,4.087589520656345
512\image_509.jpg,Deutsch: Bezirk Korneuburg,1.391167443722951,1.348083870487416,1.4127092303407185,1.4127092303407185,3.921029621737614
512\image_510.jpg,English: Eggerberg railway station.,7.811855484474974,7.91349713833195,7.855219637964831,7.666849677128142,3.900153016697712
512\image_511.jpg,"2006 Pontiac G5 Pursuit photographed in Montreal, Quebec, Canada.",7.858434446485961,7.881910215172159,7.874339942912749,7.819053181372974,4.352685889751827
