image_embedding,reference_embedding
"[-0.14244277962316435, -0.9169997554109689, 0.3768707136634339, -0.03578994356338466, -0.5671346797556871, -0.35497185986202456, -0.6462796346146001, -0.7069622946374325, -0.48419367194736124, -0.4919346909397405, -0.5662646236542977, 2.1709005503936605, -2.172945674682797, 0.7755612289246884, -0.0010042721369431932, 1.6799450689665438, -0.8426144015202597, -0.006462903408232786, -0.21984502621753718, 0.6995275492101979, 0.06788749843250275, 1.6324857777759527, 0.4882869189083843, 0.26724839318552757, -0.013901987892261877, 0.38727746633712173, -0.3140543616018823, 0.7814721965798823, -0.8434058142206595, -0.6060149563402953, 0.2781595966447329, 0.2611874139590225, -0.19009827551314953, 1.406289883891696, 0.0740610292180411, 0.12559503793325633, -0.2395447915408397, 0.11014271426320721, -0.511810085582712, -0.16120568236226748]","[0.8751920950668187, -0.39628542338331574, 0.6622682806313905, -0.10731123867467318, -0.6650164484132041, 0.10003393842249526, 1.0411886649959154, -0.43223832475442986, -1.2010044802181095, 0.052707443762977514, -0.05799098485907746, 0.25920988535990974, -0.4138678789926706, -0.21725110579687823, 0.17081664206284491, 0.23711696575411237, 0.40696023964559513, 0.6896879008519239, -0.3719164654862401, -0.12749336302032557, -0.7449070638653965, 0.2066658193718332, 0.6090554347230951, 0.2211567517587727, 0.25703074591675396, -0.5166773434829492, -0.08723053016036357, -0.3470426680974988, -0.272347015688812, 0.19777868952418998, 0.37527821585970084, -0.009492721574898912, 0.4956434259279299, -0.6129492449912722, -0.4713743105056989, -0.23844098721704332, -0.11290512300040645, 0.22294313161520787, -0.06804782127443476, -0.3388359269025676]"
"[-1.3498984871591648, 2.0930709918275276, 0.9811896808328407, 1.620870665426332, -2.047441684286399, 0.6648088362663782, 0.8486607839430294, -1.0320913188145215, 0.28530573769159445, 1.481282263837181, 0.30372482711119153, 1.112994520789316, -0.5625886786038261, -0.8204863711072945, 0.29708425565993685, -0.971274817100335, -0.4135858590438779, -1.0971165369943305, -0.31919864599625414, -0.46112477179080014, -0.39290761731852747, -0.018740569863066426, -0.7872510370092896, 1.1151742356062035, 1.352218255470683, 0.3559579675615894, -1.218307115737073, -0.5566186492360323, -0.8304639393483741, 1.7091026883217229, -0.2680330683725653, 0.29382667827716197, -0.009351366088241107, -0.010405314010635205, -0.41940472904961446, 0.12928150073408015, -0.685366379103989, -0.7656253053636736, -0.816649387543229, 0.35121154905938706]","[1.611496484050996, -1.0668626924426585, -0.05639608798846621, -1.0666328439933122, -0.8665137438521597, -1.1517312900793777, 0.0605598628853594, 0.29827922945227076, 0.12444539301398554, -1.1205067945614415, -0.32740115583843626, 0.09023320399213092, -0.1417671102786228, -0.09950640722847268, 0.5866245450760018, 0.07694123412972666, 0.10309943793031494, -0.7623347528627652, -0.0255614249141659, 0.21448536718645558, 0.20977000428334455, 0.13567714402178338, -0.007228334439488808, 0.6221728433816157, -0.09418611335237873, 0.5732347386047969, -0.11863040933038917, 0.3939060533322661, -0.4161260232724075, -0.05149133130072325, 0.26008313196993493, 0.35660990817754495, -0.21697609102681692, 0.16821797539620995, 0.3500847168567673, -0.2389985109421384, 0.38807831553473227, -0.026160048307398674, 0.25264800702080253, -0.016032271948259427]"
"[1.4349242682273864, 0.15904195205618252, -0.341096971562272, -2.305813406539486, -1.4438939662397758, -0.8463449219185534, -1.6289767562606658, 0.4227127805779602, 0.09583146230589323, 0.10122327693105426, 1.5430071338369686, 0.8543348099952878, -0.3282768043212227, -0.809491872149524, 1.1478990500646353, -0.2598709572726665, 1.5887603073112075, -0.509720912400911, -0.5043470693231134, 0.22729258414392786, -1.0746244710031603, 1.0914110752052144, 0.3684347751360909, -0.5500880490120591, -0.011704445320079438, 0.13586161571763633, 0.2446749678598097, 0.38591101294886165, -0.44526576875033236, -0.1307613615466307, -0.34373710541336433, -0.322655098228783, 0.4155283974050688, -0.5750204710351523, 1.021050251531281, 0.36014238101042956, 0.08091166563343988, -0.011562383228111943, -0.6253464031735855, 0.5412007001150815]","[-1.1932130433356682, 0.24814374846905216, -0.45360582960224977, 0.16217065881090814, 1.0054420374513036, -0.8226227314988246, 0.3091290483625222, -0.5022749529458943, -0.10762001513736305, 0.13453086190608798, -1.5404581461152524, -0.1306778047649159, 0.47577719655477024, 0.6474161259428467, -0.2704188569273819, -0.3314843590297016, 0.1648669339696927, -0.25325264463830244, 0.8281078952925622, 0.31622650493089405, 0.47000643020060956, 0.34556829809587297, -0.3582066017637658, 0.23649466939196614, 0.28098417603582837, 0.3868657312612841, 0.31746632606513453, 0.037919315640286125, 0.5250747545455249, 0.9837733050330958, 0.016915736900322415, 0.546495581559594, 0.4513973879447198, 0.7572961970324663, -0.1568470788901673, 0.24853344780156272, -0.42265698665087403, 0.37737010470790316, 0.3603549148359521, 0.04199661867005414]"
"[-1.9670283591590645, 0.635915313090277, 1.4377242336617233, 1.508780563827602, -3.2159277954548338, 0.5757196707736538, -0.7107379268197782, 0.20211486218289446, 1.3699200675256942, 1.117029501474728, 1.171563910136411, 0.6994515043157917, 0.08049435843455384, 0.043765605460656734, 0.5537640631646233, 0.45250581957635755, -1.1236384756999789, 0.21394419120838531, 1.0863420524746088, -0.4994008260275526, -0.3699892475083219, 0.28258723208573266, -0.2120575492768372, -0.8630284077875577, 1.6353909496827277, 0.44016321250980356, -0.02272310605388272, -0.23261077322621226, 0.8451708155421844, 0.2013132481734103, 0.7532284090550443, -0.6662646162847452, -0.19946262626820271, -0.46662474194275394, 0.09270409895288265, 0.5075378078023888, -0.3457668039138454, -0.505313903113375, 0.3954845432354257, 0.5593669811263091]","[-0.7409128273064839, -0.5952869433094014, -1.6575479282538486, -1.150498896956049, -0.836912503368852, -1.0332490958071627, 0.1191603556897005, 0.07743719126487114, -0.0906977342058466, 0.16321683401930484, -1.1405509994122534, -0.299465976304369, 0.31816739147204903, 0.39064820025812114, 0.09113601817318902, 0.5884679868554266, 0.19238157406452447, -0.17253830229419595, 0.24417848152253413, -0.3281636990529701, -0.9363482818172202, 0.025675839231820492, -0.10859353261299949, 0.6486612893889427, -0.493210383323421, 0.15098942418443748, 0.21577363316337383, 0.09856807457366029, 0.19569674803517065, 0.10727886072166386, 1.0220177471792848, 0.5625022204196166, 0.2762617101888036, 0.19511604094447407, 0.6777692412289364, -0.32623148810822833, -0.7152690910017159, -0.19156906768419235, 0.5680776629414596, 0.1376908695459349]"
"[-0.17085678217556052, -2.1194283539759446, 2.7535266547736716, -1.6190306680078588, 0.8393132794776001, 2.696003554047246, -0.9368427592478876, -0.4288863930274145, 0.9354692141465649, 0.7588312248960927, -0.059136155108372036, -1.1783135146710386, 1.4330972127251833, 2.4435266521126313, -1.3369434892003869, 0.4413085289798024, 0.4473313238128954, 0.12225407831818026, 0.6632885474816246, -0.23919173935983723, 0.9723946417680336, -0.5897854083361742, -0.26158030842996477, -0.5910215647918381, 0.971385597188587, -0.45491704962635693, 0.6052932169370188, 0.47733572726999157, -1.311128939774236, 1.0175092859854238, 0.5803660062578505, 0.31592675278319504, 0.763735564632749, 0.14979427677948665, -0.032987995905833956, -0.14126117860855386, -0.13147653407244497, -0.38293836409033427, -0.7001845315144453, -0.4515450486865987]","[1.9088051069431422, -1.0735879937854904, 0.17545704424026168, 0.6471612213117358, -1.8412159563998474, 0.3293452787555251, 1.5294526700276232, -0.28801889310567286, 0.4755857934390799, -1.0501459509701896, 0.2729887673299933, 0.43882432437418323, 0.37683991416719675, 0.8258624788852051, -0.33745612679727843, -0.3916691161620891, 1.0163677844179235, -0.4010000333768684, -0.045424764272509764, -0.30602833570570587, -0.22487135351151447, 0.1707231573171401, 0.4590544467359808, -0.4005623319712779, -0.30624762002760025, -0.13599266361428247, 0.10869072841975168, -0.40591830468046836, -0.2344717586462647, 1.0015455156030502, -0.08056176254729643, -0.2801733330601137, -0.4869497380938201, -0.3469077681420019, 0.09631206723073903, -0.13161546973208219, -0.22121729528901043, -0.32878893545325294, 0.3486846870858245, -0.2874452113093225]"
"[-0.19342731146184422, -2.0425367001384003, 2.6444862431918725, 0.4776936439339888, -0.0738126733120166, 1.733344909343001, 0.7387172474964983, -1.5901632608704257, 0.5613806385432685, -1.514229173573977, -0.5869487408497027, 2.3636332750095748, 0.636716211835213, 0.03650280118221315, -0.6939007014752464, -0.7863791360432735, 0.08927289132920131, -1.5183898692019906, -1.0892093655520825, 1.2157383594922033, -0.15676821835237184, 0.6912895405759553, 1.4359694647208165, -0.257482485261021, 0.2326759925234834, 0.06778530318797968, 0.5058426303669051, 0.8833709143630589, -0.6395807085856483, 0.07727076809477604, 0.8133828252090677, 0.7565321986655869, 0.06777095472504523, 0.3976058234014759, -0.12108461256438859, 2.023037911924878, -0.7122743987573902, -0.41374428754306625, 0.28065791528712175, 0.05346287349065878]","[1.6698929234851414, -0.817840043098838, -0.18999769166058955, 0.7196992896951235, -0.9074380657538207, -0.11239960952718474, 0.2903901885193286, -0.3698193975982859, -0.00847977465502078, -0.6366374813457202, 0.32098327504429586, 0.7042879328315778, 0.18463352902839844, -0.886454997749921, -0.1623445251196534, 0.4909262655399738, -0.35197207034292205, 0.5334128069338148, 0.626985691624399, -0.05833241858519877, 0.14846158298274473, 0.12229345138622648, -0.7207673386303005, -0.3364898999188845, -0.31754268091508825, -0.23092681131723472, -0.10855130360572626, -0.0799213868837716, -0.22938139194730683, 0.29134813162811274, 0.5512301147427603, 0.17760511701935125, -0.3842088020377408, -0.4059999877745762, -0.5095367664977698, 0.007901294628147506, 0.010485894679391206, 0.3454632026841814, 0.0429920217037595, -0.17721428305279102]"
"[0.46508394578799234, -1.6682596460117023, 1.1500909214016166, 0.4724194173857536, 0.1380836242285336, 1.8000422602627895, -0.1469802040648027, -1.9137844323765616, 1.0477041057730618, -1.2206899077250861, -0.507235906431812, 0.7872504508868995, 1.4798424296449613, -0.3927004517359102, 0.40069748919491016, -0.5951082507745982, -0.10038716543577712, -0.6194276399777532, 0.17610943911965873, 0.5889649404488064, -0.8596595625303007, 0.6471042217937564, 0.5809280138918579, 1.2115935563987963, -0.28737538602754226, -0.10232336154144324, 0.3781219256128275, -0.1544141471691545, 0.0005135764997593177, 0.03323422555445761, 0.1009862185867629, 0.13036696292703254, -0.24163218117373964, 0.21507390656310846, 0.432727629171001, 2.2361330197466964, 0.6800576761782546, 0.7819707223122688, -0.03321991061206033, 0.9535033112662437]","[-1.414657347127022, -0.5094850813595192, -0.37926084203732585, 0.7279294678095821, -1.2720503637818725, 0.2021773309372534, -0.7224906913598641, 0.4322987863676061, -0.5895279921025105, -0.46810836887416546, -0.20246612277969267, 0.2905306963869846, -0.6577732294860206, 0.07888234940046095, -0.06979194811869298, -0.11880326872082615, -0.5921446585665472, -0.48064401068885393, -0.0668884485268329, -0.48306114754599166, 0.5162570547345616, -0.4298307386927416, -0.6985355591401899, -0.7255473336177587, -0.16438857692603223, 0.15796160661374128, 0.236392543421671, -0.3034656412265118, -0.287224469797789, -0.25045401055915695, -0.6892456861934467, 0.21806681130089753, 0.5941832037797019, 0.09953017293590968, -0.4027003639179798, 0.29006475800258547, 0.0021194129130431122, 0.45128285387655476, -0.07559781277010075, -0.6416480107857648]"
"[1.053320541903321, -2.8391459862889628, 0.33756577153348194, 2.6009922661482445, 0.78509118790644, -0.04117452877256053, 1.1979430005513059, 0.2572067403560804, -1.4213179195112602, 0.7842231477571728, -0.1892947276353005, -0.0063904810611710135, -0.36607220879523783, -1.767482122224404, 1.9356208308410765, 1.476166356807101, -1.9188722220452743, -1.2121214466166994, 1.0873750875785109, 0.753306147202351, -0.6805661507692788, 0.6560991086298893, 1.0920547723133371, 0.03422661514311313, 1.0273086098884208, 1.559580136543937, -1.0264143316120342, -0.00346976178429852, -0.6305329502760936, -0.22702680654492183, 0.0483811373603711, -1.8964720379311382, 0.9488770017281374, 0.23748855490038043, -0.9733128601601082, 0.08285412969914584, -0.5790509646479295, 0.4485330909085644, 0.301834344930026, 0.06193240888476143]","[0.2684713327238344, 0.22487279389539905, -0.7231269932064732, 0.5373624445796642, 1.6582316948502325, 0.3700301861044321, -0.24508781608979124, -1.0114265813087078, 0.43288146259612426, 0.84435496773843, -0.45631349516262326, 0.3153557863356733, 0.6325236384971219, -0.43990721015950346, -0.31073693183549644, -0.1257906397718368, -0.5813684088474897, -0.09696561836642555, -0.12820230511454533, -0.0005192393271639921, 0.42684356733172807, -0.025555517717023066, 0.21037121133619205, 0.15676546729016427, -0.2619325070110264, -0.9173451820442892, -0.17809314002638926, -0.2021548150891317, -0.012022639161014708, -0.293803252080945, 1.118383691548667, -0.2838407906032491, -0.45810210948849733, 0.20665923413434528, 0.49312296086672935, 0.12977006653953846, 0.11951045929988546, 0.48850283233824676, 0.5468475977852661, -0.21975790419269522]"
"[-2.5156463636844273, -2.5522399572215977, -0.19436077936637486, 1.6393008361028876, 1.4671810902876221, -0.020129858185146832, -0.689451108359101, -0.04492347947669193, -0.14977447362781263, 0.33641165650981963, -0.47898028961711486, 2.2738985660768867, -0.46479274803391646, -0.696142129662553, -0.2724308377702926, 0.8386291404205023, -0.30608299759760643, 0.08152899071299127, 0.26382444407084793, 1.2093144420817037, 1.240825071766706, 0.4378763636156622, 0.7020908321329128, -0.6782944387803649, 0.46978361208585284, -0.6993359929010541, -0.6485244378807447, -0.20519963888489293, 0.4325079976674625, -0.22508299422970407, 1.1066611671535662, -0.231758806410549, 0.6364003894553084, -0.6755236221557238, -0.4066191121109162, -0.528094007183592, -0.023237460347895905, -0.7422331693721445, -0.10915996959090846, 0.6572733322056202]","[-0.12311858188908754, -0.8186349662100224, 0.09467139814408024, -1.2591179598649143, 1.2523235026282298, 0.9699957279198842, 1.1144444086836502, 0.39601189039703827, -0.6852522858451577, -0.03355538213410012, -0.19440643507381636, 0.07456587913513311, 0.15902734279645345, 0.22742794518136336, -0.18697641343313157, 0.48900930606052456, -0.409817920975283, -0.03467477648361805, 0.019592631890599257, 0.03876641741508259, 0.26505607463399256, -0.21521924874110057, 0.15707637386968715, 0.1828698870901217, 0.43527030330898436, 0.18499325365487798, -0.4852571233828378, 0.40818150607761017, -0.014759560000231643, 0.48050667198515307, 0.07782638466313564, 0.07268293621388079, -0.24807077032800867, -0.12279110713344238, 0.21278446517575383, 0.11236376390539589, -0.07749903355945793, -0.046683448052842594, -0.4690801932765566, 0.21561994338352608]"
"[-0.5306733734896945, -1.0974832455058507, -0.018860569669630373, 2.764736759178576, 1.5694238375560905, -0.6644817463847865, 0.7105399655946099, -1.5762791606583997, 0.9440467158068954, -0.18506660330759245, 0.3292660596440351, -0.3109860714482457, -0.09218520968607195, 1.793298498909277, -0.31691960239660505, 0.05905667843812921, 0.09978145440440375, -0.605882255633478, 0.4224372485102697, 1.4613859878847304, 0.770558461406352, 0.15883396010618728, 0.44984015077774914, -0.020642343000151123, 0.2521240373055758, -1.2267884048188629, 0.6684088757520351, 0.8514011092467512, 0.3390182330318574, 0.37516787022514264, -0.6634638266825187, -0.9375264843890979, 0.34494081303922863, -0.4508006956279019, 0.5981087309617485, -0.764276923034315, 0.09448896443195523, -0.025766960675127282, 0.9695352969064626, -0.3018011561975412]","[1.329607279335834, 0.3677196736835168, -0.2011939129999499, -0.820055016142574, -0.3417554096528183, -1.4415404256488256, 0.3309362339603078, 0.05565624920230303, -0.3436916302866375, -0.1736904717236743, -0.9377126877013067, 0.8330539262686788, 1.3562717910722295, 0.8873643626651614, 0.722917195161552, -0.4769465726239802, 0.1269922465161982, 0.052826308997384865, -0.5479872314393216, 0.3223819334118633, 0.18022490063822763, 0.05707640366788595, 0.09151136173768809, 0.08679759735165352, -0.7069131520871574, -0.10150822929452707, -0.008851097413368795, 0.045730050941561705, 0.181133726827135, 0.15266818871415688, -0.3967742139064689, -0.019656357716894945, 0.0035779914001794013, -1.0820822399813608, -0.09217325094204465, -0.3229860608354383, 0.03201684489654336, 0.17317988738549928, -0.43831734584184334, -0.23382685301927983]"
"[0.1776462101253567, -0.8408857027735104, -0.07510883312367517, 0.11134269992292456, 1.8881909196955242, -1.4749830885128605, 1.3016020420107812, -1.2362353432404707, 1.506818894597434, -0.3276535213605768, 1.804995627643379, -0.158645753813522, -2.3480952174377716, -0.8599741354340942, -0.5986063289079573, -0.34571386784123614, 0.20842085389082246, -0.8060498368249716, 0.22036311989295518, 0.08867660496943858, -0.9650850828445913, 0.05604306206733003, -0.2241556065119278, -0.6224306747028224, -0.3223184765646166, -1.2596002273419749, -0.35242007556890576, -0.29053635550631524, -0.015305492458109301, -0.02827220405834981, 0.4272240642228096, -0.44806695586671036, -0.07012730004153823, 0.37390314728452256, -0.11031989827524044, -0.07610282331231734, 0.16187521261990384, -0.06925663446987373, 1.6737019553652355, -0.3909812948051235]","[0.710885713403498, 0.7288975027831464, 0.5883235557985551, -0.10767095071136253, 1.5637804210985817, -0.5725950606550436, -0.7639404353415782, 0.9653088094349028, 0.5909937999842771, -1.0307031343195636, -0.6559253128650037, 0.2847860235833158, 1.1479972925106037, 0.5680289382036314, -0.27155996367195007, -0.7381978788064714, -0.12779186789448518, 0.13538169139210082, 0.48709688798811795, 0.4898148447420532, 0.34506821153355055, 0.45334616374959236, 0.4816898892146037, 0.32832130582104546, -0.9788436997204588, -0.14634640873407406, -0.07582022273959484, -0.14346618894254684, -0.6497656744635241, -0.01072033650173822, -0.391454670282723, 0.37479280824918204, 0.5234827438561782, 0.5026623147889169, 0.11896667665760577, 0.4077184280215259, -0.5139082144251166, -0.3932486355346521, 0.24743845873187573, -0.5440128858562344]"
"[-0.20126975936929906, -0.6303418249554567, 1.018119460053889, 0.8891236701419073, 0.9524116376925192, -1.1727727700381545, -0.9619081016857148, -0.3843346128841734, 2.0219845414413062, -1.086571936245135, -0.6673638597636196, 0.9487797727904436, 0.1060515353903082, 2.0354317378911833, -1.1007231552201624, -1.0727263621925989, 0.7601428279285357, -0.8017200060773908, 1.849116301362832, -0.6947909978164686, 0.583900320582035, -0.795884708274701, 0.11189110812464219, 0.46901348431516204, 1.067929381745828, 0.4530935339586421, 0.2253904355427127, 0.5330580708456825, 0.9052599386686082, -0.7670194322542363, 0.9038318238287932, 0.6718634665806841, 0.1347114792560675, -0.7690189854548423, -1.3645510050778424, 0.18320768510109145, -0.9747171470830877, 0.5382054904715976, -0.08396654614841667, -0.5442240875931345]","[0.8778674418766658, -0.3298537515310949, 0.4856470868815719, -1.5645314556465995, 0.41137247154576806, -1.829793623122525, -0.7735247788516438, 0.7550101634093174, -0.9305002857394064, -0.6595399319804287, -1.2731628002678241, 0.3894564622209654, 0.7006895497872904, 1.609077427505039, -0.378879764664858, -0.32743082920414146, 0.05651540574249754, -0.6615588399565057, 0.4504804164363846, 0.5743512174371882, -0.24706395533824768, -0.25391365927481035, -0.3649549988795628, 0.03767709635158063, -0.6716319163690068, -0.32737981437012087, -0.23015214637577042, 0.659993179110921, 0.22197080370860733, 0.3046747351463606, 0.5619317747540004, 0.032009098512230535, -0.1671953859801038, -0.026678370965434337, 0.22831461649096696, -0.4442426906734598, 0.27317572683147473, -0.3583524594606674, -0.21289149122105308, 0.14186346884171155]"
"[2.621288625763717, 1.0156693729908144, -1.1161470810759297, 0.9215232461766601, 0.12650491944397102, 3.5314651028414974, -1.380251135396, 0.3029959056185545, -0.8594779455179506, 0.07116592722290972, -1.6636277096974925, -0.000603590847585952, -1.9656845167874069, -0.023607492598585557, 0.014880986331944578, -0.6249712527367255, 0.21857954782986622, -0.550261070908178, 0.7670433439485227, 0.9255385057417447, 0.2678667543565554, -0.3889168476592208, 0.08409662973542441, 0.032065093457684817, -0.4192514492603991, -0.9124238773903414, -0.6172008374330789, 0.04947711651975378, -0.5676676113997021, 0.37135121603952986, 0.48988090356933905, -0.14594169527643408, 0.15582226175960717, 0.3923713806906563, 1.0313719096293323, -0.42458750535224815, 0.6830186154322178, -0.1720575836259555, 0.3337935598316871, -0.28815248095453333]","[1.3854823774066087, 1.6940079450484222, 0.8796082794021153, 0.3169502995461371, -0.9038364218070997, 1.9229818426741732, 0.40423008146575573, -0.1793000087809285, -0.3308694742145388, 0.3863145294241094, -0.9912757631830891, 0.2499149853933338, 0.22882470845933697, 0.18256352203718143, 0.71633513815893, -0.34339485278852067, -0.8137483473533077, -0.5687074423276295, 0.06393785726049699, 0.14107394508560564, -0.013233715985163659, 0.13031024944903466, 0.11673207969614588, -0.16426726141043654, 0.032998926144283014, 0.08587595096728608, 0.006278003887679851, -0.15785806970691665, 0.0949996671116056, -0.3742383868164013, 0.3306108925845888, -0.1545261000401812, -0.4691932739930659, -0.7097060977099594, 0.13858083445206013, 0.1368314870007365, -0.07714473661236466, 0.01557457091721887, 0.21235973873759728, 0.16220973103969738]"
"[-0.6604433802731626, 1.6905582562004975, 0.7643888157868496, 1.3774048098120875, -1.6596619490574822, 1.1164842994085815, -0.09877589285815498, 0.9995995928530282, 1.53262133869596, 0.7172116602078358, -1.5594394333011805, -1.2674679848071793, 1.1552896638956733, 2.194861965585114, 1.7202086381498398, 0.796703196989417, 0.7150344838305591, -0.9174517423863479, -0.46851975749018054, -0.5207950766220529, -0.008799204496271475, 0.061846454944403516, -0.4338929070090879, 0.8103804806573798, 0.3796475115791184, -0.2037264551992629, -1.510633945738823, -0.5463992090644023, -0.632351324589388, -0.1882328750020516, -0.006504392653981005, 1.0120140881632136, -0.5236629265757189, 0.817129575968617, 0.06678842592073972, -0.059101166043773086, -0.24184978340692026, -0.6252001994661758, 0.5545330655700851, -0.17148468055151808]","[-0.4373956509281113, -0.2538365606615223, -0.464421990971021, -0.8026123767157664, -0.673668401517203, 0.9030581251202842, -1.067070561486874, -1.4013420670843864, 0.22601830934126899, 0.24756041509186383, 0.4590416909694649, -0.19186578580563013, -0.5349335597246225, 0.33379651164532065, 0.8621616418644037, 0.20852521730222334, 1.1852741379965954, 0.0275342891184064, 0.1077470446334524, 0.011079319160962007, 0.5595061285110394, 0.6168447370325043, -0.02305702606217443, 1.1020060357093497, 0.16716984457640083, -0.5771093195376188, 0.5226356691596302, 0.04221053205024489, -0.2420116485405463, -0.5160071994316824, 0.09043050527778279, -0.7476936861814804, 0.09132012739791237, 0.25741315418980143, -0.3460393772798881, 0.3829279724076514, 0.014939759208188309, 0.298907896941132, -0.4287460666175265, 1.0373365880731444]"
"[-3.068529854100958, -1.2894532330109212, -2.0982246429265503, 1.5173104861491915, -0.7686453328775537, -1.294461876228649, -2.2419289798025033, -0.18570681479914047, 0.037864471892316176, -0.16701002248350946, -1.3708201478919808, -0.4076227566822992, -0.5552415307558751, -0.8349468986324549, -1.1497407341907868, -0.6835942098418198, -0.09140195535968702, 0.6401924148296566, 0.06663484076232687, -0.5412993420742603, 0.5108930894212602, 0.48299892913028664, 0.49680136706230177, 0.1914643745268504, 0.21031639464189417, -0.3770471022969575, -0.5895038726118812, 0.2618507926871039, 0.6125720473484715, -0.4890683402359618, 0.27884961976602823, 0.6609771589462632, 0.6968783970423622, -0.48261184177087074, -0.06804062301714359, 0.12447946916455431, 0.576178152469663, -0.7916548916611996, -0.5929310673584048, -0.2645331436944873]","[1.3799112776941242, -0.9582229896086869, 0.28067517715181023, -0.76155624047093, 2.0981100122406446, 0.6897619275394095, 0.4276435050477771, 0.14190074251657153, -0.3265801543596025, 0.8648481450596571, -0.6507355833245588, -0.7034247961364354, -0.02402630526160881, -0.04022640182282447, 0.12833574699640649, 0.2661885745976873, 0.011445227911854098, -0.20867870513380404, 0.05796351706075797, -0.4889284320794218, 0.4324556847488218, -0.43179683227399246, 0.6297291375107077, 0.3621595751402866, -0.3957916298491412, 0.17304191370968502, -0.1873347953975562, 0.1832370850937656, -0.31002990216370924, -0.03995490469900455, 0.562684066978151, -0.3162275599283627, 0.5504525124341966, -0.13656261936630232, 0.08870028981127497, 0.107751446277726, -0.39979793450361667, 0.03181425077351612, 0.02932525548853629, -0.19860290764784083]"
"[0.6799729779429087, -1.913486530735366, 2.013245159401493, -3.294841105289325, -1.2417253482637591, 0.8344978608867475, -1.3865545378587494, -0.1669223111377277, 0.9971261227040858, 0.11434725112806121, 1.5855933813843501, -2.1351190233592705, -0.7768651282034965, -0.28764479986589114, 0.6669869124724574, 0.5144100789493006, -0.9853463116649365, 0.3595426105468113, -0.06131343309721523, -1.155169295944299, -0.7891334900115708, -0.5918892119233911, 0.610714159533085, -0.037932292853253606, 0.7674118792441832, -0.49866179873657085, -0.20465851131806387, 0.9591742934529481, -1.2811310296078087, 0.3402985542570898, -0.12827668278637339, 0.49484616769452483, 0.6150159469933795, 0.5146511782976945, -0.14545407739493285, -0.16009821977632896, 0.4296881358859457, 0.09179858921632764, -1.3967004295484013, 0.7264618132773261]","[-0.9840444595588398, -0.4576524107056332, -0.4056819575569874, 1.1135708623752776, 0.6151664048894739, 0.7254484201992201, 0.33360586889554084, 0.7802262431035167, 1.4897414065211938, -0.7271679519187393, -0.39634823990075957, -0.31042728187176116, 0.011491223225299213, 0.2915665211726862, -0.9507517650203909, 0.6464610914092465, 0.13901207617404296, -0.525132859603046, -0.09467830499565313, -0.3344921562606287, -0.5451422706888883, -0.453443929609682, 0.435373343579017, 0.3009592952010686, 0.07925035006391971, -0.4284113575116404, 0.23660896523898756, 0.005749727646693165, 0.5394031845717109, 0.26030949593909003, -0.7817622678278205, -0.4540447798456839, -0.23790275465263883, -0.288230751690259, 0.3064548874484216, 0.008175424109089374, 0.08685296086617963, 0.3289382721368997, -0.43122526109618087, 0.313662747307719]"
"[1.604814600976992, -1.2631846082429738, -1.4568263357380968, -0.8289924972895705, -1.7644021942606445, -1.2295673481784288, -1.2534728611833155, 0.5542366846362711, 0.5999107662558897, -0.9198689108537971, 0.8810527072366213, 0.7652157127707873, 0.23399905131226792, -0.4675779076826064, 0.5382890003140779, -1.2466934256616997, 1.1702583847386687, 0.871933995565875, -0.8457954551038153, -0.3518911075239336, 0.10782939861148141, 0.6064720182086973, 0.36341647245578856, -0.7987923729444318, -0.07409865372690923, -0.5498213862282318, 0.44821769295491853, -0.26162301810262545, -1.5576800054102231, -0.40688346028239974, -0.8763094627517316, -1.1335258993277024, 0.4551638117567469, -0.288870511381745, 0.7007609420761146, -0.013650137498698674, 0.774608813872612, -0.33408885065997257, -0.6641198925561774, 0.4541407277966476]","[-2.065898865335139, 0.06956534911244709, 0.5666107035604249, 1.069687990799445, 0.5262996862626446, -0.2768873212082646, -0.23228982034643028, -0.6665943265372521, -0.22368595715829478, 0.19798209333042993, -0.7404061587591314, -1.0479029821918606, -0.2804378466331583, -0.6508375406550068, -0.750006384520789, 0.4104822061207346, 0.00287108559552656, 0.3309792179867463, -0.04445131615515704, -0.20293778170718943, -0.13997171130597322, -0.2430423997065065, -0.2797901907180807, 0.3599732041666683, -0.28124901129714985, -0.6484793870984804, 0.5037141035611981, -0.9556315132041655, 0.04480566261122334, -0.29965672185877507, -0.4647782042506167, 0.7430646463022393, -0.23086369841951834, 0.11920339254151863, -0.4390730595036932, 0.3527584112445994, 0.4896980422483556, -0.11338749593968013, 0.19934466680369445, -0.07084062237411878]"
"[1.5644811479500318, -0.6201985261344609, -0.7631650276447987, 1.1465169480488975, -0.7539400748913967, 0.4196193954245238, -2.0502366074672405, -0.48917190009349637, -2.3341431048017056, -0.4138708880351782, 0.050617252064660834, 0.5464254315735739, -0.4568497785070563, 0.9864753682681134, 0.7439484636812006, 0.7362309165515256, -0.08515501800114157, 0.2120125825029196, -0.24905655284110997, 0.11120645715157626, -0.28839620060303384, 0.4722320314151568, -0.7372097959514016, -0.25084068058464376, -1.1361379593501393, 0.37832183676210074, 1.9633184619582165, -0.5573062020906676, 1.5197912143694299, 0.3645822351395349, -0.45893077936289506, 0.12021866367153804, -0.2817671586283788, -0.2987744694884175, -0.06318147881395882, 1.153676545678083, -0.6178953955075646, 0.37264047056061667, 1.2164446255756165, 0.15295891324983]","[-1.725309115454936, 0.1950110682807466, 1.0499106640708618, 0.0726738264943145, -2.1917838455108645, 0.38655329151945095, -1.0395857158531066, -0.008214878414689262, -1.1504663517893277, 1.1013568588707932, -0.7680297190504156, 0.2836420016722007, 1.2420155195503546, -0.3173498344862034, 0.374859451099788, -0.3145420204359836, -0.5109225464615753, 0.11131514734211784, -0.05485828931241937, -0.35935675046730464, 0.08635617071223801, -0.08768292791832952, -0.1873910555537574, -0.06752519182503201, -0.24816337241493244, 0.624275991115474, 0.03775944228417414, -0.061281191232578386, 0.23613167914624097, -0.2426065848024645, -0.5476188493541446, -0.3718190965375148, -0.4087586278045446, 0.17483163509415256, -0.6476197277643656, -0.3239677070475847, 0.12188296111333727, 0.004517796442345829, 0.17660652941239263, -0.3873121827793719]"
"[-0.6094333257260182, -1.4961828345905464, 0.9767410811760195, -3.2074492349050794, -0.10042872743115284, -0.2508647220053641, -1.1274207617540208, 0.6376163719485131, -0.8757484726724206, -0.5929950834753503, -0.33269374802021884, 0.12780022189659174, -1.8058365383163817, -0.29746704952261416, -0.7154172534650854, -0.6302846694078701, -0.5953805841615069, -0.08470725719446945, -0.7818041084943415, -1.5456912773254898, -1.673246248661039, -1.1999643845413488, -0.22791993365900826, -0.9130258755646052, -0.6628462225304783, -0.6520307387150663, 0.7520339686937064, 0.04656744750604455, 0.10466762049137382, 0.03498842681477047, 0.2916414886267181, -0.7780662167739502, 0.7003228897794473, -0.2884334172129931, -0.26040581309664584, 0.7789181373691269, 0.3708945515749194, -0.7051591615357352, -0.27467287935868784, -0.4421736898968486]","[1.1101352748108193, -1.3263934170997558, 1.109666462615607, 0.44426993803669607, 0.5289927536890188, -0.04063972901296509, -1.6261348938680555, 1.2411762230722676, -0.0015807247038451537, -0.7235783593266871, 0.4321959671485368, 0.015202366476884112, 0.3069932059577864, -0.34300701587975535, -0.2615389087592349, 0.5450701498429229, -0.3410133550899245, 0.2947228598463399, 0.48808777337707726, -0.11265681693457143, 0.061112714611555256, 0.12264723307056738, -0.9706940237491346, 0.08161429677748805, 0.1757778464076804, 0.0814068723248212, -0.12466573022893436, -0.23175967708674058, -0.0432687381522068, 0.6188644437730472, 0.2177081186066755, 0.031334325491439344, 0.3390397184500083, -0.09586063112924846, 0.4583597472889742, 0.4511813345168487, -0.04836258657485966, -0.1219530468594979, 0.2418856046676528, 0.18489460294353605]"
"[-0.09021657475734543, -1.5885366563105614, 2.0360968127475347, -1.9619361173724785, 1.0831186564086794, -0.8023263613064929, -0.7392157034612249, 0.9341727202958959, 0.4578669535328619, -1.8177049923552502, 0.6558588967021741, 0.640037836044584, -1.6684999596752144, -1.1710963754215302, -0.3170588326579619, -0.7540537951246722, -0.2571772395103949, -0.5047138763478671, -0.6112887936701191, -1.4872927535072968, -1.8820120743005608, 0.028865956776696258, 0.019864638530188914, -0.9558179795180306, -0.9273149888308253, -0.8135446485469053, 0.6311889129531367, 0.0025859174843826604, 0.26498113386234917, 0.43559191357992155, 1.1802003930581306, -0.32279004142924117, -0.5496918514671507, 1.7714796074321042, -0.5109681102857949, 0.6777382260672586, -0.1195526033794951, -1.7318928184783364, 0.8666846715818601, -0.4387041489317153]","[0.5418840635107839, -0.9945605176100456, 1.1053973083068462, 0.5556969597184428, 0.7662159760343759, 0.1968532154718636, -0.993638745993796, 0.6848211208331686, 0.607045344275774, -1.0251370190106284, -0.45436821840528174, -0.07068055221491844, 0.5162453107775705, -0.46070373375125634, -0.398770211393815, 0.82375061631889, -0.11954810140465413, 0.37030343691676476, 0.8729199073508813, 0.4864325504392206, 0.32700086021141306, 0.14806140009278282, -0.9450809458322192, 0.10766884621266753, -1.084285021991074, -0.0274855482567862, -0.5660177969205333, 0.19171888471991533, -0.2749826409315593, 0.4567731775809796, 0.686095180835956, 0.023730293250668458, 0.2723567105059888, -0.547983175309941, 0.4124514559778876, 0.28023897097265643, 0.10790235418007015, -0.05215733691690277, 0.1776182668969747, 0.36598577979072106]"
"[-1.5471455680172779, 2.24136260434294, 0.2728642036372609, 0.08408570102953586, -0.899461582961618, 0.7500976593667666, 1.1273454283181141, -0.8402809718573017, -1.485099737070612, 2.462717525063384, -0.03317996651028524, 0.917114836953017, 0.013106016822067726, -0.6382597275157065, -0.3021760575823756, -1.123870514336125, 0.22195476415432475, -1.8306579385759008, -0.40672750992715445, -0.24743875035499052, -0.9590811932259261, -0.08382308066084761, -0.6729544842094677, 0.31496191255703215, 0.4785603530745626, -0.1937375202713382, -0.466881945575008, 2.2869473128345126, 0.3750325250009145, -0.28278305824636635, -1.4336297032202723, -0.5239418482368805, -0.09934558932285088, -0.012630668234744073, 0.33188869137204974, -0.18985760163667062, -0.33210294965264575, 0.14160649627541874, -0.7088537516778646, -0.27031363179119755]","[-0.1666127507131701, -0.30966649464870766, -1.4037244509070843, -1.1330204586663295, -0.04437507564008212, -0.32988979330669804, 0.536445729521854, 0.8616286136783399, -0.4675455275464847, 0.963804658025039, -0.12911578688300357, 0.15338142652465217, -0.01716837897639869, 0.2291196130334795, -0.21433838206596845, 0.17134201302421384, 0.05115644444838173, -0.0777534037905001, -0.02924599005577035, 0.5692896969664045, 0.44452551401925744, 0.1954754476879694, 0.39333714480166065, -0.007978145890649302, 0.5704857461902223, 0.6474778761907642, 0.42411477542270165, 0.034533805990631154, -0.256100717150349, 0.08651500169231774, -0.24371010777875698, -0.39999179210933616, -0.38465020628828434, -0.5442433003768427, 0.22135833575708827, 0.4079453509765929, 0.1255852957688627, 0.18939849254795393, -0.2514451534713125, -0.04962606111429479]"
"[-2.5836801043460302, -1.425644536158247, -1.803834535045941, 1.8217722970984855, 0.19065036803560215, -0.48701346693877373, -0.30813732653440407, -0.33031172994946073, -0.518987242642396, -0.895400057900263, -1.0709267973010745, 0.13899916698316175, 0.11061658469189017, 0.09116411346419381, -0.5355666447423136, 0.9829346648582136, 0.3579309824273034, 0.894910022548824, 0.3726617928122314, 0.20918285798186978, 0.9742635149633886, -0.44973369157613835, 1.229063733404892, -0.6308178105669263, 0.09116327038005387, 0.3399698929152291, 0.4711601058091392, 0.13487084639990254, 0.5898639420735027, -0.7458469377248607, 0.7361014253402849, 0.4537284676393389, 0.21381333019276008, 0.6894992600399327, -0.040563178389297884, -1.8380456930492601, -0.6061604768676574, -0.5023656018177949, -0.016442410951316485, 0.016353650577046866]","[1.9664518143428185, -0.7897424274667957, -0.5442377930344351, -0.9584080781886202, 1.6569392150569924, 0.911537184646168, 0.23330175996488647, 0.5705388365419608, -0.7726084027142929, 0.5898285780992792, 0.3058503032657584, -0.5029892520158572, 0.09970733659892607, -0.12185155073664644, 0.5333218903094272, -0.0870876089110839, -0.48360620060593346, -0.06186669470150948, -0.1928606350081694, -0.7359473802570008, -0.008298363730834354, 0.40499270539810445, -0.2243086878967914, -0.09565310169050731, 0.1466302455195885, -0.04727292149981337, 0.15337400579559787, 0.09530566693912207, 0.21807152447342631, 0.20696011433749312, -0.2778745529329746, -0.5441495964300331, 0.38230168363248634, 0.06356161512884279, -0.1159311775546567, -0.46373854728936004, 0.4128450254274162, -0.2058818975299048, -0.07616355403178654, -0.21020716470976375]"
"[-0.7192949195814372, -1.7611952138764218, 0.04073789361508754, 0.8209962554762009, -0.7759069764314594, 0.6301764179164413, 0.5238557947834699, -1.9711933100384564, -0.4645527866036381, -0.12801220529396323, 0.8346283707642184, -0.8248020879655567, -0.1435912622093682, -0.13793042829268656, -0.31875998342446993, -0.08908921723055685, 0.22537184626128648, 0.2882814589616963, -0.3725014218130469, 0.4287620340394783, 0.8806354856694092, 1.1925579748260549, -1.2170233311275291, -0.44583113016517684, 0.2775251890602729, 0.09962474204302586, -0.13018286820430422, -1.5338398382960186, 0.20355632992697772, -0.45821963316383285, 1.922378810679255, -0.40159571810915073, 0.8770596266274246, 0.07420803970635068, -0.19736048135031448, -0.041506366680068574, -0.6450719309391766, 1.3507605560351086, 0.6849242009196014, 0.8939170065032307]","[1.8164953010131257, -0.5718844685833672, -0.47660484134831044, 1.1059722239622072, -0.9917882092682264, -0.180333089986595, -0.09456227468321612, -0.08256862654415117, 0.09721663158009933, -0.34481232555355296, -0.03553891057192499, 0.37355223947044686, -0.2126386379195859, 0.07593904854093679, -0.4072358409771685, 0.34293678995895455, -0.15633615360537634, -0.052618110275437696, 0.6090485014769532, -0.7818489188369391, -0.15552067531388244, 0.31663773762051645, -0.44605109621187283, -0.14792179706938424, -0.5052541970389541, -0.48564332466961907, -0.040566148924268214, -0.03006682584698636, 0.549222953537926, -0.5284208897957663, -0.5825779388947174, 0.785361007577711, -1.2952712911266382, 0.18523101834349953, -0.4316487902247154, -0.447895753492026, -0.14417568081511853, 0.39851303272727806, -0.09676142423404806, -0.17726939739404607]"
"[-0.23306362797529706, 0.8368601770470017, -2.2448672034898394, -0.8722050522994981, -0.06915176003252703, -1.0322102226260743, 1.0461121443440484, 1.7568711440225722, 0.09151972615418699, 0.6127108068420867, 0.049247266809248534, 1.0936097781987468, -1.5252456022936511, 0.9732652148433245, -1.0620349344599231, 0.04579849107693644, -0.9503780978903267, 0.3337365617814742, 0.2891059228948001, 0.24813714917287108, 0.08705070493023738, 1.2482473131600424, 0.7513166219551853, 0.9434370089002183, -0.8351653973106856, -0.1227654392541888, -0.6378380333289265, 0.2675257244565168, -0.021268249210846527, 1.0221319368429609, -0.7528681776976548, -0.23322414456934473, 0.13405746129671023, 0.47286323870835467, 0.5964980409808922, 0.8135622031383617, -0.24061712747236183, -0.09304982700330049, 0.5198579902733692, 0.5256456659202802]","[-0.4904328138182046, 0.13420196823366395, 1.5570008403491373, 0.12584435416339532, -0.3463985874968764, -1.3092326733345252, -0.0005383181112727331, -1.1698722619810866, 0.038905164707040654, -0.010049167226640418, -0.1430611734446827, 0.30751269993139235, 1.1637706031013537, -0.2749249486692941, -0.22628813592958802, -0.6590360429788372, -0.28170421215834607, 0.06599451832051975, -0.10667424386676216, -0.13270583458993868, 0.9090433814121246, 0.035390865940011604, -0.42646662346179204, 0.306019784825151, 0.7082646388366763, 0.14011485421512473, -0.0012609875391403735, -0.06364773684697445, 0.44344316046397475, 0.11578754325565457, -0.032705016643925826, 0.1270136245199543, -0.11478437172860913, -0.11747498325405621, -0.04790916871180966, 0.008681507894729875, -0.03691059830252812, 0.33639511674094236, 0.11242982667117864, 0.4433551975046699]"
"[-2.5140954980310335, 1.0648581904077925, 0.43315618926907407, 1.9255923789793403, -2.707922998764675, -0.33982106253421024, -0.7546886724375893, 0.56247146923903, -0.7161461436649212, 0.9873304762800753, 0.25366811973097225, -0.40448665540897677, -0.8029935580169492, -0.6160427989096723, -0.250200041626161, 0.28258084361616015, 0.09287115070548017, -0.2431092317983528, 0.5122057019469507, 0.13411819912725695, 0.8433267110400654, 0.04621649996434338, 1.018291261236011, -0.9539145618525579, -0.6913436244568318, -0.758629987944516, -0.22515729899057796, 0.3596677543151835, -0.7944710127297154, -0.09383330093310455, 0.87167552481394, -0.01200806134207575, -0.43276348896352435, 0.023637882392923887, -0.2284178138026353, -0.16634683519712384, 1.6577209968081272, 0.1676761570688829, -0.5504621961302801, -0.16970411784209827]","[-3.0711523075359426, -0.9086787241588785, -1.3444335757797805, -2.3987722851566824, -0.5461280490252463, 0.9518988551482305, 0.23141119118079093, -0.4263411804163611, 0.02276012401060276, -0.976929591054243, 0.19466500464084943, -0.3941663907738306, -0.47198418521874025, -0.17826728920742374, 1.1807562739681798, -0.8492161215715966, -0.18669170374799826, 0.3053330774618243, 0.02558438909857987, 0.41455348077708926, -0.2676126858895832, -1.0373262571036366, -0.4323814720032095, 0.5327143244552258, 0.5285654792081028, -0.0017542749587739432, 0.574084928188325, -0.3126707133126756, -0.7010314093162135, -0.5537435185508279, -0.40512535188789867, -0.2783867629620067, -0.2390449862032658, -0.45783747201056557, 0.8788977190914276, 0.1163638851614894, 0.16663113833665755, -0.26802831281779393, 0.2573294230372825, 0.9140943574231927]"
"[-0.12650761416802497, -1.887169843595757, 1.7064231347269372, 0.02526570121808508, -0.02797051115947506, 0.6270902617929016, 0.19698622260097345, -1.2136604835658527, 1.1864328757904423, -1.2125658423408734, -0.6932719923288475, -0.10620753638805105, 1.3069956958186975, 0.6703983353917363, -0.18664002462495213, 0.0359730662974222, -0.010330340713108921, 0.14809004709548398, -1.2600593995891407, -0.09019548785399469, 0.6624237641698782, -1.0947248455034966, 1.0648157431353655, 1.1274686610431814, 0.003375590719518868, 0.26988535778076506, 0.7280166746763431, 0.14058841982997888, 0.02945116094215655, -0.37197474270861436, -0.4429381149035833, 0.8267814809109462, -1.6490801582737373, 0.10947202730541447, -0.5649252653207106, -0.4039133406486022, 0.8740189310015292, -0.7082095066988595, -0.613337580308116, 0.7017460463204779]","[-0.2433547440120183, -0.8736941928696407, -0.831592108165339, 0.0362895640942476, -0.6145093066951721, 0.37603581964912375, -0.16535783236729049, 0.3882414856524427, 0.02094002535876106, -0.3238381585088949, 0.5151834041595258, 0.096119112666734, -1.490438766782868, 0.20288187999387905, 0.593825592495214, -0.3020475234611959, -0.04489781811147773, -0.10142103755994812, -0.4957203555102849, 0.9903133911049831, -0.5640727797062652, -1.0175291080951017, -0.17309991266021005, 0.3823405424940176, 0.2002399441520269, -0.8436231954688325, -0.6514644011841438, 0.7299631147089681, 0.3245445947459645, -0.341484088962653, -0.227854955457562, -0.16687053403469826, -0.4968235968136333, -0.03477309582865998, 0.36053883037591117, -0.3135535891189885, 0.7007970065941823, 0.21702033556653602, 1.0254477413323035, 0.13205411297325734]"
"[-2.0348846367565567, -0.3322685176512578, -0.9353622353947835, 0.2801419171506972, 0.4175609229860776, -0.46259084866651123, -2.025731461398198, 0.6907749938429885, 0.6341873357650253, -1.3044507522988396, 1.6415788938701041, 0.4372565782486751, -0.2515870841061489, -0.5578579683849575, 0.9646583482031095, -0.44135971911215205, 0.20073168793305027, 1.750704003794717, 0.3312717797661115, 0.2460970545313676, -2.0620760809612695, -0.1599384936365294, 0.12085340350641993, -0.9080580737100598, -0.23649062686190117, -0.34479747357665647, 1.0021565572984148, -0.9644864367024443, 0.18972365228102886, -0.6266524244851489, 1.103463713913303, 0.31153615075130203, -0.00934596909985727, -0.1288990813002269, 0.25835039455882547, 0.07812848944288836, 0.04991921967283055, -0.008424346248511435, -0.6101307410461206, 0.9228388011558082]","[-0.8636599046135949, -1.0166271354704555, -0.64379029444923, -0.4427495590525357, 0.3751240114036219, 0.9543148602951197, 0.44945208813200954, 0.41597636811680233, 0.002584081441338214, 0.269167704415375, -0.15710291455464442, -0.8721763971482881, 0.08639244549093551, -0.6452424396147254, -0.8070827114815213, 0.24643253486053995, -0.4955774982486161, 0.3033661213119675, 0.3465767250780028, -0.18762629071364423, -0.381622444398694, -0.08048253130580732, -0.4022775695939824, 0.09064864922686343, 0.293945161119222, 0.17585858187679126, 0.11930422544695946, -0.40476458765837114, 0.2930551266279843, -0.925574785594797, 0.14953758856208135, 1.0798339758586706, -0.4779369597692501, -0.41107146088405655, -0.24228535305221927, -0.17799877979658824, 0.32527846640997266, -0.6299372892270247, 0.5186255026199162, -0.2164896694198371]"
"[-2.3546357016721293, 0.3731301809343165, -1.5204428437261546, 0.7965498600690902, 1.343873899641835, -0.8245504316194892, -0.9828675818584774, -0.08154471387603336, 1.1493743463293211, 0.14765170079871462, 1.4438887916784897, 0.6669612638208952, 0.33862146478009797, 0.3485934931087205, -0.9891313761719189, 0.2684771034810652, -0.3393191324604635, -0.08503366452807502, 0.4411222879128384, 1.0872965859299755, -1.6111415156905917, 0.7960355743081662, -0.25801396106712243, -0.8642755294394587, -0.6617327575162797, 0.5130575356184542, 1.0987790627742906, -0.8303317505836576, 0.1550977658009025, -0.6963891076872374, 0.17932343688493332, 0.23554787426951806, -0.5447792645732022, -0.9145057927999691, -1.445685600537899, -0.1678274638552197, 0.7392205765386363, 0.31077147463317867, -0.14835573572662897, -0.3982609156020502]","[-0.2948066620268548, -0.16417551756533436, -1.030891334588699, -0.5873960274482094, -0.26553704391848204, 0.4198985785260032, 0.16876294435016312, -0.611124410383588, -0.6411891773014027, -0.15872926013111852, 0.24164790618263923, 0.3848518037529027, 0.10118961222160741, 0.6854020952469156, -0.02925238437753294, 0.1183972572800408, 0.6687858786369483, 0.20019307130385472, 0.4199858602229241, -0.4640347782434494, 0.08182425479856481, -0.24776263347362423, -0.285678330312311, 0.17747379393481594, 0.5765560148037364, 0.07366397196382038, -0.07907324482893399, -0.08576795847850076, 0.1717851115683202, -0.2069469323131939, 0.651783019740434, 0.13280595657121946, 0.02073548377265601, 0.1238823276017312, -0.6351094621088399, -0.17391671656909097, -0.34515093234880617, -0.3051203146531522, -0.17901599674949462, 0.1713031133710606]"
"[1.0601005304675775, -0.4504850475720211, -2.193028121599559, -0.8685886614354744, -1.0266289223238494, -1.200794981491134, 0.757315882741086, 1.5179652390404323, 1.8577543563487018, 0.734190512723045, 0.5286070950804875, 0.24674936915582668, -0.14906022621538917, -1.4601036635807265, 0.12848931171435535, -0.5480056564148339, -0.3895192695668486, 0.8303075002303696, 0.28180386893953513, 1.2108805980146962, 0.21901406186892475, 0.47215062269360913, -0.7722105694552899, -0.2102734607535357, 0.6742111416033566, 0.13568778405937967, 0.4777114558806273, 0.41064090083316596, -0.20659608122711218, -0.735767943915806, -0.6895665068432806, 0.6825767159065618, -0.5037363915877594, -0.6114240554391476, 0.18536989257435127, -0.2519909280321824, -0.14262948151231356, -0.28127384206086525, 0.32263440768379886, 0.515988560653554]","[-1.1655879601859183, 0.9999597909667863, -0.6183265900430909, -0.06869229489792679, 1.0870171814215066, -1.3683778211682454, -0.20330182119928505, -0.8263254316552064, -0.11513000768603474, -0.4248220789292946, -0.912250224378172, -0.09404400857681891, 0.6667352632216241, -0.6193537050998508, 0.3151805770296636, -0.2719218183420149, 0.3750537665110324, 0.21556454090410912, -0.3914293602086323, 0.19185222075748098, 0.3558783162554687, 0.26762009395967046, -0.5472732709134037, -0.23185679039826942, 0.16818070132160307, 0.9029880960440279, -0.15741181980056698, 0.5762861400369566, 0.14990956898125607, 0.46920893884692383, -0.8210464494875139, 0.7649506737569093, 0.30518578629490384, -0.30181751636735693, -0.32962413598043555, 0.42260331681958807, 0.15196056260218593, 0.1880543430542538, 0.1849363489215218, 0.17581058545328404]"
"[-0.3065597973548384, -3.042416862464596, 0.9359087114484722, 0.6334256899502965, 0.9123260673778114, 0.8394778919340132, 0.353774518951363, -1.4216030379699411, 0.9981101615179045, 1.2441922308185245, -1.4774824420462895, 0.5243346538423491, 1.0338711942303087, -0.3951177502634839, -0.4603583892609963, 0.8967584697112748, -0.6285814598575074, -0.7341381843172929, -1.0616369315927152, 0.822319767593729, 0.8367617933742661, 0.28910391600525887, 0.38559485235142815, 0.3760856063017827, 0.07949454701032807, 0.9185138845104103, 0.07832165472457742, 0.8633317317893843, 0.6348677934597585, -1.0361698577433776, -0.154779614080861, 0.23453019258118601, 0.08472544306770612, 0.5386451145570765, 0.019367511119403994, -0.8147314970296949, -0.44701776794876263, -0.504109508643372, -0.25351059345674826, 0.7124255650254874]","[0.6800121548039776, -0.4830773487790341, -1.1902137380818278, 0.7790045515948792, 0.27607530138387, 0.26137249756072206, 0.024156114537558806, -0.13469221779078588, -0.2550880909032843, -0.018168076767372775, 0.23220691941544921, -0.14893580050147057, -0.5308163967931581, -0.1634143412216364, -0.22635750690453155, 0.020802772565144467, -0.25921013565838497, 0.46419179752197515, -0.3185152134055801, 0.26984966628268153, 0.7100385994477422, 0.2569838567121482, -0.10647576274543238, -0.2810091713466988, -0.4900577450648309, -0.3071204925123901, -0.0034987249693729746, 0.17729120060754264, 0.14313819127034405, -0.11560412145372126, 0.009476551182611455, -0.5011329049349216, 0.3818953468613047, -0.595892449167894, 0.1999018449699443, -0.19888135794042522, 0.19916983488871967, -0.12058663169573956, -0.33620904045087924, -0.4857363558534287]"
"[-0.035680041170935275, -1.5286875237048752, 1.4019898066098744, 1.7562119161700507, 0.9169540641090207, 0.10248496272129519, 1.460609773028555, -0.7528546689643975, 1.3017155938038052, -1.2858041554645703, -1.3648886089895746, 0.09673646070710824, 1.192420079029249, 0.351043641676239, -0.8589570997270694, 1.591830270691276, -0.36221129570136124, -0.3843774357952307, -1.4336417469982439, 0.11991854726121078, 0.7150088051028929, 0.3564403685672293, -0.7885436981679831, -0.3184098007324317, 0.6809057069931946, 0.5638584440543253, -1.0893061527678394, -0.03608577084862111, 0.3365028211989633, -0.26841441536832805, -0.5201752194818229, -0.23310301518900292, -0.9102902098960329, -0.583796707468823, 0.36284082715888233, -0.13847170738893863, 0.8110355824097092, 0.570387060322251, -0.8372646591959605, 0.8774155548079534]","[-0.7254852726686556, -0.47016806606934897, -1.2173320339791756, -0.4447779056674353, -0.19443678349662163, -0.32475263762574746, 0.3548146790533751, 0.35585987943122227, -0.6814923506173756, -0.30668766721484214, 0.19220347525344866, 0.34890052067526994, -0.7833799799394906, 0.02660223068214981, 0.24470357624758868, -0.0999305758543731, -0.18320152479838075, 0.522269216911602, -0.6398012045995279, 0.3018378488077654, 0.0547643795099815, -0.5169163971839114, -0.026687937374076202, 0.27111624392042205, -0.41765482626199635, 0.19047430589295508, -0.1152518526039869, 0.13026519408851747, -0.04077246476353757, 0.024209422296647045, -0.32575926537720284, -0.06068246889451928, 0.3241052138573341, -0.23859502515204578, -0.3020750806354091, 0.45321230786803296, 0.3202229169011683, 0.42091476596964367, -0.12914474988068023, -0.07179454529449379]"
"[-0.13092335430555524, -2.4868137817398965, 1.710517361160356, 0.7261618902067346, -0.31569852716137237, 1.0173480089094606, 0.16853057812644248, -2.071079833713341, -0.2323856627150871, -0.1774908130078393, -0.9626864391701736, 0.2682165627507696, 1.105098669627617, 1.6296054245079215, -0.0074810025115383755, 0.0974369653843533, 0.37757101175157876, 0.5348512886051082, -0.9226625658023498, 0.17402394380807384, 0.2821544180975435, 0.1295062875017603, 0.9456740063414832, 0.08608964601687119, -0.3276028634802922, 0.2186595288061461, 1.2952708589974697, 1.438084331483218, 0.015613478832324005, -1.4729793998948864, -0.8719683218898356, 0.6659959810036906, -0.3569089299839244, -0.40143824076574747, -0.37362572476007694, -0.03675805169795886, 0.6543319464379428, 0.505100919134994, 0.7107249362023081, 0.714741547157267]","[-1.4536256423901974, -0.7185277702646397, -1.5012931829712592, -0.20822747501980182, -0.5558611354751729, 0.9202464344807414, 0.7158905505292649, 0.8605737072561852, -0.14345209709660103, -0.3269550933918001, 0.5454020642012917, -0.2383919201742808, 0.11075019443330175, 1.116265135104913, -0.6460232681161591, 0.5496572897042598, -0.21799122988544864, -0.08044453118901998, -0.7799492844574836, 0.4653032687338173, -0.37183288833428996, 0.2250089754792567, -0.20398884764811975, 0.006472974291582048, 0.4848910002376014, -0.8654555308071527, -0.477081684799618, 0.08068971578766194, 0.5513733051537614, 0.22950521804083684, -0.3915836563423785, -0.31086535868498005, 0.6082805137808007, 0.34630737404418643, 0.540714705875815, -0.23031956936283898, -0.31162822345016306, -0.021484188944536936, 0.052375165123776594, 0.41300642222193507]"
"[-1.0200350345240778, 1.1820921717731294, -1.3179649059202163, 0.15559113546511075, 1.68065687453432, -0.30447245144047863, -0.06904368321883944, -1.2458638558266284, -0.2845698681547847, -0.3392380088158282, -1.040100622212461, 1.9059638936770906, 0.007561487509417056, -1.0153041260091162, -0.226752963195577, -1.0336520003631582, 1.305420961751853, 0.8404156613436861, -0.8705580155622372, -1.4789160385979603, 0.24785485017402106, -1.1323685308240528, -0.07140457088035969, -0.6050612858586261, 0.43630689368038456, -1.0077212937051985, -1.3964367406155809, -0.05538052213111572, -0.5743493745824972, 1.4002351072208326, 0.6965325410611066, -1.227738505930807, -0.26378175223640593, 0.5364659397357062, -0.12391287686313805, 0.11482488873433869, -0.3976031159171878, 0.36948462301153434, 0.21709484324213577, 0.1552809180001119]","[0.14883592412046306, 0.19496971066517388, 1.1553859124808454, -2.128930807684532, 0.9379166466118963, 0.4224196141370261, 0.3722097622733959, 0.6617395884951027, -0.29229433861622506, -0.6023887627073008, 0.2329818011543196, -0.46213459505064086, -0.17009112383313643, 0.5312359646293959, -0.6446448648940638, 0.14856316630414726, 0.2818245400626284, 0.17223235162883835, 0.24597302250890873, 0.48057715819354363, -0.09614809676270025, -0.45809100644194567, -0.3335017906894983, -0.3160798633068144, -0.7784603529364702, 0.10742838324591676, 0.07882027569612907, 0.25004616425084186, -0.044479319028801464, -0.09313130309404913, -0.08656195283981886, 0.12498520211974697, -0.6416057939909651, 0.2917426454299578, 0.45851323870246025, 0.6891696488784153, 0.5176509719549598, 0.2044509780488384, 0.26219259019960267, 0.2063072038729429]"
"[-2.0857085456400606, -2.17272854469534, 0.6558820010722591, -0.38927937898933374, 0.729587511879903, 2.1376374671534144, -0.07490459288819544, -1.0297614959638333, -0.7768698200713039, 0.3547330863543633, -1.9919556926376325, 1.8049580462000752, 0.7785446344629361, -0.7858202353494966, -0.8208545752420203, 0.17856321916780668, 0.38513092007764993, 1.3462013723872912, -1.4790541721684622, 0.29635240755390674, -0.4004708427730537, -0.41940372243777335, -1.2971343231450891, -0.2856026785136308, -0.11213641414815977, 0.0654217717526186, -0.5054544503703612, 0.9151889699867753, 0.1701105513753096, 1.2076065526710047, -0.639846625845955, -0.28186400079231905, 0.6290098115998982, -1.4240151461720945, 0.03792440990424448, -1.0855985807648192, -0.8780708666594965, -0.1201650832542005, 0.7258665759344585, -0.6367225135195476]","[0.05573374930729112, -1.280118342188975, -0.4383243646566626, 1.833907478845585, -1.1551513974168437, 0.3370605798487776, -0.6029748454171547, 0.659686938073651, -0.37106407382439993, 1.03926900247262, 0.9727534613773967, 0.19455529909909852, 0.416690857082362, 0.19940133923487452, -0.7273023812252669, 0.225755042825825, -0.07037608831206105, -0.20594697708166756, -0.4025085764813853, 0.7287548207803001, -0.25613677196342166, -0.020380605387899497, 0.012870187122041308, -0.25159264407916127, -0.07675496892192814, 0.1200378553418914, 0.5445044410533301, 0.29223146251212295, -0.1527574831958952, -0.36109664967021177, 0.00024757708784771176, 0.07227583277207043, 0.061920697301484, 0.28082389280205894, 0.36523032534453365, 0.5884715385026578, -0.23364755496930423, 0.5709729660859174, 0.06114437606375662, -0.07481419260058922]"
"[3.974081139530809, 0.44694064624217283, -0.19543057277742923, 1.5463341544601494, 0.4078226880582037, 2.566273963095449, -1.2524229703140781, 1.1810133978670998, 0.5202456299621083, 0.24181178436186382, 0.42109637556629254, 0.18869597136757257, -1.8907867806868945, 0.3637348046645345, -0.47249304058983044, 0.5401032764336657, 0.2625236780689932, 0.1612920195755457, -0.08883719638154847, 0.4614032405621149, 0.6021373258212286, 0.3116955396145074, -0.13485927770746817, -0.1966692916985961, 0.20654197365440077, 0.437956792095088, 0.8578714058224953, -0.2918927234415538, -0.33232693255672385, 0.5321374519888838, 0.6181048745584276, -0.0721201529134833, -0.7081187016723115, -0.8315793601620691, -0.4871141174386225, -0.5234289084595833, 0.19820059795879633, 0.8503006202656003, 0.09776812109707471, 0.060726905568911235]","[-1.3569385583153628, 2.8123951698854777, 0.7007599096093815, -0.23458675903756038, -0.45481366519380595, 1.526524114379912, -0.6301381891633764, 0.0830822420589762, -1.015236106687125, -0.24877252331588617, -1.1183960815229137, 0.39467766461773907, 0.23361469270132199, 0.25152004717365517, -0.4262695102948633, 0.5161540743172425, 0.5446589618593125, 0.7738935113612551, -0.690505529123859, 0.3593164691295156, -0.33835332383381456, 0.5987870160428261, -0.1252106902380902, 0.509394541493748, -0.09880603765206138, 0.10019617735742654, 0.25838445989166864, -0.23590860235367297, 0.01776853416560853, -0.13646062719081298, -0.09195607297680213, 0.15872905566355452, -0.14184800419497764, -0.05501409184430042, -0.08611817300780802, -0.4926993627413059, -0.16199314659531452, 0.10857931122547619, -0.3290377897584564, -0.08408704437437388]"
"[-0.6043572054850052, 1.6005774641633792, 0.2976813189963559, -0.07273451275177363, 1.0634013694946325, 2.3441294077248216, -0.5924068992139996, 1.236469457007195, 0.32078719227316527, -0.036078516699787795, -1.740187488213825, 0.216670583583537, 0.7253133216401174, -0.7174752057090156, -0.5716101762001481, -0.18044659420238715, -0.9728945992483699, -1.257534495606332, 0.008916420731557594, 1.5014137143549144, -1.1292467825142356, 1.673705490445763, -0.6029210005870244, -0.0747072486628732, -0.20436853656284446, 0.8785798789426696, 0.8586877887183544, -0.11153678159206606, -0.5499842679455685, -0.5713767444338282, 0.23742954886420897, -0.018140494387021342, 0.046790588144677965, -0.11584330067146012, 1.8477669918725965, -1.5781258559172466, 0.11430050647978211, -0.08657471815370592, 0.4504336815473462, 0.0708197801539283]","[-0.09795585375072072, 0.6600305594458725, -0.31641528468190416, -0.20267186104038962, -1.2425057495015202, 1.5558283893321263, 0.40305648381542036, -0.4787354043066128, -0.15329268665210816, 0.2760791917653465, -0.5346818829250335, -0.26935311291514097, 0.1026553835712963, -0.5142266112627953, 0.672427102864061, 0.141336312827365, -0.8899764414433735, -0.6023309408020643, -0.5315914486539436, -0.2965791647555303, 0.742845462843036, 0.6805872547608917, 0.19361969415825095, -0.1704040970930307, 0.022250314810646786, 0.12466465778235658, 0.03279464811211147, 0.07198896550409709, -0.5776059942119937, -0.3057443943470968, -0.1109797098364557, -0.020072297891964925, -0.07304071454201809, 0.24128298260332937, -0.04011448762549208, 0.4437994692726116, -0.7866760142179289, -0.382289812378427, 0.6854796468093708, 0.14966446762096677]"
"[0.3720423736362143, 1.5616230321995415, 1.9578773128920148, 0.33674824895034683, -1.0587836014400498, -1.0355963975654587, -0.29165436332796435, 0.8212326890967571, -0.19619092145415362, 2.1720117687115708, -2.4424785694566586, -2.094332773731424, 0.16999066631711693, -0.16885936615415592, 1.1913063843133078, 0.2704131330880563, -0.5353695274920862, 1.2095705299441766, -0.33260566478347336, -0.21810108535912948, -0.07394456979372853, -0.2653433851274172, 0.4871211696243631, -0.1543622011536116, -0.6123121929548113, -1.2016870643313604, 0.4790629377914621, 0.5117503682044346, 0.48883547017691537, 0.09127722498685026, -0.31628413215685747, -0.7996379407279972, -0.4157601597574644, 0.6221699585797071, -1.4496699083195042, 0.9318726561135772, -0.28835728626650525, 0.6861470120580001, -0.035628447583820895, -0.4383301569558179]","[-0.4041281647289009, 1.1888122773971335, -0.7429727282885754, -1.131043554649419, -0.3930218424742119, 0.4297062131509463, -1.0146354387059753, -1.4389365665351936, 1.9784012098924533, 0.6602681398543759, 0.8136219871335081, -0.027791792779471785, -0.35165109486453977, 0.6760383618022661, -1.0051793428110758, -0.23651410017948998, -1.3498943604600029, -0.06993125530427298, -0.16006833596602976, 0.19252537921646712, -0.7480216068835008, -0.23310827988554547, 0.25580453695037875, -0.04079644758378933, -0.36233343841174115, 0.9358470441631404, 0.5054834359080231, 0.12765504983177423, 0.13875024557439353, 0.32328996358356815, -0.18924277123313005, -0.06833498748452992, 0.2517084623420881, -0.21338866307219298, -0.15500883830132334, 0.262338803336972, 0.003997989648113461, 0.3873247676680684, -0.13185590224547572, -0.2719395388773654]"
"[-3.0606864569363084, 0.028607734121204695, -0.4026436809320904, 0.46527847291730656, 0.08770970914771935, 0.4705421803080727, 0.387378278110405, 1.2039851936571, 0.10307595457245454, 0.25661000134354345, -1.7025580526513973, 0.24136343260722273, 0.41187422553633385, -0.0766529766625435, -0.9533350948154996, 0.3530143102823909, -0.7759571236202126, -1.3891429594972107, 1.1785425090438337, 0.5615512731438235, -1.3761973388738873, -0.3862356208466922, -1.3397605104364272, -0.36900089072849046, -0.13299582431557397, 0.48896454469555883, -0.1446108194723135, -1.513016208690893, -0.3614781973477349, -1.2937866155339703, 0.6829211744468352, 0.2964201476849199, 0.28097910917062685, 0.2189634047418485, -0.07177355075627093, -0.3792882903937315, 0.3661897615161287, -1.113505766099035, -0.1374716622462114, -1.2761792225863566]","[0.612035519171494, -0.896043684178566, 0.2601006962001772, -1.0720762298242148, 0.21081724470694244, 0.6158680679433298, -0.41236767251255174, 0.6305329874200947, -1.1445068330035713, -0.4408108234188476, 0.19794863105260008, -0.5068420931312246, 0.039072711615229974, 0.4481311642733762, -0.021546943946745622, -0.4202762178272784, -0.3766374640781614, 0.05503550282057398, 0.24356673574289317, -0.16606972369451636, -0.4430017130514357, 0.22253239907142808, 0.16926517482356598, 0.6621812292146151, -1.1224598243243487, 0.05656692967789252, 0.052459398628149655, -0.48847485660458506, -0.07506591495080586, -0.5529277238871494, 0.2543431022873905, -0.3230406863186005, 0.10618954174926928, -0.1222481077717466, -0.28195104471853755, 0.04692540996432687, -0.4316579016107239, 0.11600794155643868, 0.18273165786223214, -0.34201315301846946]"
"[-2.123144110965712, 0.5206725160064835, -0.0406487231008106, -0.8574739069272277, -1.8452845819173855, 1.3537073070046657, -0.2127935112633453, -0.4695872994501728, 0.7064501317407459, -0.836898363739191, 1.1541839127888422, -0.10444744535504766, 0.021952874505129644, -0.46397895220261776, 0.9881568658844742, 0.12755326003639056, 0.4872861280731584, 0.3527948192072997, -1.475818487597445, 0.9251455800515467, 0.5442440064918611, -0.1257460444521685, -0.7649561896932131, 0.3667046787126901, -0.4297119859923033, -0.07379408091081241, -1.4788790234543432, -0.02800746107397333, 0.6045218685268205, 0.5105117813453255, 1.0864202679760955, 1.218715374329319, -0.29702939035795595, -0.7186802845581469, 0.2145243333714732, -0.6296240463809937, -0.5420804024303253, 0.8008898592655015, 1.2342372172645768, -0.6793782306281]","[1.0851376963488493, -0.5627686657729418, -1.4295751115941102, 0.1838769032783012, -0.6787836270060649, 0.5199126988433745, -0.28291625333460635, 0.15097848062764133, -0.1996441904366521, 0.19018349074660332, 0.24747130833294595, -0.00899105529050986, -0.7965585276307329, 0.15280534529869244, 0.04668646750081367, -0.09638104539790121, 0.4909213278036227, -0.10430916512588802, -0.25171439956760094, 0.2412263911628399, -0.15688608212640787, 0.07477726275908757, 0.1730984677184948, 0.7625632540217853, 0.29886536225246785, 0.0796050994514542, -0.5964711338327457, 0.45611753983649, 0.23517884522999571, -0.010072530201475152, -0.2790716938067297, 0.09037057073134924, -0.12721318986163827, 0.08273441119194591, 0.0724543617269504, 0.030030243853953538, 0.2766402404559557, -0.4720081909310819, 0.6780947314452214, -0.2361071056551329]"
"[-1.8202422923720616, 0.09115397118689425, 0.4168207599007037, -0.882747513585472, -1.6133765274080207, 0.9444992471558528, 0.7635881926490328, 0.5502395200010556, -1.1959944624996168, -1.6923164686229524, 1.112633116340234, -0.7002284790609615, 0.224343142888505, -0.5637572871382321, 0.20430006760177807, -0.49571431318716297, 0.4001325186894695, -0.06024033939405163, -0.6891795282125417, -0.345749902780163, 0.8227597534503737, 0.20021835904869414, 0.4631777934016771, 0.42719962314803955, -0.07544505453464208, 0.8144431233774194, 0.24544535305704174, 0.16013534715065686, 0.7483139271905228, 1.091517909942594, 1.3345045370139677, 0.19638856217319708, 0.31337695278231437, -0.6582447653909542, -0.19122603514436187, -1.1724813078420733, -0.7401346343641131, 0.8358970347110983, 1.3773702082769108, -1.0705476706223966]","[0.06281732330937335, -1.2864423565185399, -0.10756647518856637, 0.12228627826159177, -0.6379055540860082, 0.5092779711310734, 0.9277926419633334, 0.21873499902184482, 0.5794553657782932, -0.5068711698610827, -0.09668282495431312, 0.6117393984194153, 0.14615819540085637, 0.4024057226328497, 0.3554604465459224, -0.05185619095297557, 0.4078878614342054, 0.05551220513592957, 0.1311428979557557, -0.12823348934624004, -0.059133017217337144, 0.6019719160707174, 0.049282563295251526, 0.4888348839477528, 0.8308778827761434, 0.11058647927648023, 0.2058830567354188, -0.3269134163613362, -0.1784159068449627, -0.015412252983665876, 0.37237566580984516, 0.20031592986131197, -0.09497444646012494, 0.10737632212358636, 0.19186153403348902, 0.2688845125616463, 0.27474793848847584, -0.33594871939430687, -0.43506924575603, -0.29898961816654446]"
"[-1.962864442625363, 0.9533152227034555, -1.078910565306257, -0.5972389224517997, 0.5697530224457359, 1.1065219471273622, 1.189180202018459, 0.6023634288160534, 0.2607630243066785, 0.07372071347344099, 0.8353267389581702, 0.8154874386919188, -0.2064301113702793, 0.7282223632152259, 0.8163123106712381, 0.06468403659301045, -1.144870943646276, 1.6550714206101984, 0.8620330076513193, -0.8692063476656137, 0.10543583109513731, 1.132632554961986, -0.2803362999061915, 1.0023387023697028, -0.343352863142432, -0.8126583833765059, -0.6607913933952636, 0.016765029985485375, -0.518446749759779, -0.34510663350146653, 0.055505311109961375, -0.002427048295598673, 0.601100309201995, -0.14603274367119898, 0.8824977081611116, 1.178443652974233, 0.5066237098303834, -0.06928406391345109, 0.5751814534140566, 0.17955120562325413]","[-0.48112376690526876, 0.2568035636490711, -1.3956634254999793, -0.5682147091483456, -0.403187557679309, 0.5288698571229417, 0.056607026900798586, -0.5984759223848628, -0.06594349436413025, 0.10942808218957607, -0.17257286527471025, -0.35538093166079837, 0.8784722189588623, -0.2896061218389433, -0.5357993045006214, -0.41852319631604196, 0.03858197903516103, 0.659998483340176, 1.2668998995153433, -0.27792180264111827, -0.6704659974970271, -0.7281849430728755, -0.4531092673951729, 0.45455700522903136, 0.019211684516897632, 0.25429916912733774, -0.14562829618029038, -0.3325175745151922, -0.27212742448161664, -0.09068170980106466, -0.29452932188955705, -1.0517029692673896, 0.05661699434896082, 0.030199546156455134, 0.11455292693268546, -0.2900247857775019, -0.14443343237595704, -0.41758584633245177, -0.023170886636092864, 0.47218753878900066]"
"[-1.719272526071751, 1.810908227557331, 1.4043572499868737, -1.2379278628142356, 1.563256666053188, -0.43777243231593244, -1.484462349850336, 0.968846313345126, 0.9078949129792917, 1.0238787776849154, -1.2919230808635649, -0.29172072480443134, -0.31493407421343994, 0.8079612909136386, 0.6627421304665674, -0.17997240929683997, -0.1948277697557961, -0.7051900997530043, -0.48336443613285845, 1.3376736414753643, -0.8160637517128267, 0.4252006411335847, -1.007911754553219, -0.057564832862203374, -0.5077122425898024, 0.3038323061047874, -0.13330194430216094, 0.10351241581236693, 0.4283254597346349, -0.69237881663559, -0.465291512939066, -0.8209073329973096, 0.8554405664422663, 0.9897619088390005, 0.9698712368821092, -0.47355337897941113, 0.016920447858675823, 0.07437167395172402, 0.3603799461097379, -0.31802353956791907]","[0.5933473345970418, -0.8766004180292499, -0.2794803839221065, -0.871511886519576, 0.031933573873454996, 0.9840602450135009, 0.18628338106469697, -0.7024666247079371, -0.05243272046090315, 0.6131312956580909, 0.529318964575047, 0.08927265317264808, -0.15598806782218683, -0.15688330242283868, 0.5131242151591126, 0.14941452645942693, -0.2701386689217821, -0.2832325198324205, -0.19655662292652387, -0.020813622435037604, -0.17071863918668395, 0.5092315995434165, 0.5623174830684401, 0.004296980520000128, 0.033829291471413225, 0.32632681082093234, -0.07412094471727614, -0.30168412761913493, 0.027297095562948247, -0.17040068090561936, 0.16923805890277296, 0.2663015456346359, -0.25334789931205365, 0.03962719471037921, -0.024988662019185193, 0.18443635302542555, -0.12184646135150573, -0.05100494777322979, 0.1169433815170004, 0.5868735498275147]"
"[2.9689229089907068, -1.1194499421610353, -1.4213779876266566, -2.248762265163126, -1.0259262505893219, -1.4637950442330359, -0.6941580280263012, 1.0838836290377332, 0.19554440196032735, -0.29893318341360103, -0.7116100856722892, 0.2718729083758058, 0.0032033915737162064, -0.8129168145193423, -0.3479726244003786, -0.6812823637394634, 0.15461600398788922, 0.178211985887738, -0.10856773563315195, 0.9181868175316027, 0.16065638593680184, 0.7370157564721999, 0.37645296969539516, -0.4372928468975797, -0.0406102801435772, 1.0334555340615519, -0.19618417346607914, 0.0006831275106962825, -1.7130340096133385, 0.6731889603139235, -0.5672175942902916, 1.0360165393371783, 0.3139541156365498, -0.04801170587361026, 0.10036649172630267, 0.009921760875723258, -0.1558340090930896, -0.467516877650703, 0.5601672525981523, -0.019466876410320876]","[0.22806355818136223, 0.3259607831420279, 1.8004677754932186, 1.2375676601400412, -0.13868099977206796, -0.27346164170255366, 0.7413301282059798, -1.5658260212236694, -0.8282928254050792, 0.05011956750714281, -0.4699977308062543, 0.05392871350908625, -0.2905447137605895, -0.6155711846045044, 0.1693223786248145, -0.11964667504942028, 0.2693383371149457, 0.9408760731048295, -0.24422850759464562, -0.2861448053468945, -0.6905306513611983, -0.016860574616110888, 0.26148873843388715, -0.007824834184022904, 0.19427496502086794, -0.11877341788121826, 0.43830039912253943, 0.0004923675442859957, -0.5800508405972888, 0.5017769851695695, 0.35199887434940574, 0.11553102955278939, 0.09197634634196959, -0.013341751883430838, 0.20290314840491272, -0.007689621049563043, 0.13855206617694565, 0.19210870186234422, 0.1975607563445232, -0.14137141282908935]"
"[-2.558347220236926, -0.4378415548495736, 0.5031890985917806, 2.238348232257161, 1.0912400258804646, -0.14863153199127574, -0.895413146562117, 1.2165726470793474, 1.3893984847207954, 0.7894402084474184, 0.5347294184161322, 1.7412237936495278, -0.23434742373996095, -0.27768546550693746, -1.0857501956654216, -0.2663306606225582, 0.9636018008736594, 1.0708864270765894, 0.4083807781626489, -0.34494976218455725, 0.7871427312978408, 0.2744689539585334, 0.4332791904109275, 1.2968947200543346, -0.8818274977231523, -1.190366315273622, -0.2700455350959329, -0.650913799273139, -0.7348352306472653, 0.49501715994013923, -1.2090498693166136, -0.4208269185337528, 0.2655345948257561, 0.30549918094208395, -0.6927594666303024, -0.7582327991279135, -0.3964988298781749, -0.23638854464338746, -0.47604008673942844, 0.36209232992928625]","[1.2531087610948768, -0.5900476465474337, -0.4414210727178108, 0.05803108069801122, 0.31488938754622287, 0.18162750678196304, -0.7292542342406207, -0.2999916926509686, -0.37022703053220585, 0.3990914413597324, 0.2203218222758028, -0.13333274977058482, -0.0899014336874941, 0.10013778330623727, 0.12952201131975546, 0.514178931773117, -0.10339804476244557, -0.113747002264346, -0.16756518566684597, -0.9092314231246839, 0.323303092121975, 0.18351039410920775, 0.04714465605872162, 0.1521566331253011, 0.1388188734629587, -0.5088436150822678, -0.23697056186361123, -0.10026015965932446, 0.4335498661365135, -0.5184672364161522, 0.2138801279648393, 0.3534080413057745, -0.008126478704132903, 0.09307812381448975, -0.1356121666661778, 0.021718440329515056, 0.06900534226896476, -0.12331740388891461, 0.32068515005820036, 0.40215343834375017]"
"[-1.8803270288135419, -1.0742518295413142, 0.4729317908413665, 1.892328088309283, 0.6570290094063714, 0.08996829521062084, -1.8373606232663837, 0.052018822339445055, 1.6751131068563165, 0.27886474527262306, 0.9876578700434178, 0.8491872071084166, 0.5254718039896572, -0.9897776432532457, -0.49815165891187557, -0.7723649082516483, 0.5578123707946061, 0.722664317429614, 0.2974315977855119, 0.2851278204824762, 0.2383459785004486, 0.06336378866208707, 0.9608663631812123, 1.9110895218683608, 0.25604570758942996, -0.1123681259195887, 0.5344196774608424, -1.3768911835767368, -0.7282421635120717, 0.7072202475047954, -1.34325275401349, -0.4040698804800801, 0.3934995329813517, 1.6346415245575063, -0.8560563417568263, -0.8715054359445348, 0.5670819139317326, 0.28588428140542166, -0.41543248608460415, -0.31622255113280207]","[0.5708362549704036, -0.43202146725572454, -0.708436688057226, -0.3209482145789878, 0.2260083843938014, 0.598018689470159, -0.33245084636563255, -0.24181709597919426, -0.20288472109166542, 0.4843104181941982, 0.8338597099234686, 0.7865831644923192, 0.055993212565911436, 0.2799747016791322, 0.06870490229329293, 0.5524511564289571, -0.37108386877731064, -0.16864500803032803, 0.15133108072300505, -0.5166477368698348, 0.32200775988536734, 0.44801563594681837, 0.17923824874019065, 0.09489514529267967, 0.599166515927938, 0.34198778081927267, 0.13741626206084562, 0.2942740910349939, 0.3331693300730429, -0.24130201702643975, -0.2076594781742109, 0.1343178995103665, -0.22226859125955925, 0.34355534826743245, 0.1309480245868414, 0.13576287096314155, 0.21864985663092498, -0.7113382365298281, 0.017539424862883308, 0.713345926750281]"
"[-0.18599956780565727, -2.2076412350445733, 1.6700688839106559, -0.19977822810007342, 0.7241846823831412, 0.09870907301330992, -0.6861476280992552, 0.75309881825868, 0.04126082184276762, -0.5243809409618767, -1.494357232903238, -0.09060190325415521, 1.0775246843768003, -1.3163245687521354, 0.49082421054039144, 1.197566594780501, 0.6749815963339798, -0.6048453588765068, -0.07050347054150165, -0.8827809749903458, 0.11031449282209205, 1.6997317517278803, -0.9781116941423881, -1.2817404945577313, 0.8725297312330095, -2.263617601663237, 0.007491161620047367, 0.5893652909760471, 1.4391537795876594, 0.9318035519328334, -0.09890995913033025, -0.20383507627719727, 0.11522460437336056, -0.37548699610831066, 0.3782791781532528, -0.19088438785989548, 0.8380226640422438, 1.4150065389751394, -0.47073851510323284, -0.015696464155246195]","[2.0097164423093767, -0.30660025290514975, 0.2300014179866943, 0.09825734089053763, 0.3825351131677333, 0.6018502315850276, 1.5176707827818066, -0.17264027474382113, -0.03597947289084785, 0.6309477263674906, -0.5548569586890727, 0.5072337039267502, -0.30700923442770484, 0.22436620382745137, -0.06633250678104974, 0.11498629552831811, -0.43913084796591134, 0.23291329951224035, -0.19984555247006092, -0.2866297133113636, -0.009167880713426188, 0.1259674572136316, -0.3513655824526066, 0.2048903066742092, -0.015604163155548962, -0.13883709282305734, -0.1810158516394842, -0.6199586462789544, -0.24703074644559897, 0.45083573206839533, -0.763928095331132, -0.03476582695250147, 0.09126950450817987, 0.5405642105055442, -0.3958855581329064, 0.05263172310544593, -0.15245226228834488, 0.5109320196413958, -0.22196608337872545, -0.35697983033648484]"
"[0.9487424050111901, -0.23250051991307322, 0.18259354223275412, 0.024222249179407653, -1.6889588597646399, -0.8456197648145909, 0.6104434479901027, 1.8167667159098515, 1.3061240823548004, 0.20530231430276077, -0.08319535463990539, -0.9846456591951086, 1.0323940742642828, 0.4049800642891012, -1.1550849056613253, -0.5490404910285234, 1.774815231008858, -0.5327617766676078, -0.5972569185377761, 0.9690339724576292, 0.16696065889519218, 0.42655335288463686, 0.5022308132508213, 1.5057129010126806, -1.4383999985019242, 0.2796906187991851, -0.619625119579134, -0.6360986453168508, 0.11843906559172691, -0.4881784508857619, -0.006730276873681936, -0.011932290133529814, 0.6480165204536654, 0.10953927358304331, 0.023081655942424787, -0.09557741185979957, 0.035824235377697154, -0.1916381915095355, 0.41559264101522236, 0.4548673946162772]","[-1.251651940309929, -0.33635426108654387, -0.36038529105595485, 1.0589265454896506, -0.329794858818541, 0.4427448146121529, -0.4946049696216871, -0.8108195547970684, 0.3089192862102887, -0.7457633652713849, 0.5109753897874633, -1.1151825606309735, 0.8365363837912607, 0.5708868268504468, 0.06943100173592397, -1.0206749208871904, -0.061770834321968275, -0.20508336857108875, -0.7075940322127237, 0.015905396536746438, 0.04722172074190224, 1.924511877980799, -0.10086566184198734, -0.6221938487781333, -0.36747894910917916, -0.5507444220330311, 0.6550029191589278, 0.9707478949194651, -0.2232692029728936, -0.12478639386785059, -0.28200430798765597, 0.04282208344587843, 0.594291474016559, 0.28235388190485233, 0.3250512311340435, -0.11332954563669681, 0.18263570929471734, 0.21400664334183217, 0.3542524436478063, 0.7488417645199498]"
"[4.495690054109964, 1.3571908330527835, -1.029244969346111, 1.7150116694978035, -0.2510056485632943, 2.143698028097506, -0.8696389418029383, 0.4004722662765948, -0.4760997684929691, -1.0911481900401379, 0.11955422865397067, -0.06446912763623075, 0.4045470943353377, 0.19036087428745926, -0.7850066158864007, 0.34930389294715686, -0.5014048962999671, 0.3183642749654932, -0.22192216110597562, -0.4886045442703668, -0.20802494639864713, -0.45484577400390497, 0.30171222066658976, -0.04624042492874483, 0.008765402356146717, 0.4378163175835888, 0.3704001765391956, 0.3197562629838042, 1.0242860805124858, -0.31759001068974524, -0.04359508643590513, 0.1771831756498, -0.2943195381716847, 0.25377893345097735, -0.11900726868513586, -0.5806418018178402, 0.5636950769994781, -0.285253731922694, 0.1025744315981239, 0.5953179238769211]","[-1.4257818040190706, 2.557308528686939, 0.26713395214936186, 0.2304828111897489, -0.5698759179294423, 1.0304022213748705, 0.18837250012439663, 1.315011453133008, -0.14426729125494456, 0.03588233819387355, 0.1684336311324378, -0.5207368952116275, -0.20544530423409751, -0.1867085084250966, 0.8353794665913103, -0.23116767642808056, -0.3137057007616994, -0.7639494674971085, -0.4732968898639823, 0.3385312721347971, 0.1041477156818629, -0.5535040493524049, -0.007668841640103726, -0.9872269270026313, -0.2674052725208856, 0.38294970280798246, 0.1864986907189656, -0.5379369052991115, 0.33711890156688795, -0.07981491657626162, 0.21449138710084514, -0.15093576794192354, 0.05485091166193127, 0.45991320525415263, -0.22455611425301156, -0.03967906823621257, 0.1349427691641376, -0.2497877044729888, -0.1292906385839351, 0.06264487701297115]"
"[-0.2280485528797304, 1.1845260194210931, 0.8016681726424808, -1.0553737940762442, 0.21457485468472132, -1.218365242835893, 0.39890351672222113, 2.827256787068284, -1.6906509221440578, -1.0965030436966774, 1.8202958450393345, 0.12712546812295708, -0.6915922216862955, 1.2183272814072335, -0.44103802095035494, -0.5552786070676666, 0.9713924612709024, 0.03878566392477648, -0.302167894987987, 0.11406470423853887, -0.4184587869064512, -0.7012081414212169, -0.39307186707380853, 1.119259402400942, -0.4728485563710418, 0.9278555247388339, -0.06464780281820337, -0.391832821796298, -0.10142450840645263, -0.650487177411626, -0.9701310235748565, -0.5259441496848967, -1.0602888919751983, 0.16023268171718333, -0.14792007215161274, 0.4686699373364921, -1.220985535002799, 0.841605378922555, -0.393224742515546, 0.373354397576771]","[1.3669890774337865, -0.3221619223705357, 1.263170566044538, 0.10635504089226173, 0.5452572785606582, -0.17246248387000668, -1.0430528793471399, 0.41519409294547266, -0.6768826046523028, 0.28988150957236497, 0.3946479141152125, -0.4625452218753674, 0.8021918557137669, -0.6495263347915531, 0.1516516343015015, -0.05034963916375663, 0.7098988790498185, 0.8608536141377644, -0.4303637880142107, -0.6952229294545978, -0.5858161013362211, -0.13250776083151639, 0.02116769625675887, -0.023653227109220715, 0.5153818249552296, 0.2883702957297488, 0.28732457515123433, 0.27016046724554293, 0.41624507559153623, 0.20983121284908685, -0.1967980691160233, 0.379127800968219, -0.18312461399097732, -0.10538811887103196, -0.043545608989765956, 0.33414609990233624, 0.17322789964403795, 0.3336441885002566, 0.4203407273970171, -0.15850733794031907]"
"[-0.5970716622456095, -1.9234247647621043, 0.746941074570158, -1.0584486156154496, 1.2216963441260702, 0.33554294052055467, 0.21633640620849987, 0.13537074611613156, -1.8014218566838096, 0.4091312689103121, -0.8435898414508386, 0.02127905177839518, -0.7384239597570822, -1.5046937144700463, -0.22829950290004225, 2.1705333129788813, 1.3473690854258282, 0.4490735564675366, 0.09923121989216782, -0.35550033759809263, 0.6219524841974884, 0.5729204304189346, -1.3426697950087776, 1.1718758555188873, 0.7532565914376175, -1.8362738049839522, -0.22001231533818097, 0.02455013926703703, 0.8607094617903174, 0.41260804725076494, -1.9307765938499941, -0.16744351532688687, -0.2266233710719425, -0.15608708934216384, 1.2873639857072898, -0.42937851126204507, -0.803458420362368, -0.24351140208761235, 0.5262261131404958, -0.9124261304485295]","[-0.2546741130746258, -1.3937644963649294, 0.9781651427499757, -0.056579494884846135, -0.15715353115735783, 0.576622600694876, 0.8494662130775419, -0.12429852668441549, -0.05297161647000937, 0.9761387489960388, 0.13600959620538813, 0.9825479289563679, -0.3280343429546109, -0.021221870997807646, 0.535944997896166, 0.2479110294627391, -0.37421976615113667, 0.2287090135785025, -0.13762509872636577, -0.28862502362870784, -0.22578238049186564, -0.030980281133880804, 0.20553715149308252, -0.0025823374951782006, -0.3465009932118054, -0.1872661385823426, -0.27127582949376583, -0.049276193622531904, 0.30068088591066444, -0.27007382613175585, -0.4200353144885849, -0.33880052345552725, 0.07198016778108575, 0.28216083046501833, 0.15090735654909543, -0.06884623125972988, -0.226345618666087, 0.132804481459785, -0.15819929054938747, -0.27030106455019715]"
"[0.3047658949312801, -0.4091071937487291, 1.4051348482238983, -0.2730964569717289, 0.6517370191956643, -0.27794333440513586, 1.1333483701228468, 2.1337264431292358, -2.87038775323612, -1.513837144951659, 1.4623030046082945, -0.08549796433061699, 0.400270196773121, 1.4685547855112542, 0.38699199820736174, -0.5353389559102503, 0.14399668324741371, 0.02432260923222044, 0.017261398330274694, 0.07366764443268262, -0.7652571482939979, -0.8945930993872175, -0.08788537340765146, 0.8967389052453002, -0.27790073566537477, 0.7795466275007813, -0.05678930125799642, -0.7006690849961431, 0.2643142084912853, -0.13512130257457677, -1.0913665491137328, -0.43638189420202733, -0.9926904959428454, -0.34760035053103516, -0.09750947850065558, -0.49521372517340234, -1.023369645944253, 0.13463807144771248, -0.07238497562906225, -0.23670188199214603]","[-1.219043183158178, -1.2616915319071158, 0.7745534336235064, 0.7326757144769036, -0.37551616165022356, 0.482773625422503, -0.2455188602612461, 0.338762232671479, 0.051101805136276254, -0.15396597741999973, 0.4643317366153751, 0.07325383158632191, 0.3890911927588722, 0.07316807336029546, 0.026553957476184758, -0.2210273830728896, 0.39693442131513673, 0.011506339996313753, -0.8229561883622728, 0.024172425714217738, -0.6486958459592017, -0.5989753366102802, -0.19249372624334854, -0.07224674203497904, 0.06982263944183516, -0.1016321637260729, 0.1815324243541984, 0.4163917425275703, 0.1801738181561168, -0.6125562133963328, -0.11871738285365725, -0.11111332237382039, -0.28900989721522796, 0.1802314073978729, 0.29679008128269324, 0.09560860441923136, 0.24418700377857858, 0.024399799880554313, 0.5110537971729721, 0.048249261046996686]"
"[0.609862385453998, 0.575554101129023, 1.3333368654296756, 1.423101774408886, 0.9430939482844758, -0.016199118599435822, 2.3001278810956864, -0.8831006222962101, 2.550878733830277, -0.41904653200622105, 1.2776053374657106, -0.8414825940363245, -1.7377656491269478, 0.23690288218919894, -1.370159906897596, 0.11439889048842163, -0.731886879157356, 0.7427063183011119, 0.10516628585610746, 0.8834024244467208, -0.2295737694980082, -0.6617586022650717, -1.8967641673233648, -0.11765396634645213, -0.2213898057321342, -0.38331133568459796, -0.6492761590880747, -1.160132678142183, -0.06329633309767718, -0.4759495526079668, 0.14624313598692879, 0.15123721328816575, 1.302941096920546, -1.259334762010854, 0.7041632731529763, 0.5856465546201655, 0.5199578975287098, -0.44289997211992077, 0.10843256800400265, -0.20747577052890978]","[-0.3577885554101275, 0.6861437176485125, -0.5257068362559143, 0.6814092453221325, 1.226975240859843, -0.3048751657465737, 0.340587738632511, 0.2471628923810202, 0.5689986428938317, -0.9008833674717578, -0.24817663773705714, 1.5566057330016239, 1.2463422246398344, -0.5735168057266086, -0.538644311843416, -0.15837920342517764, -0.36150377856148086, 0.6792098995426075, 0.3288659185757799, 0.45187578174306114, 0.7945104661698447, -0.430759677389032, 0.37828347063852874, 0.23453058410322822, -0.2527990469901778, 0.14548348826633323, 0.1492418732490722, -0.7336405108850946, -0.022923048574835715, -0.2811891558740042, -0.17353301005914484, -0.3934202439995981, 0.552607878306331, 0.35572365929105443, -0.12865103783752949, -0.15894471420093928, -1.1597347311933444, -0.6653518825189907, 0.2744324971686347, -0.15807816457829182]"
"[0.4351085772734521, 0.23438327581896934, 1.1782830082058038, 1.6237257427267846, 0.7340944762573388, 0.03484237285547573, 1.8777004955324696, -0.4272526500711832, 1.1666503111199276, -0.8961206844424476, 0.21738304550314655, -0.4000072386619057, -1.308360678442561, 0.4373675840327381, -1.0645533053876062, -1.049251005822014, 0.06114762909201704, 1.3175533132183816, 0.09334042515998141, 0.2388373570985136, -0.563979431876138, -1.1637223971490078, -1.7092613440675921, -0.03174001469319363, -0.41943575043319725, -0.8189770836968604, -0.4217383832696425, -0.15153384651703206, -0.19740950814578664, -0.32988043883504614, 0.540853206783652, 0.6599538110536753, 1.2880468116701982, -1.4354017553947076, 0.3949059587176743, 0.7791620094379665, 0.18294505658274418, 0.06038054057196307, 0.007242968374340139, 0.0001468554542620081]","[0.8034862753139782, 0.4153913709346559, 0.16070334064754632, -0.07229671230141568, 1.0730995193674706, -0.8378234169135452, -0.8505417106842023, 0.6907348992448814, -0.4582188392464884, -1.0718875020896466, 0.33182043669783945, 0.594109348609347, 1.0717775995663146, -0.7058482087601113, -0.1673592499966075, -0.2953598294655482, -0.6982523263092171, 0.20248956127473863, -0.002395654198669438, -0.41820849932639464, 0.47707581241243496, 0.20606490247195186, 0.32274182114967326, -0.21005515328667007, -0.014868049735891798, 0.18219869215105858, 0.22112386282912194, -0.1805874639004208, -0.39680975080937736, -0.08802614867402322, -0.20353153185263073, 0.06341048938435796, -0.45265589492808705, 0.4754304946736633, -0.41757518305078095, -0.44539529033432274, -0.36082657945272856, -0.5976010956080938, 0.0029197560165385873, 0.14299311086026997]"
"[-2.666467093823196, 0.6188942018100321, -0.2453291742661928, 0.13169474545838405, -1.5379149956413614, 0.19797401662533748, 0.12794326392490832, -0.3350805605452212, 1.0005798127125323, -0.7239997608365231, 0.9218966347952035, 0.5987790273913037, -0.4343459576483446, 0.4890751430244187, -1.0932915857404544, 0.4718352336419052, -0.5687479432555594, -0.9571194778661817, 1.7424072629246004, 0.7805102327863952, -0.8868220233344627, 0.9487341783611337, -0.3321204652603682, -1.645548562828761, 0.3772789756148163, -0.11703470375425708, 0.49814970803294945, -0.6875496482284914, -0.18874908319662634, -0.8179896371844804, 1.1311135355501365, -0.06264516923199791, -0.9736809743883267, -0.004156333514673477, 0.2638399738898286, 0.33585099107845445, 0.3628802604779385, -0.19344846796445964, -0.7744479839215966, 0.7033413479466517]","[-0.670068721887695, -0.8504267542090554, -0.18520292278837527, -0.6335334556285016, -0.40054513387160895, -1.0675459492318093, 0.5539600629335247, 0.29511037434993825, -0.632120956062288, -0.696843278233096, -0.09260605000892139, 0.19821040786923816, 0.4683904472740251, 0.81587732283185, 0.7181183137546141, 0.46638659817912553, -0.4307974865696782, -0.5173541854648323, 0.2588422768989245, -0.12373677442887653, -0.5049930493650165, -0.27448107013076406, -0.17355005241804322, -0.4820908014498408, -0.4326805989978633, 0.4317816109676729, 0.7153574544483311, 0.0890635811417774, 0.7856611812670056, 0.2366799115367703, 0.6592940880515239, 0.13860875686340826, -0.05769721341174388, -0.08023787985653953, -0.15651936966945884, -0.313310461132088, 0.21904550945637793, 0.010171901733006708, -0.6467880226393447, 0.09603076574902689]"
"[-1.5381140352347697, -1.3134619838789239, 0.01626939115090247, 2.0230681698252955, -0.2744149330512808, 0.5524186435873263, -0.5867398374660381, -0.6105058621136923, -0.29359735039431184, -0.5675435978425123, -0.7415148053842334, 0.7616166093618031, 1.2383705908796403, -2.1594897246483034, 0.14559825233032878, 0.03864862113320392, 1.3925103708419944, 2.2557644090783495, 0.22674052602429165, -1.3691380199112897, -0.8338872907012289, -0.9845746097348458, 0.973861100785679, -0.09424256540129372, 0.36918414787415504, -0.6322845151383003, 0.838364900287317, -0.14630305595780116, -0.277494373046551, 0.71734274942939, 0.031150681769531265, -0.05866056790832148, 0.2543721174012234, -0.7461751621615375, 0.6258146780816182, -0.45108908667490694, -0.33685135155315205, -0.1979424873645203, -0.2848099965302458, -0.4249300289748077]","[-1.0548050670066285, -0.8394346238337591, -1.0292674817536849, -0.3163431152167822, -0.43424233506722115, 0.35400340095210076, -0.23617501682697567, 0.08778303644418527, -0.5463912295268083, 0.13483028070034023, 0.19701483494857136, -0.25117501375213747, -1.1649986792201106, -0.06307331285327916, 0.8358379134088415, -0.29422300843364496, -0.16807122191299845, 0.8777246215172694, 0.6544149299482688, 0.5450543492783555, 0.06201736396717041, -1.4050386981895802, 0.803758067588085, -1.8527799496221202, -0.7800144738584593, -0.0366652760818842, 0.368858040244603, 0.18157062582872893, 0.6893945954666784, 0.19371962388025898, -0.2910977930781152, 0.47528616175549127, -0.236789637930162, -0.00454221518915605, -0.034269760647246864, -0.7923623615545968, -0.026744179917821617, 0.3343374690852612, -0.191655426932682, 0.016170088214864573]"
"[0.42787286165701854, 0.07710072689906333, 0.7530175312067475, -0.42632865439861845, -0.02873155623267966, -1.5876020598874696, -1.3920293108614306, 1.3829521915849605, 2.2019012069210615, -0.663918650895549, -2.4186860757579525, 0.48253596810562094, 0.044394799490404604, 1.0841545013415461, -0.5445671375379325, 0.4775303455376938, -0.262197666709441, -1.453432676789818, 0.8531471888410385, -0.5173024395810547, 0.8002203130855171, 0.5563183727570987, -0.12261057123408142, 0.2527007437493601, 0.09992403656276132, -0.32549942828757567, -0.6712757621070995, -0.15389613568751437, 1.0212879512574906, -0.8535073861819026, 0.7799872271715601, -1.1687861551994934, 0.4061995844023602, 0.6013718846236279, 0.15620668707054058, 0.23495171806273454, -0.697784262540379, -0.3671449711943076, 0.47503652351859255, -1.0692775887671253]","[1.5254656741783972, 0.3904691119950865, 0.36896395383992076, -1.3515419456079072, 0.1527958715012151, 0.14875768328615888, 1.4550284263661235, -1.3305194257188158, -1.0459266933715852, -0.16614037999952452, 0.5904861249764183, 0.01791041645836434, -0.057927182641040076, 0.6265367195905966, -0.5587542757441769, -0.4257206508395038, -0.10196037804170015, -0.017634243873477565, 0.7598549228302556, -0.18366134755140273, 0.018380470079080908, -0.1691850398301483, -0.6707688677510483, -0.33036188053226234, -0.2973411362525724, 0.2883979130287181, 0.1514172046115943, 0.46660183946016315, -0.27268821439774965, -0.2301192935914662, 0.0322258078383996, -0.22591015933650085, -0.09589939436577352, 0.3024594339548111, -0.04016312860832256, -0.10721946227010803, -0.10468940311425168, 0.12503016851776, 0.4684582671216904, -0.31657605468602973]"
"[1.043117272055415, -1.9203459298898264, -0.3298903677478395, 0.21590673721599898, 0.03921493949750728, -0.372638530921507, 0.7329751557438541, 1.4867714588744414, 0.08594939839812843, 1.7156103728862468, -0.2197523181765538, 1.2414629033408795, 0.586594857910691, -0.4405927366510668, 0.952188330788962, 1.2385931841667819, 0.38790186722767706, 0.9720126664705298, 1.1479088790727834, 2.191846813810267, -0.35173841797875444, -0.2821609012960647, -0.43259861322586035, -0.272109289840067, 0.2658848784159112, 0.22141451243453056, 0.09923485122863535, 0.2805828633455729, 0.23251961680742675, 0.45505912495665884, 0.9815824173532249, 1.3444333914140352, -0.6898775199290755, 0.5726939610566331, 0.7011506144435531, 0.14464273777798595, 0.6903819684936464, -0.15819401168388525, -0.220756403538068, -0.2634038500864085]","[-0.689026763570866, 0.3441490389783077, -0.8024266846048449, -0.8385661455294212, 0.15229773456417914, -0.31143894177559983, 1.0402728571528281, -1.078416829174466, -1.1240666201116818, 0.24788971183705388, 0.019143241811852993, -0.42792211652454526, -0.1626093400113763, 0.25669755925881543, -0.5371380111836623, -0.6087572948299325, -0.10273249447196628, -0.5937043793190891, 0.15949363556653579, 0.29583031949605254, -0.46364675967566205, 0.13553032447526187, 0.1114122459918444, -0.12500687484469042, -0.0088588090819625, -0.38524609767278933, 0.1179086583993973, -0.19873010399319024, -0.12192217509237709, -0.009412276396194033, -0.08583645158964458, -0.480877335549932, 0.22852991095391428, -0.391389483399005, -0.27797227877657527, 0.5473049929993966, 0.11315725885299296, -0.1526257436868615, -0.13503875014275377, -0.15937057730075715]"
"[4.122195818328779, 1.697331149038517, 0.2844975589560009, 0.6115912998140747, 0.4997449598173173, 2.9389712421589627, -2.4242868128888477, 0.1222656640219259, 1.7063887567729308, -0.1878112921876872, 0.005797762197716637, 0.7464383428737476, -0.7799745848509391, -0.0763803082331787, 0.3612124411866895, 0.13045103263946684, 0.37935464326662416, -0.3861546469332561, 0.4319634426350507, -0.2151016412895667, 0.5047842930647082, -0.4074431821454038, -0.1261608145119106, -0.35685853439507176, 0.6401603169061947, 0.6921121636839062, 0.3237454883757364, 0.0976394738012487, 0.7832554266684926, 0.06777342705708957, 0.034037399071505735, 0.11814474406581538, 0.6577723429954588, 0.034358759246147764, 0.28090069014334873, -0.4321889296711498, -0.7922294620435587, 0.09834158833683364, -0.3762727765294487, 0.045585262800641804]","[-0.35332391213191744, 1.9690809303258052, 0.1757586701268694, 0.09474535153833681, -0.6141715919179576, 0.04262195355834558, -0.8292755848655784, 1.2895814669723173, -0.4979141814533624, -0.156470710024371, -1.1830044698507964, 0.7847781200808205, 0.188751171131272, 0.3014569099715691, -0.5637893747235371, 0.0909814382201292, 0.08188385720264323, -0.7052967491834484, 0.0813251079123486, 0.3477203729756875, 0.4864029426049169, 0.08816704072203901, 0.5151223401625173, -0.3317940246503776, 1.0800481314973465, -0.31192082077950983, -0.0015256587556984563, 0.41291579772371884, -0.456680680469875, -0.8032096410042006, -0.6241777468254525, -0.29934169644250697, 0.19138402435923155, -1.0407252374351648, -0.0739350842216513, 0.1160559371346713, -0.507145633599889, 0.13215699860454183, 0.14169811819202177, 0.18213229433536518]"
"[-3.555558577321104, 0.766558063796665, -2.1066889377514904, 1.6337304133871966, 1.6377023345748405, 0.272756530452522, 0.5611977717079539, 1.1775067382229296, 0.5904227135359847, 0.5023415186105792, -1.2954701394246753, -0.2937286652814213, 0.060757458279697966, -0.1094657372931097, -0.8788175568043627, 0.7315278777435131, 0.320525389541858, 0.4848128062459935, 0.7059786999495133, -0.38797648975961724, -0.296622148222384, -0.879595618558676, -0.5757772008459627, -0.7413824862110613, 0.10634629927400212, -0.41759479485410556, -0.010828473925484888, 0.03266924261045517, -1.7262355604952153, -0.35514365484336125, -0.8909411197843693, 1.5826578665308721, -0.5002882646849194, 0.25342352160662124, -0.42341267886576733, -0.39842617258689167, 0.18038362633080415, 0.3524282794722061, 0.20801958720360572, -0.590825751744413]","[1.509117845283922, 0.5924303330469993, -1.0693043058366278, -0.7618643346412896, 0.6324814725451623, 0.9809968740204705, 0.032028942980178624, -0.3523810830880238, -1.0127514159373354, 0.5349557866568492, 0.6530014224600992, 0.5824027051802849, 0.37673108524962606, 0.30129296837549585, -0.2557286001551192, -0.010204701197304539, -0.12068249063355647, 0.7599000204469203, 0.8054881513161073, 0.10187389611357496, 0.045033445877616075, -0.21731290850082446, 0.12964014799084428, -0.02334112041561401, -0.37765399769268043, -0.0903363564384394, 0.2719369858793503, 0.48995562710415047, -0.7699322256959651, -0.560908276950638, -0.1758622452719647, 0.0902210179457948, 0.031957646296704445, 0.31403493179967434, 0.26561887065425505, 0.09689287807809684, -0.28919103961087556, -0.11856699726079807, -0.03491837522668919, -0.3875991684818789]"
"[-1.691732416385275, 1.3502644148803467, -0.19666457468323234, 1.782339742189179, -1.183982440777875, -2.243999069952784, -2.958658754978019, 0.21826280393887507, -0.08614439354283504, -0.2762583914953071, 0.11401283808919707, -1.095002381465504, -0.5518560886394566, 0.20645712629657978, -0.5924139849800631, 1.0493624010325555, 0.10168418129344309, -0.13493355582758704, -1.2812116378759413, 0.522290206080472, 0.1507068186395705, -0.06926441861070248, -0.6387397416445123, 1.247286277613222, -0.4100456014471345, -0.4797784748887495, 1.3236340523608339, 0.5951406934909749, -0.47085593077883736, 0.5304925911653056, -1.1403516531121947, -0.5421208413100669, -0.404330255173268, -0.12521578450082776, -1.090972116879267, 0.10786049517373715, -0.17535464307637358, 0.5293680772185483, 0.7524144913144418, 0.7518918922086681]","[-0.6336731896229104, 0.3517860120327218, -0.9912990972826493, -0.935614019820423, -0.21898092971311145, -0.02246388152486989, -0.849678903544273, -0.6153131379961561, 0.2035612700470683, 0.8847500987335731, 1.1674623773752333, 0.522964511934391, 0.011663762805254375, 0.6490845945742788, 0.6733595481145604, 0.9788747386163668, 0.11023691927069608, -0.21158727476523156, 0.2860710371547496, 1.1255822803996849, -0.3102905106979592, -0.2661107469743, 0.3518432764499222, -1.3518426697780714, -0.18894490013629328, 0.4107290813325321, 0.312328229499999, -0.27546383361233456, 0.48157962140171845, 0.7340731540002742, -0.06546291223661595, 1.0194890689739426, 0.0892515919898817, -0.301516256587535, -0.16978355231199066, -0.010366309765704323, -0.12598341902441768, 0.378264875347983, -0.05405405945437052, -0.07221651866120286]"
"[0.5087988594375381, -2.2852065095037943, 2.668645430027393, -0.431775363587113, 0.7150637836281194, 0.6163372330677992, 0.2709742316710199, -0.45249776591517554, -1.0532652117773609, 0.07133543660885779, 0.2564332373211722, 1.2162498256060839, 0.09630994942833387, 1.6775094260788161, 1.6165177708134673, 0.15558776586762985, -0.5471294787899069, 0.785058289874091, -1.9357466205555605, 0.10359154959900964, 2.117397584724276, 0.043644007648971264, 1.469845661031958, -0.6324971579687472, 0.32264190347194427, 1.3098828570218333, 1.8715827770870972, -0.4909566513323329, -0.784052838838489, -1.2558472187851974, 0.5739380202135199, -0.1060225489955176, -0.570988611620199, -0.562187532908855, 0.13880963088336146, -0.09122658572655323, 0.09759765494744871, -0.40712079963216835, -0.14699377924940335, 0.14516778028310687]","[-2.131613420698201, -0.7751515434336472, -0.2815987843991433, 0.19278881384353266, -1.2729460324426873, 0.6661109763193628, -0.19561159124461497, 0.24293080163593866, -0.6360298547430748, -0.6751993038701207, 0.5580159361819321, -0.490669782499369, 1.0319302237666863, 0.5360886226964643, 0.0494380986595343, -0.07890631330066204, 0.9990094531880698, -0.18410086810789328, -0.3936995360654104, -0.8929688552867111, -0.5708154231301004, -0.21651565441929133, 0.05460124165253605, 0.20711146538020694, -0.2563705828115465, 0.011594819084187032, 0.14772396152512704, -0.36844794487309496, 0.806826580183058, 0.9176973968241813, 0.2927906764264158, -0.385576843951135, -0.28621755888135675, -0.34028337713994505, -0.31915485370185753, 0.17331921020855504, 0.18327961761088452, -0.15769649442824074, 0.5493020698302238, -0.32356970840821997]"
"[3.913780886668147, 1.5130560376979407, -0.8126896698366493, 1.9024577548202504, 0.45910848674517085, 2.395875106467726, -1.1607706076500053, -0.43667438587098045, 0.37421077016193294, -0.17484796399410055, -0.6748986661566861, -1.0859818146301161, -0.44505279808113934, -0.8233182932665183, -0.19686378231180637, -0.8738090447278436, -0.16286538549559088, 1.5986742296462384, 0.4006768699773053, 0.31255746031618353, -0.5572564161340884, 0.8675586733058248, 0.3438554760580481, -0.3582652869985879, 0.291418367550162, -0.09979556436895622, 0.0897534930286298, 0.26070227818106, 0.15877591251153522, -0.45126950869532617, 0.016248578309759763, -0.6976258704594592, -0.25977812165293973, 0.4268383218228117, -0.5742137841727559, 0.18072202000463697, -0.4640273608559519, 0.38214236257507783, 0.28627747142369075, -0.8099482867566212]","[0.005616957565285003, 3.2199676635714494, 0.35281865468186124, -0.23742049422154488, -0.919219732661782, 1.4518230022285095, -0.3306726461424486, 0.7604125380515615, 1.0261069170077712, 0.14376616151327679, -0.7694863393259459, -0.3211962719202039, -0.49287569965088324, 0.7330923580311391, -0.784383385310092, -0.24702844778458227, -1.1448570094601758, 0.5768301051522171, 0.17836297167908968, -0.007875005009725428, -0.5309411980396288, -0.24545336600129383, 0.35890810608485496, 0.5218841204505092, -0.23061669826699613, 0.7827522332093366, 1.124037644597293, 0.030093832826444317, 0.4255333652747269, 0.27054840079465964, 0.1475468276028996, -0.11270990545836183, 0.4992403744232953, 0.39830316304816155, -0.3883477337261786, 0.12706392256209384, 0.40545364023180164, 0.04312610672021427, 0.09015713556762163, -0.2093994545389223]"
"[-2.030992236797211, -1.2907744703699862, -1.0906018387080465, 0.8638580309693229, 1.211311175685183, 0.05606946582263386, 0.19065546836866493, 0.7813614280586502, -0.5974992258144444, -1.5247214180174866, -1.409507339305843, 0.9265170559096616, 0.9380113109857571, -0.613158935179231, -0.029644559909425976, 1.0902889597248813, -0.3323417959624642, 0.3940318880507445, 0.8159925171683032, 0.8549352565346401, -1.208107095379197, -0.3352086670947566, -1.542392204978673, -0.34701171419990373, 0.762124699800892, -0.621591042264337, -0.4601003953348846, -0.7029013068296821, -0.9981247211599988, -0.0506044602911739, 1.5226402910847088, 1.1785919083547296, -0.44082104688281015, -0.10275085413602679, 0.32111057372152074, -0.7328263434322935, -0.18933211743727568, -0.2693854782687194, 0.05480916456259266, -0.35726164857378667]","[3.473112767834573, -0.5849047898635341, -0.6269660086965914, 0.23968222553870877, 1.3852657830507737, 0.5625397807115131, -0.2702538223847792, 0.07756364262131246, -0.5848203025806213, 0.9372199792510999, 0.19387451595624594, -0.3533828150725805, -0.36172257027225085, -0.14796898702730507, 0.5200771550613752, 0.0673331959363475, -0.3116751220646051, -0.12760848408950368, -0.287277911552745, -0.38716166606320646, 0.14798368191246147, -0.34316114829094607, -0.20535299435826873, -0.14189395329763085, 0.13082069102791594, -0.12616172575702686, -0.09837786495835801, 0.11488720752043234, 0.28761086441309036, -0.2783171778353059, 0.05252986238738153, -0.23670856319286498, -0.08542959603472326, 0.0763483606976784, -0.4228386038858962, -0.18557291517983193, -0.033089244208236154, 0.029332660281645752, -0.11895197358255627, 0.23511604369011896]"
"[0.00580864899290659, 2.3113791109650648, 1.079886720257477, -0.20772064503343252, 0.9332297952181717, -1.0930907914643784, -1.0471111917481182, -1.0957852459611879, 0.26898839348245085, -0.1399779281202885, -1.1589863750436407, -0.04615730803538279, 0.014481104166562543, -0.21686455756636966, 0.26794578593443513, -0.6291590918423607, -1.392422539792494, 2.3033881048406992, 0.00629955849710772, 0.9991346384356876, -1.3126782797177639, 1.9502062344834366, 0.05907571247052854, 0.20791308053277555, -0.4220454940544173, 0.2001965062051303, -0.7876529232827437, -0.12051661006563398, -0.023351708014149396, 0.5081124697293569, 0.43822376649827555, -0.5122384162029159, -0.3888989482818444, 0.3706718722729501, 0.5375815873122712, -0.03849092876082749, 0.021149075018687083, 0.4362932460938866, -0.5743398549949478, -0.7312573287830263]","[-0.8084696619747651, 0.010978321440157838, -0.6436015057554212, -1.1520272216091443, -0.9576740490722272, 0.08282328373343407, 0.04843540957761836, 0.1004274337321853, 2.007037497019526, 0.04189743394611673, 0.03151236260835311, -0.5931831153375321, -0.364065166297264, -0.03265707076447009, -1.4985161874823705, -0.13686002483996365, -1.3454812807363454, 1.343817139864632, -0.6287105402088865, -0.03558484526962814, 0.027339941422467963, -0.05400819449559808, -0.020931096110887493, 0.3075871510478366, -0.2807149313194502, 0.2913532187356773, 0.2133005905125392, -0.011385701550524648, 0.16619474059974712, -0.6521848246261042, -0.02435714776075179, 0.8873727122834314, 0.016237371083045987, -0.15444230787443167, -0.4347100914441038, -0.35061054386387086, 0.24229361716516087, -0.23181093805495379, 0.7720385025137626, -0.33535924400322825]"
"[-0.8397838940517391, 2.3112007445948746, 0.05103978873025391, 0.6079145621507441, 0.5121895076051712, -1.0378577861596214, 2.0130248659018553, -1.3154444911519965, 0.9199757952387809, -0.589865128604143, 0.4295396261060476, 0.5662974255989747, 0.263493148674801, -0.9313708684122368, 0.04466981080421314, -1.0655130054204294, 0.5235050950844955, 0.5159182288148543, 1.9381295622847028, 0.15124439874486537, 0.6264605262165654, -1.7644564606646702, -0.1065459040040916, -0.19495914304335152, -0.17502873729504306, 0.23996732503484866, -0.16366879720508576, 0.48922812337794563, 0.2147892634831473, 0.49622843302129876, -0.07634029512521251, -0.4639760135174695, 0.7335234916179213, -0.015581595587737123, 0.13903763871514893, 0.515773430347692, 0.1546449159542912, -0.6782601493747925, 0.10650192119703188, 0.9111190622348294]","[0.2922927870399911, 0.14166336146660163, -0.03984376980779838, -1.6903646937902264, 0.4378307638938527, -1.722355901892536, -0.7358618137846027, 1.2608493063888833, 0.0713603153225289, -0.3715156125624671, -0.6890324058280602, 0.2477511573896617, -0.30388196221871183, -0.9251776159986473, -0.35448713091218276, 0.122235468131601, 0.1983310283565473, -1.081701840186607, 0.7293135831946529, -0.10082105795196679, -1.3113803858164188, 0.5131078000872576, -0.6072620217275242, -0.9984738276768758, -0.05867990185293805, -0.46045458851702586, 0.028951846583092408, 0.2756721119241269, 0.2130160958787066, -0.38329328722970374, 0.05671366445976072, 0.4043225790985827, 0.024064334177276044, 0.13197650025159763, -0.13934633858731846, 0.0912453973826661, -0.08230659464416497, -0.3759723090960099, 0.27399758884771896, -0.39800256328758693]"
"[0.03626182909369042, -0.15314432862834607, 0.09857588634480696, 2.2586124339501903, 2.4751619064912567, 0.0029815120969726404, 3.6894397347128334, 0.2978761698832241, 1.6361529637281167, -0.4838698040130011, 2.297938636322728, -1.6655243459185978, -1.4787174054913363, -1.7469863548878737, -0.00321447962325635, 0.6014190144964938, -0.7663970794350998, -0.3346444201387144, -0.3596175561091171, -0.4498618268927309, 0.14997073354117968, 0.16557834695435403, -0.8360808205073811, 0.38040625905062697, -0.8812249178733917, 0.7794354845411031, 0.4976286238271702, 0.5565848386477039, -0.07465076269373977, 0.2963630038865267, -0.4612124395521601, -0.42923023913829983, 0.37184016966903843, -1.3880074493700016, 0.68290979955822, 0.5524512084169403, -0.2877570138377036, -0.6979904506272954, 0.18715074377887778, -0.9225756820007073]","[-0.2324759131970978, 0.53979338065444, -1.0732646196827458, 0.1868769464320916, 1.2075069539456877, -1.4611563177497306, -0.34188148640819566, 1.158221407010276, 0.46856931809717645, -0.5601731451620594, -0.5382419345633132, 1.351314220565329, 1.0571007315608125, 0.26350859703246604, 0.3000799902514681, -0.930265426026701, -0.16483780506040308, 0.02048604148638041, -0.07292037790791008, 0.398178084809594, 0.8836567244461316, 0.42545932601775377, 0.6375285648976666, 0.2740871743817346, 0.3338501563791687, 0.07376334325850097, -0.08159544538754958, -0.41804517510490535, -0.015293617252610022, -0.311555620734089, -0.6878191365703915, -0.14894364658933834, -0.446001643202326, -0.04072422521566396, -0.6040237490315464, 0.060787262328867976, 0.19040859845428632, 0.2046763342071101, 0.09011286193818935, 0.2962073958042871]"
"[1.693492392883681, 0.7785314668690584, 0.6950926335880767, -0.282255732603594, -1.9120525680360605, -0.2960318194127727, -0.8600409999329528, 0.21936193706855178, 1.542996238569583, -0.33702980106962077, 1.0160571211914675, 0.4525617584744315, 0.2261276673305861, 2.1384062293868293, 0.3299620149253282, -0.13269138686328272, 1.8160917804553744, -0.26432996529089037, 0.04132914863434743, -0.3702679380821872, -0.13420801626864856, 0.8784454789079349, 0.24005533415915145, 0.9820449451099548, -0.7877704533985321, -0.5651934988191039, -0.27142807174815103, -0.5649050153057774, -1.1891533157014875, -0.6762393780528673, -0.5352371829054782, -0.38707591170623257, -0.3474691612595944, -0.48577903982992915, 0.14711992881082633, -0.20850850452896705, -0.041464829433540185, -0.348551250127452, -1.001415193658446, 0.4461424832454542]","[-0.1468365549466561, 1.0071925863573592, 0.08588550908876356, 0.4114245886831161, -0.4950345248162239, -0.9058437295299505, -0.8744317686434065, -1.5531383793860751, -0.2949846819535026, -0.5083756851805058, 1.0068574003289887, -0.38119188528444864, 0.11932369471331812, 0.7804249996166464, -0.09300059980905694, 0.2932724304400925, -0.07584319645928754, -0.22804963480736026, -0.06476272865594089, -0.5655826469956411, 0.6141984863876109, 0.15409048446161375, 0.052074452478248386, 0.016202099010654537, 1.070465462348578, -0.6290352389291215, -0.27867846382510175, -0.7417660394108772, 0.26874377828474333, 0.16239992192779815, 0.6762579737125199, 0.31617247779726515, -0.20085031007916554, 0.022340420157993195, 0.27165850683905235, -0.12810276451491145, 0.45221364673681524, -0.10267373635416283, -0.6358093030212723, 0.2281494597248462]"
"[-2.067216015677692, 2.329803933493259, -1.8170232283198666, -0.6637756201376149, -0.1501847649794999, 1.0105343760645555, 2.34327260826177, -0.3468326142991841, 0.44608138206041265, -0.5334348612015675, -0.783789273138376, -0.36986635493047093, 1.1997956530261027, 0.28781982912121745, 0.23609745123114698, -1.62754619467912, 0.925943124571247, -0.5273851814226388, -0.30797679610914824, -1.7317305594754488, 0.006066312202558152, -0.00482055054632855, 0.9366634196013048, -0.8000361972623595, 0.2984175806385839, 0.4670109973895089, -0.2765668113051828, 0.3318473234593562, -0.06035041612209944, 0.15645531707902258, -1.091650265872925, 0.5529695112927847, -0.12338997080548335, 0.2550196285023583, -0.48887463070594417, 0.42757494406798807, -0.8033880080867996, 0.5307268770772828, 0.30001926222922654, -0.14633037967887894]","[0.26660863608652635, -0.5620585362120017, 0.4943585963779284, -1.7037608526331218, 0.07056389341991856, -0.42775884841778694, -0.5441400971125333, 0.548842078333942, -0.433670896627474, -0.7625155046438093, -0.4256784120303426, -0.5042214840450066, -0.07432305819600765, 0.3216550668450033, 0.30945324158465987, -0.026979702033293543, 0.10089728079568962, -0.8511062024238686, 0.32973351065870415, -1.4780312983102275, 0.5045214629661731, 0.27464011891499973, 0.40277297925164357, 0.4058243491569403, -0.09137112634300934, 0.31962328709469257, 0.6886852167257083, -0.40812399521679427, 0.2974358006912335, -0.8873668822402072, -0.13953126285563866, -0.6110949189239601, 0.5066703908300629, -0.254327541280917, -0.09627853871692969, 0.33212757212482463, 0.3111095710721818, 0.25833689557770867, -0.16158572787573777, -0.6413507443083575]"
"[-0.6291697288138256, 0.0962813595546976, -0.1385062053803558, 1.0844452818865515, -0.3050492538751795, -1.903654800312496, -0.849134866039737, -0.6790235392840757, -0.8142010720109807, -0.02866335173343557, 0.2327812070909635, -0.33245288264361833, 0.4593614238341646, -1.0014370395901901, -1.0778630550168475, -0.08023545778167057, 0.47654049304650875, 0.42137640330088627, 0.6153248603344023, -0.8599362408956353, -0.5464595615949364, -0.40149978367266775, 0.8366215479473283, 1.4123652320019604, 0.7587736577452704, 0.7796770033543455, 0.01546718376132885, -0.3576538001907339, 0.2474786984640509, 0.10451047643837713, 0.11867078141346969, 0.16141334486293904, -0.97212596671266, -0.8211308352128264, -0.7315680349868849, -1.0815107986790218, 0.30570321832370495, 0.19786397408571457, 0.23197655995589486, 1.3580632611589714]","[-2.366552382783957, -0.7938554908209906, -0.3401709736725142, -0.5222638380786282, 0.5605416725831995, 0.05466428847263823, -0.2322457586219276, 0.15389322100163103, 0.9347213356587454, -0.03138871267105774, -1.1062491065275517, -0.49164521813730144, -0.6081232192413839, -0.32888745840576444, 0.8143575177908194, 0.4484252777098683, -0.20972851746580343, -0.014224242622628655, -0.31843428852201067, 0.5141817794804668, 0.34091239947413554, -0.3766280859151379, 0.44346379582746, -0.8428877624682278, -0.8273503142381682, 0.30942540506733707, -0.21668901968734952, 0.16036293471710353, 0.8342988078381327, 0.41925380353183916, 0.47951162434954697, 0.43144765416350733, -0.8082300288076594, -0.05204899568263293, 1.0487346772855823, -0.47696436637594547, -0.4145282268601442, 0.46338587005474025, 0.3404118381327999, 0.2655669705707204]"
"[-0.9832669404169193, -1.1821720576368855, 1.9198369150486387, 1.6424536011016766, 0.023273424127139883, 1.3638237040555374, -0.24554337935117138, 0.35708518475353357, 0.013729427932732807, 1.7776109834662008, 0.445106436730896, 0.184885452976741, 2.2868502427941246, -0.9269680428940626, 1.0635091913957668, -0.7553302350056158, 1.2029311625072647, -0.14312345698060008, 0.5520851661834534, 0.06273125146001776, -0.6561970378490273, 0.5947404967785277, 0.8367466952439001, 1.272639247593033, -0.06342118372473712, -0.6789159373452783, 0.9623815235676424, -0.2977121573158224, -0.24565869582796854, 0.1447071450637332, -0.24216470169813087, -0.7676244961672577, 0.21790196442942508, 0.538231989314205, -0.6405205115309552, -0.3635389848233823, 0.5342809551958667, -0.33563087490496574, -0.44084478269562394, 0.654090466591266]","[0.31047167387521946, 0.019373249264027857, -1.6649801705047609, -0.5123486644457828, -0.17690409423937017, 0.890265433565429, 0.19556869281911465, -0.09297151852627088, -0.5204172469954453, 0.46095694862423153, 0.39966889653369586, 0.1028158359440421, -0.5235568667500886, 0.4052904086335445, -0.2324014308202119, 0.08091706373865103, -0.40577489490739965, 0.7140643924810552, 0.3363644602399134, 0.03718796684812254, 0.6185565769307181, -0.39107107281102294, 0.47354521542121786, -1.1421408141994045, -0.19637727889315842, -0.2507656016313085, 0.05808410531733137, 0.48773854381489296, 0.06453096257836051, -0.14509909816323152, 0.0072041781179729356, 0.2248511682715744, -0.41458102017410586, -0.09349066241493634, 0.3015134952006373, 0.25200790067716894, -0.41022740473605346, 0.2690299875805872, -0.1012285166311816, 0.16184873467987235]"
"[2.731532839246726, 1.7284016651264424, -0.23039028858593608, 0.4803583626424066, -0.8697023903160084, 1.1329159234746657, -0.6923114549223237, 0.3152404787983812, -0.30276509167522286, -0.16289939531550088, 0.8486968439716374, 1.4234311116475638, -1.0487803139745293, 0.8401688544080419, 1.0028767810736352, -0.20428792225932696, 0.22871444736712573, 0.1980729605641258, -0.48393071226977397, -0.813972231629244, -0.07265046438823496, 1.1154439104180307, 0.3536272598324649, 0.7081566225898471, -1.0603733157709974, -0.34167246452202515, 0.45050072281928044, 0.5215964627987026, -0.34379715072307443, 0.18253750720915485, -0.5985839808620225, -0.5209577828294686, -0.3741475558202915, -0.19381710179008307, -0.3248618889141495, -0.7842707419044906, 0.9390056758861633, 0.2587195760716564, 0.0011828745706499492, -0.497868006634316]","[-0.45458380597691067, 3.0446592017945404, 0.025245235300194298, 0.6146057142717459, -0.6242974095531385, 1.2527450203445905, -0.45075311029844783, -0.2212548398391322, -0.4594253401063497, -0.473898323370448, -0.8682731550159904, -0.9128375612378176, 0.6453991744694352, -0.3483990111022901, 0.5127683128755651, 1.3491713342208689, 0.15047490635812422, 0.18560881528027068, -0.11252267117487406, -0.06931332780450503, -0.29492738329675505, -0.047456564511129465, -0.08437413765581311, 0.247071225528385, 0.3161548945287972, -0.3384881930513375, -0.022555544620405668, 0.4070200270602488, -0.18822194426718591, 0.5854661981706222, -0.02649076291142061, 0.05567712168810381, 0.10442279616397052, 0.1863194930936943, -0.2821427603006977, -0.13931826905536152, -0.1478319084939899, 0.4758468829525488, 0.29144285128767766, 0.10203379332534859]"
"[1.2695278682059497, -1.5236008007563218, 0.9404019632219748, -1.1801222452142952, -1.8588517097693775, -0.0944680441927524, 0.3302372529904464, 1.7993941191362681, -0.45342101904923837, 0.13432261294163012, -1.2403753311776924, -1.1017683811046919, 0.796082086125359, -0.9165530797730903, 0.4913085257633263, 0.23126060614234942, 1.5848610113376091, 0.21689675413603668, -0.18399707766575202, 0.5437538927167076, 0.01332448577377196, 0.22619984222124986, 0.44911093752543074, 1.2221450009915766, -0.6328899922765868, -0.7822666761234381, 0.22339119424917556, 0.4148800321483334, 0.5842173363517094, -0.33264997037064853, 0.02926122383705531, 0.3542638830334294, 1.0943016369517309, -1.0722547911429872, -0.3162853520592048, 0.7538338766213794, -0.6981018215318386, 0.755062366353779, 0.06617102444683393, -0.43726356525028964]","[-0.4896849641663941, -0.9203065235488088, 0.3848854002224183, 0.699020888096005, -0.45240041626413136, -0.01154227172469599, 0.3771986975961732, -1.250538023624204, -0.054569170299814625, 0.5639910200930457, 0.16207156859408633, 0.2814535112075703, 0.0710373611469272, 0.7088317294015192, 0.22128978989249753, -0.4533963038720057, -0.031499350395825035, -0.10871380813596496, -0.09273000284628152, -0.9581552627965555, 0.5102723248712767, 0.14749437799062753, -0.4499975350024394, -0.178379415749347, 0.12022369954062266, 0.0376409625625445, -0.15857722451794093, 0.3304006323616708, 0.19891918593444238, 0.24535557308944736, -0.6721036017444192, 0.671723744444655, 0.5657135223577745, 1.0432315338441978, -0.5099315634482436, 0.6913866922357157, 0.05574179243564158, -0.21820594344952285, 0.1414486693489203, 0.18064615177723264]"
"[4.271843720998541, 1.1429074907553787, -0.7133816717283973, 1.5437457212509558, -0.26847706596979215, 2.4630087330507613, -1.2117274463759833, 0.40463627118912776, 1.0956012506703188, -1.2272430867507174, -0.33410487022822394, -0.44058413905857424, -1.670893262563081, 0.28041878898222367, -0.5388683519401617, 0.1698511644960634, 0.09640528155854257, 0.7433441041761593, -0.26360825303519164, -0.39061316963506937, -0.48218474284337975, -0.13300380177338578, -0.1329993621842314, -0.4149128479693497, -0.012457875896133116, 0.15858194001213147, -0.02032157214617735, -0.12167328736241448, 0.3265032452438205, -0.7062308500512539, -0.33515057998756786, 0.03782747684741897, -0.2616147849639717, -0.07500170679040144, 0.21924774357750718, -0.6888455200975652, 0.434009552470873, -0.21505372070525794, -0.47100421463000464, -0.22131993803625122]","[0.8322590567646857, 2.476725212247588, -0.4143763677568032, 0.9490003606806464, -0.4859414548679561, 1.3765247564688126, -0.38447307101278533, 0.6103830561771613, -0.7840938809338671, -0.6519580846030236, -0.8639716692632329, 0.3306108391101531, -0.24982284854748962, -0.14921617406608914, 0.540734177618068, -0.21254458291387218, -0.3616723736709446, -0.171387976398189, -0.7996218243088646, 0.11520708161347852, -0.22401819448358576, -0.46732407415647287, -0.09561179080874184, -0.022747574171650804, -0.30246860767481204, 0.7833438052086863, 0.06778778335988384, -0.7586471841419811, 0.2986252150583341, -0.6326073166955842, 0.3551695006009657, -0.24918480552384353, 0.047712457413646776, 0.8265402981475282, -0.39488427605951093, 0.3922356325046315, 0.5689161931018606, -0.5411437470231801, -0.20287878010424476, 0.09928406056362969]"
"[-0.779564781600102, -3.0089693725014577, 0.5492952203375495, -0.9506813229109505, 0.447879992233654, 0.6530930271655884, -0.43757607112625885, -0.7837910971387747, -1.1698292599906543, 0.5232397308835952, -1.601293127460607, -0.6169805736879107, -0.524185100864988, -0.5691829301951482, -1.493067318479641, 0.3741388471351632, 0.03693975439417938, 1.3757786538914274, -0.33340393396764506, -0.848151885896311, 0.3915746882744989, 0.7965490461909959, -0.5026391810463575, 1.5649457197450587, -0.6294605042807536, -0.593525558566778, -0.23910884928916004, 1.6009264125117058, -0.017796854045937654, 0.7663417753852612, -0.6415922052644454, 0.33277767336537695, -0.07057791254354474, 0.5058462693720157, 0.2836331812298152, -0.4420477673628689, -1.0828117015600436, -0.844270125097347, 0.06436691016945385, -0.13140057930395224]","[-1.8670163852832744, -1.5478640907395775, -0.010632340299406101, 0.8472638572030822, -0.9517012707363381, 0.48515353181657284, -0.5150778815687053, 0.7281162823865017, -0.26489022478064483, 0.13269693961166412, 0.9658086057818986, -0.1548748096626524, -0.03369040923176492, 0.9298762343900145, -0.14172700798962365, -0.3075994817149391, 0.37545234071168415, 0.17306535153719116, -0.34437982121083, 0.8719640687301625, -0.5371567735131876, 0.7008167467768481, 0.20925930637240922, 0.28260302441518154, 0.1300494780882489, -0.45684866773539107, 0.7608923751668238, 0.09122603404545017, -0.030402756691437514, -0.6739622829794503, 0.2322389008376442, 0.39837760109742065, -0.09704992487001442, -0.08324899913666957, -0.40987252211775893, 0.2506119188802552, -0.9798633995300996, 0.7549265526200089, -0.5950187988354825, 0.26709729083208417]"
"[4.646572519325889, 1.3190763527346165, -0.4248904655824427, 1.4640603883756986, 0.13437886610845967, 2.4862997443593042, -0.8516473505693619, 0.6611029086591782, 0.45548922986563256, -0.6757239817101407, 0.1537387862215212, 0.48298213418440183, -2.26832192295292, 0.2712964675663871, -0.3026342010000746, -0.3188257406807642, 0.394249236975353, 0.4516497298196286, 0.49101300201354675, -0.29633343717327876, -0.29584518114167085, -0.1519587958450669, 0.026062940431431533, 0.08591611987285416, 0.34484677399781255, 0.217374101527615, 0.3040569509654487, -0.11431537287403598, 0.000987641316922525, 0.007481397401589818, -0.3924211951852193, 0.165707877993721, -0.0996967208755551, -0.4079420981671365, 0.24038592805153527, -0.8379933076128736, -0.04152399405741311, 0.05614572253081409, -0.008796159461747196, -0.4415293711878746]","[-0.5538858949320967, 2.7728308975008615, 0.16368929335333282, 0.44063619918325975, -0.6103039015420596, 0.9277158693214611, -0.6834966786737083, 0.6978693015098675, -0.6498024150455713, -0.9264187788657459, -0.9785298818951845, 0.692116742093838, 0.016629153317090528, 0.015110446698549511, 0.20259738565039226, -0.1219634565773679, -0.045988306435129994, -0.04419999799773315, -1.2063444023979288, -0.22544429661140458, 0.031776047291225074, -0.03054036456955062, -0.16404903420588463, -0.02913127165166797, -0.290847688669803, 0.4302205662614189, 0.27339848942775613, -0.3512707598968581, -0.37414721500439735, -0.7003814550582241, 0.10809248275659683, 0.25247365028216934, -0.13917258561758591, 0.5801820525706235, 0.17699254282112253, 0.17692053659407217, 0.2900167795187024, -0.28982629314374186, -0.2704854902099008, 0.042621925228178495]"
"[0.5432630558393766, 2.615067943839612, 3.0443892928788228, -1.9673655628078146, 1.2522004035631045, 0.047070075615354964, 0.01943796607389558, -1.0965419691493576, -0.8119828001260784, 0.4836802892230862, -1.47016747159451, -0.11414415575706893, 0.8381982373500839, -1.0767658659800727, 0.12592201827045543, 0.3101788575411961, -0.47838557997255726, 0.9783074265064353, 1.4936601098073379, 0.3602970911861679, 0.6085830794584378, -0.21193068356102843, 0.6446658062772963, -0.2608777283163199, -0.3958088562560651, -0.29824705514074124, 0.4754672287566951, 0.24475813448436892, -0.055694433158951326, -0.33129985779898674, 0.033535016428742466, -0.27087687250132714, 0.20505667619692272, -0.1714226949201977, -0.1826415020279608, -0.3134257070037002, 0.21358559066024607, 0.0761220783138665, -0.1927474589367502, -0.48459785160201735]","[0.9218547430051646, 0.39360617788765306, 1.0783294699912818, -1.2998732682252114, -1.8241391612282265, -0.3927379545033899, 1.315783237487046, -0.062469529287777235, 1.3078759922076526, 0.16340361637038917, -0.3413778573051606, 0.10793315983527836, -1.0047492813108088, -0.047437015269408564, -0.9279882271116525, -0.6226908802318345, -0.588825148490541, 0.9513037961664993, -0.5320359356004538, -0.11811953009467131, -0.6503425682227266, 0.4894500198574733, 0.21082624213590592, -0.43327533138151586, -0.49941389748959525, -0.09539514413267829, 0.0468760252026373, 0.2157349039507666, -0.1488430810685497, 0.13063798987231645, -0.016101039789845055, -0.2620218995154162, 0.4162579512640158, -0.2960802191012638, -0.42356866223127565, -0.07081719979265177, 0.34161826755207864, -0.11625785640457507, 0.35641348892362423, -0.4184629718127813]"
"[-0.45327249318416907, -0.9864545596580765, 2.1031620956790626, -1.8687519462211855, -1.6836153640035607, 1.7858042545171664, -0.320221706122806, -0.8206407152485744, 1.7338930207320513, 0.5783643386160531, 0.6227676770508261, 0.3822515920913334, 0.31292471286920737, 0.20170415008144613, 0.3465614864928728, 1.2994716254333156, 0.4848944902328619, 0.5931067334276011, -0.2852478959439923, -1.5261686609595246, -1.3519967555572134, -1.3783743007343532, -0.2530179001337429, 0.8830354638081461, -0.2881075987304659, -1.042914998108247, 0.36426311710013076, -0.30790869948595767, 0.19838782961354895, -0.5902395524218071, -0.042278973341197894, -0.3042111767064638, 0.3949427488862467, 0.08115158272881191, -0.1705478155437196, 0.5284834803022096, 0.276664121350126, 0.03879211303104509, -0.5344690152236902, 0.7327124784245223]","[-1.0689871726204736, -0.9723519197537451, -1.1724876206000783, -0.2589095496414375, -0.6199496757004075, 0.7360907311095193, 0.36619725447869206, 0.9763451447419755, -0.40026305360069225, -0.5145595031981144, 0.5429637375454882, 0.4986062969052745, -0.3420800550303721, 0.527504179948515, -0.7902634710185024, -0.10110652890137735, 0.14881730284317785, 0.09689657319373997, 0.24163177513106807, -0.031059881504551332, 0.6378054971694322, -0.059312688460164964, 0.23357440926263973, 0.4758391202194663, -0.3612098656862853, 0.03734342362178276, -0.027460237820279416, -0.19636634087535595, 0.056302582253232064, 0.09525341198893861, -0.1742593940953644, 0.5510360964535213, 0.8167634607852468, 0.18275022179420033, -0.09589360212630872, -0.4760401907546535, -0.3413291640869954, 0.02617713590571624, 0.30469574085599277, -0.5021848591039034]"
"[1.1833011605837236, 0.1211361671760104, 2.216362358287555, -3.1881498824895065, -0.678624581143998, 0.9945501003847518, -0.5233944786616098, 0.7919005781516133, -0.7589501306302912, -0.37542824025469484, -1.1491920117539376, 0.09459639959855817, -0.20500537254660892, -0.35444459111473636, -1.1472639204179573, -0.7362147835065315, -0.7122309756141045, 0.16254404099312478, 0.8128110879913925, 0.1234939818883051, -0.7871910090168315, -0.31852542165714687, 0.36542845507794436, 0.9550050459097157, -0.7458567886760097, -0.27898188814471947, 0.7454992577388434, -0.128536708151323, 0.7703966307807972, -0.4692783633669511, 0.7406644619814986, -0.45617825285523045, 0.15172081344159402, 0.06933403384171936, 0.37381660334048245, 0.7566176302583598, -0.9867941325151115, 0.227481582559601, -0.6421327863931249, 0.13936971658506875]","[1.2351874687810882, -1.1191727994749392, 1.0147310706832722, 0.6566923176481697, -2.0385763646506665, -0.20806953737459374, 0.5166355816737016, -0.4887866417016685, -0.17266192720482942, -0.0413207591157154, 0.05436383286912312, 0.28886241087319303, -0.25447808276539485, -0.012117421295910018, -0.02646000426643249, -0.5138244137927667, -0.02328405533536514, 0.39801362715429267, 0.288538064818296, -0.04933189581460774, 0.16273845343833748, 0.1376126874352008, -0.020558836203935876, -0.5123366572722526, 0.15221341101886382, -0.2451370619771865, -0.4560140829176575, -0.5789762092869717, -0.44854330230889833, 0.034676266799988156, 0.2324074556015435, 0.21957767013291368, -0.07571881042100029, -0.2799059856364354, 0.2072287315960893, 0.030499869049362253, -0.018808381628589423, -0.5513274234578271, -0.07770304344082855, -0.16062548033626]"
"[0.3938470561811285, 0.8808867077293095, 1.3522487523187177, -1.3638811276003815, -0.6371640652659519, -0.4981491571641001, -0.5789247799573626, -1.8360723990291217, -0.8001144576703701, 0.01868074485964908, -1.4957391615119628, -0.5604851085391083, -0.4470690076930137, 0.3332626456302232, 0.8843873442952424, 0.9280103173840882, 0.22980219830882612, -0.7442549634395496, -0.766727866385497, 0.21445275488563414, 0.40321267512334996, -1.243828545353002, 0.7968151278407978, 0.49872550903623863, -1.0825746616659842, 1.0385679758839155, 1.0002771153180905, -0.18739630074120306, -0.33613070780538357, -0.4376882602058807, 1.4448864612913024, 0.8567539496012785, 0.13487211433370358, -0.5611172356689779, 0.7706148028158141, 0.09331911528740708, 0.41454100728684434, 0.20263390087543048, -0.7599338627079809, 0.5914422952934012]","[-0.9948937964991452, -1.4047547610993434, -0.257013879880376, 0.03766728143728332, -0.9141097652109134, 0.1062805063212654, -0.8948111266007365, -0.4432164661391601, -0.392859596160395, 0.5786710972351706, 0.36222547643857106, -0.39439185663636717, -0.6822780140170989, -0.22796621849889104, 0.5136077618427436, 0.5580371289341871, 0.07857939052544843, 0.17619676066670428, 0.4941508893054124, 0.1723245244275407, -0.0008616915019883946, 0.13609706136774397, 0.536008642948124, -0.7837600222869978, -0.9247614364397821, -0.42057896808836176, -0.06339580700107035, -0.2611570152331195, 0.3172649209521073, -0.6620822574704835, 0.14192423305061344, 0.3251117871694826, 0.3961800836179523, -0.019035792252343527, 0.370700070871526, -0.43671765704735377, 0.2201904913339552, 0.18141217082038394, 0.7690086499084928, 0.8324486302555417]"
"[0.26082043608924144, -0.14083036305213692, -2.1030186497729932, 0.13236465687092253, 0.9236033715683911, -1.837060960700292, -0.7393631132084593, 0.7561939690123274, -0.8055049639057603, 0.9801486019684559, 0.712761656542077, 0.9015112749698384, -0.8955931263575367, 0.4441591841456157, -0.8683837852103086, 1.1102823795496262, 0.30912154165964917, 0.043564245686406704, 0.06982728104314544, -0.7685271729784312, 0.2197536449828541, 0.6431464496952215, 0.0010093037124361559, 0.157794896687973, 0.11790849992643614, 0.4630112781451393, 1.3181958617072886, -0.3753598519437188, -0.9522156563038552, 0.7497215385595721, -0.3020103676411541, 0.8346654329196158, -0.18186833512528872, 0.5065898759128952, -0.5580395253266088, 0.5434837133405237, -0.22755354439834838, 0.32680797267243994, 0.30249271667859706, 0.6410263314252312]","[-0.30145608505518795, 0.9002699268257722, 0.4043998320913083, 0.16165609502822056, 0.1745106158235762, -0.7479165828897, 0.8818277454134877, 0.3337797020563676, 0.0901499026641027, 0.842839910067316, 0.7942510481050148, -0.4940516249371388, -0.0965968104231967, -0.0057247075348328515, 0.31614904901586544, 0.7420850266031456, -0.18070830500666168, 0.09202216696513368, -0.5502388601299857, 0.19201684788878945, 0.19691014205954274, 0.3080488301980379, -0.10033401780366337, -0.4314999506930142, 0.10862230829458233, 0.24983361428491485, 0.41585876741819705, -0.20854195929190655, -0.25772595672274884, -0.2691780009539794, 0.11308683192783638, -0.2760507192096873, -0.30938261312664733, -0.2062723297053755, 0.13002169839082806, 0.15795540257501858, -0.16873053665238505, -0.18921012168821513, -0.029713713177615945, 0.11440933770016062]"
"[-1.1842045281400542, -1.291513320888805, -1.754764054841604, 0.16130465189000723, 0.02301910710522221, -1.503528017253484, -1.674160982003382, -0.3073753493241804, -0.6113623032625862, -0.8270692184031405, -0.9078270789115885, 0.5269129955806775, -1.4704235672484254, 1.076902117122236, 0.33431199401571576, 0.08445782788090825, -1.474755551681602, -0.3502632257378993, -0.6729232212476781, -0.2226754183947154, 0.13376265409556778, 0.35517467647541223, -0.09957116861037457, 0.0070574526043839115, 0.45099287512299474, 0.5090762046672012, 0.77803369596143, -1.96421521715455, -0.23902776618889843, 1.567896363863331, 0.12067216889938362, 0.24819435468096823, 0.08401974238727902, 0.2422194206633022, 0.01910446101931385, 0.36820960981691847, -0.3177595742795705, 0.5983966621297709, -0.38215786373605176, 0.18817006643388523]","[-0.34483894063987, -0.5074733339681817, 1.7890505785191433, 0.2885967517251417, -0.44310314358379665, -0.5448925235268619, 0.29040431500417113, -1.0028517941979525, -0.3249742540585697, 0.6998794405858277, 0.42620601109021405, 0.33624937601524496, -0.11232093182047748, -0.3154766158796734, 0.09654969193883577, 0.7572589599209272, -0.21044443498558896, 0.5076457691509405, 0.20491396412837892, -0.7110712866627282, -0.2367907293206567, -0.025507095180660397, -0.7677598047312378, -0.47108337128545297, 0.20021181608071384, 0.6760947129624338, 0.004411174124655478, 0.4213345897227946, -0.21503913651600357, 0.03285139448656732, -0.12684216049338284, -0.04094773073105051, -0.4183411201729499, 0.6171423833984397, 0.14945762113418165, -0.026035466037604163, -0.38033792773259617, -0.32858402894670696, -0.04076914688373104, 0.09308129806025008]"
"[-2.528454072250648, -0.43495734548611426, 0.5434621746674733, 2.4746249551537596, 0.2895292825247159, 0.4600283967256713, 0.04828334709577304, 1.0525974422287985, -0.3260525046868402, 0.9034462053117205, -1.9089746788440396, 0.5426107064266484, 0.11866561235615741, -0.3275952220206862, -0.3488675638634028, -1.0777661417874744, 0.09547871146090507, -1.771335897239851, -0.3651121286346221, 0.6708485781818191, -0.7690984749757513, 0.7271282007770234, -1.630011281920231, 0.3841539397373717, -0.39996180940801557, -0.31310601095855745, -0.4639162515413321, 0.7224181817345405, -0.8443144796081838, 0.03715714685040155, 0.5633423863600655, -1.4627377290437897, -0.27273376087518325, 0.06458482618657732, -0.9951710876596966, -0.7272855454089937, -0.0005661922406281966, 0.43061078697772437, 0.022464644555445425, 0.8630186865252172]","[0.847307044140906, -0.7133151306423041, 0.183480433584462, -1.3670300280412375, -0.18512404589177348, 0.5097706069664832, -0.12444547232825542, -0.20119947428582535, -0.36788739089694666, -0.12237641645264785, 0.19622389725817216, -0.4886051139436063, -0.13425480321583533, 0.2849335880631308, 0.19429411365457555, 0.14892601548214152, -0.3023335648241774, -0.427441689810526, -0.022654282417760952, -0.4205127755382709, 0.17737891452797303, 0.4485328735045146, 0.5185426755797026, 0.027362222122088487, -0.20314788541595302, 0.3296962984765495, -0.618647263467247, -0.2315170027267, -0.2564390322247892, 0.20472527091721995, -0.2403400404110687, -0.029539599217214434, -0.029926827376538845, -0.22718356724431177, 0.6175107233381872, 0.677968567139524, -0.20743100877966808, 0.2432555241889918, -0.23231730676817539, 0.0686180769817164]"
"[3.577299783347895, 2.432213809070847, -0.9951839340279054, 1.4577647893695291, 0.6854922720313584, 1.8558495254386096, -0.5417146579648824, -0.033710664121036224, -0.8823656376503078, -0.6139406000840605, 0.8500461952040683, 0.22466574102616976, 0.5642745474344533, -0.2568751250071306, -1.1813046658173505, -0.46536604893190986, -1.111252068415521, -1.216144557082661, -0.546546534721196, 0.22604696440710828, -0.2568803724557144, -0.44460482165005555, -0.3933687839703692, 0.7258858324981485, 0.3481449057720221, -0.43097150215381835, 0.026322195322522703, -0.28535472804849804, 0.7935232100390455, 0.12383203317011948, 0.5896691660698978, -0.13171614094665737, 0.3908602449780668, -0.2662894968127043, -0.5263938758831951, 0.0070404761648838, -0.6493943972650125, 0.04911484632262967, -0.9837544828232675, -0.12196831035446248]","[0.5223621455847227, 2.9915242082803077, 0.16215786184175532, 1.0108374194770908, -0.5860733816658046, 0.7545184783919374, -0.04414270615442562, 1.3333743865037457, 0.14081624192627107, 0.5191681251225597, 0.23565743193185285, -0.49247720409803464, 0.19664641073237904, 0.6156825712900706, 0.4070615120795, 1.037473103507328, -0.4256000443808487, -0.3951723780944196, 0.18427057008767478, 0.15458218146025846, 0.2805571746411426, -0.027487508560093157, 0.03524507543410698, 0.22050968258405823, 0.28892934170218987, -0.397608151172894, -0.09485275457839212, 0.6456948647639108, -0.3784510632957249, -0.09537986343408322, -0.25867747815026276, -0.021687472928351624, -0.22803925774910427, -0.591458031151265, 0.19659166608528308, -0.06621482904445969, -0.3259196548002955, -0.15858955899743102, -0.24985824219400357, 0.04744404252878113]"
"[-0.47590053985267194, 1.5565734833577012, 2.4769040810143856, 0.36025669152685474, 0.46833131010849394, 0.7897584621296222, 0.4220318767727406, 0.3294527909778887, -1.2977498835407093, 2.7976383037101327, 0.12521550883126834, 0.6595236561726487, 1.1363004837798998, -0.7024043146223252, -0.21748605805625024, 0.05690959418157341, -2.7697324566272457, 2.5070844389543443, -0.38604708726266196, -0.1514563814512899, 0.27589254866148166, 0.6511618842522577, 0.7363915040375217, 0.6340995083900185, -0.16257974921729137, -0.5515405387429857, 0.56001283037043, -1.1561388255023641, -0.07267217237991405, 0.7489122579307652, 0.3198925258323119, -0.592772679573188, -0.6301963869391326, -0.6803621060786104, -0.07527727658862154, -0.11182816375181763, -0.2179587759232009, 0.056759698311566346, -0.330768483292682, -0.2878476640726162]","[0.8368981787501846, 0.9231780070688248, -1.0316280608282693, -0.16642056867261443, -1.0973051900898516, -0.5770923553196577, 0.6419536282510597, 0.6548810610888653, 1.8169218503798625, 0.05048105920939972, 0.0868909182837972, -0.9588242028897956, -0.14948631201195053, -0.20913501716837826, -0.7549990728709652, 0.6661256486642009, -0.8067957797120137, 0.6787744794347262, 0.3058713983768897, -0.3475867454179482, -0.4339575456876112, -0.06301964182692417, 0.5415155768544903, -0.01522585029833992, 0.1488916744515471, 0.4675610317874528, 0.2774276316675108, 0.26171033142108174, 0.35584079872523877, -0.09346480026310588, 0.3624008666521528, 0.02373638022052963, -0.14968399306799865, 0.30423499272582655, -0.18360760668044182, 0.5462285866630427, -0.2106714160254565, 0.2325897719832764, -0.25444361015821715, -0.34619637111586]"
"[3.4172733268946374, 1.7999308929561901, -1.584404890038078, 1.281264133441469, 1.2203011934561652, 2.848390300574985, -0.513307869944491, -0.456747224966062, -1.0843383391141068, -0.32705241919486205, -0.13006981005143414, -0.6926478392970526, -0.17026917915419448, -0.6174967521858671, -1.092569654645369, -0.4124655001715804, -0.4797049393384953, 0.4945055887880563, 0.3995190273819482, 0.09709027616970543, -0.12304160573921318, -0.20992032854335918, 0.6545874641240433, 0.24532137982899027, 0.23737395780278664, -0.8894165496519303, -0.2985220637043139, 0.18610860326663511, 0.4448034152490278, -0.330281466874446, 0.3874542998476368, -0.5292015249371553, -0.06937887005541012, 0.018928369669397854, -0.044366502307027114, 0.6074715154132264, 0.38361481311145873, -0.07940724340548934, 0.7991710327148434, -0.0625402679024892]","[0.1952439796198068, 2.6185097572505924, 1.9442579291537447, 0.09321281529022764, -1.5504095996173128, 1.2168692254301894, 0.8716673069710452, 0.7901909775042703, 0.6334082611409673, 0.36645998542416175, 0.10688725990554203, 0.040301816965936474, 0.26583878173660247, -0.9387086723161602, 0.5449253966397574, -1.454859099892797, 0.08140865606168696, -0.6395809486371944, 0.3950811203997801, -0.3268024422905546, 0.22533595412507337, 0.00615962607506834, -0.05003766887838574, 0.39612293864160325, -0.42485301947535187, -0.10661801524025508, 0.08350926436716648, -0.0038820049671684067, 0.33981961337673827, 0.40136147135066824, -0.055737715074769344, 0.4638618686550684, 0.4670062164816563, -0.046471957760893884, 0.1184667913789408, -0.20160029457863912, 0.09383431656326444, 0.459002532433046, -0.005425833521795482, 0.16394930651123935]"
"[1.120021098742493, 2.568995169733143, 1.9620379466873448, 0.9406469734995813, -0.15479887008443918, -1.922746282293247, 0.5071335489019618, -2.9311430596913333, 1.1025911129668693, -0.12619218183103553, -0.015777653589979915, -1.1900686119992148, 0.4868206308361931, -1.3747130643946888, 0.029265275880972337, -0.7042550873713573, -0.34580778911500526, 1.1115270380641202, 1.2793369677433166, 0.6837723561175356, 0.29246542015911337, -0.4641825959106806, -0.2661007934266444, -0.07612159883696938, -0.10525929349944456, -0.19564955948828994, 0.5998008525942338, 0.47718125960717067, 1.259561946968452, 0.3358789883253064, -0.16735445211779137, -0.9846760860414758, -0.5937407721992529, 0.18423265514965223, 0.26149242546442547, 0.07323519160961493, -0.7609525781245604, -0.26833178929685003, -1.1754094746930102, -0.5549557610421859]","[-0.9156290985026413, 0.5736434659883376, -0.9235107601411338, -1.291633140864041, -0.32612289557163154, -0.9707413710563002, -0.17308922147403757, 0.779272079036154, 1.753524416123604, -0.3183243154928732, -1.1166134961620264, -0.28446874873900824, -0.5225606074490335, -0.06666493477722182, -0.5978387914483856, -0.30988994611102405, -1.2068903534129614, 0.3179952023840624, 0.2270769668223783, -0.4542297473609814, -1.2210237225501759, 0.6189708610853908, 0.22472918890618213, -0.25528470703389977, 0.16523216694627252, -0.2689466005473541, 0.0787253100858378, 0.3400138672784831, -0.005712660794178817, -0.17544189568253668, 0.5425306554776587, 0.4597219920647709, 0.1489364428890969, -0.23122286036040246, -0.31616668876845044, 0.37395769723632255, 0.020511343595151756, -0.22228051028282594, -0.12857124031496828, -0.3736687416318314]"
"[0.757568028485362, 2.228346710826678, 1.2214167754019976, -2.197310492644858, 1.0545493029804591, -1.6938653026652053, -1.415516650290925, -0.03527066975219342, -1.240750614595404, -0.3141091750069422, -1.18502129270999, 0.6495447127873214, -1.9278336499114173, 0.1158726178468281, 0.2433206269602055, 0.11945439724743259, 1.1256626363792945, 0.3106267189388427, -0.2291676485952239, -0.7007896920740587, 0.4149457427992453, 0.002030371514502915, 0.4597212317849615, -0.937883303671926, 0.06614419048549754, 0.6655874671520726, -0.24549379361060444, 0.4363420752892894, 0.17272774302827168, -0.5414547138974668, 0.33179695541661314, 0.8033307983124915, 0.09599208803342972, 1.2302284898021625, 0.8310666730527617, -0.1739472866205609, 1.1341229151170833, 0.2741385084841096, 0.3586603794376995, -0.8597162566078861]","[0.4026903703163086, 0.5583845453433074, 1.7714851662995839, -1.8152924442603535, 0.6773598822397864, 0.6307965716611156, 1.5076767567012295, -0.1179369933649756, -0.5719277608582225, -0.4257477146240785, 0.35422509238459876, 0.20915328245540407, -0.5706913758842435, 0.3060975081732848, -1.3268087144172205, 0.7570528531260169, 0.6302047013736359, 0.78583213206243, 0.11184685840979905, 0.5639235884269109, 0.25261124548294145, 0.00787775925352211, 0.016482618882696552, -0.011083468285627266, -0.0636918025271223, 0.24285296981493332, -0.399527638557975, 0.03134802734337603, -0.28164240910553207, -0.055977152754031596, 0.07636675353807847, 0.039997838789161376, -0.3570444879576487, 0.5752204280793758, 0.21721015027756607, -0.1642921489050045, 0.6668945606348334, 0.18008174543673275, 0.07872308018369412, 0.4267306184866232]"
"[-2.473340400963015, 1.3902703617719363, 0.07157100366624757, 0.9244993490984919, -0.7008862150676092, 0.7117149454310483, -0.6185568322363594, 0.4363594058488111, 0.32731845515343544, 1.542921240105136, -0.8650852700790466, -0.9973095473385534, 1.1897955907419764, 0.19868392057150927, 0.03352440959761783, 0.4215076341999919, -1.2739584379292952, 1.5645235236134707, 0.8495875036989954, 0.006875430956010649, -1.1049895163971128, 1.6660054002039295, 1.1891760132211389, -1.6675705107538423, -0.737743525103799, -0.2514606231762258, 0.6971119805046887, 0.9205808278202073, -0.3530105394137812, -0.970729076645813, 0.6672903307304844, 0.23203890442056876, -0.5677235508399201, 0.15291014670599742, 0.09598634642021373, 0.6092925743110873, 1.098310579859259, 0.12152486326374157, 0.10598073652537908, -0.9426755338518906]","[0.736670247009404, 0.5998160651504836, -1.5094118810685904, -0.816523262044766, -0.9154510484751964, 0.8116269494037578, -0.19952639959554386, -0.5614721785391349, 1.6626877146376053, 0.4219026175046122, -0.006176002727480804, -1.245771329580785, 0.08289799814763325, 0.04348660010597433, -1.0261940830648526, -0.4583169207637873, -0.9241482907937435, 0.8238636281842197, 0.7150798066227664, -0.7587274070218782, -0.5341735361253395, -0.5885807113725531, 0.2744368910949146, 0.24224317941938212, -0.2857275547345958, 0.10077617685440056, 0.17798348033977374, 0.9479528661462676, 0.010439083749461975, -0.09520325261643767, -0.18744526292775654, -0.7574303166138338, 0.3017570499711567, 0.08345535485164587, -0.031363421144269536, 0.3552996802339689, -0.4112305481092053, 0.2721192588835424, -0.434446889491687, 0.3248905434968834]"
"[0.06827038369502803, -2.948664767246747, 1.8437589829076848, -0.9469013940223198, 0.6696971072700777, 0.7432946928640352, -0.1748984660491399, 0.31542349520729285, -0.7738773641211737, -0.21854540402070707, -0.5122817653140772, -0.626771000329154, 1.0730185206700287, -1.1338156332547913, 0.7079681699557142, 0.13262787639593196, 1.5874295279937032, 0.17594604549249726, 0.12628152802479517, -1.5890392527066772, 0.5649240676022718, 1.3228964848926164, -0.9859424786565921, -1.1739842251205987, 0.8186730176569954, -2.5033616784446555, -0.3792038920216791, 0.6280464776105965, 1.05559214391255, 0.22480649615692122, -0.797507572691066, -0.10467220381573113, 0.20289512373479862, -0.17728158788214077, 0.27206349656632833, 0.01891801572270013, 0.5941644120073515, 1.0407346667623172, -0.24566068869520624, 1.047168212452087]","[0.5629887625098857, -0.9681942600873036, 0.42520762873411033, 0.39106450338679977, -0.458980717759763, 0.2837038554549357, 1.4726834723125635, 0.5322480204688611, 0.9888345702811789, -0.40221609740343334, -0.5025324800420021, 0.27108895826425283, 0.27367148200532115, 0.3296527268484355, -0.4269080850404278, 0.15828579230045775, -0.27868520041020584, -0.5530591187340195, -0.7286044339979031, -0.6908517887774678, -0.006727937057927966, 0.5503822381090597, -0.34330774701580047, 0.05756397765232464, 0.2214919747465641, -0.25377635951330546, 0.30187109448789895, -1.0213529210549415, -0.3906188791820026, 0.5988878225674584, -1.1389539835711462, 0.5030328853243359, -0.16578575304412696, 0.681152307684637, -0.26788766050433593, 0.12117063158240546, -0.11527639198718806, 0.8508626220261778, -0.008576842963253199, 0.13798370121327777]"
"[1.158803428406309, 0.5570088958419601, 2.7890330266625813, -0.6937942144720073, 2.5765838710936158, -0.965308995357822, 0.3107284609003127, -0.6590966700474552, -0.8434392374477536, 2.052000323423981, -1.1771553793150373, -1.3700819322384534, -0.11497947537765639, 0.019345523520223257, -0.16457286594831122, -0.35350892945717427, 0.09335942286010719, 0.7419477106846173, 1.722139181406099, 1.0972578744234343, 0.12397350169953446, 1.8438275748992015, 0.24983205804015576, 0.0566821924709181, 0.3004929334474531, -0.10764405721278185, -0.25272072684589025, -0.9999583841144681, 0.6043966925293618, 0.03979330995657481, 0.26190982729007334, -0.5109881448522052, -0.40795901464117923, 0.5964151942558562, -0.6964918719312352, 0.19628974766708754, -0.9354940378336373, -0.2661270116253415, -0.5728683757526033, -0.6210701279669852]","[-0.30745907811110185, -0.25898910598121117, 1.4596472894204846, -2.2411389764842755, -0.044979559155426806, 0.5302078291921244, -1.5187632588722995, 0.410061036801351, 1.801558964787057, -0.8097165553682132, 0.571008099321607, -0.839438071644848, -0.9577123934541049, 0.5724369593093616, -0.7614210464534004, -0.2216672269720362, -1.1649219258808419, 0.548368948314887, -0.5189168082467861, -0.22198495711459854, 0.09054902987395219, -0.18806587482671264, 0.3681167874271108, 0.35899204522941475, 0.30804699916901723, -0.14776646533431587, 0.3812237050456332, 0.25036864854904367, 0.22914232690448644, 0.44264338953567217, 0.09537580870366491, -0.0763184518605722, -0.12973046285383635, -0.028972076988944457, -0.015791643586909248, 0.07163697069953173, -0.4699461198400071, -0.2691032814090623, -0.3325299009663301, -0.24560823968561946]"
"[4.019922848783915, 1.7043801846622364, -0.5598742791252496, 0.5299632332415055, 0.1385050458740669, 2.9255546061314703, -1.5293348148807098, 1.2006467143542736, 1.0857195259151309, -0.8991134392483813, 0.08755323677850504, 0.31810038967010673, -0.23265510333042988, -0.1328243035371433, -0.1069335581627617, 0.11441121381093348, -0.23263650296356547, -0.27001447468961104, -0.6173544401829864, -0.23749371318995474, 0.7793617989661905, 0.3567530687197515, 0.06467649888912254, 0.09352305072339606, 0.03345593950719163, 1.0735331986884098, -0.09327024532294771, -0.813636469088404, 0.25422631703386367, 0.08257683239338466, 0.06628363045635759, -0.3588467425510044, -0.16602441077673522, -0.4321875098029361, -0.18621407466495615, -0.6908625190004649, 0.16337723008602173, -0.10808786185821964, -0.7729893132951694, 0.4990455437932294]","[-1.152834994499441, 2.1765587692079484, 0.5155009644902465, 0.4228586046907994, -0.8003402930064527, 1.6121867903629994, -0.44024635555054825, -0.0001228958653182091, -1.0099489622639992, -0.5570808155547345, -0.6419070985340422, -0.10341127261100733, -0.7954973916494444, -0.06405524791227614, -0.1186841786541849, 0.5749935421910425, 0.21774962289025432, 0.6613539633341159, -0.46027785740600946, -0.2734059871142195, -0.04727738516744595, 0.41178977019238905, -0.47946896000380207, 0.05624301082757754, 0.5850579840433013, -0.4043830168955958, -0.5425570292326944, 0.5458555927172156, -0.5572213162083693, -0.3949747542360216, 0.6300815922548854, -0.06519852641951726, -0.5125479709248052, -0.5062169581432521, 0.47506027118770844, -0.23437098668530404, -0.702984959008478, 0.5216225250073006, -0.35822894237205527, -0.27499957616162507]"
"[-2.385108883791123, 1.1403289759901853, -2.7430372350594605, -1.7321264109825019, 1.0673145912163984, 1.2245763181772815, 1.6318492308229662, 0.7884247748988467, 0.40382813502325954, 0.14812288682500369, 0.46325546184342126, -1.3693660163824066, 0.2865698266761986, 0.5543131761786738, 1.4527695334535697, -0.215484325882653, 0.9936262876156324, 0.021574823361283454, -0.19757564745013087, -0.3759226660969221, 0.2614283225773539, -0.1314618956543245, 1.183369090677769, -0.7244588582356354, -0.1441968281763416, 0.2862779967411367, -0.7440686308798165, 1.1388996699665053, -0.3210489644425492, 0.4134514670795553, 0.012426494685997614, -0.062436038070927465, -0.20001736541219656, 0.22750807848727095, -0.18976469749845298, -0.34502653185740784, 0.048536924527221505, 0.40803596013119126, -0.2155449690191143, 0.2146506270725107]","[0.7868723565529312, -0.6672273339593895, 0.6752752809173741, 0.44863040487407635, 0.6015834455664777, 0.43203116734181457, -0.3829180162011169, 0.08413636377324611, 0.19636699361716667, -0.39130932244952094, 0.07583637189018164, -0.7254253876558832, -0.3824769797094421, -0.3198920602401237, 0.03916265750667941, -0.284524411571252, 0.9562756957686591, -0.01880759207264207, -0.3857652324961147, -0.4057099716906385, 0.29795581687047523, -0.19894173873468493, -0.22191270471919158, -0.31033640384151884, 0.46764012422081336, 0.34905526755440536, -0.15676183859552273, -0.19474814490785175, -0.756623757676751, -0.1090888005514571, -0.11306071794363645, -0.3231112074613699, -0.057732823717619765, -0.2571685794828601, -0.3837248168121377, -0.1588431500380667, 0.2841700721975281, 0.032834221259009776, -0.4278689994396651, -0.6083840106769477]"
"[0.07060891594151333, -2.5137404006429436, 2.309487431706945, 2.2899803883963847, 2.1126679696916404, 1.1038434386815776, 1.7252021936185125, -0.040903153015883154, -0.17489706784936432, -0.7057993334453251, -0.32568940799346935, 2.012006301306414, 1.2550546525956252, 0.04445313894507806, 0.07143021546144634, -0.18166824786059957, -0.260335809881017, -0.8979044900242638, -0.6548505839057086, 0.2859962565319248, 0.7335152653280437, 0.12301508564652093, 1.6416289270389732, -0.7923922012431119, 1.0692205920840985, 0.9197027155694818, 0.7205007468238918, -0.013647411895258348, -1.0475532654494117, -0.17338142985815339, 0.5375990171506065, 1.25455914426673, -0.6249631336585845, 1.8127557078948595, 1.0468079742594645, 1.1526641918611142, -1.094020303761789, 0.6787917399801396, 0.03899371637260589, -1.3558441091169058]","[0.4068038911117324, -0.43830931780215926, -0.9349525563663675, 0.11869162458019969, 0.4506168635726127, 0.09114483668694769, -0.2770278608443934, 0.945625124675015, -0.4258598859562164, -0.5620397143392266, 0.4956549871881822, 0.9138348757231346, -0.383310745045573, -0.4510706612894403, 1.1143000597828374, -0.004467189079948002, -0.13668877835486984, -0.06368426094120394, 0.13944212641155873, -0.07370449096814763, -0.40643072938020625, 0.30087557956752853, -0.2040143873888035, 0.24999641737754535, -0.24325973399076786, -0.37329368905378296, 0.8425210727206316, 0.06664047567364534, -0.08743967795509965, 0.33856839628332963, 0.42872950351970684, 0.0453890349748842, -0.2435101001177067, 0.05439670327211714, -0.6455718761338193, 0.4102816450432226, 0.9463971752136396, 0.17938666111458895, -0.10201384806295535, 0.6573946326375661]"
"[1.7255084998085515, -0.3708961556367346, 0.3405274281618812, 2.107041840854923, 0.03516921448502836, -1.2723628079793974, 0.5321715454025053, -0.22161137377872864, 2.6935273736352583, -0.7367881999100948, -0.10729207937969053, 0.9250489947111636, 0.5548027441564294, 1.8706689710052051, 0.33650954904452024, -0.5668044747606492, 0.7090531616891683, 1.0136958641836031, -0.19328452577793745, 0.32018410309784795, 0.646056648922502, -0.1436416508865826, -0.5136192663267931, 0.12992660532486902, 0.13511818289948446, -0.6565105807950572, -0.4972541563886452, 1.2461478586814432, 0.08316919791344542, -0.9079828023191484, 0.2544321554131174, -0.1947987456732323, 0.641169801777438, -0.6374205325127934, -0.4689670128355776, -0.6071912413955893, -1.0551431947353789, 0.40032364599360515, -0.1486670019542341, 0.21037151711671503]","[-1.5003339764710697, 0.4935913141081379, -0.613858400646357, -1.1763555619135557, 0.9166081237230909, -0.5802444963216711, -0.5915296126373122, -0.0458159186381874, -0.1111768173227926, -0.1615832845757314, 0.3419373253063883, 1.0537169526256918, 1.6105760758475027, -0.04123346918219478, -0.31238254687478384, -0.5097001759150434, -0.49328264351405277, -0.026051261898192204, -0.5490712095858186, -0.7036319205682332, 0.3036348078617327, 0.1288758408533598, 0.5120374595914131, 0.12015900612286574, 0.27540833770430795, -0.5338324503729405, -0.11777007865152694, -0.3055982754974953, -0.0741048934168785, -0.5432138907829237, 0.47103193458171433, -0.1491240575730398, -0.7433862637932851, 0.026088088143860693, -0.2988294719321369, -0.36933840821468195, 0.6272089796956567, 0.5099374257434778, 0.4053137787059516, -0.16194646830629414]"
"[2.250661387416255, 0.8017204107892657, 1.1933496973329736, 0.370524185324865, 0.4927711377460515, -0.37302737377176254, -0.6786481593441583, 0.4649226162543201, -1.8439330639647333, -0.4270845401736633, -0.16821925747853286, 0.30830671454070196, 0.6278587253343176, 0.3071723949038677, 1.1648404421220273, 0.11447671789043389, -0.7125686950872223, -0.2150047171171007, -0.3148314118390084, 0.3979338688563552, 0.6667737919524717, 0.44391274513937035, -0.923284326516531, 0.8458091105115219, -0.6503182759228389, -0.3886242064614355, 0.6419264701857756, -0.25130678743970536, 0.8479687281923225, 0.4521236599355324, 1.1686039670413, 0.09491990098613226, -0.48021400813016724, -0.4406820762912231, 0.09986774973432934, 0.7185459830808442, -0.640274507954899, -0.43604896802442134, 0.5496155994510462, 1.1046786090828131]","[-0.7743426563440772, 0.43982499733728864, 0.4654796599891616, -0.1887080524081791, -1.6430836823317436, -0.9756701217061092, 0.46859284996907946, -0.6360527335010985, 0.7644084282382415, 0.03055626132742095, 1.0016431957294742, 0.02045981260971996, -0.4334904227889171, 0.4980497415550494, 1.1836259373218465, 0.3574618283038375, 0.05336668254292177, 0.7983254491287047, 0.10083668814684411, 0.05840676284107181, 0.5264810703337897, -0.4687301289160636, -1.5390896086547543, -0.24442307645353722, 0.07951041584145041, -0.386102073926369, 0.10028158677483896, -0.4930555943151148, -0.462698085979901, -0.5092451451506905, 0.3291791315256485, -0.29358280364677214, 0.5412559270265992, 0.7857757068076393, -0.37675517933031577, 0.292245203065137, 0.015060722278043677, -0.01988047824850387, 0.3773884175877491, 0.5832559904839538]"
"[-0.4073366246578036, -2.7329861617220907, 1.1030556042464126, -0.8122507203055856, 0.10895462296376049, -0.34637202778564125, -0.9607325614184586, 0.9854569850986431, -1.473310666772058, 1.6395549546791326, -0.049098115315268524, 1.1241969153797877, -0.9175091446766187, -0.1589400860262457, 0.916079412184289, -0.18459115554687425, -0.1936314264214884, -0.011612889605025545, 0.5353014809826622, 0.2741714327875729, 0.27332920627896096, 0.17958756943893459, 0.1537275471960022, -0.7087835965306841, -1.1093663802466578, -0.5310779016886672, 0.3192899231001527, -0.3846525970514844, 1.4608038514815371, 0.29231794918081083, -0.40572250233028234, 0.13466125237918275, 0.05469706402285777, -1.318023231967431, -0.004516331892829593, 0.4815470573491091, -0.23588178950117106, 0.03157334888732696, 0.4071421004568856, -0.6391917632003195]","[-0.2194209815252515, -1.3657242718999218, 1.8764391123237185, 0.6342645844055508, 0.13164701753559108, -0.38506900294304336, -0.0033622493625004722, -0.4904640852016059, -0.5282358108942388, 0.4167439044931025, -0.029373819701325188, 0.6663220888799487, 0.4361416863150232, 0.2582697828412393, -0.008608282428581917, 0.08702204005748536, -0.5614698053151965, -0.16434115820012915, -0.10836068297933761, 0.298510379523241, 0.18063225294435656, -0.6118090524542784, 0.18318662795737092, 0.4515418600770433, 0.04983315769662617, 0.4269749331876561, 0.11194339738816739, 0.860424410195821, 0.11945240775046106, 0.299603354554483, 0.3504707241120053, -0.012884772438912406, 0.06098426941893689, 0.1523172159266787, -0.10624246298139428, 0.19953337389031364, -0.021215705253574066, -0.09110367260503544, -0.4400732518160285, 0.22151361506502024]"
"[-2.711857258192593, 1.5900766389155025, 0.711690591761319, 1.4299506179661499, -3.4589421183852096, 0.0017244550581276697, -0.3159016484266622, 0.6628876477908584, -1.9676150870510523, 0.5172891333937968, -0.12763405558762494, -0.1858556443400539, -0.4772674624360713, -0.5366494556467674, -0.5544019176383318, 0.32545301042173075, 0.7368495535462037, -0.5313342811136358, -0.8400116411918278, -0.17748756751331926, 1.0755750822460617, 0.3460524104709092, 0.5394212937839813, -1.0453995982627573, -0.741036822676875, -1.0236085075058938, -0.9734561598008005, 0.8949685580513663, 0.20870483769548243, 0.73547588857877, 0.01668643250092499, 0.4033649683931008, -0.29870966128783616, -0.27572997504260865, 0.41305892193545424, -0.3927845274157455, 0.3531117694635818, -0.8894002565227286, -0.217695648101131, -0.5975119837711832]","[0.8322209116850102, -1.062885503192441, -0.3061811739876938, -1.4815556370315974, -0.9437606485791246, 0.18466010032830452, 0.4290188066209002, -0.6148526350089728, 0.4505020829812983, -0.7973647654666486, -0.01739884523491842, -0.4553260143233259, -0.010837171237955518, -0.7338320503227965, 1.1963693847040922, -0.5579587672875909, 0.17506661348019376, -0.2617064623353439, 0.37009268183640537, 0.8256079998330109, -0.048104306604082096, -0.46082929711227033, 0.1351275151250923, 0.3653917704125168, 0.37033142210989756, -0.04073407246725893, 0.5260840165954103, 0.11840766821416318, -0.5648916051725544, -0.34576098184458576, 0.038715523416241286, 0.022936137387893865, 0.07702325868466578, 0.17525911673622596, 0.21261352630539287, 0.14608017335360066, 0.21600841019836747, 0.04743430839855765, 0.13784709870090608, 0.0732349743064255]"
"[-1.5590421643989496, 1.8834710699087764, 1.7698265950255854, -0.6091996642425492, -3.2317054608067988, -0.5183557096992356, -1.4875857111864217, -0.3155972156408856, 1.1787209217178787, 0.710660555675788, 1.120321835342705, 0.5404674528375305, -0.7148128900309042, 0.5264020577011194, -0.37573070758023647, -0.5016274788969596, -0.46482828190204145, -0.4695353601038515, 1.3362946575764563, -0.6204166180711385, 0.09325126440548163, -0.30646226249929964, -0.4450213962221575, -0.15280305481628997, 1.624660284426911, -0.12092969273332439, -0.4737501620496301, -0.6551985988961831, 0.632623442174295, -1.0744318563142945, -0.6566813600742283, -1.4047678411724343, -0.5858195147382794, -0.0773251659414514, 0.4051045203761411, 0.7568235764515682, 0.06485861500902088, -0.21735904381446344, -0.3384253661418884, -0.1809055758087246]","[1.6660855477309486, -0.7261681428877254, 0.13313739664054183, -1.130177513692327, -1.0352564522579224, -1.5663981480153193, 0.19279717863224172, 0.05922164084087716, -0.2877425431609604, -0.2709246517413091, -1.2414896281881835, -0.20057214113648367, 0.4838065692346412, 0.3264576821691828, 0.054894339355466164, 0.12111154837309643, 0.6079201745121431, -0.758507628818514, 0.3621737726376374, -0.2190251840244671, 0.1477068030702246, -0.5393208559263724, 0.2725227413940519, 0.32745765799314147, -0.47560776383466347, 0.5196743724153347, -0.055128998262889035, 0.09225300955887639, -0.26040748005928244, 0.07789913365992276, 0.8234305523027644, 0.09392748336809295, -0.27796900100034505, 0.2096106193356188, 0.6082688485057326, -0.07874999030204372, 0.10522214512501936, 0.7491724779558212, -0.0480298747564399, -0.06244130665162618]"
"[-2.3240746272738497, -0.8917223019089021, -1.2965847028764739, 1.4546065941819588, -0.009112033401828262, -1.0421391170584133, -1.7449489025805345, -0.3245743408583235, 0.0023011407457544032, 0.12903002929522328, -0.14251603503998045, -0.5386636054475966, -0.29443850629366564, 0.6133073707934341, -0.8260773602818853, -0.2529654536628294, 0.27945419016045586, 0.12657521149576062, -0.7571014307294104, 0.39861099793532506, 1.0008865376239102, 1.1367346930787823, 1.1809135727867621, 0.6518836512957543, -0.6645619377766524, 0.36316870479079133, -1.1106978066568367, -0.9624956180457301, 0.4662015054655016, 0.15294326609157488, 0.04844974850828904, -0.11017533479362185, 0.7317232779169404, -1.1391717100306893, 0.3978014694516094, -0.9800445534052802, -0.841752510167624, -0.41685565059110596, 0.5385317585014204, -0.11294047701797034]","[-1.9172325310484237, -1.9087953473940573, 1.3356866754522054, -1.108816520563512, -1.4988075401357481, 0.3979488173351527, 0.6959497870175716, -0.07626235576058465, -0.9860526605908411, 0.5326439499863287, 0.19003633393297928, 0.4734773190567114, 0.5051552427863087, 0.04680677360494828, 0.39275809403808665, -0.34013816818431863, -0.40613869021426463, 0.5423881736995745, -0.1803547547997873, -0.05518359021972243, 0.020350722500087952, 0.23482694892389988, 0.19751448883196424, 0.2981860824687102, -0.7625042916372307, -0.8017351820829098, 0.147993133421036, -0.3495187493925671, -0.019281818075149882, -0.5629180010726208, -0.12855056455152747, 0.5664699080134984, 0.24803729858331167, -0.18398071112710773, -0.026860575059859174, -0.24568711406794258, 0.3673895268807306, -0.23305440885567447, -0.272845019864401, -0.0033503438099382324]"
"[-1.282345594718219, -2.306307047510109, -2.400027540015525, -0.7906492659834878, 0.49070096451605905, 0.20855319706231373, 0.13564765130038536, -2.930527224775142, -0.19698172327173427, 1.2168736538350144, -0.6928999681700736, 0.5398397950627175, -1.2226763488762855, 0.22590586293987994, -0.9201717277918123, -0.5172773738990288, -0.6170011845881834, -0.5028358317295083, -0.2965569401664394, -0.3076980716800573, -1.723604616774686, 0.9039128029935611, -0.5827400735963149, -0.8765952079180647, -1.0707740661577978, 0.7053733161614645, 0.3442770773094989, -0.008711041584508918, 0.016350034761199204, 0.10462069038090517, 0.44681059804675416, 0.13504150061827846, -0.2609745304580926, -0.560561018866974, -0.023997316370647056, 0.2775012643096592, -0.5823410794072867, 0.8553253093742552, -0.3491117611082867, 0.6136752939541674]","[-0.08969688974037125, -0.6860888584487018, 0.3227436270311078, 1.4621746558972306, -0.6436147853634663, -0.1807430290449163, -1.481828305748488, 0.6373883482675381, -0.08902412867301475, 0.9244725174551786, -0.7491108063237834, 0.4752674398046654, -0.8023922137916443, 0.4135643391584167, 0.15435040348684337, -0.4531208653854944, 0.2167060032706396, 0.7462517076641871, 1.157450163351028, -0.14829872958693538, -0.05485625494259739, 0.8294961449958479, 0.16214841436280283, -0.4937273160574847, -0.28638551880707314, 0.18390957509901087, -0.7192863423060634, -0.18011818540928967, -0.49937105692498984, -0.11504314638807246, -0.1351841816860778, -0.42347368923423306, 0.3639953416933851, -0.2033884841686345, 0.1952124745407856, 0.3816299812023385, 0.45021485945835255, 0.08693181658160808, -0.2150549486310828, -0.03927520167427306]"
"[0.3570649723634399, -1.7332417241155722, -0.11159252481873773, 0.11222143432882889, 0.19620671597243952, -1.1171146308838373, 0.5712483851068713, 1.8780534912197249, 0.3442942843377199, 0.12934246259087884, 0.6631531597994473, 1.5101305007167118, -0.6695711733638247, -0.20825444772859772, 0.767366858411612, -0.6446408252868969, 0.15477412152620942, 0.2678291163323088, -0.13159105028203147, 0.5395178584496122, 1.194239618653494, -0.4704189238624569, -0.25693929897477347, 0.2588245648961165, -0.1720334496030566, 0.25010179511190833, 0.7579318351993973, -1.0620827211937678, 0.14516458656849088, -0.4408189369686884, 0.58327489591676, 0.5945515395455352, -0.807341279059609, 0.826484009260984, 0.6855194959908265, -0.17635514265245963, -0.2602718717823184, -0.689028401715742, -0.46259324835875437, -0.1852990210495166]","[-0.686629112029523, -0.9307370781698195, -0.11711410868759264, 0.10465853224997043, 0.6821876309123599, -0.6512974704226363, 0.6087624605540733, -0.06279286440653116, -0.12778579239169474, -0.20854280726432403, 0.0782796642797376, 1.3528703795118127, -1.3610014682799072, 0.33729490815963936, 0.26364664571533325, 0.06401993879331538, -0.5492900137636783, -1.110957127080603, -0.7113160923522035, -0.6962239929826066, 0.2622954199428656, 0.17592933545811923, -0.6320261867568903, 0.228303961098393, 0.2882643123067846, -0.32857346739676807, 0.3906195407921056, 0.9554797080848809, -0.16556779665014498, -0.14894812876494878, 0.0403216134887451, -0.38142176619731405, -0.23180353815039856, 0.081111141620175, 0.24026233806293187, -0.9020058288987223, 0.28630233448323894, 0.6963154732834542, 0.48823584107455553, -0.45016228575641243]"
"[-2.3868294373682755, -0.8522350365210197, -2.28665849453487, 1.3714730208846926, 0.6547101252372763, -0.7078324824679826, -0.3431808184511211, 0.8199071799195935, 0.2270076449090552, -0.5736183459514348, -0.8287172822333513, -0.5893529434215755, -0.91887302497358, -0.8123284777596159, 0.2637470086583178, -1.6996720395715994, -0.679482831347294, 0.921552043216892, 0.5376629733060966, -1.6136046684661625, 0.6569581044212236, -0.6572097058934514, -0.3163116493149553, 1.0596947550897606, 0.5065909401350421, -1.6940015726669453, 0.0423167536665584, 1.3200798788253256, -0.9890263742971492, -0.4731173910044418, 0.9335762019733389, 0.4598899713226155, 0.014697611699083903, 0.9488895870374433, 0.01544810173339882, 0.23715693955875822, 0.08708713880935715, 0.07403572409254225, -0.7599821832110436, -0.09786762568185028]","[0.9880386563359327, 0.13712742760613983, -0.2551508846278635, -1.172775142451626, 1.4315498857826887, 0.5118658584120447, -0.039865884182845, -0.09252674560188556, -0.012814145833078897, -0.38848567961605984, -0.10514363869619751, -0.8071216048133527, 0.0010712534022055567, -0.08286222442242118, 0.6081782166991785, -0.7218827234104909, 0.01117000889794223, 0.5817659097188489, 0.08945593230249842, -0.6476097472067376, -0.33424130545322667, -0.46854685998264767, -0.9334821549514142, -0.18172733889787776, -0.617655583538828, 0.12474894092131289, 0.5745401819585213, -0.43559740137045644, -0.7107279030957758, -0.37382428044234883, -0.6111207593387232, -0.0658008021441746, 0.3832069404196537, -0.8113369270289656, 0.4965255319669272, -0.4583314198904671, -0.01280534319067442, -0.0063551380367748945, 0.1581567555404119, 0.36167885581745773]"
"[-2.4886001189158447, 0.8833059955861076, 0.45174495503549444, -1.4339731340683386, 0.48827425328749097, 1.6153851375885337, 0.08224163071091196, 0.3954597325032931, 0.17914167160876276, -1.0883391652922523, 0.18925356250143893, 1.0104020169491161, 2.2457412709209765, 0.6418526870200856, -0.1240812628328102, -0.44087636488594795, -1.5463341536784103, 1.5296093296805642, 0.05839398049337114, 0.5957207136530244, -0.4911408784935023, -0.6143351303011925, -1.1376729305269073, 0.09440051699743494, 0.02149186833352321, -0.2694718903126679, -0.8632479077166292, 0.43989864883952934, -0.2702699210431691, 0.08866684203401588, 0.7645602917511249, 1.019851306074798, 0.7678359332736673, -0.2455386553052043, -0.2845418372373805, -0.6814030739655538, -0.45433026224633904, 0.09754967356302734, 0.564243010151099, 0.33417984195099026]","[0.6707791568032461, -1.072965373238214, 0.6859016263010028, -0.14419948998163726, -0.9800744679305116, -0.17594048229377274, 0.5385371603273714, 0.26795987359328244, 0.026652207840092614, -1.134023694916429, 0.8073226977617998, -1.3856356861550032, 0.8071197557321317, 0.41248548459856516, -0.36526439334852856, 0.38207366021245315, 0.21215371876067676, -0.6456027471661803, 0.31291007968470064, 0.31766588979292854, 0.17297745169945006, -0.12901441293282395, 0.3800834176627206, -0.5005234382558473, -0.7981078721510821, 0.4960402217841962, -0.7195100392889067, 0.2726606091420935, -0.3231192259083126, -0.2752727820306058, 0.031142685350749055, 0.20613230067073351, -0.7716605068390747, 0.18500349668956426, -0.7632693190439356, -0.11926854339974081, 0.18505409715957408, -0.8190165847225329, -0.0103602068272514, -0.17525495163882066]"
"[0.43993072749236534, -2.3790920011587295, 1.0417906508299606, 1.2722319418976433, 1.4881106525565229, -0.131478910833199, -0.16428588166671734, 0.32773256596954986, 0.5622317438169699, -1.7630400132279909, 1.197458237977307, 0.6248802577593786, 0.7747195720018626, -1.325133273727324, 1.4812228751031336, -1.4923966762949425, -0.2429808503737831, -1.4254457338212767, -1.2541812299992794, -0.2138180811947302, -0.0936458464665642, 0.35762140037996454, 1.677135571468512, -0.15232677275160325, 0.2171738973963912, 0.7882140687854071, -0.12374524380516573, 0.550271730073765, -0.9269636274278794, -0.9743237833256946, -0.4532218875205446, 0.02498506244571044, -0.9240355072043295, 1.069950573620138, -0.019600528518194243, -0.16376441978395134, -0.7618542526338362, 0.13118900109627477, 0.734127137293209, -1.3561188150289911]","[-2.249018357855264, -0.5286647854527567, -0.0939917202358248, 0.01740631188445281, 1.1851158204047045, 0.8122475767887594, 0.013371032000263045, 0.9133611503437278, 0.1903423217147339, -0.7676355241490654, -0.18414379998346073, 0.8021058028179697, -0.24246993741813738, 0.20636571852222904, 0.7378327634993347, 0.14713522156680808, 0.4034218566779151, -0.08048417820736158, 0.3366838084467634, -0.06649634885614399, -0.5724310324116202, 0.7052377944985072, -0.2324390342756566, 1.0024991105928918, -0.5669379025795486, -0.14728739188163792, 0.03902003854488564, -0.8493844324710103, 0.07232479960930198, 0.39879402860159574, 0.8801633079890817, -0.054667886968428225, -0.3395444229465078, -0.19464108768284033, -0.7176615609021604, 0.3768858198558976, 0.20974784257031626, 0.2156431290182842, -0.40465322630927686, 0.7030902157164836]"
"[-1.0946644115786441, -1.826636761500725, 1.4518277902297083, 0.2888166720249868, 0.398162377650322, -1.0279638634087995, -0.42581168431775107, 0.3043373873518991, -0.5655514902345524, -0.15233563765509636, -0.6940304360417147, 1.5478043953832497, -0.9993968000206521, -0.4942932427067738, -0.26249557985045, 0.8045065420193483, 0.4859043781216614, 0.3144557541645978, 0.3117425551225638, -0.968814208596556, 1.6988249046306563, 1.0127606020866078, 0.906270514526733, -1.0130485310525936, -1.1799448111612603, -1.581343169769567, -0.005991762292724914, 0.11296387242816423, 1.448750205098886, -0.4693975018825655, -0.5635176973028908, -0.6286758420679243, -0.23771541519264403, -0.4832275805365135, 0.14268914310557834, -0.06913970248703456, 0.07128836443065499, -0.5803033498413639, 0.7434445013047816, -0.306093450059754]","[-0.6280991707427261, -1.783486712163386, 1.8919069818877718, -1.1774375678992903, 0.35462883876010204, -0.4212737852764709, -0.7447097177458409, 0.3912137178277028, -1.2668108146315844, 0.7110334996702999, -0.811456331304956, -0.10499828123184309, 1.2722842608190703, 0.4946645864647451, -0.1635877500067316, -0.1500314614862259, -0.9948430153304045, -0.4107117284045757, 0.3747506853613191, 0.09356049346295167, -0.27665484798848267, 0.030107708923123432, -0.16234202275527182, 0.17734972844533087, 0.32614789569884967, -0.12386397632686102, -0.0004943272805361505, 0.30517156693377323, 0.14083930996538258, 0.9960827991549357, 0.6770800967120397, -0.4980089143927005, 0.350719441514705, 0.3613872114797345, 0.23432809434557725, -0.29171621629348315, -0.17466570589877375, -0.39198649925312024, -0.5116857409874166, 0.14859057063177528]"
"[3.154875059587105, 0.4615744109060915, -0.7387902497022918, -0.061400079054271244, 0.2653574961172765, 3.2881181727856017, -0.9362025891268013, 0.5998260725157799, -0.8206638668265505, -0.6335684684774467, -0.275999891491767, -0.2231865712624268, -1.3361521740867401, -0.4208694398144388, -1.0255299264435125, 0.19702158771267012, 0.6667366127018984, -0.9282557104246323, 1.0270238317777527, 0.6332242127332117, 0.15786014263554562, 0.15434275525536065, 0.24275497537971297, -0.05154409514337815, -0.4326018071630776, -1.1157282653846545, -0.06222092980915288, -0.5144723794494312, -0.2977392349208888, 0.37914095401448145, -0.087590546194102, -0.43472364882366454, -0.793104928018988, -0.09869888484606337, 0.4956455769270148, -0.08469700757349453, 0.002350503053605401, -0.6294756017280309, 0.19241791322691604, 0.35602727876671875]","[0.17709023380476724, 2.111088329341128, 0.336023023323856, 0.6390129866141231, -0.7802168002980376, 1.364130456777374, -0.44314930852659856, -0.06087618526424938, -0.531664230296008, -0.7369719339252235, -1.0724241573779487, 0.0182070177418068, 0.31857522685110323, -0.08517215334403959, 0.6407966574409522, -0.39464899297471256, -0.3709829954865993, -0.17688948165763368, -0.16579415666255737, -0.19601702524321285, 0.4552623705640374, -0.5266618111097237, 0.3659022667727402, -1.2927382500302693, 0.47443666619525826, -0.3895946297039671, -0.4176813392343159, 0.6496412454188556, 0.026163367700738703, 0.30862036369530554, 0.5497014582077971, 0.4635653327269975, -0.06677111229523744, -0.6058377894216106, 0.6855659573949622, 0.48622716302027186, -0.5914966657757743, 0.18762704712731224, -0.06107032874994187, 0.12767042944467463]"
"[0.9974959644032712, -0.3497464919838666, 1.081235111941272, 0.31623193941073996, -0.3797188966921274, -0.3891487263754463, 1.8698859119477416, 1.1823443999273535, 2.417335875617793, -0.43518033580151755, -0.6920325591238328, 0.6083111243232504, 1.7595604665486078, -0.1737316067054807, -0.8187963703829964, 1.0678667508887243, -1.0801828135978429, 0.9822575225233565, -0.08337923459659045, 1.1155933055832705, 0.7462702503797246, 0.35892084761263965, -0.036523717415095504, -0.04681969948649621, -0.563716436834204, 0.019541222265141718, -0.8909703157425702, 0.43910319606291265, 0.39543523562445126, -0.3132248261048134, -1.0047239902205778, -0.33936694470763623, -1.283264858764955, -0.7222059965090724, 0.19897900664921067, -0.1186037141677693, 0.20332027632372415, 0.5358678035861014, -0.44077813588625575, 0.9460517106195568]","[-1.4108827382319307, 0.3073163055985666, -0.7688005411126333, -0.27876519423428614, -0.12785289432517816, -0.4538886631380643, -0.30267294910094367, -0.673686404440852, 0.159324876357857, -0.8229209171920754, 0.06658244426294878, -0.07949773728763244, 0.6041189343649493, -1.0461941835780808, 0.0558310875597824, -0.4588963461290363, -0.9800380534514018, 0.7167483831760183, -0.24150436315034626, 0.43722062986362237, 0.34395952372019023, -0.055759075673522965, 0.3066384479394775, -0.6943855911907466, 0.4861495566926397, 0.8033811168769919, -0.6405555492788445, -0.257802472701158, 0.5733276821618627, 0.5650507800044102, 0.23061601962740813, -0.3219993890603844, 0.2225120870832406, -0.04012942158622625, -0.3032978739084487, 0.08582714047737594, -0.8261182978637641, 0.10066929922497436, -0.31604319230830225, 0.23273878977440898]"
"[-1.9791524657212956, -0.14113193594584533, 0.14330307213508134, 1.3981887930369765, -0.6012887965605077, 0.061797039161875955, -0.995579658503327, -0.7717292627424814, 0.4014748749410863, 0.339988473380793, 1.116664846986528, 0.6292541217139328, -1.291900146530395, -1.3678517194127346, -0.3275317622380134, 0.5550292079154028, 1.4980048611878902, 0.6580558691808754, -0.029639019359206004, -0.11942426307156317, 0.23610896180346927, 0.17394761866907174, -0.16457312209269043, 1.5103120132349461, -0.10729966019722138, 0.286170684191422, 0.7588799198800229, -1.0532761686855254, 0.04908781493891616, -0.001629541801320648, -1.004323585250483, 0.05918859608402196, 1.0533141379155673, 0.9241574050749105, -0.1188454520528348, -0.14663893412127693, 1.3797317890318268, -0.3392094583571901, -0.22066354276075703, -0.36109240543793125]","[-1.1966081336445673, -1.1512178789036107, -0.4545400583574781, -0.383353991762364, -0.941350497920969, -0.03960778106122167, -0.5712492643004227, -0.10379180996090716, -1.211406396838534, 1.5061625116571318, -0.24732610765260413, -0.4253441095495009, 0.5696776388103476, -0.6282857954143651, -0.5043557684327836, 0.4787890374596797, -0.8023083898305122, -0.14878235918243368, -0.3605455676286922, -0.41413327820169743, -0.01704601101695367, 0.15553715070689758, 0.28826319367583214, -0.23499450914399792, 0.10550195422673936, -0.3872341158112151, -0.18982652312368611, 0.0309011259271454, -0.9505247240260236, 0.11554573628924497, -0.4869831861406125, 0.5344970417005486, 0.37422516096127645, 0.2127727901465184, 0.1040871167280869, 0.03316381649034923, -0.340231993081281, -0.09302248370249287, -0.17779149736316943, 0.08291757832583503]"
"[1.0931021447420621, -0.3536752251207491, -0.8470077542780852, -0.02547022964928817, -2.2966476619762877, -0.7021186463920568, 0.03022412070870036, 1.9780832774754493, 1.2636355440445268, -0.27129621968893386, -0.9573807847196513, 1.6254572856448735, 1.179782968634834, -0.06304570351340363, -0.5339407989574753, -0.523977244569771, 0.6142587024784176, -0.7116760345635981, -0.39757404972164767, 0.5552744929213195, -0.13913727576432042, -0.6015754477735832, -0.7399856231140431, 0.5811158138637341, 0.18094067442754838, 1.0722026423329867, 0.2723464951936363, -0.10249256482411429, 0.3236047691293304, 0.8019839242245508, -0.24635895637731228, 0.15970386851751617, -0.2058519497728061, -0.12281282717857839, 0.27349121225100526, 0.4144237685687861, 0.2382767742581904, -0.07397724543455943, -0.21964251279882444, 0.1704797969812528]","[-0.8965242299355082, -0.01572483236542119, -0.6999268888451263, 0.2219083375245148, 0.1472538822095187, -0.8239707913277013, 0.23390294399159337, -0.673286155813394, -1.2029971355410882, -0.46886807289435967, -0.1734988929149663, -0.5701791338191574, -0.2096458000120781, 0.2510523238584002, 0.6946784382715011, -0.4779946257698009, -0.09219801055904114, 0.09054795120016654, -0.6363460038789883, 0.5892386779597663, -0.303745396372458, -0.040582804912715806, 0.1277826397641289, 0.1741782231673232, 0.23537026026076702, 0.5752396109304211, -0.2520688693452379, 0.5442752138521598, 0.9232555806535644, 0.6991027402359705, 0.02813266212237982, 0.3647359885773567, 0.044010206839384634, -0.6636176923805007, -0.040426966006036034, -0.1841378173789433, -0.126302197788196, -0.17821872358367355, 0.18075041984397613, 0.2964195266535345]"
"[-0.5776945027927438, 1.835161166283621, 2.008860671413387, -0.5584962457736155, 0.3530304374544647, 0.5542657107508454, 0.8612384312566288, 0.12676490695746767, -1.9076710223400073, 2.4863483215670215, -0.8965331042041323, 0.7910613855956922, 1.366360984153034, -0.730179383838966, -0.014314128822575354, -1.3772363465147492, -2.16464458547258, 1.8348174823498662, -0.22491068853109358, -0.6894060876768032, 0.21814384189792374, 0.5649137290929466, 0.12110385963193196, 0.01647506963729083, -0.29707300137587167, -0.3146987080780482, -0.08020344388217088, -0.44949550897366025, -0.4217880498026732, 0.5400546579851419, -0.5061803019220843, -0.850101219615227, -0.3937014542631405, -0.4365406685278905, 0.06997846842671175, -0.0029156641261905178, -0.4795046838398609, 0.6895712302973548, -0.8030866489149137, -0.07097603576346896]","[-1.1950525876835973, -0.115468704676744, 0.6064240023234754, -1.8322876703875228, -1.7300555065285752, -0.30292745234762447, 1.4110093779075397, 0.3408209919983319, 1.5318328037594444, -0.46650275159766647, -0.027921964661420613, -0.7171136783073225, -0.12331624302837864, 0.49188648839852883, -0.2614177870520345, -0.17905896568471424, -0.6785515044826792, 1.3228464499799808, -0.29861333386722855, -0.8482961495868656, -0.18963878926911262, 0.3541042422464726, 0.35276315086153665, 0.13055295337676145, 0.3740347629618808, 0.29343598327097364, -0.10362068173534182, -0.49849304906426967, 0.09359495699507644, -0.24327120063903965, 0.17994752601196853, 0.5829126028385893, -0.10096112431603846, -0.6505313781388371, 0.4417944674698646, 0.6113422651277945, -0.30787543673247547, 0.13827817535615736, -0.1710794882324148, -0.41285430438587806]"
"[1.8677411322615902, 2.330146730890238, 0.19405208048473604, -0.6295551763998616, 1.6928412491818048, 1.9398324231828346, -2.946980785725467, 0.6878697937345433, 1.1421851925427973, -0.24480141585070866, -0.6818337683756815, 0.4139399207403377, -0.9325704864987886, 0.41785242630615677, -0.7320894334674846, -0.1623766633380563, 0.9877439634719954, -0.8894420099716941, 0.29941247317025643, -0.20977839120711983, 0.3069158320392646, -0.6229568410263435, 0.8269366063115329, -0.6298565075211237, 0.72100773368277, 0.7104021394978872, -1.253166784750036, -0.37753329853936823, -0.5681271756484026, 0.6055079793254596, -0.34296809175335696, -0.33110788890062354, -0.11045336499965554, 0.13910310517644356, 0.137792937861374, 0.12548198616161627, -0.3562186965637204, 0.49178506809141814, 0.6427704821242048, 0.3179287866724552]","[-0.41695571194982234, 1.4751434367156182, 2.6797031027433453, -0.5450464023739535, -0.5331812387846554, 0.645360893112183, -0.5611780002732806, 0.20217143599904952, -1.080299931284616, -0.4074009430267823, -0.8526114675854963, -0.14116574059045187, -0.5676098565477724, -0.6080534406464437, -0.5977588192492231, 0.7755651307133917, 0.47665308775157006, -0.09528357121266541, -0.2690011835800517, 0.15511362171320991, 0.13226271746902113, -0.05782843098559969, 0.40081789060347867, 0.10139815869457353, -0.4433984270750911, 0.2413958513121808, -0.2732690234659544, 0.15884406266788886, -0.4106377776502031, 0.0407981262986286, 0.8050008063116505, 0.13941887116652407, -0.28595233500197415, 0.5383891157652093, -0.0531379898768903, -0.2589262972291323, 0.16427828965363003, 0.2698188408369973, 0.21602969944536388, -0.1111080687330852]"
"[-0.6748777531921064, -1.6848945740188126, 0.22054741046523174, 0.7931018582088526, 1.0291346644560968, -0.7468615957950885, -0.8520484787052532, -1.1974233257997775, -0.5390314926921491, 0.6674793239178998, 0.5299012725814486, -0.3418268940716627, -0.398316442329608, -1.7117976802947414, -0.18281558542027357, 1.262334151359342, 1.7992465101009776, 0.005436846847858984, 1.2013240821353792, -0.36431260640302965, -0.5858406766103221, 0.35251510447871237, 0.6335260513703583, -0.05773906660080306, 1.55882846441321, 0.7838139677471664, 0.6560674282681799, -1.1780971312211432, 0.7204392327722937, 0.4382800240799198, 0.07820493033065468, 0.6649139429864577, 0.17648892348840617, 1.1004502397468519, 0.22992535392501248, -0.056804052782256274, 0.5588709420100753, -0.2256468238979078, -0.5579901459883065, -0.2247798498819638]","[1.1859194215031117, -0.27991124324334227, -1.721609065739154, -0.8763557667517369, 0.13701605015578566, 0.06913685820292689, 0.7602510336731418, 0.44926783451147645, -0.9341154692386585, 1.2798821079453984, -0.1822721635975257, -0.06446047143364843, -0.5964564347147657, -0.06713804110953465, -0.3063713415133622, 0.21725378092236855, 0.11961692571564958, -0.1322524440382571, -0.47164422715990767, -0.014161193408147664, 0.2201715007797729, -0.20721325571076477, 0.562215564446601, -0.3270084558485463, -0.40287865164348274, 0.3629881265416126, -0.1816601876118817, -0.1383288681580491, -0.3322202577210095, 0.7593534783073961, 0.642180804476097, 0.5487433894460412, -0.3228781669723055, 0.6792184271213368, 0.27814969469976664, -0.16145219346462375, -0.3367084781083277, 0.4687769585553091, 0.6638998280767768, 0.285306353417716]"
"[0.9282855901881406, -0.23527316115780816, 0.2537708107182536, -0.25638629273123226, -0.6379301383681185, -0.0033427628772864466, -0.17648089608807427, 1.8597891848437191, 0.6870033076402497, 0.560038070655789, -1.691967576346454, 0.9852715903536206, 0.20949555781187348, -0.21174206790720884, 2.551213600000755, 0.337420141290006, 0.779118270161222, 1.2116204713150294, -0.22336419141981953, -0.22015875077042674, -1.1623254583212377, -0.15133165258084375, -0.040256287705217324, 1.5240476950522475, -0.61259204308943, -1.017243422091852, -0.4086108963525631, -0.5068163470025414, -0.45925149272746146, 0.32203161758247256, 0.7637664420059053, 0.375676917733281, -0.2816129465634972, 0.039995555204288366, 0.16003260523820317, 0.4708971810449463, 0.5097248870848321, 0.1615902354117356, 0.39441746943107725, 0.3372426282275687]","[-0.4422569538182968, 0.11087062234528819, 0.5248812488320923, 0.17682706663494224, 0.5262440000987085, 0.2626097383437163, -0.1210907605906195, -1.805015305228313, 0.326852860578837, 0.18284347132465487, -0.06786575459447403, 0.455147545079298, 0.00337840049893494, 0.03310452096889485, -0.04021384483917315, 0.0676379271280399, -0.05222438228834982, 0.17550225613695694, 0.3761819629068144, -0.875389782925736, 0.1355295556495928, -0.18337863894500087, -1.5412743476084128, -0.4798481875843273, 0.3789405015175555, 0.601011319836848, -0.029630008955405282, 1.385414259036673, 0.4368883954304261, -0.10739841712788743, 0.03712774460676406, 0.5124992838834276, -0.5076152082409559, 0.5966042914366467, -0.1421645139373715, -0.30448985834469766, -0.2779811040761595, -0.2908319904534071, 0.10549682419811614, 0.32766799534227264]"
"[-2.6828559730432624, 0.9412571164047854, -2.21710250641402, -0.4409503414227408, 1.41754080014717, 1.9003645158312603, 1.1935686338403386, 0.7271636327772444, 0.06975802244872731, 1.0863561821398158, 0.9793980654278192, -2.0311153772070223, 0.002905865207503651, 0.92956938056709, 1.2457095465354717, 0.34880586063625163, 1.323625866702134, 0.05948203263576769, -0.02960657496519118, 0.09229585588035119, -0.004737917770043739, 0.03214105813850274, 1.0481643401954348, 0.09871368079163692, -0.13583423637983383, 0.40368532693008025, -0.2263442096402309, 0.8755523399259303, 0.48590646267579085, -0.041314511932842975, -0.2562942843702208, 0.024337276159441548, 0.3189165803176399, 0.23834045044790347, 0.6600349316357769, 1.1286667758110278, -0.23974337370574825, -0.23701178563237366, -1.0356036593978692, 0.3086570141262651]","[-1.3162840394960138, -1.4448097394165926, -0.33943556118112805, 0.33637007443593187, -0.815703972419867, 0.5176235792900679, -0.6244943316016438, 0.030328612001172442, -0.480366462265806, 0.07586352538217936, 1.0241146124911484, -0.29134006178831323, -0.2855056039478383, 0.015981364616432594, 0.33391552906023014, -0.642108176319673, 0.7117284282367892, -0.24822059164394536, -0.27079986115387106, -0.24058377868233086, 0.20539545173437865, -0.3886248464939783, 0.4701583573372965, -1.553904067293274, 0.29257147714455223, 0.10392584924871992, 0.017132458344165522, -0.14563152572303148, -0.40280577262666084, -0.06574117484356092, 0.3571991148742905, 0.5818430917951706, 0.47851522210187236, -0.04961269585584028, -0.9037113480943374, 0.010501813985925762, 0.34409829929437097, 0.17623138825789292, -0.2904878915293136, -0.3918332311985582]"
"[1.9014371398689234, -2.0327476977145067, 0.17417256624325217, -2.6052382382015615, -1.5182785966072783, -0.24859019742323588, 0.23446815910766308, 1.7104661612288141, 0.04634698764001713, 1.0521308332314614, 0.5519327791431592, -1.0234867026373633, -0.030182278344532864, 0.21771566276053644, -0.8409196082109592, -0.18723616895743017, 1.0965933024770989, -0.08473665175823948, 0.34467437897024517, 0.22406860402845605, -0.7580010717193728, 0.16158335520376607, 0.5984904835427053, -0.754108186748578, -0.5843996211498093, -0.03748015668263137, -0.6234952917030305, -0.2991804600952044, -0.49586319644311905, 0.8625610356410502, -0.2347993112918737, -0.3242570534282402, 0.6110105040613589, 0.048884639409704216, 1.022802265731205, 0.07876255191296809, -0.28883583677554836, -0.8136364499460406, 0.34229769478962657, 0.9420610496039923]","[-0.33089589242221007, -1.170687534407, 1.6682362691987977, 1.995777574040298, -0.5507425015216552, -0.2144901936549674, 0.8474247303871487, -0.7272904874500827, 0.21919262877577533, -0.22575727132594622, 0.46987689801321403, 0.23553967489673658, 0.5519108136767017, 0.2748579861008554, -0.2675509142363855, -0.6064288886931531, -0.24438691621348077, -0.17293656501152513, -0.6568643934708044, 0.4300201695652516, -0.5933448760213705, 0.272168900559981, -0.020589871936082103, -0.21323054357746904, 0.587963527083248, 0.3138125565010903, 1.020078166261998, -0.13982661454279946, -0.03578659719325378, -0.08745843217762753, 0.21020905506376827, -0.0575419986343917, -0.04313141124663383, -0.04052555643653474, 0.5661177241022469, 0.28970773131091493, -0.23647837967507432, 0.3666698964366053, 0.4625842536240127, 0.20948529591904774]"
"[2.3023928982644546, -0.8107718375658614, -0.59751635317241, -1.0198559116497963, -1.9198071860832695, -0.1088937924653937, 0.47707455172108165, 0.14836446014915627, -0.3103974581092793, -0.08406240462011551, -1.0994629714574482, -0.7846233405334074, 1.2343723295362947, 0.9095228491797621, 0.4236383508057172, -0.45821540171852587, 0.49739313738188295, 1.0578623670167013, -0.012322616562768868, 0.3687409850155865, 1.1849622532746877, -0.31026937350400907, -0.4477187030641974, 0.05254181040255845, -0.4654490639063946, 1.7355954234468811, -0.833856623838145, 0.6404378378393913, -0.1400332182564186, 0.12633892707164407, -0.23346693008658037, -0.3785962641247483, -0.35309102390112934, 0.40221972214681606, 0.4208361645352059, 0.12888006377279326, -0.5901464433395289, -0.3995888514956067, 0.5669756814068788, 1.229962433520701]","[1.3688559979911392, -0.13791826469210858, -0.5674118265701923, 2.7094503663727307, -0.3874369222931672, -0.35663645342426903, -0.03979849280814518, -0.4291866734332461, -0.7192686245040342, 0.09041294107381201, 0.2746577927264281, -0.7205104390745347, -0.011091595820901296, 0.024007867341073724, -0.4906855076085516, -0.11174408567620706, -0.027931454627591057, -0.12369157716336994, -0.47008935022338577, 0.32375310841880783, -0.4740813076599481, -0.14795526687281166, 0.34887761490176483, -0.4210009143893157, -0.17866457499244215, 0.16338256467878684, 0.4075756904786599, 0.40467319942560337, 0.23155627207193685, 0.35959659906588565, 0.6111027184093926, -0.3529164668567816, 0.12808226486552113, -0.3219380061010454, 0.1252978041901089, -0.06838918958001405, 0.07951239965118254, 0.5634071801076952, 0.058322024215042165, 0.18039795640725137]"
"[-1.1582830925371472, -1.034576910789592, 1.790141718680365, 1.0609499391603943, 1.4641478954404785, 0.6620519152636455, 0.5248464720478978, -0.42400380039209573, 0.7835219449155388, -0.4939899512161206, 0.5349471087605644, 0.8479035459755802, 1.0189382428693357, -1.6635523111710224, -0.9802201433669655, 0.2788704421014039, 0.37475257777846127, -0.5917761443066106, -2.506542029137767, -0.07724839426341543, 0.9399568275577904, 0.09640320990903903, 1.0023406298473991, -0.8964642227538057, -0.24326291758133725, -0.14703981485073978, -0.00990266066708467, 0.8563196325662432, -1.2053463363951369, -0.09559533849954628, -0.21433922803908684, 0.13774450539368144, -0.43898783113171397, 1.3674372782130155, 0.08841274210828452, 1.5152050485651105, -1.3609270763098709, -0.4076140595851237, 0.1442102130204069, -0.5144539850408532]","[-0.13285438302905056, -0.4171649578013011, -1.3017997879535843, 0.15148671823815943, 0.03133069808037268, 0.4233885206281862, -0.6668078442651895, 0.8610110800415459, 0.18512637477031485, -0.25061191247999987, 0.9099956852666271, 1.5223717175207672, 0.5853389648165902, -1.2790491924284966, -0.07826018948640545, 0.4575009791127208, -0.5888730220428882, 0.12315952452159161, 0.5088402664140462, -0.5970853822936116, -0.06417281927293655, 0.9580783928775115, -0.726652722776641, -0.07304098175183016, -0.4267020326915561, -0.4802960818815248, 0.3435875336124273, 0.38325767781072645, -0.8960723560672281, 1.1603075934799327, 0.5538286422779307, -0.36204123690304235, -0.019510230051952886, -0.4194448447255739, -0.4176280431882587, 0.6760879486125044, 0.8227718276501638, 0.3028843430550262, 0.06485150776991154, 0.10013360579127985]"
"[1.7353083126803241, 0.386598274083386, 2.5840862878239785, 0.925890875183514, 1.0216163500857591, -0.4480791325071611, 3.243559372559983, 2.160908952128187, 0.7571636161836895, 0.08967103551651455, 0.2772552660945282, -1.0217050486638144, -1.5253517886939094, -1.6018588807616843, 0.7049251574780139, 0.9902429051984794, -1.2332769147641882, 0.7129396067624933, -1.7148701274671727, -1.3707098091385364, -0.397042750871165, 0.5148045347799541, 0.31563336688073745, -1.6760226712243131, -0.4204752356800391, 1.496481746272364, -0.8456436489902964, 0.4083701123304531, 1.139289941149471, 0.14833485389247367, 0.04248187895667259, 1.6844648487695997, 0.05363072676044825, -0.27722086166751597, -0.13628499264724675, -0.7024138741582809, 0.5755918032392349, -0.42166858250283346, 0.13187705159581117, 0.5712015830949149]","[1.8813399725934055, 0.8241369206381841, -0.9391500171412607, 1.2999589770921063, 0.7627368370630287, -0.0706858994671767, -0.30641355550927696, -0.4198655979303227, 0.23495003996026587, -0.46152376009408647, -0.2564288955704952, 0.8193107946869572, 0.015816135329330364, -0.9896214372890212, 0.414255449704622, 0.061620933661965, 0.5151177360852033, 0.7192609478925601, -0.8519171471882101, 0.6407670802595723, -0.4341865679092426, -0.2375055560278004, 0.41047903824421983, 0.021338105788846092, 0.017014967311180657, 0.1308998423620074, -1.0399302648431699, 0.14238305042497415, 0.7278930018259039, -0.22746509509947138, 0.08466278308902424, -0.5658134186465649, 0.7647279935161173, 0.4392896415175968, -0.11836842326898951, 0.3182356322331584, -0.4838203012109605, -0.10714086680757336, -0.3076415403414034, 0.3289087330953067]"
"[-0.03260286973421851, 2.1325864310020095, 0.589901111665666, -0.8682458438966101, 1.6618918616001335, -1.3306905893858143, -1.1116779876348757, -0.8455897952220082, -0.2924840410777431, 0.5054731983903682, -0.49279966228708366, -0.7971857195656432, 0.3940879615603473, 0.11731040603340287, -0.003508497404515168, 0.3051972254807192, -0.41085181049603225, 0.07584917263478692, -1.5257903276722464, -0.6946754882595267, -0.0055134149842207755, 0.3275680288063116, -0.36258480963324896, 0.1932203657478949, 0.05112355942408991, 0.04125659521179873, 2.283831732818476, 0.29546190159096886, 0.4611955949441004, -0.18923013697574123, 0.962307596101102, -0.32195980060291807, -0.08855392107283268, 0.11846518843735179, 1.1549469977265543, -0.11280265916932189, 0.6357081832788378, -0.0028766694413087284, 0.48765166508115687, 0.7519674623812276]","[-1.6957624488376526, -0.1741691622442083, -0.030018157021623255, -0.5920599009919668, -1.016989518805902, -0.8401523994509752, -0.6002478162961331, 0.6488894900721057, 0.6680105145576672, 0.5092377884300332, 1.176039532629189, -0.1193248035519378, -0.7854284740424557, 0.5795709082564064, 1.3958553065586696, 0.6569550333837761, 0.5249624244563906, 0.9477111346296746, 0.30612136696194, 0.3473004022229815, 0.8528479658698708, -0.5410645974212017, -0.4253197895338658, -1.1728073170819158, 0.4093815291103285, -0.160684654707722, 0.3835297921964182, -0.16981862487800306, 0.006905663295394555, 0.04789939514381875, 0.6546032059374473, -0.08936276439688283, 0.3636562450603806, 0.43643838358143733, -0.49479526758847553, 0.005647294643925288, -0.4316521654316764, 0.10911007249036297, 0.15233020414574666, 0.441459082769065]"
"[-0.7630947065129885, -1.679136684822331, 2.121484765147689, 1.1588406722502742, 2.4612669630709947, 1.119481101967222, 1.1187460648742116, -0.3755893988823538, 1.821057806635692, 0.6627097494467832, 0.796043686472198, 1.1551413312710657, 1.1993661324622107, -1.92358453284941, -0.4199035053852092, 0.7607063805385246, -0.4174420145130984, -0.8016702654157138, -2.589082579470041, 0.33335739622922067, 1.631360882726272, -0.0034609148200307085, 0.8770684512044611, -1.1057025938275973, 0.26518707120397317, -0.006404424647299038, -0.2180748786669764, 0.8463057813802958, -0.7598070004257117, 0.09446401353769997, -0.04252164039741329, -0.08929652740558801, -0.32468769114981477, 1.15063473353828, -0.1392874222737946, 1.6735513090432752, -1.294319342050464, -0.5060526919729528, 0.022924878677389068, -0.008195884045061209]","[-0.20332747733956497, -0.40240245493385446, -1.2201183752478975, 0.3930249584092212, -0.1467904782384731, 0.5645626771196238, -0.6863870250061588, 0.6958046164544951, 0.16103143397144382, -0.315921511534649, 0.7606911704283327, 1.5897056955192002, 0.6216616339664671, -1.0475247008561432, -0.5340327888503721, 0.672806828409897, -0.5894874339330456, 0.19880991803600515, 0.8200907782443728, -0.3659610937190985, 0.20458109735335273, 0.6953177256917678, -0.7464969080913054, -0.0204616597195438, -0.24182517540417678, -0.5712228656402858, 0.1778774765563225, 0.3457920353165468, -0.9405090274176071, 0.836025860768684, 0.44859901318265455, -0.2735026332805603, -0.22493239943649274, -0.7006525363001078, -0.023387094384727265, 0.5711967502027002, 0.5967996839241583, 0.3799819688070546, -0.023199650141535254, -0.04634443269692163]"
"[-1.936897154136245, 0.8582849304911588, 0.5222438659526365, 0.8355934080976545, -2.4099986175459875, 0.9882853407804674, 0.5597868690331916, 0.0041097836727386, -1.6206420030225144, 0.8365754511247482, 0.8627078035516961, 1.1696367284873825, 0.44510313659255585, -0.9734048187544039, -0.36137181234925336, -0.43489636432158324, -0.11252291633255875, -0.3871383370087631, 0.6971164951580495, -0.09356722568677504, -0.2918182896442795, 0.721932814071339, -0.4217504792145507, 0.33474662176580366, -1.1796881248392557, 0.11362474230457044, 0.0348651580665654, 1.9381685014143926, 0.3320342616073083, -0.01980398115728523, -0.28092413349820283, -0.035197944850464555, 1.1241622093320196, -0.3774991035233759, -0.7716247021924988, 0.39130173150650616, 0.7371890716451022, 0.3343238883053989, -0.8622436362134356, -0.0015772685243336051]","[-1.4234927657344725, -0.33349057180703795, -1.349222853917896, -0.8971856781195278, -0.9006112496245533, 0.72760112789691, 0.27910619749541893, 0.10146885726392964, -0.4451715118722776, -0.3186405490030459, 0.0566369060750437, -0.26740222271143443, 0.5017141306333571, -0.757837341979295, -0.4928830730840077, -0.052681498991223936, -0.1679056542361097, -0.36108572267680683, 1.0354157739526757, 0.21487638968603284, -0.6519713770724798, -0.11097799021704315, 0.31888602123178217, 0.3617455479267677, 0.7713591177423702, -0.2679566674080779, -0.021243917455165885, 0.16464324094553315, 0.12878280925083146, -0.12253101966951446, -0.4794754316602245, -0.6729634478379601, -0.20393063292335617, -0.021697607108277756, 0.4836640060475462, -0.16519086690031126, 0.14156950544175748, 0.022106169669620406, -0.30528118313073177, 0.48327690891947606]"
"[-0.48919260114405694, -2.470003640199111, 0.22245422081013888, -1.4228059131738446, 1.8657807797584598, 0.31634268035495405, -2.283990962989969, -0.7274648293322007, -0.8012410545266198, 0.9869551547785714, 1.3600412941316282, -2.017685689786078, 0.26870424663364273, -0.10098562188129359, -0.11346471892164114, -0.6371283662341845, -0.32585792211454623, 0.12947810005019472, -0.23374259598060912, 0.5398459281194586, -1.143327769337994, 0.670436122115725, -0.4017247933399545, -1.4686724081616014, 0.8243325519641472, 0.7055835710977659, -0.9231985010845869, 0.3775178810797919, -0.9190655934605959, 0.5637191588106781, -0.654357595249901, -0.7459220210797539, 0.006441715977071182, 0.15758076834296775, -0.08287227999337204, -0.42357595942905935, 0.6418281223209509, -0.7379817982168521, 0.3601644545373798, 0.7172304529568612]","[-0.2469285723211418, -1.2174491373857108, 0.2922177374985312, 1.7366908651391473, 0.7982670478423574, 0.7979865159342682, -0.1138557264018256, 0.7294942008611793, 0.6670336339417121, 0.7531260660698618, 0.18314353320947385, 0.02296359893763733, 0.2650834371056, 0.6062581289360621, -0.6420526766355891, -0.1697246256394953, 0.2780204909713118, -0.12687380125441886, -0.4084311307071422, 0.8446859592688725, -0.33207161243848693, 0.18534835601410485, 0.4390019723997192, 0.06463104348638095, -0.07408782366248902, 0.6883477407991633, 0.35397674752695, -0.30712005550406635, -0.1564315294610819, -0.24871345535949307, 0.19142749805249049, -0.012707899044917845, -0.278975404633094, 0.20938864691022346, -0.06157872724734559, 0.6759955904364444, -0.19450433809367065, 0.37167565819600973, -0.040389858253867324, 0.1877945738075974]"
"[1.1556438859178515, 1.296956453732012, 0.7823971011249374, -0.03142169295845242, 0.9268248685096414, -2.2792646056023513, -2.8586248248279453, 0.1275743715044643, -0.004485880457187118, -0.4984863902631955, -0.5510184019882752, 0.3433135047443826, -0.5866993221894669, 1.0552282069504852, 1.2474828677505714, -0.06680632524188009, -0.8794789828319021, 0.564954934824401, -0.5895923656376924, -0.19692978553467178, 0.42254374746906503, 0.04324594617829065, -0.40073333642121206, -0.42472946952356616, -0.22243223182992142, 1.5821284967060505, 0.09302288513508693, -1.6630591738587248, -0.41569258147824506, 1.0686090246074367, 0.33638697437824866, -0.7466487572191991, -0.49059993586326867, -0.7982352400351533, 0.059638187678295, 0.5152572240852795, 0.06844840987347747, 0.6391250052106523, 0.17969578084959262, 0.6013488186201669]","[-2.3117851997112218, 0.10696326330482626, 1.0228043026695255, 0.13407102385821712, 0.2611067068907288, 0.1366243031601719, -1.7243512214403396, -0.6705154193147246, -0.012257587673407266, 0.5250584433147248, -0.4714030942344421, 0.16958923588728292, -1.0401992932638562, -0.4397251625190383, 0.4841926402824207, 0.07154845632767771, 0.7434658468627562, 1.171161321551094, 0.2366232182759878, -0.21456072283479682, -0.008594371303534382, -0.5223792341472484, 0.7793104695319005, -1.1845568575541523, -0.15059045315602657, 0.08148682003229053, -0.3166278667165625, -0.6836807159140118, 0.10765171170803814, 0.4046159062855043, -0.37552108144073, 0.8386005754445768, -0.20634864148919477, -0.4748601317674152, -0.1066767116816497, -0.18094016164358973, 0.2841375259308325, 0.5148355678879374, -0.30484713267167163, 0.08277510021013242]"
"[-1.256500896131951, 0.5689501754540749, 0.7568331462881996, 1.4441252139321759, 0.5945373658263211, 0.3348030022013797, -1.7407644051770685, 0.09685170599037442, 0.617297936857509, 3.43588316375831, 0.9896582624340802, 1.564763816192719, -1.2888269120009135, -0.2462493647530609, 0.28358462850029853, -0.4002842851046164, 0.10191262999744718, 0.2566615627093474, -0.5551399276750756, -0.3514190553694966, 1.4099246217995793, -0.620844327670315, -0.7224148953678343, -0.361201114171593, 1.32852941072651, 1.254751136485325, 0.8646475913830074, 0.022377407306606516, -0.19269133007577458, 0.9849511407441257, -0.05687862710739436, -0.5302461996499447, -0.4674247783482131, -0.26318561272724755, -0.43039992138956273, -0.15502873915399193, -0.6199067230959892, 0.554339461592024, -0.11387808844044602, 0.8279456609648832]","[0.42788339807522896, 0.17705342492304416, -1.0718590024967836, -1.2317609405905172, 0.3388885565660544, -0.6319258208179708, 0.7743025124772025, 0.6988583112667089, -0.0822736630600329, 1.5211698963110512, -0.36035346922167705, -0.059952939658585155, 0.538780381117109, 1.032152589792979, 0.053195844955876544, 0.1577831997727664, 0.4362796931759772, 0.05111865680266423, -0.5675175821397139, 0.922449576999864, 0.33431124769108334, 0.4868380971062762, -0.3414828709369596, -0.4790924055984541, 0.0018623683580274884, 0.7203118507898466, 0.28106850652233967, -0.049611485783225016, 0.1304166170698597, 0.18236706878696157, -0.24358735187926184, -0.5550356136802331, -0.6923555253566767, -0.5288399995861388, 0.3469385745962555, 0.7854045371629829, 0.42193336968307027, 0.5455801632315674, -0.4237374415554401, -0.13163263014761792]"
"[-1.2021365025739228, -1.0084690168491215, 0.13608973555734669, 1.2983971525902618, 1.6552895776589567, -0.515944728181585, 0.42430204529766574, 2.104319012540824, -0.5655446519259336, -0.0009140966459911452, 0.5360917092705402, 1.6596958042276013, 0.05533286894015352, -1.9481907530966478, 1.0760860328974728, -0.6208576884266858, -1.1855910512122843, 0.6310756268496078, 0.358509554742197, -0.6277837288097994, -0.13909972988092215, 0.761120687386213, -1.3450733277284233, 0.8849031521348616, 0.19451634415933527, 0.17818455912025816, 0.8790789978184007, -0.48679797051746326, -0.43519243406460695, 0.6246408097796726, 0.712855262530555, 1.1088084948020478, 0.05538213574426935, -0.25523451338641123, 0.13475101683058988, -0.6256556835494761, -5.337555921815422e-05, 0.18728218187657847, 0.4977963342917353, -0.47379490145873154]","[-0.9488600692618921, -1.2771354375272517, 0.15165650962230393, -0.9449162901224766, 1.1974178484890847, 0.7121925559942419, 0.3131968157830148, 1.0433336047742967, -0.7559705649579587, -0.8507908244255046, 0.45089842150195747, 0.10206453867336096, -0.47489768290733214, -0.15276189193448925, 0.12077262465072738, 0.2256129880967152, -0.6879741212053812, -0.14878078623103783, 0.443022403865735, -0.122405384335054, 0.14814232335901845, -0.061542568021714615, -0.23436106628967204, 0.3356245383981331, 0.2699995909943747, -0.3574919589958638, 0.18752986089733775, -0.22394501832948102, 0.43143329191688373, 0.26509741657982805, -0.4630477593010892, 0.3743351569870593, -0.4537198405935004, 0.8062844827669263, 0.036242261992995364, -0.0072999511024466135, -0.09437092094464188, 0.09659682086773609, 0.1117511166669922, -0.6329562754034597]"
"[3.3986615833148925, -1.3726974219448451, -0.10772544044116802, -0.011804567887880117, -0.7949771059820493, -0.12799006126267198, 0.3536905279879759, 1.7686514566642195, 1.106364870978857, 1.488159950040193, -0.01611693565413511, 1.0576442583728891, -0.5117215087732737, 0.09990528420993479, 0.017101060172052405, 0.6376351900295602, 0.7839951173376093, 1.8362413470933672, 0.10060332426642501, 0.7971265749731207, 1.460607689151701, -0.7538701804227448, -0.2963717769857628, 0.0828463399296668, 0.4008895353245975, 0.55051203014943, 0.29576512266781546, 0.13514752298207758, -0.8319276326042144, 0.06133015726724642, 0.8139970645398084, 1.1094421643747947, -0.6453635295506367, -0.5748880740155357, -0.332315010964349, 0.26888774439058855, 0.7204453094586755, 0.38557628376194186, 0.4101109103063553, -0.32449469262751024]","[-0.14453802591227888, 1.3135675909739506, 0.045389179220494104, 0.5853755427040392, 0.4495762646882934, -0.2747573648572207, 0.05627221317031813, -0.7747672505044575, -1.5902473119157545, 0.32430809033683555, -0.11127617741332387, -0.33079542639632836, -1.3339350140926034, -0.40216398006088755, -1.0365406968597008, 0.12484550178014867, 0.6374766274229982, 1.032249610178501, -0.5669616800052532, -0.08142766091087834, -0.09620577706708867, 0.544471591468507, 0.07153894807957603, 0.24364003405205378, 0.08093163182110984, 0.23131323947251184, 0.057011233343133794, -0.1343104298299563, -0.3974843163954478, 0.32648895245606036, 0.09669653530700077, -0.20966770496951775, -0.3248749797293648, 0.3505880143111611, -0.12350601835316274, -0.38668815470936385, 0.029199378714930863, 0.22691901356277164, 0.19938011351826854, 0.08297244081391314]"
"[0.6692129789783056, -2.1161861843266467, 2.2424886506374944, -0.7072657998319257, 0.0888032045047895, 3.0072401808764986, 0.2015268404843674, -1.0238723191971502, -1.0026727797159625, 0.5898136844667, 0.6051465428004178, -0.05914603503538021, -0.6584238566423222, 1.397609929615873, -0.00854968100039054, 0.6203155830583529, 0.3388812368718488, -0.31395013323775445, -0.1402153047973566, 0.014804543152795719, 0.6376008113454508, -0.1414256050758881, 0.3212890193296886, 0.08294659089530998, -0.1768719102955142, -0.18222599558978286, 1.4890968521745138, -0.15597505930603528, -0.7660477004363871, -0.575009762112808, -0.06596678341630842, 0.5822787391071516, 0.18164605475667583, -0.1361456724229541, -0.04199834513859289, -0.5253262791319746, 0.5622497979403027, -0.48095965017801645, -0.8363527714012711, -0.2841116025205802]","[-0.6008974366355883, -0.09334957701978416, 0.22022796462821131, 0.3462277941428078, -2.0121432080652153, 0.9493386446912456, 0.2547321354502403, -0.24369959910662936, -0.02255048632790581, -0.3824270031845689, -0.3431204589019757, -0.30930624777664373, 1.1584802297289998, 0.2046281065756645, -0.002894161586931004, 0.3085954225674479, 1.1864342066613558, -0.2258159596887606, -0.6726153282510788, -1.0104187747060394, -0.5251713800769294, -0.15676435280331463, -0.25599428212707215, -0.34927862906862533, -0.15822375564255725, 0.16207806733080113, 0.2234346432640676, -0.006527313128903825, 0.07224168517904742, 0.9281746562017136, 0.35539888124086644, -0.22115724605154596, -0.7432413370153563, -0.2240588431251015, -0.5765059391912554, 0.009146917173072725, -0.3037294484097102, -0.27721100787244407, 0.441919216806131, -0.1631033875374481]"
"[-0.6639288402536357, 2.1690400285893836, 0.757974766233783, -2.051018749417036, 2.151730245955414, -1.2358036084965893, -0.294892884005065, -1.247529939159118, -0.6194466134938478, -0.021401563415378605, -0.3618603690388653, 0.11053033817940452, -0.8489893242341484, -0.7600254430952257, 0.09011705158511982, 0.19379428693907158, 0.776867918603211, 0.11762502670813431, 0.8946532402469635, -0.1905080429706164, 0.9322853646794733, -0.2845839627922005, 0.7157629886427894, -0.3641339636826397, -0.40724107484538025, 0.35342733382275204, 0.02717417639763019, -0.4093720654358852, -1.2505040309473847, -0.6630015934594136, 0.44903046974872773, -0.39002918417392995, -0.5307042705519234, -0.8460635736917193, 0.3241186824056867, -0.07387659293620288, 0.31576719248762514, 0.33704354745165765, 0.7980679660790335, 0.743166647094404]","[1.5930258251018736, -0.4698073367253568, 1.9185388585776977, -0.6182582269951805, 0.18170848849218302, -1.3035588959143845, -0.19394879160825818, 0.47928343670859047, -0.2491367891516171, 0.5826096343511664, -0.6078190003746033, 0.20048061115028173, -0.8478384109687271, -0.22217253741033344, -0.6955672900667837, 0.4241005444178927, 0.6736597206472856, -0.2920686704830294, -0.3355915804752424, 0.11863485348498852, -0.09326265685655521, 0.07811836572706916, 0.4453783005780005, -0.3813693461008962, -0.33860961451156535, 0.22617891177029212, -0.49656678586515646, 0.04005173228869094, -0.07807236173582614, -0.10695262299905144, 0.5845353180217516, -0.2484645772362984, -0.6452336980062503, 0.3655012544445098, -0.1919236468663159, -0.014914138198233723, 0.3775308466055855, 0.10748371126649199, -0.03089110831949745, 0.6734134604352928]"
"[-1.6603619503590388, 1.993298752136745, -1.5828060000430277, -0.6703816890377967, 2.767132130093954, -0.9070276663896958, 0.04080647539114447, 0.4006450438273525, -0.18825020183894356, 1.4148210682659512, 1.2034817374326023, -0.15299030178978915, -1.0315198359457403, -0.1609993372183395, 0.5918628557783508, 0.7604278860262066, 1.4138928241282374, -0.34360566267706344, 0.3656551830969781, -0.656716567383785, 1.2590966834654465, 0.9354414124740738, -1.7637248085621375, 1.2951841216928275, -0.947624130529984, 0.3811062110791036, 0.6043489915636053, 1.5319008551460784, -0.03035032029783016, -0.7415852862607131, -0.33817029280440575, -0.21009647623469505, -0.4054566607415026, 0.4118641393954824, 1.1371935076252506, 0.7709125827398754, 0.05841303020948167, 0.19513950216139972, 0.22668676189981837, 1.164010451923069]","[1.082361465693401, 0.38229279130304356, 0.17538683790315182, -1.6117935622043125, 1.2398645280024694, -0.23836956849508179, 0.20300986107942662, 0.6985469881443302, 0.1108662477964313, 0.6496780540566324, -0.2578244387582164, -0.10429596934118249, 0.8057069575152908, 0.593119324800286, 0.3178341089190662, 0.6345877042316264, 0.4753951677597713, 0.41418861044722743, -0.01615802079134899, 0.840078947981648, 0.09236299707982792, 0.6035080117838052, -0.7109979553926823, -0.8103320314036265, 0.6747154866127106, 0.516309002670482, 0.5566803335285537, -0.199605088521297, 0.7390337617274957, -0.15805899530724238, -0.7453335238066363, -0.2582409948283105, -0.2569966764322053, -0.40221787288741245, 0.13379221836396854, -0.37094861479092744, 0.29360209454853503, 0.383317546195923, 0.09085860361646785, -0.05715952635755636]"
"[0.3718016742408609, 1.0161491472793134, 0.1505861001486293, 0.012951673071582874, -1.0155347866247812, -1.6159037744683475, 0.0987264601732811, 1.4326958490421173, -0.7417987720360183, -0.822270440935979, 0.8703355780484853, 0.6320404628823381, 2.1239798256122486, 0.16438480939671615, -1.3806202993389818, -1.6628240652301403, -0.5443666375179522, -0.1260295690485926, -1.181615971596144, 0.027685627055188827, -0.025590201734974345, -0.7976532884206415, -0.3226740682816714, 1.4394788411735524, -0.5544231703871365, -0.5138241898434006, 1.325287920304996, -0.009124415797392439, -0.11136278639224015, -0.6133128969300927, -0.8868938182412144, 0.16116392590079393, -0.21969874856811247, -0.014514634516721152, 1.044703144748728, -0.3204256043935371, 0.11330717807097435, 0.16506693097962769, -0.49661475918160763, 0.900571782313872]","[-1.2077454484439456, 0.07072357900125369, -0.32584529808484247, -0.16618002148922897, -0.014347043075597907, -1.5485274274806893, -0.1578946299927904, 0.23688391888242716, -0.09670478054242133, 0.13364745069743056, 0.8601879243543303, -1.272370121437699, -0.5748224526933483, 0.2807391738282462, 0.7052686877477665, 0.17173754308321754, 0.0762706554747658, -0.07377386878251019, -0.7292053469599146, 0.1738001312259003, 0.6086770324984322, 0.8023028493825439, -0.48838048203033213, -0.40921926716693996, 0.07533330562450832, -0.04629228129565871, 0.048219404957971994, -0.6799854058386368, -0.09508705813252025, -0.24432124046891399, 1.030415107356477, -0.05388154644138061, -0.004400480790862001, -0.14438314663526333, -0.5394922734518401, -0.20239602317891014, -0.004221091598483479, 0.08188827633478632, 0.005916719957656869, 0.371762524237925]"
"[-1.705629196795653, -1.233213056897028, -1.7102480434224046, -2.1722952470439076, 1.7952122866466185, 0.9539949235519743, 1.1455454299489476, 1.5447082221412043, -0.8133732418027869, 0.9100696239204019, 0.633545119424504, 0.027263842266244568, 0.7386742131022345, 0.9826851981293144, 0.2840020524448599, 0.6908070862614003, -0.6725836913201149, 0.46585155340624007, 1.1711353962631852, 1.6565562165590109, -1.207583719038974, -0.8127988643633853, -0.6202971419463912, -1.1387469679229885, -0.05259026878835495, 0.40651826163303423, 0.13589237203422733, -0.5489968323774551, 0.2724697967765149, 0.2547022273075252, -0.9747615658969486, -1.2483824626961166, 0.4523510505972185, 0.05022178906037522, -0.08974548562207489, -0.6808630708681428, -0.6961697967014724, -0.9583080074169092, 0.8161515628036531, -0.14832262462771434]","[1.8135976536329999, -0.9998379391619678, 1.0418428516497804, 1.422922752992733, 0.3808199198635087, 0.10592384836591562, 0.6476333397258689, -0.5637501834750533, -0.20982732651458008, -0.03254151418031242, -0.14814878597895037, -0.23608886548368865, 0.024058821981086814, -0.08291037038608295, -0.4362913115459515, 0.3671871587081723, -0.1439025192689036, -0.17790896193765948, 0.00023818601590845642, 0.4119389934827652, 0.4423840512276611, -0.6607887018057605, 0.4521634504025402, 0.008347667565146084, -0.5292163878394567, 0.08216086250999444, -0.40092708016877493, 0.4387271362394072, 0.006117796715267844, -0.3145069896170509, -0.08019949710603853, 0.17221057548108962, -0.28799408936897347, 0.33049893922865, -0.2988595104019227, 0.33549688503175673, 0.09673347709596618, -0.038239902568507976, 0.20728759796427365, 0.5878398563904945]"
"[-0.5946511953275814, -2.4960833146932306, -0.06313823415625107, -0.36715274963096695, 0.8806853485454371, -0.1490101464959796, 0.228135307145875, -0.06518641844198632, -0.11861303480619725, -1.7824385217304637, -1.6731724695666266, -0.4744558860068449, 0.0607050908136953, -0.3687028887155456, -0.5727836551877461, 0.3657606512646545, -1.0002179691908624, 0.18103304567860423, 1.220706037630654, -0.4451803388742756, 1.3255974884197839, 0.7846688340865154, -0.28591219696479186, 1.1674661053418, 1.6166905673526257, -0.5802575814289691, 0.7702560875546869, 0.1928108615128465, 0.45335459360179126, -0.039573700219354795, -0.6950797115247239, 0.5338598918292375, -0.3022759637362354, -0.6885326115361537, -0.08909431751464336, 0.08151014868464926, 0.23702358114165017, -0.1683150041560433, -0.08803264764299669, 0.6125369803905242]","[0.4368635261376614, -1.2323076619939786, 0.6512347750539865, -0.34047580927512716, 0.27127154242451756, 0.23791229976028636, 1.4284846212939912, 0.314314347096418, -0.7692548354138958, -0.10763347576686264, 0.13669473230625623, 0.9238895637823094, -0.6520046412276768, 0.02556632261255729, 0.10687262331826228, 0.42183919408050424, -0.44472018051273515, -0.15080174036312588, 0.10510359597946703, -0.20956186040743924, -0.26916374500610935, -0.4697586538173506, 0.5276567115882206, 0.11873313831082025, 0.033810503489487775, 0.19506148327890205, -0.3010072613219283, 0.08615217695118782, 0.38939308182601, 0.06620856095083721, -0.014507620939937573, -0.014939038961654562, -0.20581452120279464, 0.3295714648129862, -0.09341424940395984, 0.19087644118333796, -0.04249410582199942, -0.22001212746721974, -0.22189399075063887, -0.3776089407834195]"
"[-0.6871136792043372, -0.45256617248024683, 2.5117215767907193, -1.1100767973286858, 0.17001211527601084, 0.4909992470552558, 0.017509237305029346, 0.06197008466251519, 1.5469410480745587, -0.2821186127422047, 0.2871882195105964, 0.5642276537802391, -1.3713086296711385, -1.0690091070659296, 0.42087617448715126, 0.5049979483974254, -0.09043460733930081, 1.1947573759978205, -0.8511194371786472, -0.8367836087447359, -1.4719967049876128, -1.3272725635370195, -0.5226472024154057, 1.0565547586847397, -1.6386068575006947, -0.9468253244264692, 0.4143544657505029, -0.3722101233646143, 0.8379765343314364, -0.36501437745106585, 0.5980091203916231, -0.17079996127004218, -0.8941140042637856, 1.9556417881958172, -0.5203481232678424, 0.8756578238563465, 0.07582912235538199, -1.3424153571689426, 1.5087897848151612, -0.42278563710780676]","[-0.973355876005947, -1.3621154450508361, -0.36696940559090363, 0.46240547540997506, -0.8099727930023987, 0.017996663242121343, -0.840512213077416, 0.7850801804058198, -0.4508903027074133, -0.1936071968125121, 0.6411257975141316, 0.8771313815630781, 0.6050448426541536, -0.7315464983107152, -0.42906078717836554, 0.8251921903817382, -0.3310027771278868, 0.25283995823255107, 0.4812413061302589, 0.2685061888315888, 0.1663879896209272, -0.0512889787898922, -0.9519817690681347, 0.10688408789908183, -0.3649927446983196, 0.33787323358765853, -0.12920051368423355, 0.25898813173400037, -0.14474289755397177, 0.5024079940056041, 0.23163206894069555, 0.021861169541589114, 0.22541427210885687, -0.17542982049171738, -0.20788456587878254, 0.1940499071599127, 0.13825976970508283, -0.3091304166324501, 0.38429848789173593, 0.3459737886441638]"
"[-0.5741229990938957, 2.4180468775039907, 2.2053263718091527, -2.105800849234457, 1.0615055557375692, -1.322736022722744, 0.2883174392709213, 0.04232884105760016, 0.9761757767620836, 0.2685862790542677, -0.3809333089155703, 0.27815864963067183, 0.9689329090786815, -0.6554881756653086, -0.5943704693844359, -1.8641351395881955, -0.8363980477007487, 1.4597423244230538, 1.0757554740698476, 0.8755754531160709, -0.17760038447213064, 1.2619705238927394, 0.6279893156100002, -0.009293274278355189, -0.5498191175506691, 0.909634002176052, 0.45230418384758175, 0.05955172004904774, 0.3026700555661726, -0.6665967372666662, -0.18348603286023227, -0.29882028565504737, -0.10413675853516316, 1.1206397300378206, 0.4721304927117286, -0.3861263392148185, 0.227260821797747, 0.03232125130776223, -0.4433644590661944, -0.34384210607937676]","[0.4251088274817478, -0.6172683438455913, 0.5496633354653726, -1.4459355782280774, 0.43060286263699665, -0.020595525140661042, -0.4036320277496422, 1.0014183090426347, 0.5211111628910591, -0.2571298270409847, -0.4529162975840075, -1.257760927963476, -0.45348671810711344, 0.1714902006721858, -0.7599130363805836, -0.11204999742987755, -1.0238915896913663, 0.49236081704869555, -0.21294328082222191, -0.49153385345555767, -0.3056738113973729, -0.1203885291023704, 0.08437845434331923, 0.1285410971826472, 0.583658090232443, -0.2117556026695325, 0.07730191855166126, -0.013812278422637669, 0.3422967064074156, 0.3881281553713758, 0.3084207753937015, -0.13379157508299652, 0.556737126184501, 0.22573968910089545, 0.19461102627129703, 0.3667394358500624, -0.2501515738637226, -0.06482167418376261, 0.06903200977825029, -0.30318000610309687]"
"[1.477473394217971, 0.9802339037362653, 2.330079786789575, 1.9742985123319072, 0.2220461393613368, -0.29517916650415343, 2.997138341598799, 1.6676095308192391, 0.21679008443165346, -0.48316879250406913, -0.5260490288856559, -0.19655122807697736, -0.757997123389875, 0.5218431948545934, -0.5504658557093919, -0.15588946702344053, -0.26073368261891583, 1.2491047882674546, -0.598969022782398, -1.0036703968039766, -0.8330516120598651, 0.9436687707282619, -0.2425585202988017, -1.1201531102511777, -0.9700051294328196, 1.7708607161914072, -0.06958208098304232, 0.9085395383021434, 0.9425754935036617, 0.6450241525995202, 0.029492832467439306, 1.4132990306907032, 0.27689236357545904, 0.2614232932161772, 0.20549943794999997, 0.00943994093499572, 1.1746268274248242, -0.3381356341390595, -0.18815564664900308, 0.014825729889450273]","[0.6515477930201369, 0.7379393694049003, -0.10100458481571939, 0.03759273117921597, 0.009148903798637219, -0.05538422026058166, -0.12871596778273278, -0.15956658545616625, 0.3187881328157139, -1.1001529730401376, 0.511516667309491, 1.4586489406174894, 0.06296214497765425, -0.8289783479056243, 0.3419664599832874, -0.4486525884488317, -0.48651040160805226, 0.3949886901583708, -0.019802396526286247, 0.2442056870363573, -0.42357557008506747, 0.4300341481975198, 0.7826966784720772, -0.4627113135203594, 0.8063618647245848, 0.7011169610250806, -0.36758819895858597, 0.1296855777384181, 0.21965369550613303, -0.2921001428764126, -0.30364741820849844, -0.18368821772531715, 0.19395825930703753, 0.6990752760737458, 0.031116835784076282, -0.5717995979460512, -0.3027843346996503, -0.5332508103267266, -0.22205423382773365, 0.41501625496213806]"
"[-2.7501727992280736, 1.1603402189937997, -2.704975590893204, 1.3334438657271928, -0.6398779042445337, 0.041256955670994, -0.24337219546893243, 0.287323516158079, 0.2361284717821236, -0.4519505810096836, -2.149228681967477, -2.0673140023059493, 0.0411257096099467, 0.6306172336106741, 0.7668246764325735, 0.3430980476269331, -0.7453906344344462, 0.671852683324474, -0.6171298486630582, -0.45165814274826804, 0.81340034126622, -1.401406281327373, -0.5093408208686788, 0.27138155059568814, 0.5258607754933079, -1.2425403908428003, 0.5238128094668275, 0.7018156963512611, -0.1972326026464441, 0.5909411282958846, -0.3586559770392766, 0.410284336771296, 0.7029600014091705, 0.44597531727457274, 0.16360743511767634, 1.1149054698337975, -0.7403518206359967, -0.766366478774897, 0.09352903132889108, -0.15387546803038912]","[0.7049144509003081, 0.14121348379252158, -0.8281149979823204, -1.0362069867135681, 0.5577027551833097, 1.0406206040009225, -0.8929898915915787, -1.3191678005515362, 0.03849190661964874, 0.9185533029110922, 0.9961210568156502, 0.6032425009604783, 0.5631095268058011, 0.5018325927827539, -0.024863598552894273, 0.07056170197479714, -0.18510283864120433, -0.7765712747933452, 0.11058803192944255, 0.07074305749834914, -0.880788073292066, 0.012782633430815283, -0.48316693666108734, -0.051204855747378764, -0.4141485330959388, 0.6357001705439527, 0.1487766213527819, -0.44445163354067896, -0.13289061711821898, -0.18584054452933366, -0.34281290872845127, -0.14103249361151504, 0.1246324755638875, -0.12049200623867598, -0.06528881224446098, 0.10505367367140113, -0.07227764017746512, -0.10050604869207742, 0.11729689926059945, -0.40023144660861504]"
"[-1.2864652029815549, -0.10714669387140496, 2.2516210525149702, 1.3077638366833924, -3.353670318310683, 0.6287886861026153, 1.1626464942757808, -1.0620738158962046, -0.3512261920635808, 0.4148585284093932, 1.9422180077864246, 1.0261573355014442, -1.1099038202601184, 0.5251499668155142, -0.1356655085693962, -0.43182943376589566, 0.2563613090309993, -0.8647520665656924, 0.2853240637938675, 0.18216792975532844, -0.5785328490080548, 0.43950695247636196, 0.6809412754105971, -0.882309362548536, 0.42514292283047916, 0.4046548000636484, -0.49424224367995423, 0.3342738232243994, 1.185642609984841, 0.07480060191534423, -0.2854139801582026, -0.20448646167427184, -0.49227821990314186, 0.1665660226272174, 0.8698421721065578, 0.4860413663311853, -0.5692135980427359, 0.3807875848984486, -0.259240514488032, 0.13531086415633753]","[0.44952223415168313, -0.43115274459619657, -1.8846448709524966, -0.01016277775305117, -1.2126788494062184, -0.9432383977685626, 0.19583323685798545, 0.06458879789030754, -0.08590637792543845, 0.16503333005470114, -1.3954908317892958, -0.21677155598288786, 0.5820064154770594, -0.5596415644300526, -0.6997196604558161, 0.6151239204886335, 0.2723181536970746, -0.24455483533325506, 0.5870753154245928, 0.2152098745965391, -0.2006147031394505, -0.6254905515047032, -0.5451874603804852, -0.038782744783412176, -0.2027328704163574, -0.13676719005814053, 0.340556550550198, -0.32003492070514966, 0.21139661800990167, -0.15548489400271126, 0.2542193048388988, 0.4771956941971335, 0.44799079057016183, 0.12142888489297529, 0.22569580313226298, -0.06738408291615373, 0.1781579339686358, 0.26703889575527867, 0.05393954690135843, 0.007238709274001328]"
"[-2.7485194831109405, 1.1868282644698889, 0.42163545215050985, 1.5880193522823778, -4.042079661985381, 0.07862036505199656, -0.5227359576739121, -0.5222025319156084, 0.4968746827201403, 0.630503807056986, 1.0113326972427166, 0.5253254421815965, -0.78296383513446, 0.12099239706435853, 0.22446066442509718, -0.3809185621597327, 0.0042254404863001005, -0.38581194631044224, 0.38914608426127445, -0.7178677366053811, 0.20009219294804986, -0.3543581755169799, 0.366033455767643, -0.8725045818684972, 1.9370362675393515, 0.14995932634706788, -0.020115730381082324, -0.18766558778637327, 1.6866705229256387, 0.8855229138473186, -0.3571165128307257, 0.2668159648079214, -0.1483227794474976, -0.12924548222644092, -0.0964353337429373, 1.0393258810883224, -0.38015559530409454, -0.43930518395737517, 0.1732740488311321, 0.2029301315353065]","[0.9481814315980237, -0.4657917547688273, -1.9746308247384694, -0.5337459528386498, -0.9187067305595583, -0.9896110362895182, 0.021231148342332966, 0.17105486642902015, -0.26333146064410745, 0.43277995299125893, -0.9556608346144009, -0.16342345300980501, 0.23790052794391353, -0.10205459331423934, 0.198026199469759, 0.42150104190376414, 0.36042403664578465, -0.4446558552905997, -0.20197588104971304, -0.17917848743984338, -0.5731318200175775, -0.2554723723861036, -0.027164961221129238, 0.6929404427701443, -0.5445668384528871, 0.5336552685408625, 0.27923077648630407, -0.08536186664646599, -0.2519731392916428, 0.11759766871631526, 0.3223125509568563, 0.35790844456541143, 0.23181136755267323, 0.42500629799374157, 0.3605406068999911, -0.21909278388642894, 0.07302665541591949, 0.3780779972828676, 0.005468026079953791, -0.10861702479770882]"
"[-1.202400165370484, -2.6617404717185975, 0.22146333712150718, 1.5907185587326713, -0.876473469433542, 0.6421132140406859, -0.5854895307452007, -0.6926035253051825, -1.4139846233790583, 0.8921084415537074, -0.6353886202843982, -0.4405865983122095, -0.3284052938914011, 0.2807398044630488, 0.044695726159120694, 0.3615671477800959, -0.06019385545615743, -0.49945550587926585, 0.10783221167283022, -0.04630155863854672, 0.3474336871119704, -0.217395244727429, 0.8825637794778584, 0.4689657734243829, -0.040795453376090536, 0.6935270394827107, 1.2877807155452778, -0.14167338264246734, 0.97508366489497, 1.4014895814182917, 0.6519156825439657, 1.3242944904948986, 1.2727300689482914, 1.9775023308097648, 0.14177642001270996, -0.5629428818141399, 0.2381253678812025, -0.06611304028141948, 0.5275719395663683, -0.2181538841385807]","[-0.12627115748268392, -1.1203923505705622, 0.425483410858409, 0.03416914805081572, -1.0902911409260454, 0.3496318107030715, -0.19007438232786655, 0.1301888020801292, -0.05207990504056445, 0.30348562517038036, 0.3572765736236588, 0.3986905346188852, -0.07985650320095995, 0.43548245793169726, 0.41026564383548475, -0.21462830095094979, -0.1880028816137519, 0.5163774050167795, -0.38819823375671797, 0.8360161289608982, 0.2470788522202317, 1.0634426507293586, -0.37195808154373194, 0.1897764890032362, -1.162298859452467, -1.026340009635878, -0.05831466316381545, 0.5829161924082966, 0.823589929813024, 0.09195514215909714, -0.49130151534172906, -0.3171473411047393, 0.1991543266467846, 0.2627571941882799, 0.2672780259796263, -0.36843808859018506, 0.3954846612186254, -0.7250743579541884, 0.17994783670239606, -0.5480776073039546]"
"[-2.1611898589473286, -0.4306479745150499, -3.521599302959194, 0.824234695330278, -0.027984804637696935, -0.32263840667658084, -0.45918185675248363, 1.0013208581178596, -0.4784551149544572, 0.07443900742688327, -0.8880526485077729, -1.6134432807731933, -0.23713714649815215, -0.11487302521170208, 0.5312599130951297, 0.08975207615436358, -1.6881441038466525, 0.41882596365552843, 0.06988459546134347, -0.26847603053703734, 0.038400064326546614, 0.34024138829065714, 0.80480231308599, 0.8881377843518183, 0.23557768346612712, 0.5860355515896741, -0.6477158184456114, 0.9222892234660565, -0.08531779948286711, -0.09879531608061479, -0.7193362172782592, 0.07587901093966588, 1.769508567030327, -0.10574012076606056, 0.5191826257727012, 1.0575726144855526, -0.5149151825863009, -1.7952078602769848, -0.2256877618411724, -0.5767468161832069]","[0.6389898246493082, -0.38429583502926595, -0.2246461131741135, 0.7343146117173611, 0.7696422619284764, 0.8037969794334336, 0.06476387590368775, -0.44730723074152456, 0.3019890851924212, 0.5491774387464261, -0.21149081338837214, 0.01630814342528655, 0.29341192196117116, 0.17664571191361667, -0.253584589714531, -0.43802314896031774, 0.2233731303669848, 0.26753624688946825, 0.1754241947937044, -0.2076222005270358, 0.10486018420470093, 0.05750550163160073, 0.10860951030759915, -0.40290122102446524, -0.3880333973261804, -0.1140564127435919, 0.11330649393663622, 0.07058695465011772, -0.3581199501793252, -0.3487044348851052, 0.12901228719399277, -0.19629030283743382, 0.15970928324648712, 0.0892858303898914, 0.3549028033352891, -0.08513547669910468, 0.018803955987489736, -0.09166690439521943, 0.01499892275833699, 0.08627704867137673]"
"[-1.319946095564407, -1.4865585610515142, 1.3431668106589572, -1.0415103838228177, 0.3921281310836608, 1.046238552786941, 0.6859305520207116, 2.159336101547877, -1.738280107875667, -1.286689202863002, -0.23428913561319908, -2.3355703932771057, 0.02681238379338519, 0.3135275060928114, -1.417556876615065, -0.33634041795545266, -0.017220442373027316, 1.1694951102118498, 0.5946776765505052, -0.3332155958123173, -0.09818100567334205, -0.528227499313698, -0.2923732246591593, 1.7180729984547825, 0.32338823477256434, 1.2238025610913525, 0.019244134843447242, 0.5433153105476577, -0.1257978140371125, 0.45403193723635454, -0.8307936909130857, -1.704974617051863, 1.3396165057730094, -0.17012034419613362, -0.48209125708467715, 0.7991848270869509, -1.182909475413818, -0.3946554644529901, 1.1481643287809802, -0.46743054852274224]","[2.2949910989792017, -1.091740027244173, 0.810081680953552, 1.4860863720059512, 0.289952010870524, 0.1612624622684262, -1.031959080952187, 0.666951471620835, -0.020486284193950332, 0.04980108081586127, 0.21725874957828636, -0.831560685415795, 0.5647614745886023, 0.27811369246552936, -0.531018731713707, -0.06318618397608677, 0.7379339678829787, 0.06415627342689598, -0.4805038353557108, 0.40500864068437453, -0.923119520502164, -0.44984509687066865, -0.37487618259203787, -0.3358206247846274, 0.007802756504273234, -0.06711624561700939, 0.8137089306913339, 0.0882689413680652, 0.1688551357011929, -0.10478377233316231, 0.07690549740324035, 0.056620238553427564, -0.01614151514758087, -0.07880294870783147, 0.2943024101163325, 0.0016336667716878072, -0.46727674437826616, 0.5398241749869581, 0.41257416807017094, -0.09434006011936777]"
"[-0.6417336633754575, 0.02569286736337745, -2.532496804472765, 0.03007664052544943, 1.100764014440052, 0.34351389710156527, 1.1937832612011021, -0.9902325770890469, -0.5844668127857303, 0.5525347705047439, 1.6912242924473135, -0.6503172084758927, 0.7827962653342831, 0.8975429275774783, 2.615761361015009, 0.1353760295725795, 0.182804059205331, 0.7270010267607169, -0.5170472598869084, -1.2604644012553654, -0.30643600362229073, -0.6425061875304499, 0.7685433516864103, 0.7210221738190459, 0.3950774092294563, -0.8493133203626518, -1.0224701317954616, 0.09557974558783978, 0.36267951371564516, 0.4723820223607882, 0.08809732101522813, 0.2274577173691593, -0.6081041444736569, 0.690673676331195, 0.20790048130428787, -0.8470692230275094, -0.3948105837899439, -0.7046059955766323, -0.8621515390560123, 0.3877242461891791]","[-1.8354221433893203, -0.3755986903251262, 0.11428659864582626, 0.5036634739030634, 0.7336311712841685, 0.038030597491116626, -0.09764546891376674, 0.4346977544727807, 1.1492164967855412, -0.39735507356218125, 0.004994985320290403, -0.37209340334080604, -0.7319491782692752, 0.1468513929757058, -0.217401575481596, 0.2514496850559629, 0.9375536415550978, -0.99642828658788, -0.8918448559461488, -0.44944929978120035, 0.25145899863703225, -1.4151768936382265, -0.49317706768990477, -0.35300654783876395, 0.15370108145713773, -0.47241184973651523, -0.5389971269960688, 0.1830178273848347, -1.044288939201124, -0.7344052176117912, -0.09727316056136817, -0.5710836202354669, 0.07934666827276622, 0.24852013645884027, 0.36553067026520725, -0.600997645520758, 0.38384116486509956, 0.41695765664319717, 0.09599624312597163, -0.6363034566566367]"
"[-1.3449529398362412, 2.1944915660146043, 0.964570357378511, -1.7457373305943298, -1.7963940063847863, 1.0079783493013572, -1.0171435747378232, -0.32831079636745786, 1.0661223765769057, -0.5889865947561964, -0.4077537981110599, 1.4794451980104577, 1.264681680059645, -0.4123747471626277, 0.3133936230230042, 1.1727122354331307, -0.10635456969780276, 0.18302672539695664, 0.27594962904440684, -0.9230846744333063, -0.10379109039578246, -0.1464479878534259, -0.4333198507351814, 0.338296379092078, -0.8849343920152392, -0.11854798781844553, -0.09351656347678376, 1.3723771381019185, -1.195951060678014, 0.12234681085123895, -1.1947932621974384, 0.28331122703085987, -0.17012772108759908, -0.27224545452012144, -1.2354005806630057, -1.184966139081713, 0.40837658077322425, -0.3601622303597416, 0.1752577461129527, -0.4533079769890118]","[1.2869149255172896, -0.20363114431710366, -1.3419449281326445, 0.3481036944376281, -0.8131074858922688, -0.3344197026938195, 0.13698413122187572, 0.17218389883869242, -0.8649301324587402, 0.22582923831559795, 0.1371700303332299, -0.2719284820544223, -1.1958321303316322, 0.1529828158672645, -0.4018677008552314, 0.4733025086095658, 0.22513545182408007, 0.18244764367577876, 0.5571255978387434, 0.04761801070650285, -0.289083413666577, -0.4095845288358011, 0.36997642212318876, 0.4278657368981907, 1.0127819738781787, -0.5342995931668654, -1.2167213211383343, -0.059249200465249174, 0.6119541551525796, -0.015708732490554857, -0.06097410069562591, -0.27734218753771606, 0.20045040893799648, -0.15197816799020925, 0.17930697909106494, 0.27287990941872026, -0.2022886013758246, -0.11483102312181222, 0.3246192143596351, 0.1659950352249013]"
"[0.041265582702423684, 0.9008726633131489, -2.3590099165250007, -1.7273186806603769, 0.28284828208798635, -0.21357259256886055, 1.3900148782161879, 0.5396713387112807, 0.9684954155521723, 0.36848619329361193, -1.179455973847437, -0.5119112496100534, -0.20634373275262968, 1.438774567576346, 1.1526209871917965, -0.03282616028880542, 0.8149720099619618, -1.4284517728380461, -0.9807148190998071, 0.2891134919014897, 0.5743747531569651, -0.3791890165261627, 1.0569169099559663, -0.41051094880503936, 0.1830370006922511, -1.671724455814877, 1.1836384472292425, -0.5696908132417748, 0.6562772723666362, 2.101308490639744, 0.00035022877479887426, -1.1935077416986664, -0.2850155856089632, 0.4878668000195791, -0.1081462649593541, 0.005653946360688848, -0.15097328770212823, -0.33561865558805326, 0.0237213177917601, 0.2443314090054139]","[0.41547454781237736, 0.4657220531578268, 1.0871493496950153, -0.6583041151421759, 0.4532286721252917, -0.5664704318781548, -1.6305909402824297, -1.5069874451276484, -0.46124464916398594, -0.7954137630872333, 0.7785392348690984, -0.33843164818319055, -0.17534066534072135, 0.4043573307889933, -0.5280178264892347, 0.5062267431765806, -0.25097381681909475, -1.218398209898653, -0.10209823986292546, 0.5709204854773786, 0.10569922679393479, -0.14713273896389661, -0.4717740712242337, 0.18830852045970092, -0.6804104022455585, 0.6465363829890317, -0.5028717409037684, -0.010674979295520517, 0.15318095268536575, 0.333944385998632, -0.26551069081372314, 0.473726495367763, 0.05040754993878815, 0.07507318856629465, -0.3975013162149021, 0.061399622431363605, -0.3877845982919053, 0.5728495924969407, -0.04492919405236792, -0.6400706282717278]"
"[-0.710010218320601, 1.804553504229807, -0.6545370494627187, -3.186413271441113, -0.6400281071670516, -0.4231461104495435, 0.20696324381958212, -0.9956297807869562, -0.15356135048939185, -1.363550926235789, 1.5272628323620847, 0.1793937129518464, -0.2835249294968545, 1.4250498674800656, 0.3971066041595268, -0.5754157444970067, -0.6725999498628583, 0.0025945090608049536, -0.10259707205212996, 0.5401340069873499, 0.6224862018185668, 0.9728673972126051, -0.045127117603666965, 0.6510724504651265, 0.48967142172139655, -0.06072073650827412, 0.8914664430611685, 1.419116341432287, -0.7773057806658611, 0.3517910444482425, 0.6220916929287595, 0.6907552266743786, 0.05293651298028932, 0.43180116996331563, 0.16419668099521514, -0.2752309026511976, 0.006565942163055656, 0.28712298656638535, 0.09604400106660395, -0.21986107049365963]","[-0.05766229102114948, -0.7196796182575284, 0.6796112296158989, -0.2537479366557438, -0.3928978438183125, -0.21024311280419597, 1.2063549819808645, 0.43303924581533854, 0.331681643557144, -0.5398976681989817, 0.05977489333409159, 0.07510353409739583, -0.04574455224380815, 0.3949387666435344, 0.03724764601963447, 1.1536604200050025, 0.04326783795603921, -0.05176225913113389, -0.11198550808199567, -0.3751073834038083, -0.17674756237633307, -0.1485613962522082, 0.43101045778415326, 0.16928771061784642, 0.5722406899545588, -0.3370696817902451, -0.612840021604802, -0.15426831566728907, 0.2615585116833583, 0.24368169111077145, -0.25854282046361426, -0.36995379554565677, 0.05082050657114139, 0.029849215319286315, 0.04586446090688032, -0.07383069571331818, 0.238526226939622, -0.3539778607337634, -0.050286383332813746, 0.3960566498145482]"
"[0.8353860205674188, -1.3249797458305363, -2.4667668340056497, -1.409095437642821, -1.3891238562857158, -0.09905040695144397, 0.9948154678109692, 0.12455314434942281, 0.4774940246025972, 1.1420382616749538, -1.0401783345500049, -0.5894126969074635, -0.14189280446287397, -1.5389308712070737, -0.6005100076978388, -1.1767244416201794, -1.0986872343127665, -0.781175434494849, -0.3819480159760194, 0.6162977155972256, 0.028543881575821512, -0.6750058235181973, -0.9972767740951043, 0.21262577952417808, 0.030203013144618967, 0.4428221860258703, 0.879477071880272, -0.2102404071050629, -0.3514501206519055, 0.14319224552521348, -0.052887282855743296, 0.3344382383761308, 0.09907124249241467, -0.3202760851101967, -0.9347231209013578, 0.7056134767220376, 0.09158743075138222, 1.7852902747207111, 0.4776477074908106, 0.39487349227037793]","[-0.08218569197653569, -0.06679733883046425, -0.04371276797649146, 1.3190650016621104, 0.6346015557566107, -0.554589640823759, -0.010737504017559529, -0.36275936045943974, -0.7626319836189087, -0.2795342301975813, -0.8135026296483168, 0.05705903856196366, -1.4981518908934346, 0.4421797609154568, 0.22207110058234125, -0.7343210935730541, 0.006945228660972635, 0.32268839550458694, 0.4380018879342815, 0.03512447387207509, -0.05624007259053559, -0.07917492985225641, -1.0078026989097093, 0.06684953060668164, -0.13716097082729048, 0.028077539675182842, -0.29697299485254847, -0.19366894837437518, 0.019940625813967855, 0.46125328069528254, -0.2483210983589955, -0.30103903965731404, -0.7212595963741769, 0.2737464686487425, -0.1987715627704714, 0.3677034746835713, -0.5600012801638833, 0.026804564751549097, -0.026782553097224715, -0.2798966820061988]"
"[-0.12274586765231034, 0.1116400269426814, -2.369658419022584, -0.5544833458452695, 0.47244955878805056, 1.191576612864248, 1.2311272163977105, -1.7056983958117427, 0.6655881403664662, -0.3510367201859696, -0.5551189464467546, -0.6807212652196445, 1.2249348230185682, -0.6363291053365198, 2.099948289529652, -0.313485244962479, 0.26263640658496157, 0.12878017342026055, -0.33552795427186977, -1.9850251199478937, 0.7760273099186618, -0.6241779116700239, 0.5170359681887059, -0.7895508511992458, 0.2239432194842528, 0.5097089632493372, 0.1922899265969415, -0.5881656472271679, 0.6979180881681747, 0.8264683806715787, -0.4656228932577731, -0.5343182789897329, -0.4834920712968379, 0.776005091834798, -1.4957944351184997, -1.3628702815246614, 0.9192884539739414, -0.7142316783555008, 0.1423445106030792, -0.3201814801511025]","[-0.15811461342741037, -0.4509622439238117, -0.451542307022967, 0.6215828421796248, 0.3815044650265627, 0.3291895055724051, -0.1818366862257613, 0.5016880155415648, 0.4583016314758159, -0.16232427574426442, -0.14089683899310565, -0.452088233341126, -1.2987337602605606, -0.30982892958308045, -0.08368661299933408, -0.07735000817629831, 0.18180656845796733, -0.7245617328781888, -1.1955074368099703, 0.34861353010114743, 0.23680015490814263, -0.3574102282654342, -0.616965042477493, 0.5109918002654249, 0.1819303715705573, -0.2861262591077878, -0.5515645910533924, 0.5845200632682066, -0.7639799266060129, -0.0850559786157859, -0.5555063690725874, -0.3796992593461963, -0.5398926899388786, -0.2306946525880336, -0.12705270259929186, -0.2392559533668459, 0.6278274073139987, 0.5243669317799787, 0.3207715104500596, -0.4619325410644635]"
"[1.117558449823609, -0.2629551736570015, 1.1026001987798764, 1.7479904103640411, 0.7229223559393112, 0.5804868813251289, 0.9303285245645755, -1.4520480036158263, 1.8664130770817082, -1.0321797008095743, -0.836573712392497, -0.11253766826075323, -0.18886150589432515, -0.09144855117918739, -0.20784537134777412, 1.8330895221629455, 0.5449805600968748, 1.1275080090747525, -0.8907106108783042, -0.22889967859916482, 0.46679952431741784, 0.22512561618261825, -1.3913632846949395, 0.49642292073045785, 0.5215294674308419, -1.1190159071835932, -0.8970338548094446, -0.11244504464359219, -0.8579395365367749, -0.03376213760418559, 0.8195644556883402, -0.837027057178189, 1.3866806582152695, -0.9581216428099696, 0.6573624776217296, 0.8190795172198831, -0.44554019317734933, 0.14922656221877276, -0.2769328825547397, 0.3938567163079824]","[0.1923370649208221, 0.4947406675694455, -1.0508447639384337, 0.1601196150050639, -0.25361792782693093, 0.19164071847429348, -0.30464769330783015, 0.1786718634209705, -0.299433400243839, -0.6311679373991772, 0.22813961097171384, 0.9240430197776023, -0.012226582333776697, -0.8764721500773389, -0.9890985238453355, 0.6152514283450243, 0.5129122191480253, 1.307680080238657, 0.09531284584737797, 0.022161586039869847, 0.5946976357394202, 0.08643561528743085, -0.15667468605953297, -0.0031650614486988292, -0.022700465012458936, 0.0322183496568173, -0.452905328587918, -0.10757335945260517, -0.4093495819855036, 0.16537324293791456, -0.3105770895999624, -0.3689790668004946, -0.47299204324380534, -0.3746140634669387, 0.052771146979038897, 0.1399078221771572, -0.807380413433496, 0.056877312199081376, -0.24238068447778027, 0.08970476547462126]"
"[0.08450471335692576, 1.1258765382251987, 0.1823573262049632, -0.6731096631549282, 2.3629423532579623, -1.7678335628961364, -1.7201115146682513, 0.9415703126988225, 0.23574987020356722, 0.1851384376427857, 1.0023316562498905, 0.9401461631189869, 1.4815644350818251, 0.8254259588742152, -1.7326303408370027, 0.08204099930984529, -0.3615344806293451, -1.2275762879646281, -0.7189588365928941, -1.5179443117323175, 0.3052049334908083, -0.8926476526137295, 1.47507721400479, 0.28912615103352257, 0.8462704250298666, 0.21997066337822907, -1.1583774364340644, 0.03741762077737664, 0.609268507626054, -0.9286402240428424, -0.06057744144518826, -0.04392948635049485, 0.5392183883587038, -0.16494445482642547, -0.19880103743620933, 0.8274058988372426, -0.36212995466164055, 0.5252106721046358, 0.15018040450303366, 0.2037684272274211]","[0.6303751336742249, -0.33424986651858113, 1.675050162668214, -0.7684629842901278, 0.7062301202572436, -0.8250638666220891, -0.3575919247552574, 1.1146845927731694, -0.42052671128015423, 1.384217988628823, 0.6256126541815783, -0.22363549996596693, 0.57978486986938, -1.127434279840208, 0.27135950170935963, -0.8107594853836443, 0.12207290304415286, -0.7537811315601796, -0.1390261703394573, -0.5522961039799418, -0.06759504544395964, -0.07965110409891057, -0.27600493636844364, -0.043520436513177004, -0.16119730431914203, -0.3722419564844491, 0.24487211976966683, 0.02853834276701581, 0.6112322589091179, 0.18518720186610696, 0.05112938193284495, -0.17372991538411162, 0.13321900858410277, -0.02841849809718051, 0.18058585685200057, -0.299525074309371, -0.023633204480047666, 0.13022813194794844, -0.22554761922391234, -0.10078963264464672]"
"[-0.08709390303730874, 2.180495052349414, 0.694364859596221, -1.9023825738609321, 1.8546423243008174, -1.7996643722375818, -0.6293532758278307, -1.6200998777088291, 0.015063185422867144, -0.6408597892870671, -0.5908582477499229, -0.2336477739870299, -0.4154641245329188, -0.958405068375047, -0.062353246809182215, -0.572681700070153, -0.04229040845467021, -0.16451919532212705, 1.1931262244190013, 0.5495837097917501, 1.154718515620168, -0.27018650210727585, 0.062161265042315825, -0.13037771647301274, -0.4173068708784563, 0.489407483123687, 0.6241887577178569, 1.1362340177457617, 0.6281104898830776, -0.22058855523962526, 1.1209428929316665, 1.3564793352993134, 0.1977572950133452, 0.5926660689564145, 0.9994067566569086, -0.5485522810005604, 0.40989829162437436, -0.17521946982704836, -0.04584873547877758, -0.015515223105658739]","[0.42079220084787483, 0.6697132915273326, 1.3132753937868, -1.7291769039613958, 0.8057903907410117, -0.18944854790583232, 0.16599015198420422, 0.9153957662442956, 0.2986779452470166, -0.09647239074897794, 0.11725144056427797, -0.29612077538198606, -0.6058967120393244, -0.3464002474998075, -0.5716218273077276, 0.16386437027848902, 0.721431313851316, -0.3430583210402272, 0.6530883381973613, 0.4121993584993078, -0.7447949067642026, 1.1891294166159205, -0.26559870966031074, -0.9095647758620605, 0.4421690071247944, -0.6959716061501915, 0.09150866514625174, 0.2071121196768385, 0.060596856022037085, -0.18539387436597768, -0.39228443387113476, -0.8190934351839299, 0.21871389402549615, 0.05210850188497947, -0.0031178824823581207, -0.3252435971794699, 0.2917200070730945, -0.9813799156522308, 0.04129473131412647, -0.24965380189892397]"
"[-2.0436726046223903, -1.2726612374053465, 0.055661543619387396, 1.0779305463126059, -0.35683622096891515, 0.001165331139264822, -1.7847222167085472, -1.8730961842085128, 0.7000987502173972, 0.20379693049624897, 0.9261551785375826, 1.3894904186764843, -0.4288666616155466, -1.4650534111916376, -1.1570387800798414, 0.20805209847427436, 1.7457154489060276, 1.7124436767934046, -0.7209977695945093, -0.48738279936975903, -0.6107868643263888, -0.403571192946785, -0.7843737508420208, 0.781344608882222, -0.5422066968803639, -0.10543656769919602, 0.12816368858808821, -1.3891552115026158, -0.23830337708478833, 1.2410533927098493, -0.2545355826632983, -0.7187642471730868, 0.010582866003216404, 0.7699766907960333, -0.026482801491964896, -1.0520787546226065, 0.7611092210495439, 0.05050919786146937, 0.08067621400188309, -0.9835257506052101]","[0.18748086724423807, -0.47746200848117737, -1.572769544242298, -0.22893096452749967, -0.23072749008196447, 0.6838543132208904, 0.42830447151568585, 0.70773813470383, -0.6416068871014208, 0.6554422448182369, -0.12715958389214357, -0.0692296161699053, -0.21908016513739517, 0.013118982169371799, -0.5810184311419684, -0.08274891907993921, -0.6495351596666064, 0.14233248627677342, -0.45952951509319795, 0.4394150485388496, 0.540860787152782, 0.6879212476819031, 0.27243795494907896, 0.1835686433401834, 0.4991186277720749, 0.12307703311242323, -0.4403613296927975, -0.324065530738857, -0.6565351226748435, 0.5243820683530387, -0.45154525844588767, 0.48802291066652154, 0.002886541702576737, 0.4777430057441152, -0.09565400108184166, 0.4803801630708713, -0.24404739690035382, -0.1560223247698018, 0.10487924650543143, 0.4257457806672622]"
"[-1.4880527091837954, 1.3971137183023958, -1.8001944130040792, -0.8058871605119456, 0.1509720536037673, 0.5029961528351056, 1.4253809128597024, 0.9046582239613986, 1.0662499320005236, -0.7399272579432465, 1.724219235801889, -0.15985882032092869, 0.5399126577875755, 0.669150701725553, 1.1332331987786473, -0.2914806291810149, -0.09030362555152119, 0.955436231241332, 0.7292822314214802, -1.386223566592524, 0.20615454547466658, 1.2927944160896796, -0.021645553790217802, -0.832453658810032, -0.7157012696974061, -0.20788372244333014, 0.10355854474063426, 1.1756787790212209, -0.4214458220002198, 0.8352542870151153, 0.05925987277517885, -0.35030591912178954, -0.9137335854951549, -0.12246772764732522, -1.3633326601126974, 0.9435431520438651, 0.7231230889313744, 1.0056934809174514, -0.0014928423992671923, -0.5924141407286073]","[-0.4493589611646201, -0.13306474716025737, 0.9005272015741962, -0.4702720075350308, 0.4202602308534908, 0.789187434364256, 1.0025481253787578, -1.3453346830303776, 1.0635415049175458, -0.17084061834450828, -0.6921719635624192, -0.4915056106842061, 0.9880911031213052, -0.2522692499960303, 0.5234701071742396, -0.012980801915086673, 0.10384593850311007, 0.2508489507975539, 1.3670624999951657, -0.20269546149806128, -0.3191813997658573, -0.5943183076454194, 0.23611397681395946, -0.007370251596033792, 0.11341516478055831, -0.2568590977085051, -0.15178878767131038, -0.06075128603287905, -0.6648356244947499, -0.6077004838746026, -0.04273196009981013, -0.5784780968780008, -0.16703454010462795, -0.2233758529903887, -0.0223429690995908, -0.05626959966253184, -0.1295480216935816, -0.049023411379762, -0.3884192459069722, 0.3727669116251941]"
"[-1.721899253837155, -0.5908151683934915, -3.8012593214235935, 0.6250166976990695, -0.26440793076598657, -0.5842395856832305, -0.6120245211167218, -0.24357855553078506, -0.11797330030164312, 0.29782548396690217, -0.8886962034946876, 0.2831185475630645, -0.6907782855196949, -0.006481383851538471, 0.34899429908132795, 0.11921652059337902, -2.193312442489471, 0.8940881604474706, 0.7549472212291887, -0.7506393162189025, 0.2901945914326329, 0.8697781690169196, -0.5752643761087164, -0.08632001213260043, -0.8029103708150198, 0.6818937683562424, 0.2822453898966014, 0.22824349038133157, -1.2014505330468481, -0.21400385627794996, -1.857212056962624, 0.48528903549432284, 1.4275955442395047, 0.11038958176826316, 0.17368616925631364, 0.4286012245693053, 0.3667522714094497, -0.30919645079142505, 0.6012367659678276, -0.462863767414791]","[-2.029930250942668, -0.4633749642621918, 1.5558626820735246, -0.354446100497402, 0.39791308899574857, 0.43887906739826615, 0.9359394107506351, -1.0102147450824537, -0.6640541650703884, 0.16405086205048558, -0.9961584282842629, 0.06119339170712562, 0.3106925363445567, -0.3304896752157477, -0.20102886813617074, 0.2353810297472263, 0.101298220264145, 0.28264046716653074, -0.20001142753287066, -0.08390124716926624, -0.3576945389561163, 0.2389598523855688, 0.3356513969223843, -0.06059759275452559, -0.03471249577381286, -0.9918146540382112, 0.07099535345482329, -0.44817429445717816, -0.4100335505144576, 0.002694630939467539, -0.14743457472393648, -0.18355838236239222, -0.0927718393908906, -0.09518471587686432, 0.14399116300807238, -0.5639700720459732, -0.2794919951261683, -0.10764607376210666, -0.23022871965255753, -0.026657031662124152]"
"[3.4026709949866394, 0.10616628370145922, -0.4050592000767871, -0.6275385348195958, -1.561196484872768, -1.7600872994560546, 0.046445111142545945, 2.2620327855731146, 0.42290412027490193, -0.5021339644625681, -0.2909234923264131, -0.12797891485661317, -1.0604179014604216, -0.614983270312745, 0.15813578709357878, 0.013584907315877852, 0.5807239975221089, 0.4813335665843758, -0.9239963620496288, -0.29450473147421985, -1.0215626795017718, 0.9430545639396495, -0.014781015447619771, -0.7686613169345369, 0.3977753621297518, 0.013212532499629231, 0.5066581902117742, 0.44898623890688866, -0.6297318426931857, -0.183259291994782, -0.41174383122284197, -0.2034335256621251, 0.3946394666409811, -0.5116113320656361, -0.14617302119952505, -0.1722380425162942, 0.22501262443076545, -0.1559916656994038, 0.3019106330481059, -0.7244530132337379]","[-1.6333138753978802, 0.8783801175235758, -0.14778656847621116, 0.48349318484532633, 1.2695020864504858, 0.3523776468003507, 0.38738470013666565, -0.9152844574643073, -0.6394929315217787, -0.3102386758389686, -0.34621907308790617, -0.30089603934014103, -0.1343125489865204, -0.3099667954158875, 0.03608648762427395, -0.010772924601906715, 0.34050006852621045, 0.4515641699538832, -0.4824172929090553, -0.19987782764959858, 0.03216760663030605, -0.18122064884721828, 0.29528366472539275, 0.061555594434243445, 0.22301790062911414, 0.17978108188474767, 0.3384795294477749, 0.09451864742850238, -0.27188908619007546, 0.2951009622744264, 0.11481824682898345, -0.07521134743008914, 0.021423555085408212, 0.6456371868827774, 0.029500104839277036, 0.47439181463562435, 0.04387390457693575, 0.05297618278576044, 0.00023371019962994868, -0.31482343136499924]"
"[-0.33821442950196606, -0.39516958911386163, -4.045311790127883, -1.4482788470967565, -1.059692527877441, -0.6660725907894786, 1.3483250147096566, 0.17650879681307974, 0.7221698414978612, 0.5439837708333962, 0.07702795831883247, 0.6176714565908217, -0.4780265165837259, -0.48786386487953687, -0.2151898058992118, 0.3054583128687739, 0.33776809217919235, 0.7234921923007642, -0.8540062537908222, 0.7709240383562949, 1.1122929736914893, 0.45745699724348754, 0.5030057804364213, -0.2138439661060264, -0.47029776032718895, 0.28352749159220847, 0.4526630455455524, -1.1342746213779191, 0.385553247491693, -0.006910144972024721, 0.40607678985245105, -0.8652336638619836, -0.13829465359030926, -0.7768165363190808, 0.17850045897566208, 0.7891224547207057, -0.2266815374146146, -0.8156215956541902, -0.5091797011466038, -0.0202625444397736]","[-1.6325352739063115, 0.3357150315812025, -0.05034955749841188, 1.1862177833253367, -0.16603606729286496, -0.43410320343452224, -0.41615956830042955, -0.7104579807695331, -0.812016177218735, -0.7439513184585993, 0.2406703669399682, -0.46344700557681795, 0.12461400700095493, -0.3290653845091371, -0.29597271533906083, -0.853062178124803, -0.6203360932791835, 0.01565974277562955, 0.6717436931047761, -0.10972579308034032, 0.030257745932932723, 0.3098589521839534, 0.015163085653220968, -0.05220204935645923, 0.8362199210347684, 0.21722562683058116, 0.18963663420106758, -0.32144851023964877, -0.11529989541983897, 0.19789428512452273, 0.6391785178196498, 0.3354791011738313, -0.36402237688896805, 0.15801743249559455, 0.7676923270928856, 0.23266605791151154, 0.27787301811433635, -0.25318792985325606, -0.34075990453398863, -0.3111253009401037]"
"[-0.17315772636342294, -1.0691240338797305, -0.41801332095593585, 2.0916854910645775, -0.43965212691993094, -1.2664039113592829, 1.5945870069609012, -0.4993304707737073, -0.10342809584677715, -0.44705213192149473, -1.0383567130406088, 1.5040972954991947, 0.1591076505787012, 0.8544712089905466, -1.1446894270638523, 0.27832816674837846, 0.5040158179226599, 1.163142241662636, -0.16779516184294557, 2.388485236274149, -0.5381072076967313, 1.0906931362341692, 0.9513159201794174, -0.6752282891127569, -0.26836374851384487, -0.9460179521010359, -0.8815199761702278, 0.32006641158862403, -0.4957228712915739, 0.5655598983530182, -0.1369532425116577, -0.11257646322306694, 1.098567432177988, 0.34613890128907443, 0.15875427083143356, -0.8475990464782842, -1.1440724015341563, 0.07024107059887187, -0.20756057324519853, 1.3718874184880383]","[0.5797344624764512, 0.8220886248739906, -0.4314069109102314, -0.11499847900088345, 0.14210546887537936, -1.2951384489383293, 0.22451621174053746, -1.2129708401858301, 0.14271313288307264, -0.308576429293603, -0.0018920127455988275, 1.0814069726147963, 1.6154417216454808, 0.1880029752847498, -0.5352795284206434, -0.8878184559255684, -0.9072398209109089, -0.4243570910829857, -0.39769970874184823, -0.052639099252959946, 0.7346604781008431, -0.06250749025877024, 0.19828324590654545, -0.1215949688462006, 0.47345430297723806, -0.6647213309923133, -0.41946696993904037, -0.5392856538396259, 0.019968914245782555, -0.35751921182702817, 0.9230132876899131, -0.39745730920355643, -0.6853960227097241, -0.14954844913683274, -0.20746704822779113, -0.4107689892885451, 0.33808238672827595, 0.48432971603716163, 0.5033508077717567, -0.22133860783059073]"
"[1.779453477667482, -2.4761829364391534, -0.995694555973764, -0.7146228166448851, -0.556077136143262, -1.0520187475595968, 0.18818992542843524, 0.4454245313983885, -0.5527961899021997, -0.5431460291351841, -1.2349935504860614, 1.2251774373482072, -0.2573538948212505, 0.3106491896901055, -0.3649106082809264, 1.3706498678049894, 1.0903706201824903, 0.12335471713623573, 0.6575850262586792, 1.152880903763126, 0.9748762010873221, 1.5634457745620407, -0.44839632461384055, -1.0742686774056287, -0.002845074058739918, -0.9593682059694195, -1.187471648152504, -0.4893102645440368, -0.6507231393461324, 0.6249621349605445, -0.07929341824378225, -0.5415310484408988, -0.4947229028803366, -0.2573372277296722, 0.5915908704444006, -0.6069384385859667, -1.0789215624281634, -0.1342865469124755, -0.09187675395008747, 0.14800129303620646]","[-0.48064606025427525, 0.3349068091199535, 2.5482769255662037, 0.9184850529164722, -0.23368986292718713, -0.7554017771915232, 0.1394245768372019, -1.5064495392831407, -1.2631703065874615, 0.39636029115462085, -0.20772991797703905, 0.6407180837599833, -0.3987911185452594, -0.6368807914633569, -0.17360769374971574, 0.3227095684535377, -0.05510984246272284, 0.9269722506830355, -0.4963751752054431, -0.32046626053351357, -0.6382920065289365, 0.010005926651757358, 0.5753369280212307, 0.5148537019136856, 0.16694701893685474, -0.2371052081428132, 0.46226582598594, 0.1422517997377736, -0.5975196011360728, 0.589112150034388, -0.07802768427940365, 0.1478288763487498, 0.14036055884818385, 0.11497696670781149, -0.01756592800416071, -0.34763910144391286, 0.1694281959244909, 0.01058416842422664, 0.0689540314665573, -0.2681342907913642]"
"[-2.1706969818009774, -1.1990100127517807, -1.9687201378700876, -0.011566180325303238, 0.2692062686374864, -0.07923722342300378, 0.7912412524397936, 0.35321375829400936, -1.1290474256360434, -0.8316618397855986, -0.8330214889504683, -1.0953597920284914, -0.12309205390299176, -0.21507208670484756, -0.02383416587557173, -0.0942425882237315, 0.2600628683374741, -0.5492571056461647, 0.4791806523305509, 1.3048808643610796, -0.009711268193284451, 0.3762013337383297, 0.6968660510197101, 0.47475143731800634, 1.0679003544243264, 0.057824326304757215, 0.9325659119997237, -0.1335648402096988, 0.47356543610697066, -1.0839056798987594, 0.8038554381182286, 0.12827373200039688, 0.19985295347054793, -1.0867543826421167, 0.17263652443341262, -0.09232855694946937, -0.0318197420810001, -0.4728000228511013, -0.8221899338007003, -0.15283290190478607]","[-0.7034224735322615, -1.1468046973558916, 0.2510173138673519, 0.6935263692465545, 0.3225945924927454, 0.3789065883940045, 0.7533183339238612, 0.012136765650315247, -0.5282029680708781, 0.16580531168003734, 0.3105212609163996, 0.8830235837217253, 0.26171742577658147, -0.001267978077597569, 0.5239164629858258, 0.22889275696247985, -0.24895918148790092, 0.2016785670551914, 0.1359643147848895, 0.2363773957612628, -0.27345626672016377, -0.4241823754554219, 0.48037188604566905, 0.18889428852316578, 0.5468350482893626, -0.16165521457431442, 0.8611424157182468, 0.2901375439541921, 0.8027577353516995, -0.39725815427991723, -0.17039623471788645, -0.005389678879999564, -0.011283505909926831, -0.17253119398275402, -0.6708835623229599, -0.022463549000888493, 0.14945424065144663, 0.0034669206740617956, -0.5234169838049, -0.02673463487689771]"
"[-1.8583235805469254, -0.09676320355429119, -0.0914666799027323, 1.103598283375392, -0.5294293643422588, -0.2373205685545895, -0.5066940006718257, 1.3219600259273967, -0.6424377500429497, -0.24894816134796988, -0.1452476624232272, -0.557555678113583, 0.29734225360805516, -1.5024863894480127, 0.7078339780887671, 0.6006627279854313, 1.8472117421290544, -0.27872360854304684, -0.2585011035990187, -0.6956246928887512, -1.0156439909204633, -0.5906149161860236, -0.6427005061880626, 0.9943306328867154, 0.047992608363447695, 0.3238699547076457, 1.0290493071290434, -0.9765302158088968, 0.49011153585159467, 0.07424786509013066, 1.1699250282034848, 0.3423422996781419, -0.5417920045127413, -0.3883063407084201, -0.11920338329019281, 0.6252553331996531, -0.18258681223355538, -0.9213935726486543, 0.07548100357162775, -0.6663130045469512]","[1.7396028625692332, -0.8987940501775511, -1.290380211165884, 0.21943635962327787, 0.5250068249235428, 0.6392731583925996, -0.2970109226357683, 0.14548848577144047, -0.48762015832641115, 0.39680331250059037, 0.653210549239346, 0.25311718192417265, -0.3595693358643152, -0.07238440313882569, 0.5199996016804057, 0.3822958646219262, -0.2017070579881393, 0.06611088423561298, -0.0889185697206884, -0.40732700925367676, 0.350513898186253, 0.2607075830818617, 0.2140552524871736, 0.21690205028046589, -0.20935105671175344, 0.24859178218355457, 0.19543221789224943, 0.6886204176936526, 0.1115088739986098, -0.12315743073293331, 0.028419543112806887, -0.3440225731433313, 0.21401104205325308, 0.07774248690625468, 0.05077227711943219, -0.24289946117855613, 0.44273865597080536, -0.108007783449798, 0.08106081309806631, 0.5712447663693041]"
"[0.32089336847805233, 1.2805300390000889, -1.5569545442870631, -0.38911543929270825, 1.0510535427346293, -1.3236938662675497, -0.38121986715661615, -2.0873063215712495, -1.4297045877546468, -0.9506252012511419, 0.42789026033793187, -0.5839910362863207, 1.1375479666556862, -0.33564089354829885, 1.1490118741440414, 0.3170845518572194, 0.22149888163725157, -0.6040976032482261, -1.0151363195054817, -1.4838436801550585, 1.2217848052604972, 0.8431583558000942, -0.17402788666991975, -0.5673733644888018, -0.08773507513229506, -0.7207453269739158, 0.8202646584179065, -1.3110903334233228, 0.3477987057350378, 0.9321632125475333, 0.349069522070783, -0.7139345274215858, 0.32157156374339413, -0.7336094758824151, 0.8603914727642433, -0.2131617693980476, 0.39154019963863, 0.16577940479835226, -0.6157865049487232, 0.17518548671603693]","[-0.2149520697491957, 0.564515712062393, -0.20757095152449026, 0.690401735396689, 0.7814822506568204, -0.7298838965591212, 0.08740623976271851, 0.750103175066051, 1.6207239648849887, 1.1503296527592723, 0.6201669402528377, 0.23602583784851125, -0.14317186764703096, 0.20009045100947168, 0.36983909598741754, 1.3560644154847588, 0.5237389054925019, 0.3959105860423669, 0.6430210057936927, 0.19652842278678379, 0.7101475760924529, -0.34239641692491574, -0.39786407963563547, -0.1770931458089578, 0.4134334490126324, 0.5633709702597229, -0.3008642436724124, -0.17113141373211999, -0.3052271053897629, -0.3898600053919954, 0.4937493947002543, -0.8757102190762822, 0.7817569536145466, 0.2646492478468204, -0.1712517335484987, -0.06597956214973999, 0.44651837972910313, -0.15760774961895255, 0.17196051413257332, 0.2350246271632347]"
"[3.349864133385513, -0.0821967102567918, -1.7844341462077271, 0.9551132264352551, 0.8623810957191859, -1.2671546008605115, 1.4667350525161469, 0.2460855685302134, -0.38786783734488284, 0.4199623253392406, 1.5326902056803464, 0.17553680458215234, 1.2715125706631336, -0.43678262342582014, 0.7538188124357592, 0.36551793239802627, -0.803204682720033, 0.08355481467566837, 0.4587549548438802, -0.4202109866140111, -0.42712412213410883, -0.6842512497940605, 0.6155126490911068, -0.08303093929309029, -0.22443925157448216, -0.8493106993060199, -1.1158716978694627, -0.2811731725777041, 0.09444832562695729, -0.054022762540347095, 0.17094467347163142, -0.09023057357141004, 0.3319309042798956, 0.12127014593830887, -0.5424524348544499, -0.6456989392537921, -0.24522650657274234, -0.6137194632470632, 0.25531309777682043, 0.21316176944027493]","[0.18689552601569273, 1.4548963173273604, 0.0014683380880025848, 1.5824758401097414, 1.278825129686971, -0.6451798103855423, 0.7551750608004261, 0.6015694203725167, 0.7771232121438151, 0.987965637969588, 0.7127339426251569, -0.43352157689308146, -0.0948992699643408, -0.23598099474986217, 0.28966569195948333, 0.896242152666515, 0.09340318469072749, -0.0583884900678846, 0.5960438776511612, 0.31209827582523375, 0.00035771618053168254, -0.159544451646169, 0.32745084848632894, 0.8753088675785148, -0.24330573855431978, -0.21805855935530313, 0.028886061503437362, 0.15701641563351254, -0.28403737247478417, 0.3734597622752054, -0.2310896356157395, -0.08083039740159813, 0.18747596308754588, -0.006920902322033676, -0.3384840282195909, 0.014824944728520277, 0.29588835805272823, 0.17986896570645788, 0.36864038401580107, -0.3254239043214766]"
"[-0.0815315766265011, -1.550422615724727, -1.701985224007262, 0.7473771154365728, 0.7747662711708556, -0.9260403151549074, -1.2657844023073261, -0.7078402011123779, 1.4867519291793447, -1.0101890786225738, 0.9400137608685615, -1.3101429827903692, -0.2558325991507261, -0.6435736811345287, 0.9293457981805113, -0.44865516241811465, 0.558947054153228, 0.6320057451012627, 0.8856635410012259, -0.21553335593675627, -1.5380567055905567, 0.05349319909624097, 0.32028401632248693, 0.38240125804311526, 1.0637678055203754, -0.43261663067994177, 0.8706649271771942, 0.9455552882338488, 0.09289061088136473, -1.4167471449441142, 0.23591747575881922, -0.780135649018364, -0.4793965583348049, -1.87580436247901, 0.18858513381022263, -0.3677194111541436, -0.24374986151728223, -0.14704611919094787, 0.3286505745178052, -1.1696909902636259]","[-2.2621207512812123, 0.31465956676222506, -0.35808445573214703, -0.8391764217341181, 1.498839276616801, -0.000827464538067523, -0.012141132190742868, 0.22353032477202847, 0.22250522989199129, -0.3361789067789444, -0.7971271039428487, 0.6093946198080774, -0.19818345104834859, 0.9474556745012556, 0.6277330489785056, -0.38045553956866873, 0.1792851365195983, 0.42705051248079884, 0.7893973433397351, 0.20763823755074376, -0.2065681335129602, -1.336032299601781, 1.080162656409232, -1.2708648867509227, -0.01444722153882137, -0.2913380755296646, 0.6174138601146745, 0.3172170555796001, 0.20929624463195767, 0.3780616427394293, 0.2365483349826286, 0.7238266356238716, 0.05759301888784747, -0.5592849794027966, -0.26264547919162967, -0.04422058190525332, 0.03775514929492374, -0.6578127116938672, -0.24635409580495857, -0.18190430835585095]"
"[-0.9613720995821228, -2.7231743494683807, -0.14850723562024057, -1.4829582594347357, 1.909963628482491, 0.9600094261715143, -0.8104781857040586, -0.18752520749193577, -0.7281259640477614, 0.029056196805182677, 0.022168714108445606, -2.563747509195128, 0.3033525847361637, -0.6521740055840043, -0.9294111423710716, 0.5682966359568831, 0.42808632949974457, 0.8832151952539142, 0.2740391276761106, -0.18779879255902146, 0.4921032543971864, 1.8724989433575823, -1.3774785344656257, 1.4822929484738117, 1.0784787509685763, -0.013870324398517694, -0.4325021345433066, 1.6610327732036028, -0.06335769630522008, 0.7073640441654112, -0.7812802034743712, -0.10381930455084747, -0.13369779681363456, -0.005699558645006014, 0.3498709502456925, 0.025885412945945617, 0.44112104308127414, -0.9416050118468635, 0.025844933654146793, 0.3915765551171433]","[-0.02485047487374598, -1.622632592384786, 1.422907189313686, 0.9939543326641311, -0.8040591566038132, 0.6120914629937171, 0.8826723965839463, 0.19482570642481997, 0.5226482532584837, 0.5374425886784057, 0.4767435708829774, 1.1986592707546075, 0.04415503717192106, 0.6312970223297607, -0.03137479637072754, -0.31605494622406144, 0.030643153816967802, 0.23114165520220337, -0.5502609548985808, 0.35294183891932807, -0.6697884764829615, 0.016844066795427753, 0.2340224263548015, 0.215848155991905, 0.30302882495586503, 0.056071341230668245, 0.6006405401251221, -0.47628740081420007, 0.01307705357620146, -0.06271966666039774, -0.2933755356966076, 0.12443707060987558, 0.11087884906126402, -0.06938560733650125, 0.03239119486704074, 0.3671238753769365, -0.02714975775439148, 0.25659300649989125, -0.0592063891495176, -0.050009861761058656]"
"[-1.2313138130913417, -0.5121374902650966, -0.2617975797764353, -1.3702611730352183, 1.8168139635956462, 0.477370638936799, -1.4930250619046077, -0.15189224447407654, -0.11489854518206931, -0.14455145244661147, 2.4200917211935935, -2.4778918732824566, 1.054897631112021, -0.17437639861435758, -0.40655014604369505, -0.48473184171235584, 1.3903863730297232, 0.33391247339915625, -0.5238586047730275, 1.019865187111423, -0.950274752337446, 1.4962094654299645, -1.0881566997539458, -1.2569904434117651, 0.7906324335537281, 1.6154679719207814, -0.7572812022438009, 0.06717159401415249, -0.36700734376002886, 0.6431478128150193, -0.051598261413657094, -1.9217470335335383, -0.6386437118104847, 1.0557863502734253, -0.5406059032708861, 0.325962537291865, 1.029858211062928, -0.5359402015980832, 0.7318961204309146, 0.800777143525686]","[0.777674255198433, -0.18429348453702218, 0.6611116043901494, 0.9716343718828773, 0.3605026169850247, -0.07655802616546037, -0.7628333501566724, 0.7354379306958514, 0.17287756046881483, -0.6610641237749882, 0.02315127849859411, -0.24096911048246203, 0.11545171172253334, 0.6619092189520839, -0.523690723821405, -0.7179242088048956, -0.041834661345161485, 0.37175857630577447, 0.007402781106466362, 0.19526380109105468, -0.3519082299975756, 0.182499480181297, -0.053144564524426306, -0.0902641767968284, 0.030133036113191958, 0.32178946178862866, 0.5511123042527507, -0.609592667230236, -0.3390689441499123, -0.25372481052743967, -0.1217499382975906, 0.008824730891435, 0.28877047133225137, -0.06832183230847674, 0.482970851571975, 0.11866489132624018, -0.005437969693638643, 0.12995860034873305, -0.01177585367566991, 0.09545465502749953]"
"[-2.6109923168483276, 1.0693828606049967, 0.424550835055006, 1.7037105706350564, -3.608994949067566, -0.7022663647720081, -0.6421327173447523, -0.36354947904445684, -0.12407974937772831, -0.1329395056298061, 0.6250384588399212, -0.5063792427273639, -0.9509103343146525, -0.5106411526924489, -0.4600389352926859, 0.1771648834657819, 0.27158401139366667, 0.5393014849406271, 0.9492381300236769, -0.28046600959099544, 1.539205313472108, 0.03132261006458064, 0.002201271235013553, -0.7064243064703736, 1.612283297376816, -0.3288867937559775, 0.1631900126639423, -0.5641930790964125, 0.9621606023423322, 0.7512406263395456, 0.4445218990386504, 0.15481707532676817, -0.6004787360356859, -0.25861487510745423, 0.5151748951408929, 0.5153626668178716, 0.08552441942973313, -1.2157857450359957, 0.26887014467804515, 0.25524734843460395]","[1.390366994231162, -1.3761182782879449, 0.6215673972231217, -0.31946761517259975, -1.7720048861884692, -0.9846629488201544, 0.6946833150100648, -0.6630574439075809, 0.41904271790218367, 0.59465397873763, -1.0876906445884977, 0.4140914257560852, 0.6378019701978636, -0.7673744428922459, 1.1461693502999335, -0.4457853572562575, -0.18089403267882362, -0.3357455477583592, -0.4159885902082488, 0.5705390274467882, 0.11071090478901699, -0.04016984007636039, 0.21255690094551985, 0.46208141168921124, 0.5225364038857692, 0.04726518462926011, 0.17220845358620934, -0.15987356824414428, -0.5349245775773023, -0.053606624793744014, 0.32266184943007314, -0.07316364981559235, 0.39420781567358043, 0.11340983535398239, 0.25769424303410443, -0.03719999410516407, -0.07164243259975661, -0.061157140154001574, -0.16092392663749, -0.09062770686334581]"
"[2.489510783834409, -1.755186499709348, -1.6548216762479966, -1.609271684771369, -3.427980265112029, -0.5104736488825193, -0.22231438112898713, 0.31073526454900363, 0.6954194224162491, -0.060625312168583724, -0.1123388750319295, -1.756957409734158, 1.3916449480401194, -0.020800984236617196, -0.8459144093398946, -0.4739082652050389, 0.7934707391487584, 0.38471389425299596, -0.17968471812731432, -0.17943170250079804, 0.5607234483770044, 0.037942963095879884, -0.5008540007566992, -0.8354424931580798, 0.5169281113171211, 0.3002151267250861, 0.5536464949924689, 0.014746308387531671, -0.7046474420076375, -0.37676436531631163, 0.7024538207153725, -0.7955971414556346, -0.18689451372952387, 0.6672620533826826, 0.1183259723104281, 0.7898334965163717, -0.061723720014073474, -0.38217858491116247, -0.10755490474470339, -0.05197095218245746]","[-0.023144930919012735, 0.190068039070951, -0.9042401501703847, 1.7093023166436672, 0.302050442936896, -0.367558625818062, 0.04701552301359094, -0.5640492826295586, 0.5151994540625987, -1.0139550662281438, 0.709756812427786, -0.24918910528615895, -0.2842982865813313, 0.4597842051510846, -0.46592878543736627, -0.17993360459056454, 0.17069815590272758, -0.838454466099294, -0.1740756516038049, 0.034065447895334264, -0.4234916259509033, 0.2316677498705131, -0.061650689886384155, 0.28398063396400575, 0.1801537844964226, 0.20641495754057773, 0.5995422088453737, 0.23575362839059302, 0.07250245395751675, 0.5490488357942849, -0.06161486324979001, -0.5238414301413714, 0.4330216252591131, 0.06649320420923016, 0.13949599115757616, -0.35362446040028667, 0.43701365281291443, 0.22617068278993185, -0.10483707798639792, 0.25948420562379265]"
"[1.1094847259438918, 1.5304405697139607, -1.4300334646468933, -0.5823023476356195, -0.25085393283143537, -1.7871991643780702, 0.9935704017653759, 0.6618173765154263, -0.6621513327008967, -0.2960057520298337, -1.1951311760426917, 0.8675490608636298, -1.7520869703334463, 1.0876938879224032, 0.16293247916516157, 0.07699215188891154, 0.3462217836350914, 0.6459239484868905, -1.3540132362251214, -0.12095845820260243, -0.9450182995539911, 1.3432207484069674, -0.05836200368111169, -0.7478772563507917, 0.6229621978664526, -0.16477889150217725, 0.36590959548302915, 0.4476361262183758, 0.7910962681686932, 0.8601244962072693, -0.4343591547731058, -0.3522705722613584, 0.13694833748232893, 0.9748550007247688, 0.2891223898532496, 0.12688963850087012, 0.4490390984914462, 0.16562913097415957, 0.22464951791842228, -0.8981549692731488]","[0.5398700142187043, 0.6007690114149661, 0.15121237609820912, 0.23719429347897958, 0.6133244207436529, -0.14380695971947788, 0.770984099991035, -0.6537100802253641, -0.09877459873935752, 0.03879076379968132, 0.29697202429181313, -0.2417146814743302, -0.04817254668634832, 0.13143645943580914, 0.5436932485132556, 0.3222601289843248, -0.025041748214975044, 0.0388084631277958, 0.29844058390638556, -0.1197355801346042, -0.3663628512764077, -0.1687622857875439, 0.43710233750297667, 0.17272500216024675, 0.06129185295345491, -0.11585260045378269, 0.1419847688653098, -0.10401856687699396, -0.03847499606946118, -0.4272153337250401, 0.017879871711894393, -0.112101512916196, 0.27074593566292104, -0.12076651508246926, 0.0649044921276023, 0.05294150531237852, 0.15646244359698386, -0.11568530950217781, 0.06668198287460385, -0.057217773059284736]"
"[1.761248895950849, -2.099032729923051, -0.47957003760102607, -1.3769699708197745, -1.259404728373744, -0.30050718980127405, -0.6773352464908033, 0.5111734576702178, 0.755427844017947, 1.123696680546244, -0.3499667038828487, 0.22436234451348205, 0.6941734589291302, -0.7366017858262223, -0.0757035206878027, 0.10012987960831005, 1.3808122178811455, 0.03849779936616573, -0.6393103730235626, 0.37991503969624607, -0.5638108153837573, -0.7217546243400205, 0.9425177450628448, -0.07514586251450653, -0.5501020132790159, 0.22280184076758, 0.5028761323303959, -0.6097247399165256, -0.08825443452795648, 0.0808401293803898, -0.2942817592279494, -0.005538005806610234, 0.3996865655489829, -0.817545639457948, 1.0991458051435772, 0.4755515238956603, 0.4053591067761168, -0.8983511838202664, -0.22875079908741638, 0.07791533474416762]","[-0.741670554355034, -0.9354813656026432, -0.06386070950627107, 1.3918679468054007, 0.8798606586512795, 0.08659118746212262, -0.28761475937031844, -1.060843344342639, 0.514887648999581, 0.597901218441778, -0.6421349479122146, -0.8472237508814703, 0.20892268468915118, -0.2716533366269722, -0.21557450157322006, -0.050858197053658794, -0.211748396914454, 0.4889888670858886, -0.502469620222637, 0.5014763255742094, 1.7825301075662119, 0.9225430276867724, -0.4843558907896401, -0.16963495613447246, -0.8968744205166022, -0.36837211309643325, 0.7306524389333647, 0.30011850155674125, 0.754775761065096, -0.25245536508308897, -0.2310395806676212, 0.07780654236817103, 0.42730092001148173, 0.20040118134864862, 0.4342844459942219, -0.4275166382270599, 0.38019625377730987, -1.299159610289544, 0.3042458069943614, -0.04099528613364298]"
"[-0.6386311544604272, -3.229137409583756, 0.5626036103041747, -1.9336771501982117, 1.0789392688081274, 0.6318382570665589, -0.1328046356200776, 0.18087277327701973, 0.2609386998233426, -0.06978379907502676, 0.842406704461802, -0.9351263693528575, -2.2204354383099036, -0.020828719774296407, -0.9837898814074593, -0.08936508772919394, -1.470046807143276, 0.37716521475159165, 0.41011120241633126, -0.5769459792081225, 1.251174749000532, 0.24018190749514262, 0.6742340954568543, 1.0446133267699744, -0.2262138139985629, -0.8067213846887877, -0.20365862075841795, 0.15994505867414197, -0.20041182059640958, 0.2950388655455595, -0.48622321138705776, 0.3177236316771972, 0.23609126831736324, 0.0913729348653192, 0.36693996680616264, 0.5313405229791792, -0.3014934617220712, -0.8496342421116921, -0.39234749729022395, -0.1008307957637052]","[-0.16641793022566362, -0.9101708064381544, 2.057728472599308, 1.2138014410386766, 0.21302899116273338, 0.00025773144251963387, 0.3511890532300944, -0.3786076492228722, 0.817060522290775, 0.004721028305465378, -0.49311483673213247, 1.3034384320799746, 0.4086170980392425, 0.1422376105260128, 0.32607845715044076, -0.04800748007354348, -0.40801828928989975, 0.21941533324890491, 0.13619805654811504, 0.3508015027953053, -0.22115891135141494, -0.4500331861000146, 0.24768812785942934, 0.6087907659143991, -0.12105050417820253, -0.10685326945803543, 0.14395386312799957, 0.2021904344368213, -0.28602913165093424, 0.5596493411951148, 0.05900796082437549, 0.27467861677505084, 0.2467141234083391, -0.47769240925351497, 0.2133205812012712, -0.03300628562212055, 0.26122151156514595, -0.22709994244472542, -0.041138047235606094, -0.09895437696038735]"
"[-0.23094036626186218, 0.2322687754948606, 0.6798464762233498, 2.1785739720052266, -0.3074076910649415, -1.6079490355573929, 0.20384067532203212, 1.987623598605648, -2.1365070312651233, -1.4402667104485267, -1.304807135798554, 0.09240664315200314, -0.8318107247804996, -0.4948655220528238, 0.1268185624275252, 0.2064400098452774, -0.7151713325787035, -1.1238816879844262, 1.5442323949882477, -0.22587571851315122, -0.6741006022012697, -0.5646996275007379, -0.6105802076598743, 0.5119866648855573, -0.7311051072111622, 0.4614113689570126, -0.4167716518845594, 0.853853806532833, -1.1461385753330469, 0.9295675060488497, 0.08776126929446966, -0.6481769643894968, 0.274452224332457, 0.7018867142174142, -0.8068208185065503, 0.128838634980894, -0.22362083936490473, 1.1170358038404067, -0.05206923010160718, 0.30085218977984013]","[1.738980140842581, 0.9796310452993318, 0.2275833554998867, -1.0539903592968123, 1.1320685187473303, 0.7538626601959726, -0.43195571038969255, -0.37084619343218483, -0.40683784874763185, 0.2824112093791375, 0.25927395064813924, -0.29744994120978996, 0.699339428683643, 0.20212719610523183, -0.10166193170660026, -0.429266030449533, 0.7060266237220559, 0.7518865177667728, 0.7552517297814799, 0.5022500307730223, -0.9358345267100091, 0.04520330036980815, 0.17425528534163037, -0.1320591814133894, -0.06067867710906739, -0.4254841423984335, 0.10208557445758218, 0.025253189693130593, 0.4727715581500017, -0.2603684255928052, 0.1172592074089474, 0.056758908300274004, -0.1137692393048337, 0.047256702297297205, -0.1298900022608166, -0.328216209024957, -0.0926459493125931, 0.23473947559538982, 0.3447334599253936, -0.5807198296369654]"
"[2.3012490003801016, 1.8975993618228018, -0.7100662987862006, 0.5583128224779265, 1.2859907397152552, 2.825966207076248, -0.9200312309023708, -0.9796225677911586, -1.1222279745750616, 1.6765633489425449, 0.25831735065834727, 0.9869573416629432, 1.1782682212229099, -0.294838833193143, -0.23531848812762918, -0.13702688431176502, -1.4200541234058908, 0.42242488199054173, 0.5621244848560965, -0.6260363485565344, -0.014779027464020468, -1.294234771872997, 0.7373913379022626, 0.18358877679107835, -0.7668000280660878, -0.3548226434097265, -1.329866071632314, 0.11418575062063734, 0.323032250349861, 0.12484271296048553, -0.12577167397690006, -0.2202071996409556, 0.5109261391503096, -0.06155461339608351, 0.46223514954256956, -0.5498184778360725, 1.0085583185339406, 0.14350782067138135, 0.8107922885850485, 0.7521398999329351]","[0.7735980560859771, 2.8879190849301146, 1.1924258381812278, 0.18279557038253755, -1.0227780431079707, 1.0034659528077094, 0.6792797649327892, 0.8179044830071306, 0.09554097985483619, 0.4350428605923417, -0.39362563581226634, 0.34326960814003965, 0.19018768373528996, 0.010052877556440572, 0.42396442610223667, -0.17428307247937855, -0.023221515851502502, -0.7766081567727069, 0.33131538424661905, 0.39431351251953384, -0.03342012354723018, 0.2688976661284413, 0.0039356415049232535, -0.5104420866675685, 0.18349956333279885, -0.2700515334309959, 0.1839405182097675, 0.1681444417292171, -0.23250612602595402, -0.038402270506733865, 0.22399036252617954, 0.17638058199485104, 0.14371368619436659, -0.39821616220025746, 0.09536229704217623, -0.036539443040720126, -0.08552727290808776, -0.21205450911697138, 0.11566616748128576, -0.15274368453778803]"
"[1.719686011277993, 1.4494587734952677, 0.9767732467697736, 1.5646925312874194, -0.37249953778166395, -0.9833120456436856, 1.1928885668218425, -0.13920176930568842, -1.119632043997828, -0.43459133153119134, 1.5870111853500155, -0.05372791292741656, -0.4537455455951799, 0.9457466803663539, -0.008903578867008028, 0.6180522563635485, 0.3698098983077676, -0.7106754067723633, 0.3548446911315709, -1.0847087535993332, -1.0301481378359718, 0.9422808527815417, -1.0392322676490509, 0.3261054775942142, -0.5018084535526005, 0.24857355818975482, 0.7913808240992601, 0.04423327917312674, 0.5284371588017809, 0.4157070345575837, -0.26662725248686486, 0.2810207573343895, 0.14144325607337194, 0.6573933266423507, -0.35266748807711507, -0.14354940655459045, -1.6862298407619956, -0.20094817972868867, 0.18999906491807458, 0.01901760005284648]","[0.7105744189250188, 0.5455797704918884, -1.2455665422428839, 0.20193273756011956, 0.002219653616764277, -1.1899808394867262, 0.1172766106077731, 0.34420139601960903, -0.20095922381627554, 0.30904235872983554, -0.3762130737339154, -0.2943509783545304, 0.507788721007834, 1.0079225910851881, 0.366127576054084, -0.06243805338837095, 0.0023857430532491794, 0.19461586222968685, -0.32196549675043945, -0.20080831785670664, -0.18722362405154283, 0.3026532420199025, 0.12110354389830252, 0.18240255006993275, -0.47307774940595176, -0.40088429884103943, -0.6029228348830586, 0.05793949968443417, 0.07047970058506901, 0.44223519706491987, -0.06123024193367961, 0.2034136732101718, -0.14559255107102959, 0.4075107600359157, 0.08996141213667756, -0.4322371623401154, -0.37961698787289483, 0.11510017285818668, -0.1385060750411747, 0.0047259118536609555]"
"[3.913360628515352, 1.1764038786583861, -1.1985970900873368, 0.6487605234040702, 1.4020448651638078, 2.0793841337375154, -1.19791045707936, -0.4233988375595893, -1.7143748101440905, 0.7317815038715708, 0.8220177158148677, 0.2961339827280548, -0.10518080353284578, -1.1642139858514189, -1.0733249019632258, 1.0306517525297914, -0.00960524109294634, -0.2763248100992953, 0.0655680144186214, 0.5015726652765988, -0.37298854474682347, -1.1051593210959527, 0.9332802141790001, 0.2448672714115858, 0.5440921197452203, -0.44408749144532833, 0.2469788336621313, 0.3238347117308744, 0.30147810971041944, -0.6034261986371406, 0.984176407095266, 0.30050276799979175, 0.07855423409972534, 0.1760093216059059, -0.01391011582328336, 0.05688616366601902, -0.28086307269511024, 0.5554012537564075, -0.20032086596083656, -0.034220925430283475]","[-0.15732124218347474, 3.344436927020606, 0.4300139002845351, 0.1467397320192339, -0.5524655100762522, 1.2553238841551262, 0.12808725279027053, 1.0225841186547513, -0.057162723174315214, 0.7947208794578796, 0.06914630111206391, -0.09242875448381328, -0.14169144952822837, -0.17627216172284618, 0.09185389919824842, -1.1384377608817817, 0.4966120698923362, -0.7059623980342485, 0.5345108476958836, 0.2993652454117096, 0.16276979394447, -0.13674559070975603, -0.45607535267716337, 0.3270120333431972, -0.4999689500537351, -0.10457903341275814, 0.40264635949358124, -0.2987784248299356, 0.39255983869637634, 0.20238473812556523, 0.04678186092933724, 0.10440745611714349, 0.25145043741728174, 0.35260465388956835, -0.24196677263777122, 0.136107506606578, 0.17552056325330975, -0.1345485969372433, -0.02307187752608519, 0.25877934582921264]"
"[-0.682393130902715, -0.0967802194970602, -0.5610972223300302, -0.2534696552555741, 0.0879922016473884, 1.7755079906044067, 0.6556558638491332, -2.072818901685411, 0.29076967162967166, -0.8873968847217705, 0.11961410386330225, 0.7860299426294276, 2.4067346792220867, 1.4817741719212092, 1.609462117036175, -0.29616024180981776, -0.7924709770579148, 0.7075245095845014, 0.004339714808574695, -0.012568598765835265, -0.014367314212869823, -0.12301665826785635, -0.9246531867208986, -0.4297404003507573, -0.6634145125788677, 0.05242027986557745, 0.9054709556072992, 0.9184459132091388, 0.32047049992902743, 0.8869213534977779, -0.5523410138446438, 1.1080877523933443, 0.20629964694822447, -0.06329130702751068, -0.6603539313491408, 0.8877298563427926, 0.34290145366659947, 0.08423372859695932, 0.3639644308811157, 0.016552375257961997]","[-1.029158121319441, -0.3215770205180307, -0.2674896951636076, 0.670573264568053, -1.0866522822953697, -0.9109740726065363, -0.34180716135036093, 0.8880548327769714, -0.34759271554545, 0.2949515484349525, 0.8687334137849718, -0.07633703071442945, 0.39315778085670616, 0.694532724852046, 0.14839552411600343, 0.6263136907979926, 0.07821162468518067, -0.04684465624775783, 0.329953160094114, -0.10504694976551478, 0.3192002840850672, -0.17677856538386888, 0.3350710436841256, -0.059705318022455545, 0.829559668888323, 0.09153617371593424, -0.24011326909359176, -0.5380428987703234, -0.1309089568705314, 0.0338062674880069, -0.23606845192568798, -0.506983542476024, 0.6593813425432956, 0.4317569495716661, -0.18453408474137245, -0.39200135800194574, 0.3102192664470131, 0.23018794473639714, -0.0988994753360218, -0.40275482693605463]"
"[-2.627272300651221, 0.26309200008882, 0.13485193721076616, 1.3621716772531665, -0.4480900884191351, 0.15394117163321888, -0.70334880208442, 1.1951379017724977, 0.3768007321345295, 1.1642600811798194, -0.32644300921577407, -0.4421631357929239, 0.35656720628390903, -0.20206069480944, -0.2974876616222913, 0.8943958580652129, 0.5320748892757828, -0.6644714191910706, 0.6112684738992735, 0.11515808989087967, -0.37413690516558795, -0.1402343371012897, 1.0427347339976785, -0.283569427184733, -0.9550665417217539, 0.9521682143412752, 0.10753642652589752, -0.6930108298336636, -0.10407624659641114, -0.10963767791275253, -0.0036063214094324376, 0.5574341418250871, -0.2786378163269296, -1.1065841560492886, -1.189920203559222, 0.5443083504023066, 1.0215880082098112, -0.21443019612200986, -0.13315856704907805, 0.10202197554324095]","[-0.9438341875828983, -0.7549851956097687, 0.5171932738876205, 0.20830047899776585, -0.8779622705834019, -0.05086417637189647, -1.6382277748874399, -0.6693274400753241, -0.8077171574875969, 1.8886765991451089, -1.1110469576114057, -0.7638926075184052, 0.8849152203091186, 0.10799866777652273, 0.35297918430897934, -1.004952610086376, -0.14646772942913067, 1.0558193044753794, 0.6482873276202203, -0.5759663399976844, -0.03312052704981338, 0.13195109246517772, 0.3266725669185635, -0.214389430034527, -0.23845289350797347, 0.22632399477953227, -0.3466614669997463, 0.244418090531058, -0.14638652043185832, -0.2439069178824806, -0.6208768223507063, -0.7363495851040124, -0.1695454144783914, -0.46600341690200275, -0.09511578066180247, -0.3185842729262052, 0.05817340176044942, 0.29388495578601836, -0.08800256715645749, 0.11231184231848597]"
"[2.677469420344073, 0.23068241726521607, 0.5089952551270333, -1.5213039837141178, -0.09735018573675012, -1.113575130521969, -0.4748395613324433, 2.0392103172523144, 0.5878961535608722, 1.4751458283819383, 0.5287387861736453, 1.2965191458408925, -1.448190646520761, -0.04993566515300723, 0.6828010683965016, 0.017296413747149412, 0.6110405785066525, 0.5632516079155628, 1.1987173090653462, 0.07476582221459423, 0.6400441526882678, 0.23587432073629921, 0.5151742825628509, -0.633651301375024, 0.3302036281889883, 0.287028889872963, 0.5233210471349552, 0.5065353886699426, -0.7646423481842469, 0.27922892469784266, 0.07604845508097244, 0.9802729113746558, 1.327383255189113, -0.41759608297898, 0.34934320974190475, 0.14462569833096067, 0.14339637456206103, -0.42364365792624725, 0.7876019423248323, -0.5711519276880357]","[-0.3030522229615355, 0.14012158540378297, 0.8831955747972864, 0.18117132768850844, 0.9097062229366166, -1.547200473573955, 0.7931698128064711, -0.8228384770839938, -0.07552191327287452, -0.2817235706764842, -1.1971577567553182, 0.741089823851582, -0.37932803999873943, -0.5252256750684086, -0.17781249859072382, 0.15171876689604805, 0.07529359274865728, -0.4271345710735834, -0.05534577475352417, -0.04561163987492, -0.1556584650960686, 0.47375044561692287, 0.40281355395973667, -0.45209077132608344, 0.040153644518111896, -0.06852423784250208, 0.4965275251952441, 0.710371304322204, -0.5748181207954414, -0.3111847042052772, -0.15395041527310646, 0.28639122586052473, 0.50358531311667, -0.20546077383553946, -0.1364832566617269, -0.149045596760814, -0.5595475961583427, 0.49054544896033053, 0.7959362946065377, 0.366455775174128]"
"[0.55385150286488, -1.3919232322013961, -0.15469446309068666, 0.7240545139919122, -0.4968713963685953, 0.5616855244402258, 1.0954517221130655, -1.7805242082579849, -1.3234029918194292, 1.8178724195016653, -2.131942768370744, -1.259973957521393, 0.12089366373596036, 0.9477935124819229, 0.37897749322792496, 0.4807393985041791, 0.4874160168764951, -0.28708975325972214, -0.1509810360900268, -1.5093929086129902, 0.520600413564731, -1.2148386459701443, -0.441355775087443, 0.17703492605684693, -1.0312844491607533, 1.2951358047951025, 0.5387830418360671, -0.29715174166749403, 0.18812308918353005, -1.1091946490591373, -0.11973335385466849, 0.04705799913516303, -0.45349714996225593, 0.4039718437557001, 1.4427432664658426, -0.013127804826419776, -0.17340738636520034, 0.4172726801566486, 1.353890553603218, -0.45398848435699274]","[0.6614984329434305, -0.5085313267459148, -0.3339455618571393, 0.999974750446297, -0.9025515845387893, -0.22511628228115224, -1.4730029133961633, -0.6027356901004277, -0.38038538355393914, 1.0101967947496302, -0.15864413629450785, -0.22443061650527465, -0.8278812579392293, 0.4394701073649659, 0.8764232123358076, -0.3390735674023468, 0.1959107612122312, 0.25406092258449225, 0.7293525244455306, -0.7511221485062807, -0.06942281639921602, 1.04379431680016, 0.6505792671062915, -0.16053308930746668, -1.2068195017439323, 0.6011745414072038, -0.47939234957683685, 0.03632591939609202, -0.3037215962649898, -0.17218202074049127, -0.1988918145058756, -0.9855226608992789, 0.4206098471280912, -0.16245836179611745, 0.160139542533332, 0.16392301640197507, 0.2609736275792643, 0.44717476435919346, 0.5051272549652065, 0.4101803316282311]"
"[0.815409386987843, -2.076017605639747, 0.3129556771056278, -0.2930925236226664, 0.008081238947680775, 0.06803360172506856, 0.6471960233995011, -1.0285530662597777, -1.066511912981915, 1.5389349981467326, -1.4614950011832988, -1.0040445035549175, -0.14847424177917784, -0.2312069069926138, 0.7850598288695234, 0.17634827244702275, -0.6249808377651676, -1.3525089336834881, 0.27950328064687413, -0.7499595673229592, -0.12221644394273214, -0.7721594804448698, 0.27762205074234525, -0.2605780308781599, -1.0888323746786306, 1.1477605136429119, 0.3504804359974218, -0.1603814832433011, -0.09325027343813419, -0.848081480309756, -0.757441487109047, 0.6636796205860582, -0.6878403993016337, -0.4515647894256502, 1.064762349521142, 0.27712378528430176, -0.7546411460211265, 0.9329213261709274, 0.7714871011457359, 0.30842425639380816]","[-2.703280826458515, -0.9764301619896038, 0.6645129908350877, 0.15549634314085187, -0.07857800329037766, 0.410145605847362, -1.270632388640292, -0.21506899381045552, 0.3395446247034999, 0.3965219360705493, -0.6377102002419381, -0.16522050831138554, -0.9959863487936158, 0.6467294916608071, 1.1275585822092304, -0.3450917141130913, 0.5386924538469029, 0.5970516281506015, 1.6306790711967616, -1.0919783835584338, -0.37528092922127987, 0.404463610688571, 0.8638389973956231, -0.0587315478030197, -0.7868227058912322, 0.6136917443306378, -0.5011819883266162, -0.6892939864042895, 0.20641792705689418, -0.31320130522935224, -0.15546744568240095, -0.29711076391386804, 0.1598247993199525, -0.30912918355783503, 0.37506397517167483, 0.3323848186885723, 0.24232084349381378, 0.40716310015916346, 0.2805490316186656, 0.13363000288977714]"
"[0.5676521527524448, -1.5294725765272101, 0.7474945779121427, -0.02950721499924952, -1.4497443197861324, 2.4543388964849693, 0.3017428697085828, -2.0500797740256207, 1.2343324374083888, 0.946040196366668, 1.2700552296469099, -1.0133343388844256, 1.0259530514773056, 2.490718964730584, 0.38992732550268727, 0.0727395096662606, 0.11933340563334714, -0.30760901213511366, 1.1445155559688074, -1.0185413791446498, -0.36611369155199464, -0.47438454256237295, -0.013287462764345039, -0.8129204418650641, 0.799983885384587, 0.27280311345767005, -0.8074562322694145, 0.4261071468906106, -0.540586616526585, 0.14231849775555006, 0.4421288566455351, -0.3907706629974231, 0.796070999719399, 0.5722335841599447, 1.1954899263484229, 0.276471761424228, 0.12576595244737718, 0.16681517023774994, -0.21913255099435305, 0.3647883827341342]","[0.6060645345764971, -0.014992362868449988, -1.5385848839874627, 0.5837754959333017, -0.44749417838389904, -0.48166216576837934, -0.3441134481006735, 0.5440420224519215, 0.7167801592292131, -1.5708065907295028, -0.1063228806628478, 0.47563835257353126, 0.761091650349997, 1.0253335441305511, -0.8190694218186648, 0.0033083847137056607, 1.1411767774851789, -0.0702587256787973, -0.5053856735155803, -0.6040555484070003, -0.22372331983294125, -0.9360045532029795, 0.07961904111444576, -0.7491745575360252, -0.9975989617738644, -0.5103872883175731, 0.642491616011719, -0.04755701187710132, 0.10986584632161202, -0.12155714079381016, -0.8475709422728502, -0.6427567313321702, -0.22595943878884456, 0.528333567440883, 0.6188782395764969, -0.11625975976012329, 0.0638023168259753, -0.18614745386513887, 0.5878527055406705, 0.19648646204218503]"
"[-1.2906686907860443, 0.7306756195157549, 1.7730565575792867, 1.6103462112267184, -1.4119625786115555, 0.5040900966542332, 1.462634957839655, 0.7807333554062743, -1.6875912255012417, 1.2564787156821422, -0.9485036071914112, -0.4546668684950719, -0.38305069774653255, -1.443093706997282, -0.6554344344909743, -1.1948538485044975, 0.07318723104617743, -2.0403170967309654, -0.21645480524437669, -0.10874781457405124, -0.9583304913734743, -0.6597527126328762, -1.2720460921651804, -0.6362698316278874, 0.40106745690599366, 0.2762994962631195, 0.12507977174889232, 0.87636012888572, -0.7900397247851995, -0.3657990340643369, 0.6764690131513876, -0.6188808519678631, 0.4076121265523916, 0.3928308537658103, 0.10131794419168207, 0.024805139079352997, 0.03773476050499799, -0.4308073188799467, -0.16500737562531662, 0.2688595282022204]","[3.1887181696991362, -0.3168480001392026, -0.6910167210061424, 0.41363517404812744, 0.21772041320484448, -0.006751436444116224, -0.4527915068110305, -0.1323080087900785, 0.19704987401239224, -0.022459157841098625, -0.6405735206328069, -0.7477791378675652, -0.4332664850302759, -0.4593530646833841, 0.9231042564795877, 0.2768583127997122, -0.05674991502653518, 0.19761159853194737, -0.23711876055540287, 0.2862228139956744, 0.4917493299292552, -0.03740557428946317, 0.46757275577790686, 0.019399158194482458, -0.2092283567171594, -0.3991298557059952, 0.12766899183935224, 0.203019070152748, -0.7503568963543825, 0.5208767500904826, -0.27920171016554457, -0.002752403865345178, -0.5902036024400378, 0.017314401192522526, -0.3514960281942653, 0.3092939503427704, -0.9300756203032357, -0.49022789181065507, 0.7044450462499111, 0.4205479634431201]"
"[-1.5370125647679156, -0.0951968284363434, 1.5172405854093582, 2.101751372390365, -0.84049597762089, 1.1666421960708506, 0.9795560090287629, 1.339515930810177, -1.107086742906139, 2.0815382127842454, 0.7941710005244627, -0.22106763561570617, -0.6895572646530306, -2.039369887613001, -0.32264185242695, -1.0209371920599277, -0.39330485105100943, -0.6324928624462839, 0.4350942403352777, 0.0026977734360441115, -0.10110165668616114, -0.6173791562885196, -0.9318534046642766, -1.6965851528495044, 0.5834732530207101, 0.24328610353117594, 1.5663707046898425, 0.6207622129675899, -0.7673273712361753, 0.16488240128287404, 1.3902604094725115, 0.40606688988737466, 0.5462788116201931, -0.1847505203991628, -0.04128100361649183, -0.3812495779947065, -0.47243390652138134, -0.5075270937502475, -0.6144612229014241, 0.4092886797718594]","[0.5671861922254217, -0.6753831716484066, 0.20538032990467422, -1.5645143812002238, 0.24624007225330927, 0.4078756164265797, -0.2732424803546901, -0.13796531294463873, 0.05926595486761099, -0.9189398407056429, -0.3233581157167405, -1.070255867879752, -0.10754738952180738, -0.3036218625179336, 1.0783478442726473, 0.2649297549286346, -0.37094883687585367, -0.4077779514744813, -0.0465022898853661, -0.36969590852333484, 0.8053219629647554, 0.3017112670190478, 0.6253783664954156, 0.17096500954587893, -0.3566560886706521, -0.29274376014182174, 0.7035130854026714, 0.030156929063384935, -0.8112399977394725, 0.8722680407706164, -0.3042503075992178, -0.1370616483330771, -0.13786226837826207, 0.06049119292830173, -0.20252526568335164, 0.5205031952434807, -0.9003201481449771, -0.06734210267356273, 0.7418117230624506, 0.27012909692813797]"
"[-1.8005994675509454, 3.346352306532176, -2.285642141174881, -2.3220184148369483, 1.2321917697430311, 0.27040525193588133, 1.1877580828723708, 0.9865732222186996, -0.8938586601349953, 0.24312285121386398, 1.7498636754542989, -0.14044945274413537, 1.2163465847539978, 0.28423716869524923, -0.8636397447640707, 0.6739766511243511, -1.8486466666005097, -0.30162487449946995, -0.25911701932708403, -1.2594294281628422, 0.18277964544448327, 0.07168719774614621, 0.7260272984810318, 1.004952000749552, 0.3701161849366095, -1.3687695816872958, -0.35630350569967595, 0.40403333071273, -0.023372190298160834, -0.2029698812127273, 0.41573177246744036, 0.3357409542783445, 0.011401606844974585, -0.10353563617228329, 0.05200890265184411, 0.513982252675044, -0.1054466074440049, -0.3191558422006949, 0.006749341082201012, 0.16969328554684615]","[-0.9525612242079792, 0.795290466244529, 0.5838981152855346, -0.7517523756293729, 0.08361480930210764, -0.1841678451119102, 0.5632345732649879, 0.7170015840585175, 0.4117040908200617, 0.44829365113993414, 1.5491978382194531, -0.7331531269997363, -0.21006236552013977, -1.0189826982415524, 0.42976286249042844, -0.8455001130219462, 0.5895194295145346, -0.005947679476938823, 0.41412216301477905, -0.7467252011800956, 0.36536213108877325, -0.08616501106084158, -0.40980101344712866, -0.49117604735230513, 0.2843402078787838, 0.0009220342991203845, -0.004450618651727061, -0.3209389737923644, 0.742709485171655, -0.045711419973011015, 0.05015149360202424, 0.8063075616314088, -0.319538183147659, -0.03195173599690795, 0.4513906825561594, -0.3291860068615724, -0.2842799507071126, -0.13062866341621515, 0.03790443936562675, -0.018506166139087125]"
"[-2.6223299502909465, 0.9968007439966546, 1.179280326557482, 0.6182276884142348, -3.500212954868218, -0.0711887362629188, -0.12255357824413322, -0.9502760946127002, -0.17256738222102158, 0.54032913508151, 0.37266241388857135, 0.2522803656073194, -0.8106761356962108, -0.3329160546793694, -1.3021298483330328, -1.350635799952643, -0.3465582163717686, -0.499232068398413, 0.19846382076999702, -0.09510378189060846, 0.5454215426174464, 0.20684376053862893, 0.6089280572893339, 0.6067108833691589, -0.4304594967067476, -0.05597187845683129, -0.11090768456915295, 0.21605800109762172, 0.7345816604367316, 0.13347046070352964, -0.3272731181184123, 1.0188039201180108, -0.32102282205136035, -0.18412752430418255, 0.5401593328100224, -0.8989530837935905, -0.11079168647773291, 0.6230976564396422, -0.15182989191344506, 0.19577246866853737]","[0.6236101666542317, -0.8700623908124963, -0.8718430523511824, -1.081281682591096, -0.7565345908632546, -0.7050692114535838, 0.649802766850502, 0.11736977696714429, 0.034913353254129156, -0.5150711212398241, -0.8928766500820536, 0.09899904496495088, -0.3218925132248253, -0.08681980901569085, 0.6093112975270617, -0.12618480179895047, -0.05889168398733956, -0.270129256151477, -0.02372025592480587, 0.34875242326808736, -0.0382701807472904, -0.641467044602961, -0.47670228952744254, 0.7941929925638547, 0.5488074594007628, -0.15031497960329238, 0.278670111735286, -0.08543997624661469, -0.03751160048889368, -0.10844905723356738, 0.5199273961402504, 0.19936829352290666, 0.045370293236714584, 0.09892033296866566, 0.653663896598385, 0.029733904918550293, -0.21147292907035975, -0.343024609365918, 0.2503007293648096, 0.20093424180457947]"
"[-1.7061528839876559, -1.465805415799576, -1.7848361535780202, -0.022711465113630782, 1.064974569861335, 1.0104037086005786, 0.36352457763799434, -0.5455072041117235, 0.3840770939472374, 0.2737940242773147, 1.3837403441690723, -1.0318944297134858, -0.3374644084865445, 0.22257189326297602, 0.09980875936836053, -0.1517465896063919, 1.3553819106401828, 0.7907022750769216, -0.7344245305000752, 0.0761851970464207, 0.2910664098111675, 0.5673183451994339, 1.368844719827831, 1.2537009303052145, -1.4629808552162913, 0.0539517018933187, -0.3553799634682806, -0.3124179201640821, 0.5761961017680834, -1.2243273578325125, 0.20181271383506083, 0.013859036477238853, 0.9406922980493855, 0.13530901015453206, 1.2942041566073124, -0.6292033035661643, -1.1794279161561354, 0.4050538123131515, -0.8350388113283737, 0.38137578367975006]","[0.06917189094266153, -1.3772642052854573, -0.8050376016470813, 0.9354188369616169, 1.0131886384486166, 1.1473088183450975, -0.09523591297847632, 0.07600925024630947, 0.7459166651748773, 0.7260230045666108, -0.14992795858351513, -0.5709562583348711, 0.03714248529271497, 0.14144318528591016, -0.3864971559229883, -0.5816257834780852, 0.15347132953752785, -0.454806505651752, -0.2273257456888998, -0.16542844820115538, 0.8564887021614266, 0.22723372876217324, 0.031247709859685783, -0.02421540004857016, 0.013998998239545176, 0.3579801197032138, -0.5919346215238036, -0.010672989705326303, -0.429708451024737, 0.0046525618262248, 0.09430064217390145, 1.2216512486180788, 0.611393774914823, -0.2890926123927657, -0.39141421583036407, -0.6392942373897076, 0.6902892360031729, -0.39297454726273773, -0.23272978576884873, -0.17319662265292227]"
"[-1.1095841195240683, 2.428527452374092, 0.15431784830427867, 0.05536619475998854, -2.1735794083561597, 0.693388580597357, 0.06621445537512939, -1.3733308253480787, -0.16797068804699097, 0.8357070192416152, 1.6900002546638722, -0.47957753138174064, 0.0025203713946745023, -0.8096710702822911, 0.37289298164450774, -0.9986149302240306, 0.455988864763828, 0.13081523823862679, -1.0347076319010864, 0.054949834517115125, 1.479472903360252, -0.09220817960172609, -0.6523636130615084, -0.16788191859414286, 0.175992751687932, 0.9297027394432619, -1.5601867961009255, -0.06809379491539355, -0.10461408908555878, 0.27975298626497475, 0.031369516159464116, 1.1294683281739584, 0.6874574317340402, -0.1389854955278051, -1.3370482481360726, 0.6940938443846771, 0.8269113098476263, 0.6217984216222004, -0.06385944185278357, -0.8769066542649057]","[0.1274721838758919, -0.5110921618284775, -1.3821332310272625, -0.40158555565157017, -0.9827739778558425, -0.12418112925734312, -0.2430800062504425, -0.41943483199208015, 0.5045339782627889, -0.3280216830176834, 0.05898158275389882, -0.37306485928135563, -0.8858834469777777, -0.9099259430365101, 0.6180185198381892, 0.12470080660470456, 0.5210777462177907, -0.3186725823182884, -0.1944692154378148, 0.3952050342238188, -0.12940957074065443, 0.198315550203807, 0.02796724611122792, 1.040672408142509, 0.6794071958896272, -0.09059263355265124, -0.09025054180299875, 0.22131695485441846, 0.2515335759208155, -0.3852647759872202, -0.05715581160838101, 0.06402058192778239, -0.309266170507723, 0.4487813686070992, 0.4851002499953567, 0.24021979347821285, 0.17046302576090622, -0.5881432246246199, 0.574866088224473, 0.2586136989166858]"
"[-1.892299702607572, -0.9984509297446286, 0.1573391090038632, -1.5254008475667304, -0.5627142615073673, 1.2948074389290625, -0.06432778546349079, -1.2483136884386608, 0.26876004047401936, 0.47263992095972307, 1.3217440846368849, -0.5081705472042505, 0.1118546664580769, 1.3387413983124876, -0.38027823459305476, -0.7409794987724942, -0.24502457815211462, 0.8141634177418116, -0.2892630222163081, 1.0880308090399022, 0.5695929894589585, -0.09488844562548497, -0.18369651998372274, -0.17373989904498174, 0.04411281306016768, -0.34634084156620704, -0.941304205152656, -0.1216889118479612, 0.551394709076669, 0.9515884969273551, -0.23628716546384873, 0.8156193481099977, 0.353594979994409, 0.27151498840725286, 1.3658332426677078, -0.4432969467113162, -0.072510605845276, 0.6821527641002308, 0.8215952208589226, -0.3284111871328045]","[0.9057544002834981, -1.3149746563374847, 0.7165389422387619, 1.1993326027689977, -1.6808972197285132, 0.08738395604987646, 0.3777937581597269, -0.016501379294255856, 0.053430133652706636, 0.1734504251608996, -0.04674424490108176, 0.2204525652163265, -0.16304067139436862, 0.46983300196184435, 0.11955160664689092, -0.8802049184920492, 0.04940996271550293, -0.2602715371506062, -0.10602098960796959, 0.28544087051967104, -0.37209276287016246, -0.1475614336482825, -0.02418063629553344, -0.14183336647157066, -0.12705202351908698, -0.11900625760489013, -0.021986312377398842, -0.323851844710684, -0.5699710060099551, 0.15924753965408886, -0.3107538634041503, -0.3117924517043756, 0.30194615695183, 0.39123814646326366, -0.06054689083846251, 0.17509019553404132, 0.2366741014452297, 0.0026534293101557935, 0.03547862062697206, -0.09219921354446692]"
"[-0.26604615640359563, 0.9012991137750889, -2.2510322151219437, -0.634505055530623, 1.5402335527742432, -1.4000698866349748, -0.03582961648633455, -1.3467853515430042, -1.4548635424480008, 0.40478404857808153, -0.49195581903535684, 1.2952983937253075, -0.023407848597025206, 0.8337316487332214, -0.9082262491951908, -0.6450305848624706, -0.08490877773763132, -0.2030035319679944, -0.8544961932879935, -0.7291173536354697, 0.7075405042681477, -0.5932795309540826, -0.09450612273009441, -1.4732777791291154, -0.5221883063312581, -0.6843107333410399, -0.2649121314578015, -0.23812910680382565, 0.5192912648843625, 0.25591366460476206, 0.25378862819977177, -0.8666432133134256, -0.019352551366737525, 0.27205532012362643, 0.3580831464672586, -0.07080992058936235, 0.2192830313881515, -0.11768468764882925, 0.34352337139347805, -0.33031554227662036]","[0.21027201331488135, -0.5675111160468602, 2.159142591299898, -0.5859464888625289, -0.6264764518616058, -1.0594648615028648, -0.7617181234738255, 1.3719657646158483, -0.5071188359408861, 0.45395497188560063, 1.1820291620133967, -0.7693487269945607, 0.2350949471130899, -0.08166297703437057, 0.09017548551138646, 0.5304965260948685, 0.11454272660301128, 0.07865072564778032, 0.47011724727521825, 0.6569742767803832, 0.09033822255920781, -0.28437058791329967, -0.2199820088593788, 0.020702411272222034, -0.5207530786223759, 0.07755691228763009, 0.006527117472066317, -0.11507089336595822, -0.04331619103098978, -0.4807639872276555, -0.04757866552796923, -0.32524566298627966, 0.07742529708904852, 0.11457429638456447, -0.25311417074198317, 0.022549357624913873, -0.1711419021720129, -0.08168732757205295, 0.07816717332411419, -0.24778081280909597]"
"[3.816206360442322, -1.3184577635637762, -1.114938284231587, 0.31242370477685066, -0.04142013280391352, -1.426304360947796, 1.854924650010299, 0.4053854535780973, -0.6033752238373021, 1.093895264001316, 0.2761441742999405, 0.34223953632596604, 1.356803272578424, 0.24385248177897054, -0.13570520705554256, 1.0733149647850047, -0.04131265840632054, 0.025890314479361673, -0.17742486735374977, 0.2758360924611106, -0.10557018699420306, -0.5734998880328256, -0.17942423681312494, -0.20072977629250116, 0.5716480717998831, -0.4953738060618386, -0.5368953618898848, -0.17499030825946088, 1.1571078531510002, -0.4668598167615768, 0.5381891502509591, 0.595757994755595, -0.8264178291828679, 1.3791707358881735, 0.15087657408796865, -0.1651282155668684, 0.06291713344546185, -0.322684818769771, -0.2529264953442349, 0.07597743525806583]","[-0.12203064545118891, 1.5467581941543138, -0.09283907509144157, 0.3171543980919481, 0.2307953625338857, -0.7295904231079898, 0.949152549783518, 0.4175926760696185, -0.03714813939559393, 0.6445185572203698, 1.8391841875536592, -0.3905550146673925, -0.34410027335628285, -0.6952842188584479, -0.16958322229247244, -1.376223719203811, 0.4014599453370352, -0.19105139613356162, 0.3902774306722113, -0.08330303758016802, 0.0918661449802009, 0.09801702896550187, -0.05064542682448079, 0.5170089270672757, -0.6885760846050565, 0.14643369683364255, -0.21792936068638316, 0.2546109382171136, 0.13778879937609695, 0.4637150405447352, 0.08686215517984423, 0.13718226210357373, 0.21582171238663575, -0.39390882770097635, 0.02052284238855206, -0.24609558239985072, -0.11145344441049776, 0.31107347897445964, -0.038852378096942954, -0.2750753120412761]"
"[0.6550564424151847, 2.8763556764619413, 0.695578085101553, 0.27772666615899816, 1.3241344708296556, -1.7554287159377346, -1.4021940474107242, -2.983096238424981, 0.34115356741713043, 0.25378555155216065, -0.9052066394917515, -1.4115853954794286, 0.9693685736790144, -1.3662967401720993, -0.29835022361555724, -0.6049660203871005, 0.20793996771068002, 1.992702167506195, 0.7658769132436045, -0.016924034812288744, -0.28216262161339895, -0.11484787557675938, 1.084827764085741, -0.5263703545074461, 0.27695660832444186, 0.40283843999613506, -0.03853462567048443, 0.10415320486536844, -0.6239521432983579, -0.1654945688334276, 0.2323722301776145, -0.76182931360933, -0.7780298694509863, 0.030150114753503137, 0.8928972972324034, -0.09076309038498992, 0.15803759592754638, 0.09589320262606452, -0.4490894350242096, -0.09658614015525553]","[-0.8628177051149849, 0.6635612543629207, -0.5099090846538691, -1.2632701535666155, -0.3029166141884542, -0.7409760392078205, -0.3417501328535692, 0.7935019590405866, 2.0611569087611725, 1.1915358120502164, -0.32278678441998965, -0.16235230161423697, -1.1392503133191967, -0.7190652124806103, -1.2076196350772392, -0.21005143889744537, -0.45264154506079496, 0.28958184892579725, -1.429839510027201, 0.11409827413312418, -0.28326342037931573, 0.6960550638850423, 0.5855134436276452, -0.04682573130844199, -0.45197203804091424, 0.4740318028458907, 0.07986606289982823, -0.04759050018735467, -0.05495725694920321, 0.043047047800323916, 0.4914606179329955, -0.24250790138872236, -0.3861740066069031, 0.32920259755773007, -0.4728982313304818, -0.10382426011560925, 0.1359729101645266, 0.14437157071797777, 0.26934805888988905, 0.3853624530311589]"
"[-2.162864277024061, 2.4346119112197857, -0.6337876955654627, 0.2843890728382043, -1.203944028474073, 0.3254930215453747, 1.1763577288975586, 1.027658682849948, -1.3767367166055589, 1.1947068126875464, -0.4082561693213295, 0.01938210317358424, -0.8915515015528963, 1.529423209224172, 1.1029715241074451, 0.6193055077743587, 0.5350677047317179, -1.393320063472983, -0.11463730628630373, 0.035560245333180404, -0.16956380944498464, -0.22048693535790506, 0.4714544583128714, -0.5007386891626227, -0.12613737456776952, -0.2631559725704269, -1.0484425762169625, -0.25165159128608894, -0.46127017802561826, 0.5632828450873307, -0.35458181187815885, 0.3220085539167082, -0.3214086016076601, 0.28218624893372957, 0.21273431936201348, 0.6558913512994468, 0.15016705958247137, 0.11412539986587916, -0.10207095191288576, -0.637925248221102]","[0.36161818564375003, 0.9510942166696994, 0.78255249498731, -0.6571687878191227, 0.038075003154334736, -0.7609192411829014, -1.5741534061061353, -1.9141228733930182, 0.1441152663242873, -0.3044485310038007, 0.294697789501588, -0.28776197752987964, -0.45469787305332954, -0.6751227818936104, -0.4584434679859189, -0.21006458019658555, 0.07185394605656084, -1.309375513988039, 0.2454964131776908, 0.28370288668760985, -0.28465281521854174, -0.05419790754879666, 0.10258175530781462, -0.18594464095932425, 0.46651704733473065, -0.2621731270502851, 0.1060151958370272, -0.41116640475323596, 0.5624940243313125, 0.5116673477064063, -0.6736468436440048, 0.18017417201826044, 0.34964193693013373, -0.28400909359892723, 0.22713081910325508, -0.3075990506795274, -0.122743555481324, 0.28671112340121196, -0.06771057729128165, 0.37098283817554945]"
"[-0.6450763202943819, 1.039967368952347, 1.816881216075744, 2.2838114434534176, 0.6210660150693386, -0.8588274831962187, 0.3557534647081336, 0.378029859075758, 1.4423045443347242, -0.9887043104542507, -0.7756950453119301, -1.9331618668062147, -0.4070072616382301, 0.6013347826552922, -0.9252217898734189, -0.5169759736951477, -0.350286758341467, -0.7448396058120078, -1.21911658325454, 1.0739306167073526, 0.6320587024569791, -1.6557798890012894, -0.5954576524628199, -0.7425272605895885, -1.1958925888922405, -0.34639384735029, -0.44392668942696567, -0.10645039740749558, -0.11527534324115978, 1.3065795914837712, -0.7791443614899962, -0.39255245433591346, -0.10197426579245362, -0.31731151111016137, -0.3943700410731569, 0.5409561234693969, 0.6545361157981021, 0.12539025445821886, -0.13949222191965263, -0.02506183502466216]","[2.039285370602105, 0.6185862939485098, -0.19877820952336248, -0.9803761869299238, 0.8478512602042313, 0.5602802502680106, -1.3430002006650807, -0.8616264127161473, 0.8130240546561432, 0.0031273631977037095, 0.9924657767721566, 0.16289265978114492, 0.46820484143531593, -0.10991815506400789, 0.447451728532888, 0.6048790056619214, -0.5837041925186437, -0.7317296256072441, 0.15472403111001687, 0.775435505725976, -0.7706302209419658, 0.19296925664653725, -0.1760702711673968, 0.04925206428987385, 0.2853392025681571, -0.0065238491597486665, 0.05203377496172722, -0.40047914771041754, 0.001528839668045493, 0.0723290958771449, -0.5633924715840359, 0.2894302745794756, -0.04071046534987464, -0.32981921243473483, -0.06056664709156404, -0.22186567930471854, 0.003873056837350845, -0.07496371140537084, -0.22219501446145842, -0.2978085199336471]"
"[0.7885322893550313, 1.9498192375487924, 1.328536845283722, -0.6870688190512362, -1.6181221638746042, -1.4003831598019776, 0.48541913358135325, 1.7097834046709621, -0.29014127201190215, 0.21852217924750775, -1.5276956434216948, -0.014380967711012493, -0.7579529626600985, 1.2666506522986762, 1.2909303794970177, -0.28805683765937445, 0.39967209188662045, -0.06738767937419173, -0.7279831380076071, -0.31844247622716676, -0.4813701227483139, 0.32804721925693753, 0.8379130421648244, -0.7534652184992567, -0.2763420784209372, -0.8011995137017198, -0.220017103120965, 0.35406246007828085, 0.3732562502885434, 0.5420756164753637, -0.3667270312403572, 0.0062629501112755085, 0.7717653097008917, 0.6862170353696432, -0.25127955517552214, 0.9254650506599185, 0.21874184234465377, 0.05875706785135024, 0.5904965850469232, -0.3567086215972039]","[0.14430340861360894, 0.8082525857947286, 1.225440896225974, -1.1858589855466801, 0.14605847327854635, -0.47419711417537075, -1.1380773699762066, -1.8956975764116508, 0.1376986829816526, -0.6798690379859359, 0.9184340819351906, -0.18714498101715973, 0.14677867946094345, -0.12345910725875278, -0.544965869693321, -0.37071093781043213, -0.1366127436145312, -1.4405009233887571, 0.5218708445396568, 0.6236711957733886, -0.14785444435609632, -0.1604932216576488, 0.09828321966794965, 0.049557248478521526, -0.2532111216895253, 0.02534681764178763, -0.19552412701917946, -0.3018865899807411, 0.25148523923028315, 0.27379225979615246, -0.24444877387215122, 0.2620649816567242, 0.09462573362995894, -0.0718157851046792, 0.0372799606768127, 0.10346688287441116, 0.1442938893569598, 0.3915547849210187, -0.15391703931286088, 0.31076630026077173]"
"[-0.36342306329173335, 1.175956097768223, 2.144596227550615, -2.080681101358758, 0.3331521590079205, 0.9989963829987036, 0.37246679943808036, 0.24827859675333305, -0.1590617067585108, -0.03089361467769952, -0.3076711189413145, 0.9955982370476378, 1.0964100228229399, 0.5084322508643612, -0.31448248155351044, 2.356032121296599, -0.2540661253444193, -0.6645668024416508, 1.8376472504226642, 0.2699471216539559, -0.07353181951733821, -1.4340061765534673, -0.08962489644469518, 0.53097514696706, -0.10145418996938484, 0.5853766699455345, 0.30654490345980123, -0.9369961120759153, -0.880006802170565, 0.23862703173326738, -1.105823218096583, -0.34159393861797005, 0.4858988334722246, 0.07522033047927278, -1.02397618667542, -0.10185079922508405, 0.48049051714599095, -0.29128701591671724, 0.5028151423012353, -1.488264658466675]","[0.850173953638495, -0.5340795236847212, -0.16897737269617358, -0.0840257860985258, -0.4591073679283905, 0.1588587318934508, 0.7517085292091601, -0.01864179074722715, -0.9776853044658699, -0.18028267116900745, -0.07758372905333029, 0.5303309043018272, -0.4402102292801975, -0.09759923629870192, -0.6809383462246278, 0.8618605409844329, 0.2623023423207527, 0.08383249132313822, 0.1370398489347634, 0.16448938933815796, -0.2962977966447888, -0.34184126280069654, -0.22270780047331748, -0.07951952794216927, -0.4468028704739057, 0.09313122596520589, -0.7093220127387352, 0.15077246593582533, 0.08235814502319054, -0.4155971140396507, -0.5350705315166502, -0.14605431273165304, 0.02145599991270974, 0.4827530000799897, -0.6858205912076699, -0.5561640137999515, -0.09007182000181974, -0.2927353520334783, -0.023746496780758117, -0.0029313571573748153]"
"[-0.8930642281640315, 0.0301464270238803, 0.23307210280989313, -1.4408293589905747, 0.5741390537753936, 0.8925567551394792, 2.4967694034826007, 0.2226660832526364, 1.1272117738235965, 0.018607014267777337, 0.3093547212108492, -1.472271941935218, 0.21676655191200703, -0.9617472953366092, -1.7025563702577091, 0.9455192748671302, -1.089758662701927, -0.7951396978627777, 1.0007390759629935, 0.03128823126337949, 0.839506751337126, 0.39514826666199276, -1.4572234999059681, 0.23894614126295122, 0.2169625905449689, -0.39600978501584844, 0.5650375779678914, -1.6135900265137466, -0.14825827886241996, -1.21934597058597, 0.2871498494673048, -0.37756761830366486, 0.72128797827315, 0.5154347700517049, 0.21328559489947782, -0.0279373026505738, -0.3109415000446146, 0.6992356169158537, 1.7602640638892288, -0.024745467468935866]","[1.0600715908017104, -1.3208019641757793, 0.6504944587724559, -0.07830248152281619, -0.13867193387817653, 0.4111418228618103, 0.23790203799649684, 0.7132124800490318, 0.7415772672909836, -1.568944177696256, 0.28025385003079323, -0.04802247778141351, -0.12442788207617593, -0.2274965085431933, 0.40352172846077344, -0.12604803293178374, 0.1527305536271339, 0.4196761656396039, 1.0507234727835044, 0.12337772024591685, -0.39869025303651767, 1.2515020033911606, 0.3183671874168811, 0.5689206973449845, 0.29304846032736476, 0.6896899733099213, -0.6523031189297895, -0.010234245886798471, -0.242304236305993, 0.049036962633910726, 0.25587691787950423, 0.2962854001553713, -0.6819649743614047, -0.35356332417209696, -0.16717330502765795, -0.3726174489023708, -0.39525317974870255, -0.45638741570393965, -0.07863154838994675, -0.15214599471030243]"
"[3.7963563827126925, 0.2874911456825704, -0.01737768939574436, 0.955256180466143, 0.5033265482895216, 3.308252828012542, -0.9735274939230916, 0.7002596882651819, 1.7116838004378256, -0.6237312181740944, 0.18429367359228063, 0.09757313795784106, -0.8479700918122381, 0.6355117578534639, -0.28910474742148473, 0.6960760834683769, 0.26717185850971237, 0.1245963494005119, 1.0737141107897794, -0.24647514354341576, -0.08800638339450315, -0.36025254624958253, 0.09117473083043705, -0.062492863305659466, -0.26958590735556276, -0.016188662387868164, -0.041747924065015124, -0.45498706601420885, -0.06573018205560222, 0.36434488530575904, -0.36404840423905455, -0.20102732867831483, -0.43137565827419655, -0.018953505039044256, 0.45889176654635244, -0.7771977164523889, -0.4500500135610407, -0.7195681516613943, -0.8931418139472704, 0.16654373966937275]","[-0.29815616330312944, 1.2542619056171318, -0.17641378953524062, 0.23418877964875162, -0.6148016893833594, 0.6470342208623749, -0.9670304878727699, 0.03346639179437651, -0.540244663252449, 0.12406871685766803, -0.3457832911044829, 0.1113642706661545, 0.4894176744969136, -0.07559338802347032, 0.6166199435193853, -0.6319700003950387, -0.11787732409969251, 0.06447745736339243, 0.22826757438510326, -0.6600313708754522, -0.0720369993335919, 0.005738251063250997, 0.3288077638199955, -0.12036820021408347, 0.017094735942095065, 0.11582589221900427, -0.2954635354424086, -0.11160721103305857, -0.40253311504983474, -0.6427331615876901, 0.07269980190289574, -0.12048176065319781, -0.33168275978347456, 0.13031793371172934, 0.3484057876376503, 0.10870043391726238, 0.13791350542993952, -0.0819295933521165, -0.12277459257023804, -0.03781078775059178]"
"[2.676374617850144, 0.6142746055373353, -0.8022824063398217, 0.44626862708370363, 1.324050900202226, 2.9112045709850625, -1.0361993931264586, 0.04243804662820728, -0.8119804833876878, 0.28880761738444355, 0.9074469672796807, 0.15508933799565786, -0.10535310595246578, 0.4362417954650914, -1.2235284298740925, -0.18069047496416574, 0.04237830262304656, -0.3435645756839738, 0.6653634322569911, 0.2314278861733251, -0.15395156950694716, -0.47416755988945714, 1.3235247589163872, 0.8963803445854776, 0.6929811516392635, -0.6633181417601622, -1.1229278543168362, -0.7615514347925919, -0.22678403007928105, 0.7892052700300036, -0.2645798445416349, -0.40641484452732174, 0.5915497185819466, -0.04843829622638443, 0.3003813331426086, 0.8432601885493302, 0.8512485754644075, -0.46093002727764454, 0.5444588971499817, 0.22253923602019882]","[0.5717155644995995, 2.869116707492184, 1.5158446047806042, 0.044030908966584494, -1.1561482785144965, 1.4171587713008222, 0.526532159181924, 0.7040618347720987, 0.31214109566570697, 0.34295668746047075, -0.05227936794417487, 0.44349271970998627, -0.05572148522252979, -0.484322978160151, 0.17732348153037408, -0.838386086843929, 0.05284746063124297, -0.5343383934991414, 0.41044408540923877, -0.20101124054502625, 0.22018003959474033, -0.0710231654514238, -0.06299213027741418, 0.09926482611313756, -0.1552040214329, -0.11733046013697203, 0.13180880433145772, 0.17036946690311908, 0.3664955446600034, 0.03773225373088892, 0.13990070120645026, 0.5004111714273135, 0.21987349653903954, -0.16821123511642297, 0.0619278397809814, -0.11240861779047752, 0.04574934120679086, 0.22990103144444965, -0.033042881514589416, 0.24483045103190615]"
"[0.7714402000027462, -0.4637118971188821, 1.3400784717301752, 1.4854000219266328, 0.13569171717654874, 0.007192736755656688, 1.5658266773674985, -0.655102711725292, 0.02567498875216509, 0.3434385189817153, 0.4874367346191307, -0.6683178238345224, -1.0503341273026219, 1.0602576196932048, -1.3812076814016738, -0.03458710002793739, 0.6187736951509802, 0.5808099369867331, -0.13705810398433677, 0.530820389897143, -0.33732464062298245, 0.10461812450938385, -0.2841640759083265, 0.10378276416914274, -0.766136614725048, 0.9156588569330413, -0.42004391710685063, 0.647746688517573, 0.5182069152285284, 0.1754082828985816, 0.6241589022950369, 0.44167338907188236, 0.4264872940548168, 1.0387821020519188, -0.9270312784884374, -0.3417714327323189, 0.035116324999386106, 0.03847468622751497, -0.14953136833527045, -0.035342969084554976]","[0.13583520009149236, 0.39584601339982556, -1.3312451115779576, -0.18999528593601275, -0.06825321075288666, 0.8197360325907411, -0.2907234732805536, 0.4620279689975258, -0.2701151040439858, -0.7013781292505544, 0.5122388168158558, 0.3827734391222455, 0.3238902150151236, 0.538499442602235, -0.5756722393562378, -0.6923451616369443, 0.16199584757280805, 0.2632353451197397, -0.4888130837275863, -0.17179176622971992, 0.3373902126753219, 0.027909774498282396, -0.4754364292181207, -0.7722445245592107, 0.5360360138222845, -0.9047288930338458, -1.0824055116443172, -0.08502871609267257, 0.1311027924832579, -0.586280728339978, 0.02480975665658136, -0.36182545581690595, 0.07737054495469607, 0.6797943072010162, 0.4037487648602393, 0.9352968705431213, 0.1172839796616633, 0.5345412250953748, -0.29768717892869445, -0.39487895318160054]"
"[-0.9701292796829393, 2.045597656766667, -1.3275675662296016, -1.4479686271776449, 0.6175088433675847, 1.1836220398314672, 0.9028753017256439, -1.8328606009226365, 0.41291098417651384, -0.41606135044594106, -1.1516708097431527, 0.6966821575955183, 0.7974090040524233, -0.9130810739455262, 0.4582008167988, 0.7404868754250877, 0.24679761764494318, -0.31068347952561126, 0.09989874049202535, 1.5084372632138907, -1.2414333439787946, -0.6073892690797349, -0.3442400887178581, -0.20823571325086743, 0.11828346531990505, -0.432037491850543, 0.2272288774662641, -0.27285739212445037, 0.2846410746676268, 1.054616964423022, 0.08593993539424616, 1.3286737619219124, 0.3756775583829624, 0.3260555748745082, -1.0376237773569597, 0.4481626550363114, -0.17584269964622282, 0.5843591073162738, -0.35889303558582253, -0.6808316450521946]","[-1.3418471608504767, 0.6650794058629936, -0.0008253071210802703, -1.0256087837274492, -0.8836682576857428, 0.49607808765573813, -0.381362029791216, 0.5663483542096371, -0.311511458495171, 0.34637765151428124, 0.4430857084393146, 1.3392369944215476, -0.6994943672131572, 0.6103188969347433, -0.8843301113745374, 0.47541064587130233, 0.025051726254115714, -0.969788104646321, 0.4641209440431222, -0.374579978508602, 0.1914764467884852, 0.04812372663136494, -0.501085694165237, -0.10376220242430825, 0.053341290378950544, -0.3543631747291141, 0.25926683462380484, 0.2551784587685135, 0.2254316506484815, -0.21644631810651635, -0.5721298845200951, -0.36063232982429033, -0.15698956001458664, -0.3504056925385255, -0.2646588559384496, 0.8060517238412962, 0.009306679554675205, -0.6912779750163495, -0.3532382249300212, -0.08804073153485982]"
"[0.31260520625070004, -2.925224418789657, 1.200027496546039, -1.2778512258013468, -0.3294956944179391, 1.5594425156524052, -0.7062838835864147, -1.7422346881409534, -1.6039249698353621, 1.5757029107889409, -1.2840769049502503, -0.3390115362078894, -0.3761601177364064, 1.1393105044578216, -0.7416057774483347, 0.12376848037603887, 0.19567243357692832, -0.07357198589780124, 0.5907567964699534, -1.0606377453113127, -1.5249676073767688, -0.685803042748748, -0.6077521238138309, 0.15160340959713045, -1.0514707346966585, 0.012763224978929151, 0.09028629744479759, -0.3891423418247063, -0.05582588543197332, 0.7487263207947504, -0.298083773288135, -0.016755347635639153, -0.329335866381537, -0.022126964491800304, 0.9027845526040407, 1.1866556830337067, -0.5039832723925082, -0.1471628704877491, 0.20702946737558525, -0.5051638933981254]","[0.10214589208850954, -1.2131993388792852, 1.765069934557431, 1.0331535938868543, -1.7061910155387743, -0.6553300753962822, -0.2793953009779959, -0.06376908643285728, 0.20607533830438907, 1.0850195841450518, -0.7691534086989615, 1.1777409459427395, -0.053836782192333336, 0.4646111286076899, 0.4547478569694634, -0.23045686371235144, 0.041693212327065354, 0.8667210095135586, 0.6269996055652153, -0.4620237324818278, -0.0446052489267844, 0.28534386411428886, -0.1760251396437101, -0.4329347125961242, -0.10688990793241285, -0.13283660860008026, -0.4767874930227977, -0.3135576993727977, -0.15284212316194612, -0.452190839597939, -0.44853109708810734, -0.34399385900887003, 0.42742856202301294, -0.16877572730973983, 0.5036538034103076, 0.356612940310057, 0.298572395273713, -0.08781611117431722, 0.05077065167701852, -0.2757074507675255]"
"[-1.9221498521995295, -1.6999388212557747, -1.3887212314914559, 1.4026916524020783, 0.48748889494698533, 0.055260052722772464, -1.0569628711523713, 0.48778439233154286, -1.1796118153491335, -0.1327657812838964, 0.2092921933013682, 0.15610920060515818, 0.4176920301680859, 1.3877349082219472, 0.8517397356382171, -0.0935464795324952, -1.8791982880822722, 0.08354220389662688, 0.8697395968881704, 1.4006287144558378, -0.7237938922338847, 0.06659940132175242, 0.4601081079028348, -0.03616994986241199, -0.11833646753354951, 0.3647573701421486, -0.23108393716700998, -1.3505731213113668, 0.7124589778681828, 1.1041684468231385, -0.7463311852358405, -0.08196861178107144, 0.04105466408424944, -0.07248352725146662, 0.33781375724047374, 0.26361206230965706, 0.3309918845114205, -0.14491349810563367, 0.190122850286418, -0.05660755764547237]","[-0.2632855136030993, 0.8466565959798954, -0.48581882145042843, 0.22817696499804266, -0.5236663326013866, 0.8256592085644527, -0.4845799888108909, -0.03172409648683245, -0.2824327771694236, -0.29980145691192595, -0.3259020950012883, 0.401447199892779, 0.005163107669333794, -0.12157237962349932, 0.37264047538561373, 0.02187178703851974, -0.10477863774510604, -0.06898193394617261, -0.6679022645487228, 0.22854222118721956, 0.05072921742672923, -0.2629731311402272, -0.19316130527063344, -0.09851488836648488, -0.07651741413636395, 0.029679217728367988, 0.0631301228563825, -0.04286011652795274, -0.37274455330450196, -0.428674226374526, -0.040666789483311296, 0.4336660817241668, 0.1319574977049568, 0.17484272171501983, 0.15100104571203207, 0.04343513672815354, 0.013595494274079209, -0.2086164247267927, -0.2144219794429442, -0.1276880266640262]"
"[2.722335214499784, -0.9267505184322155, 0.830592419816578, 1.0995401626326453, -1.1384753687723128, -0.8094192082617087, 2.562831324491337, 1.6564158380821765, 0.7339199148925742, -0.28000754939990125, -0.677057895417109, -0.25830364886224966, -0.2733756426106329, -0.5365279756783382, -0.35343681440013325, 0.7572630981803666, 0.14843363341222343, 0.9692292797823587, -0.8366800143751963, -0.07650817412499683, -0.253329883900329, 0.07807235275536561, -0.2640978830392801, -1.084783992250204, -0.38422499342602473, 0.5242498328166413, -0.6850974679224692, 0.41099682321289555, 0.7430653371156957, 0.39723673099544043, 0.14981198228706089, 0.7666332656419172, -0.35715597957948086, 0.38023404932269506, 0.42349346595809745, -0.3805804127313088, 0.5411609348148041, -0.539653423500021, -0.23123749619243353, 1.3545356592157196]","[-0.1163582532898558, 0.9509823963027173, -1.1555971095554898, 0.7504204501035799, 0.356073543870719, -0.6657676797082286, -0.23948635820217373, -0.808993927583369, 0.025916171808331674, -1.554398001754432, 0.5495237550715703, 0.5245535687538984, 0.5290141444829617, -1.1865934852431135, -0.04583383521828934, -0.507352715896042, -0.46746227685417857, 0.4252127475770411, -0.6100933059641142, 0.522080206487577, 0.05157890793573042, 0.06331723620957763, -0.09106015571643698, -0.22178102022882584, -0.19366309524696027, 0.7634535657359564, -0.4712320211884451, 0.4351316251070575, 0.3766220770531993, -0.1026717751756513, -0.26939873457095564, -0.7863656945959095, 0.9275404495503357, 0.30136553295250856, 0.08913770565168126, 0.05535340284902939, -0.23354590404959502, -0.17515853462840156, 0.06272394493180264, 0.419267719177564]"
"[0.48071195179440124, 0.023951265452186697, -0.23753610504840372, 2.1027462961841685, 1.772185384355671, -0.26168489143619533, 2.8355859631009963, -0.26696167966239953, 2.269694660426749, -0.21730391653444045, 0.24122361064968467, -1.2022924298092852, -2.4593457796417657, 1.6427857721281478, -0.7498739910298587, 1.7500885936924375, -0.9445470019463391, 0.02417958041338375, -0.061763346369922464, -0.5864041737446184, 0.3733253758896963, 1.3025833534603861, -0.7583003040811155, 1.197790995386278, -0.658537195263762, 1.565784310887561, -0.6725529336959682, 0.08140550818589994, -0.22816260209767547, 0.1658169152703685, 0.6769018199422604, -0.7216719332767038, -0.848504203575777, 0.5893490087392045, 0.5663179344232053, 0.46415922779644075, 1.542061754048322, -0.4834971003427421, -1.2910043670571523, -0.18992192318076]","[-0.5181926664441252, 0.7873683530217287, -1.2602685369018816, -0.6604981616167738, -0.058672585852161424, -0.030805626109732222, -0.07113044118788009, 0.08110333674491865, -0.27007829031224095, -1.4602491350856892, 0.5355509936372962, 0.8146050836125944, 0.3588268900593009, -0.6313706865866635, 0.3674389770055697, 0.24516095108486755, 0.5526426058268482, 1.433699112297568, 0.05359058555409012, 0.5124950684772406, -0.2561975485459317, -0.2997995237560913, -0.13456911100931063, -0.09529849681335868, -0.6276259750000763, -0.0508947610792868, -0.05766851122526833, -0.40457145126727495, 0.2525119747664756, -0.47455130659925665, -0.3242382727845894, -0.4266738848013332, 0.24741338599548487, 0.2278301128557949, -0.3846029726274917, 0.3049662954066728, 0.39015107225622975, -0.11815826604226382, -0.05361911195404999, 0.25380380688506105]"
"[-0.17453991067895233, 0.7396732633791105, 0.9742575874774094, 0.8058005455884628, 1.5699087485009817, -0.5212939894559581, -0.5790973466643529, 0.6752846840180028, -0.26140859475431893, 0.22902660379581985, 0.9479924247502475, 0.32366312075648973, 0.23820952961235517, -0.5853507455631669, 0.7193749382332965, -2.4871466964574007, 1.5876490499164153, 0.7488872002387623, -0.8623930457306438, -1.242127357522183, 0.023986931289770513, -0.44828617400859405, -0.9022484353537321, -0.1702389336677041, 0.9876573868515965, -0.6009177000422383, 0.786517163025393, -0.6509723916887341, -0.39339189234735833, -0.2229773948161123, -0.32510774759505867, -0.7287901382921628, -0.2264609874757895, 0.8864679360701008, 0.7392253692094326, 0.02757274458832584, -0.08588116690925683, -0.16912816817410242, -0.4944493771120631, 0.2980594560821675]","[0.954297159442723, -0.024791699611256237, 0.49104107370520234, -0.47422062408894816, 0.9468551561402022, -0.002854511258987624, -0.8041939282766624, 0.6529379868395963, -0.19152833326862384, -0.29671206725262955, 0.04799828068723096, -0.9230153280592382, -0.5104822604051278, -0.312816354569838, 0.6643313011089307, -0.27045359083003934, 0.24241651685349117, 0.24808339987345882, -1.3847828398575082, -0.896247823660305, -0.5505201408950873, 0.11510443087123741, -0.5617047423831313, -0.7259331377749656, -0.645044683414793, 0.12043444249729843, -0.2635287145916148, 0.3577741726099, -0.0356066138688453, -0.20906344374646338, -0.13968044481548186, 0.3916242672395705, -0.15195846576039831, -0.2434040222132617, 0.5147084725525938, 1.318644579260884, 0.7538880696816338, -0.23872704149588425, -0.1396356054030147, 0.14021375102115108]"
"[-1.4741858615534338, -2.395752151661137, 0.6837939052812156, -0.5113525416393857, -0.36069594324699844, 1.0602246999236231, -0.484895709955959, -2.0933792758484575, 0.1650993461103022, -0.05778903452631714, -0.33508475223070694, 0.8211816155501308, -0.6499948535819688, -0.21872462787291336, -0.6992025194338121, 0.529594547462446, 0.5392438885710302, 0.7516981538105575, -0.8616256050508911, -1.0050117682264916, -0.44221217558221865, -0.5612223308822067, 1.264939844792964, -0.1772140643337611, -0.825892273821263, -0.37012487552969875, 1.9599956153310834, -0.10508859111149185, -0.722063103585896, -0.4843382657042291, 0.2523927425767089, 0.042817956134512225, 0.29447310741653143, -0.6741613046689428, 0.8577502924516187, -0.3288246780089075, -1.0190666692745294, 0.7531854664301022, -0.6295310471202551, 0.45366441321483225]","[0.20022447487961334, -1.1941325598028965, -1.2782567483337646, 1.0247415542639642, -0.8219519181052328, 0.3336993843641297, -0.8840612689390567, 0.5271889682709394, -0.00504823294105479, 0.5744796199085181, 0.40295785247532095, 0.02637830563444619, -0.14668359577936962, -0.00716697486710599, -0.9147290482123311, 0.0894596983245778, 0.13523994885706395, -0.2546260052009229, 0.31563521147930995, 0.33383022151883607, 0.6170772859512359, 0.6420882902513796, -0.2803495234355828, -0.22830941998690588, -0.029941719723115805, 0.23837102146790168, 0.10568959108501196, -0.3562682352740838, -0.6909750553718802, -0.13368799286051608, 0.3330463978289436, 0.4457679128868284, 0.6905169645971994, 0.22514721487816547, 1.0075480356496085, -0.4987403887784357, 0.014575946354912474, -0.21043827028982998, 0.3286595977420417, -0.22896855604230545]"
"[-0.19088067625795777, -2.7671683722902665, 1.2110278003920079, -1.3649939939190485, 1.27400429767566, 0.3859144938596798, -1.2661987063187348, -0.8043286588774895, 1.7358555994270006, 1.8876131140372137, -1.0277560043994232, 0.24425767544364485, -0.7162165499960375, 0.952144873456622, -1.5792547769882215, -1.329972115195303, -1.9295539652776479, -0.8031798890144013, 0.6537929221965884, -0.27413412074325305, -0.1089440371069815, 0.5180968556252695, 0.6597380436827697, 0.9441442942829021, -0.8878141495289101, 0.23377581302231498, -0.8478512429748717, -0.5618067079625021, 0.581618386110101, 0.36271071718764863, -0.5359710447841496, 0.5437232110689658, -0.05056900207310476, 0.17523249665088794, -0.1761186374112277, -0.14051197486699812, -0.786566857422862, -0.8303845831002774, -0.09652472634799199, -0.2552976048598266]","[0.011827184384506589, -1.6042326861454617, 1.3033308220576068, 1.3465072494925, -0.04179426362042012, 0.5453290611377967, 0.7741214870592774, -0.6691478136027869, 0.9695270843052912, 0.2987688703662168, -0.8872665487382486, 0.4185808320432931, 0.11581902310630726, -0.38742194602928054, 0.12679884809871045, 0.20683732501930208, -0.44923661441099616, 0.26339980956944703, -0.050266883193535186, 0.25872911281539235, 0.6523912834730226, -0.10103669267631599, -0.42142411090046694, -0.29572308010497145, -0.5289114276524928, -0.29539159444945695, -0.033315412471371555, -0.4584312969725136, -0.3100281293633663, -0.2902585608928586, 0.278899423851769, 0.4701330645646891, 0.4696151450096246, -0.6396007711835908, 0.8282272924930418, -0.8472667371789959, 0.201514964041915, -0.6292053574535348, -0.23586223203423407, -0.0033365685715636448]"
"[-2.996286858200721, -0.43970891898834913, -1.894189785553906, -1.0054206291621546, 0.15236579471872888, 0.943133462667234, 1.7010136768724977, -0.7368814234461188, -0.7930340941316346, 0.026460026665429785, -0.5813048217704704, 1.3408914671915129, -0.56203137882803, 0.08123237086563119, -1.0130433779077403, -0.39436904471726947, -0.7921450007236871, -0.32293835967542966, -0.5294137273669001, 0.0888102760641897, 0.867642714982792, 0.5033034696262899, -1.1404538909689583, 0.4524525681085202, -0.7477802355289336, -0.1497964446165564, 0.6134155593540883, 0.5861319383590664, -0.7614418555180741, -0.3499895333237896, 0.303342995533827, -2.0115547976445445, 0.5546817673294779, -0.016092819592028317, -0.7925818513699009, 0.008192527248563258, 0.6090192444340362, 0.2033636974249378, -0.4803593120383511, -0.6615179487050533]","[0.18184492226995752, -1.1573601601647847, 0.5676986275512586, -0.0038214483030064544, -1.4020826523011696, 0.06910707662070113, 0.8388046904244879, 0.1513503068312797, -0.37866369732177846, -0.625277377469975, 0.14291911312341504, -0.046674903947184106, 0.32412990826234506, -0.14577061977573602, -0.25666453297166786, 0.2759854056754729, -0.3804286329490467, -0.07731499285583916, 0.04905761184414838, 0.6635568586949481, -0.15756092793888427, -0.008918497339262869, 0.0771996291895156, -0.20925261854313756, -0.4234591825004721, -0.3847095872220058, -0.015307754111071136, -0.13112569346010164, -0.19035299815249648, 0.21773125687460793, -0.39164596762867115, -0.20340441463789813, -0.26118879802218864, -0.27007299717719696, 0.4120745656156647, 0.5275910305043308, 0.056055461472444126, 0.10680286681671285, -0.2749791241083178, 0.010158748810213598]"
"[-1.9990102778287533, -1.6434939847480217, -1.6950398042244816, 1.1185047972520448, 0.7861379537339601, -0.08243052470689613, -0.43718560925214583, 0.8139098238594994, -0.21889083850883426, 0.7476188051958794, -0.4642147915866495, -0.7235423041184064, -1.0739179496901856, 0.08030679063725822, 0.047412741159844396, -0.08078725676121604, -1.2055176782073977, 1.1287206208427034, 1.2444027918833922, 0.061315995300535615, 0.8984786102941709, -0.3109189455392481, 0.16540555179630145, 1.8756968140751022, 0.7851364428724612, -0.40274483838115593, -0.043215286960593596, -0.21124226144481806, 0.3204136173091602, -0.8010523263504022, -0.8043331031396457, 0.314369452077639, 0.4389802512809502, 0.12469654745083615, -0.1895125586637317, 0.9464472967356686, 0.56345065413809, 0.24847328252226605, -0.15231604353024836, -0.13057301450207548]","[0.6579267893962192, -0.17353397691966937, -0.7271001812279333, -0.729649200496671, 1.0115361498639315, 1.2934655732996658, 1.238162805790993, -0.6942017643513908, -0.25043029965285046, 0.9284016755834482, 0.04884585643655817, -0.18012854627232028, -0.1840187188045654, 0.6097969022666538, -0.2707235403724987, -0.5042831109362178, -0.051573004489136876, 0.39916702350916433, 0.19953207724930802, -0.1362106248434803, -0.2758334660757218, -0.4725430809173115, -0.22733377031237403, -0.09455880483896406, 0.3445137370304116, -0.22093792632407674, -0.4036223829286923, 0.24370901002442946, -0.20315406251416157, -0.027174129216166184, 0.03341198644393202, 0.1038665508635969, -0.05429146227382181, 0.13715956561916345, -0.11804535959591567, 0.006677842704838955, 0.255854549904854, 0.12297390452034372, 0.417128529904913, 0.24429930552276022]"
"[2.9398522670621254, 0.442241804714229, 2.4515623799272768, 0.6772573393166657, 0.684052557222517, -1.5775944566431568, 1.4331386037176073, 0.9155355864464906, 1.763042637069074, 1.0965788621088142, -0.36350002009106386, -0.7264867156672226, -0.9286885515459221, 0.4518721524839703, 0.8135261303133903, -0.21857324589547628, 0.12232736318880198, -0.28135994691843025, -1.0149341985720677, 1.4682854847557183, -0.27992146893210973, -1.3605976136063203, -0.42819125964439986, -0.060882139561758114, -0.09795873078622921, -0.8264885197815077, 0.4083047814621753, -0.42274844110489146, 0.16121510217328514, 0.6162654157878519, -0.8095310050869031, 0.055674197435739425, 0.3304297515326083, 0.9240859253684405, 0.10261522453013677, -0.16740451081280314, 0.1795568183791633, 0.24551493115329495, -0.18834129208129774, 0.5491582690550638]","[0.7674841772087507, 1.1164097615877486, -0.47855805760615894, 0.08746109068016535, 0.2571384736407148, -0.6808243022765049, -1.394262540891367, -2.399606372335933, 0.4992216287615568, 0.026460901316101276, 0.8055367193047326, 0.3672718488769582, -0.36157556698456045, 0.2341775998945665, -0.2668037831748731, -0.2904424793696461, -0.4223385193254521, -1.2420098122232215, -0.6289768002460917, 0.6503876136532318, -0.10066864195287632, 0.15199580458999706, -0.4280988631766916, -0.06060090357281585, -0.07597831945517834, 0.19401791262656704, -0.3289758475511658, -0.23905830912562698, 0.22660778512892818, 0.17272106778389767, -0.07207514484983472, 0.008840329874718316, -0.17407747177970587, -0.29583992219939326, 0.14163802465235276, -0.16329577784435037, -0.027148652873886348, 0.17844309984508722, 0.20626038835935742, 0.04691619324619634]"
"[-1.8682664493813521, -0.510769328802045, 0.27426235218195616, -2.35090217070873, 1.697493726775527, 0.14575124333735764, -0.9378784158381833, -1.6949002350701978, -0.4747565836364642, -0.150400626890884, 0.7989004639331627, 1.1589672717782906, -0.6167345213586688, 1.233328498331658, -1.2081345542453503, -1.7817398535543802, 1.0725842801629666, -0.5701528327333648, -1.232942282525567, 1.4749315591095298, -0.8816942473222995, -0.6010898137408697, -0.906378985634222, -1.5069116151310789, 0.0175652484815397, 0.6053910363932662, -0.5228837514563621, 0.39429610006499605, -0.09921625547493994, -0.3163744904169864, -0.21080142953584918, -0.6169732517561194, -0.4246391012779304, -0.10037135467680876, -1.0233159014418878, 0.18992096554047697, 0.6506432382229507, -1.4122169142420768, 0.23536765531920037, -0.3211062411039419]","[0.8267990007520136, -1.617245056462455, 1.6784127669368718, -0.013915839926688088, 0.30913403295079445, 0.20778880336839778, -1.1805194009612299, 1.3788160889450993, -0.41319569304971704, 0.17497103052625562, 0.3646542560445436, -0.41952308728248033, 0.3654352260209061, 0.3390265936691058, -0.3042255594857053, -0.22133345506231147, -0.45660101719368207, 0.11100774130417498, 0.1925465648709444, 0.2798285534137854, -0.41489808877096157, 0.17076930169029642, -0.01370795507753982, 0.015178707513119177, 0.546924970706206, 0.502669806365174, 0.4334321159439744, 0.019274203630720847, 0.08126616937398802, 0.30813847295744234, -0.2333800949037506, -0.2695644119723519, -0.2709045545713172, -0.14354751813771266, 0.5595461343487702, 0.8748710016522455, -0.2523474229139312, 0.2945553859539815, -0.08226677937327218, 0.11053068215386135]"
"[2.6530861137441013, 1.3353627725696409, -0.41263987877902975, 0.7103952275231844, 0.4228110620920147, 0.5510194105896915, -1.0971002414648243, 0.7938914010585907, -3.221142466520218, -1.9307535877327602, -0.19489676208465495, -0.27808813017426676, -0.3594852644417174, -0.2459822172291106, -1.3376586610035508, 1.4164756220123418, 0.35024025890311283, 0.667167038294027, 0.40906432830170303, -0.4194157171387537, -0.18647301888245746, -0.07783422990336053, 1.2914694185346922, 0.05763291862720103, 0.004702331122269499, -0.7925858831073077, 0.5601802616494935, 0.07901697953223977, -0.18848215670159452, -0.4857600832105779, 0.9461974365457191, -0.1009723102433505, -0.04061569292515704, -0.5187162524983401, 0.20878159643984456, 1.0749690999357344, -0.6263936886793444, -0.3955673943814229, 0.858999318079608, 1.2853710266907707]","[-1.1441142006764278, 1.7297141597445238, 0.9647426974412066, -0.6355539920779288, -1.4539716725720127, 1.0991326649559867, 0.7633228264293493, 0.8484424150365432, -0.39562332982460097, -0.17005595175440835, 1.268255946131403, 0.13987101122512013, 0.2479899349605192, -0.8974891097621538, -0.36310894735667243, -0.7051549237995358, 0.3655063783800645, -0.7206490942685, 0.47267601895516537, -0.326591023290977, 0.527230620097096, -0.23737045417371405, -0.03107640733586924, 0.05750191694074759, -0.6798165992795056, -0.10057494081808101, -0.4795423988671121, 0.6244195660679722, 0.13951921814822923, -0.002697300108405839, 0.3156599429643446, 0.41402475856833953, -0.22102512342626562, -0.07020686065466425, 0.3495330197036687, 0.4762751727800729, -0.2740972728665053, 0.21302142509893662, -0.27370815178157165, -0.13403621377793873]"
"[0.5009561637851473, -0.5688095405585717, -1.3260101804872597, 0.32308896057508507, -0.8717014980135037, -0.2788145119131193, 2.1644215937969196, 0.7087236479467612, -0.7088108657139965, -2.1757687982139537, 0.6323614345332363, -0.590007988480419, 1.2044609798923651, 0.3250525768530241, 0.2446559690132097, -1.8096354827327108, -0.5184499775081637, -0.20150701674391844, 0.38850277226088026, 0.2586877716801615, -0.1180362953288545, 0.5834608689474796, 0.15018099885283492, -0.2141364721092441, 0.14551175897855034, 1.000418204491116, 1.0360714085798046, -0.10328980790112206, 0.20052141096677487, 1.3704477855771835, 0.25203375529880523, -0.7453633780240997, -0.07786548567039614, 0.7056810488545816, 0.19123001686245686, 0.1473105492469143, 1.0036196376363955, 0.4975720543744961, -0.146151648956035, -0.5975949206431201]","[1.2141951198867464, 0.6864868125749329, -0.8387070231056841, 1.5491882822737677, -0.10936653856749423, -1.0011133101450855, -0.1306781145146495, -0.39407625990290834, 0.02840526527706104, -0.4886902970790518, -0.11638074997280544, -1.2356743881686607, -0.47363159483017847, 0.37737925117028526, -0.24121714856838297, 0.5996604475772059, -0.9415438999115684, 0.22194758535939302, 0.1229218732420116, -0.48361971089815176, -0.4707814482506856, -0.20692159527661247, 0.11184608976364048, 0.28001365390098215, -0.2238307984241552, -0.5724976546950414, -0.03968162566297322, 0.15646734271177143, 0.01870222364359462, -0.07000974121923009, -0.6621878533632459, 0.010583896409374231, -0.0001952231963078332, -0.335832447366936, -0.2697078663662771, -0.22820106450140967, 0.531065391945369, 0.5793712016834507, -0.7634624175533662, -0.09508952455153726]"
"[0.06978010666755236, 0.49824409397285796, 1.2557572567557858, 1.2496707958740965, 1.5872928490333948, -0.8407504469922351, 0.20815645494602117, 0.656368351275084, -2.6542270772295566, -0.8889774554236644, 1.2678661781718321, -0.29408721255787584, 2.5301454798988687, 1.3636849901670753, -0.29509693606509374, -1.9322827658721442, 0.7408997904627801, -0.8674037750152964, -0.37728988491937493, -0.2064056881481422, -0.5148991280437124, -0.08332477796746836, -0.2353114144512849, -0.3460356271735864, 0.21091014112549877, -0.3883364059237363, 0.4980641020294514, -1.2502169156179999, 0.699768507086936, -0.4259347696916645, -0.7747231972614684, 0.2886541945786826, -0.25068977058002934, 0.3532108125226903, 0.6132338688469705, -0.7826493782823001, -0.017034369988568023, -0.14667333244786068, -0.3031101579616311, -0.6736158249263545]","[1.3396900102209415, 0.10661743854586324, 0.7590117286750897, 0.1677280237462273, 0.42663402206626716, -1.127851073846764, -0.5173259149072568, 1.25058981444194, 0.6987778214780077, 0.6530070848724695, 0.8237889819434628, -0.3755281458869384, -0.06317702158819613, 0.45702734414441626, 1.462239291333754, 0.3061158734564004, 0.49012006722171275, 0.787558039752728, -0.209512446104672, -0.7676339421354231, 0.1853255362065426, -0.17064208283783067, -1.0420338075286286, 0.02902431963560448, 0.23844196284332306, -0.27014638258138624, 0.1000135919436731, -0.3009402526741633, 0.3015114618119704, -0.10852110335252803, 0.5034928439166563, -0.027195710229078, 0.1277888349627202, 0.015144469934656181, 0.15359209124774426, 0.24285115549243555, -0.19183673860107817, 0.2923935275147296, 0.29405733658702404, -0.4522632993265557]"
"[1.2001346364786039, -1.1226647413450126, 0.18649937078013212, 0.8403072731802312, 0.9723374753321408, -1.1035992830630061, -0.062567012246155, -0.476464069521005, -2.5449864972873257, -1.0608213814489524, 0.9719068501127172, -1.7156275513226524, 1.9864219980395246, 1.073232529602419, 0.13921425510845753, -1.163659946061483, -0.6643937956930484, -0.973449202102456, 0.41918069819462056, -0.22340618957306818, 0.2035760983545274, 1.1593890987819455, -0.2713928749598176, -0.2210022701902617, 0.0874178232358008, 0.22210244189051437, -0.050564932028382435, -0.965520775743345, 0.7207814992676933, 0.6510070734352812, -0.421016860785738, 0.14635273458822293, 0.1148282466888499, -0.3085458441150802, 0.7678742809368454, -0.8552121369327018, 0.4907085210676442, -0.6772455280205397, -0.2024627223379112, -0.3107912005129409]","[-0.4188812893286486, -0.1876593404542431, 0.6170235190949644, 0.11776672672680753, 0.6263321556086479, -0.492375288893461, 0.18507999140742432, 0.7955491484212427, 0.21161619272565135, -0.1467535916963555, 0.5936035239403542, 0.4640199061324138, -0.29461275898107236, 0.27835454329752835, 0.7410592493805345, 0.2706065930370241, 0.23123023509663632, 0.07171568831842455, 0.23804380038554845, -0.16355319633222476, -0.21421789708219838, -0.29845219556161556, -0.34729662105527975, 0.6196918650740919, 0.16711196930084185, 0.1841755983150105, -0.050637690487485176, 0.1028640386867571, 0.2602421243506687, -0.3150794882929589, 0.40974721943199577, -0.3482690916899115, 0.12247846188360809, -0.1431354547737743, 0.0657957391156627, -0.09369182755414218, -0.024921328643876316, -0.248175406127758, 0.3327917901296252, -0.3146011756665019]"
"[3.8175552803271313, -0.7608754667183122, -0.6413438451137894, 0.6059574295894204, -1.1712642241547437, -1.0470798968554513, 1.218685776530945, 0.640420136064992, -1.099588412117922, -0.03554483728480883, 1.1738844952488445, 0.09898006954147409, 1.8437610148603578, 0.774953647696269, -0.1620738341775552, -0.19451614702941541, 0.9959758866367985, -1.0041150127979788, 0.6090479495825595, 0.561112997943142, -0.6269340453503537, 1.3020819530508272, -0.17531567972383094, 0.0005146395159619411, -0.6253298614781025, -0.41848744501830243, 0.75046538400097, 0.18947029864935844, -1.011665040835815, 1.3482399400542393, -0.010532501643279797, 0.6220331843787801, 0.09571618095299515, 0.24955218604510718, -0.10660651749413186, -0.3624465467146083, -1.1523709953584707, 0.2794421810664763, -0.6331845258504513, 0.047438214102657784]","[-1.8934158708611635, 1.3862161157021213, -0.20414913315737118, 0.17448157168879075, -0.33886439045479794, -1.863661487688405, -0.5915692629538146, -0.24308774394755622, -0.04561669821147411, -0.20909693419051026, 0.4308468561001025, -0.7408394588988414, 0.9180182862972442, 1.0612340007890488, 0.7252046786303706, 0.005571316183002348, -0.3244685953374296, 0.5745445196402732, 0.18216543306922778, -0.38377034391026604, -0.249609999660709, 0.40393229699381733, -0.4609139645364484, 0.27916607659239523, 0.7829945149392127, -0.3317242629335674, -0.5256082757436426, -0.27675070710807403, -0.13285242227324104, 0.02248780622776016, -0.11309094523678127, 0.2701135993898397, 0.14610680014384342, 0.09165020069246659, 0.12692364353452454, -0.06458845193792165, 0.35269649418807136, 0.09688801463705005, 0.17186521336372812, 0.14883093611745865]"
"[2.4977770495131186, 0.5140386165313222, -1.79463223974003, 0.4109439948574522, -0.6639588231488711, -1.7397394093829808, 0.8617708426060255, -0.9561997182353742, -1.1514302837109447, -0.2321554558916633, 1.1712011287758948, -0.49975859205790346, 0.648764870859611, 0.7493779636448383, -0.6723750015339539, 0.07335958652959554, 0.9695641616669128, -0.19919449736545544, 0.005492735880865298, 0.1810446098796747, -0.023816654375547055, -0.27469142293293514, -1.0732466010335513, 0.29246031194252203, 1.0839415635523897, -1.0211975703752088, 1.4709111896266096, -0.11935532090881895, -0.5830736150111282, -0.062275664123057656, 0.10904412485881988, -0.09004403295197042, 0.01813868930408095, -0.6416710558931678, 0.12082589383972413, 1.0578440704820653, 0.032996073317833156, -0.39036556364959085, -0.6558412379439342, -0.978891833821536]","[1.0506484400610432, 1.3913770451333898, -0.8904031460348426, 0.7312015192494286, 0.09031400908199627, -2.1493716819391415, 0.29356141655845636, -0.13629442696515304, -0.3173521029447365, -0.7324182176228761, 0.2676908486658304, 0.5176414449443986, 0.12567296533134584, 0.7747135140300124, 0.4817199022881846, 0.3467990880313741, -0.32952264755267524, 0.08293331066062971, -0.23121852252398, -0.8686981454423675, 0.08237256121066483, -0.7573705423546399, -0.3329371932452501, -0.40143825793953114, -0.5592713155888771, -0.4367609204287331, 0.16451363355517318, 0.8080683406206572, -0.34856896017722994, -0.5322001323185622, -0.37616791657985343, 0.4876035957097542, -0.6028699324026597, 0.4029919463988596, 0.2032022232474808, 0.0540231401476534, -0.7069141377737338, -0.46021049407323356, -0.25809764684973246, 0.022292626509849846]"
"[-1.647717375491897, 2.1454533583047803, -1.8434883101168682, -0.7121761629247313, 1.4079542208512237, -0.15713499199756034, 0.8066443011685673, -0.03581708545647579, 0.27450285741532426, 0.8530011292171897, -1.8222756724447688, -0.631310399043401, -0.666114853878991, 1.277833532655915, 1.1069956966611818, -0.8942313452414271, 1.5660650697348837, -1.7709545114632024, -0.06341605170269173, -1.0046700508799524, 0.4715979188105052, -0.7470019003899416, 0.5589744959729452, 0.47661648195099376, -0.24215732523676078, 0.37061090373955285, -0.36073673540709905, 0.044104737407019416, -0.49895956367659144, 0.3064228718379235, 1.0191904059992256, -0.3659839567186123, -0.5391032910915822, -0.8216405736859338, 0.06513524912004703, 0.22585971777501648, 0.20258938317742745, 0.1427503065732827, 0.3686628502635582, -0.2263238644401119]","[1.0059291510444686, -0.576277151945578, 0.631057273412653, -1.3189230151959936, 0.3684671620256876, -0.006466065879732023, -0.9657764433179464, -0.16704931198108977, -0.32851265995033085, 0.29093342614308587, 0.218732295681725, 0.38286741764809595, -0.341736411097215, 0.5203765266288345, 0.9010805387812338, 0.2170522923144963, 0.6998802757075235, -0.6537560881031624, 0.4854482226418726, -1.12746521886935, 0.3642761375074696, 0.7413116185167992, 0.4776339262455328, 0.4292272403901691, 0.1552065864318505, 0.3718254094096299, 0.9129902558860042, 0.22470028587941124, 0.4848595520683975, -0.7478384820146328, 0.19188478265511508, -0.8655488319273964, 0.7215163481921136, -0.4034616055435066, 0.20110799475187457, -0.01231103312191056, 0.48516252304031815, 0.18998189974467666, 0.36452999645920164, -0.1626083454438762]"
"[-2.0375409464344414, -0.7740851009965845, -0.5100459891051119, -0.48490336370535664, 0.23195751874446505, 1.3631635911536588, 0.5360394757617313, 0.29447462855799245, -1.3667328366210871, 0.5336504321998569, 1.7510845521524752, -1.4427287317296569, -0.29364213551484264, 0.7077893389192609, -0.22490149268000445, -0.46311236693416147, 0.380958586314697, 1.2386726495536666, -0.2820134564294504, 1.8359477511710556, 0.5192385035550052, -0.49303632425218713, -0.8657460758438774, -0.10520389626869257, 0.7011522291037742, 0.4857937632703364, -0.30570873691231704, 0.4408507387093799, -0.11543348611583906, 0.37262336108123806, 0.9648590492576622, 0.20589904328119155, -0.4297724776918961, 0.6858803343758332, 0.7691908096930714, -0.2743275566975265, -0.4045677664700061, 0.2581360807118618, 0.43863793023478787, -0.06478269804585408]","[1.7218484005858747, -1.0814272750655864, 0.2951877043097295, 0.941433243120469, -0.9855551047990303, 0.8364742065903801, 1.4559016776171896, -0.07416319114478898, 1.2568965283925753, -0.9339952717711347, 0.24192507388578885, 0.18311043297234741, 0.7116436620916937, 0.6098278983070933, -0.16340004849951442, -0.5741424019041238, 1.1087390338105552, -0.30918885562862064, -0.3787180782488796, -0.09527821639400937, -0.3947778695102021, 0.6191558293848425, 0.49963046711042997, -0.529230148546816, 0.2883937752584335, 0.36189742239524064, 0.3470788125394152, -0.47772348348939736, -0.39765919055008075, 0.8504910305691505, -0.08526001875765223, -0.14811239291276848, -0.35134516218071693, 0.06862291702189773, -0.01508370080455064, -0.24221010447378283, -0.30063874103595534, -0.39275077657821056, 0.21253139763632645, -0.032837526523778554]"
"[2.732633835922705, -1.3566952848112275, -0.3144816593924992, -1.1129549323405024, -0.8929933177030811, -1.8121701582531045, 0.06429416130042043, -0.4834365683384674, 1.0953642990418873, 0.33000702519455594, -0.5277989086091298, 0.4927915708699963, 0.5977961111733608, 0.7622267732886927, -1.3065989373022493, -1.4633557158217807, 0.7421283410816445, -1.2008139289267188, 0.5450583085828331, 1.1679924256337686, 0.8334470246148121, -0.02878322900247775, -0.4806604441367094, 0.6692312235251292, 0.616907948991879, -0.20780784663818244, 0.048323586348475264, -0.259730286639903, 0.9377847914215728, 0.46305713883565086, -0.4323397753551821, -0.014581807013136674, -0.6939429789301853, 0.1585280620126069, 0.271255278836493, 0.19088159485992776, 0.13371232509206477, -0.43470156218915423, -0.17742683207437301, -0.36779210378984084]","[2.112778491628763, -0.2582748240096974, 0.2382076390002327, 1.2417831998332483, -0.28618308969531175, -0.4041238162807855, 1.257692096741475, -0.5968771109580954, -0.8335524040073994, -0.3655567465771384, 0.3321045708360635, 0.2901038589435452, -1.1071063480487386, 0.469231296316216, 0.4344773754216391, -0.636146053912232, -1.029912370179636, -0.29687799400239845, -0.4857348604105885, 0.553056499134892, -0.1837922579021309, -0.04629421843745942, 0.227655388715603, 0.010506284426776044, -0.30913982312166266, -0.08832243379686847, -0.3525962935357419, 0.2546402075084972, 0.006907534300900067, 0.419743913597378, 0.3711886532080257, 0.012634710874976713, 0.22231396947492624, -0.8116557666242662, -0.3496823159334861, 0.024550407633000548, 0.5173913878482524, 0.170749585483427, -0.030006592681616026, -0.19466405437401696]"
"[-1.3515535734017214, 1.5856619035185322, 1.9788552181881258, 1.8424058209434757, -2.8615683659856606, 0.8142838300889735, 0.9122038749233491, -0.045009442470479236, -0.5912478912770686, 1.285308585482563, 1.099512323851391, 0.5207106986191329, -0.3794635919000038, -0.7552822534750673, 0.08971085017223851, -0.27969235069839915, -0.25344928610932926, 0.6744309351267275, -0.4372632087563625, 0.12063822470808143, 0.5968885056184025, 0.06984322722256057, -0.8023847667149867, 0.09657930526735592, 1.2459170910186093, 0.588359123239286, 0.233541301275318, 0.324651532745049, -0.1208940164923998, 0.9799172734054862, -0.10530144438949948, 0.79059846118055, -0.570887558511768, -0.3432888071629857, 0.2693553874445795, -0.4339845790251832, -0.3527949625436927, 0.2962514687637979, -0.37632688412444465, -0.20823887920098028]","[0.5171284543946025, -0.6488317582121439, -1.4523096092374694, 0.050181703010001265, -0.9960913787331013, -0.14976471861493884, -0.51325121963054, -0.22994835423820034, 0.2688503084960609, 0.0020114716035177704, -0.5163319654049832, -0.1115783884896562, 0.23630783054530782, -0.8729007101732077, 0.39122521979613634, 0.4015440281815797, 0.3983919928950692, -0.03779030576455173, -0.12876565311809454, 0.6772376903274004, 0.07094778844653045, 0.24048832779881646, 0.29907384760040306, 0.6456255477603746, 0.5416360276617648, 0.16824251878809754, -0.09768354306697376, 0.5284201004599841, 0.08948152461189292, 0.44849433398579974, -0.4681192074195835, 0.07838124448126874, -0.254510432984902, -0.1848624718320476, 0.17948593522192385, 0.2785871464046269, -0.11762602069513951, -0.25388326622646906, -0.2347115088979218, -0.20327077200074892]"
"[1.0750397904566018, -2.485319103608195, -1.2992442706232943, -0.682668816157035, -0.40090682542894956, -0.6579142369634651, -0.5409071434146399, 0.26705852783680323, 0.4159169457875113, -0.6848604460634932, -0.9534591626050632, 0.28188922185564064, 0.7126815018430045, -0.6853810148341787, -0.2595370789835091, 1.5597834006375417, 0.90717690252839, -1.0016813243507015, 0.33110537656781946, 1.3990744462990234, 0.07701869341620673, 0.018645299743743033, -0.42534699695108574, -0.42555571151944216, 1.0063825121278211, -1.000818396864183, 0.7389159637920584, -0.11235612113840478, -0.1231188398387307, 0.14139498812010798, -0.10568179671262194, 0.648382534186929, -0.37934423776040094, -1.0292336028233275, -0.42895388261399514, 1.3325285920746737, 0.4184673172337765, 0.08448627986211335, -0.5535284452210049, 0.6436735060055073]","[0.17247553038184454, -0.0011248445468750234, 0.48303446239769754, 0.5317773806068974, 0.8053610518837784, -0.8356946364167694, 0.7344308716631829, -0.9818957205807596, -0.06417921222777684, 0.1777992961497559, -0.7613428767166786, 0.8826234526107537, -0.7876850150146659, 0.40752310575295925, 0.17921972860852628, -0.08143778690780247, -0.18528502803943017, -0.5648310326577418, -0.08100323737002378, -1.0028506827455235, -0.08420657606346628, -0.09225684473463272, -0.5648272212097946, -0.09950917477754377, 0.04364536185900853, 0.3802162738068212, 0.2729414506101766, 0.5238727182030629, -0.1509525177677019, -0.2315411522085927, 0.2850796632976631, -0.12181908899130682, -0.023322658426934054, 0.39053629758199343, -0.008414371656134808, -0.7051741351941025, -0.2058153623111152, 0.3432145695658948, 0.156439704118871, -0.294661980455256]"
"[-1.0739631138090326, 1.6719624978517644, -1.2177399695991198, -1.1864322208421376, 2.408547996714449, -0.569191757114982, 1.1961812540110968, -0.5420706610924619, -0.21233488345335427, 1.2805953152125908, 0.003389655624801104, 0.5242892367055199, -1.071593469468255, -0.4996509502043759, 0.468527876055282, 0.9817432056888855, 0.47857807882135905, -0.160407032783549, 0.6227981216253613, -2.099860082408054, 0.6460465474167271, -0.02606745720960155, -0.48081531430023966, 0.39832851899260496, 0.43013293296304517, 0.10621299885508562, 0.6234268363158663, 0.46982466839564424, 0.1497198611541895, -0.8809018535839882, 0.6446453374106156, -1.3065771020639676, 0.3572737612448474, 0.6277386163363533, 0.9157918378423878, -0.25156163827652744, 1.4580467047337304, -0.15100636045657503, -0.3732734163103297, 1.0785779848192925]","[-0.916265783940409, -0.010718955092416008, -0.43454918856601404, -0.1066218233653944, 0.47746392723590125, -0.5587097374340577, 0.45123821113857493, 1.1007959827161786, 0.33662593684451114, 1.6331112027367183, -0.5238021764145204, 0.13412471151983427, -0.6795677438822532, -0.7570919484582048, -0.336256531649262, 0.2572104844446632, -0.03709374009481818, -0.4718115579776146, -0.48938552039772215, 0.3532408410586074, 0.6053876092173756, 0.05233364448383522, -0.08524975537846698, 0.04268470607087119, -0.2063317835689836, 0.973585393364662, -0.06632129373268116, -0.7914760198689429, -0.12528764684024368, -0.22359152142188174, -0.22330165632766633, -0.40465266700166813, -0.3814171768335724, 0.09371929274883156, -0.12009254447808793, -0.3079062458255515, 0.036276547682980775, 0.46408174995172613, -0.28376474196754387, 0.5167029710099073]"
"[-0.0977697726441938, 1.0855226280070855, 1.2677433027825098, -1.7220676871785034, 1.2543624996896847, -1.332673935938768, -1.200114808590796, 0.7223113611960467, 0.5097814348376568, 0.056487898107312515, -1.5835758212674116, 1.4404620969613848, -0.7443695990020389, 0.9044024256107268, -0.5318001603062402, -1.182391426441615, -2.0884346557945963, 0.35959854960734267, 0.5575377070183865, -0.92901063093693, 0.704454520818126, -0.6651567271981421, -0.03245165196108441, 0.4554222855155544, -0.03853622647230249, 1.08904520520092, -1.3553622258781302, -0.4488941010706576, 0.5091335451896315, -0.6093380509815997, 0.3695227700197902, -0.5833230539983837, 0.009655028592333829, -0.7318041613375954, -0.25391298390956973, 0.2601168603519492, 0.25922883061238294, 0.18942545461017374, -0.29550969531024784, 0.41959399650034956]","[0.9942130522575323, -0.2956499417576277, 1.8899224962528278, -0.4258860729711267, 1.0283664279925837, -0.3490747377857044, -0.3955429440332988, 0.8668050879336724, -1.4030269769341024, 0.7106491573295939, 0.5603945602211287, -0.41014654904014164, -0.22453558514817143, -0.9842832829889229, -0.03110104674475677, 1.044213594904194, 0.17330631143839345, 0.5627555908784029, -0.1617109940185767, -0.43787131788150707, -0.3026932562097505, -0.1290394431175993, 0.1457564970189169, -0.07100946453666979, 0.689311887596098, -0.11792638212102481, 0.43206906006958373, -0.08588900113895052, -0.1009452366618386, 0.028159724504685686, -0.010560027998180782, -0.18580252975160857, -0.2314391071427128, 0.23843335639611743, -0.07476543001806281, -0.4075179477238483, -0.20146607584410936, -0.1736848371348879, 0.07883121352710484, -0.30780335323251223]"
"[0.21918637933480073, 2.147647312463317, 0.4727393684039737, 1.5890653794819538, 2.7183255977231138, -1.075473482601478, 2.1142829524456292, 0.2932399525885884, 0.3997844277401517, -1.8764153871676874, 1.708110921273387, -1.1148812648333444, 0.8741603629134684, 1.5066956473467221, -1.7967211001832577, 0.5615361843117688, -0.36756984682921634, -0.11976090812594627, -0.14565184400936845, 0.14114897755727143, -1.3522278247675592, -0.7018697889166587, 0.5156814420482843, -1.031706195074615, -0.16017437443168914, -0.2217716870955603, -0.21882116399378526, -1.1929990681586804, 0.38298232517990727, 0.03843232967857671, -0.5154393086439234, 0.7678991469127464, 0.14779307440208136, -0.9363218567046042, 0.5789636045986271, 0.4075875317675577, 0.886157078726737, 0.27443846454130194, -0.46249792760621605, -0.774330516408038]","[0.17654334097746655, 0.48928646554433847, 0.1771969592997741, -0.9609030990102014, 0.35649882367611285, -0.19466901108491813, 0.08051995936107353, 1.1861156380445586, 0.08601596217004634, -0.8168180080135189, 1.1107448963828899, 0.4960267546124827, 0.859963438191658, -1.3173637681821095, 0.6255048896365981, -1.2162025245418322, 0.3007138882173392, 0.15810349642194418, -0.4862608017525219, -0.37052315105535505, -0.29210785022416114, -0.011418300872549315, 0.6211714262198704, 0.06292317633063477, -0.4843758959832451, -0.06137704848013127, -0.6345988076511941, 0.21185851784333273, 0.4190456279302994, -0.09768606129875536, -0.4540611665468144, 0.1781663793723757, 0.5358969251625044, 0.5556157929295892, 0.38632341270182535, -0.16619689690191555, 0.12665394934345284, 0.3483046238878842, -0.3948526368251014, -0.35125665604865397]"
"[-1.3602127045050925, 2.558029008740949, 0.7607774367881488, 1.2333681606604263, -1.1222486819369077, -0.12387404862993551, -0.11986520605556762, 0.8062548239207599, 0.004445027637534957, 1.726978993538499, -1.3487233731265331, -0.9452904754874706, 1.7773805964597424, -0.2686471840435181, -0.1251747084434697, -0.7595412843407156, -1.1573454127414569, 0.5721134477471372, 0.8714613158775126, 0.5505473351819166, -0.9159550341085939, 2.071980974828472, 0.32657803464646235, -0.027046393596377, -0.5709484949634547, -0.2737647210583758, -0.371127962925729, 1.6200508348985376, -0.7059078792774487, -0.18634610042414007, 0.6978354534194134, -0.24326848487201358, -1.0967450880332552, 0.15347981449272702, 0.4743598438721152, -0.3121570024242774, 0.20771948230139908, -0.26181239617535274, -0.23858964218853038, -1.0868078260031624]","[0.6392880178130179, 0.12176059376779423, -0.07924276650625649, -1.3649900989633743, -1.2209306455929552, 0.0001764734176162339, 0.16345498230404218, -0.6822271667703824, 1.3773203135624659, -0.7122496322593449, -0.6381264120320332, -0.9984266628852876, -0.11480628094982358, -0.07018103123447188, 0.4622011881567174, -0.6452508654499626, -0.22336139761538315, 1.2527896798827398, 0.37511444587637677, 0.49395642622966857, 0.1467278317863468, -0.5199730508203568, 0.036636616638570645, -0.018015876174269425, 0.02536066280775534, -0.4681404555794687, 0.7724865667164202, 0.6217845126122306, 0.2949222548221358, 0.34480775662704116, -0.23244450448413795, -0.45220345822057617, 0.039447870781933216, 0.09279953148746499, -0.41048309904936037, 0.10771145611022458, 0.11003450086709972, -0.13407193342204468, -0.2208258527917988, -0.34500143310355036]"
"[0.7565642799492571, 0.812572999639852, 0.685272268083871, 0.07826440523817906, 0.534470800642073, 2.3533826660147876, -0.2062741054100724, -0.7748957804223069, 0.9605247012832805, -1.1039984246969374, -1.2369854488494998, 0.8670977351437834, 1.2197299697608575, 0.4705568665370058, 1.0491281809469843, -0.9608029407067669, -0.08991268178000082, 0.08229152888302395, 0.3391056447084753, -0.19314075583237394, -0.011002052740196793, 0.9166992426916138, -0.05495665384083506, 0.39415768557225267, 0.6068102485848487, -0.2833530679794802, -0.83508994725576, -0.06732862042782868, -1.1194418989600075, -0.09065457432045998, 0.593182576631857, -0.1271293141759832, 0.7102453401954071, -0.030830113966495713, 0.07319242445811068, -0.18789355919158213, 0.7044230530286355, 0.13793510509527335, 0.4530250606118404, 0.589511227574783]","[-0.011264696132320097, 0.13377805847120616, 0.8192308673139597, 0.04313077880729448, 0.04874134189834034, 0.4803351986054777, 0.5752958582123363, -0.14652042670178297, 0.421846889334788, -0.21589340066232263, -0.4976890059397749, 0.23400851043274037, -0.450326800052189, -0.20577899902920735, -0.02421075545640776, 0.8562751636593314, 0.029633223854943814, -0.8386408352414784, 0.10347453775126779, -0.0674313918473014, 0.7807894259622176, -0.3173436177459801, 0.35407655654310666, 0.021538938214456824, 0.06011181543994386, 0.22570402031206302, 0.2005695381618022, 0.29112661407204343, 0.3992146562969324, 0.41650871640346154, -0.4353300460015074, -0.22965013923804858, -0.006788691611991758, -0.5305893104265258, -0.5194558166512878, 1.2209626943357281, -0.41326062253342477, -0.7380705932290658, 0.5967064624036893, 0.2129292868278095]"
"[-3.0221291742255585, 0.8956401739581968, 0.36676246340174623, 1.4914917757471888, 0.5440656949912522, 0.42599092303106234, -0.9283208788508343, 1.1119391622110548, 0.6571922577776944, 0.42736607729081755, 0.8266697939762894, 0.377445882517144, 1.327864680158805, -0.15970565384508228, -0.1678206904437245, -0.8542145544381459, -0.1416657378080598, -1.0541818786734862, 0.10969053007432743, 1.2080543159951906, -1.3609283187995989, 0.6985610338638875, 0.428115394845418, 0.3602972163285416, -0.3936991153021561, -0.4103596685829032, -0.29780703641945677, 0.7982689367053168, -0.7162881716524437, 0.07181997179592439, 0.781273276566618, 0.38427987293622207, -0.7443780040753329, -0.87011578379942, 0.8451916519716964, -0.23661059022363304, 0.23959167621815522, -0.2654804290904186, 1.193031194460648, 0.4486901616952076]","[0.7999741422996839, -0.8079105482636458, -0.20247737762656404, -1.2044888387980863, -0.5904852745365456, 0.02397396056524008, -0.6541956745021281, -0.5321587994304293, 0.6139519915155475, -0.546010617188991, -0.5832481133158492, -1.0033582357708577, 0.23498895690652183, -1.13444064669576, 1.2765580317513798, -0.5654219760307088, 0.4680747295576097, 0.46593951821070806, 0.1266439352087868, 0.9112513162498221, 0.6372670179044949, 0.35612406007424535, -0.16152755630906568, 0.35110192178099486, 0.45341555544605605, -0.36855107348091976, 1.1341876865535483, 0.5381966268596335, 0.1959010102372745, 0.005377659551773818, -0.26948721720113833, -0.49510112453618554, -0.45676073718911314, 0.4390685593872527, -0.10510005984952299, 0.09870866648512627, 0.3925081443289194, -0.390576483861603, -0.30913919913525, -0.9367214497350422]"
"[-2.8556180539980525, 0.8668756528113564, -2.1658950730283304, 1.3415332309724144, -0.9925639805105938, 0.8444495928570319, 1.0988640847397873, -0.23388820570539398, -0.5857539232992437, 0.930622595653886, -1.145757098083044, -0.23497374187206305, -0.35176274021148607, 0.537071259404793, 0.4239434667691288, 0.13022057021628275, -0.013258386515466103, -0.6263791896958056, -0.3665585906505885, 0.27762929744033094, -0.31583912444288115, -0.6721525649667152, -1.0241557329031885, -0.4170913968074354, -0.10072426921069033, -0.2154050523253553, -0.29108406180233487, -0.4091086596052688, -0.7929035106605853, -0.5897844584035409, 0.47416379189653984, 0.257471752342614, -0.6524602616214896, -0.5074399934808819, 0.46325630255241856, -0.5798174698179275, 0.058080892080910516, -0.05052122693143949, -0.7464097332895628, 0.3794763052975253]","[0.5741655099779576, -0.6924745041881223, 0.03062734159277876, -0.378418214579734, -1.8586830037085835, 0.3375785133057242, 0.42509759409837833, -1.3324744599981835, 0.10338305318518898, -0.37975002921450207, 0.08313414648549426, -0.39220841296686776, 0.10396231081058059, -0.1542901748438689, 0.597124959048654, -0.010029891879726213, 0.4200149529248165, -0.24490109160615647, 0.12266538457091859, -0.5524723812095689, 0.40350226587411636, 0.7936734195422145, 0.5698007678590112, -0.006807887381569676, -0.7018860781215395, -0.35814566430022277, -0.4049606730088733, -0.5265942712281272, 0.0913180087415308, -0.34650973633174537, -0.5208320055486805, 0.311868108937427, 0.1517138211866506, -0.04161013465565031, -0.22063556738160567, -0.09716202385898738, -0.14316912137182844, 0.08942230274827827, 0.5265095330349302, 0.025440199165906265]"
"[-0.997678792370001, 0.992308250924338, 1.0106331566416862, 0.15075874394661748, -4.08247207000306, 0.7942274256405257, -0.15260749497839882, -0.6670388287443544, 0.10806912154816752, -0.8065105346741358, 1.1253223762415563, -0.48569771077943, -0.15860846353345492, -0.055846175925162535, -0.03483413400443687, 0.6755358849630947, -0.9872201097176895, -1.0025933366546553, 0.5523096471026091, 0.11518293405234353, 0.5290255742703489, 0.9171598122879565, 0.07820423295120812, -0.5820741143030704, -0.21985750080310815, -0.7670158083727777, -0.6952672441920006, -0.7126311856545879, 0.22929865990731346, -1.4735444874905164, -0.3467351514645521, -0.5806409629185912, 0.004731358938387415, 0.006768773896968483, 1.3786539011751098, -0.21955685493798438, 0.5855524292269201, 0.5224032235021103, 0.336893031987701, -0.16611601515230034]","[0.24320873576049104, -0.3906340969462122, -0.8115602225716465, 0.7421927444014441, 0.21335864900371646, -0.04094442106422393, 0.09624789022264593, -0.47582586324062176, 0.2758012105561105, 0.5902680759034606, -0.7833810135180349, -0.42053116754556435, 0.5215569908472188, -0.46699922745783795, -0.6417702152804043, 0.06489587409698433, 0.1283018673817211, 0.025707402595488767, 0.889593195146566, -0.17605284572106691, 0.24401396240503517, -0.49706838353997645, 0.4414611060877572, 0.22337578082959592, 0.2639426284308977, 0.2542261492371178, -0.11974784910612948, -0.4488203794716979, 0.3337404131998817, -0.07080106090313702, 0.055655543420306805, 0.1229385911189614, -0.2536972291543967, 0.07768554191723574, 0.3271395839934662, -0.31142915522331993, 0.07408905302143688, -0.0991731579829725, -0.4187241541361362, -0.14102056694736356]"
"[-0.34972171880197656, -1.056220913700611, 1.7959818927432236, -1.6501422313832788, -0.7541287768971789, 1.2100472266257285, -0.6443191013346695, 1.4420408176422306, -0.7667376115195326, -0.5304402227600773, 1.6174947228735501, -2.0116641087267007, -0.04996829479245683, -0.1832606766614864, 1.2887916096181258, 0.1203420144784312, 0.6129967921776882, 0.43650649192113944, -0.3888691634141338, 0.6238495245008623, -1.033438229845105, -1.02923906551718, 0.3035001087889182, 0.14342660481504493, 0.29056775895648496, 0.044961714297280554, -1.0612566958492806, 1.237464324278969, 1.2687011840076814, -0.2974924073114813, 0.2089391901871305, 0.1829443287554335, -0.02068301341851949, 0.3986277527939494, 0.2145409873402591, -0.5793063839223277, 0.5068918166065426, 0.17631681512571493, 0.019343761366610028, -0.11044484556510721]","[-1.3416549264504567, -1.3271797639329754, -0.1532132445922218, 0.7623871342347536, 0.8795026597629031, 1.2320158187555443, 0.40281462360744613, 0.5824577486211673, 0.9423659688890789, -0.8514686612095007, 0.2676183815105058, 0.1150990561480517, -0.15910811068688044, 0.9508472639395738, 0.06905380875383198, -0.551672242297946, 1.0245423189890883, -0.45193175436821276, 0.0008662883421240777, 0.025397613307419915, -0.15870800329829496, -0.1097511335026022, 0.34480958015465424, -0.3768226241148809, 0.3856386676701255, 0.0424961023559678, 0.2811719558004319, -0.3815450042840168, -0.3055454519864755, 0.36411872509161125, 0.16799621187625305, 0.08831966397111211, 0.43405359235038954, 0.6073166520275892, -0.10144172778292469, 0.19312855884395855, -0.12314741048570381, -0.08678768080586485, 0.16548258409208091, -0.33963436108207723]"
"[1.379484803935274, 1.5883746555429716, -2.0791613945626706, -1.1598157424593893, 0.3487571828651496, 3.545429162232327, -0.9248133457371123, 0.36976269859193883, -0.8462515940370292, -0.5236926473391152, -0.682298202758516, 0.48513761657208887, -1.4952703046028946, -0.2487345357401871, -0.08963649970862145, -0.8009264496689583, 0.2503869880649289, -0.7838519527091863, 0.5272892697174552, 1.1890213087517962, 0.7159977888308862, 0.4363771553653486, 0.055180838392080524, -0.5082271365043072, -0.3372580365374921, -0.28264154806602926, -0.16416735155860798, -0.2528019806053358, 0.016208262298140912, 0.3071641331925007, 0.012562723931519087, -0.20207437257536612, 0.02199261490801123, 0.29433438674038553, 0.3420769789429323, 0.2632418117591766, 0.50844195416413, -0.31578817867788916, -0.20711538949786495, 0.35679821641297194]","[0.8512222879746008, 1.539125175207318, 1.4466079938286605, 0.10947680632282507, -0.634165969366272, 1.2903429580397265, -0.2688967787823306, 0.680222985295097, -0.9278208528148144, -0.81458553381799, -0.8766988668012611, -0.48502008418022624, -0.23897044080919402, 0.010565559587368786, 0.040489070348102334, 0.2226007648850131, -0.5826648211182905, -0.9784576970490115, -0.25509273913859354, 0.35392132339112037, 0.46857263995186405, -0.3173438909319148, 0.21753510084916108, -0.05923859779158659, -0.027192955373047153, 0.3431922348483482, -0.6991688145376083, -0.038174174565278135, 0.08789996177297793, 0.12118691497708514, 0.479902759383389, 0.04375741196402559, -0.14348630258468506, 0.3628905910821786, -0.3032292646491898, 0.24309282994549908, 0.0835463723628285, 0.013297641414689759, 0.38813416129580186, -0.01011023402771783]"
"[-0.8050022109952, -1.4745879031302902, -1.4036594605903223, 0.298924252499771, 1.4042808492024654, -0.8486826044318708, -0.796036346817128, -1.3540226323964841, -0.8185678254448445, -0.3698068441738636, -0.4752254365076286, 1.187105008287399, -0.451691805534386, 1.4915224048380535, 0.30948540709392236, 0.6752731725795524, -1.3254321187960976, -0.3761080239058823, -0.4295285313691665, 0.22224042205798358, 0.14401415342324328, 1.4024465560707962, -0.1580761600010167, -0.11526941928624922, 0.3288707811028122, -0.5483970927737366, 0.6156478972602673, -0.47804616307154374, -0.2892146405718875, 1.4522471356567972, -0.08320875395261473, 0.9367839606323299, -0.4814034745853329, -0.17979910026314866, 0.07980914466485135, 0.7898491472894227, -0.4451057417260421, 0.11421414775924008, 0.2379822934805605, 1.2690004028041466]","[-0.16672452545521022, -0.8308916614214737, 1.3979661403954964, 0.20924781128067038, -0.9994049014659299, -1.1760983631993935, 1.1116040314128945, 0.33712972909687744, 0.009053049310655547, 2.0169111581338885, 0.13353417905600515, 0.8914119598262595, 0.8985380931247794, 0.25141938310575773, 0.6511491807670704, 0.47271866234197096, 0.03930051612540813, 0.30326368236562795, -0.4374625400835479, -0.02617745437071804, 0.4451495255361276, -0.7033070471592641, -0.14546380049880725, 0.14429974194308115, 0.4084686892285696, 0.36676409439201374, -0.23372820291759971, -0.2637076087941631, 0.27945317301790534, 0.10699985838930176, 0.11776188896590402, -0.44850775084822536, -0.21381693875007277, -0.14685933726837438, -0.1149971092687386, 0.4752400887988276, -0.4508592916177652, 0.12733354235804523, -0.2302736988675269, -0.48796669719921365]"
"[-2.315217870334, 1.4962884451344078, 1.8872393987248106, 0.7226734697488256, -0.674551732238242, 0.9305684453623984, -0.3391462839476692, 1.811548578250041, 1.8095805971230836, 0.5006934269318497, 0.29999047486145464, 0.058547773397228824, 1.643676789612231, 0.9940038433507832, 0.03134055518983157, 0.05732358935559491, -0.20862283328010212, -1.4644102606286016, 1.1297520249927955, 0.5970929090902785, -0.6956485865661031, 0.5738293606705482, 1.0922289254080835, 0.5206564508221063, 0.31162820582073947, 0.16507842859639146, 0.26630796436083887, 1.074052371119248, -0.2793191649192465, 0.030627684961380876, 1.598081422479546, 0.38632183128578057, -0.25653271820769247, -1.2471359780344082, 0.5545927646224218, 0.1371028677491917, -0.36801703250163986, -0.6560715796765624, 1.6855559414461165, -0.2569323188907244]","[1.4504684402194832, -0.6561619456190702, -0.39981018222764925, -1.0422680372065265, -0.6077834675572117, -0.04359581443711354, -0.39584260907627566, -0.403782881592205, 0.20999837227491794, -0.6424069658578397, -0.2017513164427401, -0.6731841150359271, -0.07607784613284307, -0.564328923257599, 1.2056190542372118, -0.581013962450365, 0.47819532896910716, 0.585470259136453, 0.5204600583441704, 1.1052928691453172, 0.7039159865070614, -0.17363416004007892, -0.22789797928736313, 0.2814128538528353, 0.2695152932748735, -0.2659056692722384, 1.0213406515309322, 0.2907790537524144, 0.22165561401002457, -0.08465870688664665, -0.24660405585167305, -0.18057453784693558, -0.33612846818173486, 0.383596327742524, -0.4555446451075365, 0.09309752345621704, 0.5295184850445339, -0.18980092134920207, -0.2793471410318974, -0.6881093014683222]"
"[-1.5170686804270312, 1.9230791680149504, 1.4244278177005718, 0.46735606715091454, -3.0847677298256446, 0.6739956107893109, 0.5055478531345071, 0.2578039983877206, -0.08282362230224066, 0.043347890230927624, 0.12728283812665775, -1.2319256857965522, 0.35973866713858604, 0.6148190975704364, -0.32428511546114697, 1.015154370344985, -0.5516925157710886, -0.8899790277631424, -0.3331555390013442, 0.22661464232839448, 0.7582867454351966, 0.3398808116332023, 0.7251203915958689, 0.10834727278757128, -0.15072916288409552, -0.14035990886659505, -0.31712958407928143, -0.24851225031381305, -0.8126792955785144, -0.41281509387662085, 0.6021828729854273, -0.2882646312329039, -0.27298634715429443, 0.22610990719874133, 0.16147184241346935, -0.6600647069595008, 0.590800949637196, -0.24190542590309524, 0.8646864065550833, -0.4378552763628725]","[0.5383079878048488, -0.6074409282869168, -1.5527729007291786, -0.008299979114177727, -0.8924176845162853, 0.33642702180213047, -0.06119870021033175, -0.5720190068450235, 0.4360189509173009, -0.30610745850919296, -0.10180562382535045, -0.36568471656689827, -0.3780679892673354, -0.6542901208893401, 0.7045877845257887, -0.07680018596065954, 0.6043840114936061, 0.12506826390585793, 0.3563744881978112, 0.7553531215488055, 0.17291134410230793, -0.21730488992761887, 0.086950227386064, 0.1777277780260865, 0.2785121229843798, -0.47797812868346357, 0.5324366982937816, 0.2070155652043906, -0.0679325149710901, -0.2551478381428589, -0.0314014963436386, 0.11876427932096888, -0.4376335180015619, 0.3065992038089794, -0.27040525948835015, 0.40191796981637373, 0.27524900305919703, 0.015878351696937958, -0.23860866878074968, -0.3103351343667659]"
"[0.5846357627102675, -1.4869499973804081, -0.592861829740116, -0.39967578833916156, -2.1610620027154757, -0.2597046067778433, -0.9605498991976218, -2.1519284862683565, 0.25358912892663643, 0.3094336824728991, 0.3253110847408715, -1.297917870175339, -0.5843827577697615, -1.0370577892740425, 0.09979914332278352, -0.7319802977043866, -1.0889068956469536, -0.7881073564941357, -0.5357654576282732, -1.2972044649486774, 0.38907021161629873, -0.010530440739508195, -0.6196111227562476, -0.007342126842967118, -0.34560093156304966, 0.7520446248203101, -0.7063107753855367, -1.6247775145025747, -0.7302705598877726, -0.8609731585224221, -0.06700596511229759, -0.08812919111989213, 0.34061344478775485, 0.23460031672792508, -0.9670467498908611, -0.47817244508621864, 0.4247101410280433, -0.493132679315147, 0.33247622837445395, -0.07211424459103999]","[-0.7245429071419702, -0.803931676388185, -0.0892919132024417, 1.5007290824241837, 0.7599104820379531, 0.8199728147399071, 0.12381016887104364, 0.2934002250810063, 1.2886554033340125, -0.48404581597305196, -0.48907070228197413, -0.11028688332700393, -0.08410654340876651, -0.758443435202485, 0.5151673786436191, 0.9077052912585531, -0.22270740541143658, 0.17955657565708621, 0.5308585166504497, 0.03997309901488179, -0.03535947124835592, 0.9605570578025185, 0.5966739273646351, 0.19537933787860742, -0.4003517945270021, 0.3000147052088407, -0.36885247637509977, 0.6133259192162254, 0.6600489780364233, -0.15213202418152677, -0.5121241146703203, 0.01964495746477117, -0.7092205707758087, -0.1974896010251515, 0.22191234645457267, -0.980419158471334, 0.2851372329235207, 1.2159734652671927, -0.5632228450886332, 0.54300221795048]"
"[2.12270475013015, 1.1365995200524308, -2.283492220260053, -0.2800850375905101, 0.8056627331243028, 3.4676568795644345, -0.41221190967310917, -0.6407885006956104, -0.7173016984058517, -0.2961378704409551, -0.47482503836900963, 0.17821603651540902, -0.2761843290760515, -1.9094391068292393, -0.035668708488137184, -0.22408292217167364, -0.6436877935675521, 0.08289614448879348, -0.6273847243912006, 0.4611474286977323, 0.32913693006348343, 0.3202049796005748, -0.5993712125790276, -0.06522986989178609, -0.3388280330098024, 0.5682519603025482, 0.3852080085760903, 0.11200515861313712, 0.8234948482093425, -0.5612712425058572, -0.48778696629367296, 0.028218360383268578, -0.9974442032050095, 0.3961036767649081, -0.1853977919211873, 0.7610787279591453, -0.6089205621422026, -0.06419511338234211, -0.29647105900299625, 0.5979249394694943]","[-0.18692335007234157, 1.2913868678239906, 0.35189929740221126, 0.7694556254389275, -0.8514858792517745, 1.281383349682841, -0.7914408739661165, 0.9009942130323163, -0.5944523599362286, 0.44686395471965407, -1.5971295813831943, -0.31963904202732185, -0.26109344270877444, 0.42489305547667344, 0.15326394727345216, -0.833927901489242, -1.0793461025049158, -0.41524696439586684, 0.04223936545486208, 0.20801270841278854, -0.48710263839066514, -0.11960232503074102, -0.005096178749793348, 0.4992960976015029, -0.38377143382491136, 0.8900538524322118, -0.09109629273974361, -1.5003985247548126, 0.22652594469546683, 0.18658963217395672, -0.301984118259604, -0.9586269801347509, -0.4115971233749308, 0.7585693265315211, -0.34370644329790034, -0.5317529913255539, 0.5970992985740147, -0.28250924491916246, -0.08865529213976109, 0.19123223189917585]"
"[2.7363443734868076, 0.047390327671934074, 0.8050453612385811, 0.10759462819502248, -0.37799803886696454, -2.1559880326720986, 1.1117705960529574, -1.394176169302108, 1.28035435250772, -0.3541229730631562, 1.2294968057215139, -0.3435484364593689, -0.1540167000551462, -0.5771696760109629, 0.8705293752514398, -0.3342076417791688, 0.32128432787968403, -0.8908431908646786, 1.5818059889079155, 0.9545332153911259, 0.5511379176370027, -1.1224278606508113, 0.27769730244379187, 0.7722261095839741, -0.5473806087375073, 0.940072637238254, -0.36597247402486616, -0.12191410587196225, 1.1273282424637623, -0.1980834431562443, -0.6122493347462373, 0.18353437986238075, 0.705984350146205, 0.3250883581428118, -0.23832077954264563, 0.5624704245758475, 0.3930595715661827, -0.24105782085323715, -0.2033447363838784, 0.004435071992993324]","[-1.0982538469972691, 0.3261256609752963, -0.5302406575135061, -0.6000232202591114, 0.9836226236512471, -1.4318311332053073, 0.01660698815036068, 0.3933894192763608, 0.5296147186747098, 0.0650335055725472, -1.626355117360358, 0.44100630781852806, -0.3002861319185817, -0.6222305805810577, 0.0695263612544065, -0.23583107456185198, 0.46904983590151933, -0.8010686094863261, 0.44611651451915535, 0.13676349631521661, -1.0507266628193972, 0.4278667251619302, -0.3658862193470375, -0.2897578737544392, 0.02917276792167827, -0.8273285318308166, -0.3091809872085155, -0.18411318822394196, 0.23595836130146847, -0.17211293324081428, 0.4390760712190637, 0.4330139388829125, 0.41998197830472156, 0.12721540437888876, -0.21466468231335983, 0.5495158875017262, -0.09177560411048162, -0.40229763590890283, -0.03528022432625084, -0.2627904790157188]"
"[-2.537639730816497, 1.2021454526994633, -1.7147903653795478, 1.4174266793569363, 0.3352523579075538, 0.02581062014433314, -0.48453121072034167, 1.039114135726668, -0.17300948843405842, 0.47720214761376767, -0.9124495630684172, -2.196213003394567, 0.0862871138575081, 0.40828741412743497, 0.2802589042321427, -0.7501637002197831, 0.7694023627736922, -0.6507661299658044, -1.3637441550739213, 0.8667700440478473, 0.7085095686305554, -0.05856141178585495, -0.8361873009685775, -0.3873452870376612, -0.8837370707506136, -1.0821993168170758, -0.2577783886837385, -1.1152637089415698, -0.2671375250334621, -1.023293654261411, 0.8752341106062362, -0.061109896915905994, 0.21948523408195153, -0.2020927549664595, -1.0949223394971654, 0.667292342725959, -0.13398875910838026, -0.08636958117618497, -0.4412597911130244, 0.15607775054023104]","[0.7622386167412482, -0.07659359284186706, 0.342468416140277, -1.0613381614844464, 0.43304125829991497, 1.0202553608598126, -1.9063709005134808, -0.9273149999846798, 0.7704462718039599, 0.04231961117886924, 0.4743642497556757, -0.5003564375215535, 0.10353982100570587, 0.05265022671510965, 0.15886080328450164, -0.31147656921455846, -0.552485228116935, -0.3051631748270581, -0.5545636955233738, -0.07679304087448136, 0.16185340501248643, 0.29893105975749035, -0.6346940858448995, 0.055356379358278286, 0.19491396596808963, -0.43747907874730163, -0.23389984673415823, -0.9146476701841378, -0.22782673622017724, 0.8723500272731867, -0.009543878021463968, 0.3297872889111343, -0.25115661003110595, -0.13986145035703973, 0.04861083385315458, -0.4060412226139359, -0.368138337409937, -0.19436064908280515, -0.1363329075371868, -0.05259117721740371]"
"[-0.6303676207235297, 2.402929286122061, 1.124686835518404, 1.2301064536677995, 0.13298676246509397, 0.00017449578979702348, 1.668829747730413, 0.8758369973999115, -0.9580320758004928, 0.14341821275927233, -0.5922968863286383, -1.625911891469663, -0.1865844592019272, -1.8423242495610552, -0.496576131587116, 0.44758143137360246, 0.9607066371988463, -1.453645071409901, -0.12884012442643922, 0.051636429845101646, -1.0575177790476133, 0.23063643707169226, -0.8786369755982931, 0.9090680633473176, 0.5303472025190817, 0.5863884898048175, -0.059952683774956814, -0.8078753547249651, -1.050040244061843, -0.794004703912353, -0.3892565601276432, -0.022807733975551518, -0.29946204561958395, 0.015881567740320356, -0.21951646135107514, -0.08949698180137082, -0.6808427689126673, -0.7045409162396242, 0.5386551585003747, 0.8518236760749895]","[1.8286912784973497, 1.0656112459404685, -0.46843490444658337, -0.0071605416072255965, 0.44515402039865437, -0.40837657684083223, -0.7662041494936979, 0.2002630535776141, 0.2319033023729452, 0.5063731278164102, -0.04029557421051404, 0.47925242691438263, -0.6912220796891652, -0.31147868516679356, 0.6424516254418722, 0.2810096656669158, 0.5980226254201328, 0.7573098660569667, -0.9026141146705323, 0.003101265033219523, 0.4160553254378879, 0.353390862917462, 0.587505831981259, 0.3748323499187016, -0.5551940104306805, 0.03255987308906699, 0.26906731451997223, -0.11211615516578961, -0.5956127674475207, 0.11792135572644054, -0.007822742770727423, 0.09297501367270192, -0.5791178774792717, -0.15040457864681128, 0.0681177366752518, -0.42913310190683646, -0.028014593662542952, -0.4122138773111661, -0.07228459169981702, 0.7281541878014987]"
"[-2.7211902680964553, 1.5352350931094605, 0.7882547173035547, 1.64779819506184, -2.8064314265032806, 0.47235857038494905, -1.3237420351167093, 0.12659306113483648, 1.9181254942142203, 0.650826128228884, 0.5606600915990909, -0.06397863545651572, 0.8121989764684585, 0.6571905028911219, -0.2949229344035891, 0.7063802067868568, -0.38970659313379985, -0.6280385274204893, 1.0829727094704644, -1.6603289450118908, 0.38130012429374777, 0.20249452905663048, 0.6403242965725054, -1.4785990063866046, 1.6053796783486676, 0.05962344908437844, 0.24292475450832451, -0.5994295550614276, 0.5592233699436733, 0.9168149481854578, -0.8943004644351144, -0.13151950716581137, 0.09131734556071266, 0.1672161164879429, -0.29408291505206935, 0.2597604846606883, -0.6067977653770699, -0.6642160039080183, 0.2613748865199437, 0.10207802356703315]","[-0.4133403999032623, -0.4820125022024819, -1.909836116405747, -1.4402743834322285, -0.7913502027302458, -1.3169743489377463, -0.10224886778072596, 0.13718157353447197, 0.048757279832269226, 0.4224190422538549, -1.2974672366461977, -0.041558330253756874, 0.10287330944029514, -0.12533163979335132, 0.8888718201965664, 0.09645921661265562, 0.24651905450617198, -0.699786096544638, -0.2513054628141709, 0.06209137574364729, -0.46367653711309637, -0.024197235942276272, -0.2030351342862792, 0.3318297379634128, -0.2671669628856583, 0.5901571657760798, 0.5645590213212971, 0.3334230337206164, -0.7539168951416296, 0.060499785666159205, 0.21019973074707216, 0.46789020003163134, 0.05430578154778709, 0.6921480200126534, 0.5490894204379265, -0.03194772916739332, 0.16782078378545495, 0.29100662396965266, -0.1780668802469562, -0.24079835071493585]"
"[-2.154307083916021, -0.2616858568822211, -0.09495143379763381, -2.8854134167922685, 2.7314262456526266, 1.1014179517463847, 1.1402678783431472, 0.34717269039952525, 0.7754283226071045, 0.6019975163683391, 0.7516981975687014, 0.5273483891954868, -0.901604504436605, -0.2460426650182514, 0.39211093239868544, -1.3509065278924952, 0.2326510049325498, 0.14739331841885814, 0.8055535432046601, 0.06797008289724744, -1.0102862159517116, -0.6568490755090952, -0.8510919255395769, 0.00556317065204005, -0.572176769762407, -0.4594471723899173, -0.9990978694948132, 0.22085236146813755, -0.047998781023731216, -0.4853390945903492, 0.5960223042353645, -0.15541241295927652, -1.3906612657629462, -0.019462878392326393, -0.041631272218928955, 0.3785533820264508, -0.09884998719090778, -0.5409982375182543, 0.6722640165275737, 0.5445493765259561]","[2.023427488675192, -1.1084251659653688, 0.2532606554376994, 0.29943481674632977, 1.0597154217171234, 0.4215248557584081, -0.550891627266048, 1.6159342602331654, -0.47448042274934543, -0.1964964670666199, 0.33941459095199433, -0.08711439739253643, -0.4239118911719299, 0.1531595614207917, -0.02799374979496128, -0.29073526106236314, -0.5785837700565581, 0.09207470980779844, 0.1057247285895575, 0.18409480362439173, -0.13351412130600304, -0.2029656637612136, -0.4047818948282409, 0.41839207502180165, 1.2312390540201055, 0.00475339417480262, 0.06848656091103696, -0.2911575116486193, 0.051410712165659095, 0.47828643447190095, -0.10533609694469462, 0.03179735421897515, -0.14233765316135694, -0.18015173786259336, 0.44849143207349645, 0.18162738759505478, -0.009391969707677522, -0.08800174022240165, 0.19192247363350873, -0.08640190553649438]"
"[3.5160198172607036, 0.1724199090304691, 0.6711760070856605, 1.0198572265927368, -1.3439417807326288, -1.8447291304336397, 1.2905418515094478, 0.5563516538529506, 0.11481204136867901, -0.5495267247093741, 0.3281548598340742, 0.3196228784913667, 0.5388067437767934, 1.5063301311740698, 0.5200777501967911, -0.8031657974585776, 0.46079394990035183, 0.4093629793339518, 0.4191747484282232, -0.3753421442908277, 0.24445862685491793, -0.01200209665205264, -1.0277063568144156, -0.015771536117388792, -0.038953661328833565, 0.11738133938030283, -0.07050629903889757, 0.2884981643842584, 0.9816819760423197, -0.12612615082634368, 0.3351540620941044, 0.3824092122447199, -0.379944168267577, 0.8637798492092914, -0.012798855012350755, -0.18709001255903707, -0.48904770214657317, -0.6342566483317732, -0.44540876472408225, -0.48895949492206175]","[-0.844426912157339, 1.167653118095644, 0.2871291180592955, 0.11559188554793211, 0.06705080750153658, -1.9654391731511784, -0.05959174123600454, 0.07110489371376205, -0.033371415141244094, -0.5499813021693838, 0.4445695113680281, 0.19495611768082677, 0.6396839921032665, 0.8218781576458666, 0.6788692132500849, 0.3275012221882589, -0.21709762328377274, 0.582922060733557, -0.20374359542563958, -0.7224059135958739, 0.11932783566513845, 0.17224988915746542, 0.061445365402358086, 0.05286421507995108, 0.4927738713281664, -0.2635474133356086, -0.07871531393409108, -0.0912836138889816, -0.2986101236300276, -0.10972599988421447, 0.02156995899930493, 0.67081956438562, 0.142376572749575, 0.020431215943204545, 0.31925477461126844, 0.3513285636558672, 0.3564821631118268, -0.10301082458205205, -0.039810538583004214, 0.2170053514908711]"
"[2.1265782712170322, 1.1225628968924817, -0.0019377817090347864, -1.1296606041567216, 0.3912876081629063, -1.866943399548329, -0.12696061177696968, 0.3522072005629295, 0.5481176466739247, -0.07351889728843881, -1.194230981147462, -0.3559966727837714, -0.04098631122538467, 0.5328287475025228, 0.7071124900003596, -0.6749460759914089, 1.4580551886530877, -0.37153520222990166, 0.6750264793726518, -0.1672519406214155, 0.2865936466457779, -0.2761526963197067, -0.33516170333372036, 0.5975865321741155, 0.4964446085838208, -0.6044262692903253, -1.5599974676156498, -0.5008379253111274, -0.8031291092242852, -0.5524782432700854, 0.22417942089571088, 0.20575284693647972, -0.24805416890531606, -1.5171103926239178, -0.11554767178888493, -0.14806198747665025, -0.20366937306894864, -0.05174747941403551, 0.8572688734748345, -0.08545618066733245]","[-0.15573882254909022, 0.4304273473352682, 1.6957863358686165, -0.5196174876678603, 0.21675241346777996, -0.6863247003008024, -1.4864163482642, -1.5564922622730837, -0.09762915563890227, -0.5246273488570596, 0.50925994526715, -0.3502033490590656, -0.5374577954288421, -0.12550981285844398, -0.30466516420893935, 0.31636774236716464, 0.8121150589777812, -0.08774382289737322, -0.5641383256793734, -0.7225049017769057, 0.7620556440294245, 0.48128678722399443, 0.3621520607285571, 0.6321573483298402, 0.4321162490763309, 0.021643817412293247, 0.7889855992795809, -0.01686855603144067, 0.3362153194894572, 0.46294572298246445, 0.18691373147047863, 0.156271362776832, 0.3454074580300038, 0.4560297060170385, 0.06672353170648097, -0.17411894313979986, 0.255883151667179, -0.028356307362632498, -0.19026941558268115, 0.29623941322084085]"
"[-0.3118560933086661, -1.5856399412124509, -0.236068884394534, -3.2830166929450617, -1.410071473115608, 1.0507478395229035, -0.04850271554910367, 0.23000294244987532, -0.7438319484178891, -0.29590263714613135, 0.24724428445001037, -2.1528699071299155, -1.2100075992524413, 0.6403726164225583, -0.24704212276648235, 0.3168882577281205, -0.17244095301232917, 0.7429799251122741, 0.32161253089908903, -0.8715493476895694, -1.4729207796696893, -0.8909259739119656, -0.7071708489350418, -0.11334648522576024, 0.8735557567661517, -0.19280476502200616, 0.2941170803422771, 1.1082382738118324, -0.704164043220243, 0.8988934642421906, 0.9772079040730149, 0.06311898999708644, 0.6558012519146236, 0.8735803449554972, -0.08419702121387446, -0.7612795338046624, -0.9868390083477128, 0.5145344181153536, -0.6878354756353985, -0.06620297022444449]","[-1.1372558693296315, -0.5933708454268489, -0.3510217691305383, 1.3048186580392478, 0.1951594153901837, 0.9400843215252589, -0.17928469374011904, 0.021888801640290927, 1.6702079661126972, -0.7884034200014969, 0.04284784696807026, -0.39606194425698765, 0.5772894821525094, 0.5662854277166623, -0.47655092606419275, 0.137098223256532, 1.5855191831143713, -0.7751955781729643, -0.018122671162463227, -0.20757756970635688, -0.07642615721808177, 0.2219369424518778, 0.14391287511928488, -0.4535428107402211, 0.08552795819735742, 0.7414311085726014, -0.10435408052326275, 0.07383404702855806, -0.5830814662878342, 0.6417156277206782, -0.3262699369894297, -0.7450377963080062, -0.48358743151507383, 0.3836360166375414, -0.1758526010496497, -0.5263962886854759, 0.19100034661357534, -0.6479990706421159, 0.2397216226448062, -0.6082596809471691]"
"[-0.4837032415701074, -1.829170076769689, -0.8100705425197278, 1.809504568309721, 0.8340594272839884, -1.2400579553895572, 0.22777162986870245, 0.7136285207440628, -1.5363776673459615, -1.148909499737844, -0.007535325211694336, 0.7322460145262774, 0.022560987244018164, 0.608093807717487, 0.48471542622237956, -0.1268139356275166, -0.649512855636896, -0.8756020074834012, 0.5827074556358945, -0.5442876105483035, -0.3980567204315748, 0.4153451281972383, 1.4946865715906805, 0.4770521198909333, -0.8758708267142993, -1.004395420389519, 0.1883263302683857, -0.07088388643789748, 0.7705586389906197, 0.23664855194517767, 1.1992415918683506, -0.3342756964191145, 0.28448555533172987, 0.7710092105133504, -0.3904008364012853, -0.689334350894233, 0.64768347787775, -0.8894859623792084, 0.00965956710333813, 1.0320392402524214]","[-1.542871947801266, -0.8669903534744846, 0.7597800435230175, -1.041523566181302, 1.2450326752230991, 0.9090861496022057, 0.9417935249563053, 0.3897130193845403, 0.10943092393185878, -0.6130405923674146, 0.35937169215268727, 0.12388600318444237, -0.5722880230228087, 0.26550379960946424, 0.6000870782365257, -0.0783858474207037, -0.6647681839957069, -0.06487852720201712, 0.6243628644148612, 0.4395438492134937, 0.33454711108912794, -1.0632405449447735, 0.857067482129122, -0.7920331582731844, 0.22338399862144256, -0.31375388846908603, -0.2825025147594848, 0.37303552746862273, 0.04002022970254713, 0.4832028064894636, 0.02374258003715687, 0.3759399148512774, -0.6061685491974146, -0.0010042633302251142, -0.27396551120029294, -0.07235208701290444, -0.015669036558324606, 0.2602745167849464, -0.2707556740073478, 0.6928830556730721]"
"[1.1918924135138316, 1.9711721353351752, 2.822434049143956, -0.09173572705788641, 1.054404701551154, -1.809951942921835, 0.042114280331472326, -2.1080645574719767, -0.6263819257997267, 0.07724264697802519, -1.597172019138738, -0.653278273872092, -0.30039738116952813, -0.8662282090098867, -0.5641376306021068, -0.7411497400211096, -0.162992144273436, 0.9602337894376864, 1.3511805490678717, 1.0975070122703778, -0.5471965996385273, 0.5820409935636255, 0.6992139132491997, -0.32220572556844695, 0.031194546742738884, -0.16371176438893117, -0.06811760517166063, 0.46126203716079694, 0.6121454867282674, 1.0917543313930451, 0.5697782253092213, 0.12315534362278223, -0.9904116778725953, 0.6326455562517029, 0.1893349801925588, 0.14265557217377875, -0.895215422145485, 0.18399667115523224, -0.6926508281749055, -0.41847608517463375]","[1.0211254876466898, 0.8657610081676148, 0.7389523535826081, -1.4651951959598177, -0.6243159683264177, -0.27165628692237037, 0.1582637873820164, -0.3681500304423129, 2.0519002801702393, -0.07077885710989743, -0.2937362829209447, 0.5530353620147456, -0.3591143684566992, -0.08288656625942069, -0.6710394988760516, -0.39113086001045444, -0.41706030943837213, 1.654906986205132, -0.45202359295834094, 0.5778818525525561, -0.3782810314703418, 0.3051214181346, -0.13080697265986604, 0.17360911914503838, 0.20188471149610931, -0.19613553387943922, 0.21934119221482432, 0.1038121350984528, 0.1275446247443178, -0.2510823744238498, 0.09718461483555937, -0.23696778095853252, 0.2962342617712434, -0.038183682854471074, -0.6647081743948307, -0.24375950976878136, -0.052624041640321785, 0.024896641866447404, 0.3887870706317374, 0.04173739208781405]"
"[0.267496325229064, 3.131049836849706, 1.218033014057403, -0.07623410199747814, 1.8788277505428517, -1.6027612288606925, -1.3253361050166381, -1.9124512255166017, 0.02668140018449764, 1.3296931491878665, -0.6146082140657925, -0.9867940145349106, 0.09325197609612672, -0.6572983827603754, -0.6847218088194847, -0.978329951158065, 0.3324367549850272, 1.7785979898105362, 0.6024335499200316, 0.7483317675003774, 0.15932857166690298, 0.08125577296465694, 0.3290570777236878, -1.2978532138228474, 0.14834229262307483, 0.46129805765397086, -0.6456968534129621, -0.30383448144935926, -0.5797466995141766, 0.3088834757685543, -0.022851097516611907, -0.5509026009610589, -0.977097737751147, 0.8032804706455441, 0.12085571207408433, 0.1514565978039125, -0.3324199483904512, 0.7297273839871791, -0.23591583300013327, -0.7102175094073977]","[1.0995251551847431, 0.828117567890834, 0.7097360283218946, -1.2205655243446876, -0.7268042010096781, -0.9001341052299427, 0.4383899215397951, 0.15774132367968322, 2.171724075663461, 0.5425219134636884, -0.5782500134986047, 0.6223523594704404, -1.1394906733417975, -0.15538290783347639, -0.9970856741527218, -0.36198268654219184, -0.7512356630129263, 0.8288161762909244, -0.5584640860745423, -0.32218272034991313, -0.706651628595094, 0.23648584076186763, 0.10136196362708474, -0.05190296917543731, 0.017935891613088083, 0.18516541739999418, 0.3431011731131647, 0.003715709484281178, 0.2503334747848923, -0.05243590087172988, 0.3004863887750343, -0.17922986044873562, 0.17057128992781856, 0.05120229627842369, -0.2523649497944154, 0.07288127836816685, 0.13777012779641412, -0.007066808381998253, 0.19372503580164624, -0.0036475095689911473]"
"[-0.2029741602698499, -2.414321008694363, 0.8622359234048528, -1.8822797905927566, 0.10333928725843082, 1.7946440428497732, 1.0037000600299215, -0.6342073299906881, -0.38078231057125106, 1.7561938194059739, 0.6477678040241037, -0.936274088975215, -0.5453433431346338, 0.5120771170289802, -0.581781130654637, 1.551474784362342, 0.6305311904475512, 0.8000425748737819, -0.5140867196733582, -1.066132679326129, -0.2307172464297435, -0.2672916806142564, -1.09221410041185, 0.4566235760959325, -0.46364747788499694, 0.7642738621955179, 0.901178238356499, 0.346478656228238, -1.4281983463499066, 0.28484352532961704, 0.9344729228112415, -0.15354771396318337, -0.13601942532447595, 0.39241256432172344, -0.9568099408425735, -0.7794403497913787, -0.37946350227951287, -0.22462217493817033, -0.6607889340788292, -0.2678944410856369]","[0.9106609722622685, -1.0996225935479234, -1.0502012439951083, 1.6587520083197254, -1.28559518861766, 0.0685784601966542, -0.3443363570092306, 0.2715711868056946, 0.23108224158574275, 0.21560661368203873, 0.5219840428951161, 0.2495072075789001, 0.21557668579135073, -0.13504414869108844, -0.7219559440078284, 0.277388084280343, 0.43351932863430237, -0.2542088486683712, 0.31677848830328925, 0.4746852304673081, -0.16350254081014717, 0.23997750321347364, 0.2721506762589204, -0.14436345887536428, 0.13237128429191172, 0.26690356876060584, 0.026469200726296698, -0.1608649070610127, -0.10308108180240827, 0.0812012664874788, -0.08062778725978413, -0.08567591525312049, -0.05154206219516449, 0.3397596862383583, 0.014819459296431269, -0.10581078099967423, -0.11772252925039349, 0.20810821065609408, 0.11822618655936785, -0.1339579544686023]"
"[3.5102687797317085, 1.1751016721688163, -1.523261421272225, 1.702531414878302, -0.8300616741409974, 2.00396520535551, -1.6054108744958568, 0.2964595555688061, 0.12485471596744162, -1.4309433771681723, -1.1875070935637915, -1.0672669418748153, -1.577827552415869, -0.6862432358588632, 0.029541509503031867, -0.05741887649947444, 0.09165709592778903, 0.20258885155708498, -0.37755906754044527, 0.10718797180736986, 0.0901677204807652, -0.624969442618315, 0.03161769063245214, -0.2862895511031179, 0.14586538174837438, 0.012349321731338882, -0.1611200408825982, 0.7757584332561469, 0.08447867555321399, -1.003118576254941, 0.13454552829671335, -0.3159879790113928, -0.09492787949976027, 0.5460920523877034, 0.0234453213723928, -0.27531630773376287, -0.4536932213381665, 0.43078748232369996, 0.549395396835622, 0.14482043927984717]","[1.3092343231892682, 3.112601994187831, -0.03469693984342144, 0.39176858236930495, -0.10730901624608472, 1.6193695926702552, -0.30635128400520734, -0.24766910612235676, -0.6992275613867771, 0.5563383262922666, -0.9139382117365947, 0.21393225026330298, 0.13399790284820726, 0.5496169172639327, 0.07488407740135916, -0.09214640788827375, 0.4840256756180138, -0.26470484913080083, 0.5748856362956837, 0.8161787500435869, 0.10414469131551785, -0.14260348728083033, -0.17082598878840413, -0.05598041135142914, 0.2964241480743441, -0.13409054623872949, 0.2593070715522063, 0.07797876531849518, 0.20868296606158238, 0.12373768060979719, 0.23276932981451445, -0.0841401185067834, 0.3456751425319017, -0.14914861066843696, -0.2019593106091891, 0.018061738353766236, 0.3029631099338871, 0.1498685727201262, 0.5378707239480218, -0.0018921694825074918]"
"[-0.6715053204362862, -1.6992292828476567, -0.600841980843309, -0.9913073235470105, -1.0362728875934024, -0.6227391445300627, -2.2677748603989265, -0.7568145995741515, 0.1492023857887151, 0.04313427904777393, -0.5158066768372467, -0.37696523914589297, -1.1284239526729487, -0.4077813403048734, 0.4704027148684885, 0.6155551049794644, -0.7317337042012116, -0.6410989585060674, -0.7972592219845869, -1.0619072780431134, -0.28563596892035187, 0.49766555356609504, 0.2736747982019932, -0.7084461451875143, -0.5300592507694216, 0.2035835506597863, 0.26390901831075725, -0.11652582689352342, 0.020260176443929873, -1.0722510057460681, 0.44916496412723617, -0.4673623292151605, 0.4543682329172394, -1.4793450894223095, -0.24291238774383947, 0.780484935754023, 0.5476400219020411, -0.10145229894665442, -1.334897079074452, -0.1416493974290514]","[-2.623576674483266, -1.2775757787858493, 0.10684067605832726, 0.4837462999528114, 0.37870108898341226, 0.6665017962057721, -0.23862252496232264, -0.0457926021055803, -0.21743604628882174, 0.8180149075620089, -0.8176194853978743, -0.026951665011380955, 0.8155437765180839, -0.09972322944136676, -0.4346225869445595, 0.33486679333000685, -0.21101177368835375, -0.008751219006483216, 0.4154861256886269, 0.09376193099850355, -0.05551365704238078, 0.24217280844059497, 0.15282602273420257, 0.38874147172811113, 0.022910841212103294, -0.23592282870251652, 0.03912154509815283, -0.34780404313868285, 0.3393509435987579, 0.2551309075247038, 1.1615109359548248, -0.11637485126703155, 0.2540070580204786, 0.018455704213510553, 0.3726093262740891, -0.33371681894800526, -0.43778077149338684, -0.5557516588492105, -0.5449762914351215, 0.13834208838986703]"
"[-2.7858901070868423, 0.22376574431487406, -0.2249592977553314, 2.5160891742028073, -0.45793295054532157, -0.4673250996795746, -2.686619325543506, 0.7784958546104527, 1.4615017707525626, 0.7751435232586505, -0.7731826175714113, -0.626877423509533, 0.3500445777638773, -0.06887435091349485, -1.2374371836993536, 0.16269933209779042, 0.7185902759104227, -0.6096506905946901, 0.6571571626448021, -0.6983012493422415, -0.20700619531266914, -0.18210215290313955, 1.104812939133765, -0.3563501344439795, 0.7260072555011088, 0.5656040816289399, -0.34036277527342723, -0.1048667064662629, -0.2662096571546786, 0.6576074382677857, 0.20408979366240632, 0.5200594029260982, 0.7017898497864572, 0.3583722336085634, -1.2047425281633313, 0.28232305624510967, 0.32005579091276276, 0.04979318241574686, -1.1926637493972878, -0.5917149190737091]","[2.6253702490016053, 0.04059701496256127, -0.7854226917688548, -0.8947654801044026, 1.3814579343671973, 0.7587656909157704, 0.09550683039917571, -0.6335516845230988, 0.13534382212505533, 0.7627738519108787, 0.17180062010995378, -0.29811703302840237, 0.6443036678907328, -0.19455627598649194, 0.6345416018952855, -0.3141850415442724, -0.10645881166576393, 0.0875818987878201, 0.36302038174824713, -0.13712673044404233, -0.18374598607313403, 0.04592698391997203, 0.07366494133518121, -0.48628931640533746, 0.26339668550305856, 0.32850783274532913, 0.4910909174382946, 0.08608261424510323, -0.27142550947827376, -0.8548859513180046, -0.2547919192378225, -0.5811769194885048, 0.18583017776926264, 0.0790235099049554, 0.1384005514531523, 0.008906001886597967, -0.03507883086967245, 0.13811587532146438, -0.036609693475921405, 0.293307621898758]"
"[-0.4029096617751868, -2.887953351933235, 2.149110909851338, -1.123363819199926, 0.9471521532162567, 0.8389123354118868, -0.43923989497808075, 0.19986530539172448, 0.7848074635077383, 0.21485473797978286, 0.5860211105546882, 0.5787780979371374, -0.5681268960010918, -2.0848971980026203, 0.6739705013819927, -0.18206243803488167, -0.8375678043555673, -0.6015063731562288, -0.708554413512653, -0.7435458218216661, 0.07303266979714092, -0.16395147732703333, -0.6488524939772359, 0.10501023216680398, -0.7300536601709806, -0.43372897696059126, -0.8281776913721195, -0.180241692774473, 1.2231816493673624, 0.8236930411360767, 0.25167465087897284, 0.16805440145881964, -0.690671041783379, -1.0029605601980636, -0.7221368482990043, 0.3676105734028529, 0.38907779550964244, -0.536204114467691, -0.32699466161527996, 0.28072937362092987]","[-2.086395339809322, -1.496329851948309, 0.847496380370394, 0.9806425954924778, 0.21914002759106083, 0.1179302806269497, -0.8454648599920511, 0.556695713610518, 0.1076104678272116, 0.7974586785589739, -0.19320077208698458, 0.8138109749518793, -0.4892816815839188, 0.13086605225635067, -0.041525203683966144, 0.026313390512759126, -0.17638783304795502, 0.007288530129114943, 0.2589504770436803, 0.5050261036105598, 0.18466967395366013, -0.2669564260224526, -0.06181999281366488, 0.4503481171444095, 0.18136380753914425, -0.0843738422042827, 0.2255429855498784, 0.1659318447305339, -0.16105045454418662, -0.02677272802445865, 0.15513137213949355, 0.1885594777652955, 0.16021758200914626, 0.2484562891400739, -0.0062982342986871945, 0.31598306706619994, -0.32782012650621273, -0.2753876976707712, -0.49758414862965267, -0.08707069681135399]"
"[-0.8222588938851634, -0.030973092774431443, -1.143068141927402, 0.67507893957833, 0.8184345863420542, -1.9428293293107934, -1.6105146579229745, 0.18408022031429003, -2.4927441229664096, -0.25028872270331853, 1.1218058319561326, 0.112534394188363, 0.06893232151139768, -0.6431928976073543, -1.4146495763813791, 0.4336235426845976, 0.4870456983421826, -0.1555034183646292, -0.9098385127151541, -0.42856379151532453, -1.0991985111024876, 0.01594879524108605, -0.21154009106664254, -0.4649951335927617, 0.4053178190319401, -1.0701191834874801, -0.011895405104235512, 0.32396175382874787, 0.8067429491275199, -0.45736583193275454, 0.01060781295162593, -0.3632071477908532, -0.17068838972586678, 0.5169938862945662, -0.1892383720578501, -0.19104122471219673, 0.27691434997691916, -0.10948286271611672, 1.026244868644972, 0.8721318289612658]","[-0.8614106425237954, -0.17560093186340686, 1.0441942873810726, -0.9079986880923018, 1.0083512937373582, -0.5676600618326115, 0.6723622125871864, 0.29526749950720055, 0.41126548728026807, 0.5494014723200361, 0.3422772628276568, -0.8130230902564605, 1.0274889612409048, 0.12624416230196406, -0.38584799668456515, -0.08252696522961653, 0.3267242465905012, -0.3028369130422176, -0.11234507495647697, 0.47108601609368733, 0.677059555783317, 0.2018523031678307, -0.708139962712458, -0.1865152896777569, -0.11419411062546245, 1.0543864367678195, -0.1107728906231375, 0.610382250784622, 0.23467870069541077, 0.19222843459596198, 0.6271229610233854, -0.39257224426414233, -0.5167690185743569, -0.061165579337474234, 0.027258317441282993, 0.8547491075396978, -0.025932777161314507, 0.3663665776221339, -0.43356108665797016, 0.04098194026675632]"
"[-0.25414530929357226, 1.2249711469365938, -2.2261700807398337, -0.29899500065155993, 0.6659766405964493, -0.155815465772424, 2.865960083421616, 0.9398405020353567, 1.512580870185147, -0.9302467868517799, -1.2605244295037512, 0.7395907110479479, -0.7410662055792826, 1.6777525267242082, -0.7760864022650399, 0.105224595227822, 0.36256487433713325, 0.3552703686256717, 0.05863816744658576, -1.006382314416833, 0.040496612290861274, 0.34373346547032824, 0.4849564178440061, -0.8189180025252693, -0.7426377829770698, 0.09111496642422322, -0.962264431956208, 0.15499923002991553, 0.8433128031957284, 0.8061378951552475, 1.0860110376660155, -1.2992243609421872, -0.41955053934077846, -0.5331290047019521, -0.9461033921058967, 0.297160476246906, 0.6228433703762891, 0.24708881574026406, -0.2522973151340386, 0.03484857636726581]","[-0.10156234355279363, 0.9875580863112821, 0.7604171278611247, -1.0281990662548588, 0.2855312924424755, -0.10414035331556713, -0.3700994146327984, 0.29603699907934966, -0.13675532103075974, -1.5242598013607256, 1.2272946603763877, -0.2763619513564069, 0.9286248360425325, -1.4316622035588975, -0.944401435764177, -0.8272568260265379, 0.14702670148811306, 0.14362621794924219, 0.29620372279717594, 0.14472215044864414, 0.013127827447555751, 0.23328709520216637, 0.20826699794584677, 0.15411324728283488, 0.07557433379014922, 0.17431679447036783, -0.11523469141690167, -0.4143754214060762, 0.1838001717949727, 0.006004034083381975, -0.2858500899897766, -0.06719345027617157, 0.6918248086830193, 0.30796424361484986, 0.28226904081491494, -0.15215318700785357, 0.12692538338483736, 0.39364983488872746, 0.11565024283043163, -0.20188269053697377]"
"[2.2002031485976885, -1.6120008229180327, 0.2476155943298662, -2.378034739755626, -0.2953569743104648, -1.0758931170873773, -1.0076654908225045, 0.7784499541345927, 0.27844751465102524, -1.0153393629068381, -0.43838974766718514, 0.24080013611039572, -0.5891006246597216, 0.8893000658382929, -0.026219474448534306, -0.26995384981166404, -0.8556226441688606, -1.1607010789872878, 0.21786331726994768, 0.08767917401569131, -0.2192832490272261, -0.18631875487195249, -0.7392126641739235, -0.2569089593266765, 0.2455455538485933, -0.8789423592848437, 0.08166941080547048, -0.10168679266608104, -0.48748249183539066, 0.4899261416150395, -0.179987196030625, 0.8417669037817511, -0.4538302307752652, -0.35117392897546734, 0.2895208942705484, -0.08005630361519055, 0.9190861086071574, -0.5924033087193968, -1.06643179266884, -0.5785174382620851]","[-0.7220533655697237, -0.24099235894304347, 1.0527917304563437, 0.6979530325397181, 1.5624314766461789, -0.6519975175880205, 0.20225980435032406, -0.37661491297491123, -0.1443013603733734, -0.8888752052308283, 0.18149772084907015, 0.6436948916458789, -0.12604231295836474, -0.210929308116957, -0.08257161471758558, 0.2654626747187858, -0.1697168973574873, -0.546759908003288, 0.6232584691818066, -0.4913931237485438, -0.06451045303734872, 0.00812278145725898, 0.07096554803344457, 0.37977881838764954, 0.22085904066487574, 0.6778600113222976, 0.16796974900926387, 0.8058215799561586, -0.11147418339740195, -0.11516417282482337, 0.22905964985166777, 0.38891984856292655, -0.186197625896033, 0.710337611438769, -0.21479081721244894, -0.14781124438277188, 0.3865745147078845, 0.14605281503350498, 0.034321117481943275, -0.2885162892695167]"
"[-1.1521028905784645, 1.565424141629715, -0.06244648180801027, -0.5198784330487983, -0.2861949549070999, 1.2528152410701074, -0.19211938963492903, -0.5092764457682977, 0.5870223369151212, 0.5342442011666435, -0.9809978221155181, 0.557137184898943, 0.3511789748362713, 0.5442821760007779, 1.1413998013205278, -0.015283680975363171, 0.19187707735713655, -0.7707741189931278, -1.2010709925532552, 0.4008579308175306, -1.012204513113633, 0.35434694267330435, -0.6364523616304036, 0.38971219002104435, 0.10464531419118973, -0.15416105375413908, -0.704739284927191, -0.6966226379457288, -0.9782673126999246, -1.1659612052114083, -0.40707726613837153, 1.0046454445573803, 0.6139747019291268, -0.24712939474685827, 1.107982207252137, -0.7008303342500443, 0.33239239435795653, -1.147231888593723, 1.087616544275695, -1.0291010847719066]","[-1.510035328129622, -0.49119677625938174, 0.13570807428076725, -0.2423972948524581, -1.2536755250854066, 0.07448656775319688, 0.16261857852777273, -1.5566033404481214, -0.5525656310787158, -0.8954897524184073, 0.4353269788623874, -0.20645922041187123, -0.04980579734336314, -0.18432790806300953, 0.4044457337185034, 0.3776196363210893, 0.4638371367714475, -0.6760624866103743, 0.2183260112515957, -1.2486189883351653, 0.7478839892772545, 1.4935309937022145, 0.7402498051628073, 0.40609581299191316, -0.11658543436780774, 0.09860839807210185, 0.38024086309925076, 0.18531497887730616, 0.3465573029842813, -0.2613581222016917, -0.056945226535083555, -0.022971413286033603, -0.0822300923451489, -0.24228839137466898, 0.10238285830075645, 0.20041023755283455, -0.16840978296988895, -0.05243934388153849, 0.11306625031957343, -0.012353582176363946]"
"[1.7219320896988073, 1.4284754499806755, 1.0316807933394838, -1.1062158713886723, 1.1274090460527915, -0.4831198661771125, -0.7805064923547809, -1.3420883704499982, -0.9788170269254532, 0.09115248891671715, -1.7852727971788098, -1.7013689830759973, 0.4378288835831249, -1.726567687490304, 1.3413185829311418, 0.20407412185009594, 0.1707297213408378, 0.3172366799077445, 0.37202074515718747, 0.3799749987135792, -0.8043914557255875, 1.000865772636157, 0.2313437218478846, 0.7539880053933669, -0.13268088174432063, -1.386201230843881, 0.46119305576713904, 0.32584208726815006, 0.36425739201078255, 0.22004294902740296, -0.27718067432347315, 0.27154891916524776, -0.7498881031909735, -0.17586502180533292, -0.3380691616560782, 0.2067770392996541, -0.0047657706917522535, 0.7869213791226828, -0.1542081586242182, -0.3425867561373827]","[-2.3872086678607167, 0.9159233223238088, 0.7730616579902363, -0.7148679069551243, -0.15870026980191948, 0.20498978195114587, 0.06299612612207714, 0.32810246531309106, 1.7552232545179303, 0.46487640564669114, -0.1529577460057159, 0.028625923204670837, -0.7615600063738255, 0.32545445596465394, -0.330450887014819, 0.9498527423756834, -0.4932545563170578, -0.14187801862468793, 0.10110178761710845, -0.24256264874836542, 0.22038473419030952, -0.05596752667042736, 0.1786925405300836, 0.042136316863339573, 0.40972078819631086, 0.3887334450062247, 0.32620517410312677, 0.23384851916610794, 0.40688303026504663, -0.42361699370802536, 0.27945443493944494, 0.11297874647951646, 0.1457128951487289, -0.6550619540830841, -0.5389749196819889, 0.9409925271938759, -0.6524676708192568, -0.26306623100903404, 0.2209538162246685, -0.6370856021536874]"
"[0.6770834504966383, 1.809583515035402, 1.1680867310489877, -0.17838407886244206, -0.10657201332954272, 0.7057905111828464, -1.3489531633633838, 0.9638144515085347, -0.3953658877213732, 0.08254328900983929, -1.2355518515923853, -1.1528145378426162, 1.082984947711462, -0.5864551208764612, 1.1067914879652954, -1.6455829575635006, 1.0034984879006337, -0.0330066616782149, 0.3755492430725503, 1.1273628473463615, -0.7210956037735303, 1.1997937740783204, 0.08016581838617225, 1.1835577426320667, -0.21253394586682256, -0.6285657936160282, -0.26042820961473395, 0.06811222713751748, 0.7386843518090948, 0.23642745370691703, 0.2562677653259919, 0.5892483670269832, -1.628247463873814, 0.3573178932113225, -0.6596572128212095, 0.6601212235405415, 0.6156523982438162, -0.4211670793117416, 0.1640708770738491, -0.43212889626750384]","[0.6076988136460353, 0.5856370199400011, 1.198845971515083, -0.6442159370230243, -0.4166461030446743, 0.7801082280882212, -0.4651247010385263, -0.45540998485857803, 1.376083979126301, -0.12251109759613775, -0.6092692602575925, 0.25004783377875345, -0.39908468319223006, 1.0154007596401777, -0.01740236615468307, 0.5501107625329481, -0.2257304337821299, -0.20927789393837243, 0.4727275826948346, -0.34424739169258567, 0.3888738557965479, -0.4896268763375314, -0.031119835082406972, 0.598527647719949, 0.03412307922103299, 0.8190120511972017, 0.06827919968240187, 0.6241720614004607, 0.7091581402840076, -0.24025538950384434, 0.040697463881042006, 0.04002239868114647, 0.3646529802576203, -0.5117927793998687, -0.8672112825133993, 0.5149877200342629, -0.03656702610935484, -0.3709401653936885, 0.008899236256736538, 0.05963314435777316]"
"[1.075927712611597, 0.8595960627277883, 1.1878923562912571, -0.7146279060146864, 0.7907013160930786, -1.068387475633508, -2.35625117543051, -0.3026255385890869, 2.0644038185584654, 0.29689051537691324, -0.7684852406672884, -1.410111753617516, -0.731033263074086, 0.7820755435036727, 1.9237438844822132, 1.2680989936252272, -0.9520370711027852, -2.153699494765816, -0.9831320161418321, 0.7757704799241524, 0.17144212635091546, -0.3137602112380198, -0.16005279484264998, 0.29524274966161984, 0.31770511175964394, -0.8321759270196079, 0.04207645094804979, -0.1294758115003981, -0.84367602258552, 0.2070836295588398, -1.0202540127723454, 0.14523822479389253, 0.8881877024284737, -0.3130929619333039, -0.2551756147059515, -0.8545841790584802, -0.07319560081162457, 0.4482018226096445, -0.5223909465635088, 0.03668975536493125]","[-1.3898507861068687, 0.5087581867581581, 0.41787812300485944, -0.4142145762798105, 0.9776719170558944, 0.37578058847572676, -0.788077625251728, -1.5569772656591154, 1.1254234285089946, 0.513774988941046, -0.008075826193665885, 0.5575039196236365, -0.4266995626723442, -0.30476416666416417, -0.2793935851169268, 0.6271400847497522, 1.0207889483474255, -0.3985005171299931, -0.595595827293432, 0.8096767992302635, -0.2946715588590081, -0.09824401677101413, -0.1986777954047074, 0.03175234396199662, -0.4757794876660482, -0.46872432111966206, -0.14540335287613987, -0.4594295889081778, 0.1348240725667767, 0.3112712551435278, -0.3514937984090188, 0.5172397128107128, 0.32243558145218276, -0.06999536941315425, -0.483940149074013, 0.2850832294849007, 0.019978213285703077, 0.3753395583013616, 0.19807195918350204, -0.5241444838608821]"
"[-0.3861381072470651, 2.504836665988168, 1.3448087076915682, -0.6200475274654557, 0.20145870913748887, 0.028558992138501563, 0.7112041894578467, -1.979752072214331, 0.9462268198318309, 1.8599726597714545, 1.2807346988007056, 0.19011384774160442, -0.4463376993951883, -1.2264014121298834, 0.6872726495292634, -0.07345138639871512, 0.11559950140921409, -0.7419766401606421, 1.2641018868525564, 0.4842788125592329, 1.6261264423499053, -1.472124135184225, -0.8713172149742894, -0.4035258752581964, -0.6297635507073184, 0.8068742986237271, -0.14905545510847507, 0.5462956572522525, 0.5817760365354644, 0.0534506331972142, 0.5256933772087689, 0.2867019841036355, 0.6352539872682517, 0.26247426237225197, 0.32133735967715804, -0.25047064153273785, 0.2914462911310244, -0.6548519606226535, 0.27480277748242304, -0.1790490852087521]","[-0.057320434255566974, 0.6685095489010535, -0.8973065671271009, -0.8097079614659984, 0.2800053803312441, -1.7545176459318343, -0.3267157273580328, 0.5508087134300332, 0.5737878592373719, 0.11624678877814996, -1.15804990205313, 1.2845062599494768, -0.742987375387077, -0.8813623873726257, -0.008519519350668782, 0.08708532449665879, 0.29178756981036424, -0.7885228542937278, 0.2945015299885103, -0.04932046473782748, -0.9369951369988782, 0.3855221988542582, -0.4221019230610256, -0.8819909849882375, 0.2810037606881896, 0.19423868185477736, 0.10359098973192173, 0.35308438454103447, -0.09046589022761892, -0.04152708033257263, 0.059504044380282436, 0.010711923335684269, -0.04035182200967412, -0.07703715049360384, -0.0770342562055989, -0.24367504456666217, 0.14180576649076346, -0.4725834159253754, -0.2623830809486557, 0.1468445591323902]"
"[-0.2061104905048928, 2.3721669634707747, 0.840829473884611, -1.399900643728459, 1.255467177224359, -1.2744788843786514, 0.3885205459633631, -1.2479366636386253, -0.28534264780500773, 1.229684812343183, 1.2479959065151844, 0.23494817810238808, -0.14148360424259598, -1.3363152357278998, 0.09575965902695696, -0.7528396444635431, 0.9891365075185784, -0.6936089539566177, 1.5294254922653743, 1.119273062000012, 2.00780690611519, -0.9944637019053075, -0.7004064988347734, -0.2083856647601417, -0.9296959238260617, 0.43210893612573176, -0.07305409415898806, 0.2643886488340564, -0.11807733169221098, 0.18100803132674936, 0.47914876150473906, 0.08946492282582168, 0.4119544847367455, 0.6115316074279228, -0.12731225079486944, -0.43282168776886004, 0.5905293646627007, -0.4924340438100986, 0.32153925517198734, 0.10558303134335484]","[0.4813852789400662, -0.15994499510747753, 1.1645027816161666, -0.7094363546147001, -0.10694738189674288, -0.738376778089679, -0.5959141278296233, 0.997096731503848, 0.4525839129051672, -0.22893189489606103, -0.612079110249433, -0.6637130245275594, -0.55532125592067, 0.08571652713005783, -0.4471861473542303, -0.011002132712111623, 0.05937306540843133, -0.4648781474321623, 0.38805291285035953, 0.2849391572946801, -0.5167642272828288, 0.5110463094957456, -0.10030891098667492, -0.6997977336499022, 0.025460868586724084, -1.0260635252605654, -0.8820284989314151, -0.1498709914819557, 0.09203515778305625, 0.20650746798383401, -0.7766829273959773, -0.4339941176581166, 0.6389405181993557, 0.032897957896750527, 0.23874508155947616, 1.135271072778858, 0.16049006042664193, -0.24441725006757192, -0.24305808208071378, 0.3930799657158729]"
"[-0.6096928795134199, 3.0829003062939866, 0.27736067969356143, -1.422733529205217, 2.5418135891162468, -0.41817730104048273, 0.6219241591911826, -1.842129450004553, 0.14263597742986128, 0.7708254680278248, -0.8044182922866047, -1.3777114781102835, 0.5658856599924803, -1.058475399669948, -0.09960048859503316, -0.14535392957385032, 0.7327920459822554, 0.3994101817029937, 0.7001396650552115, 0.30283050531361483, 1.0142706150768415, -0.6722879300723887, 0.9690930126048602, -0.5150153430189918, -0.3755357105737067, -0.7022791365862445, 0.3651375002455902, -1.2173955301210964, -0.838769039526403, -0.1096020525420136, -0.6085489730091692, 0.618299651336532, -0.31134333339375, -0.09784992469607551, -0.44612878151777147, 0.16956556003836298, -0.2687528748433065, -0.14226502165287255, -0.18289527544429893, 0.5956942395615704]","[0.9061497221737724, -0.3099198849484838, 2.043586370034149, -0.9000718882863696, 0.2261151587339289, -0.3504719134433724, -1.113848726351186, 0.8290337585811063, 0.014261262430394859, 0.33056964424000845, 0.11076536611439868, -0.3105102254965483, -0.8088168257634716, -1.2880052752089346, -0.3787418819025141, -0.42796253610929924, 0.08660019457885176, 0.01693853827805829, 0.21338403306484188, -0.35810047530992617, -0.42234073894114377, 0.5630885682913186, 0.23340280548338105, -0.4606455733369872, 0.4950483731428117, 0.32240209171166934, -0.13160752258423955, -0.044958172051140166, -0.20533945109689272, 0.22301367489443563, -0.04977515949586674, -0.45399897036328857, -0.11825399776499958, 0.07047915724746869, 0.045112960902815434, -0.20004653023716548, 0.21884345314633266, -0.5421263684464963, 0.531258566999381, -0.30404349658118895]"
"[-0.4652579915111856, 0.018783875358651485, 1.2514379685995887, -1.912599385193257, -0.5953929193776287, -1.0056674637983027, -0.18468319587414453, 1.3300542701477052, -0.3604282689550525, -0.4201081360827951, 0.4441977048469175, 1.8566742622172587, -0.9805718312911318, -0.9821892657897158, 1.6216158064814394, -0.5116663261915413, -0.5452951557286588, 0.40821352800446686, -0.30256480093554994, 0.4051041136080799, -1.8797797714381168, -0.6566600081315481, 1.306265243601095, 0.3722639303368313, -0.42590025588214725, -0.7653212978031073, -0.3910347521944956, 0.6096839002372298, 0.5237062095100644, -0.39332798479114417, -0.29012992695955103, -0.467624196307287, 0.5422842779990028, -0.06379994095047443, 0.504573980398035, -0.5646892235219245, 0.6768414899755933, 0.8759314910454008, -0.3619930803576112, -0.10779150475414596]","[-2.472102715025814, -0.5098686350386453, -0.08549724336796621, -0.7499199202630457, 0.8529293440635919, 0.7132309136970751, 1.1221625004991653, -0.26358707079028565, -0.14035477137476812, 0.22583483687212919, -0.4494306567283308, -0.6935709363479496, 0.5170346505293074, -0.5176363442516362, -0.7472381121150429, 0.20829242019731353, -0.3338271765839695, 0.1390244451365492, 0.6368043777508303, -0.4837937569903848, -0.1055160132295538, -0.10656994501099926, 0.1653405562409232, 0.42855608742858764, 0.6737544532125123, -0.26249713013498455, -0.32759577627208764, -0.8862947794294729, 0.14658679237423752, -0.3196722983970315, -0.07420856672987615, 0.8146152149907052, -0.5061098317866954, 0.10323605272714059, -0.13517046666584892, 0.5511622022999282, 0.706696144271317, -0.13871944462259678, -0.5797340398552647, -0.02791472098456714]"
"[0.8999170507998704, -3.973436465272872, 2.2140324742899833, -0.21332289863269877, 0.5235057941829698, 0.8866810678043942, 1.476822871704258, -0.723908212113676, -1.3094056084206809, 1.3452387637935694, -1.0411733425351288, 0.2429548952676086, -0.7805155446158036, 1.9039644846399655, -1.0715309571155525, -0.4317713181672447, -0.077037348083407, -0.05422997299054866, 0.988389988303247, -0.7950907096546462, 1.4749271895826128, 0.011782038333284972, 0.33887605609198945, 0.22600849698416972, -0.09281136009063135, 0.15984712619001115, 0.47755329796865775, 0.10212097374545431, 0.4287182270325071, -0.3392368760166643, 0.3846269644064039, 0.8575113974694898, -0.2895964884951356, -0.7295538309304292, -0.9939422811295773, 0.802977563637777, 0.32911064070925566, -0.11575217800734698, -0.16682140681467025, 0.4318402688973792]","[1.1871536086530292, -0.5925738000123036, 0.3704471553184493, 1.2702180490815431, 0.5722759552600956, -0.5062692780638155, -0.07998610989195037, 0.190040175178306, -0.5673405148446254, -0.3093200560658168, 0.17576229976803906, 1.1768101515807075, 0.01973304774760024, -0.12159135904971438, -0.007449735802799107, 0.43717034735276794, -0.5471504974389966, 0.004356418217866715, 0.4637338382306201, -0.1009324436038488, -0.2366976137697966, -0.6685303650161089, 0.67589626641441, 0.0005790271100762183, 0.05283636792614778, -0.20593294736634718, -0.1417149162306579, 0.5241129071864611, 0.7040461973584928, -0.4663172516646493, 0.017619294758692547, 0.0053482425540664884, -0.08370236504716992, 0.6320965018028446, 0.07153923463062303, 0.2244999959265589, 0.20077482798672833, -0.49207707684849766, 0.0799092094397219, -0.07484554309769477]"
"[0.4633669243282866, -1.5368332993654115, -0.4873145355216874, -1.3803738403519172, -1.1489237140925885, -1.0555219192641432, 0.8818368595872261, 1.4926194531607428, 2.0377090276676424, 0.5908333788168081, -0.23762093466353634, 0.0519602650152902, -0.4066226920843367, -0.43762749514867816, -1.1222201542164225, -1.7348776034724098, 0.43477621438954744, 0.023990873870391935, 1.147705306141701, -0.6063973436818526, 0.32506328655177996, -0.8908625102494747, 0.9454140584996472, 0.630205188004378, 0.137979095556782, -0.2728446906674614, 0.7788697491588239, -0.2590446630705516, 1.1312471839948786, -0.044415456539674214, 0.7490250757740378, -0.23534655114087985, -0.9096715348752111, -0.17262670056490703, 0.027595323869871576, -0.3169082483009375, 0.02103105545525224, 0.5530308105125118, 0.7401077780983258, -0.859056401833399]","[1.7125388567042876, 0.006530345030356874, 0.0010874861005677134, 0.48731170686739667, 1.4970362490416074, -1.3466508601794447, -0.4925759269457, 0.7819116486034713, -0.6724190796961166, -1.1995598178206641, -0.06682014786186359, 0.33468273875398147, -0.7963694475910742, 0.44667221861686046, 0.3090020191923708, -0.7048267493422092, -0.19609048356241296, -0.19025099297677986, -0.40954058415197275, -0.18867032554197102, 0.4979788610770633, -0.39978858204287226, 0.3122360163342756, 0.6200587176612153, -0.6788375904338884, -0.422400498622789, 0.7891407432413607, 0.49362555836635824, -0.3847034310157609, 0.028952386926063927, -0.432571281527703, 0.09157642675702869, 0.7131613035318737, -0.5059857513702698, 0.5251490132564907, -0.03064122437215867, -0.2727619429120415, -0.19496157692882454, 0.06205785134139079, -0.22022561240447086]"
"[1.5702218165874708, 1.3502221447008316, 0.4317662304653334, 1.2336529334647324, 0.9101137523350611, -0.9492307221704711, -0.8844085086170813, -1.8271679284254838, 0.17416463796682974, 0.02220204988380472, 0.4821627719999712, 1.2813771701899628, 2.0122708656260446, 1.0882049674406826, -0.24706155428448673, 0.2476396045044561, -0.21933544790556056, -0.1798747197615472, 0.23064910894594806, -0.9596183900295794, -0.8133315749473611, -1.2629074760229517, -0.4036673720042582, 0.3541917912331993, 0.221091175198206, 0.4287402528983634, 0.4972522656479318, 1.1526476183442076, 0.36399437182100236, -0.023387829824643765, 0.21542455241700437, -0.9334034597536052, 1.0279616020908071, -1.4533960112999726, 0.10224764259948659, -0.27173725153355066, -0.261546757303444, -0.9032727630290764, 0.15493689192572416, -0.05048965591777196]","[0.6895178625701381, 1.751252214869907, -0.42105087378077055, 0.013677261250682913, -0.5220453863709749, -0.394267281898605, -0.2952453822102832, 1.2259761383857906, 0.45217275622368097, 0.5556765197408631, -0.12376544578851749, -0.3631569943070592, -0.10793349221702908, 0.5861742174740486, 0.16674435618029998, 0.17285425467525609, -0.6415681476055389, -0.041128523123466695, -0.08111250192300584, -0.11995157214268612, -0.2890863541847362, -0.35725030708789074, 0.5115719397454529, 0.13884639572016988, -0.1348656622650287, 0.2888617326517562, 0.2968579049314751, 0.36264297017058483, -0.10950885073359531, 0.25521356752088614, -0.0456250649864236, -0.05051997178397738, 0.09391182263822552, 0.05275587388800306, -0.25923381708647825, -0.1494274033437286, 0.1312723743639616, 0.10564423777945367, 0.04762896725669831, -0.26925734225998904]"
"[-2.228065271133971, 0.04687473606546412, -1.207733077921904, -2.375431209869615, -0.8766985946493375, 0.47586681634809236, 1.116604999265573, -0.31942637155879683, 2.1356688127367818, -0.42664781666828805, 1.1014421488388724, -1.2754372891260606, -1.1011596879240082, -1.3883394197511003, 0.44995778381568446, 0.34159483938347907, -0.6850152452505915, -0.11824945152340073, -1.0140500739137845, -0.5557160710072103, 1.2975476772472894, -0.5231095124093871, 0.9394047859166117, -0.32677808326806224, 0.18480846582517615, -0.46654712124263964, 0.2650165790286318, -0.6156648249306783, 1.132581312317832, 0.43779719393180244, 1.173364363133579, -0.4994279035286587, -0.39919104160314106, -1.0913469391286992, -0.7321979633100644, -1.7972777761934358, -0.5806971507881502, 1.2434630108386042, 0.8554057564374268, 0.44436064253346935]","[-1.1214442890306433, -0.9187827696651268, -0.2561515501607902, 1.2979482868965762, -0.13667858740996708, 0.6743697164677102, -0.7294878891280853, -0.06140470282163163, 1.2265558555237024, -0.16834652333234246, -0.2930159107966964, -0.0893167675298753, -0.22626519083997257, -0.18761156602429613, -0.15561994700123716, 0.3191557780821774, 0.45626677852708036, -0.11576867874005038, 0.26270411924100967, 0.13941658590838849, 0.1718172008394853, 0.8073604776170353, -0.01526781811950623, 0.23901449837083402, 0.04082937079031111, 0.617189864478941, -0.16065808828357675, 0.28324452236151904, -0.2661501708059245, -0.24678991095337224, 0.1559841170073079, 0.2981145005564907, -0.5550787166364479, -0.24828755965187746, 0.07090319951710969, -0.49999983587091706, 0.19194263530920752, 0.28222484502054035, -0.2195420381186096, -0.6076629716651657]"
"[-1.856531146538567, -0.5173509286575856, -2.5179615543979477, 1.989827805922357, -0.09969875628322698, -0.5459767155806668, 0.34556621549051064, 0.4000415023055713, 0.020345424272638864, -1.6055097799642595, -0.9728124999839441, -1.7575323475559148, -0.9958958769178997, 0.4547408398285466, -0.06851034714099856, -1.1914358165423387, -1.4735944095958264, 0.5941003914443767, 0.711542870280395, -1.1525366205432777, 0.7740088840113759, -0.6417125481296445, -0.11109449064698736, 0.6202339791277316, 0.12463124103724091, -0.6675691064067509, -0.30229614805462435, 0.4435274580239807, -0.434979794817199, -0.1076139291501291, 0.0831124578160442, 0.5057214748277363, 0.9508018929132673, 0.6576144245948268, 0.6789007059918352, 0.1383287868615335, 0.14934450563697868, -1.2753109068509083, -0.24557127363209744, -0.4384003888130349]","[-0.33080983390316165, -0.45326646218175365, 0.26030816485149166, 0.018912844044420143, 1.1708841421897414, 0.5312239823128702, 0.21685683066444233, -0.2604132327715341, 0.2636027697233228, -0.1519928142386673, 0.09970399931514312, 1.0473532206446157, -0.3533896903610756, 0.3110553560908968, 0.41533285695578476, -0.062205399982965606, -0.16302507593499074, -0.40163562267847747, -0.1548471504128818, -0.2899306315946615, -0.16635523362366939, -0.3999583611958939, 0.3348921971338443, 0.5561315991714424, -0.6658257247449476, 0.0374432588640145, 0.32137446095110234, -0.9827608494134511, 0.06393737905967763, -0.17382215519774627, 0.03098083610282484, -0.4882592180529353, 0.20546004267576976, -0.18326308953976592, 0.013546160364205535, -0.008187644087883746, -0.09971254795778713, -0.44908928696320877, -0.41303116544700413, -0.08455737884547754]"
"[-0.8438900917810854, -0.9598259705889606, -1.0606967842710147, -1.7748218981042678, 0.05613695229456027, -0.18988941322228495, -0.6022723398572838, 0.9279955719569262, -0.8025234183747437, -1.8608440856504713, 1.2224658610452495, -2.146338540155826, -0.11915653825325496, -0.09380231765156305, 1.3748914050911656, 0.15049523672736634, -0.04245659305992781, 0.17146312285835533, -0.40600467943689367, 0.4469713009797348, 0.21951362596527318, -0.467597480219819, 0.15259996189114813, -0.14598904276404354, 0.43347266030090786, -0.13989117467641762, -0.4488188942477914, 1.265701220720216, 0.6470674453872682, -0.28694262978360363, -0.2248771077922239, 0.8146558419601483, -0.08082428611072215, -0.24562161600346066, 0.773435187511378, -0.7883948748832221, -0.2818667649118655, 0.27923848881137336, -0.980733207098723, -0.3015316180012375]","[-1.99332771605617, -0.9518573358211272, -0.3028573702773374, 0.5828211750380773, 1.0265884754736572, 1.1680076153401122, 0.272024583352687, -0.09298580116462313, 0.9869202652902825, -0.5154127204431579, -0.20825372922649618, -0.665863544122689, -0.35146943907408873, 0.057815775530343165, 0.29815835681514113, -0.36333933405139235, 1.3163714790178653, -0.17179032089453738, -0.7676705096593545, -0.45870509472316157, 0.28066184362792, 0.05948916563724412, -0.022251210150422848, -0.41213714433572657, -0.07405788159130354, -0.08590967906326707, -0.2833614277519481, -0.04515873429151011, -0.5827670978696042, -0.21927057990469143, 0.5911544840599379, 0.020973477859156524, 0.08355241503747537, -0.206884886003957, -1.0101174808340212, -0.17668637714165386, 0.6582075654521354, 0.27553159040410674, -1.040950375219008, -0.8261150080051427]"
"[-1.202521817733334, 0.3046779034921477, 0.357533547896047, -2.975398688397864, -0.9634939923220941, 1.3199945417777226, -0.45604526037932397, -0.6501680346472771, 0.18288398005092962, -0.1346057943188318, 0.12666250534990037, 1.618661966986583, -0.8387781701229704, -0.2213752427384919, 0.9211594087308317, 0.08209501404029704, -0.05011649336660919, 0.41814425394346777, -0.7713100392114067, 0.09806414578934526, -1.2904681168025627, -0.14916342513048947, -0.3820488439776246, 0.3753959147901072, -1.0290411741684393, -0.2530062326323246, -0.7191211496094481, -0.5781085657521644, 1.1076486457692805, 0.17022025932547483, -0.12764886916064175, -0.14378487086413147, 0.484206319880627, -0.3854630268541008, 0.35044488039537613, 0.49383504211176993, -0.2984889642532008, 0.21932490472720387, 0.4465354087296085, -0.3895711104003956]","[-0.823273267870303, -1.069767595640984, 0.4211046656940124, 1.3887801876573302, -0.2915448449677646, -0.06745858510994938, -1.0496305032788973, -0.11475714130479472, 0.1755718709814138, 0.9442162588909986, -0.5266607398406472, 0.3648556010614709, 0.48619533640943163, -0.09821749654065631, -0.3639340982947856, 0.10165563567720796, 0.1599963824590781, 0.0566887845562814, -0.020053565344150138, 0.4743227408409445, 0.3234829418983415, -0.6197574176679729, -0.5655907076536807, 0.38587124545813456, -0.026193090460204908, 0.951529319703525, -0.21632336534391186, 0.7968794823566896, 0.11098787412759917, 0.22638587106311117, 0.07262739769867371, -0.07707468888981364, 0.41416641888523437, 0.1454296831158607, -0.2983225298663912, -0.018656976436162435, -0.1535942873959872, -0.39787179135807027, -0.1957978012002836, 0.07345928886378528]"
"[1.9342437484925812, -1.0159721208052461, -2.079034616293097, 0.46971228770308326, -2.3836958016083645, -1.3389611511114672, -0.44732638746865233, -0.6793421343809752, -0.5087987856688119, -0.1607045085164346, -1.6554078557928256, -0.4569668867757406, 0.8726990788050928, 1.4476809960498802, 0.34248802690767266, -0.3370199365035021, 0.03961141156200865, 1.6269969896875194, -0.4321575000453753, -1.2494274235332523, 1.082703376622577, 0.3481794758873468, -0.16817081036840156, -0.5435321819340302, -0.9435288693758408, 0.9640428394810959, -0.7988143287094746, -0.2556912818009427, -0.2052554788886227, -1.1720772758250366, -0.53554573847713, -0.7357944653636665, -0.6752045635762272, 0.32858656276258263, -0.6831352896930498, 0.34626343305803264, -0.620801712344491, -0.972403032527194, 0.028976168753683872, -0.18700462548786242]","[-0.887406586154985, 0.27030229427705676, -0.13428924700447423, 1.0717924147198996, -0.10651116362809887, -0.7642149727395342, -0.40457990360636054, -1.0977714449077536, -1.1605194824822969, -0.15051733068182097, 0.3883522875043632, -1.3353658468110399, 0.11574783452426043, -0.38784487855155525, -0.09133596342972272, 0.5837936169419081, -0.5395551423776318, 0.4467041765361948, -0.5737161436838794, -0.023004067611513163, -0.7135351356001355, -0.32156711981060165, 0.45460783359919177, -0.3656540862836941, -0.6355057725764798, -0.38064518856233265, 0.15282236584661077, 0.07723053841378769, 0.16969328130879807, 0.04120802893945841, 0.6373929227045463, 0.07255398432808786, 0.34146292524159483, -0.19075768538678076, 0.2774836546423355, 0.4407943341559381, 0.2213200510456328, -0.09441976148347828, -0.4585834002003838, -0.24030114686404624]"
"[1.083288466523555, -0.7311913208637161, -1.5562713784240827, 1.3372566961535017, -0.8099292859764196, -0.5070621694147316, 0.35777741529104384, 0.8239671606300688, -0.5955076080871432, 1.2422308175509997, 1.1955286731684593, 0.33974326871720256, 0.5369836088963693, 0.19233543165679698, 0.8673792756295161, 0.1838874860187152, 0.9235821928725048, 1.0515028766614942, 1.1565576794176304, 0.30777450689475666, 0.9344919403620908, 0.6305955466749733, -1.141472727590027, 0.19344455397775848, -0.6332916337642521, 0.052151486772104017, 1.071151747803118, -0.0459851565562734, -0.17906192883899635, -0.009219424743804739, -0.18708846337823246, -0.6303069035942144, 0.44877163578816426, 0.037575608018005295, -0.5462927076107167, 0.8129561542240002, 0.9068067562942936, 0.050595590272526574, 0.4362989342897466, -0.755779844135264]","[0.15974907822246578, 1.5513677467999234, -0.7186345486511332, 1.0183391684477392, 0.2627549815763602, -1.6985638289920393, 0.37775562889427666, -0.33939849850050074, -0.515263378637768, 0.2200916684022465, 0.7714355474524517, -1.2147598096877665, 0.765717919817443, 0.3434332791232365, 0.0011286818646392938, 0.9629799025950906, -0.6770512845595439, -0.24353809478425337, 0.08221865446549892, -0.08277482496370973, -0.37546391777972893, 0.06923411224403041, 0.6359086847181437, 0.26329401070528285, 0.4645318147788391, -0.1457250724156993, 0.3358218627529232, 0.20169329977923628, -0.6591352565874495, 0.33420991720194915, -0.529239074546903, 0.041792047874935616, 0.0946757200009363, -0.4084032318285501, -0.5848273505591902, -0.18548181098249464, 0.4205551609110737, 0.21847665871364277, -0.19886554131371492, 0.13316772452650216]"
"[2.621432690110216, 0.8927002323391838, -0.41232230547168125, 1.135125281137752, -0.33905440733218295, 2.986378971567459, -0.5370263493082598, 0.28675616113502794, -0.20685151564049148, -0.37115065800076363, -0.31274444366893295, 0.4291540104521701, -0.4811103061159829, -0.26906776003480926, 1.107132233819297, -0.19741491718549609, 0.18973936883191714, 0.7373381311916443, -0.40764477910020336, -0.3094839207509561, 1.0939697053132749, -0.2501936522123528, -0.08297152375941767, 0.2884265020441564, -0.6927535655484953, -0.72186477065486, -0.7805387427058191, -0.11934400414045349, 0.22019246142683382, -0.3797141455888702, -0.9662408184093074, -0.4589121139841971, -1.1496573472640845, 0.12722294024598468, 0.20005567367004923, 0.26517318779246224, -0.06557172602371554, -0.08071171015998146, -0.4312492465296189, 0.6352753065322447]","[0.5737741277604829, 2.1766166843986148, 0.07953794764054585, 0.29053594633490404, -0.20394785197446363, 1.0903001767143292, -0.5284526833194461, 0.1128382301573219, -0.20696253069934692, -0.5120889900640144, -1.3131929791182848, -0.6297327677797472, -0.116507630321895, 0.4287153791425413, 0.27283219560538996, -0.0643539322470868, -0.16840764012013293, 0.07478022994623579, 0.29840035764959927, 0.35934155079882335, 0.5740667677238416, 0.6718443994223262, -0.6596928538327871, -0.08219054942778584, 0.793062651590741, -0.14988253420103292, -0.7372766085643194, -0.3469727917200703, 0.9535653916444647, 0.200788360504152, -0.38539645053856525, 0.23575277066307368, 0.42632586298650677, 0.18368956448386844, -0.03520446102001097, -0.013352436691195738, 0.5444563604604626, -0.04961208511613867, 0.39714696841185043, 0.27806361077011144]"
"[3.634236524623293, 0.6994241398054586, -1.7730062140316554, 0.7783900967603379, 1.483815691272801, 3.0494855857684255, 0.04168073322387527, 0.11519226264327188, -0.38864070812866447, 0.15198009033655238, -0.2476212867382278, 0.20517327328400842, -2.474198041761239, -0.26517311434300295, -0.1635404939429913, -0.573672368313114, 0.26131750210210275, -0.49306649692221227, 1.0260778383576816, 0.9771283946208253, 0.1823897334393472, 0.12744482068531024, 0.4104084380230853, -0.37450427815568416, 0.8225375131638566, -0.4172682081655061, -0.2565941663480634, -0.05934135366448467, -0.0913188581310265, 0.11231447872799173, -0.10501312848156673, 0.388605411514267, -0.05420092553829057, -0.5007728687893053, -0.08309572378025486, 0.17057908782239928, -0.07113499337209711, 0.03755212213144642, 0.6799346889167238, -0.6511113713119075]","[1.7728705258068373, 2.790607951336861, 1.0665008783391932, 0.5421255572183431, -0.8623567061868234, 1.5259206588453762, 0.3843556103291451, 0.004223741060473092, -0.5211290175225433, 0.04015100435569313, -0.7618105667486342, 0.8083633256751909, -0.22122168356721184, 0.15725892886520174, 0.12261318593651616, -0.04502995274608059, -0.03147270901905029, -0.14309042079775086, 0.04310743173091014, 0.35703735378914214, 0.0432735285735219, 0.08548782317682715, 0.09415089420349916, 0.18438373985562997, 0.198343696580356, 0.07534506316942174, 0.21788138679755664, -0.15583861478316366, 0.08159279921309259, 0.05386764535631876, 0.25877894638133336, 0.1519819614621121, 0.17465740635616844, -0.14074619450976936, 0.05263473644351154, 0.0064334301972756094, 0.470492942808934, -0.3709884899305228, 0.3138624191548353, 0.0745387581401812]"
"[0.3088951452653644, -0.5071447088401003, 3.1839525007593354, -1.9592161130017338, 0.33323157043457785, 0.2892151514993378, 0.08470420169780635, 0.40674064716644914, -2.0893643365666117, -0.8174323306976454, 0.2256939441465576, -0.08111243380917554, 0.5208392458908223, 1.1367539964356195, -0.4195452635790795, 1.5278265719131146, 1.0296518915663766, 0.8690966427119305, -0.6047173885543409, 0.4985961685782834, -1.1822308175690646, 0.06091098772482168, -0.6131882451771737, 0.36462527993381766, 1.8260455085418137, 0.2362038325661981, 0.0914847269051084, 0.045166431280564134, 0.3270877217114404, -0.06437981383823287, 0.2341051091634285, -1.1006394434925189, -0.5746794373829297, 0.47401712336352825, -0.04634611080453223, -0.16394690068983925, 0.5012269407595437, -0.20927026056964537, 0.09350337933703501, -0.49498815643337246]","[1.0319001938948646, -0.5598922170672178, 0.9095330861706772, 0.21873668255220774, -1.6268546525530663, -0.24237429973717403, 1.1829773072503844, -0.28809679732163906, 0.2840501544304846, -0.050854245320863835, 0.3618546685977333, -0.3023155059992506, 1.2039475106088164, 0.15069385051506756, -0.16331487467685582, -0.07858837441678872, 1.2076322661786445, 0.073824551274552, -0.2220495771601998, -0.7387265807342064, -0.23657075384316628, -0.37020341679175733, 0.05062626239673897, -0.45226961876812133, -0.596070529186718, 0.0634913904878198, -0.10035622382857774, 0.04237237637543401, 0.2582036157675123, 1.2307677524400968, 0.024856687311617037, -0.06950441355811578, -0.7756443768589074, -0.6547108891492153, -0.41582583772426746, 0.14809247136192394, -0.1182038093535994, -0.31121309667678065, 0.21591908708476593, 0.048328279366676705]"
"[3.586714567942902, 0.8242344503487974, -1.024017199210242, 0.18757312767089568, 0.04885876668403764, -2.0756270592319885, -0.057827308082824304, 0.3773044658817303, -0.7669566299855991, 1.4062300490896087, 1.3705809656569303, 0.39783096119871325, 0.22095841196140958, -0.10101012942331365, -0.9313286967779222, -0.24453835124401696, -0.7280288597906159, 0.32828201857407086, -0.898762385599893, -0.46539196581438685, -1.1681389971331333, -0.865442453009974, 0.7084259189754816, -0.127656813558766, 0.5791251851865068, -0.29052278045562785, -0.3423364623047643, 0.7703654148054, -0.10629252823402209, 0.3720374151536206, 0.12807845512887706, 0.5472972427369703, 0.5505061417994948, -0.594211748515409, -0.6262418831063187, -0.3580283135701423, -0.2202597573602039, 0.29872584436121336, 0.31887463315311226, -1.0741627447736217]","[-0.9738972008025506, 2.014693661585587, -0.061686382751938766, 0.4383569170897958, 1.5266995952532585, -1.4291491752544632, 0.6035018649540845, 1.0210409323147738, 0.7938807020785682, 0.5858692516267701, 0.5452311713465205, 0.47114303408370245, 0.49688223505760193, 0.2875927782665865, 0.27859337961110514, -0.36412384279460247, 0.4156503743659444, -0.22871581697693177, 0.17144644800023276, -0.05485530853771937, 0.26285885757138516, -0.3276109744332942, 0.4403770476486643, 0.5205854147566492, -0.9180435236679282, -0.18789788586631503, 0.25649387280462477, 0.24247308081295924, -0.4959608913926968, 0.14513369516849864, -0.39878680170102915, 0.5557336610927399, 0.10309346018905122, -0.1049862904890881, 0.08633539822867048, -0.19332909178923716, -0.22329846470304618, -0.6751741847101471, -0.0470623730194609, -0.17434281448956496]"
"[3.5580739276385134, -0.6056233297787433, -0.5766039420064504, 0.45191383116661415, 0.393839317566309, -2.464322159675798, 0.9405483813401981, 0.008571431422912976, -1.3120926960826904, 0.5388336019557, 1.7680476310094342, -0.17890968052559442, 0.8182133844312001, -1.1248658459816596, 0.02722088424967794, 1.0008943844047447, 0.2726228263579002, -0.794107601416706, -0.10999673945687523, -0.8962405064105803, -0.49920837511811855, 0.6256127051685411, 0.5510565926027134, -0.7244977869993111, -0.03885815667465666, -0.7566811133751122, -0.6611350792416534, 0.1302705547202288, 0.4492599842513092, -0.44396412339462876, -0.2809003758100596, -0.07529427170317951, 0.4217357195232918, -0.15228352996893735, -0.3449711412183825, -1.2405496128230389, -0.8119325807853313, 0.16142897190644748, -0.07515156771646095, -0.7782534247456376]","[-1.4925394657141262, 1.081666515067793, -0.14198604544282148, -0.18157437814193336, 1.3191509469651361, -1.0238217842199568, 0.9868698272069173, 0.23111777673588282, 0.08827650846979397, 0.8138343903855384, -0.033456793802194594, -0.6121272535486699, 0.48968486186594373, -0.23139233348226013, 0.07400869473260842, -1.1066289854035043, 0.5356900310994646, -0.36317662221501734, -0.37888490163870325, -0.004041500061495016, 0.560873918027526, -0.18284767610544272, -0.33425673929178745, 0.6858678894426952, -0.500454489205164, 0.08464888101468501, -0.17773942679545846, 0.05402076377121624, 0.6975431322986279, 0.23395335230342756, -0.3238628422057226, 0.2766185501612814, -0.06815950584428342, -0.07509236640581157, 0.020833811306766238, 0.0834984586586906, -0.7366534910731901, 0.18282057628058251, -0.04438177221269473, -0.06822583958113639]"
"[-1.1832352127531733, 0.33368181205820263, -2.5752093658788975, -0.8987610135997397, -1.3513850672130228, -0.575167884040279, 1.4125757552105351, 0.13184794930941846, -0.08582409875220544, -0.3010064842289865, 0.7348650593273998, -0.13787444280098068, -0.2510562416646777, 0.622649821299715, 0.3171376194582255, -0.26214168640978086, 0.6586810001411789, -0.145251875124709, -0.2102013253604305, 0.8436724376286784, 0.5202580130453514, 0.3217372806696512, 0.25905786635599415, 0.9518395218838551, -0.7031283479706976, 0.2387492265090218, -0.02577913451539386, -0.39607633515321794, 0.9178844643911591, -0.3313906532063748, 0.24994006105907537, -0.48184294945677997, -0.6473911402256235, 0.4296102386542487, 0.941992484072785, -0.3696839630526157, -0.1910148522247653, 0.9932061076643489, -1.2448092493035658, 0.019764940414545587]","[-3.1099883191962454, -1.5575138783659437, -0.6125709077992779, -1.071213274180141, -0.2978808869027143, 0.05643676086450734, 0.195684233813762, 0.6844024676208096, -0.8609472523993339, -0.4560611352714176, 0.32976285228729124, -0.36194734955193697, -0.42566259769742176, 0.4876329207413618, 0.1008277846777385, -0.951166138796264, -0.28776743828974316, -0.49301896302424597, -1.169892195781097, 0.2832262795052763, -0.16619441554995684, -0.2907912995406734, -0.3793777659220514, 0.8004885372540548, 0.4489801497693717, 0.3304516273019482, -0.5489474675269505, 0.008274389191974695, -0.004711407070090692, 0.2687163073637041, -0.20500947660641988, 0.07371579341760164, 0.05530637111423307, -0.8000111640491564, -0.15608973592414543, -0.45381075775876595, 0.6145382469280614, -0.4841703766707104, 0.5503665151628987, 0.04419186836486936]"
"[2.37329539838105, 0.7893589787428122, -0.8986694979602501, 0.6478454889138752, -0.748781052494513, 3.2593732763147316, -1.1393077544536714, 0.26385106633012667, -0.1725690334951705, -0.3702427321712532, 0.5857684462841757, 0.3069063061284693, 0.13002794282860003, -0.7384714921868619, -0.7930519315387693, -0.6198655194620047, -0.5180701316451317, -1.2612139577439383, -0.4024339919821897, 0.5476518834062729, 0.9296604470116557, -0.09102694375427246, -0.27276744870398617, 0.05790645668006753, -0.5728130521641936, 0.6471439287112217, 0.714205401350291, -0.18632740997741554, 0.6877832154251223, -0.43480317834011084, -0.6485038585768932, -0.2111845743047454, -0.47512057004068503, 0.0941761523365801, -0.4127950631830191, -0.4353484969510692, -0.32511254271459816, 0.11706082508008483, -1.3021535754811744, -0.13268353513299505]","[-0.9872009776268824, 2.133459605498281, -0.028090750644322805, 0.716213126008765, -0.8843642652373513, 0.7666679370978365, -0.2834244089122758, 1.0288852804114081, 0.08207522425288186, -0.6758830433872518, -0.9048879070698921, -0.9060021164518853, 0.7459704593338252, 0.4856502486328825, 0.49792496195155206, 1.2166602415499408, -0.9669011452453109, -0.4693683916670843, -0.432084605747226, -0.5893892576327566, -0.47057877630104483, -0.01938379716487005, -0.3191760059820746, 0.5162230109566788, -0.16767749070299287, -0.015271995440676379, -0.024603054257232294, -0.17441084670486212, 0.24134925719779135, -0.23082797946655012, -0.3813291416483193, -0.1451604508038893, -0.3045236285416724, -0.09926148029923865, -0.13765527859099563, -0.38646016595156946, 0.034128256520563435, 0.08640546781153347, -0.22730895377769827, 0.21729575307764407]"
"[3.4843911391531646, 0.2614803127517815, -1.5886373809138596, -0.588858258569588, -1.1364250956581856, -1.9953539722082199, -0.4197455022972137, -0.024081910232416685, 0.020965883930732152, 0.460944705827039, 0.647442941429937, -0.411780413574435, 2.2465143527431892, -0.599014013431968, -0.962448862690582, 0.005182438949715101, 0.00445690380733197, -0.17849648880975255, -0.7943817353026776, 0.44248316986651476, 0.5437280035649878, 0.24528414101308935, -1.1771477764037468, -0.3593706419126718, -0.48892063256211404, -0.46618527049253894, 0.5896169582974933, -0.07820243144941448, 0.37897465346082315, 0.02311552543532533, 0.3370589936503657, -0.1549447478093218, 0.41022253699317934, 0.5421023021955912, -0.7694307057614307, -0.010170626177714658, -0.22734278448976664, -0.5914350807240615, 0.1096367249897245, -0.490929611453523]","[-0.22303732735553491, 0.6394819639456519, -0.2866160780647716, 1.2738028687890075, -0.23337826808073853, -1.1628622906386386, -0.37624636892092866, -0.28340857204918873, -0.3659591499709276, -0.2619700509407489, 0.3138386223527276, -0.41935403976206886, -0.3440557527529319, 0.4000202542659979, 0.22329287784629825, -0.36476958772736334, -0.39094826048130116, 0.2528114316612687, 0.03954331253782313, 0.0292629702803888, 0.1782975564344718, 0.2913824394095999, -0.06078749657948095, -0.15665667752118748, -0.15179597609690276, -0.11418403273577728, -0.2598101944246079, -0.04688039378229624, -0.20664846811568782, 0.2705087168228129, 0.12266507883775106, -0.14717850394653886, 0.43068045455531295, -0.2733463333638057, 0.2419466357641889, 0.16802072944465685, 0.15140005322698974, 0.07062158714185789, -0.07671624597648781, -0.2825419676162645]"
"[1.9943503322575613, -0.6769998757080347, -0.21357575391530437, -0.5858613848921657, -1.832053162816629, -2.0870502000205975, -0.07261137928348445, 0.911402957596636, 2.1687467800912024, -0.7149937276854048, 0.6745330923615575, -0.6912469170599185, -1.1578210343131354, -1.2157008463296186, -1.3119884028969473, -0.6409819284908006, -0.7938982128856451, -0.027718355121553396, 0.5529910747307996, 0.9017571080338314, -0.8432243423400757, -0.022267493041535705, 0.04889115031903758, 0.6671898810117842, -0.7731161443330584, -0.8648294277103903, 0.04081727679581017, 0.6564492586251595, -0.15910266851626212, 0.2424983675646563, -0.41500423630801864, 0.9214069816509199, 0.29517573531534097, 0.14739594576912865, -0.051606098112099985, 0.009461194502311372, -0.43016172864989666, 0.6024771916284358, 0.7114371266550349, -0.790832828434796]","[0.1715248482652743, 0.7265822862262539, -0.8866289986525637, 0.5055221960217634, 1.4888507430145994, -1.438707065993099, 0.2467280795588165, 0.22035272396318387, 0.2225291762476443, -0.11149866701732017, -1.3558881988527438, 0.3611548627947251, 1.0695581007559238, 0.7447826031530713, -0.369696623313106, -0.7076092146086914, 0.26631815198803127, -0.12750656693040208, -0.1158795236146813, 0.43641792481008945, 1.1738260865836139, 0.13968483198575257, 0.0784846403931175, 0.4144419096588199, 0.23197100374284188, -0.20821834104090256, -0.35575272305343514, -0.43529543415805627, 0.41572436638742793, -0.4974879806141904, -0.4056445120115895, -0.24536579692874136, -0.6591333167764921, 0.05213169457738726, -0.37423665077912227, 0.671938180794438, -0.19149252858307725, 0.35835909055196263, 0.5336511380295683, -0.010784545323847965]"
"[1.9559301273393903, 1.5441621544734132, -0.6418400550759338, -0.16451847593628033, -0.22575647291451476, -2.549645653031909, -0.6392983760828722, -2.4154491230020865, 0.06073364748039999, -0.24811380800636204, 0.5796028385498724, 0.3454147227568373, 0.12032082780988936, -0.31849102057949746, 0.23615745061234253, 0.07827609783777065, 0.9369215274993853, 0.5423430905060499, 0.7765476164949902, 0.1321747331618453, 0.3966119658865344, -1.105441680256562, -0.16239061975356617, -0.15707113705144204, 0.13866157033187876, 0.39652681042573507, -0.380712409230613, 0.3443277236445902, -0.3169878186237143, -0.27080258778542904, 0.49896917421569703, 0.7390353510765434, -0.13972131138947522, 0.23333499365847085, 0.6779205650260316, -0.25841871984426407, 0.3515539974443263, -0.23587751798262258, -0.5962437612892671, -0.5606589420845544]","[-1.0289096440044383, 0.9557689145508971, -0.6299114515936053, -0.46426131418374306, 0.40314713643817424, -1.8804237690507413, 0.6799417571628119, 0.2949222638078398, -0.6758080549696702, 0.36662088181824903, -0.11092155435799433, -0.08027974371167627, -1.0243290450599847, -0.09916710976347493, -0.5973125844853616, -0.5301278934464139, 0.2389221829458664, -1.1338892423945677, -0.4085653865613185, 0.29170438511670604, -0.2988014273256448, 0.4381982316178337, 0.031970789408747244, -0.5334124458569895, -0.2236380063312775, -0.3914816289211861, 0.3334070645809508, -0.2423026537766361, -0.24803546005622437, 0.022562369565621795, 0.3501055243164725, -0.33124061774033964, -0.25087418967371394, -0.11223383608239176, -0.19368472586184396, 0.17659648477392348, -0.26054396538935654, -0.41295489964815785, 0.07788854084322164, 0.3075199649664318]"
"[-0.6596502564011776, -3.340999361681587, 1.7352578615873249, -2.2526956634832445, 1.0235022618582417, 0.845137305339642, -1.4292255982955289, -0.44712726110515877, -0.6958122747269024, 0.1348262581007023, 0.08644331229171602, -0.5554815166488744, -0.6444255599594423, -0.044639560688706864, -0.996999129967263, 0.09646912104699126, -0.14210953563213152, -0.11396477324714056, -0.884045852874812, 0.5548576524704121, 0.2685313114784492, -0.18746534668170292, -0.3027985052261247, -0.19824574495514607, 0.11150212263507751, -0.32643723385573287, -0.35026322885436867, 0.5098972577662332, 0.17412686466308133, 0.8277183115823837, 0.24406900057072764, 0.2591802508560601, 0.16168277521100025, -1.0674472662049006, -0.6964920695283019, 0.06929639405167215, 0.5854024625850534, -0.599820242839017, -0.6702473587896622, -0.4093109242822552]","[0.32019466011325526, -1.5225232560325341, 0.5654730374095633, 0.9737430675858605, -0.49529666550651286, 0.7767171556708138, 0.8555081762438127, 0.17507979239465982, 0.4178078609486028, 0.4574719583390661, 0.406825002396787, 0.7709064615558039, 0.2300088022438218, 0.31178295359149677, 0.16295719680067772, 0.0075991206557165444, -0.1408099397980173, 0.34546618143201685, -0.5226830840192324, 0.31149054406662163, -0.5373723489637213, 0.39150323010641574, 0.059419218416776234, -0.14673060972495217, 0.041038101264299506, -0.4032043100812108, 0.3762627471620988, -0.08807751761343822, 0.019463235063271366, -0.4004382818241386, -0.009029034578987117, 0.7300117803217345, 0.22153692843562453, 0.3494075857820935, 0.4343191461749272, 0.5585500988515184, -0.20958892080287617, 0.1993246157772824, -0.20219548913128682, 0.7196155571157687]"
"[1.8756402342018668, 1.8500211778692481, 2.3776683803896432, 1.1138649876970472, 1.3534293327619615, 0.02507547050815792, 0.9566232201841027, -0.977540281958251, 0.4482177395404703, 1.6732422205257305, 0.032400841408833744, -0.33857644520509533, -0.5738329630713468, 0.8336834678777983, 0.9635005473767144, -1.2637925896080122, 1.0183175399083342, 0.0530526885385737, -0.8176264313977446, 0.649107010931211, 0.02403762195499163, 1.717879951286462, -0.5515070934500753, 0.5524631150911017, 0.3205538984498436, 0.019228686596647365, 0.2562206755519733, -0.8419378765710399, -0.36676456924607476, 0.013178334075914759, 0.4552114474384878, 0.6290978688851896, 0.9358596373792889, -0.5496047257008068, 0.009659302942456809, -0.495934449049079, -0.7810832592804102, -0.22664566882522014, -0.8411487609706807, 0.265766730586291]","[1.5075117791839567, 1.0874531819887283, -0.3871612482217841, -0.19392714720150225, -0.20876514695923656, -0.6697218913972081, -1.6352547615772721, -0.05333127214166678, 1.573406014675152, 0.31585926286436217, -0.13603061191762184, 0.9441169043062192, -0.7543798348424375, 0.9245026065030485, -0.40008769516378967, -0.03289031863779936, -0.15145085138609962, 0.5814262115203453, -0.6116262600694824, -0.48136345440188416, 0.26093403132870896, -0.15085839676283216, 0.7626055926005221, 0.20444155025074573, -0.20058083608838512, -0.1924442629944064, 0.4103859815902959, 0.38693081153084447, -0.3114323877951839, 0.22287551351244358, -0.11576823214344814, 0.18360159000780785, -0.11534583744277575, 0.12443544414230918, 0.02030190665347394, -0.2821845061839961, -0.002071731099212037, -0.4244921532232461, -0.5399411569936263, 0.3931261439880062]"
"[0.6438736736369443, 3.5601466730955504, 2.755587990070339, -0.21843234654514085, 1.2367452209016314, -0.7295228488510894, 0.5777157949584658, -0.6990902824329511, -0.27864907717249493, 0.19976018573715554, -2.0609189109012704, -2.3973436350814845, 0.829184816372172, -0.33470919366004526, -0.12181388675356064, -1.247453888342666, 0.6648275092119479, 0.7257493021866349, -0.5008458177565515, 1.5181116522287181, -0.5013111684536472, 2.13955198008363, 0.8374417011024833, -0.04242260130744158, -0.1321410006528797, -0.5457474917975533, 0.3693788928126582, -1.192419324961023, -0.17500771480054933, -0.7337742337074783, 0.504193876318435, 0.10719859217670269, 0.23914927215120205, -0.24116990268730945, -0.4221613085130493, 0.015540141544085511, -0.4132158995820951, -0.6612850171103882, 0.2625721629740677, 0.1687670338392282]","[1.2453784223968223, -0.03441480317551377, 1.3005040889924482, -0.8694523607293912, -0.6272178182345023, -0.2270411563998174, -1.8179552633325549, -0.6519504883257545, 1.8306210629572075, -0.0394596840214087, 0.5904718283457546, -0.2759505924352886, -0.825281952373228, 0.6118236892656191, -0.4090524383525582, 0.2045884218958255, -0.6270799122416657, 0.3936964865492578, -0.668036823459993, -0.328699197026735, 0.5804684140709964, -0.5489680085974267, 0.06279989572345201, 0.2555040272159211, -0.044959381046992174, -0.6529782234918977, -0.09629461214160628, -0.016162617648368155, 0.17024102040650227, 0.3328306392554459, 0.3226870656924948, -0.048390098243825945, -0.0921696585826825, 0.43840071531837155, 0.020325340780189372, 0.15738920784959712, -0.3145344665294157, -0.30297787309485913, -0.5138270461241133, -0.03220111298038082]"
"[-1.379984146761133, 0.9731248493055434, 1.6280402193038153, 1.6346034605910242, -2.580513114944804, 0.46803454772046715, -0.0227211583813303, 0.03012102588643585, -0.3610084134641387, 0.6200081012703368, 1.1975337931386743, -0.1170149259153475, 0.8172815600080182, 0.3661204717873187, 0.11594545639114226, -1.223143485708294, -0.08787903977179307, -0.09092298196092628, 1.965760309207728, -0.6269986724399551, -0.9018692551626697, 0.3348315774024002, -0.24260810748588732, -0.2321383991026051, 0.9134657566904246, -0.48425227044231434, 1.0933971749086697, 0.13047235300300888, 0.24564768618096716, -0.21100914800147746, -0.05587790968102275, -0.8465130602312838, -1.0050416431806695, -0.8098307387954058, -0.47709304947195025, 0.37597575193606764, -0.1451597316344844, -0.5787281253167663, 0.3680815955134142, 0.21087155564640422]","[0.5546877377146978, 0.023685398102461216, -0.6506312881042197, -1.358500279200082, -1.8941464119221314, -0.9875742551167874, 0.4341074743266764, -0.18973255358420743, 1.9666178725828867, -0.32392473621244333, -1.2355978421140839, -0.6264908970898281, 0.42179788275435814, 0.42237440368374485, -0.27987468136332805, -0.30862722138885035, -0.5842239477039973, 0.22080744102240255, -0.01982716826409464, -1.2609705759588061, -0.43646928169025984, -0.4610137367841667, 0.4191016496220293, 0.11411677006713464, -0.4173999632606393, 0.490530848270953, 0.41209082207478515, 0.4236518179271457, -0.13268580012603365, 0.23472271467034253, 0.42606335766271314, -0.25255016347146203, 0.1771672647641264, 0.41602930921017656, 0.5193486452914817, -0.016920000875864732, 0.02852883682345529, 0.5721092199528905, -0.36582121596216005, -0.00435859513591081]"
"[-1.634161358221238, 1.217987985063967, 0.9650832379082888, -0.4587620816000798, -3.392467860637623, -0.0012283267070679847, 0.20732015648287436, -1.2289386945605212, -0.13447739038074494, -1.2603617505771705, 1.0969557927628628, 0.3088102390969994, -0.7051847890160535, 0.2184115094701522, -0.7195218666945414, -0.055165111059412165, -0.6649937975557529, -0.05810827521032993, -0.14061043432099882, 0.3666821695151411, 0.4684361666049315, 0.3112379655838537, 0.13388448620809332, 0.9810692363922905, 0.6023401537567201, 0.01778777656570624, 0.507087759779485, -0.25351542217565864, -0.13396717257279342, -1.6334018451769998, -1.1052850936214063, 0.011517156415154427, -0.9378930377297681, 0.6249194401200412, 0.24478208150263608, 0.022493629473482553, 0.3156388348756887, 0.11846662594641667, -0.6340600078163274, -0.15901728608403168]","[-0.78796852046076, -1.112273995977376, -0.6282268595392582, 0.49087409135579463, -0.7062276520213827, -0.313812629100539, -0.7955082518737687, 0.3211417388792184, -0.5526283039424418, -0.05621673580435501, 0.31086152385773275, 0.6157788877256273, 0.09960871582439092, 0.4800734232103992, -0.6519356826325327, -0.2274656341461895, 0.021004861717190335, 0.05825642900273165, -0.25049091870042184, -0.12883198401745868, 0.3718183354800985, -0.18811898957014372, -0.5663194200885132, 0.6910979992329909, 0.40928139594433, 0.241738923629865, 0.4571721762929144, 0.3559133182606655, 0.16796571350043676, 0.42388322971719106, 0.0728193704725701, 1.0022375709903124, 0.23302294525431516, -0.7859317530174647, 0.07983147112081497, 0.11185843612747809, -0.30579399125027257, -0.06153479150688639, -0.306451011703186, 0.49912364903291834]"
"[-3.1302095808161, 1.0013853526745797, -0.832600055970298, 0.2681858244670602, 0.8434586315151167, -0.36509058053430593, -1.2619586950402404, -0.20171787253543666, 1.1865041683212822, 1.149896414911746, 0.602216804341224, 0.7368820619958761, -0.33989812457741386, -0.6999709827260004, -0.8841614174159758, -0.38100664409673335, 0.23953719209434626, 0.35223677466332975, 0.22620266794171115, 0.23707548642177723, 0.12007555913145693, 0.6796611623410315, -0.5659823104486327, -0.315574143029587, 0.6079105325646293, 0.18086827663053914, 0.8564768190880075, 0.33755900842512804, -0.10467700198401654, 0.02239646209977618, -2.11240216888491, 0.22263443353850235, 0.16051944039879704, 0.5574050171986588, -0.6800418629965423, 0.07638692428411403, 0.6935925823546475, -0.10766213749240092, 0.395171500605041, 0.7816820777611058]","[0.014033427192661775, 0.1498449900946771, -0.8340430436148716, -0.6326335402499798, 1.1332690439574236, 0.6790481458688091, 0.6953192374062782, -0.40888925793219016, -0.08505882819042648, 1.3212167172779297, -0.8924054491442374, -0.37043917802430765, 0.37184883547317055, 0.18751263975390403, -0.1784665767366449, -0.013749652696105851, -0.2603766189645375, 0.04957882059766369, 0.06916820136999223, 0.3412549296769168, -0.2135144234039425, -0.06568874005150105, 0.26734628240228203, -0.5747673991591228, -0.11854444525485734, -0.1650127256084288, -0.035297063355001476, 0.027373782483703535, -0.31078905956317626, 0.17328314667005185, 0.4023077882132715, 0.005649837304152878, -0.08738962136644826, -0.05405747504767473, 0.36762968687452474, 0.11483300697136668, 0.2355930283678762, 0.09624717210135364, -0.05180810911453613, 0.29447947173783323]"
"[2.984075948034108, -1.9137677081364701, -1.0832007428854753, -0.37632401872873733, -1.5218460738255106, -0.959332812013371, 0.4002493118761412, 1.566640418521329, -0.3385812608256618, 0.3105250732310333, -0.09876088933376657, -0.029449957968800268, 0.22489188757055084, -1.3671475443365995, 1.377354653981686, 0.14593276005747505, -0.26710063702429787, 0.4755704473243957, -1.043563181632017, -0.2738561149235453, 0.2750552142729843, 1.1937652003650303, 0.07132122379792653, -1.0296615573829848, -0.498443835382977, 0.9984689702581361, -0.7279962244461589, 0.17465153732948552, -1.1266599403197026, -0.2860759480366916, -0.0835625544937593, -0.21828550138663827, 0.5696677221399942, 0.06946924354732552, -0.5711251810448773, -0.35664953607218197, -0.2209493319693199, -0.9630999125334326, -0.19398354188422878, -0.07747011507758522]","[-1.5918380266134413, 0.8191832338959075, 0.12090292377934746, 1.3797373136993847, 1.3235809821379463, 0.042281305201548054, 0.3726338527629543, -0.8878029540135502, -0.1773038393614732, -0.5719162526581552, -0.17147225428257903, -0.8207879482647821, -0.026204224829266685, -0.8065915170556943, -0.32741036711530863, 1.0346696268183901, -0.30393533884675894, 0.5486801318615683, -0.39187085179842485, -0.020776877083826768, -0.36776435435366545, 0.02834429080430211, 0.009162826232156347, -0.10137741552692482, -0.8261720509622, -0.04022548268293132, 0.5228338101130263, 0.07750186865577481, -0.08661078853922546, -0.12344707572517329, -0.20778227517746728, -0.012266364334489811, 0.027282444813701654, 0.3244673707523666, 0.4428723843063904, 0.5836828690809339, 0.414034900576477, -0.09996504796986454, 0.011852677421736905, -0.1383827677988142]"
"[0.856839643888526, 2.6929339178574763, 2.2394202735747117, -0.7977119779973535, -0.20667283313953588, 0.15972678011140165, 1.0531529066814218, 0.1788619882850631, -0.612785409112882, 0.7878273412265169, -1.6919898961397368, -1.7330815766266656, -0.7589022658480311, 0.5293667347156507, 1.2701422722246196, -0.19794183804567012, 1.2920291392811465, 0.442337742091552, -1.0120330649491938, 0.14874469888939723, -0.5293746140093682, 1.298197894141599, -0.09320730051085892, 0.6036869700658044, 1.1381296011621334, -0.09406610721394124, -0.1924987504105704, -1.9518339388808554, 0.2530342071572716, -1.0084900552862759, 0.4092828540098618, 0.8518092532329068, 1.1455983140222616, -0.06486038038510226, -0.8431132314156373, 0.09052774174805399, 0.04412053574687438, -0.520713978580139, 0.5279154927624516, 0.5545740622793619]","[1.8630655481990088, 0.3324643365644126, 1.8188196105901917, -0.7226520821930361, -0.18231511757221897, -0.1047205589183257, -1.2837110971421193, -1.2505311913679844, 0.20965090706923936, -0.2081775691582102, 0.1431216427178588, 0.0429436788474431, -1.1172993085599139, 0.5869228379312289, -0.5346319718508957, 0.7577470407864025, 0.930931147344043, -0.0026391398422338716, -0.6298972035877174, -0.22323578180509143, 0.8749181143461418, -0.48730973059578053, 0.44654582215561006, 0.3647037477309063, -0.13984240622843716, -0.7226209470672615, -0.3862060785819613, -0.3812114669494762, 0.2561563374842827, 0.43819854743058523, 0.27226680772451833, 0.17027553906382786, 0.017043255728081658, 0.4902177032644367, 0.26147555483288026, 0.01312328265874837, 0.4431663996447303, -0.008972922078646504, -0.8079827825828938, 0.8187367076034523]"
"[2.2507659467755228, 1.6435403936034656, 2.1067088462693384, 0.4894524344871204, 0.14386301738674254, 0.1055423827669824, 1.7607986646507316, -0.7916674586748023, 0.13607194800232839, 1.8744630569149192, -0.6391558786977403, -0.8852842703644105, -1.4983270535086186, 1.12355097781313, 1.313322692329809, -0.5891491841892228, 1.2921125385833603, 1.01472135018986, -0.7085323003746185, -0.24044675500981053, -0.6992465429662502, 0.908964127264001, 0.6679165040963403, 0.17968856930785668, 1.8738219358471069, 0.1466671504172595, 0.645754689901149, -1.2440391463809202, -0.38556082478700515, -1.1522545611757036, 0.040951763102527135, 1.0602576582837575, 1.513526642464463, -0.5072581889463802, -1.4118309606373634, -0.22561532671086051, -0.2503267648590791, -0.3277733152757532, 0.49355142870412066, 0.23272246886810236]","[0.5711188588586259, 1.276583958934557, 0.07049769702100511, -0.6337410118671146, -0.22771276594309625, -0.6268289873640808, -1.7760325916130877, -0.801479222448256, 0.07492008759064246, 0.13809689976444425, 0.25998032226803225, 0.9996282209287272, -0.6564922793157554, 0.7125654221468529, -0.37805579809929096, 0.45174979291302475, 1.1000037195900423, 0.15353578304999324, -0.6092265613912912, -0.3851851134743477, 0.6282964009610292, -0.26150953800968074, 0.6326647270085177, 0.3628210946173411, 0.20845265879460498, -0.5832883873784509, 0.5616661184143633, -0.27885627540328534, 0.00240208642474361, 0.3666004011509817, -0.04206781944692219, 0.440940079903363, -0.1420444446445505, 0.28507353071145686, 0.34052592801208675, -0.07544132906048197, 0.5817019834138483, -0.359209476234905, -0.682627381005191, 0.48258829051372804]"
"[0.914998672353943, 2.389208324882171, 2.4599772069118475, -0.2718982918176347, -0.28120804561111223, 0.37749631574502845, 1.5997876394848993, -0.042361437941682324, -0.6082972133600847, 1.0670119626483896, -1.15811737087479, -0.5606388739146925, -1.0202290180883915, 0.8132265390237096, 1.193236492790655, -0.7969646626824979, 1.234245329499277, 0.48159110892522766, -1.3402856426488596, -0.6731615297467517, -1.3332004308548513, 1.184302327139243, 0.5501201717718369, -0.057231617808036296, 1.534732059829746, 0.5004514665278011, 0.1826372948861877, -1.0970265817803695, 0.12663613850801586, -0.9464390660823462, -0.5665235486985101, 0.9539167258168549, 1.8523839447145887, -0.5280230312408557, -1.0303523506321677, -0.05993494666570254, -0.13314392862927077, -0.44942877243473445, 0.4646249231435791, 0.4060053195134923]","[0.27263078551409675, 0.8191189185397373, -0.10197323841019358, -0.7961362447466687, -0.06776431509853849, -0.2878662612751042, -1.3799337141209587, -0.3471692355449062, -0.017705856958757517, 0.23100007647812687, -0.0537057264137707, 0.9656205033913985, -0.506813512229512, 0.6925962067623705, -0.39960871249596924, 0.2533520070311827, 0.8369454772782453, 0.06067139360321711, -0.5049155734567026, -0.5261933096694921, -0.04295540977123578, -0.0942415853399434, 0.9135328598711523, 0.3601287918952163, 0.263355237787133, 0.03627856991325576, 0.5958626830445386, -0.2997857926486283, -0.3322204496958212, 0.38265149833479917, -0.03204421621959904, 0.3185135121726226, 0.015936946007551484, 0.31233347418701735, 0.37467515752195474, -0.4141603008999763, 0.40639095990664853, -0.5062332916407462, -0.9880757086095668, 0.3814372629109074]"
"[0.8878590190116961, -1.1854348482634396, -3.3308821130882875, -0.11966952417317601, 1.77622934328488, -1.1479029885799772, 0.5391968272080838, -1.2868601970704663, -1.1505192199482042, 2.084319702386183, 1.0611738338854406, -0.4513135737459411, -0.025806730897871485, 0.6960441934073411, -0.6115839370027535, 0.6521940097894495, -1.422476339625311, -0.47008792505614766, -0.589407783821626, -0.5303809782524174, 0.25707728150720194, 0.9609630486825984, 0.08817876560706309, 1.1111952682562083, 0.22150812740363324, 0.13117011032848638, -0.4293708561042135, -0.43657270720543234, 0.14504102355579462, -0.4381688124618085, -0.2471518724263796, 0.1750208303992745, 0.1472392824223941, 0.7416958937856157, 0.4619004457956938, 0.09168875023651137, 0.4516499161983098, -0.4821203450566012, -0.619991603609093, -0.10294258434946525]","[-0.9192124576636184, 0.5070531162895021, 0.5277492188928069, 1.1649463491252872, 0.4248997291282825, -0.15793463058346413, 0.0613554455502961, 0.798981550180922, 0.7925025099744938, 1.2957912013699786, 0.7989678002917221, 0.31578184640267626, -0.39330777505675407, -1.6792170511536177, -0.01817004143904276, -0.5595363442500071, 0.3578712934225725, -0.2903505397641956, 0.670160830324437, -0.2930116678398573, 0.231035396595044, -0.6224019163182277, 0.17569262362943147, 0.47727739416611054, -0.34704108917040527, -0.07345088826343454, -0.4035403677193985, 0.42804096898617944, 0.31104259866007705, -0.009481629870638272, -0.021263691227454515, -0.23759216409351283, -0.037937672643389805, 0.23272019907854458, 0.4017530673210656, 0.02821563394332903, -0.0296262063041008, 0.05433958437227907, -0.6098589462310213, 0.23298953572871212]"
"[-0.5462420381763746, 0.1716295732577774, 0.7395243235980123, -1.8987534746298247, -1.318890610265188, 1.2479817125866315, -0.07241960305354704, -1.0547959928149302, -0.047375271152642465, -1.128541972307649, 2.3454257156212237, -1.5057885095379588, 0.48687449706234487, 1.1140361964474743, 0.1535546447422952, -0.4260063878737293, -0.07467276147093174, 0.9675109540377892, -0.6107375134939921, 1.371728116062864, -0.37812997347656124, -0.3486819879467954, -0.4997102035308394, -0.31605901918040274, 0.811559553989394, 0.1461266609091768, -0.46503951070017935, 0.0732406342229395, -0.8772237831350634, 0.08816365280824728, 0.8495669747765201, 0.18326880079622515, 0.08908974660139447, 1.344184402204893, -0.4303433894338723, 0.09294489742012449, 0.34215242779857774, 1.507184680741062, 0.5310982759890208, 0.5320799934157576]","[0.9753828673671099, -0.2973799848732821, -1.1200386633532635, 1.2741220925392338, -0.6903099034001168, 0.10927991290235926, -0.3700336422744176, 0.1414890153771968, 0.954116185924296, -1.4096010416548992, -0.020250779351631425, 0.10474959852247406, 0.6370849339792929, 0.40202125431255675, -0.8376599056423918, -0.03843153696696922, 1.1707517176355957, 0.2195609969762862, 0.1751340323722968, -0.4558205894387279, 0.040068250729475036, -0.8174447691786959, -0.2411144638997354, -0.4895527628117577, -0.4321987795836648, -0.5139060959030087, 0.317058651300306, 0.06003240730398253, 0.566203966150443, 0.22899960731722216, -0.7428060884931236, -1.0121615330946192, -0.18801998618808924, -0.027091527946404986, 0.5246076133008293, -0.4192264479145564, -0.137639349135026, -0.2402096445110511, 0.1375167565238994, 0.4336178455761806]"
"[-2.101604135450889, 0.5534192799161302, -3.0851670254234858, -2.1420747783804175, -0.0031663359744260673, -0.2661093070439173, 1.7277910667390628, 0.6025990133681843, 0.12706053434484285, -0.3715147740768958, -0.18295393740940563, 0.11039593655504733, -0.07687750598109165, -0.08403352809798839, -0.3977788155188323, -0.6043739963066725, -0.6863801782167461, -0.4155567385266364, 0.5847746900357739, 0.8162604562012452, -0.4652574670421226, -0.40568980525222803, 1.137456041512937, -0.03654376106431037, -0.11299993108294872, -0.3036089414565199, 0.09940683794417059, 0.23000493977688566, -0.20963892932324096, 0.2922741772344686, -1.130894176402082, -0.010902731106000723, -0.5392300961400628, -0.6495514133015298, -0.08671772358169924, -0.33643533303826495, -0.15159447158837028, 0.0490938686665935, -0.05181333602664128, -0.11841886314687637]","[-0.5228161343146709, 0.5749440787819206, 0.27145233528057494, -0.21156128674979027, 0.6067423321012588, -1.1351794803333148, 0.09759731650862485, -0.3901361180877952, -0.5843972743457069, -0.682874514149363, 0.13040011213533967, -0.9329818782268287, 0.6155431711878016, 0.9345293345862241, -0.3174672230464638, 0.28264001126649047, -0.2790324490577562, -0.6163511266256807, -0.02807027553529654, -0.27372101564847895, -0.20008307174750622, -0.18006076389006037, 0.24124443468141535, 0.3983542562823838, 0.2628069819362396, -0.19925055279059323, -0.10690174441748451, 0.04942592567968023, -0.046086685023342455, -0.1329361093311453, -0.059688772922830556, 0.011523789960335555, 0.21064455734650323, -0.2755768995950987, -0.21499641246846632, -0.04761024465694265, -0.10341120090797486, -0.16622819281012793, -0.09176944601239788, 0.24746352845555478]"
"[0.946397863007467, -1.668467804420845, -0.3908153629560522, -2.1844717275782086, 1.7539391316948938, -0.9068226936087703, -1.471617823481133, -0.7544649588121071, -0.6150566333701708, 0.32083051235025384, -0.598364561166749, -0.01786705826601339, -1.33799316031797, -0.7048172186613304, 0.7614206376509302, 0.383600374575344, 0.10389736938233099, -0.4500476401002014, 0.7589200162552607, 0.12986426517670405, -0.24311457830929528, 0.8244951772307857, -1.495952016119697, -0.2539894254327491, 0.9968375097963433, -0.38705982822448354, -0.6812579184495505, 0.18369826991672353, -0.6862335547318552, -0.1339007640151998, -0.8073994623717238, 1.7771215683724868, -1.1960968931129343, -0.87491304418579, 0.13514685215290134, -0.1061645761790791, 0.9446917436595202, 0.8535786804126058, 0.11910078674868081, -0.17315474672971798]","[-1.3339147467997479, 0.12450525338342872, 1.6565178536085252, -0.45701148999664004, 0.35309216119974035, 0.4373884993652065, 1.0133106712736994, -0.574270414545804, -0.005744438750740173, -0.1570419027818883, -1.2135766461219006, 0.6918715657806652, -0.7828848260501338, -0.5159670582219935, -0.08227118777466173, 0.7402594666992758, 0.5200164764685092, 0.1443740288471657, -0.31691887505281946, -0.4160248673565251, 0.0835289340972242, 0.4524734578754938, 0.2189810343916921, 0.030334010826560127, 0.144580015589078, 0.07646634307520435, 0.13040755910089757, -0.12092699261491129, -0.06131578271012829, 0.00144058050273366, -0.6834736855571294, -0.3187408470312693, 0.26529293038872004, -0.11801518367857343, -0.05044318242835126, -0.45055662210765673, -0.36612850168803535, 0.8442111327076502, 0.06384389761792414, -0.2615018665413767]"
"[-1.6750084487328825, 2.0266782300965613, -0.11268080796163181, 1.0662439137427566, 1.0823468670385437, 0.1952394189537725, -0.5183188475545288, 0.12777564111575518, 0.15735221469765576, 0.3103854695399581, 0.35234005044232086, -0.8191426183007597, 2.833543773542665, -1.1983564490122196, -0.8607383884271511, 0.2768468595604889, -0.3871565911948588, -1.633908798905013, -0.5838175912533621, -0.3054912648535703, -1.2377989197695936, 0.012800469337554906, -0.7716275493691722, 1.5475487496986962, 0.13658787541375209, 0.18944077401071927, -0.43659056596071777, 0.024122219069444565, -0.1559508789702438, 0.6358188019006278, -0.10133818032621997, 0.26222209443575495, -0.4850048178492562, -0.41907609766187637, 0.8295033116893088, -0.5733957961373634, 0.4845941009332996, -1.0865285027114528, 0.4056972978715366, 0.7193853451397914]","[0.86894898391375, -0.43100350018511646, 0.22059898307329795, -1.0817103977241154, -0.8346330279349932, -0.7292537236636902, 0.9546258200676146, 0.36095839225674325, 0.5717669443539691, 0.26649271081105885, 0.36671971599064357, -0.44311143806227, 0.008732285724954688, 0.12851775803190318, 1.3765710001938476, -0.3021404651200836, 0.21365799154938522, 0.21852671604913296, -0.29065633724587525, 0.4851952170949094, 0.7953899619968248, -0.18245992610278286, -0.35027891208057177, -0.04933036253929495, 0.040859550613868895, 0.05739654453145235, 0.03857517529452372, -0.0801210323138986, -0.22357155525317549, -0.07059371932764678, 0.8603900848209387, -0.016179995360446793, -0.049048456705986274, -0.10556714815110158, 0.06791980643972141, 0.036020044790803146, -0.18843699027348054, -0.21962384146828365, -0.14403340982564397, -0.0937583937241165]"
"[-2.1709270744746108, -0.5345301861864165, -3.2195219273888154, -0.383288329243411, 0.26191790977051815, 0.13220829964874004, 0.051144314299141506, -1.0175991988716993, 0.13056277316193093, -1.0155910587210673, -1.3506463157026822, 0.4168936318940083, 0.42573127710363484, 0.5398279316029853, 0.024001330057587984, 1.1288841346565488, -0.8288230215045792, 1.3832735353060384, -0.611074197416469, 0.7987352953767392, -1.3910609353640975, -0.6671555213127255, -0.9674255708989342, -1.1510155586629112, -0.3697310377793834, 0.7431216551946249, 0.6133565963168057, -0.46478624258406553, 0.6035636820831801, -0.546728751082077, 0.12184124219967941, 0.48374196700816213, -0.5133977523625715, -0.5427040286871636, -0.08005378500252881, -0.7181597909272408, -0.3422691407478347, -0.6960334840255689, 0.19780795240502339, -0.09713122846137824]","[-1.5811781105618044, -1.0643498631373915, 0.16551467856916907, 0.42828844561665175, -0.9827048999025717, 0.0035982700432406626, -1.0277803022349161, -0.14663925438286113, -1.4431170565380538, 1.2276156739700101, 0.03379599410811944, 0.1426689373349822, 0.8763502883403262, -0.22162891714521968, -0.2464797137763479, 0.07284248314383583, -0.07719824706070859, 0.735988246330125, -0.33926885863022105, 0.26261158027502435, 0.00023918064116483086, 0.2619954594945444, -0.0798230765359279, 0.5991179668195267, -0.5256778019576038, -0.6626862899650358, 0.14887216781809406, -0.05066780553844221, 0.09912867778683128, -0.26814978352056007, 0.4627010765236546, -0.2673096134603566, -0.3000966625133887, 0.04401015270114127, -0.48818524118149753, -0.5107007064193493, -0.3884113875206886, 0.07252656919122603, -0.18540854910802496, 0.0958916615053067]"
"[-0.11166252602370903, -2.2665808908543426, 0.5480729344135291, 2.3446237946619637, 1.1289398731035531, 0.22120397546144316, 1.565899364130191, -1.8694054717006598, 0.062278314621348155, -9.811534024327036e-05, 0.4193997264948515, 1.551652960836134, 0.14981907368319466, -0.4825959391694593, 0.46331775844576983, -0.5592155168540296, -0.21373822010329108, -0.9315429486488224, -0.6466764201120788, 0.5315904267071675, 0.008856641434844909, -0.19669814631601704, 0.2928030211716021, -0.8079342653375813, 1.187853008266098, -0.03214727430129595, -0.2695347221164203, 0.09921791317826181, -0.7630904743653427, -0.3493488268350095, 0.5185564451180442, -0.8642387663447938, -0.0320543117698411, 1.2547424086425765, -0.05293287860840947, 1.6414197466151936, -0.008885965588229456, 0.4675525567759011, 0.8186948699154385, -0.8082549289535034]","[1.1658184905233684, -0.48881408098439477, -1.4851745255650026, 0.6699334784193288, 0.6508228654439442, 0.24135349179341326, -0.09930484158188473, 1.213985630033527, -0.5229654552844076, 0.02867280652706743, 0.6882290633056216, 1.1613949006594395, -0.07449877021316335, -0.6926368566234921, 0.43515293148617123, 0.3740945965490738, -0.643798394301407, -0.10181961450112566, 0.04301453607569972, -0.3690514186344389, -0.2623501963982671, 0.5100521733518932, -0.08877242459320343, 0.6725294220363276, -0.5632686838986152, 0.22071243534159588, 0.2563177978220374, -0.007073254802565816, -0.11321328965053169, 0.8207960346166338, 0.30383392174892315, -0.30861636752812105, -0.19530413616084127, -0.4385875630316691, -0.33082353768152956, 0.4577145650141216, 1.020288600413941, 0.41231311429159706, -0.2294153398836816, 0.7569473666006941]"
"[0.5808416005758267, 1.2029344586985597, -0.9098564848593071, -1.2408479750424994, 1.5038464331279349, 0.7296782609691258, 0.9642852752376152, -0.72126339093646, 0.11231753467878342, -0.7610172922170851, -0.5706089776017742, -0.3158547902684457, 0.4586310901819722, -0.4819319505505497, 1.1935348028692578, -0.30507243499434833, 1.5932953943242258, -1.5822383421264616, 0.5890882814914368, 0.3614947297792741, -0.03719413148415662, 0.710209895425808, 0.4682027801610052, 1.6048398224171176, 0.5229663201300833, -0.6188723581288773, 0.3731025139892269, -0.857336272951314, 1.0926654880976254, 1.0492840606658569, 0.03903309969324563, 0.22537766249916566, -0.526706997111983, -0.06332135023805444, -0.289866247496821, 1.2169594637525312, 0.1012624182570836, -0.009853050631923446, -0.4405576626001302, -0.3534459033528625]","[-0.21974309173393383, -0.33990352391381984, 1.8200439208326689, -1.4347817344861302, -0.8151895294987146, -0.6283492516629381, -0.4091596426775654, -0.09094647704232915, -0.4019282361866376, -1.0243866462222635, 0.3501882383682368, 0.23082201755619478, -0.1979481711668945, 0.7529113304154604, -0.3188301188557591, 0.6518552974096329, 0.060349231946244926, -0.8333950774481936, 0.4737375430600168, 0.19665441588801114, 0.5371934125910425, -0.2900103002572035, 0.025204749317645804, 0.25174915352207744, -0.3769357910480565, 0.3268167623551579, -0.4934718084771336, 0.43420430330359083, -0.14404008013247505, -0.4513748469082577, -0.31775073319736635, 0.10862138935272031, 0.1411999938344935, -0.2225899237102116, -0.335705529439563, 0.4704746711630783, -0.021615387349691515, 0.2389544778472869, 0.38653733222907893, 0.14766996190890366]"
"[-3.087840943967355, 0.9445791557766812, -2.6778474998101816, 0.11566228005063914, 0.43206607255065443, 0.7713954149386183, 1.8348557667644794, 0.3669950943187615, -0.12274758986094297, 0.9940412930079204, -1.4181561590135288, 0.829651414536403, -0.3874341211872152, -0.5139042058480658, 0.08385844410213347, 0.564581798471534, -0.5050285067918674, -1.498903131434117, -0.02829544426160849, 0.716298871503447, -1.588104369212213, -0.03551640304881393, -0.8438006088045716, -0.8754301986128734, 0.35836386797463327, 0.39192141903503724, 0.08762482378693506, -0.23830183648258424, -0.48187986284624335, -0.8712752955581465, -0.4065802302337717, 0.5355762707371049, -0.020489376476308933, -0.8217305737778229, -0.7125246673861223, 0.15559026810629922, 0.12317919532802978, -0.09130626743518573, -1.2563493447801501, -0.40660692358808365]","[-0.8047788289882133, -0.8274844253779448, -0.9469199074038215, 0.048695622602243006, -1.2547473034494325, 0.07656190307741169, -0.8523221887369221, -0.46215840250669243, -0.30869173636007224, 0.35559959850373973, 0.11637663760480552, -0.6322834929403949, -0.03320286131378589, 0.004688013933303706, 0.3757787218543911, 0.1642089766896024, 0.33760944935852033, -0.4037835679256345, 0.5422957702176199, -1.3613997901084702, 0.29209291539115473, 0.7890901116619878, 0.9618579731759748, 0.5039535144180276, -0.3088098009316674, 0.08060470076244639, -0.4422324035786396, 0.12420478509870336, 0.05010407533763559, -0.31032156803089755, -0.21550592058714657, -0.17387149869953147, -0.016644654927169628, -0.3469082091869246, 0.2948721494758624, -0.07677422420228425, -0.11937939108458838, 0.1705236203716646, 0.27226249504708305, -0.2590486396000648]"
"[2.204148698042543, -2.2148678187080613, -0.0970138370225995, -1.0101187093574837, -1.3496205507007284, -1.401664498612472, 0.6048973419302915, 0.3574468038284923, 0.9699510096167424, 0.4657504586633731, -1.0329721495679607, 0.007721093818238871, 0.20195974234313663, 0.008983230972153594, -1.0829424111219512, -0.6446388369424393, 0.19779226727078103, -0.851902804443434, 0.8276574326029201, 0.3019775854212728, 0.5860262152805936, 0.27107101426385116, -0.23408608968701258, 0.24819591031892482, -0.16736315432093563, -1.1077639950715545, -1.15398508090236, -0.7669096150334552, 0.48728114134778017, 0.31475884179571767, -0.2619234088155478, 0.5767206491999984, -1.0176831395105426, 0.5266576659491011, 0.17291190624211225, -0.8158347654051235, -0.4563292462828183, -0.21481087480321465, -0.05072778218295999, 0.4406474698458477]","[-0.11723854173281205, -0.6062654694657836, 0.6205598744119925, 0.3508351115759924, 0.3949071236226459, 0.08210807995225428, 0.6155446625590554, -0.32422716274995694, -0.05286194150828569, -0.5736369039037611, 0.555211157272995, 0.2553710270470054, -0.8537734176850756, 0.14969009507607658, 0.6617497934650274, 0.013232216989861326, -0.7105651330382795, 0.06366563644607766, -0.20937050531092255, 0.558756294903769, -0.1450559201864393, -0.15009508396955595, 0.0078035551472768585, 0.41238834967008053, 0.026894380864985124, -0.6241058883270376, -0.07420057281418513, 0.08298746346295632, 0.32667873937911307, 0.3863574844730538, -0.12076645461609582, -0.18913490310602335, -0.016677348738616024, -0.06756375697329126, 0.5666482573536124, -0.03984864799594162, 0.2664136623768478, -0.08906220688444408, 0.37594276084702843, -0.16112993898047107]"
"[-2.455465510337748, -0.5167531755263671, -2.4348471354248846, -0.09704080568038287, 1.74776160795132, 0.4140649219409821, 0.5041830048414456, 0.6517291339709207, -0.22296032743481006, 0.11020597139570115, 1.7177848623308811, -0.7319726350031609, 0.35378246406600355, -0.09406261900141628, 1.504775912877132, -1.4301400564721263, 1.310413242280402, 0.3874683148069157, 0.06775467680052927, 0.42219066297629687, -0.8721743944833085, -0.5799283416374136, 0.16016077086521877, -0.18489194655977662, -0.4361326226458172, -0.8623252303575698, -0.1627711351419488, 0.2501332103740585, -0.2146652462306702, -0.3126743189310088, 0.8829387579423097, 0.6814680780064318, 0.09099558454003555, 0.646157717911397, 0.33529727595906644, -0.3045764615748458, 0.07360466700776573, 0.1933605564401388, -1.0824073097151847, 0.8867951553693644]","[-1.3328770452895764, -1.2934882053917574, -0.11443252486214699, 0.6833183953314711, 0.7993511147579903, 0.9430999681118966, -0.007759549165518992, -0.05458214406866459, 0.8268368497027417, 0.5095809384678228, -0.25617802315012417, -0.6742004543179746, 0.08942248600248216, -0.41641608852149037, -0.3661004901266602, -0.18884742110864036, 0.5495195207235181, -0.3520016353774418, -0.28720541970280866, -0.5527635616936999, 0.2583537846318752, 0.03459044274998439, -0.08019918026939214, -0.04175732790472824, -0.00844607896376673, 0.43675310145997687, -0.226146264220249, -0.03003194196870743, -0.8171235054536572, -0.10076842802369756, 0.021973075368740654, 0.37824328904926, 0.06422490201404113, -0.06308236089010186, -0.7358116652314178, -0.2550360396147024, 0.4143831842931111, -0.2777446454971607, -0.5140665835869119, -0.3384858387488064]"
"[-1.8281157951594544, 0.39891851861687777, 0.5069051395935908, 0.30491352795285515, 2.370560931058911, -0.18458456718915742, -0.997110728986119, 1.625941231701118, 1.44383158542541, -0.6661046330321537, -0.3918205776509483, 0.43113891530484366, 1.2888569359985156, 0.4645139219025713, 0.5416507391226872, -1.5726906144449484, 0.5833736974703018, -0.1602310748883071, -1.193633335458691, -1.6342257935693458, 0.9476157854849718, -0.8424970871714945, -0.1602834335649814, -0.6098055512985169, 0.8171801597151308, 0.4749974100322141, 0.8067197409511961, -1.1719499007164542, -1.184849042196515, -0.7929941365512937, -0.5130996418839038, 0.475869086253444, 0.38094152706748485, 0.9486545817599928, 1.6433838936101668, -0.5387040443462795, -0.44158594721135025, 0.8449702509614848, -0.71059881655365, -1.0003848722614566]","[1.939260543869728, -0.5340190025558222, -0.13798869910136885, -0.22125184274373558, 1.1808226635118713, -0.011883611999468002, -0.5157254906014598, 0.9808513105236553, -0.35043510195340305, -0.633474994353445, 0.17427925435470304, -0.656239189796212, -0.7907411536094607, -0.5210058543183829, 0.4784890956701032, -0.29590895186598354, -0.24670487492350837, 0.5210984147509417, -0.46849692093684486, -0.06562242559562913, -0.032112473903913745, -0.07575963470604961, -0.6812662899020985, -0.1265858998207458, 0.45975096483060757, 0.45837558643769394, 0.30009743063952554, -0.7153473707225299, -0.3209251679934702, 0.15311899586812322, -0.38536890399487606, 0.2651492755769198, -0.06973812868693355, -1.108930668176641, 0.0411067793273727, -0.41829395667400127, -0.08201400581255941, -0.27248144826883347, 0.35111420469634075, 0.24454514986268677]"
"[2.5556487506263563, -2.6455341765534066, -0.6623246939657891, -0.025536504813131706, -2.164015801940494, 0.5054274054263421, -0.04410172636262683, -0.5849192510751815, 2.0858810442974476, 1.6154876810866574, -0.2036263457172318, 0.4315289955091715, 1.1045213420656093, -0.23667387474903048, -0.7075497481871306, -0.10662529186119281, 0.7336626812477491, -0.36890966638277434, 0.23001584921493667, -0.39626910631120293, -0.04464499051992627, -0.7061729446209998, 0.43177557917497034, -0.38892209952236706, -0.055765142660051864, 0.3435832822117198, 0.027854745158087498, -0.4649949571226158, -1.092215838555474, -0.11857938764282708, 0.09173204165048325, -0.8993234817148661, -0.418713811957018, 0.46799620921011237, 0.7244685870015432, 0.3217952190247321, 0.41330578266670204, -0.004379214028360946, -0.11227827685669366, -0.351961776867791]","[0.6526221009640214, 0.24549352500052762, -0.4680371741688513, 1.7662187096619693, 0.03171291308554257, -0.8520181588298615, -0.2175843865526702, -0.4680422759297732, -0.9325344115410064, -0.3642390108801793, -0.38959157348115825, -0.34425219113119104, -1.0891274095600794, 0.4733869834402544, 0.24677911272334282, -0.3924675257493475, -0.3177252876720912, 0.09994132044355383, 0.5002239413708265, -0.010550675163238016, -0.6574730113091449, 0.3281096443859782, -0.537424253262968, 0.6403506754064621, -0.21993166859448493, 0.5048438418149536, -0.15917033618384466, -0.09863985686386242, 0.7138307515290403, 0.048731338793973365, 0.3476289568903968, -0.11364755243671165, -0.5591345947201716, -0.08907392176399997, -0.2651078203910364, 0.2138435100090908, -0.11542453016719569, 0.20587390791627122, -0.13897084303630255, -0.09130035991595387]"
"[1.789044733906814, -0.26475154545557317, 0.3631260839106303, -0.37443067551082054, 1.0496819783929665, -0.3176631387552522, -0.28336380054255744, -0.5400591479024296, -1.718591259263747, -0.07599355333412829, 0.16831008678350778, 0.19304987950078129, 1.5625555524558512, 1.7958914947259523, 0.5953943309800384, -0.6929045353115916, -0.9047736620011753, -0.2939107397534893, 0.22467348299648668, -0.3149403607353097, 0.7922756547460161, 0.5815788657435786, -0.7158879455251576, -0.002879142375813006, 0.5614718319791634, -0.08382195268118062, 0.3133875061231016, -0.19654525347434618, 0.46650401261065455, -0.16604766552023698, -0.14776424475029576, 1.1020003524936994, 0.7590643646748197, -0.4308456497729658, -0.5211506616214405, 0.5047284583227508, 0.9670001113911709, 0.2735818633186677, 0.41717858206432873, -0.5977715221817839]","[0.37721907878232736, 0.3674311983841996, 1.5417785227363523, 0.33915845863735977, -0.6015529419094591, -0.3501361790322499, 1.3272296365092198, 0.3623977137484813, 0.4190589986594353, 1.231109896626319, 1.0210855454663095, 0.6055981616377866, -0.13472462584349107, -0.6727973382579048, 0.3304758494353072, -0.464636774797711, 0.053716215802617054, 0.3562148170365366, 0.3302128199405072, -0.2126184328163783, -0.22062191586590207, -0.33045515282856236, -0.007044004201746546, 0.32432439997444146, -0.11544372784373558, -0.6116942529496919, -0.2160535209332111, -0.08976287692909392, 0.4941422306967334, 0.17215163834954234, -0.6581695892124951, -0.042085120324155054, -0.1457341568601899, 0.11734771418290964, 0.39242385446861605, -0.03403389510046882, -0.09250984193351001, 0.08390139314481113, -0.3672426349781876, 0.02437871288360249]"
"[2.589470389575717, -0.5300940278323774, 0.9336128832463088, 0.6107266303051924, -0.9672875701574201, -0.5362873235205006, 1.8298734469338358, 3.287380718225043, 0.2613746117281063, 0.6057348815583998, -0.6833133128358717, 0.9734258697000637, -0.4026285555825996, 0.9480597767874317, -0.14819437661786394, -0.4402754754898429, 0.26810593492002965, 1.756506491072607, -0.9623156039920118, 0.36309341288643665, 0.049828563015169004, -0.4691777548718419, 0.15091786774226423, -0.06525295060753733, 0.7844439702559701, 0.9543367545667408, -0.24030936493439423, -0.5635043571449461, 0.427976042033836, -0.2980666888687508, -0.107351547299888, 0.1730556859464469, -0.5689513997594399, -0.05687054524641642, 0.24135230595104704, -0.44361826339289084, 0.5814844839386827, 0.05240280321076365, -0.36588878221138355, 1.024607570284175]","[-0.5070383133807878, 1.4559138535141247, -1.108268963812381, 0.1302585178532296, 0.45450452207655945, 0.07973258094940845, 0.45793154604802955, -1.0173657504745592, -1.4792938705718868, -0.7785396875268957, 0.5134865040074306, -0.10535092246950149, -0.5672390392590168, 0.0888858261580813, -0.5332435031530859, -0.3409050648181456, 0.2207184217553612, 0.4199942903746096, -0.8071788769100581, 0.05734321222053953, -0.1661178141459116, 0.03070027244087456, -0.1516663686902894, -0.6032141497764691, 0.12944852978016888, 0.39799685985784145, -0.5621325720309359, -0.33971646395977906, 0.06373899473813478, -0.15798998638028036, 0.41883843485247296, -0.7037685137714954, 0.6086800074916622, 0.31670443405353604, 0.38707318905430554, 0.18832085755550496, 0.1311006005125662, 0.2844328408642876, -0.4166027716535293, -0.8103005405099091]"
"[-1.6509202872705666, -2.130164071561908, -0.42617674218472384, -0.4025764093015377, 0.06799551028229417, -0.42603365676815314, -1.4397125620317133, -1.2635904036193202, -0.40557008635315284, -0.6783912691279448, 1.5855285791148928, -0.7888753345044488, -0.6685321887403579, 0.5465408797248623, -0.4132889280452701, -1.0627120223360222, 0.43457273855297274, -0.7785654313955754, -0.6920992247722073, 1.7395934541924394, -0.264752691475296, 1.0896618112951304, 0.5672959154872605, 0.6191352505170774, -0.45396524332820803, -0.10948909338547962, -0.5034962803662978, 0.11048326872399046, 0.4338472766573179, -0.3771117723569705, -0.12787037101498563, 0.20642063574136055, -0.19190825164337344, 0.36419892956865235, -1.3026908211723545, -0.759130020394435, 0.39442130555831967, -0.5266250509729848, -0.05989826643863682, -0.27905444303405397]","[1.4653703093374615, -0.8161381832135123, -0.5167496432063129, 1.7407660000592797, 0.29784991835383035, 0.5954933642431524, 0.7483691807605246, -0.4502241677926144, 0.8388896908630885, 0.28639442156865064, -0.09462658829274471, -0.6276760186797752, 0.3780384389820162, 0.14799913396739045, -0.5185581067497422, -0.1836960082775741, 0.1490493567503762, -0.44368620956371774, -0.4781432946357195, -0.7828349861592079, -0.3933927545454787, -0.05110664021808908, 0.13788204283640215, -0.6141282610067285, -0.44108979449746466, -0.2764594108294633, -0.21691120732557242, 0.3763470897311376, 0.8100334090893977, -0.7728911662047993, 0.15645542458362277, 0.117551833958937, 0.5936857662440224, 0.6399244895476799, -0.4195582829621921, 0.42544960732012554, -0.05925272212401048, 0.3440760571360015, -0.02540907120059998, 0.43127469217451825]"
"[-2.842337195401353, -0.886412549259853, -2.840466854992979, -0.3288078938258714, 1.0534543374044694, -0.3945625425105356, -0.38775182059712116, -0.7247988285136554, -1.6495709749898366, -0.6763606918383511, 0.1458853284035716, -0.2604072533975551, -1.1656606266511391, 1.7759025576589489, -0.9584768287360387, -0.009268794873758982, 0.6356502538286681, 0.5157114187116157, -1.028587614590214, 0.9349414019041937, 0.1977031550085666, 0.2860676368028755, 0.3077334973727267, -0.6237655349316829, -0.5615608552224566, 0.5874948147220869, -0.2592089681718404, 0.8004073916986161, 0.13917625992489477, -0.5938198662582113, 0.05869925509043174, -1.188109593534856, -0.6843289678816332, -0.6680354857738461, -0.14649169661880404, 0.25588153642333045, -0.11381048834881584, -0.7525989389842958, 0.09348215612593373, -0.04962368701840072]","[0.2784729349808878, -1.4669472633422072, 1.0291673540296309, 1.1522969178646316, -0.2866258843884687, -0.10582428118278449, -1.0654941594107805, 0.6147056691704076, -0.048849157296820184, 0.33662461274092687, -0.051926334394095316, -0.1136361453671773, 0.7999829999659069, 0.5729882438053191, -0.695550709075613, -0.06742954983110096, 0.3178268211282343, -0.111394567386821, -0.4269245305913801, 0.5424279598526753, -0.650903545595706, -0.17273613950860667, -0.4880231215203868, -0.05217464075282855, 0.23863096616482246, -0.37021866600736203, 0.7592498824726612, -0.3810979557632033, 0.35217741120133755, -0.5049270158388593, 0.23929615605372875, 0.3615284265086206, 0.012995181245266873, 0.19616400367485295, 0.18338909988930446, 0.269476603794806, -0.8293327281844761, 0.20014727576000288, -0.07394690877773695, 0.2541561824898126]"
"[-1.8798459792050068, -0.5909371664308065, -0.6225979056492331, 1.7671073893801985, -0.41378111247468535, -0.3704931228299853, 0.3424946492253567, 0.361488993467194, -1.4146413207849984, -0.1199354343336992, -0.4397863606338595, -0.2508754443185375, -1.0330201175557991, -1.2221107623322942, -0.8626237802310374, -1.8881236518800688, 0.14731783382065594, 1.1477597870668068, -0.22527162568265416, -0.8442162258496855, 0.977661373628347, -0.8154173410555489, -1.280428270570848, 0.6033821072575156, 0.5105344520605043, -0.4171205440799288, 0.3006595853466595, -0.7463016296094894, -0.4783006460814861, -0.34164005235302325, 0.5575241538264842, -0.16466205764901842, -0.31528382325678284, -0.22022459008367176, 0.3338940016080763, 0.1022405234670583, -0.5327487200436116, 1.2147344505659492, -1.1057797908906544, -0.7647927360025165]","[2.2202612932659234, -0.029857418253930117, -0.14163501253034996, -0.3616200276705276, 1.3614508466951334, 0.0630778813545465, -0.7669604046644533, 0.7425469198711048, -0.3600214306773955, -0.41259355034324446, -0.3810851713924652, -0.7732026285172681, -0.7136821886497543, -0.050015141142351026, 0.35248204044354214, -0.12901469181826325, -0.11794676205164492, 0.6067698794120552, 0.2385165884269749, -0.7005236267257707, 0.05560271633675472, -0.9797417094664435, -0.9571367141569008, -0.7912741240607007, 0.07206167876014938, 0.6400656770578506, 0.19973360058420717, -0.9339842107193043, 0.2933666019427651, 0.04706200819924428, -0.9553143579736733, -0.19302252902182843, -0.33134090128060034, -0.6576799038038175, 0.2978208800779107, -0.4513324327255305, -0.21100485655000115, 0.04078778170737596, 0.24869936362471112, 0.4815527184751829]"
"[0.014304734968370692, -0.34066702207875843, -1.8737977823192853, -2.6545010079033844, -0.7479258680578671, -0.766693376611108, 1.2219374216433168, 0.7587099005060135, 2.181532509620499, 0.41771871750326345, 1.597258832517075, 0.5513029095630069, -0.6648511379298798, -0.797438379147242, -0.6050798002023747, -0.03800260765474962, 0.20747648300632512, -1.1154221552346189, 0.11630371501728598, 0.23750946292898414, -0.5720808117877901, 0.22297684066177834, 1.4364033621222103, -0.5992321499251095, -0.36177703998613386, -0.19180089925574645, 1.431411550514009, -0.46141196195622886, 0.6746246367329966, -0.36823552421141037, -0.07439060839814025, -1.6461293624057007, 0.3430088463819488, 0.10771022607987477, -0.11755815464076992, -0.8331342531761372, 0.5529204454455654, -0.24685958756864926, -0.20737412677744546, 0.3624967226431493]","[0.3197952687234188, -0.2610978642400514, -0.6475210305271446, 1.6166233197728792, 0.6067668171029239, -0.30510922732582807, 0.41819831015514075, -0.23459512053380727, 0.4003592025385169, -0.1486631554819971, -0.4626970861528023, -0.8601819818929246, -0.13350559994706482, -0.6342440193793681, -0.8522693780410603, 0.5546705148999287, -0.46553812732552974, 0.09843258870139028, 0.5367684807298306, 0.11989864442647989, 0.08511558629342753, 0.16963331582740274, -0.4124768315698881, 0.07720050932555511, -0.13436257624238446, 0.08254321695755618, 0.7619765602180347, -1.079323960518839, 0.4519559348514532, -0.6372845391049666, -0.16365929446890026, 1.0139197150799792, -0.2436919593675757, -0.37683009232683606, -0.030951909395402086, -0.18620489870313708, 0.9720446674572313, -0.32788313982961376, 0.16969926207881983, 0.05602952755655766]"
"[-0.11479856828904762, 2.389415954099675, 0.4738218130461859, 0.597126486756803, 0.831611546651157, -1.785367018914799, -0.5845291387579838, -0.9936110500799702, -0.06855468456212171, -0.9115529550995329, -0.9022888671084835, -2.129426698078905, -0.9926267198976347, 0.2896583172428359, 0.22525690670347354, 1.453053251104701, 0.9055597969090252, -1.4036464839791924, -0.3370666876691775, 0.970687018309685, 0.21820885175949992, -1.6882807972293556, 0.15616819087712247, -0.6693692008852843, -0.7683491487109836, 0.5454656901526637, -0.009213192552383035, -0.09805109332709748, -1.3039240927599738, 0.5087975455120313, -0.12305178453173338, -0.3727128951189558, -0.6348757926735397, -0.11083087710832677, 0.012152530394470451, 0.26791545316476123, -0.012442988754882076, 0.40747797098800476, 0.40573527176297747, 0.35996114051226824]","[0.6385491348823269, 0.926724379096883, -0.5498639749251286, -1.1010655442907769, 0.002884190252347017, 0.329657504097961, -1.36283407043214, -1.3088825397987323, 0.7924874707826814, 0.906404095374226, 0.7015276453539098, 1.4216795055131732, -0.2820315011685257, -0.015920628773494174, -0.4228029936506675, 0.4957680413753227, 0.3000779627979925, -0.9680322908488471, -0.058973798377550686, 0.6728656600460601, -0.5151235658910328, 0.48843303648214825, -0.23746052876805945, -0.20030848562355036, -0.022832878204339654, 0.13775459876262175, -0.08148130294165326, -0.4291050154647989, 0.054078098896907005, -0.04983063496068167, -0.3947778273939496, -0.12352875173496368, -0.36565503808204985, -0.15605434330706092, 0.10551487220996932, -0.1311023828758852, 0.17305049971987335, 0.2911956259387987, 0.05464660223407778, 0.12286387792349926]"
"[3.5685206213857055, -0.4340297575672101, -1.5314029982848296, -0.3227178887382791, -1.247612744485066, -2.1085914893308297, -0.6059418830293738, 0.9997161535979363, 1.235322079104334, -0.3377769980097293, -0.7123079285156337, -0.06715643077525314, -0.3714962785218281, -1.3602043531646746, 0.17602870834075213, -0.15733387330508222, 0.2971973616651032, 0.09460892425718481, -0.6797622383267921, 0.04070026305523487, 0.2804647404798735, 0.26463561569939154, 0.017391501096915785, -0.35105730740799634, 0.8160916227797358, 0.01504676026525392, -1.5126190724828574, 0.729756330155321, -0.9499738464069757, -0.5438605530514918, 0.6492937496479887, -0.139941331489576, -0.0785062618438656, -0.7657062389810325, -0.7421652320727264, 0.29796084040532955, -0.6542579350534142, 0.22762934424527853, 0.036335521082998444, -0.6386618160155876]","[-0.6203725749766285, 1.6900314653692639, 0.0644450819214447, 0.43160126506778423, 1.0714248749904234, -0.15279477165301023, -0.14518366635129662, -1.3254468999560942, -0.8340591860296093, -0.03846675884747737, -0.29120556965473243, 0.32377607027378724, -0.5360844753351418, 0.4946476978208787, -0.7051585337746706, 0.15151061331029794, 0.8877055391853785, 1.1575655463686192, 0.19199130881735055, 0.1398386210736694, -0.3031621367729955, -0.02198852312299661, 0.3354512346624597, 0.7769329526332398, -0.14318335308911495, -0.5153522749110779, 0.5935489193206158, -0.17526873806193333, 0.013310614891461328, -0.12583308713110922, -0.10769301208687905, 0.6017971889156472, -0.24657691136702642, -0.20737828902549785, 0.06233272159959933, 0.6006181783174653, 0.28968937245958054, -0.20563577048266304, 0.4413433336801001, -0.8760610435492643]"
"[-1.2034569388001997, -0.3148937115045609, 1.1458944251755618, -1.5514239142970168, -2.2616907754953726, 0.2976310184099995, -0.15925606809886672, -1.1976947097149306, 0.5988209229190414, -1.8595882286208307, -0.4894795079234209, -0.42219086564228614, 0.3420765369868384, -1.3545696643686609, -1.8000261084362446, 0.7187344338607691, -0.41772635003433767, 0.24353402720888678, -1.7520669702743186, -0.7098964151345505, 0.8528743974243063, -0.5893230785606773, -0.4869626814394676, 0.8577259662324936, -0.971908791491602, -0.35121596644821745, 0.4542943240820226, -0.31620875162263834, -0.35847770474281526, -0.6069661531600175, 0.5852918105724256, 0.5626627180418627, 0.2913030867343879, 0.3007883055343306, -0.7932757348988996, -0.437583914711129, 0.22450169588413024, 0.7096373346824526, 0.8192032072053027, -0.7536209890178264]","[0.3303268887096056, -0.8286517398293487, -1.1525049239179672, 0.46670516871528384, -0.3763865444672348, 0.5507800037169469, 0.15433249130468446, 0.8830963218003496, -0.18429232574399843, -0.3663718423571953, 0.5794824812669609, 0.14625012928551806, -0.7245801711144494, 0.004364133113566792, -0.0988169298947039, 0.3212381446093763, 0.016502329030402788, 0.17706519459865125, 0.16517075928586952, 0.5197536858114661, -0.1654153031530191, 0.8143436428118207, 0.3444044949429011, 0.25991710215521885, -0.058019122714951216, -0.3442971081530501, -0.33392004858178037, -0.14856968550871952, 0.2991735940286516, -0.20344808464429456, 0.1275479211392031, 0.40410982848178284, -0.2509713582725802, -0.04431869460936188, 0.7037272101586111, 0.10105509990921718, -0.31304050570075903, -0.4716015685458763, -0.16182096392068832, -0.34448282996066437]"
"[-0.5386790339088906, -1.8285794376339868, -2.1822570051039083, 1.6360151590098393, -1.1958768323006033, -1.0087122808145714, -2.015185299461579, -1.337191420303313, -0.6588694489370139, 0.7739500162312202, -1.354229575257236, -0.7974308811313334, -1.0473670852543433, -0.5709828330879774, 0.571599355760119, -0.029428033113639732, -0.6552395232180876, -0.39662352811093665, 0.16671166525896136, -0.07003891630852851, 0.0005194500558476797, 1.0358280627556586, -1.282020474285983, 0.5506818366758168, 1.328845261643571, 0.2961975157451636, -1.7140674349386487, -0.3305143091425693, 0.8351192275977054, -0.016917894643291166, 0.7849086358107125, -0.443737901454692, -0.222746136314959, 0.05243272698293442, -0.4305795692555981, 0.7703313099474668, -0.0912825916804865, 0.2757853088452134, -0.03682477543030076, -0.4864139540089697]","[-0.4928482464975589, -1.0924984915321665, 0.463283804694114, -0.996277350307684, -0.12054748923389261, 0.15236071998294873, 0.1970888866893594, -0.22362584621519446, 0.5182001992235925, 0.4043297721872094, -1.421955900765957, 0.15904652110021164, 0.7266435567537869, 1.5403335135547003, 0.4906665824950445, 0.06189519727299658, -0.3510569537687499, 0.20231276083982383, 0.09679952585073955, -0.5626302650389512, -0.4071406918750037, 1.454911978698072, -1.5651904790250744, -0.3602778270250418, -0.14484901417795618, -0.6424037937655056, -0.7077208667169252, 1.177930554543168, 0.9445298473713121, 0.46592240418576236, -0.44523251474863895, -0.2859579615318586, 0.018592972842926787, 0.45106539468669044, -0.05985515941130575, -0.7643863496444318, 0.5460554810909516, 0.40063398711329085, -0.4201838998820511, 0.2983909663521686]"
"[0.001344501069783872, 0.39819299392930135, 1.4915282021996301, 1.8247987835317403, 1.310667209211506, 1.323938417024313, 1.4154271448039297, 0.3530037426911324, 2.388099749510762, -1.4797235529372588, -0.7629436809543448, -0.4119937611051496, 1.9079769042185462, -0.08770201993628514, -1.0670766826463662, 0.42122229534718836, 0.10089787351712931, 0.1204935968486307, -0.7251700494868402, -1.4196525338325077, 0.3068106661984411, -0.5239653736134745, -0.1457422764504646, -0.5346002050173071, 0.23357142832829653, 0.9695724738030499, -0.40512752657019785, 0.6958097938133032, 0.0919434085976546, 0.7121443171404007, -0.42282655734577557, 0.1297757831328018, -0.03425373432950441, -1.7644794682040499, 0.6082586750078777, 1.7822219764117677, 1.4155848151057124, 0.35884357917273074, -0.02760604299854763, -0.8070286314284114]","[-0.9503912905509143, 0.15116173270104594, 0.08114011793285056, -0.9269800966088251, 0.6789415941262374, -0.22949013600907894, -0.7733561134643699, 0.7119352397593677, -0.22508495264229958, -2.0335112782250397, 0.5557831156565144, 1.194748602474791, -0.2388002738983058, -0.38824878973422194, 1.1823981393089642, -0.23626611536427497, 0.03883316007456012, -0.0043019122024378605, -0.06625951960061949, -0.13562077592628252, -0.4920352573616689, 0.9271191713735331, 0.6706817202196117, -0.8600513067860905, 0.36948856891087345, 0.8174901791234402, 0.387338590291886, 0.364502665940256, -0.2965757585725889, -0.13133731405720442, 0.2828616706136011, 0.4276227055628915, 0.09452207231877205, 0.6514155641999075, -0.41413898081243433, -1.2805509067800565, -0.7931440840088535, 0.5590380832463693, -0.2741005884403379, 0.16250887344456974]"
"[-2.2898350433641905, 2.2890383520623288, -1.032853035279572, -2.5671155025737726, -0.33223958452948543, 0.2006259980068025, 1.0279462684719547, -1.0442349165373808, 0.212254662165275, -0.67156293243448, 0.4168359098052228, 1.1225155524094237, 0.27923360948175935, -0.12060522734684725, -0.0744342712839276, 1.1168926718793895, 0.15564241284881022, 0.7925863959553437, 0.6595805237843522, -0.24067383499924963, -0.3285448569486785, -0.43297843106330614, 0.29686057272950556, -0.6551087761604657, 0.7156458380359559, -0.8745114700361745, -0.9224383818025917, -0.6816636899809753, 0.1147898320091762, 0.4541537394745466, -0.7374384825650029, 1.3688695139948037, 0.10485486031943364, 0.0044031787679458916, -0.2996303648667727, 0.704900407122815, -0.49127202188118885, 0.3659004921352102, 0.6204430871298381, -0.163932463784925]","[1.3652690650528465, -0.1912057899808916, 0.5746075770694317, -0.8913672787754824, -1.0098906302203838, -0.3453267359492047, -0.21043478704510094, -0.26214360224119304, 0.12199812983051528, -0.44927756339706754, 0.13073104923955697, -0.37822328200742455, -0.09550210354513389, -0.37263626152223006, -0.20120239791592656, -0.18094286857273625, 0.8923557731516916, -0.44162140062286115, 0.5596590663140987, -0.07589637245512715, 0.10636433364169934, -0.6311931896706326, -0.06477135908562053, 0.5380735259178934, 0.0790090848709963, -0.03220067222885145, -0.26683075535886397, -0.15169949341170436, 0.1470009497835402, 0.08762540332518631, 0.12153001046079127, 0.354807085014015, 0.5503993510706658, 0.18014723646581798, 0.20436137157819512, -0.07428508191996226, 0.11369272632245969, -0.2240858824142977, -0.21918395612530858, -0.05573794595147578]"
"[-0.3636159586377873, -2.3534622374034733, 1.369939701648656, -0.7843604422320781, 2.8100129890550316, -0.5203585067398597, -1.1382334146606665, 0.44411675497352604, 0.10718445329708322, 0.6681166231750499, -0.13715762450468957, 1.1583904902663833, -0.6639040869221545, 0.26191612976785844, 0.37589618008716763, -1.2387044764381752, -1.1621573282740905, -1.2518340769414686, 0.647300995585237, 0.14621794608983962, 1.2720753584990745, 0.49589133445669004, 0.14666889544030393, -0.02299429097955149, -0.13439252443897384, -0.013758614998503798, -0.17342822091029617, -0.508624839833328, -0.45006299701442826, -0.01873168728411762, 0.5865950909257063, -0.4393402531322246, -0.4543247933832128, -0.6642484279697831, -0.10901213713189191, -0.3854738414867003, -0.228807540827892, 0.10075958469242965, -0.2618118941660203, 0.5169420079960599]","[-1.6779869534957104, -1.1919794637452605, 2.466442343827567, -0.4455972428137597, 0.6784325361421211, -0.01706507704969006, -1.371005470446758, 0.1582260716332097, -0.6579596552928634, 0.09677671944490092, -0.34736805107975355, -0.7812532446059028, 0.7172743870439642, -0.2540797376367939, 0.0358519865490709, -0.43109176333356547, -0.16766544285237872, 0.3100776924547644, -0.268230789180192, 0.5109218113951869, 0.032332797684848175, -0.10632447681509506, 0.14823747346720823, 0.6175051685187831, -0.17158256965682986, -0.38814426834379456, 0.07841582522706714, 0.6345122559903724, -0.14227989862472895, -0.2496697037465644, -0.3038437007150844, -0.4168127705869719, -0.021899357605814476, -0.6493994668313174, -0.3072439893128539, -0.3991812992098946, -0.24182328374457057, 0.11197931485244501, 0.35137514256406505, -0.26904879427277384]"
"[-1.7902945857486439, -0.809639176346543, 0.49503687364947563, 1.660975482906495, -0.7587267011746714, -0.29312019890142926, -0.5562779887283059, 1.1003545598876077, -1.07615773107095, -0.10589013791972285, -0.48543515637140017, -0.9891503451677802, -0.08413363628742343, -0.6852211466302638, -0.4812919030580969, 0.6916400395394317, 0.8969134430484926, 1.076406294792567, 0.4474960306349664, 0.1604446732339592, -0.2682983181108234, -0.031092220424205924, 1.4483087846588858, -0.06420464963116071, 0.09197656466155528, 1.0590437589293231, 0.12415466627705418, -0.15620323601485112, 1.0981521816343067, -0.4923095160751542, -0.09774329551764799, 0.00386857209869419, 1.1790890585356455, -0.022433503658355235, -0.9603576667218904, 0.1509648507482974, 0.7893221040122541, 1.2740537300275003, -0.22585869240869638, -0.01975606724263529]","[0.5109359709166086, -0.6059179736130333, -0.9521323992000825, 0.568294242722439, 1.647957578480561, 1.1008322298144844, 0.5010424696354626, -0.15048142737401712, 0.19367173322142367, 1.06121603925294, -0.4842224332070223, -0.2804548667113552, -0.17775735294924247, 0.10663865972946565, -0.16772023907149566, -0.19642433062381254, 0.044724028052337765, 0.0903899159187412, -0.025876706826624175, -0.4974733218318203, 0.24506607291673346, -0.17201085088551724, 0.10040012966107088, -0.08514553213258501, -0.07666221662149206, -0.04978750618204296, -0.6509927518715077, 0.42729670502401007, -0.19047174103717815, -0.15278398556646008, 0.1765160870128089, 0.3197115624168563, 0.4157527983665637, -0.06417433624363496, -0.6111639549231671, -0.04440460764274519, 0.11113616021835629, -0.2123624771070259, -0.553173431892385, -0.4237164593236956]"
"[-1.349634661699413, -1.057042068034303, 0.6174770002121359, -1.5812139036768924, -0.13258875214233395, -0.48411099960908865, -2.6033814091637235, 0.5163196693330646, -0.9794225527871647, -1.9526051392339892, 0.5065082434333051, -0.916470335213914, -0.9545913889506371, 0.04321961872817545, 0.18259132187436636, -0.7534801456553528, 0.6267948072120789, 0.9093605305411924, -0.7903114714958159, 1.4393210326971246, -0.7903123376988443, -0.8026888237242331, 1.2359146558844396, 0.6051493659054827, 0.49094138528789777, 1.4620059372953538, -0.9714315304495458, 1.0662541392845077, 0.9745689464214586, -0.06711208911058825, 0.4022235392103594, 0.5782677873317082, 0.05707150887259462, -0.04858314973137926, -0.8980173356075297, 0.6435218269980427, -0.14738828776225152, 0.667981078361158, -0.60417697739887, -0.31443180558142214]","[-0.24431194984889731, -1.4216445468266954, -0.6317538390930036, 0.38843385116847456, 1.2388607652356733, 1.1674282950915464, 0.3390580326292496, 0.7872784615623982, 0.6313781647274289, 0.2030619742552145, 0.16062454025776843, -0.1643078361314147, -0.161564281195918, 0.7053031337108533, -0.4125779225083618, -0.5887288328643377, 0.03382487759101489, -0.4978011540549034, -0.5616022751094878, 0.09055128294554643, -0.020567335038328593, 0.10439868066544367, 0.10691232584304756, 0.2908954174411258, 0.6395041050914003, 0.20980909744719495, -0.62379693742622, 0.6493953678202813, -0.04122280420718858, -0.27235209648051173, 0.37277512277768754, 0.18801287860916496, 0.3664037532291402, -0.01567930787539046, -0.18285469942111826, -0.1731375050487793, 0.4194161845434244, -0.2941940242721587, 0.29566215377177, 0.4214045001632558]"
"[-2.2471153074165806, -1.4135978418581099, -0.6862814924229058, -0.26614049721101474, 0.4878013055834841, 1.094931787324013, 0.31982354531968477, 1.011132373633645, -0.1727344365651756, -0.06331616066578549, -0.21498944573322687, -0.7248377316323614, 0.24271161927557158, -0.7028673549872986, -0.376967092979688, 1.486904614828516, 0.9100932658305223, 0.9055133876170459, 1.1164899731361122, 0.7845959750633362, -0.7789498677901048, -1.2439984810356803, 0.8889567506672781, 1.0326164434842442, 0.394303304643283, 0.849217206396379, 1.4895673598281223, -0.3489193107807578, 0.11813620683904452, -0.311023910825216, -0.4276408115933343, -0.46260915592180407, 0.14223524022986966, -0.12681228919496956, -1.155245024818261, -0.12087383587557958, -0.08373303092357366, 0.0825157767525354, -0.7915759678800939, -0.8290618737160237]","[0.38839037690345607, -1.0207825849707333, -1.2895267134088768, -0.5588394723857842, 0.28469666480584904, 1.1505829252941155, 0.2702853733062872, 0.28793042533857827, -0.6978720952269228, 0.4064438324214547, 0.4963034627397698, -0.4014147174510327, 0.044722611131009615, -0.08844971200581242, -0.5607516505353972, -0.15424978789152757, -0.40793772469266204, 0.19456972431698102, -0.1417770540455169, -0.43956927768663895, 0.32995762550968527, -0.35347630483468406, -0.08908649292770082, -0.42961864616468093, -0.11547647309345957, -0.13107843843289158, 0.042013280455820305, 0.08763315857265985, -0.46524201206589094, -0.19279686705028812, -0.2197347879405068, 0.22187244173339446, -0.22211058240429818, -0.35924170701676716, 0.0407202908938827, -0.1109643617626462, -0.0802902914906056, -0.01188368638741902, -0.5251504113250176, -0.1679650603233825]"
"[3.7206760989895997, 1.0940788372859858, -0.8476158027851687, 0.8389212302859554, -0.021964307862847452, 3.3425180458379864, -0.505766303050668, 0.48604053646379736, -0.15534031183625144, -1.0061459300158129, -0.031217713609790608, 0.6888147141190585, -1.9299857365274693, -0.24725985541914847, -0.6918447429282645, -0.3678342033683593, 0.8076128747763208, -0.2801162834950322, 1.089603898816339, 0.4314503718215762, -0.48136442050590345, 0.0701355491460849, 0.009367256583480798, 0.10172860523399142, -0.1697012285043648, 0.22813367672256726, -0.2885669998697513, 0.01877224175759974, -0.9353515005633749, 0.6785373979740654, -0.4332783994817479, 0.17082025426494715, -0.37524588975656886, -0.7353651347414495, 0.04699481916156902, -0.30706118705724916, 0.19145847332682345, -0.01996568478800579, -0.03665281704013357, 0.2918221192748258]","[-0.23973124488403924, 2.644715602181373, -0.0826719529114729, 0.5238777652984451, -0.477112922918138, 1.2682997192022483, -0.5834142065142738, 0.3635719522287241, -0.6806950451333055, -0.9204134809622292, -0.6793300506176122, 0.4898667352249294, 0.3736405087045518, -0.3345778886018138, -0.1733838136136367, 0.16760747670136364, 0.042675615924207634, 0.10171029010326836, -0.4436922871583589, -0.19973564818742595, 0.32133909491036244, -0.054346392938139365, -0.36163104443817023, -0.23678820915695623, 0.49460413403697107, -0.06971781957615324, -0.5374033789514014, 0.8307700864308892, -0.4645488303395977, -0.16172206959612437, 0.08564804773470684, 0.18071293128627833, -0.33575913550938574, -0.7956359954408367, 0.7829582139160621, 0.7488922955551184, -0.2703595312905593, 0.12309909407256454, -0.379852397345489, -0.11974540936101971]"
"[2.0358739611664034, -0.9535214654248528, -0.8473024529495158, 0.0505687780108942, -1.9426475824466198, -0.7780063128024901, 1.3549847664062815, 0.6734284756909925, 0.3707650546247552, -0.6173104703925244, -1.3187914976280775, 0.8136266019336186, 0.4824961865180971, -1.2836527125706299, 0.5773521887318951, -1.4613092244447894, 0.07905123891876804, -0.28982207160605583, -0.9778651320087843, -0.2734468567353597, -0.04015927790195694, -0.1012186873573371, -0.5304846911028724, -0.4134383191287011, -0.07274738422722124, 0.09682598609623971, -0.9016215901855427, -0.13023005036474952, -0.5671410161508049, 0.09415145804991741, 0.2971395901746337, 0.548143463961978, 0.5574718517559062, 0.0027866477204986756, -0.44373271021303623, -0.6007962688387813, -0.6425654129219257, -0.7004785543115074, -0.8121978459605501, 0.4296947925905611]","[0.5581045310524493, 0.034078473705639226, -0.6818550643286195, 1.9634099663613152, 1.4070798365919466, -0.021744912798602876, 0.15174949452549644, -0.7931276193897867, 0.14863367031187025, -0.24845673813305008, -0.5015683616078542, -0.18979206169317017, -0.7921143781190981, -0.6275598550714183, -0.01282962971136182, 0.7361440809474387, -0.5258450063168245, -0.1151247760091655, -0.2666873680974828, 0.01726660076639141, 1.1596890247969147, 0.15015740325193694, 0.03342607988849724, 0.06581411484795409, -0.6378380438356406, -0.4579929664563602, -0.11495498332082721, 0.03971289375119702, 0.701243885138373, 0.24722616920842486, 0.20249118143424952, -0.13233645114989329, -0.23811926641627706, -0.0798599036902587, 0.7428999132609148, 0.4245230135780028, -0.07159780121772971, 0.2937358801594737, 0.24111294252397453, -0.4059931747205013]"
"[-0.5925028942575258, -1.2579761932747298, 0.6382153977810284, 0.7488172957698512, 0.912932279296424, -1.1033123150497326, -0.41669472702396315, 0.06509738022289763, 1.2869528239594097, -2.376323273467181, 0.7512931749151065, 0.3555438456192486, -0.7384627550986896, -1.63800543667103, 1.0139596274488063, -0.808457678754561, -0.9370201011148128, 0.1812609334665258, -1.0140043915490589, 0.019523919647235176, -0.03404280624700309, -0.0712948080673509, 0.30994083166895764, -0.36441910857178805, -0.5590071156922339, -0.4265579982089597, 0.829806190690227, 0.6674375318446227, -0.4162220665461167, 0.04234622379436619, 0.05750215828230817, 0.40969428674269887, -1.0333288902083573, 0.9230716962807988, 0.174111709743744, 0.22733224879386388, -0.061982914015366194, -1.5433695525817699, 0.8770137288005174, -0.5855452779226265]","[-1.113367022320187, -0.6619910700063684, -0.3942767521418377, 0.22213930269532436, 0.6218373688439058, 0.3462960800295026, -0.5131298371289371, 0.21136176494168968, 0.8837509071454673, -0.5775084007299177, -0.015097259926724123, 0.7348037220764275, 0.13152196700679855, -0.7269155278627077, 0.5063516204771644, 0.8025021192869791, -0.371023642332603, 0.602561569493106, 0.8896688726474591, 0.2927818059943477, 0.39552661792896177, -0.4545544398777727, -0.8629807495297792, -0.7612182637907722, -0.18204960191422428, -0.33211465445571425, 0.3772011179901578, -0.21624470943852364, -0.0760615232180912, 0.6324682754827587, 0.7263210406977905, 0.299724718101213, 0.298270440345086, -0.08106145322512047, -0.5110161524761745, 0.15643469664468113, 0.25386233354728294, 0.25948767205474527, 0.3219118114298891, 0.4711210190988457]"
"[-0.8934468921109118, -1.673085904099829, -0.26548316815304923, -0.021608085072262327, 1.2760805024727657, -0.2673401207635035, -0.48424207512640455, -0.07262445294554838, 0.27056058804693034, 0.84675103370895, 1.245884415115583, 1.5758116630290173, -0.8498912380936143, -1.4648821376347279, 2.9121857509146194, -0.07067400391364867, -1.6108914577511118, 0.004135799712710176, -1.0766827609271659, 0.4839092139707749, -0.3994256734029667, -0.4610595608157647, 0.21749510470204167, -0.8873071279784586, 0.11999059621866667, 0.15097730298561374, -0.8132141738909373, 0.013673715559814361, 0.742384505840496, -0.013927518751387143, -0.42446552693425915, 0.5150980989422415, -1.2747179600904925, -0.8415425577204823, -0.19683040433190122, 0.37732962167324385, -0.8222689121818488, -0.6044458632555588, 0.409517919546965, 0.8092616712470215]","[-2.5181417673241557, -1.3805876411604276, 0.34053563513518126, 0.8593372922278555, 0.09597364111779139, -0.02528578374008688, -0.7383686819863352, 0.23926926729385004, 0.5059994223076234, 1.095021782590648, -0.9066375277066766, 0.05921763725308371, 0.6071396521962686, -0.3529140263787818, -0.0783901881954824, -0.0739479465045784, -0.06422247932927279, -0.0004387556973695392, -0.10083434167696698, 0.5859132623324813, 0.9143793623762924, -0.12851957660930383, -0.3231186779804166, 0.09900097322703143, -0.005887505425062208, 0.3091374390594837, -0.017201204427530224, -0.06600524455556274, -0.07506676773266845, 0.07631698738888461, 0.3565595267550151, -0.024694632613427303, -0.11032325969585621, -0.23349879489880745, 0.30888853573450276, -0.6772224531838135, 0.16114582167107652, -0.17354413933922866, -0.30794442812609024, -0.2914611524638197]"
"[-0.8869767921301112, -2.4164375504683497, 1.1055373288185566, 1.1235595184532883, 2.367879530590151, 0.8698874337178657, 0.3626197592540147, -0.8034733769523699, 1.707471210994243, 1.3485648887814117, 2.1249398665322095, 0.8901144851504099, -0.6813182728621835, -0.6482232646504386, -0.47233770363148064, -0.30506478173057033, 0.3105039776798983, -0.23553641874328865, -1.9847722264319276, 1.454911030185556, 1.2727150194527828, 0.24178508066456483, 0.4582465596656141, 0.20182841689074005, 0.1775916908550237, -0.35431094040475997, 0.016801615234982237, 0.5057339718383288, -0.48024927642977266, -0.851029552118082, 0.5125187513061381, -0.9960738144275338, -0.9517709579993212, 0.7943578742543347, -0.7379702070461004, 0.810677925330274, -0.6487187408732079, -0.39263666534493974, 0.17427977060302544, -0.9978517298251003]","[0.09375112129190745, -0.5177000295266834, -1.3467683439665312, 0.5155164326408215, -0.16225246350388614, 0.2594991414923369, -0.9194996252284857, 0.49161790031670316, 0.1760975600819677, -0.27447803499608087, 0.684746717745758, 1.3355906910202722, 0.5261233103422631, -1.184572210326473, -0.31217864729974487, 0.5876928490093616, -0.4472743278157519, 0.31359866994701957, 0.7854717377067911, -0.19866385710824952, 0.3450750196000362, 0.2877856093104837, -0.8269887222535993, -0.09313970874624146, -0.08698678794959265, -0.3357039169938276, 0.013559620127084546, 0.11345680107053581, -0.8142396126678243, 1.0242052536813382, 0.6301544725806242, -0.14419670207450547, -0.1620821985068072, -0.379703571324399, -0.19416973031726492, 0.40305304471548925, 0.5279181419899583, 0.3368976486849972, 0.3088730195308365, -0.13532211419054507]"
"[-0.30742313501060925, 0.6445586101357079, 2.8893839631737697, 1.535394954713084, 1.4145119101787786, 0.7059963001825084, 1.5341502788251051, 0.6576919432224033, 1.575931268936894, -0.27512772304007593, 0.1005699058062014, -1.420811734925254, 1.161915255445957, -0.4102815813330489, -1.6933445153850484, -0.09610403826815293, -0.036070102078237534, 0.721317818101859, -1.3601776797203402, 0.33412741277100866, 0.09418465081696781, 0.3537353492793396, -0.4169009085899633, -1.200648803720309, -1.4944114620463287, -0.28322332369297776, -1.1670135470665215, 0.4367087889880263, 0.5502231499967193, 0.18563638165094629, -1.2751880168141714, 0.1736741553627187, -0.010628892143020065, -1.1962678724452147, 0.4666683997222207, 0.49719829824756034, 0.9585250321668985, 0.29097801796254297, -0.644577066265894, -0.10640734825378251]","[0.9202369772824764, -0.09583424385909593, -1.1347612671249452, 0.2677822944120135, -0.20269843563576934, 0.013838124896760723, -0.2184593518833836, 0.33541744404040796, 0.5816902284691484, -0.6952835333503711, 0.0028352859443437767, 0.371406999423587, 0.22833975784687688, -0.7355711249486324, 0.15636441112838761, 0.20448190812879904, -0.33344417543692506, 0.36027744554981794, 0.12365774016959713, 0.09379864471270881, -0.15576004028587512, 0.7366726208695213, 0.32951909735259927, 0.10925222772612266, 0.13084300631365078, 0.6197718692291111, -0.34326138628675656, -0.006603261835065396, 0.018549160437961898, 0.03051169309647905, -0.011766597265095272, -0.1672773113616903, 0.11362918037057758, 0.2779515487795473, -0.013383702044249398, -0.11505960613373156, -0.4206949866143306, -0.1639226905427711, -0.25102826749775986, 0.20924068181924224]"
"[-0.03163611555576477, 1.9290796713810643, -1.089714005455535, -0.3672320871468465, 2.716974848951867, -0.38543015617908155, -0.2572891417523731, 0.20803478439635276, -1.2727968651048904, 2.100630249966182, 1.7313417349771218, 0.6016137854637342, 0.6304216135798477, -0.08167743232388465, -1.448676879033035, 1.7693159124885456, -0.24350027701508908, -0.068276219812021, -0.8149995500473243, -0.823183957630117, -0.885663903566418, -1.1031431404945737, 0.401345123240775, 0.15900586221160476, 0.5012300791976169, -0.488174922681906, -1.2182813363726406, -0.19509888413182574, -0.23801745113980396, -0.7493967421200682, -0.4756457785431581, 0.28887954446036596, -0.19320517656737346, 0.4045550333958215, -0.31793273899676816, 0.9274657826201262, -0.35890695033825454, 0.6946629743609971, 0.612417493079031, 0.5610169140691142]","[-0.2120153102251729, 1.4783210025553755, 0.8819866274777488, -0.6475747214327675, 0.05128511729604654, 0.1348413707712944, 2.7400434389741233, -0.3999211399963577, 0.4870649777474732, 0.7626726983645674, 1.3347122811126053, 0.4543879909007791, -0.15543018628072047, -0.5908998975163317, -0.4523225020312001, -1.3395940073581418, 0.2501966110973464, -0.010763546815811932, 0.4310897739721791, -0.5180195608074423, 0.27081339340390986, 0.14172656541341852, -0.6158738108029428, 0.1445009255832253, -0.015161420157345182, 0.19767866554311286, 0.20969957233371608, 0.24202999692984162, 0.12262484337648111, 0.15414413912247923, -0.04237155471712271, 0.2585735894506282, -0.2755272677045309, 0.05559573911981566, 0.41467225789887735, -0.06704782472078201, -0.012238005491900322, 0.006172954404388878, -0.1466982791522843, 0.44998472615417984]"
"[-1.9936438626223136, -1.3706028413793865, -0.7322445048763652, 0.5091808929425412, -0.7205801077855992, 0.8879048219773145, -0.6824071997441342, 0.13924323620528345, -0.5827633613446451, 0.6573489757230555, 0.3607538348966982, -0.12838281572368088, 0.3573536859836271, 0.7049954361272207, 1.397580095322857, 0.6303619655703845, -1.3467495992104654, 2.077529128404997, -0.178897853594602, 1.4783365493359293, -0.2953230165809657, -1.928428197535598, -0.4087910921955808, -0.12865245139567713, 0.19712749440434202, 0.7556992952197134, -0.47505508322605405, -0.4863732782887832, 0.514446404572795, -0.3819680822505266, 0.8223813294423071, -0.2571794076660788, -0.7394333849769392, -0.37957739630049636, 0.3543228561221733, -0.051050986936800935, -0.16222555966369037, -0.011796861303240367, 0.5082989955698096, 0.09510132328081834]","[-1.3976265412217765, -1.5045426875857657, -0.6528978635872474, -0.06440073434782155, -0.6491826179018741, 0.607893665177209, -0.3614994505058775, 0.11493311913096547, -0.6055804306173816, 0.8545979259631795, 0.023484278622854304, -0.3363728483124688, 0.16627732695453606, 0.15614691094805933, 0.3136462898169703, -1.0016363174750937, 0.12183658699821945, -0.3409942061015434, -0.060881618431880474, 0.006861425822699355, -0.4871303127502378, -0.35267281229417635, 0.6482006452062047, -0.3091340088256649, 0.03519652899662308, 0.1616586367127769, -0.02158913582998029, 0.12379743284540211, -0.12609148324884303, 0.4315672220636259, 0.14802424189773494, -0.18576459929931513, -0.025887441593584658, 0.353708615941219, -0.809170592154717, -0.16867532010318367, -0.20116253404171125, -0.4883384185710741, 0.04350086141827489, 0.46847741407891874]"
"[1.5901376531075133, 1.099156177000685, -1.5867503274087797, 2.3441089190409166, 1.3813686170834418, 2.19251254302864, 0.9609729298886901, 1.0530047609341509, 0.4623929964125067, -1.367929942067549, 0.8170616684057842, -0.0353914181484697, -2.3024893412528176, -0.06015202682205114, 0.03609809834487861, -1.1731540496491015, -0.23381840249967972, 0.7627244892075614, 0.5771283714634649, -0.3736706024324528, 0.7155492795597298, 0.3075394626762274, -0.8006139349560716, 1.1341536407786128, -0.5726464381531245, -0.44211283137034835, 0.6666391310196002, 0.46122425637827236, -0.08483848943628645, -0.04480808708786219, 0.10907246562370083, 0.08062382849669689, 0.5395429799119574, -0.7033545279516327, 0.6557093704227397, 0.6087570783124271, 0.3196184595150744, -0.46565581516570764, -0.3199971734585483, -0.0040765694822970135]","[-0.5929961544308735, 2.0478220915013914, 0.19704598743944474, 0.24872360525050877, -0.02234989495996703, 1.2136343663230467, -0.9048885899737229, 0.851971298776586, -0.31824138758670184, -1.1535335812602308, -0.4699670923386521, 0.03978455402614494, 0.9779338832538349, -0.3268662824995393, 0.32746716224651473, 0.25894144086278187, -0.26379154332926613, -0.20782720492949466, -1.145915351669292, -0.6622010361700095, -0.12386245800680337, -0.7793666468054813, -0.39417250348735583, -0.4415301942240078, 0.03669833807575063, -0.3162470365431657, 0.18203168383233925, -0.20951279569620138, 0.276567511899223, -0.5520366065296644, 0.5508335972663794, 0.13423186529066755, -0.20396901524340766, 0.7180308190195053, -0.10786782036444065, -0.1250079746801976, 0.23983576795242426, -0.3616106039352992, 0.7717838393756314, 0.42958616208719]"
"[-0.4885040937244091, -0.39612773704568627, 0.9007145091513029, 1.703751404637269, -0.21038289048256995, -0.33101355838783014, 0.6898958558020821, 1.6318422277504303, 0.11622743060232299, 1.0319989996560437, -0.48138877683701975, 0.2622781819695892, -2.248924005841307, 1.208430447164815, -1.6273678805806502, 1.0966273133835982, -0.48104400823985016, 1.8688181091479286, 0.510074480204356, -0.5543689251978285, -1.1947003662525375, 0.7689581640959515, 0.251019758786606, -0.8878584928829539, 0.08009010348630863, 0.5917733252512856, -0.013201078530876006, 0.3441449712268671, 1.0797061112200212, 1.055496532965214, -0.3750801341658609, 0.9320339230311661, -0.42565698464240187, 0.8892486564636858, -0.1335756369488568, -0.5950063352952898, 0.4113282101422012, -0.2986460865416945, -0.24665362804016938, 0.9374732337249129]","[-0.14139444789421354, -0.09170005621220445, 0.013005698066166483, -1.0575273778023577, -1.067934652032474, -0.15667173139210525, 0.7852521353507342, -0.48917626840746664, -0.2841592982375655, -0.582529353889668, -0.025434721130094807, 0.44737091313257393, 1.6552633130060663, -0.7811498082859191, 0.6392878745533744, -0.12295645780250647, 0.4587393316237684, 1.124497890603389, -1.3698605790359832, 0.2576987467485967, -0.5820946913257723, 0.13514835224295008, 0.14278538197382445, 0.03970450649584054, -0.28254911382295395, 0.5013733777608096, -1.2261107377296325, -0.3787220377413166, 0.45397054987366664, -0.18304112185196242, -0.2517134387576646, 0.14499956933506936, 0.2692069900778052, -0.3553559667903019, 0.09134826082752331, 0.19396945267148874, 0.016633798920556605, 0.36749022510334145, -0.394352206108848, -0.07626586829339768]"
"[-0.08525325946142213, -1.4251114841456485, 0.8751723393686147, 1.9235884477214478, 0.3070985501219821, -0.9368514886677727, 0.19196898731836648, 0.4783332353756827, -0.7577099982312444, -1.5525492678555262, -0.4785645427657104, 1.8454088153133354, -0.4972157767755351, -0.08138510889885837, 0.5966472851033782, -0.6321004580192823, 0.5809514389007496, 0.8247502616708323, 1.130742074047425, -0.7458420855054553, 0.3681044889097272, 0.4206413334115864, 0.08933415896542182, 0.2580691523983567, -0.8476966726555442, -0.742730992854788, -0.3432587773349139, 0.007597192106511297, -0.15899119238623277, -0.08026549317476865, 0.17017650024663464, 0.4003381274028631, -0.22635524218300354, 0.038468521842879334, -1.2464584503287681, 0.5259605553597301, 0.32451602593114015, 1.7185505272538748, -0.26282306063836586, 0.17308137115346725]","[0.919484380772885, -0.7071302895267044, 0.016119530527496134, -0.08272526672570207, 0.24251561006998495, 0.039792954404553306, 0.7819885752595033, 0.057545221614729844, 0.3554450747084468, -0.5304884094533638, -0.11232742148493065, 0.8671480972486674, 1.319417405082505, -1.0165676293000672, 0.7532212273991503, 0.17954137625407116, -0.7753528948172159, 0.0339271380788447, -0.3762873879012207, -0.9878755685860181, 0.10388373518389259, -0.41597063679929436, 0.3176083521859131, -0.5383646601640333, -0.02887527750337857, -0.553004383987731, 0.09015854231437699, 0.05209062373935711, -0.4173169658451333, 0.6032705468937132, -0.2269002758610703, -0.17494304911928238, -0.5652032433604685, -0.4449517826243336, -0.23179135172436718, 0.5159816411774426, 0.5225480821627437, -0.4847851073506149, 0.016037369907044692, 0.46223390675948983]"
"[0.5967701268164807, 1.1522032074032085, -2.668747863276741, -1.751284237653837, -0.22302591048963272, -1.0814807189905176, 1.7967515908431388, 1.0723473264517505, -0.08203443528444736, 0.16166955242744888, -1.7968611222958788, 1.018135624178824, -0.7761507528420154, 0.25849874298354836, -0.8258529023983114, -0.013966661597428612, 0.40735509943613557, -0.6665161756248841, -0.04240311449909182, 0.6193117939890764, -0.1370769727263438, 0.06469001624876236, 0.397171521745456, -0.22457160074182753, 0.3192381241857002, -0.09726951266382518, 0.19656242053168504, 0.9486123576086446, -0.4606395803490807, 1.6478067345367575, 0.7345060295214627, -0.6311308746628281, -0.16008944477759776, -0.20953966820752506, 0.6871654081475782, -0.29554907479608467, 0.11628172090070868, 0.8271733108624034, 0.22295523022038108, -0.42032066533788803]","[0.19142094345840593, 0.6836366309655035, 0.882754419923275, -0.2798652229404643, 0.180349277439778, -0.21079842582329994, 1.67546867053625, -1.1714665538454192, -0.9084806450918971, -0.49560365970302506, 0.40492898120996984, 0.6613845040356972, -0.14843453074536855, 0.18810053448054243, -0.24471476127250014, -0.29814171363049435, -0.16705667579371375, 0.43145179604077566, 0.06783792018305326, 0.03725959247074894, -0.401540111921081, 0.5314476834549272, 0.20749651671916608, 0.20630579281580386, 0.21933500331779376, 0.09701872696812898, 0.6791274375788505, -0.2971138097280828, -0.02577227258364154, 0.06563177704953753, 0.20890944248152107, -0.08323075863856999, 0.26160826894761835, -0.169568217184569, -0.10952564097705605, -0.21697071629946169, 0.19680199526665995, -0.28071593783086896, 0.19382803181640745, -0.04767723498607224]"
"[2.488104660110243, 0.6567508784837722, -0.151690286171815, -1.4934721725674271, -0.28906128530765574, -1.1163311747615783, -0.7343970523771978, 1.139091439101494, 0.6596177333776418, 0.7291194883476604, 0.4216269944070572, 0.48489965245438327, 2.248758548620118, -0.4737358099767529, -1.1609166285479444, 0.9946873063554588, -0.22621739393661813, 0.11221530207150576, -1.1896074056094301, -0.15246183318224488, 0.5877324936300291, -0.9085637773808867, 1.248686299921969, 0.90154705155903, 0.6419991880288008, 0.02450361874735306, 0.3065807538943893, 0.7686091264976218, -0.27574968371065395, -0.5623541813081208, 0.15779344799063566, 0.24389528977295938, 0.7165801242383979, -0.3180743534446136, 0.18159506520056048, 0.5499349354532839, 1.537297696830111, 0.07223415312402512, 0.7766807350233284, 0.4398377651767609]","[-1.185144822288409, 0.8472955587876676, 0.5183283388362606, 0.9926673025393189, -0.32592988753004365, -1.4770371453270157, -0.23066336404617563, -0.1732483713795182, -0.38490778325256986, 0.5973387243461059, 0.20430915304630098, -0.6856841282492203, -0.2573685757596011, -1.127972665063301, -0.8004350289301865, -0.9947938312144683, -0.014972199235090983, -1.5440633596573865, 0.04515022932833469, -0.15344708380640562, -0.1974296960872948, 0.3450202931457743, -0.1282437260806649, -0.6687999175195002, 0.28789405562311754, -0.46598200116394145, 0.36584255858586356, 0.1438700981727449, -0.45799928271989765, 0.08876742091257007, -0.19109041823300804, -0.3849773983841397, -0.3681769694735357, 0.2323532811534785, 0.21830289680846013, 0.322010756939864, -0.1037295873261705, -0.5964314495257135, -0.7191940297365014, -0.07594759373559243]"
"[0.7637270821037708, -1.5564088667357594, -1.3831986257196442, -1.8856631034309415, -0.913736938984881, -0.5583882004497813, 0.9085213290401871, 0.9786580394467786, 0.273836705274784, -1.5744484009851163, -1.0362914267925143, 0.05422918850921719, 1.2964505384761122, 0.03608609939141175, 0.335969081084374, 0.22784512256764197, 0.15274529189544991, 0.7503266321638123, 0.7817486396000033, 1.4515315084656397, 0.31418511401284255, -0.7355865643586855, -1.3620899549132375, -0.05351287551813881, 0.6745051001671359, -0.006784952037460943, -0.15348412084981874, -0.1811207922253406, 0.3150847498363331, 0.1122887438201368, -0.4486281868020865, 0.5294473959780885, -0.5559594329727507, 0.32583393720159237, -0.3380190641131739, -0.4747060785710815, -0.553312068699352, -0.2587499784945913, -0.10968558054782979, 0.9023400883659015]","[-0.6429357738677566, -0.8390698211541169, 0.20591043905346662, 1.0672304858852275, -0.06539472129241253, -0.014228109560436462, 0.5889229992996335, -0.6371054587682357, 0.0781736384421233, -0.3811940848213993, 0.5069988616572714, -0.10066155751478255, -0.5357804925010281, 0.0769455483985601, -0.007297617519005872, -0.5937605354923319, -0.4465628619242492, -0.5436171574660337, -0.7920362839671804, 0.2573688674375782, -0.5321495332983155, -0.6139323531984161, -0.32728454833242476, 0.21731254658933247, 0.25692918250758434, -0.41917072989069776, 0.05282284372861041, 0.48315348723890883, 0.592980544357206, -0.31662553351991307, 0.21958488074679425, -0.10686263514730653, 0.30370342468595557, -0.13867496478411168, 0.34108734039026406, 0.41944841001740074, 0.4031785064646679, 0.030703866630238944, 0.7381880495879888, 0.32016862179154243]"
"[-2.9314396777154443, -0.040233265423790854, -2.508197810697077, -0.31929023659563427, 0.46779831933034965, 0.8813782429021725, 1.7204166517888924, 0.6197106423844306, 0.7394353219260135, 0.15615390062962242, -0.34354333238855594, -0.29390997673157837, 0.5361944450529439, 0.33651419523454046, -0.02197059694082235, -0.5414604658758977, 1.1587037307241816, -0.3032354114846567, -0.5930501289988703, -0.31107917032657756, -0.2647848027815959, 0.6591428166326848, 1.0149763596864074, -0.3954302505795087, -0.5676658849456928, 0.16123996252387426, -0.34606663577705693, 0.11697147012661695, 1.1324939332401616, -0.3569581771087799, -0.37581150733132085, -0.553699207760416, 1.3142859480652185, -0.753294198819916, 0.02134860027565407, 0.9919056433175455, -0.6695273176898955, 1.0535315697941507, -0.8684088516961826, 0.14326704343640867]","[1.2248037805128849, -0.9515880627040785, -0.7540514423293331, -0.29738332674994067, 0.18028248765343552, -0.015030398710961365, -0.08914618601173624, 0.27580336342342154, -0.4850048873026051, -0.40826434716212534, -0.24475561031402693, -0.6389803573077623, 0.004313210808176975, 0.14921473323095236, -0.6843237288398224, 0.1595127763336761, -0.08833350772255741, -0.25285007358809447, 0.40752297963371686, 0.08720203789404216, 0.06193078869439684, -0.0861447422373385, -0.5457044602963295, 0.030430894708303614, -1.043030718953869, 0.08948090792608686, 0.08910604697906638, -0.4400822455200018, 0.1833340515872298, -0.8726653612768389, -0.28322008937288623, 1.3387875018805788, 0.23011378998458248, 0.11112341453836606, -0.2989797732056076, -0.09706885945932403, 0.026361117479224375, -0.34370551397119536, -0.04454661550368937, -0.4047166107697535]"
"[1.8070707105854584, 0.8990879823838412, 0.5804978392490269, -2.197372420987182, -0.5222659829433277, -0.5465029331978473, 0.404112706088902, 1.0015243140633403, -1.2144243663531682, 0.9975256506148861, 1.0432490912282577, 1.3272156271549642, 2.0341555632102066, 0.12831871395500904, -0.537778976195125, 1.579167344857414, -0.3721942866531081, 0.9917821875945676, -0.09265691064341167, -0.02398793646070055, 0.5171874554053543, -0.5667387283549304, 0.534369538694833, 0.2873136405306466, 0.12700794288568235, -0.4085140995859614, 0.24603514016539138, -0.5544281148646633, -0.09091958240305685, 0.2691040168380795, 0.5274257891738631, 0.5894392241880598, 0.7653403996367175, -0.2151350103686456, -0.008623203649311793, 0.9595217641079561, 0.76554312028886, -0.13482128082840558, 0.8213228511387978, -0.3358299645614962]","[-0.6665176892036252, 0.9007049321152455, 0.6429033788596653, 0.19384173396439505, -0.9535099514923164, -0.6500832035141181, 1.5411849392473251, -0.16079999920499632, -0.03634994138230879, -0.010071750715881312, 1.681277235642805, 0.31835958073747805, -0.04504433634050182, -1.0765725959593575, -0.15683394201792947, -1.1605574303188608, 0.25463099885584406, -0.28517530654542117, 0.6637131126720089, -0.4983226303638808, -0.20896772271064865, -0.16693849771273228, 0.014371917313357841, 0.5978660116769373, 0.29458140282430895, -0.09052064700197333, -0.10919174148973909, 0.5545862820785805, 0.3374089817643415, 0.12460647226216244, -0.46178207306590885, 0.6130699961307536, -0.2749822169953888, 0.28872374497625286, 0.2594134730558042, -0.10976667974279543, 0.361703927017246, -0.0623323329539505, 0.056734489566907596, 0.37879946384940927]"
"[3.340777800502363, 0.5244688133917894, -0.4725019027714917, -0.6119011042524642, -1.1496593518879845, -2.294347318283004, 0.11436752280939817, 0.03276308953660756, 0.15677049380395802, -0.2318704094684765, 0.7463393929734945, -1.2720829686748323, 1.1588713382450513, -0.7827304631255476, -0.8089699402422545, 0.24939653126146194, -0.9463247144085303, -1.323936822721262, -0.33245960670412295, 0.3745392313669143, -0.0021655502173777664, 0.17448802367903515, -0.8985238217457431, 0.2295686363589834, -0.9635178636606552, -0.3269175185182024, 0.6278578620428121, -0.7062171156747621, 0.743378277341149, 0.3212006004417134, -0.09150485108551089, 0.530053348603758, 0.09194032574583189, 0.7151877689107603, -0.6287664089718231, -0.8391164653479736, -0.7111604907336226, -0.5200853764589737, -0.19382771985505654, -0.2805321430377612]","[-1.096723561055993, 1.12477023344522, 0.10247276119771205, 0.8149303386336182, 0.25103215348851754, -0.919197609274796, 0.3171711646024743, 0.14536765822434233, 0.7862935486472378, -0.25532824761363415, 1.3661106826423706, -0.34999921094498343, -0.2620057461154508, 0.6288557318050613, 1.3747740582786423, 0.36939742433557016, -0.5814354483206129, 0.267695220323759, 0.044516488600505735, 0.4024954650813078, -0.799364816758557, 0.5055056528430976, -0.13153003831685287, 0.613442220617502, -0.1142710241269628, -0.4821268898824699, -0.8704379701375906, -0.06830486251783019, -0.29462391813306715, 0.10783710653785483, -0.17167227246202293, 0.06979236668317297, -0.4047073833348636, 0.20508320189293325, 0.22770501513867641, -0.7102114443844458, -0.5257359841638812, -0.22280251670586285, 0.07280205673269431, -0.31199027554912906]"
"[-3.4029546819441396, 1.1548572884940465, -2.1640383930725227, 0.16482829026930576, 1.810445410262218, 0.199860959065181, 0.6156921768849674, 1.5922519014718686, 0.4440460843244297, 0.9936052680560336, -0.2359319657965321, -1.6107566596657386, -0.4053579644673469, 0.3625656595355996, -0.21743269126298098, 0.620562893637371, 0.9473705576082704, -0.5092851953459071, -0.19735459097031277, -0.18731381017322699, 0.603088663616671, 0.23700174955355638, 0.5053192416256481, -0.931992849300477, -0.1074619164866642, -0.356752337394194, 1.0199224249327228, 0.5833645584961493, 0.9004643559046772, -0.3138094531418463, 0.1763493883341074, 0.9999193007807345, 0.4115747018194772, 0.27318015091940984, -0.014570744492777685, 1.519109713134649, -0.7062003973228099, 0.016580039288842868, -0.8009100255326094, 0.07777463019690316]","[0.6643353048960731, -0.5140176885230014, 0.9096667909130962, -1.7108122199312799, -0.012061253946410944, 0.5181668362494027, -1.269714657464328, -1.4782653122799085, 0.4267812584659218, -0.13295553230404938, 1.035548376951482, 0.30928621408202, 0.18718585775209706, 0.5606204423500208, 0.47758021202580675, -0.04588702586377843, -0.6881365821275699, -0.7763326048967715, 0.13831953424424503, -0.10230077436451666, 0.008559329830534503, 0.010818649017448131, -0.22059562429041377, -0.385026180549762, -0.469635519732687, -0.386095223192995, 0.07770764247657017, -0.22492939113899252, -0.36728404177785495, 0.25937737348577566, 0.21059896337898426, -0.28509975332549525, 0.2694851810460362, -0.018928793523190844, 0.035609481306570566, -0.46118742046835487, -0.03765340159147824, 0.07561196938151139, -0.35637749131136565, -0.09270643745843062]"
"[-0.2690631980021325, -1.7230893798358082, 1.7906177111432227, -2.1173383863855233, 1.0414712609261665, 0.5112129346329369, -0.7188043368669277, -0.12117367712551348, 0.17526360604012495, 0.060880641847424345, 0.21331205232172357, -0.7862922475507858, -0.3296496443244343, 1.2235022783307492, -0.986513060544795, -1.0664543942652196, 0.07086171816620719, -0.19714004368437352, -0.09077453448470046, -0.6734554664597905, -0.025109801669591647, -0.3770374875728881, 1.2110493548355257, -0.5271023145774352, -1.1762170469347086, -0.19896706245431203, 0.1551547002882365, 0.8456351392873946, -1.0510228736304943, 0.403211492788776, -0.29215939387614326, 0.9609557891747789, -0.31019510966166924, -1.0351700119904166, -0.5067342908445849, -0.4478614492928095, 0.02796157675697458, -1.7231729608653765, 0.04106008913005816, 1.1226348813490372]","[0.485343225206202, -1.633277194447178, 1.5408188342574778, 0.8075282918242245, -0.15599913418845912, 0.3317958689707788, -0.7354749366626702, 0.6933177266928715, 0.4294830961023689, -0.6179298427892947, 0.8615440973098656, 0.05500124134160953, 1.1634434196762085, 0.031575094219042754, -0.7277712646415944, 0.3688079604534205, -0.2886343249074575, 0.01362954182646525, 0.4746881800648744, 0.6121323644879946, -0.08057327129677477, 0.08685670960237607, 0.22096383744446352, -0.08848320404626678, 0.46897725629105563, 0.6538281069578602, 0.14075761207389068, -0.15343537593620096, 0.03082692330438122, -0.4018623385905017, 0.1536164898356143, 0.4621946321258144, -0.5359416999145495, 0.446209925028271, 0.8103503465538388, 0.03962675251668573, 0.6626094415968518, 0.5917973322311884, 0.08547538993792707, -0.06568781003883033]"
"[-0.34091454132447035, -1.0849409412857625, 1.4058842889868517, -1.6289455270812008, 1.0316756257936934, -0.5925328682751385, -1.3691825080201006, 0.13125402096609215, -1.1136569879344, -1.6127077696075365, 0.11171359128765923, -0.10888792720763192, -0.3685988958278286, 1.8639410850175115, -1.0566473354440515, -0.13951967550572333, 0.058282187575089635, 0.22597122197713906, 0.18605182197867914, 0.22349001333850418, 0.261279766734207, -0.15893612229738555, -0.34964089093659384, 0.5103827575992148, 1.1151246534905428, 0.8260495820419433, -0.5913646143146017, 0.10029087120843748, -1.27367234557608, 0.11076889766713038, -0.8851385485963523, -0.3748722761648988, -1.3866448929294717, 0.2582599211788287, -0.813544645351563, -0.2103144654334312, -0.20088123569776967, -0.8503734427094072, -0.5621941865900328, -0.025977760474982674]","[2.3588259604860857, -0.7645166655227669, 0.2952315983799584, 0.7274908942744901, 0.7964114599866674, 0.20796593131817548, -0.426475945843001, 0.8582883992393107, -0.34216584708791237, -0.04415330632706297, 0.12270461507391978, -0.6079305496245224, -0.17228500869854863, -0.06576219640088203, -0.09242367588094967, 0.11245688815352405, 0.010997588050721431, 0.5783529130217919, -0.5319043217963271, -0.14719684414116713, -0.5004613085647711, -0.7425132751280173, -0.03637978646734507, -0.18838991575742473, 0.41944771399293324, -0.342089281653525, 0.49701663600013796, 0.03639847748426915, 0.41047316526018357, 0.03706124879853128, 0.30115333654066234, 0.1362028803313846, -0.17369000642286822, -0.8108235676504049, 0.08389497467516861, 0.3961228398015633, -0.019739887025878384, 0.4075459544984907, 0.07400353165324511, -0.4562884568098774]"
"[0.872038527583339, 1.243737753121113, 1.5170786149238376, 0.4252186813348166, 0.7669351023767468, -1.4638606773340745, 0.0678768584686936, -2.527735749712231, 0.9034356597970149, -0.8413668954391886, -0.923688181980412, -0.672585860277342, -0.2935676628173168, -1.4811180514167541, 1.3317948894993659, 0.5616462646829385, 0.784721381018178, 0.6114821435935814, 1.4919557323843695, -0.6147077152380533, 0.32164775734186973, -0.7770751550886352, 0.3473690947038822, -0.23290014179490054, -0.21175174194708812, 0.07246039577038911, 0.3440447196875343, 1.2397646222746979, -0.06339074756422998, 0.7116214679151859, 0.19030642433482706, -0.902702688908519, -0.25994951459243976, -1.441856482286532, 0.5085254765339832, -1.373323496406341, 0.09631074256704988, 0.5139018981825549, 0.5080822299396544, 0.0046977584140122566]","[-0.5769424366406413, 0.4443022474435806, -0.5086594916783092, -0.5297749843494631, 0.24976579178787753, -1.5357670894153965, -0.020666272592770183, 0.18748719448418943, -0.08156397910351945, 0.2644049912048512, -0.8840475384561888, 0.65810573494969, -1.478000457168754, -0.4947480322457361, -0.5810669842144134, -0.034742825540964396, 1.1216094576120197, -0.4777183508881723, -0.11657724740480567, 0.03162754172652054, -0.9053732659627213, 0.5116592345488168, -0.3583400325555405, -0.30854469079998964, -0.3198243325257193, -0.18545305486653801, -0.1091410759010454, -0.12485258212682288, 0.2961061661912242, -0.20558681865037337, 0.44734103951115356, -0.1501762917344795, -0.19740986013993372, -0.35262904946879936, -0.6402307221702244, 0.02562368398365256, 0.06805303634346521, -0.15789619375092429, 0.028442494374465267, 0.22134289578161298]"
"[-0.3092974766442389, 1.535416748527053, 1.562848235188613, 0.1729567189772479, 0.210248605353443, -1.2613346187437526, 0.4093799580552032, -2.9001725500348643, 1.8381472888689507, -1.9721748103072587, 0.4412615396907701, 0.07736789388344649, 0.07183464046315796, -0.47123332955097263, -0.09538261639351887, 0.4695638195705148, -0.0765668257598586, 0.3048376584168311, 0.517841291328544, 1.169786612639898, 0.5394760945780971, -1.5169088331449765, -0.4391940074388628, -0.8643878221034436, -0.0412258996917186, 0.44920990068672345, 0.12146276032358715, 0.6085121176522545, 0.44214493363035307, 0.09595901013545031, -0.18965859972037669, 0.07794872612166769, 0.7376578097075511, -0.27475165692970016, 0.16716602181458698, 0.6754091045510469, -0.10163437662836432, -1.0256634223643744, -0.7677760763853437, 0.20104338456714851]","[0.2793680449848292, 0.3418408702076915, -1.1058362086516846, -1.0457153469937832, -0.2820540399458422, -1.711339750840357, -0.07011371727193565, 0.5554144857853156, -0.38430469968583075, 0.1921146436467139, -1.0580582405162684, 0.6674948604802996, -0.4789476485808615, -0.48341464489045954, -0.26246975335254646, -0.1176219762291558, 0.18294349602091067, -0.7911781404867655, 0.3858567888747412, -0.0681497604606096, -1.2134424788846094, 0.5267526284066075, -0.3189190708305246, -0.7022157360537022, -0.3728583779422895, -0.5327046373652772, -0.03147815349705058, -0.08373498596373875, 0.1590917815405054, 0.001950430635848399, 0.35320535728380087, 0.20272195344953406, 0.21546947030158753, -0.049278323579996175, -0.28127947517418134, 0.09302789079241194, -0.0006280040044636801, -0.42667963254191127, 0.07171857234733828, -0.16627040518189404]"
"[1.063862904498612, 1.5436108014643903, 2.166296985958046, -0.06696528378172063, 0.39591542640682126, -1.2312043323426487, 0.4771021672489079, -1.900818796545752, 1.5046037047527576, -1.8960706122929092, -0.13859366316627822, -0.67010928185949, 0.11669554164010656, -1.3196382777715028, 0.15272703900119963, -0.1315072883094696, -1.0454339918792643, -0.41393282661105846, 0.8049370497652623, 0.34484073329519227, 0.41389760968836653, -1.1232184645984478, -0.015477520562822315, -0.35169559322157445, -0.4025713016664635, 0.6364333458673134, 0.08159658772127493, 0.9349388361042256, 0.9170626520640158, 0.022259594275759655, -0.005372133381723666, -0.12204879354791545, 0.3841004542183881, -0.21756607024631233, 0.14155268482664182, 0.10301708469467556, -0.18342957459990517, -0.49777893528055384, -0.9327659223001211, 0.809963986171486]","[-0.3812679944116212, 0.3513090033730179, -0.9587927452166138, -0.7559714005777055, 0.21217377180400832, -1.379119550646335, -0.31786610720540065, 0.5324910475475014, 0.5498655529029606, 0.2866434605518899, -1.087341602468373, 0.4640937367600363, -0.826331952890635, -0.7134590086124917, -0.2658111767165879, -0.12603880302180345, 0.18941378917431353, -0.9840565822561456, 0.3438785238408112, -0.03502552908988762, -1.1756848281986, 0.553248236328155, -0.19762564740628677, -0.6790062915145255, 0.30340244158311647, -0.5060032061004583, -0.6237577159188884, 0.20439490052422316, -0.215982257334182, -0.24296520722861706, 0.17310549762222463, 0.13271040532199538, -0.06756771668962396, -0.35128292359160646, 0.044924316798424686, 0.3337603884715555, -0.15793639821140262, -0.48289537592629395, 0.1177545998731508, -0.16377817615415488]"
"[1.5794383022431229, -0.6243591392095627, -1.6312188626885484, 0.9183389478310169, -1.1600100105333409, -0.1887683532752403, -0.4994415006737783, -0.18024460304951564, -1.0546052342944223, -0.33187086716753394, 0.8224137822407241, 1.0063309442798998, 0.913774398531901, -0.09418819656404022, 0.49640216515390095, -0.1933792903190299, -1.4984108653649546, -0.18959296474475015, 0.6917935256324339, 0.9244802980367898, 0.2754681362499503, 0.2715448470186159, 0.700600693898852, 0.10162790462228721, -0.17015661826622225, -0.19692210771142607, -0.2966241151803348, 0.2077399960433724, -0.7404017747531632, -0.1650273701944097, 0.2449883190385746, -0.6759298350999805, 0.9924798125349454, 0.10895669630839226, 0.08750193234034209, -0.0388483699813136, 0.7929959469930943, -0.1767814645773603, -0.24750251914757926, 0.25614620012666056]","[-0.8471814480752107, 1.0493447858422356, -0.25570189319690867, 1.1912627404152867, 0.755194125807237, -0.9302788353257974, 0.42946115618632763, -0.6991424146039399, 0.2398866125166416, 0.3432309377664333, 0.20363495607142104, -1.5388345139572432, 1.2958577682473762, -0.4305057969249982, -0.16980977904371186, 0.8119584922044646, -0.6631570392365044, -0.6329965658946762, -0.11218330681867153, -0.37386823322157736, -0.22612840822135008, 0.25510961235748497, 0.5052283819129763, 0.13788211081587987, 0.27518459355590635, -0.4045924916375796, 0.3459130757081963, 0.15651250692006816, -0.5463898641497855, 0.04302145120602479, -0.8081418895173995, 0.2472925520739085, -0.07131303111893018, -0.02691429274930557, -0.6084285123697347, -0.02807689657160852, 0.19614863059257545, 0.40251292212113854, -0.11412724624186686, 0.2688788858790609]"
"[1.1462991399332234, 1.9671579253602085, -1.1399787792581866, 0.16966022562299143, 1.2143016690466393, 0.2012183569778196, -1.050903012939965, -0.5235232277197057, -1.7931282509228565, 1.548737725199822, 1.1761223674406278, 1.0673634498092075, 0.1514159282664418, 0.3158143244236759, -0.7795153207653692, 1.1892092599970892, -0.37016558619013895, -0.7950645806252928, -1.0953925680642405, -0.5261658891005356, -0.9125196513817759, -0.19268688016321317, 0.7400971557862727, 0.5408093067931534, -0.046144322638503835, -0.005862051107508034, -0.8656338427258821, -0.9243188792861724, 0.15221804381861007, 0.5533694682489612, 0.4115184938591539, 0.24534126353413843, -0.06918496748468494, 0.12689564318545363, -0.31864452280078914, 0.2734355782586411, 0.49996228857444214, 0.5304234796186114, -0.5393312174263719, 0.25830655329945734]","[0.5487951040819438, 3.212628047428315, 0.20021410949804042, 0.2662085050853314, -0.2615385020594429, 0.4439453894888643, -0.06586962390162733, 1.1697953352980233, -0.0700950683657037, 0.9018379864984205, -0.02978292991868866, 0.4811041379835524, 0.47365708828989656, -0.10077448909443844, -0.33473398613468286, -0.8573409510167675, 0.7065681140849135, -0.6361566592327114, 0.2944773667960933, 0.13628529540818587, 0.5456848772633054, -0.14272664293132742, 0.10261152736428437, 0.04269698804965895, -0.16338970175708292, -0.3727862696067705, 0.1304565359750907, 0.5301923436522021, 0.22087661140236212, -0.058709825351597605, -0.07400348801844787, 0.41653816772060953, 0.11546207662677609, -0.5026413174237274, 0.1541789805296666, 0.008417557061577478, -0.38452080468517613, 0.01809936772802526, -0.14281185057162568, 0.22641331976874565]"
"[-2.5907330484444353, -0.7146462400553146, 0.7121218430571167, -0.23094769020521125, 0.3920232056441361, 0.37260130590825474, -2.491508295105856, 0.1981296591699153, 0.055764507674615396, 0.3013677888479994, 1.7533180610284174, -0.31316292946320273, 0.20281773688589982, -0.594859565840945, -1.2151833147219573, -1.3749577417858576, 1.7679251598987245, 0.623158509836129, -0.6953158115582326, 0.6508439421234166, -0.5842919431967474, -0.11664221743703491, -1.7968381650805387, 0.008031846045028894, -0.7575172204384257, 0.46996892135771773, -1.0164699192984932, -0.1337539680486153, 1.1229855311568513, -0.3536714863587483, -1.0075921440470996, -0.6210167436340267, -0.1629115363121407, 0.09735543680069594, -0.7223568047758148, -0.2278713354269261, 0.16747946495692714, -0.18919661893140513, 0.20899335062725685, 0.017525246449727288]","[1.9263180630432348, -1.3165633653515418, 0.17790245432504656, 1.4341225013732335, 0.21781549359361782, 0.3837656340891485, -0.9202167067200966, 0.45420107537435556, 0.5105413375535239, 0.6746451955849199, -0.09410092220509168, -0.506565007012437, 0.712350224521894, 0.6717839230227378, -0.10939935877068081, -0.6018552136761093, 0.5274487531833073, 0.318424649636371, -0.6771500173034117, 0.22934237112973363, -0.3708896134244383, 0.3638373010006622, -0.3905765117929192, -0.27345263508403256, 0.063675567925965, -0.2521371561062277, 0.763784289234688, 0.1859034091218255, 0.03587096528527288, -0.3011443390949586, -0.07255753905248959, 0.6494522807701891, 0.5405920932106357, 0.3121849067977924, 0.346547652271414, 0.20241628935356829, -0.6184766380452399, 0.4729182738565962, 0.17387199821471827, 0.37199523403652296]"
"[0.7146795641175819, -0.10525998222875782, -0.7331365200420201, -0.48499902047093785, -0.21395075807589617, -1.585564176071709, -0.1541335152730923, -3.0712594684654393, -0.04765354772405917, 0.4581724344203076, 1.118859539626116, 0.969320012996618, -0.430732056980269, -0.5465265349344437, 0.6780458267375086, -0.1422347362641658, 0.14285517571890258, -0.8322665793392466, 0.6848111141065724, 0.2022154228978351, 0.20553084414259337, -0.6018582988124533, -0.34362566315497245, 0.2844843975027009, 0.3985827887128639, 1.3866972219945952, -0.45093568455366956, -0.45002766623711943, 0.5309765033460976, -0.12616142858124058, -0.6599541351430416, 0.57391170937689, 0.6102917074268935, 0.16358561004411545, -0.051900714625740904, 0.16600033598984046, 1.185945779455002, 0.6919806668190573, -0.45343435025609813, 0.04171583113668801]","[-1.005940746097766, -0.3361031761075932, -0.695536654860698, 0.32615834800356, 0.9713228826799912, 0.017318126444261308, 0.5205221550901089, 0.35419851332307495, -0.0025540732052086886, 0.45084729968427506, -0.7201689094882531, -0.43088741263058905, -0.4961610223319097, -0.06064829456399608, 0.37307714632315264, 0.1964927801485204, 0.033512730047867215, -0.48268419207558944, 0.46826725107119366, 0.65626068420186, 0.014615901508929559, 0.1361794303393936, 0.8891657046044643, -0.30140834005428824, -0.0749361601154772, -0.06219954919292634, -0.4673932569923688, -0.7652799455087139, 1.2544176955955424, 0.45106275892291725, -0.01095942054570797, -0.06677382087588452, 0.4132366563328401, 0.3817129283707428, -0.10850852444586688, -0.014545802163537952, 0.22142823634211325, -0.1779361075592678, -0.007270035333751153, 0.35085775233038075]"
"[0.3152400924861556, 0.805368143622958, -0.2703083575387858, -0.24536303695849584, -0.1095111545158439, 1.5868847171219194, -0.5327991885966785, -0.08213354440785507, 0.8030350193341023, -0.04967783535503142, -0.0004229221556662758, -0.2918053125405222, 0.6085515673665994, -1.5949036383597177, 0.14208317842281593, 0.28985453517168636, -0.6411948739783364, 0.9332534174577691, -0.4087696210362811, -0.7531438242221743, 0.6398748933952716, -0.48696045794949566, 0.47889038254373684, -0.4408113339712108, 0.5748238603329602, 0.6729677543008405, 0.23884753183570628, 0.25533227979695355, -0.18632381797780653, -0.40842293430992505, -0.5255988476549549, 0.023490289392914303, 0.311581761918906, 1.7923789859707076, -0.444386250375383, 0.5723115293124345, -0.1678315446282037, -0.8246736407777565, 1.0098500782648465, 1.397960226236847]","[-0.1482803838919405, 0.5561633473481715, -0.6625136335969929, 0.9994961694814541, -0.015730783591832744, 0.477503977712786, 0.22237517995680683, 0.6345657067101957, -0.2908811342705482, -0.2285702738026685, -0.41450212163248096, 0.19253594131412938, -0.3168366954065254, -0.24485727290190076, -0.8057905458387976, 0.10560793323093948, -0.16146397866363502, -0.4617871871614996, -1.1657076998188205, -0.16560916798805878, 0.27589801721064205, -0.32299360748362194, 0.08819564247144851, 0.13497335343260078, -0.40190795302275373, 0.056482222627176525, 0.5165941590816305, 0.2206061376131243, 0.14145679277985354, -0.7421119454799279, -0.5140735606644404, -0.5229405275626838, -0.33897156517720506, -0.7464698005573304, 0.4587026716291083, -0.10452810102684335, -0.5233125479667394, -0.5735387621065039, -1.4934967543393278, 0.15629803358079492]"
"[0.11451496732809764, 0.0582720765001635, 1.5575424303061958, 1.5566893246591265, 2.3351309154027575, 0.009664902232675479, 2.4032608855890962, 0.9673416312773091, 0.022309685435185276, -1.7466492379888252, 1.5025385517142564, -1.079748651493738, -0.42515941053544654, -0.9213325506078921, -0.8486097264573165, 1.106458219599903, -0.1873066333100397, -0.3481581684441611, -0.4017370736283931, 0.23200112991153965, -1.4345152271625956, 0.6097108262903141, 0.7599912641304344, -0.4823748328823681, -0.616569718117767, 1.5786946956094414, 0.1241895840270001, -0.9548558097443717, -0.9342092662501359, 1.522537599521177, -1.8427916379493854, -0.07300590718164199, -0.0461083265019795, -0.7325131841508234, 1.2820416033896693, 0.3804898553963648, 0.702439212030575, 0.5062455460394905, -0.16277262267021728, -0.9100969066990929]","[0.82160769036503, 0.12829674414954073, -0.041817608764821414, 0.3063196359749654, 0.7901273799733541, 0.08706441349073286, 0.05086580630389337, -0.026864246665511075, -0.18990121005887953, -0.8146368961337755, 0.13801473743256307, 0.34357922392147855, 0.7457199859773037, -0.9019819492546841, 0.8379804078302805, -0.5426409328832764, 0.20666860713403942, 0.3326309450421717, -1.0645330056045073, 0.21019749770048787, -0.37990037272801574, 0.2238938497316739, 0.2948174130467658, -0.11066056079202108, -0.10654063521956202, 0.6030721118586886, -1.102503045192281, -0.3884081449400695, 0.3898259564011708, -0.22957102377952185, 0.46933110321575955, -0.2872920065858921, 0.354982978908627, 0.6601389342841852, -0.5742551241672713, 0.39109654555612083, 0.21142641645206725, -0.216023400842923, -0.39581710717043844, -0.2786719674868714]"
"[3.898030214395029, 1.4440887996347478, -1.5322549537863397, 0.7614441757559227, 0.19008389022172667, 3.252780443378761, -0.962052395339363, -0.47272080477303546, -0.5734985280141124, -0.23940864748318078, 0.4085031529496678, 0.41158208209032476, -0.7485684355884734, -0.4704685928120059, -0.9864674532443176, 0.06617103945507925, 0.23939550541564478, -0.43537004666612156, 0.38192632179820407, 0.5096590686069254, 0.22018189948928302, -0.18039504637759818, 0.6214632587650081, -0.20230482968506702, 0.3093110979881986, -0.2910784635072125, -0.5977161121107096, -0.2945599457894366, -0.044022348081214045, 0.24821057465607174, -0.3897832888845613, 0.3839163261142393, 0.079215570556588, 0.33779326465958565, 0.04158233002383671, -0.6797608797255763, 0.5339021343871919, 0.6328362674133076, 0.024441627457948905, -0.8062420187975096]","[0.6998647296418763, 3.079063135194133, 0.3604145936544711, 0.7368955903409787, -0.7218428953281496, 1.2585317809475445, -0.004969500760093251, 1.0884499379453356, -0.1044936415821232, 0.8886887211163205, 0.24705089259363858, -0.24848666835507763, -0.14971535869766006, -0.7071018219295119, -0.11236597774455288, -1.0486322056618955, 0.376092934013737, -0.7394578666638306, 0.7459752233866839, 0.06023252641607264, 0.4393580269637322, -0.29166580326348956, 0.28907143710647937, 0.609687688454165, 0.13174167917230117, -0.2065305125122055, -0.0006045700600300662, 0.3535918820551459, 0.5322016334491919, 0.5649878216694101, -0.07949473071565337, 0.5012128524099692, 0.3689407567600896, 0.1807227937454135, -0.023216349601096916, -0.11578455438585318, 0.22058208767272242, 0.498303482492557, 0.05532973914590406, 0.3870096162547028]"
"[-2.533645031721923, 0.14911748801467203, -1.1581820816979929, 1.6806355638738835, -0.6704710882540217, -1.2617260986854262, -0.8933770479866678, -1.388097516962356, -0.6312582390080418, 0.7104399924973769, -0.8815053220510932, 0.17612557027018053, -0.563582418082669, -0.7947904698943512, -1.2890762433530214, 1.0106739125944442, 0.9089639123491139, 0.4503659801859789, 0.10541765926497652, 0.19617578968129665, 0.10007216595588336, -0.913099083102175, 0.2429690058902905, 0.007854616475255774, 0.684358072172255, 0.9753468166704701, 0.5687626419767688, 0.41999749370696554, -0.7289899892335954, 0.21914748842008536, 0.32542010614089273, 0.4218463333602507, -0.8742452817906547, -0.6484768069227925, 0.04342126261760708, -0.8459211554520483, 0.023158745269465188, -0.545198987192589, 0.7972985405470092, 1.2547267422761885]","[0.49200927370293124, 0.08005905399043782, -1.666259673068719, -1.2325954731040076, -0.07147335867290858, -0.13226951300801296, 0.4866306180659821, 0.0371199750069067, -0.730591969832477, 1.2868864003625415, -0.11244495650907411, 0.021974709051575978, -0.3800435454932357, 0.007587216022645699, -0.3247922334092951, 0.02090327743483717, 0.6617179836312332, -0.12456269591067956, -0.4318721299138185, 0.15927047777804992, 0.17340825793965908, -0.3813714533142315, 0.29605964018402464, 0.099317561499747, -0.05337890639817472, 0.3457444829924903, -0.04229635044525003, 0.1320228032200005, -0.31009899928256385, 0.18506541410391594, 0.2774043137447775, -0.24260042469095505, -0.43883949583513643, 0.47605614893540416, 0.6609951035542458, 0.1705182439429253, 0.24119408672687065, 0.2686191566303849, 0.24817682663636953, -0.06695582286374593]"
"[-0.6551406769110987, 1.5655056471083932, 1.492776462590019, -0.9506913196296973, -1.0546095041969088, -0.19694848712438306, 0.0003398893424451617, -0.9106414464615974, -1.2029424451138229, 0.015792679690883743, -1.388951041679997, 1.2066909040184999, -1.041025461981063, 0.17808819615597848, 0.12552163040413652, -0.48623213552247346, -0.46761335626626255, 0.09809341459470554, -1.820006339315679, -0.11690034466025379, -0.9892151331531388, 0.9450564670134178, 0.4541705838059636, 0.2341726883649027, 0.6342121915965824, -0.04078076305819655, -0.03286312091882974, -0.8308560310299866, -0.9493106455017148, -0.3260994372770915, 0.26927899064239724, -0.45324479389028, 0.39238067279153577, -0.3585711004644461, 0.951412013017161, -0.8497699266203971, 0.05524131850926407, 0.0385160405851537, -0.34296704810682666, 0.6586375160964947]","[-0.3768820856271756, -0.4972207789851873, -1.1202754595534168, -0.6414142358320926, -0.6098305023821706, 0.7887479969668462, -0.08155234390718002, 0.017262105847466767, -0.377373300689312, -0.050725140379735544, 0.6414700191432785, -0.08636585944677827, -0.5978268362393696, -0.35638859685813157, -0.14155105281306388, 0.6221491717540933, 0.06509955968326094, 0.0440486423833781, -0.23768564511794843, -0.8747933123931463, 0.811530862636154, 0.890555590964293, 1.0237633763841771, 0.004240200236405987, -0.15329654580424432, 0.14272650726323122, 0.07218362508771725, 0.13289039591276627, 0.3537298544252423, -0.00895547619699819, -0.10703375634310809, 0.0525740189115658, -0.5552152772746967, -0.2770512158762047, 0.9748948725760856, 0.3966420793626097, -0.207044600210937, 0.18863102082988895, 0.2713526661065941, -0.2750514835570461]"
"[3.665228606091133, 0.38395311402509114, -2.6906385882660175, 0.28656070624790725, -1.6663448233402067, -2.119363944348988, -0.770310566977314, -0.1794900744960782, -0.7061657813236815, -0.3621463593637461, 0.9728478596042699, -0.5349938482892824, 1.7327228865236695, -0.3934499455044614, -0.8796643165744563, -0.032262083026020655, 0.10075561891267126, 0.4102930083168715, -0.878880317358309, -0.11697224732458944, -0.010007265100581945, 0.12304291643788355, -0.7387745083526506, -0.6405698223626901, 0.07335525836770221, -0.5903823762337203, 0.019263694033824653, -0.12895675533835474, -0.1272298290557223, -0.5542662956633565, 0.5955599760076095, -0.1716448280849749, -0.07231137717326999, 0.30778609574891075, -0.25216112988606365, 0.6310345273511975, -0.08945653908879873, -0.3795841594210257, -0.4155637195056803, -1.0778253349857856]","[0.07234886505496159, 1.689030193745371, -0.35382241638058576, 1.1646735496906806, 0.3480952379002062, -1.4802417466413715, 1.1218985117757572, 0.09903508015375563, 0.17723329920897551, 0.2814262741085847, 1.5663075360328307, -0.7448911311571333, -0.11342010788974882, 0.4066843087559162, 0.15667236782759084, 0.22983956001395672, -0.432221043913135, -0.16812474274143668, 0.24484640419002188, 0.2282741168108203, 0.07386941663330172, 0.019091727243373543, -0.10602610434833554, 0.2709866508707033, 0.04587927157964627, 0.18012076936749816, 0.1583689097416745, 0.1735483487361653, -0.38678582013075974, 0.1818827955004119, -0.1964638181397482, 0.04930340877827244, -0.01333709755962891, -0.07469811196867542, -0.3262511271576134, -0.3828688393280189, 0.07189646633541309, -0.3268577491730887, -0.21248217997397725, 0.056729036431663285]"
"[-1.3557065133679165, 0.009713298782011503, -0.356272886220266, 0.293054956416356, 0.5750808030205431, -1.3556180604774992, 0.49540867143436473, 1.9778443428880803, -0.08638621183173723, 0.36334592002800964, -0.7413678548747373, 1.0155742346691417, -0.8323555468060239, 0.4600984671387232, -0.904313915590684, -0.8113349264942736, -0.5690430946576281, -0.1532276300292146, -0.030290233189842825, 0.3392511912257002, -0.19904264945731848, -1.7155166987639046, 0.05536879398986945, 1.027313033058247, 1.273218850509221, -0.36093103231369034, 0.20890164417886223, 1.3823807217493882, -0.017981612581749528, -0.134522888405903, 0.10754172495283312, -0.07371862537671627, -0.27974687946192384, 0.2819641897886861, 0.4045227402797364, -0.45641090147710106, 0.9071945352195395, 0.4158263487097484, 0.3250177048159142, 0.09827854618865338]","[0.2726261052233508, 0.3722476813992905, -0.19077753742539413, -1.4741324735019314, 1.2077869989163765, 0.7276138165379085, 0.802887849544635, -0.5357938177080979, -0.24915841519904747, 0.38716285701212944, -0.277895873294528, -0.1317685146253622, 0.47790843682461626, 0.3372360601266133, 0.16375666024510424, -0.09426954477515702, 0.2624648894934766, 0.6105851105454636, 0.003955023490918799, 0.13539506954825936, -0.0287264154586603, -0.321947177996161, -0.3129455466577035, -0.482340631136411, 0.3147808114345153, 0.43084654975146186, 0.34470830499598065, 0.08273946792270205, 0.1967170667963305, -0.10767333559214351, -0.11085925215291875, -0.047724886186852916, -0.20048023599788517, -0.11544746140789307, 0.22803740167399167, -0.1654617693628994, 0.008101536516778241, 0.32744013167147534, -0.054217217519608826, 0.00870857853986436]"
"[3.577651471746524, 0.2655036108208128, -2.007641731386455, 0.7085177576425556, 0.20558487426124428, 3.224630760202739, -0.7260289112185822, 0.06149263475983962, -0.38132090786451894, -0.16619459545196533, 0.16192668710685118, -0.174266498255558, -1.4284497257419178, -1.0372176789416683, 0.430954998239703, 0.5000851470074559, 0.42220732483458834, -0.17543567895943182, -0.13151768172357511, 0.5204563237574769, 0.26038134736223145, 0.19354281918706912, -0.5418735500371158, -0.36922279223209525, -0.16297231092263514, 0.5768727832656056, 0.07621332702404783, -0.5621550014110747, 0.1437012459720277, -0.7459198641059327, -0.4578912956130114, -0.032744660555505276, -0.9875558065440307, 0.6729279594448849, -0.06998772492521393, -0.027997527663977985, -0.3277085014110028, 0.3184684904733704, 0.18291076358729433, 0.5785967441691542]","[0.6653169583965592, 2.986058027946878, 0.5132500181232983, 0.8440584353162552, -0.1727845886194881, 1.0763362793420617, -0.5526965547425728, -0.24238179488992842, -1.316407948685502, 0.158384922616929, -0.7926735620727418, 0.15581770312897755, -0.6784967218633249, -0.007227102862337843, -0.2701441846286901, 0.3944097576259695, 0.6878237930855194, 0.7094637707000635, -0.26353627042092054, 0.28745731172836747, -0.23455704530270272, 0.024072946701861053, 0.027039192624103234, 0.27377557194693913, -0.006752144540751968, -0.08301551845675353, 0.23954837622494557, -0.12294619993898896, -0.3254148300876799, 0.3799437387496959, 0.39092552975108424, 0.09504671127041468, 0.08195289413380621, 0.45168654192404334, 0.02162944869002923, -0.42094225877426866, 0.16061872784996842, 0.019818813476898293, 0.30925123071602284, -0.060627884845401984]"
"[-0.3568346434338725, 1.1987762941484976, 0.19744214433977716, 0.8884657701728654, 0.103903765840345, -0.8836797702375006, -3.1671779889770155, 0.9594587111444806, 1.6787912697578327, -0.9699342074467576, -0.4809856747263145, -0.029894497431908685, 0.05053609011966093, 0.9973463533189058, 1.0672392698371362, 1.086601033343977, -1.2221627748863912, -1.332831944012555, -0.31920379346612615, -0.8389195242562706, -0.23754386700441235, 0.4117784887418413, -0.862626003984602, -0.2365518581299327, -0.07439762214953481, 1.0165828206358272, 0.7814221574803756, 1.1992704227022244, 1.0204139021755543, 1.214870040159491, -0.0756178725268282, 0.30097008547376547, 1.3665139821413486, 0.503654426924457, 0.41767827492304094, -0.2264957626076321, -1.5745480455549226, 0.4726614357160748, -0.0065107556241196, 0.12016870019398293]","[-0.4803237610922828, 1.3402459254130263, -0.5000401604272547, -0.34669689663975894, 1.5259422094810924, 0.4141241267518814, 0.3859658711942558, -0.26255689352058886, 0.2551811828212198, 0.7011495334073381, -0.12972908555240262, 0.8949853341973855, 0.5643697960376768, 0.32758436161393617, -0.3941392799263568, 0.3152798740724776, 0.8898428980301721, 0.7098618296561121, 0.6329641015495099, 0.6509865122810017, -0.06702488842984704, 0.3510722603540206, 0.42027662336135, -0.1748646520651764, 0.2272607340593448, 0.26804719839339636, 0.23869766164738185, 0.4019259238349257, -0.2690659729189072, -0.34420824766218217, -0.07116543619244009, -0.03426558021716688, 0.006216393264855595, 0.038120552644606405, -0.1556620550826513, -0.26431718152960737, 0.2644346525547493, -0.17272851727596517, -0.014341237185995401, -0.35186761255533366]"
"[0.31091257006351697, 0.4972225927019741, -1.4322741172440048, 1.139221088888473, 0.6904889109252852, -1.3821543975369914, 1.3777669675108375, -1.6771779633145067, 1.3544869539399347, -0.09475999038891249, 1.022570532598758, 0.2746308434203756, -2.363931253240443, 1.832752511066957, 0.159093526154387, 1.0623017121612686, 0.6632614377179616, -0.4493088911932548, 0.4499874067430031, -0.21631366537846972, 0.09179138729473989, 0.11377109719731154, 0.37453414882532166, 0.8399391660265364, -0.6972844012702167, 0.006579558404399462, 0.7743055186759732, 0.25656411174169697, -0.7461825671912383, -0.12971058583678577, -0.2161350231617048, -0.21070936752057265, -0.787403820644657, -0.887866858663247, -0.24551932404957935, 0.1827426369360897, -0.24236836790813798, 0.5358309684257365, 0.18697915563191095, -0.4484289887481507]","[-0.33132074160849484, 0.10359948931306659, -1.1425495773003778, -0.24612540681108253, -0.03455996842212707, -1.1974978959122464, -0.35525075034753906, 0.5751977113214691, -0.6192691449430097, -0.2117305086636453, -0.014598960900449336, 1.0505976601157714, 0.3112591780995387, 0.6261227676673501, 0.14179304946651713, -0.07102394380906239, 0.06581899161695481, 0.1675115223298418, 0.15695207404479614, -0.09048371150638534, 0.12756547103206567, -0.36104272208011884, 0.8918442420439597, -0.4258701827047383, 0.5986464722025578, 0.12186218847529814, 0.0383746346880982, -0.08660806133155127, 0.2732531827669855, -0.3136305731641477, 0.013270369479101323, 0.6166491898402204, -0.044081921788136226, -0.5185273844281527, -0.16615682342741345, -0.06624855610497346, -0.10673878432296646, -0.2482592516038393, 0.04814458226842379, -0.009211634369473958]"
"[3.9267596183438775, 1.7271703583600484, -0.011173076898030914, 0.2513033672568313, 0.7541999724764323, 2.559894001987907, -1.854148790479721, 0.2027977152041624, 1.019781233768671, -0.13716506631056516, -0.36944179669768656, -0.05186515689177894, -1.2258026516705618, -0.3175914589682082, -0.2611449016299288, 0.5688151777492685, 0.7970890414004137, -0.19899479432782258, -0.1945053523132115, -0.2895285274114827, -0.021995835403838173, -0.7912121620092598, 0.5911763468652833, -0.399053425783558, 0.8925050063168884, 0.30401471072003977, -0.027190167577389155, -0.11502387193473164, -0.12606224976183708, -0.7277321615662671, -0.7752883355944427, 0.5647702508248577, 0.15598282621294954, 0.04854568359224972, 0.09417146826023064, -0.9011795565243129, -0.6213243791565113, 0.8423446760885688, 0.4043799606207343, -0.9842990400587485]","[-1.0204038615440103, 3.1493991202374794, 0.5926059032190388, -0.15423270533346117, -0.31219142749174555, 2.1015465563570426, -0.41687220244364753, 0.6670241311331705, -0.7604542729603807, -0.31978659746683813, -0.3363782394380472, 0.9108474310733823, -0.28321636231437736, 0.07028542375324874, -0.5010659787549091, 0.38186239123006216, 0.17816781912435484, 0.23788270088594426, -0.1859260523691278, 0.33215164832672445, -0.05427495825539075, 0.6033081370330241, 0.1948163345550722, 0.3786793927008534, 0.08254949047052787, 0.683378041579814, 0.6637250063261959, 0.03196214931259372, -0.19355727340318388, 0.07678068702405472, 0.0027592598197112056, 0.29891787598433145, 0.004195014605414937, 0.20943555556228033, 0.44580729368551025, -0.32460905425887254, 0.6470530096177745, -0.10862149443494161, 0.11954468824042977, -0.027318083303712465]"
"[4.115820035568765, -1.1921062175646178, 0.08276073052555706, -0.7779548366831949, -0.8951565128509288, -1.3697587097659303, 0.27033615620930695, 0.21797872008736463, -0.7531350871825216, 1.623087122728548, 0.7808847735135082, -0.3620200573736444, 0.8000983267866982, 0.13811666993187907, 0.2822419489386701, 0.6000645045185203, 0.40534834206685844, -0.45116060346240344, 0.15494739930044055, -0.6055678927394873, -0.032161737858460424, 0.6076122547967389, -1.1408125679325258, -0.6919434557330298, -0.6029167077168157, -0.27816115094619254, -0.032123005505396214, 0.36768692145787296, 0.6356897975567031, -0.11291620665144005, -0.2379128778181487, 0.32402941316428424, -0.1278443682982189, 0.31330793644241434, -0.5715743770034508, -0.47700487694259974, -0.3542447876851241, -0.21328355482075198, -0.2578227390931756, -0.48910561818160353]","[-0.8233236452636226, 1.562757596777077, 0.12812937616902503, 1.2601290579609588, 0.912521612080783, -1.2441800203942572, 0.2163271271750905, 0.004355028341987005, 0.7107053336457608, 0.768733526830094, 0.462025967392138, -1.1454400952440988, 0.586197600632743, 0.7582368867285832, 1.1845490749955079, 0.32337852643830567, 0.043139347174242317, 0.5745111935187527, 0.14003983793826927, -0.05176836635344621, -0.27475948494239255, -0.32894858901777596, 0.1785027573767997, 0.422127836916444, -0.16163839974135177, -0.33475640871771073, -0.7718438689947531, -0.2504863685227157, -0.3886341413586068, 0.7294655283895348, -0.6949876378324223, 0.3503780673664082, -0.1355574331802916, 0.8901792404505814, 0.05075004040795503, 0.35319405630258927, -0.17231076256938857, 0.3311486480028345, 0.4061723760629937, -0.4534085010590563]"
"[-1.0378193952441457, -0.34070159132832556, -0.3673297572452992, 2.2779428341138903, 0.9366145911523133, -0.2614503968395964, 0.05461968464372378, 0.5933543461680719, 2.2283340925072506, -0.6543876288683833, -0.02952080998835936, 0.3401992426332746, 0.06418066220406657, 2.0655726553984723, 1.628915311966274, -0.2200255753626726, -0.20073504000430617, 0.582808137171481, 0.3970141118217949, 0.4848238152553829, -0.9997358513604666, -0.9054016617369206, 0.4230162234794657, 0.2717761558140356, -0.5536247364622536, -1.4656326699707665, 0.9571663377238578, -0.9515953492136631, -1.1411334851368395, -0.31319253666873303, 0.23761171902992498, -0.0883292051699434, -0.19060054599392123, 0.35714917406418617, -0.2578292281193196, -0.48856899834904, 0.08384801064913502, 0.011997305913429129, 0.6082608037494467, 0.3101559029818374]","[0.4295299169385276, 0.2860804548407358, -1.2033863798683169, -0.7759637203481706, 0.03983331364795635, 0.55480817798129, -0.9030986621329347, -0.9713914638658799, -0.0417793780165265, 0.22843146987418006, 0.5825427976437239, 0.8563360391133952, 0.6430561189026185, -0.2711679665922026, -0.03487041117347575, 0.4985559652546538, -0.6859499858583981, -0.7161014938261943, -0.37412420634411325, 0.0891124042787119, -0.4967662032719309, -0.5954332723041547, -0.5415351080260671, -0.1089458743481519, -0.3296174127722528, 0.6363942699627027, -0.09327816494874971, -0.4888496381710117, -0.12348566246017087, 0.226375042120001, -0.6335372197994187, 0.30848994541641206, -0.26695582415651026, -0.15225924817659514, -0.28182822415607417, 0.20348469171438513, -0.06974298553410217, -0.22549530756316796, -0.3555027349372435, -0.029929029603613225]"
"[-0.12614692710789274, 1.7642650260756296, 0.5849380084343238, -1.6268879428203842, -1.0202227334580154, 0.06887593471116454, 1.0190184747928481, 0.9090267353361359, -0.17985197544919707, 1.3607464253661807, 0.023054428611244474, 0.7524542541343536, 1.6461427329342768, 0.3888888968138153, -0.09630236129133671, 0.3894100043172489, -0.5437132289531836, -1.1703530569271978, -0.7652885628577496, 1.1241729660858069, -0.2613775358841093, 0.03357249061834921, 0.6271208030350396, 1.695829268094999, 0.8382523296632226, 0.40670263917947475, -0.376821052845681, 0.0664461246548329, 0.4279939026337602, 0.1772507199764997, 0.5833401233618662, 0.0262941622630309, -0.1763815383405907, -0.3096369217426293, 0.010045273523559843, -0.20045730688620753, 0.3075106303290446, -0.9213975771214742, 0.19083777520354234, -0.2813526895900174]","[0.4651376719451313, -0.2810155679895115, -0.1209463236884976, 0.25257798320545255, -1.2035706890081208, -0.8512976502122177, 1.6738895573913963, -0.7869643654089221, 0.023370363172720385, -0.42944512551407915, 0.42027596845558374, 0.26146959594129104, -0.040244421234698964, -0.13506605490330856, 0.46869516660854144, 0.11596253197746854, -0.30178143960547277, -0.2645312123618357, -0.07220174083194195, -0.3877020266203291, 0.6347237357924479, 0.39291516414738836, -0.4404103580589952, 0.11227927003891591, 0.596797405956964, 0.5288885965110823, 0.12020635861145697, -0.0956421453752454, 0.23171683056143846, -0.11110115551960002, 0.08849904120399377, 0.21795517220307, 0.12265559403193273, -0.07375727311189227, 0.20872393031534228, 0.11073751653897845, -0.06420442399221613, -0.2695997797228501, 0.20097904483445475, 0.050227281496418565]"
"[2.17937586477719, -2.2868034409114126, -1.3029951004823241, 1.21555317416489, -0.8904436860175265, -1.0227455586592913, 0.6383782079894812, -2.6351082240397092, 0.74912236976596, 0.9354304458528111, 1.1556727097981232, -0.636749815156126, -0.1022914507119348, -0.00701637628747022, 0.9956378099638362, -0.6756789466475374, -0.1428743814567945, -0.9736296113304166, 1.443818625721858, -1.0999787205582492, -1.058634698830749, -0.08499662753035103, 0.3897780503323525, -0.850583736780663, -0.665018201087509, 0.05483391121791828, 0.2504292948383926, -0.04976631728325347, -0.6403477140631678, -0.5892192585645577, -0.6554711245001501, -0.5160458543938943, 0.49801210935434564, -0.2524961783175531, 0.6007555800391233, -0.1878754692415331, -0.37863716909900635, -0.22705448481075644, 1.1027374109642958, -0.08706707002739526]","[-0.02274562606982123, 0.5140530426311631, -0.49244326952633105, 1.1385357511704064, 1.105980642637124, -1.4980946471332113, 0.06535644877001301, 0.21602508437428453, 0.11809541268224015, -0.1824481752089049, -0.9295527762607182, 0.40795174284606245, -0.46218662413277534, 0.9943677860513837, -0.20145942148167825, -0.8665075941920273, -0.18800987773689468, -0.42673659605960984, 0.3487592274611437, -0.4210758464558985, 0.8803804419747379, -0.2557201346653477, 0.6255381814817014, 0.3298201352720027, 0.21330793831342645, 0.5402972693271647, -0.23840964437124862, -0.4631586455697899, -0.23270419028978534, -0.5992051024013582, -0.4554264380265386, 0.005474977283490457, -0.25167533946568194, -0.03573161175968663, 0.5400222505093396, -0.15248738680447363, -0.23192656347585727, 0.23198943793009427, 0.7229356198343194, 0.07512353043909889]"
"[-2.5399192790870813, 1.6099379921461467, 2.1967551027417347, 1.2022153124829402, -1.3874711947673952, 0.3039471118433324, 1.1511627959549413, 2.606781248844194, -2.1492951070144937, 0.8138459547910996, 1.8786250870407986, -0.25733830846892003, -0.2681609525725082, -0.5713204743837833, -0.1479022599869738, 1.9944680165281061, 0.39506493044671126, -0.7378498091841146, 1.0479043982586227, 0.24757856716551793, 2.2223398939831407, 0.4366513050486215, 0.5794756440148165, -0.9846466807673129, -1.3736454208853397, -0.9638932019322075, 0.21943699230656807, -0.5841312746899805, -0.6720953090314569, 0.10063971358025318, -0.11766651777837527, 0.04877514029336441, -0.7667829773640478, -0.7395600262565836, -0.174081970389327, 0.1770685846703889, -0.48513479486562416, -0.2584197714848126, 0.8762602642868521, 0.023320320643342083]","[1.7150070289602526, -0.709691702982751, -0.390223013973947, -1.082893360297122, -0.6548601455438702, 0.08752331251460287, -0.25451289840768027, -0.6792534563425326, 0.3339815797840215, -0.67321124526284, -0.13036277037127667, -1.1835834386149213, -0.4354909917465823, -0.680296497680645, 1.2649237527229318, -0.5342495780189352, 0.3388473392053437, 0.05355962700926093, 0.5243542206897975, 1.3576057002449555, 0.3532018038927376, -0.7802654706431082, 0.027948991728917013, 0.2387257287411941, 0.08463067642646988, -0.6579129212528643, 0.56905553840203, 0.10304615623326056, -0.6303394962826366, -0.5643613303533059, 0.14341566816273693, 0.05396929148348724, -0.28270552368953844, 0.4585902557773628, -0.31656929133044776, 0.4610841469751437, 0.09809131434540716, 0.04476604777258214, -0.22042875030776085, -0.0725946922288004]"
"[-0.6130611891249038, 0.4564925456306863, -0.6665329369216242, 0.6533692665411657, -3.3913228279056913, -0.5067650653463195, 0.4614551809622225, -0.06396154727822091, -0.34133181297281456, -0.33737014795360176, 0.755525972210873, 0.5250755479751674, -0.26229230347873717, 0.46548782947733647, 0.37681533460213096, 0.843406407095781, -0.5876600154060213, 0.42767456288437905, 0.5201338055871045, 1.0370096456810445, 1.3466080682933836, 0.8145347614847285, 0.25591573786140565, -0.8513908712736734, -0.15230972141745108, 0.3274943072480621, -0.3531791805287783, -0.3167475976365754, -0.3044973383607041, -0.517623777399762, 1.147561513407387, -0.4336436852270601, -0.5785199744015904, 0.31461339286092327, 0.24232986351141592, -0.5248763145394552, 0.8853148045440514, 0.43332722373393395, 0.25260698046414304, -0.16045752471650068]","[0.1164459564143353, -0.4420898793018709, -1.5723723463574124, -0.07408748871297936, -1.1375107656331596, 0.24007332767967163, -0.04297503856676922, -0.5900081250862502, -0.059688479798800737, 0.13318033802448426, -0.22233448632788302, -0.614314930808881, 0.5940379729508166, -1.0999484191434379, -0.10181338536541276, 0.02876557005124762, 0.03268207593567323, -0.28951029554356006, 0.8723849381694538, 0.28441543823116644, -0.34404920840993947, -0.31013984948329976, 0.05134997194619499, 0.04940929725903339, 0.5450725862809138, -0.2752234375268062, 0.4973914766249152, -0.039215806494958115, -0.34898261671826913, -0.0039865824008705674, 0.060238195220817393, -0.4263044381700805, -0.1667812834409079, 0.5259738324296636, -0.03002653023583495, 0.002277576085633656, 0.1546243398035856, -0.11974256941209595, -0.31574290232292374, -0.09901749436357082]"
"[-2.1840146191137544, 1.4744584930373559, 0.9848659886477379, 1.558453951016737, -3.3916057308150345, 0.7495160248932373, 0.05282102824801371, 1.0494235767877402, -1.519186349938917, 0.4058448263427375, 0.6001169543401351, -0.6000125323001082, 0.15299851077211696, 0.026531217431746957, 0.6763600587495527, 0.9710518537368626, 0.35814324942419895, 0.4386980563328943, 0.6939223282486915, -0.12891307102051067, 1.7239310437814297, 0.6522651333708974, 0.3034262599796568, -0.7171214631206402, -1.5450957635018454, -1.3892141591565434, -0.7784207021097779, 0.3430933594297627, -0.7674139371666081, 0.35755445832958754, 1.228665172671976, 0.4320966654640807, -0.7584660079442955, -0.27171329763302493, -0.2996152336610898, -0.2896377633250011, 0.6531656888043625, -0.1707741497683977, 0.5674038723550417, -0.6252538334121238]","[2.087603980219418, -0.4533826844814111, -0.5806454838714884, -0.6123383801306249, -1.2903073225264972, 0.22346220058496627, 0.435172087394624, -1.4881678340957192, 0.9961353822118693, 0.257248559189494, -0.5895991424214838, -0.7366186090134308, 0.47042786174601603, -0.9567594176660528, 1.0575214261245065, -0.4324393825547587, 0.3164781822478589, -0.3768257973877628, 0.5421089439705455, 0.44959045584863555, -0.10643691970747071, 0.20160565085874427, 0.17404546421113434, 0.4131292112682722, 0.18614613294902857, -0.21422523407185273, 0.2812023357073852, -0.049453345778692884, -0.6372963091049982, -0.42715307214919984, -0.1695399143122402, -0.27539656315809175, -0.03533322556548106, 0.0031283103092343834, 0.04142949763073055, 0.15497873008843888, 0.08592119914548589, -0.11419304930519109, -0.32031782380857043, 0.13703055659640054]"
"[0.9094001262461896, 1.0247550628853823, 0.027589125139509067, 1.1243004303459847, 1.1741507421109194, -1.05852346199239, 0.5544311256152278, -2.527614065746061, -1.475066907431703, -0.4556221155589154, 0.3353493422950132, -0.40882316480615694, 0.6523235268217257, 0.8695596956363209, -0.2502526186510812, 2.1497486229458986, 0.9158781573370645, 0.6833009256515706, -1.3865209819319055, 0.7340093464226389, 0.20485087163465054, -0.13983571096792813, 0.4166272123331277, -0.2024698542178292, 0.1560482488421279, -1.314316911744777, -0.6840017002218571, -0.5155611650082956, 0.44890633602645796, -0.760270804498695, 0.06129147433470556, -0.7946269262360234, -0.10927571103204735, 0.010266139054195933, 0.28156675220501687, 0.21844415580067814, -0.050374331840015225, 0.245023369356207, -1.0923295225567204, -0.6086224988625554]","[-0.5153553786020473, 0.8835508483377406, -1.0858366770432462, -0.7454333664876215, -0.7858842576886037, -0.3717200837174589, 0.04011468926091532, 0.9486093117301747, 0.9768385766455125, 0.5077529537990583, 1.2432424431764297, 0.45912613414691267, -0.16320956650173657, -0.45897314867659544, -1.4952133819111963, -0.9650038850088092, -0.25928924244322005, 0.438017154745957, 0.2965360548443764, -0.8957532756876446, 0.8863102046926572, -0.6495786715550729, -0.12301382038015346, 0.45145804100158654, 0.09082589493227837, -0.48112077829001126, -0.3787703235334822, -0.4062940022007827, 0.14748369523235874, -0.08429246904310983, -0.05348197146716543, -0.25721964660364843, -0.0312645016321593, 0.21555498191274472, -0.2613925967980157, -0.5076615794432983, 0.04073013212554191, 0.8279260698744989, 0.13051790358811483, 0.027607730912471217]"
"[-2.217558602808129, 1.2244104347846236, 1.4586828587130978, 0.6521407043717035, -2.676538476453816, 0.3907953058324923, 0.4512118715145091, 0.3036832882882361, -1.373495149651415, 0.8211363264884343, 1.7172067896032248, 0.5326661153425144, -0.0014148522667488893, -0.876614591896473, 0.01309955603591452, 1.2258221786636898, 0.8382481332453914, -0.7335228402098655, 1.0281854851052057, 0.027791714595422193, 1.1069529806862632, -0.10709592786585152, -0.6354917585353316, -0.8843740121185156, -0.08104989068752849, -0.41544205701799525, -0.3479166820456208, -0.18888003904192732, -0.3959033092572735, 0.23253619559107835, -1.3676397155312647, 0.2190523003815681, -1.3738238885117113, -0.6220841413249605, 0.21039948613075432, -0.512884656813744, -1.18518076227843, -0.539094307356232, 0.2754315446221082, 0.7244638237523785]","[-1.3252058509955502, -0.6038846758609266, -1.3131446082599019, -1.2635285866902919, -0.7676552729905161, -0.1698895930044405, 0.06372234869673014, -0.0022437235890520654, -0.14951274001369222, 0.04228359501389581, -0.43951242185226064, -0.3465871618367908, -0.7219746578153441, -0.3379950094334347, 0.9379053488024967, -0.21390030276695152, 0.6408617303698008, -0.2511291034914788, -0.47223616432833704, 0.5260581106662108, -0.30962034640946656, -0.5931535889824258, 0.10097595579094483, 0.41512608255215916, 0.3276291499890445, -0.2612936929791788, 0.4332629392521716, 0.13801053073057634, -0.6031213602416492, -0.05226682436406938, 0.21011500239296246, 0.09002316687007568, -0.07864689254591786, 0.5451500842371341, 0.2840385368357689, 0.30482986243109644, 0.203471562942393, 0.38822855738943074, 0.1666830796091257, 0.23596331619655025]"
"[-0.37563987237134805, -0.0573475673701526, 1.6947330731778367, 1.7660221765543949, 0.3340253780752866, 0.3594723106754477, 2.271371012471728, 0.465137257256064, -1.0528788760847902, -2.6955234083901387, -0.5309436649143023, -0.4265839881039143, 0.5057702345987002, -1.0539381738667037, -0.8466315694505758, 1.7694069599390538, 1.3965599483502271, 1.3709996480089062, -0.5843626413830011, -1.2113772038500479, 0.0037492369800593076, -0.38347582571708483, 0.16507781620639456, 0.015357423555912715, -0.859808654388386, 1.4069116620211148, -0.13890264264333274, -1.0517431429468178, -0.9737076802681829, 1.8401173932192616, -0.21245228439313402, -0.6220587085105366, -0.1752535339651158, -0.3075790834579835, 0.5982358759658141, 0.16001425581448842, -0.3183632842289749, 0.5967487733974121, -0.04413375517373291, -1.1101274961281138]","[0.6640640651756231, 0.35921919420962506, -0.6182732757853462, -0.1912730932321452, 0.3374724565804525, 0.17943379270195792, -0.4386904605732664, 0.40734327354477623, -0.29985159848565635, -0.45869937441902897, 0.2115745719649901, -0.008365495546991192, 0.12286188623176089, -0.8513239115503279, 0.2910598168473857, -0.09219979824328622, 0.34999831606434345, 0.4940603618351666, -0.63933533943162, 0.39828116736141356, -0.45294818056495106, 0.4804939149334878, 0.039446030211146885, -0.16968389813120702, 0.005958896739282678, 0.017748706867248644, -0.4742608881777393, -0.14663400404565904, 0.44607411816811715, -0.05424964828698788, 0.10728130960588189, -0.1937774055790946, -0.07652618605923622, 0.7176893030213594, -0.8805154941524629, 0.013250551166833753, -0.5006925980386544, 0.04900039653303392, 0.23777336587587364, 0.46361632287691606]"
"[3.020801410616271, -2.150627851317612, 1.586223666339027, -0.1804220521128436, 0.34547757133058804, -0.4014178473130632, 2.60334570269236, 0.3446687190026453, 1.995868775064152, 0.386546177155402, 0.3435613590112951, -0.8586748147294297, -0.5201112955037359, -1.0639075677385592, -0.2823198854381955, 1.0761536775207887, 0.17516247327551818, 0.3852316983593199, 0.6175704403748591, -0.6921589309979582, -1.334518803731953, 0.2425715944197892, 0.12406109505789978, -0.2687448236934281, -0.8233276083405582, -1.085424171948828, -0.4444576473757813, -0.4938934168173956, 0.9560433083785654, -0.6411172108217676, -0.046008186057954675, 0.9907569004660424, 0.5986687053777582, 0.2041892956600896, -0.20204783259265605, -0.7564829657041047, -0.43483631611696016, -0.34336173699813993, -0.45664310562592886, 1.397046049980237]","[-2.058251977593387, -0.5187692531243722, -0.4733226575749779, 0.46725570084192314, 1.4693856325560906, 0.33605621761177346, 0.5448007625883303, 0.33002702660648964, 0.38984246707660414, -1.0635229591670912, -0.17157188174411628, 0.49854096251254787, -0.22658844797176128, -0.3086090293090275, -0.2303966368442355, 0.06452151467233357, -0.4746551142750534, -0.09559935208464272, -0.29610035428534826, 0.1027308399264023, 0.8391310594475835, 0.19740476705267207, -0.31150359557233387, 0.49166738440132857, -0.3836421730581121, -0.07495754842935261, 0.3451214714732076, -1.0731059272976038, -0.2835181605681451, 0.48157309711800106, -0.09887472302607686, -0.4031930393514868, 0.8570402263418975, 0.3334943476493727, -0.15504690436466861, 0.2565608959482076, -0.8468525170385997, -0.10730220303187493, 0.284054131075062, 0.018301645565752544]"
"[2.814922137884372, 0.17974654642576268, -0.5835670660144282, 0.467625265374954, 0.5423462405759795, -1.2015502545743788, 0.40431978021538467, -0.1078163673725164, -0.40862106621185146, 1.5278728045460335, 0.9149440145542601, 0.6658045711047225, 0.8348008103911122, 1.3868129453236724, -0.6896845584732804, -0.14115082180187966, -0.2164385342130451, 0.1419690599415992, 0.30643440179824954, 0.7179065265563093, 0.0578002043035004, -0.12875564926565286, -1.2031742847297686, -0.20114988863001984, 0.05868253925070836, -0.34417960179182905, 1.2200990669319491, 0.4008483609104729, -0.2865583581089432, 1.0299474113556513, 0.3909741645250561, 0.36216669148890424, 0.4343758433996375, -0.49362277503987817, -0.2305175749557276, 0.10977813758260363, 0.10247013229593208, -0.3119880666078803, 0.3339494419824927, -0.8937447295311645]","[0.6163306834569785, 1.610962780063873, 0.17236023194049632, 0.5968172060239294, 0.01625375189895762, -1.9339752304218167, 0.6252364880544383, 0.3637468547603983, -0.09974500916158935, 0.14506105480953857, 1.2592467006751935, -0.0542051101749779, 0.2782039853794569, 0.8068100092429134, 0.2681578558854878, 0.9045309484725759, -0.21396450288573632, 0.2766419273808383, 0.1858441361928861, 0.08098327338130641, -0.11263766825217443, -0.0571894445653583, 0.3369219611285833, -0.20285994384152442, -0.07487296094363569, 0.11057805010684209, -0.29615654830432153, 0.2606132160293579, -0.4727157292440236, -0.10058742436946026, -0.16004916514686288, -0.023095382272515824, -0.027855389464698548, 0.29521081045260045, -0.09705836677331194, -0.09750353861452604, 0.11161952343235204, -0.2092984847603554, -0.05970099929571277, -0.2314974696944509]"
"[0.4724093317511299, 2.9214099076325235, 2.7705552822270825, -1.0162905182771678, 1.0616430493909788, -0.04752199558615667, 1.117249269317855, 0.11164292702877968, -0.20959230613566218, 2.0574095663943166, -0.9091607587021681, -0.17088559436620085, -1.596287700406643, 0.7189425248350727, 0.6523844357560724, -0.6611026346406041, 1.0436516373621265, 1.0558429051564482, -0.7072671032128152, -0.3389717364930203, 0.09062342652339683, 1.578546311536982, 0.310512633631331, -0.6318007038312352, 0.39362108716250904, 0.27368281499618163, 0.03789878757833137, -1.5375125167601005, -0.29836400497385435, -0.26082265066501586, -0.9299527582337891, 1.071401178664788, 1.6600997267134867, 0.17921756263534475, -1.0257845718088832, -0.05968218190294453, 0.03999654607770327, -0.46186069574273203, 0.5381943845852416, 0.5844702646290816]","[0.9367928357718633, 0.7394452812377528, 1.6286725835016154, -1.431449625018024, 0.0006309334511200957, 0.3534208932658499, -1.3897218409459233, -1.458302520003471, 0.5275002323003609, -0.4283271972436176, 0.4987282896388473, 0.42692350562382103, -0.6198951328699198, 0.05277063176826989, -0.5823462335567429, 0.8181152705629439, 0.6636744827443047, -0.2123135934589633, -0.32191943805075846, 0.3513473321103938, 0.3212017748545063, 0.0714707358926447, 0.16759521943751457, 0.019109840362209564, 0.22971242534726877, -0.5623906162425988, -0.14338734226304675, -0.37729657925405474, 0.01010457213851961, 0.349273517361972, -0.40382241098725424, 0.24489239671613108, -0.1347224906310356, 0.1650529228845575, 0.246215143112991, -0.2985157463590487, 0.31018368965447335, -0.03497187706583352, -0.6616383514527688, 0.5494870077850552]"
"[0.3029632120548148, -2.4469264767639194, 1.118152127839972, -2.1339580140021983, -1.30578752607118, 0.8536255803975377, -0.06561939110422381, -0.7483073942439451, -1.109236455349578, -0.21519011431806184, 1.1460045214605026, -2.665505385472075, -0.7395970172803106, 0.31091621608709746, 0.9985660320032594, 0.28933924353798957, -0.88852900781522, -0.21738023976835383, 0.18500957087363765, -0.8466295006390393, 0.09743687897909267, -0.23660425495928694, 0.07214651899452487, -1.268792324379452, 0.1339005404925415, -0.7805072312326736, -0.21010684054684348, 0.4588555243637632, -1.226548357489935, 0.12090926823356334, 0.16000686290321398, 0.08468445586139445, 0.7123921465925699, -0.05973205175302477, 1.1825037711755257, -0.6491461047395042, -0.5026878725489776, 0.7000507490336766, -0.8165192675599792, 0.49904621603546023]","[-1.1274286036928345, -0.9045694220183795, -0.37299159394612946, 1.5870759226453595, 0.43200481620617964, 0.81248263707493, -0.08376100878978589, 0.1407891853562804, 1.5750527182805283, -1.108368732332778, -0.44262286187758954, -0.011388847710114279, 0.600874566105192, -0.14173333639717728, 0.08459076566821941, 0.04753441994717, 1.3039489442878087, -0.023339674995503736, 0.24524964154285445, 0.00901759028480664, -0.039207946928169736, -0.5331314813981777, 0.060663881405782515, -0.9857383535258089, -0.11438415934749874, -0.3087746462130683, 0.5189892072894844, -0.2313164124456916, 0.7622329283330771, 0.31667514918422296, 0.24638569817384817, -0.5152339838399302, -0.24235607458303976, 0.0878706253756631, 0.15658578963479708, -0.23012642159035024, -0.3587686199252561, 0.44765250814159924, 0.2159902324153737, 0.28869002834919316]"
"[1.5012969770998668, 0.00772611690979238, -0.9272250902262041, 0.13696342526885324, 0.1542123684579476, -0.8589091668836857, 0.9535890891128315, -1.1441487628588587, -1.2806391091063212, 0.155992398392721, -0.5448675854232287, 1.6578489489605532, 1.352452685448276, 0.3484180019788947, -0.23275797926426892, 1.139297984423105, -1.2361007177484178, 0.5220948356934509, -0.9245534461987397, -0.18160745284178545, -0.29594137373655527, 0.2504059775453905, -0.09519319539725767, 0.5305054688170789, 1.2497481640281158, -0.5131359264760793, -0.5729625428380746, 0.3299993817484967, 0.3019521232538072, -0.544382089062286, 1.484393437929722, -0.8038243245913247, 0.4982450886789119, 0.7519873545174179, -0.1700656596358853, 0.4780632936851977, 0.2847640432186798, 0.5255479428202744, 0.22121064881632227, 0.7743138089237944]","[-0.2804737299181733, 1.9170971635165892, -0.81710544292735, 0.0885123056266034, 0.3652165309565097, -0.2676017780754341, 1.2419223329228846, 0.5623147901540215, -0.08495021380558752, 0.7525236629025169, 1.5134971281140033, -0.546230670029691, -0.44150490865319514, 0.5974802179636228, -0.4989520176223796, -0.06288448021778931, 0.1270735509857074, -0.178394291097172, 0.4838743441437722, 0.3510766563177944, -0.0600796667315277, 0.07140664459141365, -0.3421820208441872, 0.6441339039932268, -0.6954775665697929, -0.065705350211261, 0.10644450986262347, -0.6412269460159409, 0.041899834879059315, 0.13432308808969348, 0.24306590876117828, -0.36141630680800263, 0.15248273642109422, 0.005656036531684375, -0.41593064512370215, -0.25242457227025844, -0.02008504447181641, -0.07835949729200048, -0.14618733223293787, 0.04349943410817272]"
"[-1.5886502308996755, -1.0748503687352948, -1.064217040932041, 0.9034189998392831, -0.6596374842133278, 0.8263565070264108, -0.7650076936747155, -1.8911521188504874, 0.9002929336438052, -1.1606519408009532, 0.5272301749741733, 0.5147472995715774, 1.5695016569398121, -0.9315346382175046, 0.3213168943171967, -0.657003863521696, -0.06557450403667076, 0.42543154877541944, 0.12474302356508374, -1.4008383397251079, -0.49862030827664156, -0.2884571358220855, -0.5187593092617455, 0.19345309400673777, -1.093860988209103, 0.3700365755044607, -0.6142264007961369, -1.2005362959266748, -0.5889735277918527, 1.6363845079746926, -0.2394146870001532, 0.18029634650730114, 1.8047624272959952, 0.8934331535741954, -0.7816309228435436, -0.9882739677934897, 1.1373435316445841, 0.43306871500231897, 0.5324150916177719, 0.39888875194337065]","[0.40371142192039566, -0.7028249918700864, -1.0954529237483064, 0.02800111857404525, -0.5247768096934117, 0.018281343156519407, 0.4547424795517923, 0.5049555695373422, -0.858071379962866, 0.3941266813628565, -0.11572517821966674, 0.15355304018174448, -0.3891118695118673, -0.17865322974895909, -0.5725487194396379, 0.6433669471856601, -0.7229253379356223, -0.21986537817623003, -0.028712239334631618, -0.05532745581019248, 0.5306266768531539, -0.2548932325941719, -0.01441442667332122, -0.4271056792545578, 0.08556139900106427, -0.547829225561946, -0.3350194081801337, -0.504653081248541, -0.48951337453214117, -0.22755584411056898, -0.8003365384888429, 0.4261522225132344, -0.05103247957163529, 0.10648344182132524, -0.31896169703199195, -0.0916613027461143, -0.4769137253438771, 0.335738691832707, -0.013505217568634017, -0.13073283992237061]"
"[1.0486028632399997, -2.315737103205307, -1.3082938110259708, -1.634538899650329, 0.932999908367785, 0.693171889563647, 2.4483030064943723, 1.66848859079311, 1.6170564512459136, 1.5303202329105798, -0.551328135507646, -0.7465162915007192, 1.1438575410809801, -1.5457022188146727, -0.5342679017432328, 0.594809720057462, 0.49381052676511933, -0.18813788477306195, -0.01718099040347879, -0.4553195460031055, -0.3755363084751331, 0.6955327295241098, -0.5803945776056123, 0.06707984109714292, 1.1791633307144547, 0.014365715075929953, 0.9816930914848037, -0.009616702478211805, -0.2692700739605434, -0.024489913590035377, 0.4105455503571935, -0.30497584681924483, -0.3044320418305723, -0.007664831405058494, -0.18821221288470427, 0.31567604950508593, 1.1291017194250126, 1.2262699467610128, -0.39484115319143653, 0.07976302882069321]","[-1.2920160976649095, 0.4941972334349035, -0.32705180477586576, 0.6600701235245646, 0.5634879725746891, -0.31790019194712565, 0.47675533522292524, -0.24342082263770648, -0.28527743312187664, -1.2056808793800142, -0.24275277259170316, -0.17509435076310828, -0.8308458791719732, 0.33756306038681333, -0.07897582761515834, -0.6250478524059262, -0.5518495125036936, 0.4118694587408571, -0.060959830449675866, -0.633902517892388, -0.046599587979613284, -0.2916265163442048, -1.5386424727649268, 0.260441078107563, -0.9778239208093291, 1.204324158119056, 0.6014499618070175, -0.9067265889684228, -0.06400525372171685, -0.4016087427796635, -0.6736646345006739, -0.44924986294677344, -0.6462629885710546, -0.2234131644849289, 0.394181671354081, 0.06385878016990129, -0.23247243667761397, -0.5867139663748583, -0.6403281661218587, 0.7806343776726072]"
"[-1.0110728023162487, 2.4483278357056584, -0.09904742478937587, -1.0645114103902875, 1.4872055211318345, -0.19070165867990968, 0.05827974742392477, 0.40765855262266676, 1.1719524856717436, 0.5705643268637519, -0.00812089831767568, 1.1035662113101625, 0.672736287250499, 1.0753131679112626, 0.5307183726485523, -0.039226644179798605, -0.9608995008025168, 0.13064357133689625, -1.5244626590790435, -1.017278265126716, -0.5622776021131846, 0.7929163525760251, -1.1000873872695123, 0.3409810367084379, 0.5874997843347093, -0.1112854007491394, 1.1839327156110917, 0.1318122335255968, -0.054929575364438224, -0.36661988959135644, -0.47387441725854523, 0.7540370819168818, 0.02183862971036601, -0.493116162126767, 0.4338330983006862, -1.1988863686031412, -0.11511581763134263, 0.354540460989167, 0.6065611082021825, -0.4615504353688724]","[-0.17405163629021703, 0.407444574389984, -1.2545277053430688, -0.2893886692673734, -0.20253291146828323, -1.3075400621069286, 0.47203542644925517, 1.1057823213671296, -0.218005132961721, 0.9528194408127536, 0.704051521698646, -0.19624498589912656, 0.13427227948814083, 0.3259137492716654, 0.09767838646119162, 0.7618997314251419, 0.15520990140708052, 0.08866842138060868, -0.5127463919036527, 0.03873830849698898, 0.42962017448590917, -0.2324995304292406, -0.16194958112164712, -0.17410044013897077, 0.027734731453608646, 0.8578963535834386, 0.20160672125011025, -0.7541778034932636, -0.39187669314784557, -0.10905245250525808, 0.17090516892470184, -0.1211395990588342, -0.1967973757765429, -0.18596061975517417, -0.120348394322828, 0.0535453207994667, 0.007333801249588976, 0.05533619387094341, 0.06346235900348819, 0.2741618093735598]"
"[-2.7553390586737927, 0.27554570860663186, -1.960377567936546, -1.1093010874329092, 0.47286394126525183, 1.0938544852110976, 1.762245384069205, -0.01914598316268865, 1.18382854171038, 0.0801256486965093, -0.16173847388735527, -1.3503383129055562, -0.11565504273952475, 0.020215509673601317, -0.8840417408332548, 1.1935531721527262, 0.4937801490136484, 0.0012244073227330756, -0.6102516721256109, 0.0652763835040897, 0.49067811547761936, 0.9374675670127782, 0.2698226753222218, 1.724877196807354, 0.0786582683600935, 0.6579093522223426, 0.3381041804051561, 0.3742259802075832, 1.7229816827665823, 0.12650959053495672, 0.006359061841996299, -0.11995008048379116, -0.17066673438785654, -0.27515818306642226, -0.6638540701375661, -0.4905857314012479, -0.55449288466638, 0.9390562115926738, 0.1004875889524017, 0.16033079409776366]","[-0.488780015707715, -1.3725468555691045, -1.325348173648245, -0.021635038494359115, -0.19493033682479288, 1.0846132860096445, 0.3176171634647081, 0.6227180508809365, 0.2142399034990371, 0.10398658826377032, 0.5043073328143806, -0.49955553999627156, 0.02499647561673424, 1.035620697525391, -0.5159171005790726, -0.7393642599855905, -0.06789913636771192, -0.6259867399982922, -0.16347878344973404, 0.17078025647539655, 0.05202233291040127, 1.2116363767181186, 0.1696479766070811, -0.17458209263430802, -0.15961459095559333, -0.4859291718143922, -0.18337027431783917, 0.7076111382169001, -0.506728582919186, 0.03749960066998212, -0.29704701653510956, 0.5850698326045558, 0.6525946708974316, 0.3753906247532374, -0.8344421274728047, 0.22691693129413673, -0.08548537843146227, 0.023182857656227972, -0.50808032987088, 0.027087967900095742]"
"[-1.8413256338879098, -0.45394867126606925, -2.72724435738168, 0.5822505675272436, -0.612022728213449, 0.31165085623602073, -0.8956757718343878, -1.2951096162535214, -0.520141024511155, 0.41614482902849975, -0.6629164815124884, -0.31083286976022134, 0.7988978889385597, 1.8725119394416978, 1.3718603513513317, 0.6495555596346204, -0.30084842762124886, 0.5466644154117392, 0.7687435577252646, 0.8072455808843889, -0.946567640561575, -1.4902652623317714, 0.06806228754185, -1.2575299290944315, -1.6106313954089655, 0.38058206103179504, 1.213308872751592, -0.8269672886543513, 0.08810316846519617, 0.24687097954639084, -1.2367879619088697, 0.5513146043613775, -0.27620457678002847, -0.08325827864058769, -0.04069989583277982, 0.7037774287847118, -0.5379449956201565, -0.35206360983465873, 0.6065195796114653, -0.08035257798745828]","[-1.8425069827720457, -1.0287446191359086, 0.3163501005716063, -0.16033256404625257, -1.306124353637812, -0.26082361200206494, -1.7647842000920282, -0.2780317864097793, -0.6061649359387465, 1.2030451644485194, 0.20718047832453373, 0.04480927366241891, 0.7529221167464478, 0.16638459192508107, -0.028477152191424788, -0.411670573680641, -0.09649084395111343, 0.2593915009492555, -0.03466607577384935, -0.15448973954085557, -0.5316502760932666, -0.6514114719848404, -0.33784281372463476, 0.4761262241372041, -0.6990172596781693, 0.24935903139316978, -0.5192730941697072, 0.25360283065976197, -0.13240847645131815, 0.18915217985922447, -0.41603485556101605, 0.2318921534540379, 0.0740571302051203, -0.04689940424706041, -0.11841933145585834, -0.11476890335120597, -0.1934967961862386, -0.47857537064344363, 0.19866132627442282, -0.04752987736678036]"
"[-2.6173060904963443, 0.8482289963206808, 0.21891304601646883, -0.506908578293205, 2.985396714745945, -0.007646249578448149, -0.2089761893131297, 1.2895128100275361, 1.1322812852043376, 0.8615932338606379, 0.9304610111285723, 0.8730937412155817, 0.2792082800147275, -1.2713183619557162, -0.3141290332632531, 1.0985592297554996, 1.2767709282424857, 0.18524107235746903, 0.9440522840744712, 0.19699452765330383, -0.26283920515488773, 0.3713598206466336, -1.8168705371278215, -1.8922358097344891, -0.4596586606995071, -0.08662332952587778, -0.04015631919413986, 0.008837216680239856, 0.45464249399095213, -1.6131525047578112, -0.7125159302817692, 0.1654595624291544, -0.23164029970126562, 0.5488939783676308, -0.29066165795738375, 0.1471318936087925, 0.5077987524473319, 0.0886348160079967, -0.04869086118283253, 0.8086858454503588]","[1.1711407998635788, -0.5320534568700651, -0.024381874066763377, -1.1168949513748312, 1.046082174500632, 0.15645663003481375, 0.292548095231896, 0.1279809149328693, -0.7935147201528784, 1.0233613684406344, -1.2788589329157858, -0.11501221579831641, 0.9264917590952427, 0.4299101407906251, 0.14733806830063614, -0.03926857248574127, -0.6692923338489288, -0.11007269034089857, 0.2548865340021659, -0.49709903516080123, -0.37919105010335924, 0.4565896405418495, -0.8878261230594664, -0.12030275077647921, 0.5127403491467872, -0.15656442143488336, 0.16609760592161402, -0.2322555111152866, 0.1724208621432021, 0.9484479277808856, 0.14151182209900004, -0.19627501867613242, 0.033261374168661435, 0.41756476963817607, 0.16142000521090683, -0.47131172557882395, -0.12385520981234314, 0.1729084000992526, -0.29977806963503806, 0.19738848994516314]"
"[0.20774485610761645, 1.4073625565248726, -0.5210872463193945, -0.6570838961986557, 1.5862800003444664, -1.7294532346090539, -0.03338167242739664, 2.0285724123086477, -1.1463566655854143, -0.11661491773471519, 0.4272286097447222, 0.1427229825040072, 1.3861587437473637, 0.6191647644315179, -2.077538122122815, 0.7677888920884698, -1.5765685665159195, -0.345581953521162, 1.0542636860970138, -0.20902717858829561, -0.4046119639237432, -1.8716320352698725, 0.14152441833252288, 0.16558316087344957, 0.2465482091097609, -0.3830849448420153, -1.4879521777487228, -0.6496301241532414, -0.2771606593451887, -0.6740328320426033, 0.23103518576291537, 0.7711543864305044, -0.46381378232137827, 0.7814130046610638, 0.28870244102510423, -0.402544502482203, -0.08802894373497397, 0.49222706208145656, -0.0546969165260471, 0.5471972747623517]","[0.02750957720628167, 1.554144670794895, 1.0392193763747355, -0.3434375342549086, 1.0290008535062567, -1.0016241270097015, 0.2623202882609464, 0.18001140247106603, -0.4105904057602015, -0.3367725741580247, 1.2638030059284717, -0.44827453239207954, 0.4680954400890409, -0.9595985500810781, -0.0017438488894303637, -0.18262436307502083, 0.10041690364481284, -0.22994421387115294, -0.037292106517098654, 0.10876314116419022, -0.240442705657013, 0.3984629549385179, 0.06556327562612693, -0.42412477335297916, 0.14749496781207316, 0.46829748166785445, 0.5113549136982201, 0.0026529721139536837, -0.09725831054222456, -0.2205025644729491, 0.177926548457104, 0.21086868226151786, 0.17340158678965242, 0.2698260432096931, 0.37379225694353013, 0.027115479244266806, -0.1713329229189691, -0.12318805374693804, 0.07559864237565274, -0.6311335213369859]"
"[2.5036067751023054, -1.0153937295205644, -1.11888647221477, 0.8445979827306048, 1.5967567356092263, -1.4722374351005472, 0.9932993059767828, -1.4775259588519911, -0.7801762049647613, 0.8664590682155409, 1.2934346690402918, -0.28214612244760795, -0.7742830560338478, -0.513539085695192, 0.13046538749252537, 1.0911671637706568, -1.2171791983374183, -0.5982496646887339, 0.864789875460872, -1.1409797404480801, -1.3784948540512005, -0.6541027182553211, 0.5297157091036827, 0.07322014447251556, 0.47655425772721055, -1.105961240268642, -2.009158304695788, 0.41404784594035926, -0.6994520056889666, -0.6858457713620624, -0.15101701089516748, 1.108969810753927, -0.5233979310869825, -0.04029345986034045, -0.4421007883750816, -0.2759895888489728, -0.43602277002351325, 0.6531373615693123, -0.4545562137592784, -0.6213756149285238]","[-0.8448133601138972, 1.1900580122267532, -0.16304165216835842, 0.007631368091379359, 1.1467569522000378, 0.17838784486381948, 0.6732481418311741, 1.0180324253032598, 0.865578400862073, 0.7685067987204555, 0.809338161057211, 0.516236198772149, 0.050212877311810455, -1.0543757958740574, 0.045304966254675234, -0.9005105178273115, 0.9163016972552107, -0.11933140865757541, 0.5992367699338854, -0.058552060542337574, 0.2604286268307583, -0.49970540575303074, 0.40319200796904475, 0.4774354588853005, -0.5048256250385428, -0.11755814127597658, 0.2393348146747281, 0.3000276972751465, 0.05099293336955344, 0.1141801927982375, 0.08994324239743652, 0.27175107018805394, -0.08681447259875043, -0.02077647484814182, -0.043612483548694125, 0.10223864006201937, 0.08943828284505173, 0.0928171499588546, -0.3089867115073207, -0.07687676729729102]"
"[-2.255779303057415, 0.6605568560403585, 1.4739903377683292, -1.2422347392225306, -2.302336861111141, -0.022676745906319205, -0.7077252580820076, -1.5737834795508716, 1.0983441506628029, -1.386417717376911, 1.7898055018613623, 0.40800662279125643, -1.1826539566724572, 0.26580486423956373, -0.9070839339260235, 0.2681260273609395, 0.5714542893653756, 0.617749505414349, -0.5175235174342588, 0.3353957557208364, -1.089118451041048, 0.33449428142765114, 0.7214504307202946, -0.11748823898416964, 0.293839216601542, -1.1613525748040783, 0.05974880835047845, -0.8580634493390753, 0.21320253855571134, 0.4535006679916628, 0.216777315033872, -0.2659288413707372, -0.16787546885528398, -0.08694859770151306, 0.9251571913364526, 0.5331540691585445, -0.2508987496126325, 0.8202825851247262, 1.1013779087661164, 0.6959855916609631]","[2.4033865846981013, -0.8427602056853633, -0.16482065902793, 0.3338773887416271, -2.199222873390197, -0.561385346703041, 0.7366341038007855, -0.4072383521213436, 0.44896639693286294, -0.5720251897904088, -0.7520875522087305, -0.039302748385996955, 0.6629274884299861, -0.47151012525899727, -0.005586506665161332, -0.20277110597662454, 0.4766102213362711, 0.2067813718842959, 0.46761385037671005, 0.7511726939200385, 0.5458579515794371, -0.012465815248303386, -0.17448120037711556, 0.3143689985347375, -0.067803027064031, 0.22150047505730816, -0.271570884203068, -0.5417931921812543, 0.19475422864504618, 0.06452050415149682, -0.21888786161445747, 0.937033248475924, 0.7269831576076891, -0.3580366111876263, 0.16511940808245143, -0.20774631985504843, -0.04010135763318129, 0.5948589467791613, -0.18153241250171384, -0.4878582760571101]"
"[-3.068748266927962, -1.199242127734835, -0.36195771557784373, 1.408812201018765, 1.273962708597143, -0.1856188063681621, -0.26500311146005373, 1.531858308132721, -0.43511355637881016, -0.0031155519528732138, 0.03730001370580843, 1.3139551901164057, -0.3694566653497685, 0.9747358056478573, 0.48744339284342253, -1.9972124211215156, -0.4165200901505505, -0.8195716916283373, -0.4283776513603533, 0.013765626665744752, 1.8050378535141525, -1.210396178280743, 0.20991857284969884, -1.1246808806588986, 0.2467883820194185, -0.9380367221612259, 0.7460534279497494, -0.23245499700940728, -0.6855780281313852, -0.6312745044263098, 0.10990458201438873, 0.27317235166706977, 0.6980105458125214, 0.3042419841815189, 0.7238591840795046, -0.8087198034289472, 0.3862471861687602, 0.7230911291069679, -0.6217436240086921, -0.5375343631507666]","[2.146525947929678, -0.6196049639200966, 0.39403696310463016, -0.5066048249019859, 1.3020042470914106, 0.33489348311454303, -0.08427741209441927, 0.7683464456782371, -0.842724198398562, 0.10305159295159545, -0.07345388966058988, -0.8203437223662129, -0.47374395432577243, -0.12846060157806838, 0.05086617758335097, 0.15319928300560332, 0.519413950013398, 0.25080309510677345, -0.5569399340121486, -0.528525134227434, 0.20802160466727032, 0.031835134542126275, -0.25761368217496394, 0.286089791308539, 0.529971215439181, -0.23267449603195103, -0.15040460714664378, -0.1114139674642225, 0.17627371817511883, 0.01234179839635206, -0.1584154925891616, 0.09266894643704164, 0.36648454267366637, -0.23041516215865948, -0.4200401063584389, 0.046621314010475326, -0.6125945554816883, 0.39868939566710826, -0.03786919727841059, -0.020226361701262244]"
"[-0.6247015048234936, -1.752642956594828, 0.9761750902282407, 0.1105761424231014, 1.0227496629168988, -0.3787203954396435, -0.0832584516028233, 1.7560875397463336, 0.3243576063899919, -2.6752027112179313, -0.2982037068618799, -0.11044552403484097, 1.4118136686923841, -1.5424027225564363, -0.09417707289008144, -0.6458476093544524, -0.8393424202116841, -0.9521744559839982, -0.06033908880613346, -0.8523758346016628, 0.4943360177973789, 0.38859738069958144, 0.5637180039781178, 0.7427765939107679, 0.6090482896093515, 0.22915434333453097, -0.3860270023913286, 0.40099920108139975, -0.8234940395323194, 0.4600369213142938, -0.25075264113009665, 0.5427838436178173, -0.18281951154575615, 0.2179140961048927, -0.364655975485632, -0.9351310183573751, -0.5387299138794382, 1.234057227910001, 0.4904498675263247, -0.2457691078974103]","[0.7429344296565629, -0.831565344073466, 1.479645513756014, 0.6200395552590996, 1.077865974577652, 0.28946986510028583, 0.8323024731287668, -0.14395468382327992, -0.023799534573746277, -0.5464682278175542, -0.22854387681384628, 0.3979567514870329, -0.8083829961816645, 0.4537669752866326, 0.22630326013987487, 0.1679211028007825, -0.04178305799363601, -0.16128096457179622, 0.5104943280110814, 0.5978550095428823, 0.25173578598647556, -0.5765914326551465, 0.38691728917485163, 0.45118230237030915, -0.26205080724973717, 0.027763561749309194, -0.6302064307458582, 0.32151123347007565, -0.2720759044967338, 0.3057356771177037, 0.33572268039747255, 0.291685737376003, -0.22818193143739948, 0.21050239252628164, -0.5606735449312016, 0.2559007654655348, 0.3709736506858182, 0.14754725441867014, -0.06157367726514309, 0.02139318427495264]"
"[-2.6782556808388374, -0.5389828810055007, -2.39548808259064, 2.515786320028043, -1.019332271258666, 0.0013246309973414122, -0.661001406308827, -0.9709815607739298, -0.04493573728089089, -0.5110365084962442, -0.3261071878860739, -0.4263660360086654, -0.2525993825194439, -0.49463072813642744, -1.1826366673842705, 0.4195347455566268, 0.32496082719764513, 1.6523723950761797, -0.1707853817118755, 0.11256796568081658, 0.05613009752696857, 0.690434352736857, 0.2097208390303916, 0.6835192494974207, 0.11129489317725652, 0.26297051049712256, -0.4839332891626447, 0.13945744507171295, -0.4469862246265239, 0.20384279012522913, -0.11278768153230231, 0.048728787206817684, 0.875172339080579, 0.037585885755484605, 0.7997725566595767, -0.16052098157154482, -0.44240240346759235, -0.8482148036348757, -0.5002375813876395, -0.06938828798984137]","[-0.3147144949249331, 0.34264797390324575, -1.499122118947208, -0.7352082325939321, -0.04052726202858893, 1.133841534654858, 0.3078666214725302, -0.041370633282011356, -0.8371582857767924, 0.24334651334657387, 0.40732184585393216, 0.8686968712951605, 0.46695231304338436, 0.6951321765121061, -0.9583153520894934, 0.322350258782259, -0.15235085464378625, 0.8143338651859433, 0.6832158901742835, -0.12966573927027608, 0.2914150542138431, 0.03658221987624417, -0.20964221604008984, -0.20306797681224226, -0.3170625949934889, -0.32211591304890846, 0.3169908663134057, 0.5526502157964526, -0.5675647996447152, 0.0461177294808936, 0.24170918878081427, 0.333261240387073, -0.16776711653779838, 0.4691642918508209, 0.6079507062671945, -0.21230561411196242, -0.34472240605277227, -0.3299985538029584, 0.23899095145580104, -0.3308562435423851]"
"[-0.3952083174462794, -2.501166410164845, -0.872479807107408, 2.0423819643383174, -0.06740517112927417, -0.3281304432996251, -1.1659206270423321, -0.19326643383642866, -1.2319128368913195, 0.07994473544873373, 0.371693114255271, -1.1378481403860345, -0.1389675433991468, -0.8322868357419211, 2.382266197989044, 1.218725730346593, 0.2031508545055955, 0.017160513663657253, 1.5650527966648289, -0.08903157713192279, 0.2702288624449814, -0.05856134376457931, 0.4862895950447739, -0.08569577274240033, 0.16348078516364986, -0.044905218773507456, -1.1691440781305777, -0.14783672394622766, -0.5575860741426095, -1.0933515651390198, -0.6650887632808268, 0.3303908889799164, 0.39634468474403456, -0.30792957767834955, -0.7283035834682233, 0.2875125327735161, -0.06770658718649292, 0.3724262303892827, 0.01421189021115127, -0.47242892969478856]","[-0.7230223736115661, 0.038382370646172954, -1.047128215267736, -0.2900803581238608, 1.7408940433557336, 1.7739060793613795, 0.9374907922832774, -0.61062774382653, 0.25082480686220127, 0.7919976084654059, -0.3067964029729832, -0.37313451433313566, 0.5837275105230177, 0.49059351809009677, -0.4966864418117273, -0.15617048245857895, 0.3113108014691704, 0.08331011154532118, 0.23624921535999538, -0.2690259017160136, -0.2812706354469628, -0.4284206158494986, -0.029306082987976823, 0.007476903881668495, -0.22376897026312922, -0.35782068090052704, 0.010797404892616371, 0.14245636059979352, -0.12237357675745801, -0.3454065346038169, 0.8318321538169502, -0.3486829504199407, 0.49586664493679594, -0.006536128337992708, 0.23442741759566946, 0.448658132778968, 0.01006979066040289, 0.1972127513037014, 0.21856423055468907, 0.20529322724022125]"
"[-0.5881010113051194, 0.2464518314807833, -2.972901369498837, -1.3865991402888054, -0.2546617261186913, 0.929044161078471, 2.1589469233813974, 0.7221005463550124, 1.3416231625893893, -0.37083812223481816, -1.900081541697318, 0.41184113936903066, 1.4992173242828164, -0.4677107716613491, -0.3701756337724179, -0.24130937486168005, 0.3491920085804522, 0.15708384317235072, -0.605479077574482, 0.18120183773271484, 0.08577473341533282, -0.23143056106044504, 0.24425601912662384, -0.7138924565860645, 1.1996044925068903, 0.4494819398491536, -0.07191069537027582, 0.26055679333992376, 0.12643869465553917, 0.7508804834979945, -0.2453681411754842, 0.0432043851695917, 0.4386667643356395, 0.5606401122601605, -0.5159040195171172, 0.1025522444630704, -0.31075549773791805, 0.12915404531958696, 0.27261209481750903, 1.2412680150916557]","[-1.3165031263019058, 0.05006271598747854, -0.05141508573030674, 0.8294020174840984, -0.3349594123568625, 0.006688024397316872, 0.4065377367664121, -0.4796708496178549, -1.0136735258283371, -1.1356519500971403, 0.33238659864840076, -0.23049680530116157, -0.8354768322044311, 0.3505163105373324, -0.015947510441058965, -0.02392804464311567, -0.3566961235719385, -0.8763367805629834, -0.17329265297332777, 0.014940471554239857, 0.14242924387359482, -0.21043150437740474, -0.3630405064814202, -0.5098881581648403, -0.15630333173052685, 0.3099312127331472, 0.6517419070846586, -0.20701251557639416, 0.03853084162946548, 0.1338885718153093, 0.058612592317712854, -0.8393569389160871, 0.19525151988830852, 0.14813434642773332, -0.11710376795739996, 0.047355550181531175, 0.00891549611381023, 0.042607164549999535, -0.6091541100828746, -0.9133668871544199]"
"[-1.5668965737974407, 0.6489277157071386, -2.978393213542866, -3.282070140971391, 1.5465935873670749, 0.16843463900034084, 0.9892197109756982, -0.541448533241505, 1.4294513230659056, 0.08048020886923227, 0.28081751894846646, -0.2520630926674461, -0.46494038171013125, -1.4029544920065933, 2.074917128917434, -0.34399960540097624, -0.5065413264032796, 0.4368362007214057, -0.342699237744614, 1.0652243733721802, -0.3699732408634327, 0.3510166862750214, 0.5259176851632551, 0.10959331841883886, -0.12216809477659957, 0.2696629861850515, 0.3379393723838464, 0.17023835038518104, 0.4902119891128637, -0.02306972801102871, -0.6104551003571161, 0.8955545962810004, -0.6902445085387857, -0.6805071557766028, 0.02360052046899477, -0.23721411858938232, -0.8182690672424027, 0.4776094264101348, -0.04999483319311798, -0.11332673976559705]","[-2.233598114795262, -1.025759342490948, 0.5743881925874826, 0.9701561839203167, 0.2691014406128051, -0.1732770667066056, -0.6375182696242843, -0.04414492261528695, 0.5479834145654352, 0.56360425223657, -0.5686583730911243, -0.3602164884678073, -0.354432918072699, -0.32018364598853816, -0.3712582568285553, -0.286574425137055, 0.22330141859718516, -0.03879281906603876, 0.1279932150392394, 0.40030396394637574, 0.4304815008817601, -0.4188292876690326, -0.13749543203832534, -0.044542773111594075, 0.7779250647250526, 0.6959497617381925, -0.43564777499072427, -5.314018758759898e-06, -0.3273148671016589, 0.07876409810626377, -0.256475678991761, 0.13139506981690727, 0.31671640780317306, -0.33106367144407667, 0.04581773512464831, 0.017351222711763252, 0.33740587685974904, -0.29219361084962187, 0.3034195509769988, 0.03631877228514436]"
"[-0.8286680861642325, -0.15460718508675755, -1.1179733449163927, 1.424585762709269, 1.2327480978535363, -1.0906249262381456, -1.2875363299945162, -1.4130901279550947, 0.3160366329266332, 1.434455304178511, -0.2386376477755277, 0.8941686582781972, 0.36757549614533697, 0.9326796339712279, -0.9175388602624911, 0.9149638703574123, -1.2821174694973514, 0.6113031396865656, -1.4804434892916, -0.22507510422833804, -0.8390846159643691, 0.564756558173797, 0.6106273799398096, 0.28099409449268603, 0.9082016433367373, -0.24359330712207497, 0.04319742848654273, 0.026835723345656273, -0.16326498830288444, -0.4439144097083237, -0.34818797577822574, 0.6543308785146332, -0.09707162358198433, 0.40912659125593115, 1.057921744030268, -0.17786486376462188, 0.5169496353044083, 0.28127526734196245, 0.22543176507069715, -0.7117255845312227]","[-0.3209265106998911, -0.6634257048458087, 1.2180894110620377, 0.17350143396670867, -0.7255634652893016, -1.2797693533666652, 0.6400649624866761, 0.5541732121875492, -0.2068277587827929, 2.1859974555746593, 0.18002439123022604, 0.20433982594732839, 0.2360010589986336, -0.3554934357811721, 0.2619130197519346, 0.8317146014856303, -0.20412372640593524, -0.2544947174883838, -0.31455247206041537, 0.038552050221140145, -0.12282639891994036, -0.30320728371583516, 0.15503351836583776, -0.4488818598184346, -0.10595191620451273, -0.04120495402404938, 0.07060522352044536, -0.2899723369542521, -0.15168237046852245, -0.2647543129112338, 0.14313178465020987, -0.23567626605742215, -0.31171084821824174, 0.3495489708953392, 0.1880732036774281, 0.16231226517296587, -0.2892738998455664, -0.37969406104369646, -0.04515886102653842, 0.03191886540995958]"
"[3.7690116788146075, 1.8224301120815214, -0.7619121276696224, 1.1998263565084621, 0.9115956777201937, 2.2780287759412166, -0.8581267913998188, 0.5741457641322298, -0.5013773944885405, -0.6632484401929376, 0.42537419547659033, 0.13969252347971073, 0.156960094611793, 0.6186255956049224, -1.201926506190121, -1.0635300398589116, -0.7307740668594684, -0.02582951983420249, -0.13162294936092717, -0.19884317776297503, 0.13709020365539318, -0.17167536165295177, -0.10845094555069659, -0.2390450895461337, 0.23814035915294113, -0.6073413940046928, 0.22303304685112188, 0.24790079119896566, 0.744709430429866, 1.0637623982403832, 0.27032195384364516, 0.18181365381212009, 0.57662721375818, -0.4832247559843012, -0.37612575066019777, 0.07769304086091489, -0.6529277781037088, -0.5476762340998181, 0.6123953801851739, -0.14097172737178673]","[0.3026964748154068, 2.7181707547929426, 1.1670377098474491, 0.8534676972477402, -1.2813942398550309, 0.7450813511339635, 0.515728226078113, 0.6488648677102105, 0.7407584944158404, -0.46105476830673325, -0.043720044863579735, -0.3182590341645253, 0.5216189302667004, -0.10425585881754322, 1.0736024825688226, 0.05054528418763958, -0.4286116245967509, -0.31900906325237266, -0.12348887914994128, -0.16611418542128156, 0.3081449518323912, 0.04089367547661679, -0.6551000493832442, -0.3448214479631028, -0.1195510512400716, 0.03070451135362892, -0.22402478335797044, 0.0781738959569844, -0.3934543892093518, 0.04588618703739326, 0.39012991183520473, 0.021341524841594326, 0.34385451470421724, -0.21012392634755742, 0.2368919649643456, -0.24964359575843417, 0.04094419097205946, 0.2527712937778979, -0.0886922544550249, -0.16615987074375527]"
"[-0.4007744805892361, -2.3481823798765333, 0.005505834419610615, 1.680406432498879, 0.3690110042315493, -0.1714829892557492, -0.7132310480349433, 0.2696909794098509, -0.599971954526963, -0.7645720185339469, -0.6680725930039508, -0.19762652279910928, 1.159312364243002, 1.7427775266989707, 0.6414501245075739, -2.9041176100398856, -0.7805529718860309, -0.16190318051775257, 0.5451695426070531, -1.0822195411341693, 0.5348845794050675, 0.4866202119211168, 0.2486297380077201, -1.251083401987926, -0.39513886868187925, -0.19400415719354194, 0.23240896486937548, 1.2330884701239804, 0.1339508245354265, -0.9477275255779131, -0.36176420964917594, 0.48998173780360676, -0.13303470992126112, -0.8130698863729449, -0.9244717815745007, -0.4432009785774111, 1.0209692003410789, -0.39951623448269563, 0.8368865065226283, -0.2798316243633387]","[-0.1392687868434717, -1.184957218086797, 1.8291333891259904, -0.3661365263836114, 1.6589044811652156, 0.46994718742948, 0.694736343438871, -0.025289196947574602, -0.11093336785345134, -0.8505271134308315, -0.0440274304599547, -0.4997290319371455, 0.42334435952737043, 0.1069165268169312, 0.05060093602945236, 0.2937107855568163, -0.6117805402804367, -0.5766029498949115, 0.3248265768258516, 0.19425454427360894, 0.14693785228344503, -0.40831489635444873, 0.7574068210851334, 0.24681911236501045, -0.7911400005777655, 0.03242739073382675, -0.21856670919782936, 0.533462381860278, -0.38662207690770084, -0.3474260330094654, 0.6028506371875302, -0.5656815743163254, 0.3647140282463258, -0.26469532360247405, 0.1971138634625266, 0.2314021916501682, 0.41773332358706605, 0.44243996544756087, -0.3315800131954174, 0.1744246788111862]"
"[-1.1020790207264668, 0.9375093005724486, -0.6262239422162786, 0.6067710187915475, 1.5293785912166888, -1.2856755659163883, -3.507830428016713, 1.1679573020638025, 1.1646351429073667, -0.2919336497010815, 0.15175053526783475, 0.435958924004794, 0.41498320828447843, 0.5046203261361131, 0.10950588121140367, 0.8927360721664224, 0.14059396339192315, 0.1267346868522568, -0.10307733853055635, -1.2238001787447723, 0.13997836029327945, 1.4836060777683784, -1.9307104228024117, -1.0783274596840924, -0.9081813780907877, 0.834270053342392, 0.8904401316630982, 0.5158506141708138, 0.28441937819369745, -0.18553266961667078, 0.4227710908533944, 0.9428362488369064, 0.13550818172150325, 0.6827706925452979, 0.19294435759619005, 0.31044451565215836, -0.40472836705842963, 0.8554191441308678, 0.3515437095762552, 0.4320902988366564]","[-1.4470251377815513, 0.658534403777654, -0.3732252672011511, -0.5948381099699525, 0.20094908569517242, -0.4583772818673444, 0.4602150050526437, -0.34478940929323143, -0.516976358939329, 0.3714128406278583, 1.1405823076070607, -0.6772727116518658, -0.12600470959455112, 0.2591121322038097, -0.22937646536886047, 0.5224855125178647, 0.04432984623298849, 0.343225072040031, -0.3336602385394231, 0.3705907135313556, 0.080193032920219, 0.7226976767402794, -0.1614549066727386, -0.2006471024643395, 0.20589241731387936, 0.19537554608075774, 0.1059521533118213, -0.6713313127119995, 0.03084868974779785, -0.018709590896444552, 0.36796762837515823, -0.2966579899126761, -0.14296592017396692, -0.34363704040839416, -0.29562734350365205, -0.16782925250855682, -0.21160220203878177, -0.12435019835800218, 0.296951169942841, 0.078434968873223]"
"[1.6512187935871983, -2.0071697085356885, -1.239193507776249, 0.2550827385602754, -1.48102679137966, 0.10880054455774071, -0.15703044121451903, 0.4976651441937332, 0.6429277567727812, 2.4199185003099704, -1.3584858148446588, -0.5332953881925871, 1.9597962740257033, -0.19106604184720843, 0.2529487909637814, -0.18111750120360992, -0.23018951994353076, 1.1657735327417271, -0.16658539943700112, 0.7301828480409444, -0.11103997245249712, -1.04646838754995, 0.7308855311483993, 0.07912584202261944, -0.01924107889774292, 1.0324623318686625, 0.8414750848616571, 0.1526328260241323, 0.25469386874639516, -0.6516696590618678, -0.4548741500154882, -0.5820597855548423, -0.2657767170091462, -0.10847620720831748, -0.4313497823974783, 0.5001198984247012, 0.3554280619645812, 0.2032269851676462, 0.5651058441874968, 0.06856952142850525]","[-1.4781096262533713, -0.36644631808159905, -0.8828689116653818, -0.015168595826173168, 0.16608052628464082, 0.09584023345392778, 0.49630627282351875, -0.032078699873581265, -0.39444420204584035, -0.24909602301439335, -0.01542380944236914, -0.6691923594675465, -1.4002919699380592, 0.4698868910815576, -0.25888002073229577, -0.9971881606670662, -0.997241004520278, -0.020928171125192307, -0.5782033878605343, 0.49914455464659296, -0.0754775000518563, -0.2722248988800699, 0.054788828919592865, 0.4332779004886629, 0.3111013355421692, 0.42365275676917025, -0.33935851780429893, 0.6818271550713498, -0.2206441075348702, 0.24980201800639867, 0.1201258187321669, -0.23849790775769888, -0.5666384713133669, -0.88074407536608, -0.014812714734737845, -0.3028644290203612, 0.09224456001211578, -0.07310891602001007, 0.4845137075487551, 0.08233532184721837]"
"[3.7300293201945367, 2.0105262001523063, -0.8121222960734906, 1.2223587906585665, -0.06173616335559023, 2.277987624980232, -1.2430769876757246, 0.4896889446593133, 0.1503200274205673, -1.3704513887316616, 0.007974142940554254, -0.058116581229961425, 0.5051011265101558, 0.4311620165524649, -0.18327675212350655, 0.08677695036163843, -0.37693885806306987, 0.23870702534056992, -0.23294661492019442, -0.7618011222837957, 0.3988864350933655, 0.7415728848275754, -0.25705771946698885, -0.7703939328786485, -0.3482894399587263, 0.7416572722882343, 1.4737261006161, 0.4252627414486547, 0.8031435379911295, -0.1801110136734988, -0.30315868217976577, -0.2726617738383223, 0.33369264435175294, 0.011365302915493645, -0.06246782424499144, -0.6636245274824724, -0.1621225962174369, -0.6292006075540176, -0.32598640905602505, -0.1409908210335001]","[-1.4695687894218465, 2.8562202860131007, 0.24729197964279345, 0.5141899508401149, -0.7622111485507256, 1.0208693926478614, -0.1805888816100872, 0.9186213947523185, -0.05556161017238674, -0.485857605168455, 0.23173957153373737, -0.5239661049774864, 0.22059053264997158, 0.35306358930374365, 1.3706499506096244, 1.1853073953771953, -0.13193702255815906, -0.14573018886167974, -0.17454813827539725, 0.5126142044059601, -0.49874983167827047, 0.02418815703606652, -0.054095417835837926, -0.5831461670555381, 0.520851041557259, -0.16822088175586525, -0.24106488415532049, 0.5272458021788917, -0.393496131456493, -0.29327846999615415, 0.04154081469910335, -0.20708692373972593, 0.7003792939178347, 0.19806896098749652, -0.10481599605284378, -0.1822340054214602, 0.15988104618504895, 0.23595608499233992, -0.1085671067751952, -0.3515062506490279]"
"[2.660067429879174, 2.896291708922637, -1.5697004657393827, 0.7253314298972938, 0.819325210602819, 2.1146565587905033, -0.15900541574004673, 0.13571270628404777, -0.2465738430303275, -0.9922477970325332, 0.088589914394568, 0.7721600317535579, -0.4953285223161811, 0.5767225441552449, 0.07867740243510599, -1.33138706463107, -0.03231095557546807, -0.2774028798124137, -0.0008430171454236772, -0.0018882216724174393, 0.06322888609193744, 0.9690566792877464, -0.9737834341734758, -0.486895939875218, -0.20315194158520264, -0.001010282666418362, 0.6118268702655606, 0.13951098209154408, 0.1285631864400807, 1.1870407353840173, -0.05820114211284172, 0.18393655973767545, 0.497470657926193, -0.3083062364251484, -0.5620883807741643, 0.37071278236422844, -0.4306753076026719, 0.003750721515763815, -0.041223609171757936, -0.8235611642725974]","[1.1282710423448477, 2.6124132900319115, 1.5460323879145244, 0.5272639221748557, -1.31246075202088, 0.7608219902271586, 0.9170416695907849, 0.7837743108052643, 0.46447641491665675, 0.17002313957276324, -0.17519926117166987, -0.33790099932336143, 0.3902041635770701, 0.9110214083062499, 1.346878546449775, 0.8772084421309999, -0.5077075343550529, -0.27079607606426126, 0.32986965917047223, 0.7314264752338437, 0.006263827054835419, 0.05523251187603541, 0.0888534291547252, -0.0629065090565147, 0.2367840936616193, -0.410679331872253, 0.274768259875419, -0.0433952057378892, -0.3440470919011352, 0.21500762459321845, -0.010050867773225414, 0.11274338830922505, 0.6304832141983518, -0.5632904825916702, -0.2345740713413014, -0.36837787877744943, 0.19383704525113868, -0.06035681018700289, 0.4556025258913468, -0.16156752661921708]"
"[-2.625327935399269, -0.5517459080904334, -0.8205676437451204, 0.7945753669016379, 1.5149861046196054, 0.5473020927658578, -2.4407060582294333, 1.3029558308951101, 1.292195473474229, 0.08610941578957405, 0.9313583698225165, 0.15340635916335063, 1.1343204191455283, -0.16824213098098123, -0.4604072158720833, -0.003647875575024241, 0.6311468774490064, 0.6390304661725075, 1.2699707309090489, 0.5952548080904337, -0.9075249163381562, 0.35872477608553704, 1.2744541310831945, 0.2407210245683468, -0.8384150333081181, 0.5383869119593492, -0.45756499308792054, -0.4494287850771604, 0.19996173123650807, -0.052362421680958976, 0.45679204690118574, 0.7366274627869009, 1.5341436402507946, 0.3757675476730612, 0.5713555161290963, 0.06805645577875745, 0.4379395119328272, 0.17200771485367422, -0.8656581095168935, -0.045900214871914896]","[1.2417709213947747, -0.9597478985664174, 0.5919733568906933, 0.2563366331796942, 0.8687868619807696, 0.28912744812584024, 0.9966800940926688, -0.7116999791898644, 0.4128441726110086, 0.28087053032961345, -0.6663784852441982, -0.039092793906247994, 1.0728814838761356, -0.6516247945097414, 0.2801291547791259, -0.04415771927141951, -0.5771828601607567, -0.09237219794014022, -0.15186053781488448, -0.6506062795647052, 0.17371345497244767, -0.3262347385976509, 0.47218473489823215, -0.3843438383541235, -0.45924161918035605, -0.5566624350636404, -0.4162789905001798, 0.08863386771940657, -0.4259099486658838, -0.4426702509633769, 0.06694387801821444, 0.13558267238955476, -0.08906423856454679, -0.318594224797787, -0.4273381957052937, 0.14550200084819856, 0.31400514561236453, -0.36515075744204567, -0.20877257720566392, 0.09325991710388735]"
"[1.5446233006429468, -0.31963078511635945, -0.6277316396345578, 0.10824511444685105, 0.013983228402035152, 0.322735700810423, -0.17101967471363597, -1.7906904750226158, -0.992696021833057, 1.4445095416463865, 2.124610223771573, 0.27612518754734106, 1.2305055644837897, -0.13508095018417487, 0.9567393274912107, -0.4647883748561091, -1.755961537686395, -0.24604100326131745, -0.7154306158041484, -0.30969084607294173, 1.712731048783996, 0.0099526947322879, -1.1592124422229464, -0.4491105552134509, -1.032651213605663, -0.06167735394947208, 0.28045897097190725, -0.34410364138206384, -0.19169446911505644, 0.4263890595430874, 0.49516210153004475, -0.006218524088231062, 0.9150572956442317, -0.5040725065214917, -1.3636184673033094, -0.6227724963707851, 0.2383677936155069, -0.21886167229300155, -0.41042048551888277, -0.3312474747829088]","[-1.8924228403601702, 0.7876722057625283, -0.08208150907015492, 1.358176486817266, 1.048449217262684, -0.62327181053407, 0.5546282715790612, -0.09644673879725005, 0.434198858694602, -0.28525561986021636, 0.5965320060003868, -1.4236298114336532, 0.6358640056319639, -0.007515475897266765, 0.7029371925563296, 1.3783247138574448, -1.0085137539391633, 0.2773759439964154, -0.29903452990317875, 0.2504690160968581, -0.820449196658031, 0.1028046778423679, 0.15934922773534874, -0.3332820358124669, -0.7296453893691555, -0.14285538036060522, 0.17363791111410692, 0.20731782117719624, -0.03523029224129066, 0.022543586090094554, -0.14857107186222435, 0.06510449239042528, 0.053811629773019676, 0.19748818016131364, 0.48964625893251107, 0.37520985964493214, 0.5889608302008235, -0.17320408415347702, -0.19759632381950187, -0.11908788756563835]"
"[2.3154886457352983, 2.305489094994042, -1.5421747035600466, 0.34830039119526124, 0.6124151387655113, 0.9751467770870254, -1.9137043285798174, 0.3459561390724026, -2.2378295691122556, -1.2362923967088981, 1.6082571182865446, -0.5024113150861655, 1.0299954774278066, -0.3728396365253629, -1.3251356138622725, 0.412207103180751, -0.26227558277379254, -0.2813804371131026, -0.8841926012189174, -0.7048236635420154, -0.22376780309053185, -0.41261722518324095, 1.2243659856085933, -0.047135082727069816, -0.006263555938060487, -0.3613667486865062, -0.5008595740187858, 0.4465607208640756, -0.197283500261747, -0.8856839102156984, 0.44168011451282, 0.11092053167169869, -0.22409170616209062, 0.08794139758962517, -0.48067770015901023, 0.1680945498835315, -0.046310404501669324, 0.43494890461180885, 0.13550282845274597, 0.2864125130904729]","[-0.9200183038653796, 2.8434545123312214, 0.7927656878589714, 0.04943773151467509, -0.6812912853848295, 1.03523210719242, 0.04331071972930694, 1.299905553250457, 0.3720532299569703, 0.7240780986369394, 0.38712437048026843, -0.5872578359300837, -0.17562279970292577, -0.28874422760663526, -0.21663718590061623, -0.19904268632826883, 0.42367714672721374, -0.6293600204050149, 0.21338661332109277, -0.08829982507614194, 0.35982897574765316, 0.43760484766683677, -0.24884070755229692, 0.1405060217716233, -0.12286693677082916, -0.43108831133714137, 0.1053174819253768, 0.4717287862011679, -0.24827781259772455, -0.019416512835325268, -0.21795617467613954, 0.17696407628224559, -0.2575838823175702, -0.3400488631715216, 0.3062540270266922, -0.5485537765643169, -0.7314556469187486, 0.030766417567480546, -0.38875178627782186, 0.4120805247873657]"
"[2.229844742339937, -0.2460513767351443, -0.48124053997356037, -0.14728981589638068, -1.8579552633659486, -1.5816088910348591, -0.40632780497804666, 0.7553112377738962, 0.9885874807007552, 0.6297063558381796, 0.639465051905662, 1.1982642548228988, 0.12263456182423048, -0.38690478192689026, -0.3828520643574628, 0.7068124255503484, 0.7034274399233761, 0.6599935353245225, -0.1514866832110716, 1.6329623752317892, 0.9749946564023089, -0.9668120237959134, -0.22686659635449719, 0.711111503260739, 0.6488596746326796, 0.011672588622422172, -0.06071826470574267, 0.2924517751264492, -0.13087334154170202, 0.37028234596449194, -0.5495400357410576, -0.012505385260689771, -0.5431578678173999, -2.4941367183578377e-05, -0.0713503828347223, -0.09427190308638912, 0.7568759595755008, 0.5049266411827287, 0.7202243800687468, -0.20533020309975283]","[0.7617520662947915, 1.5736428831539024, -0.9091774090245562, 0.39682140210219685, 0.701923784690444, -0.11098682230445447, 0.48182811636103623, -1.1859305874449764, -1.2888596443200808, 0.10360868518771704, 0.4893574573219872, 0.07665274297160637, 0.15175016726976054, 0.6814907765323327, -0.5439043117584635, -0.6690072871778118, 0.48245983068122134, 0.36715516968719486, 0.47652891597193237, 0.5445241256886811, -0.34060254450825667, -0.029267763795287297, -0.018032178787008277, 0.32015384732619645, -0.14478704256974942, 0.09476203544517307, 0.17178401733966459, 0.046861457955110854, 0.35181684786302975, 0.19965279099035474, 0.3888811653004711, -0.1900465981600598, -0.1460439535260498, -0.2833804048614446, -0.18942862692105497, 0.19121998639251972, -0.01983141677453679, -0.1960197425621039, 0.0942575986743436, -0.16639282205811637]"
"[3.440483687998057, 2.1057828848850275, -1.5445958433341611, 0.7938265457649973, -0.006914497475359399, 2.801912217438264, -1.7598856522580664, -0.3262302023164693, -0.6436038405728425, -0.6855303130595649, -0.3505002382865195, 0.042468312126541535, 0.3261888768698148, -1.183613812807388, -0.2542142741356583, -0.8093086422097244, -0.960331638026936, 0.666985644243057, -0.6088066436241686, -0.24066078897137277, 0.2215715427359968, -0.023059217011972003, -0.5249630613531941, -0.38996775449179805, 0.23926547966680672, 0.16131016302714468, 0.6772632764138339, 0.6482872887508931, 0.8013584702839411, -0.7352720611864764, -0.06532969051950008, -0.3964230959712913, -0.17133227814280236, 0.23348543711780162, -0.41001345546716067, 0.6106958698602462, -0.3675193308494743, -0.47883719723473445, -0.13004615155200014, 0.1719692721953691]","[0.35222962437637534, 0.36421830875327155, 0.5109736059318114, 0.21080403124352637, -1.1201293145114481, 0.3327170819177404, 0.31207680298900403, 0.27170080227923066, -0.30641402710869475, 0.41294036398096956, -0.5808292615339906, -0.10045559755544434, 0.33384076451617045, 0.2650075688432606, 0.4673217815540966, 0.16173856534683467, -0.7637063924936217, -0.24434207601617913, -0.37234966234844535, 0.23546259674555786, 0.15506052772423062, -0.0632113911356366, -0.18375145901376616, -0.1354289682491582, -0.17034415207293932, 0.27266935124386404, 0.11090946553655497, -0.06605089668902936, 0.13850329232893951, 0.15790323711521914, -0.035788623264333685, -0.044802659865002266, 0.055583499297085504, -0.12305796019419801, -0.26458669557810927, -0.3521373387680303, -0.01996931550865045, -0.29113147857381333, -0.02018153538001176, 0.005473367276527636]"
"[-1.2174594889096346, -0.07729385326375729, -0.1615283428452658, -0.0738491227400114, -2.4654048085577536, -0.10049324230591813, -0.3971335501125218, -1.68084393008311, 1.1006166571813119, -1.9583712036659446, 1.1168842159387107, -0.48956458045731455, -0.01545238535418727, -0.6980783503995316, -0.9991479327578155, -0.5762012937595412, -0.6102535549120642, 0.6724384272059603, -1.0853312519857594, -0.07619017688920483, 0.04145080494662519, 1.3619892402803877, -0.0676318826290569, -0.029535423434652725, -0.5975144926273613, -0.25965927068039363, -0.88091493783805, -0.983067606112263, -0.6069324033489447, 0.3353792042279589, 1.146346539703245, -0.02737148494891539, 0.6847280830944718, 0.7857194552110948, -0.40905058856529053, -0.5005753133387693, -0.6283686931691418, 1.8268415145595907, 0.6623299213081348, 0.5568971348162556]","[2.4415780617714065, -0.09320877723211186, -1.4011286645769485, 1.740813400218287, -0.5450763117480488, -0.05691071291514911, -0.037339135993105274, 0.08434593749214506, 0.7718490966756595, -0.3439199508402649, -0.5383681396401274, -0.720826615988967, -0.025731129988240963, -0.9451069247274418, -0.3022204606259929, 0.6020933710128848, 0.17884572743426855, -0.03743196501159008, 0.44666004817240346, 0.2807207537331838, 0.050404657996139565, 0.19541383778065846, 0.18370403782914696, 0.2742497848192181, 0.2556428871161502, -0.07508483612848804, 0.1533727997800451, -0.12469414476658468, 0.7302639749292902, -0.3876857568278794, -0.1268881154545482, 0.12055731927298903, 0.016212071049205117, 0.09757695175947328, 0.35091710912697144, -0.27788214240460324, 0.18558025269480577, 0.23615770885770507, -0.48830127758291153, 0.0920748336946523]"
"[-0.0984618261845148, -1.3734195257171091, 2.2160600302774935, 1.0113943648534274, 1.0267909065730567, 0.0682159365506895, 0.9974572826131585, 0.4092024475085759, -0.3461997340381737, -1.068435085551317, 0.29988272054907655, -0.47434884586300774, -1.5655479524773737, 0.3678037935485165, -0.46804504908574873, -1.772681380559001, -1.0330976214696852, -0.9722380920464195, -0.9157793515736736, 0.4831825788974509, 0.7047436070890667, -1.0175452038964434, 1.1186168141924384, 0.07634577650071175, -1.408344690036651, -0.7776747257940638, 0.3677197308167754, -0.9407225857179677, -0.28669426391787467, -0.01785793570563174, -0.30708662862922426, 0.9606936314142653, 0.9745000319616859, -0.3797737937468559, -0.11884081723648737, 0.449833616177961, 0.4914134013517165, -0.2237492327623213, -0.3865327467600555, 0.31790241635806327]","[1.1847534968778441, -0.22875812929178785, 0.7188290337894147, 0.7170450838442003, 0.9725861975453493, -0.20729208974053154, -1.4616294342496547, -0.24898570394816036, 0.544045756430693, 0.47590177853657384, -0.319873230073518, 0.21042566325435857, 0.8761964096097575, -0.4316324762191243, -0.009727804493647128, -0.9835305777502388, -0.7966048600548828, -0.2093467967775705, -0.26925689139916364, 0.4326455974577379, 0.6540979708428069, -0.004177382082533312, 0.05203938472091582, 0.5332996552093877, 0.5370978639140663, -1.168603488922565, -0.6356554969142452, -0.4767439490465971, 0.21860395693760126, 0.008382212472241331, 0.6712132198419507, -0.21092510874959103, -0.7009434148683045, 0.4717007045972176, 0.18582409444120987, 0.47794493129751847, -0.32955157432387644, 0.06539228993606798, 0.27420057128519293, -0.7283666268883108]"
"[2.6977516620372377, -2.1767474040572483, -1.2023547788785014, 0.908970658759904, -1.4090842616627803, -0.06423211184483314, 1.867239615519921, -1.50651318494989, 0.38991432156697053, 1.8624549097535872, 0.21854261212107903, -0.24558927096040908, -0.19804839094013718, 1.0075288787701702, -0.3891089964305467, -0.34896895029487685, 1.5749891941154737, -0.3195190548660087, 1.4547958678119797, -1.191522406919336, -1.1801220067838882, -1.1823573519734871, -0.29143164456313414, 0.1427810225784365, -0.5262874991035317, 0.5164357219579959, 0.6694385309201, -0.09531846884472762, -0.023408400187425016, -0.07357905916417823, 0.6606781041430907, -0.44621204112753665, -0.036467353505307804, 0.16835921772272183, 1.2218200167151054, 0.12823666598323016, 0.18456734395709823, 0.1935968970760377, 0.8927625154132819, 0.11104987554198871]","[2.1016013269797793, 1.0764263118532804, -0.5403076752695937, 1.4681629002305934, 0.13551921215695442, -1.7643973490376748, -0.5410863744724919, 0.09277916326765785, -0.8656987117499195, 0.03161107609448067, -0.3643405637315304, 0.47938332664704913, -0.4910580868481556, 1.3728781504012613, -0.08184479866655282, -1.0343149573759587, 0.6062818332125346, 0.28484969843864033, 0.5919441004332102, -0.2155258158984919, 0.27331267239698115, 0.09570136601613134, 0.4654884556219459, -0.031545129461662734, 0.11082748852393705, 0.2007504139396743, -0.47689142169333176, -0.4173524349788293, 0.16776990925978028, -0.2557865281761235, 0.2661193657744311, 0.14152379207539756, 0.2787464284769058, -0.9524466349259492, 0.03260766394909468, 0.36062422910754577, 0.1616175461686831, -0.009689911736261585, -0.23109217199575788, 0.20951427493127672]"
"[0.28894588251784564, -2.2886661306811513, 0.07597610176622845, 1.1365555268932368, 0.2377483326160831, 0.3659528814768301, 1.6828540860198735, -1.7128254040125663, -1.2455530333146816, 0.3613015041939391, -0.3005546925976302, 0.22810217178982242, -0.49612378011792396, 1.193587297138252, -0.7769155984649877, -0.42045546495778985, 1.2898255666256169, -1.4042582946974838, 1.5093240031879707, -1.6763184901166601, -1.8825064205891124, -0.0029083941661951773, 0.5504302887290211, 0.13205195437429035, -0.4225916249928297, 0.5878633587581807, 0.2530726070441984, 0.4430186371871839, 0.2502184993920027, 0.5598367785237222, 1.2444514435631688, -0.870643843410339, -0.10646692143802085, -0.16768938283577167, 0.5444178191847197, -0.19071886178463024, -0.04864300403920453, 0.41882125617773014, 1.2724517507064372, -0.17373557168902726]","[0.5665675403848855, 0.04421674101364501, -0.6476285608056305, 0.3889392077225583, -0.5327192922595654, -1.1337821169695492, 0.5858985678803125, 0.38446423949634984, -0.6184749159626365, -0.4455466341406446, 0.23198873254046856, 1.202680855454673, -0.4813635152473977, 1.217918416918258, 0.007408489770048238, -0.4481505340602731, 0.13646195945622192, 0.028409170733523857, 0.5959415305566889, -0.38169441783920827, 0.45778800037838385, 0.39393091289420296, 0.28527922131823297, -0.18780303347069927, 0.3568855509680206, 0.7110301430885207, -0.12161060214308296, -0.31787993643216184, 0.14768716645957716, -0.20839651953401536, 0.09709398388546056, 0.17720165363493381, 0.18696410611779288, 0.16458936114492534, 0.4320921781794048, 0.5519204149878649, 0.15834614055320664, -0.11735163555160162, -0.14251958165802653, 0.1558718452763532]"
"[-1.1873884941292354, -0.24203889673536844, 1.6089381707150314, -0.9585446868228673, -1.9165414984970222, 1.0038786345494763, 0.14446500810871923, -2.5819911003458977, 1.5320994821535503, -0.017210686740674278, 1.6006318090215663, 1.2074014223063905, -0.9762867455446863, 0.528705923536225, 0.285594738710394, 0.4789436812355343, -0.18370815323865936, -0.26101953160748786, -0.979086560546632, 1.0218943621910301, -1.0881389778108703, 0.08274685519764237, 0.6983982525857886, 0.1045333099701308, -0.2639820358248921, -0.6597447351476502, -0.1662606675983916, -0.1104033339299864, 0.3406222863770166, -0.9229713024590462, -0.21684519871183486, 0.27459722048959867, -0.3874875719975896, 0.9335644019972297, -0.06900340825328156, 0.6332065153195211, 0.18604434767394554, 0.04896623963553672, 0.1251268419637156, -0.5459165388372977]","[-0.686321480248296, -0.439528082878151, -1.5555533944778328, -0.17148421056949517, -0.7671402516782807, -0.11574947666208373, -0.16100839146251744, -0.12087388144294361, 0.13813403122526208, -0.8925796723344039, -0.038709670872363794, 0.4902759999229032, -0.3042632616440903, -0.4354528825645044, -0.7242986471339347, 0.43041735583161067, -0.09964330216502859, 0.17504741516024117, 0.2664209947707044, -0.1422005314914626, 0.7602370299377083, -0.6449596130012879, -0.3733926223521848, -0.003022198339723553, 0.27747829442680294, -0.5763654951296704, 0.3354005332386098, 0.12123031459492517, -0.2681483004170521, 0.18487491707692522, 0.19037517804545423, -0.8256398802168703, 1.036966325188422, -0.44589243371709353, -0.27212416307135967, -0.427487918389115, -0.0823955503109133, 0.7107468170333767, -0.04970747872611918, -0.17835786191289052]"
"[-1.2140685364460755, -0.035764757468367395, 0.7084366808812798, 2.11285804291234, -0.0852439149018942, -0.2880922388884742, 0.03879290928058644, 0.17149493320451345, -1.942909978325489, 0.5513715282461444, -0.7824104201468796, 0.310115867822629, -0.7785383449875317, 0.0668179186755951, 0.6546507215618683, -1.0085293197141636, 1.0747262351795768, 0.24627536988199986, -1.1691981964057574, 1.0407755715118958, 0.058621164213431214, -1.5406673386116907, -0.6371405813522106, -0.3766568623196069, 0.8149427800500091, -1.9055664712173943, 0.42394188633592955, -0.8907218875965908, -0.10202623711399794, -0.9340336633457093, -0.38600282609452724, -0.7908725884539141, 1.4471157080570858, 0.046442079464260114, -0.3766177342689367, -0.03441494585973753, 0.2830015521666921, -0.05001664331806554, -0.13762630369089288, -0.22717161862702168]","[0.13874267824585088, 0.15536342527155267, -0.43489936519927297, -0.6134219952053751, -0.7307631466924582, 0.16126107006742293, -1.1664435763235805, -1.1964905178401148, 0.2292702327420027, 0.48464562996951605, 1.2750832215148182, 0.8885929707996206, -0.3436511175946921, 0.26593245930126863, 0.49601351313301606, 0.37135961695009106, 0.025226923908355108, -0.5938691146400592, -0.10617847655402791, -0.2806635035099577, -0.045592122175614876, -0.5747090524059119, -0.4001995811713746, 0.22342933417787483, -0.42666430350635676, -0.4252817536203066, -0.4417879885348403, -0.43323564535193415, -0.045843360100548125, 0.36446485945356427, -0.24135513557894125, 0.013653693158122066, -0.3160980181580291, 0.10430910798516004, -0.045253372257231014, 0.20766548904095436, -0.4049705150362626, 0.238553651364138, -0.21259524880744135, -0.31550405439909307]"
"[-1.5283244854135962, -1.8749524202324843, 0.24213926822162912, 0.0523677556507944, -1.083628550927182, 0.07694447623121978, 0.6291636847349638, -0.3310785787453397, -1.7841876854478582, -0.4966717185487266, -1.2261905106795916, 2.2327275035611485, -0.5689400747359968, -0.1403502448616393, -1.1345627586613376, -0.5013023284282305, 0.8309498474013554, -0.0018259370034035952, -1.083034197384608, 0.6849217173583422, -0.1901056032158394, -0.49201928820898166, -0.4896150361185082, -0.7876673391070348, -0.4150897175405279, -0.23261141135084268, -0.893970926717178, 0.6999013898736619, 0.6696925357705016, -0.0676535432055872, -0.6105066574147484, -1.5398341449050157, 0.8154824774460306, 0.009676717834691777, 0.7203329391970418, -0.22266609243661023, 0.019883542023301656, 0.20897600950051082, -0.606212301160901, -0.8809327132961051]","[1.6193786310868068, -0.7079647092353777, -0.1633126758093541, -1.1731108794178686, 0.9566115086598851, 0.8571498906599666, -0.5708754187898833, -0.11353822668149595, -0.011935790332347485, 0.048946726094310035, -0.49979490589706, -0.5679628556762778, 0.08326438642996352, 0.5482606521869187, 0.07466425379100697, 0.15536506916998996, -0.7078058301912171, -0.12918299458604318, -0.03656139809657165, 0.3678694290676304, -0.007195630217046336, -0.11717150299744354, -0.5543074599022515, -0.37637997867554435, 0.18684614158747775, -0.699078464096698, -0.14654846342288744, -0.628118177154884, 0.14141036597102477, 0.6216249172341228, -0.11743942100028533, 0.4779017991591654, 0.49241032810814045, 0.4116531646193797, 0.2862127394674798, -0.3881306424692096, -0.47833405881665375, -0.26176033431731116, -0.631753694187356, 0.026376548062627733]"
"[-1.8728319465451877, 1.6131232523851147, -0.9830834579562681, -2.6022108382020677, -0.694195152534009, 0.6433584459998617, 0.7749639451688227, -0.17802003042526066, 1.5235719368833145, -1.1226360127378825, 0.6986116946002, -0.28202820675641904, -0.6665644458901206, 0.4336375684137426, 0.6519181082029242, 1.188344946468549, -0.3183454838530911, 1.5086299475529281, 0.2700830385561093, -0.08896980044672537, 1.3448604873697565, 0.5334598438050138, -0.45832003333425586, 0.41015737677973035, 0.7355801440541438, -0.12459904320083506, 0.5086321184993603, 0.8112121531304266, -0.024485460271812122, -0.016203005862090454, -0.7594587553851528, 0.3981910286760916, -0.35913209494383386, 0.4968972628868151, 0.7676568368138594, 0.6929710019827023, -0.2991987451395243, -0.43558344119166814, 0.5258867824552361, 0.2854835319481028]","[1.8230872049649385, -0.24332374571661333, -1.5630800046456628, 0.8545152060972774, -0.6858468023058234, -0.6236603469354826, -0.015424776642108461, 0.1983451632748875, -0.8015666183749129, 0.5131114407464035, -1.0792177052717309, -0.07683641129971001, -0.1423345108546597, -0.3697061955444276, -0.4270186931581139, 0.08402007456690962, 0.21549408509383916, -0.3879764712954962, 0.8912566202873449, 0.32624522651414584, -0.6250906314030237, -0.7273512567046726, 0.42092750327580336, 0.08733548000162716, 0.2369701923068291, -0.3375485040520781, -0.02884280449257297, -0.4640686744779687, 0.10777479493418884, 0.17328626821816268, -0.12873841271435923, -0.20013225109315758, 0.3380965840780894, -0.09574433613378965, 0.05457628774691058, 0.01528719964797422, 0.5669409366492916, 0.11627851392150944, -0.6075413329455503, -0.08676607280224628]"
"[1.5094639439780846, -2.193546013388565, -0.18635551171869694, -2.692323574155714, -1.5022855784834122, -0.748766715331201, -1.3429159553779297, 0.36049729997289537, 0.9190401485430355, 0.7676010927342447, -0.5682161543764509, -0.9610765393935323, 0.06667304066930446, -0.32746801584453133, -1.399064147831736, 0.2644811521281027, -0.49761470399559626, -0.828181281779297, -0.22059790285454217, 0.20338976269547795, -0.8474809611087984, -0.03125056989203228, -0.3939008707852869, -0.428253193602798, 0.7122982752200671, -0.452284796050896, 0.12875545295743362, -0.0904685131921655, -0.6894600284882191, 1.0387108465328145, 0.0029126357468936366, 1.1110946499361307, -0.012489956285199416, -0.5756541402599346, 0.8308388790046404, 0.270960254273095, 0.6651955586322255, 0.5656299476621054, -0.8908756170012897, -0.27732165664060443]","[-0.21368450042586568, -0.7285960602789774, 0.9420544550908901, 1.9456145283996966, 0.7679024410393648, -0.229652834497599, 0.8104721316129895, -0.7781324555170748, 0.14140405478136656, -0.31099856761146255, 0.033848841045329474, 0.42736527248442713, -0.6667453248298919, -0.43244589303305864, 0.21472722519897347, 0.06393737292853985, -0.6662757594409747, -0.4442633484061125, 0.01430968870278837, 0.1869850013908524, -0.09357898715636644, 0.1446038630739411, -0.6467652477600503, -0.45818828809476253, 0.023267414863984023, 0.5033579856467524, 0.39133971350794605, 0.765433384074049, 0.42077757125047777, -0.5270230963456815, -0.12941909289520037, -0.4398352148942385, -0.39275269751097236, 0.539148862021943, 0.20248717703792038, -0.3840935223144872, -0.32280644081598814, 0.23040043480622502, -0.27430842737150274, -0.44189719401251404]"
"[-1.7835448576366641, 0.20149480304330344, -0.011342887414420732, 0.9907137308521694, -0.5437591940987211, -1.7053324864001211, -2.5329262778324457, 1.3453921797455441, -0.3817168115769966, 0.4306945614159218, -0.16905446235261073, -0.47873976798065404, -0.7478360312673462, 0.14324804650964063, 0.04777405184767389, 0.3182243741477917, 0.38797762558691345, -0.9740725103758423, -1.2661426638464623, -0.44343458051770546, -0.10942044257319172, 0.5629140203676204, 0.4133426340717653, 0.3581376074412381, -0.15439050119652056, 0.783072254302502, 0.2529299398469638, 0.6824636868001742, 0.9890733709644601, -0.24970985913892363, -0.5230219904215332, 0.2628267814388308, 0.17541842296279567, 0.4702855908531381, 0.9015353006894582, -0.3117011492369416, 0.20872523813760163, -0.24305046159697097, 0.5799837023027216, -0.4897788067465365]","[0.7801536823053049, -1.1662825622964874, 0.5645377351192132, -0.958870856001697, 1.2080365518204381, 0.5428103805885833, -0.04912547333890456, 0.6396830225991673, -0.5478561280187816, 0.2861346955510641, 0.08399103115486378, -0.35321352216418234, 0.47900758330062954, -0.21780513461708634, 0.21672713848381628, -0.020436411355837267, -0.043527442808282316, 0.21150145412247284, -0.2823099075746759, -0.014446999455075323, 0.7886473473755907, 0.3920815037229904, -0.22523037253366612, -0.05805069672240012, 0.2236810595776371, -0.11912278503705283, 0.3084931306388619, 0.5395142145594957, 0.8560545519546761, 0.05801856113730528, -0.20020248991760856, -0.6083483219194157, -0.10879885967699934, 0.4291109431165778, -0.020841401917862618, -0.30578916394412725, 0.4819391170152195, -0.777708555673645, -0.34038030656133267, -0.4885761135844981]"
"[0.9163085959940724, 2.131805004647298, 1.8697882516526694, -0.7534091010793552, 2.0218745668742124, -1.73642186445053, -0.7737389024190309, -1.8030085346966431, -0.6701147101221303, 1.4620104966205827, -1.1327461892931558, -0.9070147752488662, 0.2966438882457998, -0.07438001697058738, -0.5531401481448892, -1.5735231580484146, -0.22755281048943962, 1.6626750079230466, 0.5321052136413918, 0.7849948174582313, -0.03710286547321876, 0.2536455846358442, 1.1513049171342178, -0.37980329969874294, 0.19727896913592013, -0.1437111161119613, -0.10229735614717272, -0.2663585865100392, -0.34328394186306027, 0.025758595825211054, -0.20300858428281546, -0.8459044994721525, -0.6867753006746921, -0.10449069360540869, -0.04941465023257552, -0.10682702169840777, -0.08160495237995431, 0.31923981624350667, 0.013453095887117543, 0.10162636897355193]","[1.3829415017021665, 0.37898564884525815, 0.4325239779404066, 0.06241921363189597, -0.46138318500072484, -1.1838939725823094, -1.4528396249843396, 0.14368345596615026, 1.8526524355860334, 0.9126644207975768, -0.3601098177642135, 0.21937067579948755, -0.4745436477501784, -0.6304987222240137, -0.969598750735864, -0.7803509101453711, -1.1345949339935961, 0.8689435403388656, -1.0823377477556115, 0.05403735040766684, 0.13766890042962984, -0.17722072242424655, 0.457045605533579, 0.3213545721477502, 0.2591235591869161, -0.2642595144337572, -0.17492846937045675, -0.012297548433705301, 0.1829097187516127, -0.2478414816246477, 0.7379957619591009, -0.4668463928391278, -0.4969855343733005, 0.04430235300423048, -0.729456018033349, -0.15290875161854756, -0.06693646690981583, -0.05861303917881334, 0.22498110976328695, -0.06139980560974763]"
"[-2.013938898303204, 0.17055525100486624, -0.6142528554216137, 0.9854311453321004, -0.05971152599275047, -0.3661565768284777, -2.8158896562817595, 1.2810492801673152, 0.7266742762626572, -0.157218995196075, 0.9214850769264223, -0.5822170478188716, 0.8675346036480078, 0.5512922699969074, -0.942604250884256, 0.27171139698443575, 1.5306586205022659, -0.5049918954478085, 0.7160817498384853, -0.03924260626970602, -0.12394376986278403, 0.13599182982089944, -0.15955978556041533, -0.04529792921259393, -1.2735116934512076, 0.4507263639940023, -1.5327381410655438, 0.20558857820803297, 0.7733962500837679, -0.6136905019411504, 0.7081445844266635, 0.2118025248065218, 0.8163798794053029, 0.32515306329506016, -0.49681151865219136, 0.4861986551227169, -0.47525698432884744, 0.900694732950909, -0.7565444507585621, -0.03870655859159529]","[2.4842438551788897, -0.29063895870554846, -0.7673373760534478, 0.15274364587714254, 1.2139609109097986, 0.9059198166578987, 0.23821932140670152, 0.16400500768209866, 0.20552991409077306, 0.7728443769475716, -0.27804558613959884, -0.6467325975261721, 0.1267330442871689, 0.5809178749524447, 0.1078661755111146, -0.8475185440448667, 0.15413780705005092, 0.6476375702996024, -0.016710446157415085, -0.34170558315517435, -0.28372392802918306, 0.5057954844023734, -0.8703389224089856, -0.38360482179798067, 0.3448148394629354, -0.5792552619900598, -0.6841553863960157, 0.42854159888732835, -0.5365991043822532, -0.11762694725134998, 0.063424363900747, 0.8140624938086503, 0.6395562252055134, 0.26077296598994315, -0.18074506440220953, 0.39732650766105, 0.5684613566090212, 0.041093973041747535, -0.39570966917602535, 0.4657120530637113]"
"[-0.6544758137159058, 0.46618749912028384, 1.317451558490439, -1.831763450380444, -1.420551680035969, 1.8479751948044185, 1.2883607014304193, -1.6949234647740983, 0.18763992049877407, -0.7631397482017135, 1.8505883970223582, 0.3957134936164992, 0.08515599720530365, -0.157987847380321, 1.5879126167507294, 0.6860991055376034, -0.7369515888625148, -0.20163771801094416, -0.3248291863254768, 0.9654461462950565, 0.7122461595780103, -0.499525993765604, -0.1928586391875324, 0.6001919224000336, -0.09289491659246459, -0.5582165577208031, -0.6350037516157381, -1.0616082819839714, 0.8946466598708426, 0.5617418455121633, 0.2370607432193884, -0.16956994285924873, 0.9542545995280068, -0.0313787664929123, -0.014926566219907405, 0.7599453915055635, 0.9228486611200175, 1.215580563405003, 0.8759305003599219, -0.5679730403617531]","[0.07509525030896341, 0.024060735591785017, -0.11609766295215672, 0.970192413687209, 0.20823338902706004, 0.6905033709173098, -0.13255717499646824, -0.34398889263501137, 0.7820672610583206, -0.4609552615491754, -0.6206894770662292, 0.3109151200202649, 0.007854761966021308, -0.5565309922555218, 0.11018484128884272, 0.9784397446176337, 0.8981550667207299, -0.6814802583165139, 0.8732731617997177, 0.031913864779517534, 0.14653317768825122, 0.05399237362618808, -0.15607551038053516, 0.5132063971844351, 0.2873017220802021, -0.1007832643179798, -0.22634238106217341, 0.1320361846461739, 0.7737455742219224, -0.6814201776961736, 0.3186272556015469, -0.18189644981027464, -0.5128941421469554, -0.45063451379469927, -0.9926941025057551, 0.48269821211521763, -0.9015579592387265, -0.10692807149870107, -0.268553108912264, -0.24767026743663495]"
"[-0.1893649169323167, -1.7553339510417814, -0.8564921910352711, -0.4427593583767218, -1.3511454382284083, -0.2986256910430067, -0.4618366451751571, 1.9309271201203035, -0.3870502415220845, 1.5886072340451587, 0.2800796178576759, 0.09614203012972908, -0.9491735238956373, -0.9771951208843409, -0.043851191063156186, 0.519771624250923, 0.7165842502159779, 0.40054556455593315, 0.17450062570366512, 1.4520657573454212, -1.27986792226703, -0.5115765093226298, 2.246736065938961, -0.14423498021847217, -0.32863615992106066, 0.6537594137618914, 0.41654996171227415, 0.9114566166774918, 1.174890950493974, 0.4343972529240956, 0.03352096097766014, -0.3741317482330371, 1.1836544346637432, -0.16454281009283644, -0.5811976320957037, -0.2854777788556405, 0.4215017991335867, 0.9344404590388729, 0.3355923196368266, -0.2036046855113152]","[0.44784017099478823, 0.502469691066851, -0.6798968087558646, 0.006473786895654046, 1.4398246071544805, 0.7121090706560843, 1.1874155557675539, -1.4603587500153905, -0.6051049828944018, 0.7175175464137671, -0.15453789840348492, -0.6044197935440639, 0.09840818936913615, 0.577929429098775, -0.20892893035958066, -0.7699024902150253, -0.10016242527949872, 0.33152514360777025, 0.3201264588008597, 0.003977339776930049, -0.04437050628701119, 0.3176681294588832, -0.29674795607565974, -0.1744502749417534, 0.21779858675327782, -0.12038590032794437, -0.008649023751954968, 0.2847813128872447, -0.22689932895472673, -0.2001813850352234, 0.5634777339956909, 0.2046594708064518, -0.1157594289696887, 0.35792356344092546, -0.5668097953909436, 0.16076338437251828, -0.5544538072659961, 0.10996172855928392, -0.1956130611632182, 0.49601164157060845]"
"[-0.19444239578071776, -0.866861368559498, 0.6066350245684378, 2.101904061689313, 0.29242123594156455, -0.7276059814527905, 1.2647582455262796, 2.0123689887514913, -1.4666703897350435, -1.523433648106806, -0.18221173675588326, -1.0044550723945789, -0.1834272633195897, -1.8317912938490042, 0.11873885157813398, -0.7186727007042214, 0.6850165410770397, -0.8844433387368412, 1.2993377027679553, -1.2233648339186236, -0.093559285265779, 0.6260818256195219, 0.3640303245602187, 0.34531793044954256, -0.3081978492199827, 0.19114933693219108, -0.41846565377032363, -0.697388366118453, -0.7247474417396171, -0.5554180961196835, 0.8111281304757161, 0.171938479778992, -0.8174083455789584, 0.37521869315274375, -0.4824237813546907, 0.7090535964194822, -0.5813907811851012, -0.06856838895078048, 0.8382774066514106, 0.023162914122360344]","[1.5469185127956986, -0.2659242935615976, 0.2675185326240813, -0.26683808016665894, 2.1574399748747144, 0.2728496476774022, -0.4179584022847833, 0.19162209001550304, -0.095445123545725, -0.3458183832792128, -0.34492961151891555, 0.06436331328175224, -0.014759113165958735, 0.09028966822815464, 0.8976238827898734, -0.704757588412973, -0.22108505243985008, 0.06758302368099574, 0.02997864321649547, -0.1340351555328008, -0.020899785976247958, -0.8766575847741127, 0.6763697030940187, -0.2564561357923847, -0.815178246459355, -0.11207075899525996, 0.6765436522194062, -0.34780177816515817, -0.22410956247344363, 0.28921001255118894, -0.21232181272943987, -0.07906085835577918, 0.6312714347651136, -0.5161170125331401, -0.3064966994766908, -0.4224211776082302, -0.3489757628834895, -0.09245064458171581, 0.11928761425733396, 0.09691527224883803]"
"[-0.8686161271679577, -0.8577270443119466, 1.3653893287676053, -0.013791837252943065, 0.1599503879994276, 1.5879132686537103, 0.9392809207381333, -0.0671771320256253, -0.13003326696960052, -1.2961832682231604, -1.0918685828142096, 1.0089851664325917, 1.4300226305479031, -0.6590144471848048, 0.004916291672314766, 1.162041008011547, 0.4626242522022932, -1.4588739380849851, -1.5599923993005793, 1.1546574388802304, -0.3199433117799099, 0.41670560477186736, -0.1562714999011545, 0.4074465483940383, 1.48409587044738, 0.741617713914229, 0.1565304431392522, 0.49691223513651894, -0.2574773544999257, -0.5702918204851118, 0.8644258393081197, -0.9002370444293227, 0.29785807792570046, -0.9696629757687347, 0.13898609615374044, 0.519802778632326, 0.19237047341608934, -0.2232486949478645, 0.04616714059853951, -0.43436665997221396]","[0.300539445039541, -0.5186747681108899, -1.9254070707399746, -0.05303971804619749, -0.4500245412776429, 0.5301374632028177, 0.2417998258247593, 0.08122539435616262, -0.7056804565761159, 0.33823690834543746, 0.044653228408649596, 0.2195174434931442, -0.09000734787083078, 0.43647837782172233, 0.18686066810749938, 0.4556048802774266, -0.2332457766352705, -0.05421791886623765, 0.6832472875724842, -0.015251357195748532, 0.10373438835872027, 0.5812670709264166, 1.0258484050522607, 0.21806950175825007, -0.13185660884438954, 0.2763782699350354, -0.07480004645319294, 0.15273099595176337, 0.3447554862106769, 0.35732778990341496, 0.32258209049134656, -0.06701219598227448, 0.8378378712589424, 0.38576012458989173, 0.10386956946926255, -0.15099843010863642, -0.4545169748867231, -0.2743443406327004, 0.03437899173847766, 0.20377485777305235]"
"[-0.19802927140644155, -0.6197620969349662, -1.0249863425978971, 0.9303996593155932, -0.4165245907564655, -0.23262726100963002, 1.0959794973086674, -1.684752050897322, 0.30590270693279226, -0.6042146542576957, -1.095481400416397, 0.09700340596492786, -0.2932543045716063, 0.8743455712725655, -0.10153700591825456, 0.4188913532701208, 0.16835768505788545, -1.3130910861807366, -1.4314667267595682, 0.7913355890990158, -0.4855304207013031, 0.7911849596901102, 0.4312814207077543, 0.789016445991337, -0.20772572676402645, 1.3302090302709022, 0.03864600440122565, -0.46553415656032704, 0.18065574807568208, 0.10986706962166129, 0.6578298599958778, -1.1966285443338778, -0.18448878064659419, -0.270712576399129, -0.23339838415656516, -0.7964989558539237, 0.5543003050182489, 1.0269374727753624, 0.08886188448186594, -0.1952161271951374]","[-0.7861650611384846, 0.10891128261179885, -0.7809154869583967, 0.09621416383477042, 0.44202263157995975, 0.18556448704757092, -0.14345948653134133, -0.9133253263523712, -0.7747632725535611, -0.4061188819409503, 0.4975480275966184, -0.16823944977558744, -0.04930472022856707, -0.14447175278195007, 0.23057121878095127, -0.5790541602238553, -0.4632465653847819, -0.049565109289753384, 0.21401596164973785, -0.13149689835109651, -0.07685666166867608, 0.6947593481765648, 1.067609731397786, -0.8023390733487566, -0.23519392258623575, 0.06249462998981251, -0.04107207281548249, 0.014761569533475224, 0.2434532115553533, 0.3107207797589731, 0.7294351042508399, -0.5435889720509615, 0.24648892934374375, -0.20477524714963025, 0.013509221613684941, -0.3220037913694234, -0.38376811695882557, 0.02242167883300241, 0.273274494628855, -0.046938629347617514]"
"[2.147337427164323, -3.8558489300617036, 1.1751785955756378, -0.39787773655661474, -0.08627175241357017, 1.1552503660632567, 0.1784360369773558, -1.8616206517090017, -0.45817107127158463, 2.2743813325730318, -0.7979372096179872, -0.49181337275397813, -0.4806185726818066, -0.08689674680704175, 0.8542090824676797, -0.8741144539559571, -0.6672586226035989, -1.0156797217458573, 0.34410522118326364, -1.538403712409793, -0.2120822519985536, 0.09004372412895047, 0.09100619746834193, 0.4687516591435729, -0.69365637498059, 0.3966129176569533, -0.9441895024961795, 0.11000812111270891, 0.43627492458135037, 0.2945221765331289, 0.009961098336797194, 1.3283639166389791, -0.7429568040370018, -0.44184282351893545, -0.7143494765889457, 0.6323551875051009, 0.3610920883013674, 0.839296997663698, -1.0028390514296852, 0.6436856675168355]","[-2.2055184141749624, -0.7843675416438468, 0.890911634899895, 1.1100321673211868, -0.7148756526083487, -0.2524600922908337, -1.4558732390225768, 0.3911798813184888, -0.3261279810522315, 0.37629930857656435, -0.33454348339810697, 0.6066344173830832, -0.6501885988270696, 0.2485141313735513, 0.11070164743351589, -0.28961145474613254, 0.08510770132993799, 0.3185400259443402, 0.08176428298926114, 0.28219106637583574, 0.07127492729806066, -0.01396946155499286, -0.4755594844277007, 0.37375651389686143, -0.265547599955501, -0.3708869903750671, 0.0029709939241905053, 0.011237136854450956, -0.5729009041218662, -0.2207547199271229, -0.030517434617181406, -0.29254683644196894, 0.24214133790706796, -0.23173960870261476, -0.28094956326002934, 0.4370327654771258, -0.19173371163147332, 0.03685112768141529, -0.19720534054750713, -0.11620497956166612]"
"[0.3170938816854774, -3.256743588194061, 0.39879602259683844, 0.8250434989561911, 0.47265778514432294, 0.7104560596216073, 0.08599586911021469, -0.48217896287324774, -1.7230423625981612, -0.88316226078316, -0.5091193823648806, -1.2314963632143294, 1.3272551632975018, 0.6356212706872498, 0.16194676666009536, -0.9142100816940503, 0.8002629698992922, -0.34313122365268484, 0.13036358063180356, -0.8638032094546179, 1.3844947427801033, 1.1953679283016347, -0.22030466432276646, -0.44460432594960086, 0.30690167740854124, 0.0036970893320184875, -0.35589277510657913, -0.21580061815242668, 1.5695751703512866, -0.5583106499010512, -0.8158426856154318, 0.5106638757322665, 0.14110142301586553, -0.5368080678082442, 0.12313860809473852, -0.06358362872098111, 1.5408357329881317, -0.021548674463914654, 1.2533925281629728, 0.4163290797083884]","[-1.211425256388035, -1.345224760159639, 0.33567327416899656, 0.40974373373393674, -0.0592189111918225, 0.6057576578304775, 1.1250410724811124, 0.4009918254957258, 0.03030259916948583, -0.2561896814618171, 0.3335551405819147, 0.9227138768846688, -0.5217283087306478, -0.018352714965911843, 0.5632549938817895, 0.6660798049575253, -0.5427398110784103, -0.027238706051885827, 0.42177433748276144, -0.4214808817063325, -1.4688858227848036, 0.15263916033909056, -0.06904849047943422, 0.2524036397165592, -0.055503573687439314, 0.18144342955009557, -0.15491377154361907, -0.010681718766560842, 1.0292979029462705, -0.6507247263868144, -0.06866435507995172, -0.01646512872791369, -0.1098929181265982, 0.12811206325955676, 0.0952588131897911, 0.07504350995779706, -0.05373054624731054, 0.7600872139530666, 0.052447879734734935, -0.21241141771926844]"
"[-1.0743931641549729, -2.2746698481345797, 1.2103121573145026, 0.7888213974445691, 0.8719334879546614, 0.5502942820871368, 0.0768736788416023, 0.03707882940387249, -1.2290133984372211, -1.3943193209563196, 0.24778467341023602, -0.9887955251570294, 0.9986830865120975, 1.5979141234157408, -0.7451597921771685, -1.0122199908527705, 1.491400207164656, 0.3427867625050439, 0.14375834175357463, 0.5914684519142734, -0.0993237308124772, -0.5400009106613597, -1.0010234913902043, -1.4524631183259376, 0.06138386020865512, -0.3026709153931546, -0.7010942472555025, 0.5349996193106271, 0.8919267837092266, -1.2125484409425138, -0.2970084186535673, 0.8815077013414785, -0.2326133830935136, 0.18613688067946024, 0.5330928180787834, -0.28788334412371874, 0.9164111643323666, 0.31515812494012796, 0.17679727338697712, -0.2286463472075877]","[0.1443497681160578, -1.4623467365941558, -0.7058039878552708, -0.14573534573953173, 0.7457531268444386, 0.7017671227832744, -0.06320965214131971, 1.6781642244481119, -0.4314318333111757, -0.5225014393921011, 1.0827270314423099, 0.5490993655533943, 0.041061899301723555, 0.26239773204575484, -0.08850336391768197, -0.2648620505754314, -0.37293507123164255, -0.6244584825277951, -0.2349181622674153, -0.47366506007765635, -0.17981002549291392, 0.4749066642515211, -0.032351711554022076, -0.18976371213054719, 0.3352773779229798, -0.2573812691456207, 0.6248996202475793, 0.2049625395999376, 0.043779968641368384, -0.2289845348351198, -0.18734438365349784, 0.07005322116160337, 0.31863245396233314, 0.02688533764176966, 0.16071119413833718, 0.18642638853134186, 0.09281623137139852, 0.5017565544622321, -0.3031245680865022, 0.1773057106342099]"
"[0.5128803434949134, -3.105487102021924, 0.5021116409864832, 0.21870710552021191, 1.1051592977971996, 0.0896677759413064, 0.10998033031150589, -0.5850874452551682, -1.3656649570083965, -1.5172391042807631, -0.2396485883463784, -0.26019020416765076, 1.2531673511590213, -0.4864755627499685, 0.9973838080658255, -0.21702004437140437, 0.3449320060001629, -0.8110466729018944, -0.019611623052369326, 0.3078085203979502, 0.41374856104584273, 0.6521688700158458, -0.34000248405051753, -0.6176841523148118, 1.0362559690546447, -1.2240019292922477, 0.09515196944475368, -0.4135384147444283, 0.5351291329436335, 0.5019816897509276, -1.3116554792310633, -0.01655366956076328, -0.09562867286667848, -0.15435732550081266, 0.8766354769525231, -0.16744601114686108, 1.381513443661911, 0.7925908506583874, 0.8123308181059364, -0.3849873172083319]","[1.1512668367848802, -1.1315870181315815, 1.1884553753655647, 0.9899040375335656, -0.4487783054169039, 0.04051268284613024, 0.9149616166412768, 0.2288647397169954, -0.34070035163374524, 0.7949371862210466, -0.200305574965467, 1.3802618012923156, -1.12150739599497, -0.005066599090299835, 0.5051858753478355, 0.045110234380053384, -0.5550829452143786, 0.13814486063124262, -0.32162985878890404, -0.14024181514015188, -0.15060701144976493, -0.33404532390404235, 0.024417051609034266, 0.3554404497631341, 0.07290930528111478, -0.17545531972840198, -0.04261878965876677, -0.3861320555882817, 0.20212806523078247, 0.4525899468219102, -0.5130671291990812, -0.1502608886931661, 0.3589886939164437, 0.024051804092315908, -0.24966681453318623, 0.052681558966911256, -0.05336071039401186, 0.13260641061572787, 0.07251733936194449, -0.5204927639982024]"
"[1.2562727509471991, 1.411834859728501, 0.04082658217712384, -1.034947989726019, 0.4267691555024451, -1.5814862886144796, -1.6907498501411142, 1.9487583369894403, 2.496064768730011, 1.0328503092591133, -1.1266780138912085, 0.2655618649153718, -0.06223813730249655, 1.2227605959287713, -0.29693724631351837, 0.09192177915311558, 0.4562938485821808, -0.0029843065728811487, 0.7233914289656396, 0.16462231250845252, 0.9937388517904714, 0.09015382160114561, 0.17908146237228226, -0.6196441804285805, 0.12414264299169331, -0.2050330824070308, -0.23624767021533366, 0.4326113283573679, -0.17038054442139083, 0.31586056406122653, -0.3864380063060396, 0.2526095783525114, 0.8553528382492898, 0.8834649907064631, 0.6980421246626066, -0.13033581775060876, -0.7003678408251601, 0.635640740519385, 0.9651166233508034, -0.43325546176881197]","[0.5172315138587347, 1.0015637368200587, 0.9872544370503412, -0.8524193605285377, 0.746872890796221, 0.16572061465720037, 1.3753777473871456, -1.6625485691190889, -0.38299913634053295, 0.2023959142061616, 0.06996223660402168, -0.17132259824083912, 0.4468396284347971, 0.08387160806519997, -0.6773525781672375, -0.4555407273788408, 0.09736235712423082, 0.5657709563034077, 0.12428499786909308, 0.13487963825148233, -0.13221325409716295, 0.5221366361757019, -0.10686824290271586, -0.3481868045292828, 0.6621220425750955, 0.17598436391118866, 0.41746915169621274, 0.42374364301275796, -0.04703839199763227, 0.051346190137129745, -0.4079297158420491, -0.24913207343091173, 0.06544950941907311, -0.04840610617966866, 0.06930076438612308, -0.07809073199340744, 0.08083087070118526, 0.11219064644583597, 0.3868003937687597, 0.1961495705670823]"
"[0.4001572247798413, 0.7435017961357576, -0.335794131131226, -1.0353753445924876, 0.8301042831900458, -1.0616239749031298, -0.6315178785120588, -2.159885742387487, -0.1470383849420388, 0.18761698505495733, 1.0832233441645394, 0.8161448287846251, -0.6098805593464787, 0.34750604346679537, 0.8255183450012326, 0.4558529941738473, 1.8448147985779855, -1.663684382586448, 0.14220199709018458, 0.24359265837602492, 0.21050772929206676, 0.2526881609854069, -0.39723185342152384, 1.8715871927632755, -0.3104383028773578, -0.033974277453464694, 0.22210528825643894, 1.1753145313281828, -0.382012533883907, 0.8893006469057303, -0.20377344156819455, 1.2242066448269284, -0.7592680354473084, -0.02414357404195792, -0.594789869654026, -0.35176747470300196, 0.11958299870642976, 0.46352680722694944, -0.7942858028815268, 0.13921689214928795]","[-0.6486404015770317, 0.10683510586701, 0.540578184706775, -1.4848305217181037, -0.01597123723798065, -0.5707866838026145, 1.4101918590166904, -0.03020977858489957, 0.4010322544617505, 0.4116258845395, -1.043732973859861, 0.9504229302333248, 0.4090111189894469, 0.5375421621889, 0.250851145373086, 0.6670028494276059, 1.1654615330856142, 0.8345748125949158, -0.49084370255200005, 0.7615470583320443, 0.04602328591146839, 0.6019315498360133, -1.322781054954748, -0.19652907856215474, 0.34894651709354185, 0.03981416058191494, -0.21099336548710712, 0.15145392949207906, 0.3467818471792609, -0.22537830204016218, -0.7578492496353979, 0.04462731412232804, 0.0880046692963833, -0.6672498225936829, 0.0055576323343000155, 0.13163051615625665, 0.21498226156203565, 0.14633680889962755, -0.5241799630235655, 0.04630359078045211]"
"[-2.061607893736062, 1.7412355088339462, -2.0231037450817175, -1.6202130988018113, 1.0913780210099382, 0.10774322980974158, 1.401510775228736, 0.3552139258321797, 0.2976137807903996, -0.021539060396915687, 0.5872142850470178, -0.5952964020366875, 0.2734543303627378, 0.3104800531088945, 1.7056053761828316, -0.8727100205715272, 2.1559895408702068, -1.2290421995976992, -0.2849918158419268, 0.4989389186161912, 0.3556370972831302, 0.5920053131588816, 0.21633442265710817, 0.836343627258458, -0.45715441456421924, -0.012866419150866566, 0.130604418137701, 0.09205743428048865, -0.5182207659427912, -0.330779645098307, 0.30532275767600964, 0.16519438291675104, -0.7810856828077825, -0.0024983974652329054, -0.16010315864100721, -0.2213789824097961, 0.09068719466759534, -0.10662691884360544, -0.7970363218454729, -0.4542120345312899]","[-0.07261020530040704, -0.6172617144877572, 0.6275301912489426, -0.7062550637216407, 0.9677765002940955, -0.2638474942893035, -0.5344005874714334, -0.3350843865633258, -0.3677279199406749, -0.2185106224764095, -0.15604619212909124, -0.48199790256175445, -0.33541805326099916, 0.13869297918339574, 0.436197027573091, 0.2813191355303038, 0.2264502133806961, -0.6790641952267794, 0.5328087609600606, -1.3391693968653637, 0.5421632173093501, 0.39897985936673436, 0.590935617329912, 0.3205206355657608, 0.005289755332878514, 0.06859504310994141, 0.3298905744583912, 0.05016566131805538, 0.4959231825811861, -1.0608614020542284, 0.42388180310086654, -0.02577249706713995, 0.23937778342172716, -0.017227290593112773, -0.11049274772478813, 0.4517980118222065, 0.014782962049564858, -0.11158490286504141, 0.6217727214606626, -0.08727363810057433]"
"[-0.3256658380820041, -3.376629108480405, -0.49423384780776075, 1.5907479696160078, 1.483111966073249, 0.5349214026545979, 0.4497854598490775, -0.21726910658773152, 0.5783645417387044, -0.2701857322122153, -0.6014070867141209, -0.4000115020271856, 1.3985377773091487, 0.4506993601473059, 0.49095027809849534, -1.2055616083326453, -0.5623239560714705, -0.6556973744894677, 0.885604744062738, -0.043044759979031115, 0.6697792621053811, 0.5302019265390914, -0.7015957471529616, -0.5200731592559668, 1.1820043513479603, -0.4739530706718165, -0.22503249189364444, -0.6093705742444866, 0.64259478797194, -0.4805654947559895, -0.5223925288960625, 0.2899905482913565, 0.08517060656599779, 0.5510531248569973, -0.09786485042425268, -1.6272840697329936, 0.5979708958058287, 0.9970120829187726, 1.0904693377080807, 1.124380081943511]","[-1.9093624423102424, -0.8197908672244697, 0.5196553036543786, -0.32293326734930566, 0.39304682487847925, 0.614546377789712, 1.135398476275014, -0.019173569210219253, 0.23698086394426068, -0.789287559213302, -0.17842563790068874, 1.1736401528539804, -1.1482402341214042, 0.2661620789616795, 1.153861427990211, -0.308629358890958, -0.6415065993574428, 0.20097331693844972, 0.6420770083084886, -0.29814014258449917, 0.2080599154103463, -0.3675442743006917, -0.046147364076462825, -0.17874751329426394, 0.44432575940354757, -0.1554131590449735, 0.0931745970923416, -0.29803087768377207, -0.18385431782486059, 0.6384354952447732, -0.8496544161466962, 0.458713084843809, -0.4198963779267511, 0.6155164189992232, -0.49315995274743385, -0.056513612168013, -0.18121691153329011, 0.6795208180019544, 0.2844602452137333, -0.33434840259338217]"
"[0.42850659619613957, -0.5153912225570336, 1.3301398272406406, 2.421045019767548, 0.050503508223182884, -0.6498901757984323, -0.11168216315136993, -0.6887995996429751, 0.0967586662899326, 0.08564679449849827, -1.171866415008659, -1.2911802480048509, -0.08651049711980165, -0.03292823249937109, 2.6191647172039367, 0.8363595944080328, -1.0464181855687724, -1.1730598416809765, -0.2989925887129745, 1.1038816285295763, 0.02842660990588002, -2.140907805893909, 0.1830949617910955, 0.043799604805701275, -0.06073078343806603, -1.1137288098540628, 0.7200643982660289, 0.035242427474228226, -0.1398509178374797, 0.8369033011553422, -0.6140731806945705, -1.4401002291511027, 0.8717395009080886, 0.830057150533645, -0.4575122647875174, 0.05836520416388048, 0.2634316038827983, -0.13448948364070654, 0.4768243975290478, 1.5185630553891507]","[-0.6696634181179246, 0.20551941307017096, -0.5282959774822367, -0.6155129360828606, 1.1493349719548938, 0.7708333420182341, -1.118367584577984, -1.837225587677967, 1.3720907620229899, 0.946324222654368, 0.5135126224260543, 0.49881348985241525, 0.3330681410255189, 0.2673131664569437, 0.3919673908586404, 0.42717995949229315, 0.10263440655317707, -0.8837098205363731, 0.03199149975650721, 0.07007557198764947, -0.6688682054468363, -0.1965220590334867, -0.17814935875149795, 0.2373057127464799, -0.03155992537257788, 0.4369500514983071, -0.9364737439671852, -0.20169460077446705, 0.15937640717540735, -0.5381642430442444, 0.35770873459481833, 0.27000994291946484, 0.10294191111061429, -0.5354604834233735, 0.45708821296651037, 0.21056172148608412, -0.41985904705151195, -0.06452945944693969, 0.3089163848025694, -0.43443199137545424]"
"[1.0158226405903497, 0.03988797763210594, -2.263882978374362, -1.2409423726891367, -0.32813546795404036, -0.714373901597774, 0.5634135412793196, 0.6563286924193118, 0.06966959000076706, 2.1101382645781483, 0.41945172751878806, 1.3262485359956258, -0.3346772096825529, -1.2530908955423772, 1.5330741085109745, -0.21917599893410736, -0.892129362673357, 0.1084060742610178, -0.9501744302542453, 0.3770702127906627, 0.6297874432296998, 0.08417245413666634, -0.1340877373361466, -0.4417989318404978, -0.030720255518198833, 0.16787699294296082, -0.31339092300373755, 0.8432694946166147, -0.3102482492513902, 0.3233316611925471, 0.41480997135226516, -0.6739003308651509, 0.4932488168351694, -0.7371523406209342, -0.33164427710221256, -0.30933218324665274, 0.9740671276744735, -0.4024497686895833, -0.25382881161086646, -0.9429093725675293]","[-1.7831818089534754, 0.7038199096715707, 0.011865131881967257, 0.7937499706821586, 1.0060999670482578, -0.353550952193712, 0.9141026852204799, -0.5585326425238065, 0.26296045677177077, 0.363382894152104, -0.18399645611272186, -1.6404940801144288, 0.15289541972578646, 0.1620982276742833, -0.013559128242297255, 0.6469447468022402, -0.3300059777859342, -0.016331481067549218, 0.489968919049706, 0.34602025550648, 0.17124821243747684, 0.6098046843639223, 0.4264577622288961, 0.09440057857915553, -0.16572263205517773, -0.28455371301786603, 0.421864732274693, -0.5685796360536775, -0.17456221282878148, -0.13956777200676102, -0.5487930264967021, -0.2237607670470179, -0.6180067698240276, 0.46478814242159383, 0.2181549644492805, 0.4461317507484049, -0.34915016763300366, -0.26110519659925957, 0.34701154647371857, 0.3207548764811248]"
"[-0.4768161016086357, 0.7367900961189724, 1.0844958352146232, 2.554020692277954, 0.05830919997678533, -1.2226384179990197, -0.1731441603697692, 0.19072799092284973, 0.26827912902039636, -0.5614149761154176, -0.9803256123761805, -2.4005991745411475, -1.040704392985219, 0.08300024213157359, 0.7038819692967672, 0.5326679325140063, -0.7903511191475799, -0.7214331377933274, -1.5981562441232695, 1.154833204887551, -0.34395704671238486, -1.5029497974873225, -0.4926003726571349, -0.0464432975413691, -0.5194013011294616, -0.5879723775945873, 0.6171610429930818, 0.5903837125901389, 0.10313851505561053, 0.5740739757454653, -0.7526366257766877, -0.8623680871464171, 0.4379381902483912, 0.4862612569809484, 0.5498618275427892, -0.06384719537544283, 0.8439968160445442, -0.10745061105474282, -0.09077575418486257, 0.3291586906274443]","[0.7486805009964059, 0.4095690743777056, -1.4169132449978563, -0.8936949864892453, 0.5463382905819314, 1.0337842964851085, -1.0768261967202033, -1.5746247159908695, 0.6903004258704969, 1.1618728568902992, 1.068420199584758, 0.7647212039858527, 0.4047982084674761, 0.09796254440498028, 0.1479170226784493, -0.04025239733914151, -0.4044142039593926, -0.7649234979427735, 0.10360009344131574, 0.4055102746508139, -0.6560552071234255, 0.10779036926154466, 0.0044276770297043445, -0.05386040733125584, -0.10017764372496955, 0.607941250319576, -0.19750015799994916, -0.305951314238203, -0.4071761600411831, -0.31246313476171544, -0.21404526515479125, -0.050302524037810666, -0.14233014498919747, -0.20208069349437807, 0.1690170248663942, 0.03906950737446915, -0.18732802884166608, 0.09748150266503129, -0.0136080528223668, -0.08196579016148739]"
"[-0.661551026770447, -0.9690017072190024, 0.7170528380676726, -0.7659936646546395, -0.24931392040073266, 0.22285272966091726, -1.1278336807663507, 2.419356383971014, 1.387356308190241, 1.4080483974564637, 0.05071846768357822, -0.627686496029084, 1.793008996945948, 0.5768537239625423, -0.3422047506270062, 0.19269975462951555, 0.40320834358033125, -0.19296184225796537, -0.04180402314736608, -0.02986080807302634, 1.4729412187643154, -0.5769079248889275, 0.7258917123609174, -0.33167522839743896, -0.7126146757151529, 0.9380206410740546, -1.4253181358796363, -0.6316984651568127, 1.157174094756597, 0.20787603178430353, 0.6476129406978903, -0.5834260303338432, 1.9128111695230798, -0.6244876949979054, 0.8285789308630938, -0.7622419088706947, -1.8559525096788776, 0.23242011348905928, -0.579182378610959, -0.6222785450568173]","[1.0933982731790488, -0.8263761398382597, -0.47420592854592325, 0.4581618052912644, -0.22820487621345723, 0.22170646008244577, 1.0232702451314013, -0.43313831364398014, -0.11222364320316988, 0.15910180627328865, 0.0967080514883383, -0.574861216941568, 0.2644773619661341, 0.8109450395841892, -0.15448065176746756, -0.812422814657311, 0.10326972356974826, -0.26712449351051365, -0.8119479350666039, -0.17113438464367148, 0.4912433918660805, 0.7073715513606077, -0.09747140710181094, -0.4147992614256551, 0.08686284627691701, 0.020059704148237052, -0.5521009349965306, 0.2233393128052099, 0.1545291067581886, -0.23064070136051135, 0.029694812726993074, 0.40026299145458444, 0.33751657685715336, 0.10403097569926975, -0.6483808899331555, 0.04021433213255849, 0.5111336333378304, -0.35050460502305236, -0.09453191208127693, 0.18893183877811168]"
"[0.09931344737332139, 1.601605921634887, -0.43061193358796146, -1.2407371091972568, 0.5817408027344096, -2.233485353960822, -1.4888809148460687, -2.1611979415126457, -1.2892026097380784, -1.9614930888676914, -1.2351259566138484, -1.4792076059739208, -0.16744580877862147, -1.0794067306471096, 0.2880716393525399, -0.005338917826160777, 1.0767357602815237, 0.13405424902427523, 1.128216052078687, -0.2772071286508322, 1.130103127328478, -0.6861814387788527, 0.2973013490410205, -0.5846828472687536, 0.34527387686370703, 0.47204866890607505, 0.28301142179245126, -0.7040611453810435, 0.3015352447173961, 0.13573296863136458, 0.6677200922341089, 0.8778175551980111, -0.092951357730576, -0.046575877391031584, 0.4070947951974385, 0.5512700456529369, 0.01709515273479124, 0.05602616189249952, -0.0570491529016902, -0.0774095627312551]","[-0.24412760288705374, -0.41100721410087093, 1.1945050204461622, -1.252704114070952, -0.5575891481001175, -0.5329742967751914, 1.7148410360556758, 0.26121966359457666, 1.0957255578948255, 0.8615137687706964, -0.6469002210492052, 0.4112106445685398, -0.630996715003015, -0.5012813752948374, -0.18816330544100465, -0.16816081828885077, 0.4969244858508609, -0.2521457260560788, -0.9803138168502481, -0.08528978762630322, -0.35501922866195956, 0.5550597843100243, -0.1167280421236549, -0.6612995598077986, -0.44982783283695416, -0.5440434333857558, -0.3193995641542639, -0.27291166836981295, 0.3887850908851835, 0.3546695204131676, 0.11069207193592355, -0.2354701464595836, -0.24924291022539904, -0.11321498575058825, 0.16317307016436197, 0.24242664412653409, -0.045062379047191334, -0.4457430860370332, 0.3664276292115124, 0.27148603719487735]"
"[0.13945429513044985, 0.9094291371181352, 0.15223116774100978, 1.0122557712000557, -1.52792967807171, -2.1082652229596297, -1.5158928495967192, 0.12815071235103045, -0.511275415535876, -0.6637461484753902, -1.708083423207696, -2.574340821234394, -1.3085967199132624, -0.07924549345159836, 1.8845081139689264, 0.4331066445116124, -2.193219073922732, -1.4496224340470625, -1.4434365126380393, 0.8635961952995507, 0.15580140463062897, -1.0534043161507705, -0.3270531989261246, -0.33240298821147174, 0.3655342801057597, -0.06673887785913143, -0.4917436411298653, -0.11332312403964065, -0.7489299332859619, 0.7902159995391438, -0.048093011432513474, -0.7077337424304261, 0.15739718413609624, 0.38202862517041053, -0.2841078722871712, 0.19752440478926342, -0.3410666563883881, -0.02039866626113658, -0.7810730845762963, 0.3766821602292054]","[-0.11073047329940759, -0.3201124878807721, -0.33644807926416564, -0.4746354184866601, 1.1833969806244473, 1.0008234561480975, -0.6230982828207654, -1.8851268393497285, 1.4650253528978439, 0.6088632780572713, 0.3722766195456492, 0.7578603619589751, -0.30677469436748767, 0.022606804808266996, 0.3453398577379299, 0.5364780145062538, -0.1887532893226855, -1.096841175002137, -0.525805648483534, 0.3567375782979139, -0.2863330166259103, -0.5418489003035944, -0.22633018078406045, 0.08274677888669742, 0.3009901851328501, 0.4616608328939173, -0.9196501638573742, -0.12705586143666558, -0.02353972043403382, -0.12238848875559914, 0.09207958815744909, -0.09994543182976584, -0.07606933933860192, -0.33243066221965845, 0.5791349520454963, -0.03640002258388682, -0.45584749583461026, -0.2682442057581999, 0.2029532496505124, -0.27143745121086926]"
"[-2.0374581516721197, 1.1059790934154268, -1.26326795977955, 0.5182361713349217, -1.6031552539685168, 0.27070497366551555, 0.6643469603955844, -0.7152155113589643, -1.208981104938314, 0.8221077318192958, -0.29434804173060336, -0.13111408371945077, -0.7025219754070136, -0.4926962052529604, -0.05745461058383023, -0.37198453351474836, 0.5227020096085367, -1.2075603584964465, -1.706293456192476, 0.20377411249481545, -0.17655014498439944, -0.11361657393674597, 0.5910238799262546, 1.0921117152688702, 0.7802839428594924, 0.879576337777663, -0.43914265668289965, 0.5358182464982458, -0.05004536658447003, -0.004445433556983523, 0.07373381588213802, 0.9861978679074549, 0.053036874527576196, -0.6312047344945013, 0.2619289569629029, -0.8530216138942259, 0.2687493682055277, -0.9125720395967005, 0.49929147840051746, -0.6475514729300591]","[-1.5515779684161009, -0.5363296407818353, -1.2901692347576297, -0.9929107511227503, -0.32847557795447985, 0.2715662153462189, 0.01883471861097618, -0.005692580878791099, -0.6259826081616697, -0.3087477407793313, 0.13538838903306522, -0.1234000932385416, -0.6005151572414023, -0.1606027156219955, 0.31866343312669915, 0.37267776933704994, -0.10529780632470576, 0.2950453597703729, -0.37757456192952793, 0.031721836674470025, 1.485002126760531, 0.5593584352126865, 0.7474987599099209, -0.625487304796219, -0.01962943734293192, -0.39570945052074896, 0.48031178187001156, -0.04007545407752748, 1.430119747747203, 0.7449277252315579, -0.057445843415651995, -0.13259164268979087, 0.18183694831328853, 0.009170590366533417, 0.22354969252926682, 0.06172493184281977, 0.14136678099004174, 0.18641638019946163, 0.011009314794903075, -0.9623666206563399]"
"[-0.32216125370473403, -1.13798091186986, 0.8678295061113606, 1.4956593964745943, 1.0804327424322855, -0.5119776078499185, -0.018543011524407883, 1.3824899242562727, -0.9210860103510096, -1.0340794548993752, 0.05930833921751023, -0.7253864441766747, -0.06954921854338153, -0.7537698152015359, 1.9469453679813546, 1.767099043957971, -1.553100384974826, -0.7532171217883523, 0.42044896389905423, 0.8229684652118455, -0.6367668928086995, -1.0226248256744621, -0.07180900480970097, -0.38558719875323355, 0.5323754031084906, 0.4227874416104218, -0.7636757373851907, -0.16491948303639406, -0.20510062985760272, 0.06264868080502049, -1.3404699438865137, -1.1747335375902312, -0.16205065304367944, -0.5059118261231298, 0.9208305595237761, -0.7157588981432376, 0.4532973018009718, 0.9030857558838332, -0.3438015740595789, -0.5851063358079986]","[-1.286755698512466, 0.2333510044167917, -0.867160749756601, -0.6936303994874915, 0.9401101589088354, 1.3501342549934718, 0.45268545624652007, -0.5456740436751103, -0.14723009938839748, 0.38333454089598085, 0.31941205198276024, 0.376971544632627, 0.09665427687408279, 0.14853216812847478, 0.020398055482990517, -0.41737528826591636, 0.41461464289278827, 0.12568733901425957, 0.32425652924317927, 0.3018352551379768, -0.7157198058320136, 0.17283684914004874, 0.08001521395514793, 0.7224418690764636, -0.4471921107735124, -0.35551917037660286, -0.2763084175173888, -0.07824912104484243, 0.016563697142451025, -0.41307162799067215, 0.39624211520503866, -0.28874339902451424, -0.3577217414695725, -0.27279507142759574, 0.22931258658135423, -0.33290981494185606, 0.2188058386473808, -0.10477565927894995, 0.5077913875615632, -0.3885511277277473]"
"[-0.6934647819448668, -0.5408671682752135, -0.52050519557227, 0.7304899277389764, 0.5792044249245294, -0.396232818366709, -0.42765595991536837, 0.6223204642550388, 1.5351044723984646, -0.9387291435837456, 0.6479358889030326, 2.0637626321319327, 0.2918382703174273, 0.26007656150120445, 1.1992695393703405, -2.0161318310214407, 0.7287070118626526, 1.4187276941902214, 1.0774036437880563, -0.32775456232256306, -0.4277911835202721, -0.33769364424948317, -0.02912287257190174, 0.7975633146174345, -0.0919955098507777, -0.8818695325013873, -0.18139618521455148, 0.5521810165593076, -0.601404777993715, 0.07954948295366442, 0.459154292395755, 0.3753974057630089, 0.16865822439772093, -0.09947510343521483, -0.17887876755844997, -0.20154664051564372, -0.3109252896679398, -0.06495199246372084, 0.0755048262779397, 0.9082642102579863]","[0.46505296261343415, -0.1168611287087511, 0.4909958900945516, -0.5863673920562102, 0.8441865035577677, -0.591718595526593, -0.27079829099249375, 0.32255308074396966, -0.40071487082292157, -0.17349410306689347, -0.4008728298612247, 0.5632339900400867, -0.29244684175131447, -0.7414119389238734, -0.6130902906840875, 0.4861709495963389, 0.21419945779467414, -0.22296546438143858, 0.08183759093416874, -0.25948593890027255, -0.25769234271685026, 0.0855365636289605, 0.15797935307506308, -0.2767555912734971, 0.6487080350242375, -0.322162467842562, 0.17715547052719458, 0.5233974921595695, -0.6269182617861098, -0.43161200734237465, -0.8301546523456607, 0.1723978447244448, 0.5309369406114394, -0.1271803917576552, -0.42738775570673204, -0.01372539688354507, -0.5381471751618876, 1.0704010447272123, 0.8904587201706284, 0.09301653273373926]"
"[-1.672935201520366, -0.22648775624035677, 1.3100919155637838, -1.244698299313533, -0.6648204673767144, -0.5152196581792784, 1.268486953684103, 1.8005128852090952, -1.6064836074411104, -0.7449753278943315, -0.8339016790907081, 1.5248824010718145, -1.3574130443417436, 0.7532963976245042, -0.9584823678012525, -0.9524456505809314, -0.040114877885988796, -0.23528902819744557, 0.3435345204120778, -0.7727246721691815, -0.02862833185690696, -0.9729272221427202, -1.2083612931850525, -0.15363611132517133, 0.9479303541486139, 0.18256852183175223, -0.5173068200437124, -0.22764822758249384, 0.0797480853647999, -2.0342650428235918, -0.7339426799313218, -0.3975560537195849, 0.02316942841431748, 1.0645298719091822, -0.5877164451799256, -0.23320674551682738, 0.7569636742176494, 0.47110746902831185, -0.66844317387796, -0.29240000169404967]","[1.3812014328296844, -0.788873835951923, 0.2671999397900312, -1.4187772175215363, 1.3733060337851806, 0.6248762032170084, 0.45238499813394406, 0.7804050201693601, -1.2202707997566578, 0.3742316107952621, -0.23985353488905017, -0.6389141267950689, -0.07210574239500842, -0.2928420461198627, -0.0911347851480173, 0.31259545716808107, -0.398491631193293, -0.07997603595209554, -0.21123027794244162, -0.9003799637564581, -0.3116140154596085, -0.08289302582457252, 0.116041538703573, 0.3338914685318877, 0.5604330745670414, 0.08694530284183422, 0.1428245705039636, -0.5079929510596886, -0.11685979889841462, 0.6567627305877521, 0.16059248113699368, -0.08682122394542698, 0.24918295833215157, 0.2105546560800427, 0.24345735419156248, -0.18294532953888787, -0.391928929540939, 0.13887965891906998, 0.07934378186926823, -0.22713470525302382]"
"[-1.2736027125725673, 0.8947915591443965, 1.3108225644494573, -3.3536882557559196, -1.5346347978769033, 0.06533410550797517, 1.1120015487873742, 0.5296401451094315, -0.4291694669331504, -1.8325846444910827, -0.05500290763510469, 1.3629208878445467, -1.0535068067006874, 0.4378931877599183, -0.5150625207441183, -0.507173404197045, -1.1949801768152077, -0.44725277229976373, 0.9564636717884983, 0.860274567668252, 0.8549611655651677, -0.44091424478409774, -0.15280238292298634, 0.057304418920342236, 0.66412422072083, -0.2984729835136693, -0.3323354247173355, -0.28862014470949465, 0.6672214114693918, -1.211302087212971, -0.718953680529956, 0.0783597475074245, 0.8015207548740578, 0.37981362633173793, -0.2896019230905693, 0.22997836258603, 0.11161107326717781, 0.5113863236382232, 0.05920958868600682, 0.3986529746699151]","[0.8272754553086046, -0.9200720637722141, -0.10870474294196716, -0.30497590486292725, 0.6731311371619767, 0.27841993044603197, -0.1340314941569583, 0.9197104151285272, -0.5553105577920745, -0.7967288539606064, 0.10552215027237025, -0.4883218707548052, -0.25035982819717467, 0.1197752331533768, -0.19714910470512867, 0.24299178924042195, -0.13531989382083487, -0.10007114488385581, 0.28656004225477255, -0.2600032021740608, -0.24159281051257417, -0.21692697398718394, -0.12925418790355964, 0.4399322534083473, 0.6026406145868285, -0.14136857676973436, -0.17835393724584378, -0.5229761287357544, 0.4255268947685377, -0.1987165303556616, 0.2530905155956975, 0.02495854265176363, 0.1580858379187414, -0.12262049105415725, 0.30157541865970716, -0.0006291021193364762, -0.07958556216903555, 0.04266040706043499, -0.34178883186587156, -0.03636342887127138]"
"[-0.8011678222315, 1.935185208005414, 1.053197007620079, -1.2366212977918405, 0.5108520757833376, -0.9900273344355132, 1.2268998629932786, -0.6616580701211939, -1.7821094262806987, -1.321443238264635, -0.7063252541770727, 1.8951723654177608, -0.28937347406287617, -0.6691246603466418, -0.2634694445748998, 0.8426919443414755, 1.4722364526040872, -0.46515954941421844, 1.346543674985209, 0.324994170084838, 0.30702061986706475, -0.26012333892526585, 0.19019858155279032, -0.3261434990749732, -0.4176445235916902, 1.7030410717295625, 0.15526274846016375, 0.5603997161315448, -0.11502082907992398, 0.0417888503785729, -0.47809643242241123, 0.14792630309225985, 1.1885583707739118, 0.3326396895599015, -0.3884018501678093, 0.007540584534918517, -0.2154044363806787, -1.2009376535563736, -0.20606412906430785, 0.3751476329667382]","[0.21051629204084146, -0.8653335870507471, 1.145204955802667, -1.8576387594206456, -0.4970550804285294, -0.5447574357794691, 0.9712695959544559, 0.5520082420062905, -0.842309358503536, -1.090202006330881, -0.09600074866378241, -0.6083124013666577, -0.17848408404752, -0.07308058099766597, -1.0793118407597526, 0.0767628618098965, -0.26857859234248327, -0.5010716686857712, 0.036546669815187775, 1.0539800090391853, 0.9363677474353742, -0.017646020269401597, 0.14231361177819818, -0.20199423695417115, -1.0697971870812064, -0.06872872681663655, -0.5827112655899582, -0.24717161806623017, -0.45800564770261715, -0.5367606596817557, -0.09308024730813484, -0.009177753122597858, -0.08474299349249166, -0.09332892132617993, -0.32209965134182694, -0.18736420191650927, 0.35329337289676727, 0.5372352921054572, -0.15362792672887435, 0.612619974739468]"
"[0.9719092260607999, -0.9150233107123337, -0.19038417364232924, -0.7979642327130271, 0.10474217863022284, -0.9929956098305177, -0.7265480042227305, -1.3524563971084156, -1.6437618880825642, -2.322216815619742, 0.11187203995288436, 0.6314762995496405, 0.5945558509148617, -1.6236714648032842, 1.4737094356692977, 1.3552921917905472, 0.14662974657540154, -0.14073178121309238, 0.644082002529137, -0.07733135808261592, 0.38211264608403306, 1.0605013137749872, 0.2382553967820747, 0.4604835004380819, -0.09337465153198847, 1.0737515070433759, -0.4921124309302843, 0.2217461433052067, -1.0222428349568966, 0.021307188095740975, -0.40580779802602124, -0.5819460864483641, 0.7285145190820769, -0.5210882591780515, -0.01673758230607203, 0.5202820907177818, -0.4700954251216734, -0.9327986356232205, -0.3272050205774309, 0.09571758112259189]","[-2.37990102881886, -0.35801599324263095, 0.21007017819998772, 0.5484477650748792, 0.665492543932136, -0.5001213354870032, 0.48948786695692653, -0.27680866368185836, -0.4202825815514335, 0.11483114265325203, -0.6651227882722046, -0.6852545874033598, 0.011581290245179485, -0.47776685899508053, -0.1244444005563613, 0.3982702713531127, 0.2506238586029605, -0.5539871790979936, -0.5890343678321441, 0.2814661423539714, -0.174379052856745, -0.4277560865049552, 0.61305700566332, 0.602221686098635, 0.4007426028154409, -0.28427347686874127, 0.04739589120977729, -0.19263985980388812, 0.5017224825416321, 0.3589243412975014, -0.281780860576128, -0.3197756965595667, 0.5373802377276183, -0.259454079981821, 0.22825958147449088, -0.1312466525349279, -0.40369380093608426, -0.35735745498587657, -0.36334506202191125, 0.10918340938182002]"
"[-0.6053252835355387, -0.9421343897332524, 0.23229661759149375, 0.7837064367664829, -2.3296642662904263, 0.9267221799451048, -0.1931525278147995, -2.043715546402367, 0.02133226870547302, 1.1669097829287358, -1.3345474304068243, -1.0104502589006505, 0.6174000305642684, 0.21516233365747234, -0.39438517958989433, -0.7574829227160812, -0.822687165667576, -0.10631775740720502, 0.48524819277665643, -1.487338823306576, -0.5778352248666043, -0.7880503027814776, -0.07227304709104299, 0.691258211761898, -1.666552275295582, 0.9841464885409111, -0.3249849053363893, -0.5452248569680871, -0.20953890428120883, -0.3860039764527953, -0.6928379897640455, 0.3286521650771242, -1.0374977096985467, 0.06579591995583961, 0.8402590742415892, -0.16602011645911563, -0.5119358434109691, 0.9038232356121534, 0.1817589076708899, -0.7253552445261007]","[-0.6333877731486767, -0.6050138780310718, -0.3177409863604064, 0.8113329845563061, 0.2699344606990484, 0.3607975671716669, -0.8505957442968065, 0.39397297152082594, 0.3587025858162081, -0.06056639875839145, -0.3288542937709224, 0.005842697084446714, -0.8051563407053113, 0.6966367820352328, -0.0566960826128311, -0.7067339167491047, -0.21617899413900177, 0.4751529842363145, 0.33410071556503357, 0.32388858231640805, 0.46461904486085465, -0.26516591083941765, 0.44976668178115764, -0.7060171228602854, 0.23767422725398063, -0.04630299622109855, -0.30738891261839163, 0.5822706951353557, 0.3841431977635062, 0.021765215989345083, -0.1623032982813285, 0.7341889127277034, -0.18236352703887843, -0.2952095802478026, 0.09194633104707979, -0.6321296421442512, -0.4055785879937328, 0.27251580257492597, 0.11340022231474262, -0.021069888548476044]"
"[-0.37153264304120165, 0.23809070514342895, -0.3424056186980534, -0.019822347132874202, 0.3013470666164222, -0.18232375223588637, 0.6278876580447066, -0.8466552574899365, -0.8754694768918225, -1.9592621426588162, -0.21891573121940236, 1.7641770042502927, 0.6324555329305659, -0.886094293196123, 0.4189933000726505, 0.6000845507404511, 0.26595194338560885, 0.47237037127390347, 1.614189897625977, 0.7216743456718397, -0.12638477062159656, 0.8725710286438447, -0.3755957972857147, 1.6337043429709495, -0.9689261267514714, 1.3367668125776206, -0.2703736719720435, 0.5611728484731493, -0.7536390636349498, 0.17132027154307466, 0.5076731632816209, 0.3856720871086794, 1.1249282735301158, 1.015738233062991, 0.20365500410890042, 0.3763190075295594, 0.21246582128765923, -0.16907489704576706, -0.6130483024132963, 0.9783543027956129]","[-0.41745380672864396, -0.5611041265311787, -1.3388203243153292, 0.2388400100366997, -0.6783628640624526, -0.4348268603542991, 0.3580808769697133, -0.259458913421122, -0.08022039349660867, -0.5203341713653405, -0.08386792574605276, -0.49233990714059334, 0.3888988299119285, -0.8762730604503519, -0.36110427904397635, 0.5767563477870644, -0.5980378574289661, -0.70323174914926, 0.09554578554829497, -0.10132577092151539, -0.10162905912451808, 0.12359539083473578, 0.1764363927965624, -0.3456219321200337, 0.30638802365537326, -0.2629170433122735, 0.11829293156719162, -0.0862502197521574, -0.29562904105516324, -0.3753782329357453, -0.4384422057433053, -0.03851826194996021, -0.21043040012231853, -0.27365984823838346, -0.6801600769225469, -0.5204620674294896, -0.13696528937076743, 0.17049452570373783, 0.017334331622165085, 0.34406321123407313]"
"[-0.3146976023900226, 1.178771050022609, 0.8126941456533139, -1.9012802142527756, 0.26381953452289597, -0.16803081282943283, 1.288817429185302, -0.29192959408726643, -2.2101645261472562, -1.4512717280031076, -1.1960066310620692, 1.7040662763716103, 0.5521703983100432, -0.6715778513740901, 0.25097394670556844, 0.6347925747340297, 0.6122314201058556, -0.08995481888039912, 1.5577895456590993, -0.52502323195098, 0.246536524485378, -0.4407339627883931, -1.3087553648881753, -0.2021507829994765, -0.21348476055301788, 0.32771097427574547, 0.2907625585194683, 0.42930625286448004, 0.1222447496610719, -0.7948537519988171, 0.05635903657908695, -0.7152242670608218, 1.2531250301504042, 0.23862249300798835, -0.6529220590475759, -0.07962622709560048, 0.20083098315601108, -0.2673914278389248, -0.40410119139331857, 0.8060761380443827]","[0.33766803134849865, -0.960916490763593, 0.6412555293864992, -1.3233607673995529, -0.7318179286548708, -0.38118348413512554, 1.5162479442279142, 0.4312321806734368, -1.0063894724236797, -0.7913761278601599, -0.13240362476984807, -0.3349613179005481, -0.14606493503919055, -0.09797905742327195, -0.6351813066052395, 0.001585957247263358, -0.5870497362664677, -0.43999297421309086, -0.07512183984708944, 0.7051613950932331, 0.8869050643515676, 0.09058591339910384, 0.19206443679734012, -0.18577326362560362, -0.3041831735113116, -0.108924009407514, -0.4519527803920905, -0.4566642969353839, -0.44795445538848144, -0.38513774794380445, -0.4486448316288715, -0.04089783999816709, -0.13319002339756128, -0.005459268726893418, -0.48332270518980935, -0.2884943972210773, 0.008866809166903843, 0.445532767219137, -0.16263949242037884, 0.286409215894452]"
"[-0.1205276597906552, 0.6564011461014121, 0.529172174311197, -0.8849007644042552, -2.815935317275243, -0.14835177799919674, 0.7388687645668092, 0.05030265019867395, -0.2724897347733301, -1.1739998268228884, 0.707410782723991, 0.36411001537027043, -1.2835829704684687, -0.8233216529275109, 0.8149005864904262, 0.2660232722678267, -1.0415186535598764, -0.8408011104577889, 0.2578602651889941, -0.1697930558623369, -0.5457068940223543, 0.16115587824622477, 0.26052384390709793, -0.8053445420182214, 1.0941506112709638, 0.2571363593065398, -0.32917762964392616, -0.11247772323186456, -0.06965478915963515, -2.1877225139207876, -0.5710174334521164, -0.782974170392831, 0.36659539974185373, -0.37442694019396217, 0.8870702270228641, -0.037136334662118395, -0.2816801390820283, -0.5209580888168636, -0.41298355753143023, 0.2265951505112494]","[-0.15888409812163845, -0.8710381314088118, -0.338976159619414, 0.39389143778682295, 0.6164504384516535, -0.6562370034956209, 0.959548667426357, -0.03926810280521766, 0.4716123987556434, -0.39319061481146467, -1.4107898658449394, 1.119015161038368, -0.5609499070300691, -0.10298818946165293, -0.1472791627195798, 0.7496861760646893, -0.05368719968480797, -0.4546531725843623, 0.07836953303348983, -0.679890275094829, 0.25888638615785486, -0.46072629199077114, -0.4327925198110894, 0.23421413393877613, 0.11828235141473557, -0.3284245154924012, 0.13157296183528627, 0.21940788111790713, 0.19936378244174097, -0.4064473412414395, 0.16781667533119013, -0.42238818259363614, 0.6564722410991976, 0.30674266413230256, 0.2324407812265026, -0.6212119843272196, -0.47623428811781654, 0.49153163553633006, -0.357352575298692, -0.12734649522401878]"
"[-1.114206145226869, 1.8691057562010793, 0.6751306056850271, 0.020089731078864064, -0.8454994913226059, 0.21172035712688622, 1.8041185023030455, -0.21662884207155383, -2.038488161062652, -0.9735975385612338, 0.25405966143469666, 1.9722246674171127, 0.8810543335220696, -0.6572382376466913, 0.22998613913541666, 0.314343485424205, 0.02299293512080299, -0.6991267925411625, 1.977219867303425, -0.1297936580250752, -0.32142165739096534, -0.25286530713227534, -0.8882281931347294, -0.49264998717228015, 0.13830085231800715, 0.42459700242991877, 0.11839327085207164, 0.026775342130840752, -0.6652790703033064, -0.0819792256574526, -0.42626729781612416, 0.23463437373202098, 1.1312107715633803, -0.17319980497944343, 0.18757096693092906, -0.3865910324894964, -1.2360625340987894, 0.09576275923526097, -0.9103022625698914, 0.6054728285121649]","[1.441842398336068, -0.5139310073861477, -0.396855497076458, -1.256292182175099, -0.398970843350897, -1.2187124935175235, 0.1104362032444184, 0.5363462963154304, -0.20219683292007748, -0.6049116720205181, -1.160983215593745, 0.052118195161696156, 0.26555958556374926, -0.3572555859742581, -0.25234275464493355, 0.4497718307066747, 0.08132645972774323, -0.46521907201995294, 0.36178529328196074, 0.3055410248727527, 0.09216837852665367, -0.2979713673517343, -0.547989059900921, 0.2986994288360283, 0.1330155082288246, 0.3500960241601951, 0.28118761747794024, 0.14983461460761058, -0.13066668955343, 0.006871401710068898, -0.05295742573000008, 0.25291125667992087, 0.2574560545671499, -0.09827516126779218, -0.055895010070277765, -0.5269432880467808, -0.23205576392468738, 0.3047246399164955, 0.14976550761572963, 0.08593319571163197]"
"[-0.6637206464995489, 1.5212306678242808, -0.22703491462973874, -2.970195676133376, -0.16396091919153033, -0.1174099473308126, 1.035682600514993, -1.3767648301155586, -1.325545460957549, -1.978581404236136, 0.23412134454669464, 1.3665142073111578, 0.38769756424913865, -0.02767826067321388, 0.37811641011940034, 0.4414239362826914, -0.2621698080742123, 0.23123076966976394, 0.6215995793135792, 1.0964876419295797, 0.19798511830766172, -0.005362140792915504, 0.1958874568225213, -0.5964900750539416, 0.08516750675777536, 0.6034537434389777, 0.35670353442836483, -0.10585153922898029, -0.5952436563102671, 0.020980001284942713, -0.3983904104045859, 0.11169629300527968, 1.0094831801593982, 0.38705688729486226, -0.9947610795731705, -0.551810824905225, 0.04498448508788135, -0.1207289758270755, -0.5034376185142433, -0.4501062905205006]","[0.5580570250467638, -0.6344642502120401, -0.19214399222304443, 1.224795173261117, -1.0734905404908794, -0.7365308774011756, 1.024751788288671, -1.0517268980935854, -0.49248414549287883, -0.3377895249413741, 0.13441960060262045, -0.1467391228476833, -0.3595468991286405, -0.34979003923104, -0.6062755566002895, 0.1154923500907091, -0.3106048841569298, -0.18822019134560997, 0.00032911101652929214, -0.07519545210941589, 0.025058941860074076, -0.6250711462361125, -0.5831098399739869, 0.28464258078077215, 0.5923120686793943, -0.14462409156175782, 0.20767249479977895, -0.179245252036227, 0.46159826561394646, -0.16397895254221506, 0.04112214843020827, 0.2909893672244106, 0.29114045275398026, -0.3276954093270833, 0.038405831500712424, -0.021655460268801822, 0.2219430029963287, -0.2830506666798349, 0.19682992606006974, 0.462787715889078]"
"[-0.7283941659717723, -1.3648633707390119, 1.575798451829756, -1.6131175901261117, -0.12183018604045946, 0.7292317060780966, 0.6578676440995465, -0.46497676069771776, -2.003936857632163, -1.142673658776939, -1.6653757031400258, 0.8013663724144018, -0.12606970330993195, 1.694780979097122, -0.19718824756282166, -1.649293153823571, 0.8764801651128651, 0.4103908119482712, -0.8651729455729712, -0.13216282016274566, -0.5193905615930089, -0.7715907211241273, -0.3309657686519041, -0.7462274085670974, -0.1182588775887282, -0.08804205149492404, 0.16783200174362534, 0.8902901917475244, 0.3321096879959908, -0.3636080512772601, 0.5087234070748252, 0.22976756215594266, -0.13058173610852616, -0.6783320111109609, -0.26820671424721315, -0.7189091595673518, -0.368594179429286, -0.614640666133135, 0.46744674406773923, 0.24958637852691784]","[0.37130753526873833, -1.360290910112748, 1.5614597153738226, -0.19518700364891842, -0.2598252636200207, 0.03262777893019493, -0.8880696059690296, 0.9139100489172577, -0.44469412342702547, -1.00728199934685, 0.703556098734843, -0.2991896213466631, 0.598246698469071, 0.7426379281458144, -0.3880818877768379, -0.5043294464775308, -0.22073367459028606, -0.15450652996775444, -0.0748247508258361, 1.0682335279198816, -0.680358795199397, 0.001479611294336405, 0.42260511636489473, 0.7844526775814465, -0.20863927066200688, 0.2654770874557148, 0.0854484831407428, -0.45725672742620327, 0.21230837168023917, -0.528487310619846, -0.011554764221319779, 0.09780565217760544, -0.2433337680466755, -0.15753846445827555, -0.056044286484241715, -0.12762343696028774, 0.18167636972654233, 0.25552898031235377, 0.49495508217599304, 0.2740444539003297]"
"[0.32359363862553553, 0.38142608878138884, 1.1388033040238452, -1.3224244645568664, -1.6509347250493875, -0.22673361340808848, 0.7320770513766612, -1.0544537192409924, -0.9517203663836367, -1.9243857406066172, -0.8382350037917051, 1.2643093771037421, 0.504755458317276, 0.5247723869640926, 0.7554170117496456, 1.100455849427643, 0.20620608373382185, 0.17022154809923215, 0.7486440976037858, 0.36713073636413085, -0.5401846912948884, 0.9647455153034347, 0.28267236633734527, -0.018136805759032034, -0.2212563949081029, 0.9165338396892513, -0.2088163233352056, 1.0207689565669968, -0.8585351390033531, -0.19248845738534484, -0.24632664727280812, -0.2681801531610464, 0.6036008838096479, -0.1292110817130679, 0.11306514676183847, 1.1960281028467825, -0.03653082027656705, 0.5447962181357296, 0.5402908117658044, 0.28847942785500896]","[-1.0903390482035138, 0.00427170547260452, -0.7474374660319787, 0.8996595201178313, -0.5346989806498315, -0.7619975062970309, 0.15195110650809837, -0.4169863266564662, -0.08731292715462977, -0.5717132029663792, 0.0986380960770196, -0.6467062115479487, -0.0680368707621394, -0.7937078402663611, -0.7589237341676214, -0.05587875812901724, 0.022387426861573575, -0.359823551270853, 0.6477174233007718, 0.8134726708444009, 0.4960737501530757, 0.37769395354507157, 0.15690747501277372, -0.7351462850877204, 0.7989068207017455, 0.03404182835918166, 0.5094835324778461, -0.6069131142552444, 0.40399321849971087, 0.07023859346773959, 0.047993236736953666, -0.10135606182870034, 0.6678744123042822, -0.75929357540759, -0.4771219073743554, -0.2820712774932215, 0.017553826346599757, 0.5283544499452001, 0.34520587042181855, -0.10236471644132035]"
"[-1.9849010315657274, -1.8882831275020966, -0.21243878126770716, 0.9461370970470971, 0.0952051186229709, -0.014288650177300535, -1.2386113361484974, 0.717869202398822, -1.6325208974610859, -0.45376297552825967, -0.36499526903784113, 0.35887290336966055, -0.14227059220625562, 0.6101331457596356, -0.10937389128164834, 0.3658097926160249, -0.025573002492389987, 0.17118587749159, 1.2212206915524895, 0.6809010031104953, 0.2692136943439237, -0.5024867484226401, 0.1817680526380994, 0.2502070685552564, -1.2053293514884227, 0.6816559276443654, -0.10402406850599738, -0.9878136453028419, 0.44219012213729064, 0.5768635880795617, 0.23841934605533943, 0.28306907093075834, 0.05479412517353045, 0.23278236649049777, -0.04227103916623851, 0.49902309994481814, 0.13833051807048322, -0.25438178850073667, -0.5725010311787952, -0.3582200941857401]","[-0.12324681866307333, -1.7128461580122314, 1.0375365690719334, 0.03927191009465774, -0.0072554417501704245, 0.028287220724213368, -1.2235235153117874, 0.6981260658920753, -1.4714054306507913, 0.8266039736081712, 0.702707798165569, 0.17300958691629464, 1.0422826587442677, -0.28484129431424837, -0.06752586872060547, 0.27255810435643996, -0.5017868002139398, 0.23162848659203442, -0.07686952790309666, 0.05886158970922632, -0.14958894268645737, -0.33177050121122537, 0.11815084916279893, 0.33888807133803406, -0.02738175907445936, 0.13322125520332764, 0.516393471945181, 0.6569043239443386, 0.6470478123238306, -0.314283895309711, -0.32559343261777346, -0.0500589644583111, -0.22229538779728222, 0.10470671783315148, -0.7526618034813121, -0.2701868627988212, -0.03669418567608748, -0.1719369356739965, 0.059762479671765754, 0.1837125848602118]"
"[0.03903758266653798, 0.48254998815206823, -0.2237033596704585, -2.4880268062113964, -1.0188910173691912, -0.6766312503127292, 1.588304409585436, 0.6433266053202391, -0.3587257455788743, -0.8906923251338997, -2.2518061862113807, 1.6421548307370308, -1.204875837742975, -0.4252598710181903, 0.19987267679680687, 0.5830273573463834, -0.18788167409076706, -0.35305460025363256, 0.01977199545764326, -1.390938208274112, 0.7185310459596496, -0.08541939224249658, 0.9252632630281276, 0.5597841032396124, 1.4587716328978708, 0.4352031403805589, -0.2865048584368196, -0.9604604876540159, 0.9976576876289153, 0.21275464275838865, 0.4267502422752954, -0.6669020113249555, 0.30979926988262546, 0.7265293120865064, -0.5203336785759209, -0.5913082474730844, 0.9233505075764878, -0.568162401253233, -0.04249544626929578, -0.33617153913370956]","[1.0858611019094515, -0.6879838071302665, 0.6063468813616261, -0.19237304447134357, -0.8287054973132686, 0.3861413165691829, 1.3791002843626714, -0.04445735321237302, -0.8667885754621105, -0.253533635757708, 0.343990242588628, 0.6902662895917911, -0.4726184155668107, -0.14822737719086726, -0.5668411670387917, 0.246073675539751, 0.047784389992267313, 0.6316470669192006, -0.2282910254474536, 0.08317909362813869, 0.27212725558911754, -0.16120307375722145, -0.017223579838224697, 0.061190476677239196, -0.2745093139753627, -0.16688695018988237, 0.11984906322823372, -0.740309488531078, -0.14998078413774663, -0.3135784312771074, 0.27159397736730645, 0.29788731478943403, 0.02982172869422664, -0.40408067219835175, 0.3931291909495781, -0.5381019259297017, 0.1932486127154878, -0.39814723838960475, 0.17071315508046642, -0.17613112413828397]"
"[1.1422322158944065, -1.0803196012100686, -0.9358847400461138, 2.667578652295895, 0.47444874928586106, -0.4819397001396205, 1.4596632478388367, -2.265978491426781, 0.7293987128058543, 0.4567499825888708, 0.5526995713756032, 0.4862622140468555, -0.7992773804542314, 1.6710939621503078, -0.12592039233811123, 0.13038350075231347, 0.7378542419033998, 0.7733704956103398, 0.2538195669895743, 0.3760442547091958, -0.7026478798166206, -0.6314121191176311, 0.4544404467672385, 0.5882083528117867, 1.082106428176974, -0.7062097200021886, 0.2331777805541226, 0.9909358649336426, -0.28014076376217123, -1.0112750018190162, -0.9240993397909795, -0.5718823436955603, 0.4017281208358064, -0.6810242844677518, -0.8382353492190279, -0.36144475021891426, -0.9619035747641178, -0.19196572310715507, 0.5145574837977618, -0.5757756933262267]","[0.38605614898924934, 0.5185547135646849, -1.1387671004074371, -0.42927650430168424, 0.05904761661201609, -0.6376571927700326, -0.7343527147040796, -0.15288535157553942, 0.040947907896805844, 0.19812492478246685, -0.42188468035126914, 1.298406879031388, 1.556927107137554, 0.7575112120882445, -0.5300905097091057, -0.5766250949698839, -0.7050911470134488, -0.2130425432732104, 0.035949740344317034, -0.12005402322891723, 0.30749417671505375, -0.17053996926399603, -0.13901733560697263, 0.028832212575173016, 0.6143779755316229, -0.5474541794783362, -0.20879629292502244, -0.23433525448424208, 0.25975039436039826, 0.04080608756759486, 0.7599943458745495, -0.5365190720020255, -0.5697058530194895, 0.10240887796878237, -0.17394452791471243, -0.75927735314358, 0.37716953909127315, 0.2943421726281991, 0.15651588998956062, -0.06672648510886943]"
"[-0.9022546611070702, 0.9560603884649286, 0.3195141792733871, 0.20421950486403295, -0.18371127635601817, -1.244470430519057, -0.5386218909773789, 0.24915439350326357, -1.1979174382344018, 1.9080676738111293, -0.19872395829811265, 0.3986055437945986, -1.041917442598282, -0.5080486299389427, -0.9042744748854539, 0.6525740228582257, 0.1348794380318925, -0.9316311408024951, -1.2182624202997714, -1.2547106808746864, -0.748528021531177, -0.42843859231846054, 0.6182455315993575, 2.0157442351032606, 0.7318267123478783, 0.7148837518315502, 0.17571745076431367, 1.736742194710774, 0.09208252320381555, -0.2904130349951112, 0.25309558890484385, -0.06009427598468008, -0.511223885636648, -0.696404867168815, 0.7156055604468043, -0.6388014097601595, 1.0711312057109614, 0.45167661781006097, 0.8956437879198205, 0.6451929107182472]","[-0.4719284216527282, -0.05289489829004696, -1.1132707202499137, -1.2779375303361293, 0.19343020365261862, -0.3489764884495694, 0.6984828818950333, 0.20599410460530637, -0.1331903983366243, 0.945187214547489, -0.38100456568066554, -0.30033048384328415, 0.5608940636874339, -0.20519718279756213, 0.11207930997006915, 0.7761723607964656, 0.6190911225960261, 0.26831376011983843, -0.5360738487114807, 0.7210829095681488, 1.1088245677419482, 0.7252438781579823, 0.07806585775162829, -0.27890342202866936, -0.2928979123619624, -0.1293563116783726, 0.5100567306694261, 0.1799000403758302, 1.0059992574903818, 0.2204299082875252, -0.382023732706554, -0.6609902929794158, -0.5717906636375579, -0.03675850743240162, 0.7490865796740045, -0.016036149881303762, 0.2850431477080461, 0.02000508358487455, -0.37143673136170974, -0.9470999633437135]"
"[-1.7883212387190774, 1.458488341316758, -2.43548376164427, -3.2522181699663717, 0.36911839906607596, -0.09115734601823693, 1.7289151487050705, 0.4195944599918871, 1.5352443172385641, -0.5766551153930176, -1.3508486793561658, -0.09742310307690946, 0.05757785641687368, -0.6061607138516739, -0.05341088796353986, -1.0403742687837518, 0.26617827118121745, -0.7363073239631773, -0.35717277414476234, -1.7658703679744456, 0.20876945584598053, 0.6309597868792999, 1.4427019220358592, -1.0896826785061584, -0.1695947734573855, 0.4085053245500446, 0.34819079785486295, -0.509287854859376, 0.24983562944216808, 0.6852301601331702, 0.02780123180050165, -1.3497154201211905, -0.3013861996017694, -0.4433135169652455, -0.11067566736672917, -0.23394107684495025, -0.08256041048804162, -0.14685622914609045, 0.16228727755673558, 0.34456872897646745]","[0.566780008391928, -0.9070924419067392, 1.8611807409726022, 0.1301243040737809, 0.2080840985142916, -0.21282185805466464, -1.1127790352164557, 0.5463000237211144, -0.2246397576111207, 0.48311070809847734, 0.08915976177339503, -0.4968442041310148, 0.023756887646887548, -0.653328349068898, -0.45823584897012515, -0.022898874697791574, 0.19543261979085738, -0.2717870745983901, 0.05401438222514218, -0.24464695962419555, 0.06718504049743979, -0.0555396540871815, -0.004837632810047462, 0.03059498481778688, 0.663704766267397, 0.5807720182939704, 0.08344311395182488, 0.12469435464734942, -0.12953893924831134, 0.4945663230280952, -0.38840162379139537, -0.46005527641746136, 0.6183896384549197, 0.11709512186953343, 0.2739835078652513, 0.19542851925975285, -0.24528924763919316, -0.01173175937314823, 0.22083912294153066, -0.24599420065085234]"
"[0.541152458981846, -0.5438999056624158, -1.9160876934404194, 0.8387443101240744, 0.6443022956884568, 0.7265562832427006, 2.6517139157298306, -0.4264008616149255, 2.3875313794921076, -0.4342625148866751, -0.9426260563108122, 0.8821257640466224, -0.06682378976384519, 1.1876876184214378, 0.8871864669801611, 0.939261397119061, 0.6728769372161251, 0.9085841385873897, 0.09369221085334739, -0.9204653022991839, -0.21738291330650408, -0.3469284488492957, 0.39648297077568545, 0.4297684180827838, 0.216071177330082, 0.2541133389460922, -0.6937260216951171, 0.06494018513809127, 0.503514387406292, 0.9506827132736726, 0.4226061555191233, -1.3401158145528973, -1.121233122526398, 0.3962209270554005, -1.0034680334696773, -1.5879867627879953, 0.6894085393833781, -0.13702236591647987, -0.10515433278765116, -0.12078511299998548]","[-0.5422507205642685, 1.50107038100869, -0.5419646020517869, 0.6090596318311584, 0.27053349741756844, -0.2716353392185907, -0.13716701192585723, -0.7172158273287663, -1.178624719660686, -0.9669051685380496, 0.5693103160112504, 0.3564280630813935, -0.02103067013280167, -0.2310673567914829, -0.4937106652085109, -0.3083227529630395, -0.3635251216980075, 0.5287626294950872, -0.27327856537515527, 0.1426267265085387, -0.26054476233965473, 0.10102506754855117, 0.04651455705817844, -0.615320246785979, 0.26497744156859687, 0.28919511911300805, -0.1133562076777246, 0.4004694564606645, -0.22554507728269269, -0.44824857268261964, 0.30156818925269874, 0.053138266999468366, 0.14677019571510622, 0.36130140865793076, 0.6092514358148223, 0.7213125679859718, -0.2339580039226209, -0.21001117543378214, -0.3190241917340219, -0.8373974541574509]"
"[-1.8880693984129229, 0.8664208190673032, 0.8281650046358552, 1.4956844995076812, -0.21362364028676448, -2.0768031524171846, -1.807237229989067, 1.7163909851559116, -0.6026981511819349, 0.8195032097544871, -1.0411480121145535, -1.238047721035062, -1.3213068524533005, 0.6761517944906283, -0.25971267734778714, 0.026983180714557724, -0.47717490427213205, -0.820291464916058, -0.7460765647631893, 1.4203591501343509, 0.4073194928357489, -1.560072348375796, -0.20386133782802202, -0.4735619724126861, -0.11848684635174818, -0.9313163738222732, 1.0343060638850172, 1.303874982087003, -0.09095708858750222, 0.4404990102570162, -0.5775904971924852, -0.4513004441165008, 0.16352281302697358, -0.025424123453723715, -0.7420131009480668, 0.10541566617568522, 0.534543257264379, 0.5542421697926523, 0.8590691419952002, 0.5202131558788978]","[2.6301920365462013, -0.5820684513688557, 0.4030357853688643, -0.9752211389418743, 0.933073712492539, 0.7706465436219863, -1.0947760177543095, -1.1229552314865596, 0.3162970123626397, 0.7517591856203992, 0.8879904811850065, 0.1250578733520212, 0.21720305291072786, -0.4419827936961368, 0.8198730075621545, 0.2810434697065136, -0.556401374395203, -0.865212899605693, -0.5386932162504733, 0.2919038889369771, -0.195539244892513, -0.07105098876132458, -0.013487293363772069, -0.2015706953733747, -0.09262810765667644, 0.2391809080834512, -0.16049313180876298, -0.4371617237750511, -0.15963098904982334, -0.1992093659001072, -0.32263641077976446, 0.005122917064939334, 0.02724802512491614, -0.24457942340535305, -0.12322082845379774, 0.06481057756754441, -0.31272253700106556, 0.16884136625500556, -0.18643788698826935, -0.11114938227417429]"
"[-2.3059578509974274, 1.4190134192402135, -0.9003407863354466, 0.7526466804830292, -3.704096496175141, -0.7903533924927331, 0.10112713153806308, -1.464724099087167, -0.018945383829524595, -1.2598684042109576, 0.20199267901666496, 0.15183026336727296, -1.087602243433677, 0.2652422779982746, -0.14012819665052859, -1.279542373144223, 0.0076375531255024245, 0.13984493430208056, 0.4260053632793432, -0.7236558229644584, -0.27415983831027524, -0.06493858378213285, -0.5247051341414668, -0.12077892197956858, 1.99754868437515, -0.2752199752635196, 0.07595302777543729, -0.25981265592057085, 0.6236387117278501, 0.6095373962010879, -0.5508560758528235, 0.6220254895474622, -0.9531083082013188, -0.3112379759791073, 0.5038862320153602, 0.7692471673085053, -0.4857490690423343, -0.5972916899048255, 0.0052568386012973554, 0.5707022883250101]","[-0.3404069820557592, -0.5734674739930384, -2.156255788077312, -1.1673817486676121, -0.7580729522429679, -0.8088386084329945, 0.19968586725904908, 0.06399482929959618, 0.2927407821426133, 0.49901470021380956, -1.1656418818527612, -0.5164284724436765, 0.13412129018142976, -0.7806246996467501, 0.5862441937053439, 0.21350585173782163, 0.4124060532733257, -0.5592954817494459, -0.610397599943424, 0.4288809009388198, 0.018817661695753864, 0.14595548667166333, -0.06543935973740607, 0.6775208636039444, 0.009027316915087936, 0.8518031527259454, 0.14311202994252947, 0.2379639414441405, -0.4850133644369536, 0.10219493454462793, 0.07108078026423492, 0.6882564870046324, -0.00562742570772616, 0.4343742614384125, 0.529300573831164, 0.10646391575136976, 0.04751153541476347, 0.2527105005607889, -0.13559889749831952, -0.27263208823569834]"
"[2.69963215227741, -1.9818856349291807, -1.49434743433629, -0.9864610552669948, -1.6451750837645427, 0.169576481615602, 0.2333917356570333, 0.08729565528138424, 0.9783997822923596, 0.29978639583273614, -0.6389998707293016, -1.3159726012065964, 0.7527664924130752, -1.5074120957680746, -0.5919793383950126, -0.07545316236868357, 0.629901321952463, -0.6728690030646406, -0.5838849855580837, 0.21960416543429018, 0.20197823578876103, -0.10373515396717069, -0.824277417031708, -0.11356069051039043, 0.04358770495506964, 0.2157731874021278, 1.1382332950951046, -0.2955610566573829, -0.5698036959441404, -0.5015977960646105, -0.5516100839198235, 0.45034983484716484, -0.6015754957301906, 0.6807387617954798, -0.6062509057213771, 0.47377359684049736, 0.6472949852646364, 0.6859338006200021, 0.37284242229903175, 0.3687198280037678]","[-0.33743825690181695, 0.15801147030717266, 0.06589808568819207, 1.5355850665565605, 0.22631138880397944, -0.20875315833636535, -0.13099029418399855, -0.4307135210506742, -0.4163845418632139, -0.6210141446295752, -0.15526176158614755, -0.4012653651570427, -1.4888665672103303, 0.7776776739332631, 0.6592279378710346, -0.651191885752378, 0.44423879283325757, 0.4803941733731168, 0.1645720198601123, 0.3727660488584288, -0.5068622349211599, 0.351669280836313, -1.121818132842405, 0.42422684293483, -0.01728227983652597, -0.19243555794175027, 0.22561943386968453, 0.27695503234779206, -0.46981515905336424, -0.3881934271879732, 0.5760331156381717, -0.1368773796293872, -0.8526179539557098, 0.10240444516179224, -0.6807840980939974, -0.07332488725871539, -0.7624983748417428, 0.5180157780662797, -0.8632625011991054, 0.3061417799558139]"
"[-0.3457369197472457, 1.6914894870602506, 0.48458780728372153, 0.7276413240490222, 0.8634292712521032, 1.6342199727179656, -1.2935587199660574, 1.1029150837637034, 0.178757144500769, 0.2805895143540186, -0.546994419339053, 0.09780873557035942, 1.0986500728505897, 0.6518853770455993, 2.642812921535012, 0.5028348923086488, 0.7019769632095211, -1.3280770195162674, 0.6074908817841129, 0.40216154229672324, -0.46681054334814537, -0.9646022654311633, -0.7323800605809304, 1.3314108434225098, -0.9796318560784791, -0.13409699635455785, -0.9267470318460223, -0.27672766346957717, 0.23609929937982904, 0.35493371763803994, 1.7808537356989655, 0.20870262369555942, -0.7544490655741588, -0.29367571746412724, 0.1343626096651281, 0.2529793754416979, 0.7870008570818119, -0.8603836514529299, -0.6017053303242004, -0.12517286077705914]","[-0.2727241838296987, 0.827310281459009, 0.1479192861599718, -1.1540346962593264, -0.7992118865630032, 0.9234328201179818, -0.021019890884067666, -1.0257595784523736, -0.12321882085268686, 0.04558118810085561, 0.39252461103270125, 0.387101648971332, 0.028012533077396786, 0.6588536455534747, 0.1699767057637447, 0.4302653228592946, 0.6433531731956672, -0.538136122427928, 0.6234822264790675, -0.6744880346255606, 0.3958537937172716, -0.29000795860886597, -0.8557983377359167, 0.2752129551276524, -0.09515512315050027, 0.001617666016809295, 0.08918274719825478, 0.03433462946717279, 0.5623197842046144, -0.5344003456203164, -0.43212458617915767, -0.18429831866241908, -0.09623352807067155, -0.11582419547805704, -0.6825549993417593, 0.5189895906267271, -0.4586820814446051, 0.029355098849205064, 0.37202591085723746, -0.060885724294559594]"
"[-1.8102934997408828, 0.7297009755315723, 0.2945142993957455, 2.343993796316391, -3.273015532650853, -0.6802847102203554, -0.6559482757310862, -1.7948760307284137, 0.4627858098976272, -0.8815553190405819, 0.9720631722711953, 0.5694002877296798, -0.43344766904845833, 0.16994069451492458, -0.1957103404343971, -0.3905795693141815, 0.04865899475579899, -0.11052152632090562, -0.18537399159194878, -0.016080838943395678, -0.22709408672532047, 0.5840955637335569, 0.6957925900316861, -0.35960327277156046, 1.2122526155103095, 0.013853748647064224, 0.495018131287086, -0.08250762143692196, 0.33336466213555926, 1.418986046272705, -0.489168879899085, 0.6694345592922428, -0.509657510813515, 0.03728503008967894, 0.46966930840011273, 0.1423311969058908, 0.055836859252521395, -0.26083247140935445, 0.15396267225139654, 0.6454529477976363]","[-1.2891081072588908, -0.567181471287176, -1.3852502899287475, -1.1168884882728667, -0.8925402459378906, -0.8346553905194938, 0.20929946076634434, 0.3945547615380489, -0.6607558971101183, 0.4969080553324663, -0.6654277228762936, -0.14433498971355374, 0.18863174911751776, 0.056062284615784094, 0.7064477994159759, -0.056387327315631466, 0.4529131055794158, -0.34312766357945823, -0.44661300360325, -0.1383220248455216, -0.2152162940298458, -0.4664834008931602, -0.44079483716482415, 0.7476495118221924, -0.7511381850613258, 0.03603350517241282, -0.04514415632630642, -0.0830416200458662, -0.15501596867710904, 0.5438723437143099, 0.19424159410952377, 0.31434699953952583, 0.023112941131079586, 0.70603359291092, 0.2536551288052458, -0.07432385342637964, -0.0515144449572565, 0.5971211428470732, -0.2740267448205233, -0.38016151691219]"
"[1.6915019732411511, -0.4495757147740648, -0.9450271246684546, 0.6201069328223852, -0.14215147048329285, -2.0668493225134443, -1.074114986029051, -1.0939427619440125, 0.46524535045841897, -0.12077273215579477, 1.4181514441346716, 0.6749658316309743, -0.9395911780490097, 0.48441812892226893, 0.37845769369347, 0.6234948474943602, 0.21123021690256977, -0.6865320071105743, -0.27584915308417357, -0.2447020756482142, -0.17201688587440775, 0.9526576032541189, 0.21062139485159262, 0.36897720152632313, 0.2695176038501743, 0.17223052819791979, -0.5431370150009746, 0.6125987884707573, -1.0026257368076694, -1.067164942910292, -0.9228221344907702, 0.16902876077203988, -0.0763544762083205, -0.5451535348575806, -0.6955025978670544, 0.31175582351851955, -0.9920881477954169, -0.22274244965816412, 0.4545359383100192, -0.12081433483757997]","[-2.2998485942709044, 0.34920685347142144, 0.21099880637202742, -0.3959325503352388, 1.097656691278024, -1.0774718591839927, -0.43305834799971776, -0.27485080550458, -0.16736269309665697, 0.05175376897601111, -0.727393409251917, 0.6638500713718138, 0.7816467596016633, -0.3735711570581084, 0.17899008177566203, -0.0734309092271348, 0.7948310404027786, 1.0829121079844362, -0.4240522524655307, -0.15505367453992025, -0.037720377680488124, -0.2528181116034325, -0.14806687461938742, 0.7464921308653407, -0.30892754809022166, 0.5476945837348508, 0.042680002836858556, 0.8534386001505898, -0.16420680415381625, 0.22373075946461665, -0.6740462755135863, 0.6278619549291921, 0.7214067420702333, -0.21937069600582426, -0.08874916443296882, 0.4721904227184732, 0.07289907810108902, -0.02350431869963577, 0.28455535091084827, 0.34796500497428234]"
"[0.8597434202827359, -0.9190747798450073, 0.3980235890320221, 3.101183516019043, 0.7349582287899536, -0.8132473742353835, 1.2214070426896235, -1.689228006928093, 1.1903103620659956, 0.7416882044700988, -0.08335053148893092, 0.11328625427931448, -0.8570136276972469, 1.3048742133999502, 0.13929571577160688, 0.7277537320225265, 0.2196099942281463, 1.5726810188681735, 0.0009028572463480414, 1.5790622116227382, -0.11066072238630473, 0.4443349566173761, -0.26735532622390423, 0.3542302077263709, 0.473784761449719, -0.5905684173265954, -0.7168256830038546, 0.8510789210277686, 0.13370680327014028, -1.1298196517583206, -0.18253247597416908, -0.6070946783533198, 0.01645024409022738, -0.3636197529956405, -1.0356314885219926, 0.06253459051462987, -0.7795382553457753, 0.5849044080621124, -0.23656418747734542, 0.17770858799844108]","[-0.44867668650762776, 0.5790573445253273, -1.184975776973306, -0.4138152122987602, 0.06587114244957708, -0.5634160639578374, -0.8786522697872741, -0.507735267590807, 0.14137042443101008, -0.20345875169594582, 0.05409593568247695, 0.6124420938115908, 1.4093637958030631, 0.2769027367257611, -0.1809001960177888, -1.0655330576669497, -0.44761630234551114, 0.2094694626158132, -0.08306751248659007, 0.18700879220543104, 0.6917949697161773, -0.6227975539294403, 0.46707659063849183, -0.20705743462238368, 0.5502088465420852, -1.1350234139083433, 0.044912521837480526, -0.21331329501340487, 0.06654790808127366, -0.4372528820138153, 0.6382198808362595, -0.39401629482522926, -0.7059135997948308, 0.037315835504503965, -0.5195237424490207, -0.409617538400876, 0.5047835407353471, 0.800622456042363, 0.45585767647734526, -0.39817115691903715]"
"[-0.05945972989961286, 2.24102162458228, 1.107370847993425, -0.9421432769317295, -1.9370759266252164, 0.21027765248781696, 1.219274219520006, 0.8865280270045796, -1.2582130661373876, -2.0196237000518678, 0.30640209253561923, 0.6044470836150002, -0.18966352567206668, 1.2661506635012079, -0.6868336175929816, 0.10226307168307408, -0.03538867279282425, 0.5497279713323471, -0.8344379444056685, -1.6134312416970504, 0.24205713192483813, -0.32855622870540335, 0.01577459962937926, 1.1215546391973976, -0.6573157509657626, 0.027224502006236998, -0.625951792352028, -0.010852697734381637, -0.6797540339867092, -0.28573063241319746, -1.1209160813557077, -0.31766959829734387, -0.4426900879388842, -0.4047129772345359, -1.0378319054656366, -0.22664877177958298, 0.7141388525524088, 0.13846971316654988, -0.012105249637094946, 0.7431287549919768]","[0.9955051152976164, 0.5383896506501741, -0.4749496629853422, -0.07451073266190146, -0.11615328505728996, -0.8718442874934692, 0.18206785612212897, -0.38627148416044027, -0.41623861061123185, -1.4675300632780022, 0.27340555437891345, 0.25508175410317296, 0.5943713532267333, -0.9230087655252195, 0.1364520002168079, 0.11527001828261284, 0.2373346947531557, 0.68534833642152, -0.8269251469549425, 0.27096777150189866, -0.10548488114401648, -0.2737054996591473, 0.10457142325200716, -0.17919893915374133, -0.12523529222040358, 1.0141545743018785, -1.2731775771983005, 0.27809730021118756, 0.31527231970856173, -0.2814156626945287, -0.37259042667557674, -0.06567657333274488, 1.0009003129238274, 0.334814460191567, 0.08135390251759, 0.3873190683713727, 0.005463500530880332, 0.06455499859346543, -0.5055770113276672, 0.2580306850213532]"
"[0.10927940065904146, -0.5846721642425937, 1.1872315583849267, -0.9013060395977784, -1.671582111394394, 0.558422933114741, -0.5800119964438968, 0.8492876071445484, -1.8535570619963064, -1.3115869251808079, 1.5592484087725644, -0.9142415346988623, 0.5318893538542758, 1.5257230018111032, 1.2265866693415766, 1.3173024372102617, -0.3245341588226415, 1.6242971545655782, -0.23486941368030664, 0.20902084873599622, 0.14897344247319935, -0.686836666612698, -0.575152113412322, 0.3684377134587964, -0.25179181086180935, 0.07763914584219558, 0.43003304939336334, 0.48624253532465866, -0.7962304651536144, -0.13146509347944996, 0.5367199990930192, -1.058093745082286, -0.2373198494965471, 0.3026626254405107, -0.5775974900165886, -0.5870357921611141, -0.12629812376525149, -0.0959695405610724, -0.2542512893253076, -0.7195673631208637]","[0.5465201326492557, -0.8904534855618357, -0.9584435905244357, 1.0862486950425596, -1.134329004145575, 0.22658382748017755, -0.21072862508957432, -0.23679796291742938, -0.12881707117271185, -0.2035781549773879, 0.01850039955811622, -0.7513930634394067, 0.8881677278964233, 0.1484138341091274, -0.654208317489247, 0.13131479307801874, 1.3150469788834873, -0.17484371299047674, -0.17757195984109875, -0.6152423689308372, -0.5199616550458005, -0.26676860996323504, -0.061463614907641184, -0.521034243038256, -0.39157171586628836, 0.26404523444640865, -0.09351224704243559, 0.46132952104896646, 0.34823914343027657, 0.9540017428828017, -0.23252168219681965, -0.10131626874746967, -0.7600536966436999, -0.16938537303874024, -0.6081827645677369, 0.05916597486482017, 0.10565946663394285, -0.3328831979648921, 0.4562090213903401, -0.3254021815013312]"
"[0.23924441731237125, 0.6190902279920115, 2.461646152159378, 2.1104215947781544, 0.030764566007276443, -1.039912653159274, 0.6263735440893184, 0.7771399438125561, 0.10929837822395622, -0.8438841873002466, -1.3157717663485844, -1.5802148708403796, -1.2945611512061295, 0.49767026419376204, -0.48864842356898947, 0.5244605233990614, -1.2617576119477694, -0.588578784499066, -0.1012842253601079, 1.3508530810164985, -0.5264390839627465, -1.1737645205586797, 0.9070485643430538, 0.5123454525587195, -0.3484099015622457, -1.1270276722964072, 0.7209043555895694, 1.009049069349745, -0.5912624150701569, 0.616306683402409, 0.47798879659557386, -0.020032684669376848, 0.1469997826170314, 0.8989690833031694, -0.38213792174443983, 0.05382390630212724, 0.1354437676721957, 0.7717733144741258, -0.31145106637215475, 1.353868698306052]","[-0.3509579911327852, 0.7559615459587644, -0.41549492879050826, -1.1780228725823447, 0.28564432576493215, 0.9581812315940605, -0.0061292420943424315, -1.4289821980639807, 0.33449417730692005, 0.27455112564179457, 1.1085379923891856, 1.7177419410713826, 0.1529033035408622, 0.5548898917874586, 0.042116336977462226, 0.3786807039770032, -0.1734205553720517, -0.3127016813680234, 0.2085474602189612, 0.6988301586305163, -0.8468966546605872, -0.1033297638214134, 0.013376532412976042, 0.2429792864460959, -0.23538376401122912, 0.08328587707615243, 0.060772833277304095, -0.02610917588390267, 0.08528941977499711, 0.13063935970492735, -0.33922340385146366, 0.303420999660846, -0.12817603619805187, -0.20264828039139546, 0.45308802430597406, 0.21017834790950465, -0.01376458387525898, -0.20299569496972775, 0.00612771137089535, -0.46063044231260697]"
"[-0.4065319100064027, -1.0988569605275185, 0.967984016929882, 1.6063752387120356, 1.4279480026938483, -0.34312859231484444, -1.1962128333773725, 0.5688436107916635, 2.785679365545138, -2.1554485480781276, 1.0155835978133692, 0.9254291730559737, 1.1771124058349602, 0.21351596873514322, 2.0163648265846352, -0.3496605309561292, -0.23121454822783058, -1.313504444405853, 1.0867379055306332, -1.1265330425150273, -1.4526409793529218, 0.3490393290424438, 0.5952162645383712, -0.6057159293947546, 0.06433708787568805, -0.07928917549973291, 0.38974760325513336, -0.08528865893105735, 0.08843367786009446, 0.05606359509677928, 0.7309670030741142, -0.34232835579934434, 0.4327406699168991, -0.5596623029000423, -1.011047564871156, 0.2632022482548809, 1.9213477001352375e-05, -0.18906843327016135, 0.06461091921316552, 0.05142420345192598]","[-1.9888288180079992, -0.4164749810827187, -1.1472318428827706, -0.8389833045005687, 0.8513420599485739, 0.40374114932846245, -0.01562936235756404, 0.3790081252375032, -0.2532614123671848, -1.2822738957584838, 0.1611353660667343, 0.8510603479550581, 0.8868024190730305, -0.021131222943148516, 0.1407052322768285, -0.2926154454171594, -0.01915797890682152, 0.041208875962543925, 0.04604584644440653, -0.26794221796890316, -0.3149523364684078, -0.46979696831205114, 0.16334686930577638, 0.1101079105039432, 0.08742903516084709, -0.3792394784465831, -0.11969041761290188, -0.009760611913074955, -0.37236475702801447, 0.23581146901267697, 0.17778899998583783, 0.26883780654018996, -0.4527272884770858, 0.27426694783152933, -0.11635430998473706, 0.501073608423907, 0.05758519275225978, -0.5851044752892236, 0.21238342870797225, 0.22154530990087842]"
"[-1.240589389999686, 0.8329763870382753, -0.8835270517825663, -0.8714956937404882, -0.1992978684301855, 0.33929352778889144, 1.5472162955250606, -0.27023267828412156, 0.7990434103752297, -0.9409855348103372, 0.04138088503415297, -1.7311728861171871, -0.45025267024968646, -1.1079133455376653, -1.964027543752139, -0.011978051445331478, -0.8573909211282394, -0.7348679389958973, 0.5996236094267104, -0.6346241586734982, 0.6060834698100649, 0.9807897408718196, -1.6486486165819956, 0.9166641677861378, -0.5102264238832079, -0.2995602014016646, -0.07734075536887344, -1.0627446911190805, -0.5604387200605695, -1.3573286042844672, 0.7972026085270778, 0.25701911488615786, 0.5400415563784142, 0.707076040103274, 0.01995765484715938, 0.17621842846333458, -0.38493278795655234, 0.3050169101948564, 1.576780943709437, 0.057570954480382054]","[2.0021825066321064, -0.8508196009953466, 0.1567242350879922, 0.47371132062986987, 0.38351034935471856, 0.2748420313787532, -0.6353526271372262, 0.6131322440933177, 0.27667081895796775, -0.9318367820124884, -0.23458362720924297, -0.596860587189873, -0.4392119601447516, 0.04340900045850164, 0.405005204236901, -0.25058341203716106, 0.9544671842503613, 0.7751312274040767, 0.5220246170274943, 0.39210993514449743, -0.4196821733471566, 0.9412466904610011, -0.22161727372147283, 0.8359860076628894, -0.2300565448342464, -0.2865477165926871, -0.4916669437910943, -0.17908586112028657, -0.33200776538385746, -0.5264197359051529, 0.4175184731226891, 0.23937704038801258, -0.6511135068210497, -0.1842381774932214, -0.7701112578300882, -0.4073206310334718, -1.4865550703182162, -0.1801608630234547, -0.5738375848065336, -0.16469550933379118]"
"[2.723479262009485, 0.8281847068238315, -1.3702574300471815, -0.21838333395930376, -1.321034276875511, -1.4895145446101912, 0.10939879255278483, 0.8688895639029672, -1.2093377762451598, 0.033033247546195264, 0.47955024306176797, 0.1315747062801764, 1.9942312536226827, 0.5316111082585719, -1.446547261597806, 1.0647739165510954, 0.1951434086860345, 0.32872698342966694, -1.2219388358629464, -0.8666068359651329, -0.25863825920937006, -0.1776511575703733, 0.991483784763088, -0.3596591654082506, -0.2802626699834223, -0.5025436693354799, -0.41396628575992933, -0.7127882123800067, -0.12282764584926954, -0.12188916303519534, 0.3746754775995936, 0.18777320697702984, -0.08068300143920906, 0.38030059843206215, 0.28502139493333317, 0.2655058957186844, 0.4222652196875465, -0.8296776428965773, -0.6669809983594233, 0.24173537286188673]","[-3.2628787909705204, 0.8553948150941505, -0.321134192486377, -0.4149583957459276, -0.3939127489820214, -0.41801210640048053, 1.0932830939743556, -0.0027942315990046, 0.2240348274538296, -0.6866519031913249, 1.5906295885850328, -0.8563236587287265, -0.36100155688441476, -0.5171562258792469, -0.4071181787061952, -0.8472973232697077, 0.49077863121033827, 0.10503280615150042, 0.0075441292759604, -0.3450895433267061, -0.08270525004901051, -0.31503606001096623, -0.9727725733293321, 0.6796132535118367, -0.29742427360788953, -0.20363889276262986, -0.30133282432340414, -0.08059367998182115, 0.0985828090448543, -0.1326533018390017, 0.7302370536023861, -0.5508770555133142, 0.394313473768509, -0.48720796214949513, 0.3606551063703528, -0.6051817547697752, -1.094847023552273, -0.014729527903099374, -0.31907119099397635, 0.4578722040962945]"
"[3.5521962158914886, -0.04205760219817469, -1.1992128916204654, 0.3315532921701451, 0.8290663198802031, -1.3787479413831225, 0.42807034615814393, 0.997395492348456, -0.8274553294526915, 2.149018463249559, 2.1840776394166426, 0.6942543231563787, 0.6678077761285376, -0.851490258660839, -0.4431831051897801, 0.6461870732512194, -0.9080079941262331, 0.6347282229286536, -0.7303735867894301, 0.09546571585477845, 0.5347349553854076, -0.9647341639279507, 0.21074349408259374, -0.2928453600285287, 0.620815400568952, -0.5574091641080556, -0.09244299796066555, 0.5184946688662047, -0.05252370243595266, 0.1291800806119112, 1.2441662699144833, 0.6272084751361949, 0.028790588239197206, -0.7078865394883121, -0.20869813311547966, 0.37367457022931, -0.5965047188133813, -0.05074883844327459, -0.2521810097462866, -0.6257574481593596]","[-0.06389670114313035, 1.90393256179508, -0.17444220602246735, 1.458164651186408, 1.2505157198906145, -0.9052718605881738, 0.8407302695792502, 0.14395674478589812, 0.7273722106677075, 0.7732956122212395, 0.8713665508158177, -0.43752741508866083, 0.14740291240797507, -0.02798347979328891, 0.09435582758451477, 0.6907796202465774, 0.04135010708146348, -0.1251395386734107, 0.7513056903212991, 0.22844266007826297, 0.052254504569020484, -0.10666764359729773, 0.2812589901343613, 0.41209676986205407, -0.25484898538539047, -0.06429783683401025, 0.2132868815014354, -0.020383210923474525, -0.3425438776080014, 0.10049244637062231, -0.18664116471119582, 0.04629344836870429, 0.21270469456195165, 0.25997497235346767, -0.2811630597117312, -0.09574531562445225, 0.18575725401605422, -0.27604378013085246, 0.18294051589788463, -0.11876537923628146]"
"[-0.24919747382339896, -0.4344405961169501, 0.8428707027420985, -1.5592493420883222, 1.5157181934402777, -0.1432327797495119, 0.9737311109450001, -1.7809849102446862, -1.5827808406376016, -0.48338955820251206, -1.3655402708252604, 1.660352948781362, -0.24283302649448782, 0.4817302412499035, 0.17757335759549575, 1.1306461714789537, 0.7956349235586069, -0.7296573975711361, 1.0645247828207984, 0.13363266920123773, 1.2372027162622474, -0.7412201331592666, 1.3094919760961627, -0.7271690914161612, -0.2727470222907226, -0.38548259440854404, -0.9502615154701114, 0.16858627391456563, 0.14518680501161862, -0.01820690927658641, -0.9273402650593887, 0.7395327646332569, -0.717158138830579, 0.26518320234217707, -0.34386250060839524, -0.7163424704443919, -1.0103901086736564, -0.12180114839814829, 0.28995367806946243, -0.11177048963928828]","[-0.8265243832244286, -0.9831144089638585, 2.764805239565706, -1.112735598795025, -0.5631767935334201, -0.4812377605549363, -0.23333450219214458, 0.26091560249809187, -0.7133325763878563, -0.07213542472200751, -0.02068751291990573, 0.23539366781085214, -0.3565147360277612, -0.5515587004614262, -0.8807093761706809, 0.22188783769762427, 0.2694681594719836, -0.1439385647073816, 0.08714887131137289, 0.14899865931828998, -0.30765107138055464, 0.025386278307173365, 0.4351680356169505, -0.38459329279785026, -0.218609093374606, -0.36755680615706066, -0.448539348039841, 0.43466420324983124, -0.5493849050285888, -0.24571972535401662, -0.2114757470835055, -0.304008695548586, 0.17825888658187397, 0.19086227404934109, -0.1933987286057973, 0.017663749485917934, -0.17589418470505028, 0.0517995247323126, 0.14418795174138443, 0.3981070447657621]"
"[-1.2952406627413748, 1.1574773192654406, 1.3177884872876147, -0.9364805632647428, -1.0779483559359533, 0.9978905218928069, -1.236871487849698, 0.8967616387984702, 2.4285224658483417, -0.09314108176910972, -0.0017652935807679069, -0.2114745838911015, 0.7320474615019154, 1.4648288113812, 0.14783742289190918, 2.4392463801694295, -1.0542884209186738, 0.19453122347869803, 1.2186223068849995, -0.67266054664071, -0.03371949918333507, 1.188262785261889, 0.128604525704734, -0.002338880282669814, -0.35555153147212354, -1.100598992165845, 0.4132684043579496, -0.25590433713193433, -0.2871057292824149, -0.7686947613587326, -0.5623903874417139, -0.42418381046065134, -0.417016236144531, 0.4435136762225086, -1.0644982027547163, -0.5416983799400361, -0.33336567047267696, -0.0034798325352030147, -0.36965177465655813, -0.493586015654416]","[-0.48347969606027563, -0.38010851108656235, -1.408932264370229, -0.5755134952622761, -0.6968272621067717, 0.3602279226095661, 0.07586791063769138, -0.24758290257117702, -0.6489929005396993, 0.28268946495355235, -0.056285794934449546, -0.2744579550430542, -0.056180294656086024, -0.777018164979908, -0.6880746795533335, 0.5939782237662579, 0.42839097008523774, 0.4324753220920566, -0.09040722214258065, -0.31145645999918836, -0.5004653447748775, -0.4828748912719785, 0.2013119861173919, 0.26211623220265434, 0.39507255875639946, 0.11621283032855699, -0.25449653818062956, 0.2709874160797085, -0.5563067937948394, 0.37640647750298545, -0.06018418956378081, -0.07249244074108817, 0.5417962070145921, -0.1413021018480869, -0.043100178019048564, -0.2759306747295503, -0.18362185881097148, -0.10871241937170141, 0.1076159932158409, 0.04295633880552562]"
"[-1.3148319329618927, 0.9290187763086171, 0.5636277735940247, -0.8196169525484863, -1.63916347119432, 1.4952613019385248, -0.9900553619528483, 0.6874804870293647, 2.4430644631053675, -0.2797275886062304, -0.5223544159950088, -0.16076228052412828, 1.160981411980091, 2.060435645848693, 0.4030526143119376, 2.572345411262338, -0.8236131704106853, 0.24933884638355244, 1.055310802967701, -0.45613290258927286, -0.14163623766571307, 0.49142170833977916, 0.15123419158024654, -0.9793869476394079, 0.19188799912264345, -1.2868904196998288, 0.4231415158519074, -0.05016181841730649, -0.2017824637522982, -0.7376245704317764, -0.22665460540186208, 0.18670633811965576, -0.40836471244668215, 0.5490056957160246, -0.5888765839480142, -0.4595340703189696, -0.6719699527845465, 0.015278391311148843, -0.32820005758866067, -0.40749064399067264]","[0.7993827321047923, -0.20516468395496482, -1.4147050114727804, 0.09106667316114138, -0.4998773877642698, 0.2665941639381522, 0.01771498657184968, -0.29353497012750507, -0.5279506567345619, -0.07749910840280672, -0.150808967256705, -0.13241918055904492, -0.0995181388663992, -0.7949820046052933, -0.5249938993870611, 0.6454490943142774, 0.644079302004458, 0.7407956242882783, 0.11099574357057722, -0.03269497837884566, -0.2996306858575905, -0.9431209402114646, -0.25583425746629085, 0.34776685394873985, 0.33785596124608686, 0.18632879806311692, -0.3147374107137054, 0.41482839378402797, -0.09377357367291521, 0.3107391279636182, -0.23474723524309435, -0.2935261187818006, 0.6888599560129803, -0.3517690991461617, -0.22740762708591863, -0.3156864806108191, -0.33072399402448255, -0.3694900839178776, -0.03137448386485812, 0.10315797732065414]"
"[-0.04284154159842456, 1.0823884580385563, -3.4270418721504723, 0.20525552919790135, -0.06356614840510526, 3.9464181770656106, 0.2641415009645231, 0.506047813259397, -0.37964626560310843, -0.7652269847708691, -1.4059194633178096, 0.39146739188803115, 0.20203422385210235, -1.37997316623535, -0.2570285857317559, 0.11760430594254362, -0.314141477643372, -0.5952346413588896, 0.7010652524963573, 0.8751418929166491, -0.7281738472079261, -0.7990048198150052, 0.5473383877246146, -1.48798011662932, -0.20153074019947662, -0.3818919730002741, 0.51284777482237, 0.3396265436635933, 1.0874298731563858, -0.4856333911626265, -0.7023239386712667, 0.5658184338757237, -0.14714670188064, 0.5964185447184337, -0.6218820794255029, -0.7089001269979484, -0.3249066996581627, 0.10267414832858318, -0.19628683447953682, 0.2864086550730342]","[0.9561523178013752, 1.0740721584707078, -0.29829388053268824, 0.48913136336011326, -1.2909168646092546, 1.600128621081385, 0.5875763338675075, 0.14355368345183092, -0.851965615906034, 0.5243254376005717, -0.6651083525771462, 0.11284174420510289, 0.0010437056729154432, -0.38924310321250083, 0.12015305832091375, 0.3392933855165383, -0.9628904213573619, -0.7987209274797415, -0.45196499131843426, -0.22327446813925272, 0.4945832161498662, -0.1338798410341943, -0.17908022296253362, -0.31050135341453045, -0.30879353832939666, 0.43930722170565556, -0.018160467457641345, -0.18697415487815192, 0.2611844642999753, -0.2985196203764046, -0.1454859179832313, -0.04724452244319082, -0.4666643580445455, 0.29600204918341266, -0.1604447518678911, 0.1163411232761032, -0.140441848362292, -0.1680313370637299, 0.22038259887376366, -0.20100128761618852]"
"[-0.7668327681176054, -0.8525562212657117, 1.2875879004687172, 1.124710144393797, -0.42707323288255195, 1.0844929730064563, -0.41103996502438356, -0.3064408753933377, 1.1528370325960648, 1.2438435427651684, 0.23062656989146005, 1.2911948215032647, 1.5595248218138715, -1.4674257816029685, 1.1249870804682653, 0.5210094928586361, 1.6382835742896407, -1.2970509757318749, -0.4692952733655435, -0.16718321600061828, 0.19493476738973917, -0.06657228182541783, -0.15552426287518806, 1.3219704191082307, -0.7783637343623941, -0.044007577094702946, -0.5845140952400365, 0.6796817188405416, 0.43060577758051993, 0.46851868633655885, 0.25113963406829964, -0.6439560048251041, 0.20930921756166732, 0.3178970437600203, 0.5073128445041548, -0.4925581021208744, -0.641853295508645, -1.1604110257836036, 0.36747600297172434, -0.4875489836342392]","[-0.585423533185454, -0.8131231194112974, -1.6758514838924705, -0.9521027258481096, -0.05283237353438422, 0.5834664710509749, 0.17348519341771243, 0.49787756398732946, -0.1843578993492328, -0.13299078383086352, -0.06787770582374689, 0.13879021118240373, -0.3802752294786239, 0.4832445926069936, 0.08497060209708511, 0.06194593465077597, 0.010690810478092939, 0.450927230752993, -0.4913381863365001, 0.22848235213582085, 1.041425068906175, 0.9814765374610571, -0.124720306705985, 0.49686265413733005, -0.04810915386030055, -0.45032850535611585, -0.05718700184405586, 0.7553985122307548, 0.3960730632130637, 0.6312539300074851, -0.46252628231166865, -0.5780373137208852, -0.08187537924117627, 0.1183746541700949, -0.1604706527113553, 0.2521387862109498, -0.1727784088931333, -0.7757041155424955, 0.16579101575826877, -0.3424623753776727]"
"[0.01585054195675342, -1.3368047522013757, 2.7787093703340884, -3.8481443838827674, 0.39466611391820144, 1.321819265241321, 0.09872555612183634, 1.9729206022858543, -1.377128693397602, 0.5095120075302342, 1.2238064561109565, -1.113315779640744, -0.7449846591611372, 0.45118928986619555, 0.34306073783942675, -0.40248417474328724, -0.2592315683353932, 0.8478847290099795, 0.33716772460495276, -0.6041485562073061, 0.10611697695726177, -1.039347036067915, -0.6086406948296093, -0.48081217122917497, 1.0504382033437485, 0.38339054677027784, 0.09208431683630423, 0.4122065277548894, -0.33071474845193277, 0.0025720697084235414, 1.648217066700277, -0.9237277509748885, 0.28222351951036173, -0.6236241432976107, -0.2818243071204012, 0.006402927650940314, -0.528423310445279, 0.11041650057297143, 0.10772656403327334, -0.12858296375312475]","[1.3988735458280395, -1.2234310648176208, 0.7336833101807212, 0.771059693315717, 0.07181364867795947, 0.5984955649559195, 0.2975397572161908, 0.40506392048080647, 0.7727813054330915, -1.13117470432991, 0.31767953853960235, -0.36224733331842834, 0.4742668680241933, 0.6459010143279754, -0.7752115515390235, 0.2478616265824179, 1.2308798665730079, -0.4804305311252431, 0.4124887730908142, 0.14176645712870653, -0.2058696449305722, -0.07165505129815351, 0.49063153021867845, -0.42608777264154424, 0.10611693528842524, 0.5371246279793784, -0.1280568397523515, 0.06764273826901661, -0.059396514431998323, 0.30364311363635293, 0.16386722133306153, -0.1924599661058759, -0.5301383208879626, 0.5722168959180144, 0.01661237916295294, -0.09745864339644907, 0.007510861325859634, -0.21852093364936703, 0.14983978983728996, -0.11194563188598304]"
"[1.424591774732492, -0.8649580753602084, 2.31086706483453, 1.2961955916048191, 0.8442053844721692, -1.173453410902516, 1.8139330393811626, 1.6658385306029388, -0.1692286825949422, -1.2125779115910646, 0.39051613062135443, 0.20299285710110235, -2.202081702419184, -0.77779539013163, 1.5022720235788973, 0.11460064894865034, -1.8767392539436354, -0.02587682141240868, -0.41034265866267894, -1.6424247471298354, -0.33313276121531193, 0.02860261638926219, 0.49301259437263534, -0.24269358148595555, 0.21850596490943472, 0.6807243434035891, -0.8312700835738089, -0.6729096139425684, 0.3966190844544017, -0.14116477104957287, 0.4937134480440651, 0.5480223802560238, -1.1742225615440505, 1.2171407529191978, 0.5838100160096515, -0.09048848957904851, 0.3623459080274549, -0.3774918387591091, -0.2790449519441367, -0.6660503652136599]","[-1.0696912361864774, 0.09490349080559744, -0.624381818357952, 0.24005141937955837, 1.6090267061912857, 0.7581907359473877, -0.10979709580801553, -0.19003943131744677, 0.4930868537887821, -0.7420166262720392, -0.09274581870228865, 0.46968115812134, 0.3809971725950471, -0.9972655044342875, 0.2260756829255741, 0.6787562072654924, -0.23253217324871428, 0.3756779457939302, -0.2318426357804385, -0.3518884096094389, 0.053308209934483416, 0.36758895179530066, -0.3905085738181369, 0.32595149244652794, -1.100906062851781, 0.04930584184461837, -0.19906827064548774, -0.4224745689284076, 0.24118784461730983, 0.5574808820313517, 0.4842516147538653, -0.20546899755812267, 0.3794768585420056, -0.8397825072307366, 0.1883331618359355, 0.22813587132988286, 0.05739550998469874, 0.0853493230180132, 0.8110526660331289, 0.38097881598540356]"
"[-0.003115848967662249, -0.6433755101372942, 2.1836623802622586, -1.5316832728072318, 0.7971857794336282, -0.49234083878636253, -0.5162423388062544, -0.016331429771078442, -0.40889534972948127, -1.1562531487025174, -0.2421075337993178, 1.4151115037345565, -0.08537093254630063, -0.6921861959605299, 0.7898934540047251, 0.6663805200165663, 0.33393632399001055, -0.4059147947592206, 0.5637150896704928, 0.5459036999851821, 0.8325327908961413, 0.6732767588436482, -0.13293405925748186, 1.2557400903863762, 0.04875242769914367, -0.16473230174790543, -0.261379693869693, -0.664766799308703, 0.6419613841354098, 0.1667943338865518, -1.0246258812485638, 0.13010256229448292, 0.48384126009822154, 0.19297508688154902, 0.8322934052291812, 0.8301383977864512, 0.6886645371830901, -0.2362440697219161, 0.03383470933294443, -0.8785550669069008]","[0.34664015712658125, -1.1015922739153952, 0.2406133051749347, 0.4492009438093244, 0.3919399115380029, 0.26187196557846965, 1.0200095001471912, -0.1312050806282305, -0.3202574642845999, 0.3103927491855286, 0.073831918745373, 0.28644439100265334, -0.006846845447425336, -0.7094098522111624, 0.16812029513289017, 0.2470061754182833, -0.025260826042681622, 0.19418776045313788, 0.013921855175246725, -0.03703668694765647, -0.053800155448385595, 0.17997775223674628, 0.611666605369143, -0.10272582281649686, 0.451455074739672, 0.11297850935976099, 0.03606042811307043, -0.11141624063353302, 0.46115446871473886, 0.04404443566287661, -0.03324650216634576, 0.5660018619212931, 0.08854590580588181, 0.0100772095467915, -0.179247877967503, 0.07243297710660469, 0.14712279380927815, -0.14353262272846107, 0.21381300518642593, 0.21655538381891185]"
"[0.19581710451366788, 1.1300278596743478, 0.4091077961295753, 0.7189700085313447, 0.5381011836961969, -1.0964844986917706, -0.38992125013279655, 0.13565760129894344, -0.5541896307758478, 1.532471118809344, 0.5996247842054928, 1.2842519993657584, -0.2892232362548706, 0.8404170386143938, -0.8712638692306097, 0.17941813821804573, -1.5659443582511852, 0.6792514755862821, -0.5843816787596289, 0.422139803803914, 0.478560237462669, -0.009097171753471042, -0.9450529917453342, 0.2467327620530676, -0.17819916873315828, 0.2681935435125226, 0.08031482331119895, -0.32949170782166715, 0.4741270659108363, 0.5255378236343601, 1.203366774739469, -0.2760848544710795, 0.15418824400529008, -0.9242751435410098, 0.4160485137615934, -0.190924629950457, 0.1127968396725359, 0.12140696396610395, -0.027693442647589103, 0.8642885196910365]","[0.6223142106954949, 0.33255380275939533, 1.298016080612693, -0.5523207584429578, -0.2086151130989355, -1.3466040671142063, 0.6730002200160367, -0.24076873688989175, -0.18705300967972344, -0.6700339919964391, 0.8293688221030354, -1.1862216932213407, 0.7266671974562572, -0.05923551191750896, -0.08254219771542849, 0.4539274934578193, -0.1717751758502746, -0.19078027778665027, -0.021108390225592712, 0.6588270959766555, 0.4439736972431856, 0.45700760249307554, -0.07054414503784248, -0.48414960074747715, -0.568497944971097, 0.45180083984558356, -0.40688676725193246, 0.19139753966099027, -0.08866468673902445, -0.3740300265005366, 0.8534778864186054, -0.20560510824757558, 0.003234955211173476, -0.8038052883976349, -0.04504505919023293, 0.10821856635166277, -0.11117410599350964, -0.15207409607913722, -0.21174203670902042, -0.13461355843836367]"
"[0.544405869936762, -1.5848363531454281, -0.5325685897946019, -2.534161186549314, -0.9238409139100293, -0.4592631468933596, -1.4620493872142093, 0.4311926685655462, 1.8829622938578179, 0.4697485014851892, -0.5091622156052512, 0.0413913676373426, 0.20834060046943673, -0.7314180901610664, -1.8398649243754313, 0.3172242832037304, -0.33117744361546314, 0.12253087549122298, -0.2604205650200991, 0.3526098959487311, -0.9303260479624825, -0.04617392784677453, 0.23415877490092857, -0.05879004655724774, 0.10574653306261088, -0.25959179891934925, 0.9073457859092188, -1.0134326402745508, -0.8301496358490061, 0.6382283870076388, 0.1537682029074355, 0.7862640608778673, 0.5469811081640343, -0.7003244080948645, 0.9199543486004426, 0.31124852822902427, -0.4374021725562786, 0.07005906851998424, -0.5657993973995686, 0.5646688326755102]","[0.3319072230307895, -0.7846317527010807, 0.780162572526727, 2.02498615440513, -0.11795054091984439, -0.3169284224484405, 0.7287047324476106, -1.1841107252788434, 0.6088424485905086, 0.22854887216773673, -0.2669255419579377, 0.28616758441066703, -0.3249559688328641, -0.5625721208255325, -0.010697589287168666, 0.18469135835487296, -0.5406042597842967, -0.1557388965835327, 0.07458098490137571, -0.1086592162687749, 0.7745812461044042, 0.26161705271895636, -0.7802960022305391, -0.6124351040766038, -0.02828926786944674, 0.14372396344344665, 0.2649092321184028, 0.09479778396106171, 0.13759927720235887, -0.6645344842185796, 0.25952258927523697, 0.2627378991792153, -0.02814808161573746, -0.14650385884579215, 0.5230939653648653, -0.6206204045636743, 0.26917256169316683, -0.6373131759060034, 0.051972095268447684, 0.2684893203950598]"
"[0.026124834079929334, -2.0101773978143367, 1.1901935468956022, -2.350014620626591, 0.9721600628195922, -0.3162209134949966, -1.8145096743200073, 0.024949809293447388, -0.1225186454420266, 0.0330963397563531, 0.8081914954790711, -1.47208050412433, -0.5456824904117762, 0.7062140235387699, -0.24846488047219667, -0.7407090799877913, -0.4998199944130901, -0.3251016535461568, 0.23306682669660703, -0.1508362755826257, 0.8619426334967146, 0.32589826016183476, -0.2479469172196059, 0.2534068015485339, -0.1656609538730925, 0.8995434577191106, -2.0142337536678077, 0.19929273975076725, -0.6734471688198035, 0.6536447993829612, -0.14757099926550613, 0.027657703735147025, -0.5379350629327079, -1.1479845905507353, -1.5490034928802465, 0.5777318214753904, -0.17891336351970014, -0.6072120725312374, -0.03296197885602262, -0.10506830034082812]","[-0.18724039452684801, -1.8572233632259476, 1.8626356315876813, 1.6739401886884742, -0.1813541780183238, 0.42606851576384025, 0.717013489085061, -0.08071089593276531, 0.8110832699785887, 0.6136719456399778, 0.12285503501142601, 0.7916315101926874, 0.5911480323614929, 0.17601961181660966, 0.10758312110057788, -0.08851967289803532, -0.008342703414947042, -0.02136524406646381, -0.3254464741659559, 0.7590307763652497, -0.4471887812179237, 0.16158904074015537, 0.3966684281655957, 0.1921264701021654, 0.44224577388329994, 0.2560757479827115, 0.5462215818645555, -0.1213304206686938, -0.2900787311818861, -0.5721683402944719, 0.30714976440218594, -0.02028382962259726, 0.107357775766801, -0.25030337617232196, 0.2829490341151186, 0.22259543124666084, -0.3852381799473869, 0.3496815149567902, -0.21440345896344676, 0.26833038745013416]"
"[2.6217163733991438, -2.4025558854594498, -1.420201732721903, 0.1602607472487695, -2.6020599348573814, 0.6262195540700658, 0.724567003487483, -0.6046890484430124, 0.7386362312496182, 1.3411972394263292, -1.490572052655706, -0.5888112128146269, 0.9596960558072251, 0.625120217670278, -0.3412538574456462, -0.5884687908685232, 0.7474805747555241, -0.013551001757045385, 0.6126083364045359, -0.3417308095840763, 0.345102301599129, -0.652425067386592, -0.5354938140143299, 0.042752713612684526, -0.7420702078408612, 0.33745471574159264, -0.6481163067136333, 0.268419372111819, -0.5889701392210743, -0.22919006602395234, 0.42536700381591114, 0.01697381499664889, -0.49018248431770933, 0.7126373785759976, 0.5211685946834845, 0.9069588662773823, 0.7985376000366423, 0.1560110792011523, -0.3391371919192859, -0.7777257183687438]","[1.7451864684157679, 0.5800721058738935, -0.9825132132415159, 1.707029560073044, 0.04940857419892305, -0.6974851358538399, 0.2286499948038377, -0.7958921501811123, -1.09707090224833, -0.051827172778453244, -0.05420906221379307, -0.7828903173299188, -1.1175563788572214, 0.40727061057918934, -0.11915309632410755, -0.5783137018823985, -0.18627821760154756, 0.18372529296169487, 0.41390271775182347, 0.4025264074945284, -0.0035076924999852335, 0.12523454173066176, -0.40873295093089806, 0.5319514410543018, -0.16246388250686883, -0.011869946600557854, -0.15620554718494653, 0.3075234250249163, 0.06101224767624328, 0.5396119104761418, 0.2572849893881651, -0.2999666908631079, -0.6775204152288923, -0.18320129231320564, -0.276362572767028, 0.29798532150693285, -0.2088423259635112, 0.06043842047619411, -0.04365190776425559, 0.09727307856131999]"
"[-0.757074066313439, -0.9192071085840773, 1.3623567648526864, -0.8224766949582776, 0.9938746089491874, -0.3563443451947646, 0.6515578948007055, 3.2789341459455317, -0.5245543641702782, -1.6048473559534089, 2.3897653412728026, -1.3560446033336628, -0.16363196835581875, -0.8529870972375606, 1.0583225110565977, 0.05013618620102731, -1.0285358492796657, 0.47374390897993374, 0.7868779851976734, 0.6321389179261352, 1.6338991726287406, 0.03256818118342884, 1.0701178466730825, 0.49563638336864213, 0.13983630946986597, 0.6745565684644591, 1.985697878414365, -0.5696668619784949, -0.4868572853762268, -0.8689961779772016, -0.017823094203412847, -0.40183993845283195, -0.6436658765590115, -1.300552456261251, -0.07152685037303035, -0.6327010591750679, -0.421199806350106, 0.042971017943244004, 0.36738057410275343, 0.06428847514021464]","[-0.8829469368954032, -1.2859243721314075, -0.22325580553401264, 0.7732198271782419, 0.9888681169738833, 1.1532547991248436, 0.127456382894904, 0.6736702173729763, 0.7717075642318404, -0.6095774478714049, 0.413374789943911, -0.31537367720073006, 0.4427627907442963, 0.5922642000167474, -0.027435788955808053, -0.32797864438906466, 0.6748350458767229, -0.2048546035543689, -0.4250219776034096, -0.17084776434086713, -0.41346085977726443, 0.27343014970854534, 0.1820887632797507, 0.5449523990023962, 0.3975933176516567, 0.13056946311522094, 0.3982853526042399, 0.10456952121157563, -0.17634182486659952, -0.3032233370049984, 0.403675418292818, 0.29224950092353835, -0.19047655940558825, -0.3030131592150482, -0.5014941630752897, -0.4227390116318809, -0.0735673351015091, -0.04418548010403176, 0.02718078559637722, 0.629237549152811]"
"[-0.8763557960668884, 3.7342302001145753, 1.9241600695683574, -1.9375325502513467, 0.1208720978444962, 0.2020699502478148, 0.1645822210958482, -1.502607828313903, -0.3010032451517398, 1.3069739911470437, -0.4788299593513368, -0.2069408980657075, 1.4090573547947969, -0.953868790075718, -0.9738265109429709, -0.9884829161834217, -1.9236517864540004, 0.6119022139264708, 0.19769492382262813, -0.06301119535770668, 0.7065326290773708, -0.011362407932843526, 1.0063397643027994, 0.09105750461869894, -0.6059072267629475, -0.8489364327622625, -0.0162812112879212, 0.043458012385475586, -0.6355240614796598, 0.21099130077461056, -0.5250426109866375, -0.6168342842103078, -0.4673032969564275, -0.38976439313849603, 0.36707137949627466, -0.6515804489080762, 0.15582269173951158, -0.0342349020172257, -0.6513865619732757, -0.5339684279729554]","[0.9650146076056034, -0.018124707736241325, 1.357547387465826, -1.1705386115003398, -1.0464461803481333, -0.47377617345025547, -0.2787405624605801, -0.014173886017397433, 1.2504286181151791, -0.9247762465488605, 0.12683777265936988, -0.8352571037354533, -0.26169058064163725, 0.5890607680388259, -1.1140599751047924, 0.2926854011900177, -0.5843182899687869, 0.6148854875305545, 0.38036198343185057, -0.38067600548124175, 0.6926501844640198, -0.7012761242273448, 0.19371169622625717, 0.13962307117126754, -0.06334231221027921, 0.6782806777788711, -0.5136091702904683, 0.4275372981340984, 0.06339171453788932, 0.18154834629893488, 0.6180766288414707, 0.029959982827820808, -0.05074355667796646, 0.3368025550590552, -0.2768452604175005, -0.026282627402139522, 0.33766591617636516, 0.1535050820512927, -0.21130088591346766, 0.06678207876847474]"
"[-1.8189225596457406, -0.16402614666014642, -1.7231444401251266, 0.16654038256692077, 0.7228564579051118, 0.9823523994829524, -0.38816274696882863, 0.4855404808738111, 0.29787240182969954, 0.2257935139267565, 1.490666090678938, -0.8570020433738145, 0.41713199689985847, 1.0744759813236069, 2.3133058657233483, -1.035039072948863, -0.6488274493500178, 1.7657252971734194, -0.5664174803292439, 0.8354292521466455, -0.003286837028138472, -0.5860234129193258, 0.2774832759563849, 0.740938916215574, 0.42765141842465276, 0.9279776659090594, -1.3389204980408682, -0.653598599135906, 0.16292089200202137, 0.5412085361818759, 0.6056819972231624, 0.528650042364875, -0.38466696047724286, 0.3331363800173729, 0.8617439608390849, 0.6477993361672578, -0.6006298301765499, -0.1876989638773357, -0.2119181187237982, 0.35324249088282295]","[-1.311600489060795, -1.3014085578198737, -0.0286467162805515, 0.2456933486773474, 0.15482382380862106, 0.7184295033374186, -0.09982023552959086, -0.049437770765089054, 0.31270111976996134, 0.2037296471998136, 0.02735322284550919, -0.1888255952942761, 0.2458029073828294, 0.08329390020758334, -0.24253258908164724, -0.5581067947790032, 0.47719726861579054, -0.7901942679522641, -0.4955794321654311, -0.3005689072153776, 0.1265434329024897, -1.0719814097970324, -0.3435196317376077, -0.20334859612155562, 0.6025497666252199, 0.6691704667646593, -0.4814313072871821, 0.10607793115572674, -0.8723036651362752, 0.17303523244878913, -0.15275526473437778, -0.18009404490976558, 0.6883913787692364, -0.34297911212617443, 0.13684780409627975, -0.2770388580436691, 0.648199035059672, -0.4810288228211577, 0.18189579590824015, -0.20398579614170562]"
"[-0.6330144724157022, -0.7244592563806113, 1.706222651822861, -0.4092781263482699, -0.0765009643958364, 0.712369648201569, -1.2076138908748444, 0.7821283906418238, 1.882709515188737, 0.22095317204992238, -1.417317730626726, 0.8988319444907723, 0.7749954003059704, -0.15990006227000056, 0.972057234883481, 1.9469591205632477, 0.2285164021339866, -0.8861325497391299, -0.04493448926755438, -0.6195858860075686, -0.4284380010824423, 0.25686034539320335, -0.9971900981366456, 0.23088555081797144, -0.24730844503515842, -1.2558848296118434, 0.25207701904703506, 0.00266418770632582, 1.048098246194437, -0.5711343774605114, 0.7174913773388755, -1.0674997903355412, -0.24054142904248726, 0.10323432768682549, 0.6650893728192736, -0.0709461037167176, -0.6343924888248628, -0.44769857982323674, -1.6481643715780163, -1.0133193108398761]","[0.35508409598653856, 0.08395627837768882, -1.391239917920865, -0.7618031793435964, 0.04242872340246891, 1.0324999268500386, 0.3655589427641765, -0.4457939082094512, -0.46112545371827274, 0.56324812884108, 0.04849197652527572, 0.0347255389434759, -0.21624114760649316, 0.6357838635880775, -0.5685696474379223, -0.19670380314811717, 0.020860461167316133, 0.5473546867800293, 0.34072527655303575, -0.3543583556221213, 0.10629320102903687, 0.002374594385988818, -0.35059002732897815, -0.3596834073423562, -0.0132750664067002, 0.2611239851746339, -0.09326408009533235, -0.008242202621684057, -0.6007094671900383, 0.3953026768681287, 0.03572417515838711, -0.12274640911419862, 0.05713541438116062, 0.22478014117661246, 0.2169259167124871, -0.3944883548145956, -0.27236112057480233, -0.4241220716621354, 0.1609625799110851, -0.025814869034766257]"
"[-0.09666240356353943, 1.7677586335155646, 1.034288982587968, -0.8236055642217719, 1.7040483068900971, -1.3166354789214714, -2.992944449973876, 0.2528739322636105, 1.0968481489262976, -0.7827181652524262, -0.4560541189943467, 1.0746631298727172, 0.606962005173845, 0.41309879026407775, -0.32935860879333184, 0.6764009161513691, 0.5731496989243723, -0.544635020806731, 0.00944060587632989, -1.1841983693849765, -0.4996952462497943, 1.1816328514438927, -0.5392005491624073, -0.31741832475943726, 0.09834371683229236, 1.459108551190323, -0.09434477171983843, 0.4065686582710043, 0.17638620738281108, -0.10872833402446169, 1.5441610854403904, -0.2589400853530789, -0.074759598061647, -0.593927339107688, 0.1955246062402343, -0.02298870804866158, -0.037687982498070975, 0.5547826183512584, 0.07573207867166884, 0.31216451554664987]","[0.7570308429203759, 0.871807135150571, 1.4037136347842272, -1.704077710461706, 0.6682208585015473, 0.06010606912428546, 1.2645066103674365, 0.2647461575627349, -0.08560718768896881, 0.3484065181271562, 0.5460558983397475, -0.27706807809062134, 0.04334932245491683, 0.3667472836055783, -0.602437974613955, 1.031831850036755, 0.6648678671718984, 0.5251430004196824, 0.10537159863242948, 0.26854566094156723, 0.2992287382848644, -0.07774772732992474, -0.11548534646840293, -0.410137112703069, 0.2291405990594125, 0.2875348286396189, 0.21833264886552708, -0.26825342919294215, -0.2875337343224853, -0.263972242046934, 0.23159609593051755, -0.17748130305524565, -0.2990587462823154, 0.4064943561746932, 0.251728510814537, -0.004403154390500282, -0.0007329275462489207, 0.2136831800439376, 0.22267188495341841, 0.04706630334264398]"
"[1.5148357920407676, 0.8598152308291112, 1.034718366225156, 0.42404205071981266, 0.0891767230367953, -1.9566493398148292, 0.1317708272030288, -1.383062046697079, 0.725380849291869, -0.3960899947881786, 1.4126876893062161, -1.037079904028382, 0.30918805405551225, -0.4106446164648489, -0.3330094053113648, 0.33432990450942723, -1.8263392018532432, -1.11481686064325, -0.448656764926666, 0.3945530664661186, 0.035264040058569854, 0.14816924251007477, -0.995862069500575, 0.49801350554805857, -1.0987361698049467, -0.053737785101059705, 1.0674014128322782, -0.027467860998371226, 1.0610001218032503, 0.337764795008276, 0.4484854638763857, 0.07540348624997559, 0.27056493806292, 0.060511286700462165, -0.8293860142813466, -0.9397508078736889, -0.7076317317060058, -0.19942223637941905, -0.07501001793845026, -0.14566784861307952]","[-1.4746067504091287, 0.6670101747322777, -0.25233562986091224, 0.48861968589960203, 0.9741128963170509, -0.2834998589151622, 0.043729871713161464, 1.1559076363075105, 1.7505967715702166, 0.10485272638530062, 0.656978664940335, -0.10111169583002026, 0.09642437200035048, 0.5619847725363912, 1.5153351589540616, 0.2735165188956794, -0.5744352145284289, 0.26661625115513743, -0.008555272412568813, 0.4692974362662587, -0.9344305413815817, 0.27950646323789247, 0.33308759627399653, 0.36149941199963587, 0.2361264890035223, -0.17814221865970695, -1.662242063940843, 0.3000986331810492, -0.5819480960822734, 0.08213924358029721, -0.4633634108574834, -0.15736949232078964, -0.23006741858532587, 0.28366073339911535, 0.6819081637636627, -0.9342077687048993, 0.10279562467469852, -0.13880536841942992, 0.33686290810783015, -0.24279443027803557]"
"[-2.3515333785640045, 0.02709494161419088, -0.9378687362032584, -2.9785020580342088, 0.0933261432738772, 0.41498889164905045, 0.9556425242117432, -1.3739277227381588, 1.424161840254222, -0.8752538875827007, -1.067186930116612, 0.06258079858938062, -1.0329608466635234, 0.3108068861931336, -2.213829920350421, 0.08311260801536556, -0.5459798596972774, -1.1226781456283457, -0.4449957511375993, -0.6973740218854111, -0.11035192287562554, -0.7104343334975274, 0.31799597923632317, -0.001713892187038158, 0.13469320571762095, -0.4628695686918398, 0.7601020730534188, -1.1762447744509754, 0.21646608834110748, 0.6251253952212673, 0.736154182680522, 0.4341425198409342, -1.247125299309287, -0.04120671111234688, -1.382112917727378, -0.9672099971388074, -0.2880425733904366, -0.6612235866745917, -0.4944561754648857, -0.837269917563481]","[0.8145450586311858, -1.2308503982761085, 0.4482617246032314, 0.620055890451961, -0.9771696470757848, 0.06705064778141541, -0.917020709417103, 0.6066146870644964, -0.20764196209422317, -0.17624038449960414, 0.5401389453112977, -0.10567530618912886, 0.3595396248976398, 0.34898024827071766, -0.7778640771202125, 0.39381237772846844, 0.031413847292508935, 0.054919228075905505, 0.5431168221586719, 0.8209302775225366, 0.2445439105868079, 0.25335076307586735, -0.07262795537431792, -0.05566430447588646, -0.7279472944264774, -0.1736525750726045, -0.1898124405794765, 0.3282985901624488, -0.04701523561806765, -0.3164711941448185, 0.15121853152102888, 0.37088735949675755, 0.03268959884554658, 0.17768750618531548, 0.4554450551542, -0.6196581300466367, 0.06884490723567252, -0.5143560685886843, 0.26767272507437584, -0.36788802967418727]"
"[1.7168392606061629, 0.19638456877852523, 1.7781530053064274, 0.6021731573662001, -1.593367671191168, -0.0023353170729435596, 0.9913925344196698, -0.9208238324256057, -1.253375444653973, 0.4354249975755716, 1.3087153205618622, 0.6269752601698321, -0.17137955750385944, 2.2247507692054493, -0.019911165154561556, -0.029730523722506542, 0.6768033884018502, -0.5027532550603802, 0.501603966903387, -0.21753359272421147, -0.7362107386538136, 1.0487428215169035, -0.351084753253244, -0.18486597299441362, -1.0920061953737257, -0.5647084295943247, 0.83917131306315, 1.2419641494267466, -1.3315710431724583, 0.5916143061659411, -0.05066542454846466, -0.006497409351509746, -0.2197556342497316, 0.3786942481776625, -0.44321298134558335, -0.28107222966738127, -0.17143621899808656, 0.7715168129119339, -0.9954339109280271, 0.4797174637727393]","[-0.45925209724661586, 0.5201293131838549, -1.2132856482282697, 0.005532387089865976, -1.0877417955663602, -0.4513368477460736, -0.08478523555873117, -0.02674846276290674, -0.08406259287212203, -0.0354644646303206, 0.15539478553508831, -1.0619990250367064, 0.4850377060858138, -0.19695844133038898, -0.3229383082599324, 0.6247486920935653, 0.1325268787224613, 0.5139106943915281, 0.4014409268046394, -0.4099369329187704, -0.7321401773896257, -0.523749382066408, 0.06426834058921067, 0.2599046243164466, 0.5823741523657939, -0.33643079811808585, -0.8756758267876198, -0.3688367024267696, 0.018322961860412254, -0.1914837611140305, -0.21505280054576836, -0.12346882338336311, -0.146616630501439, -0.166065470918975, 0.4392104236801303, 0.10042652609272414, 0.23187302625854758, -0.19886261377548115, 0.24160448141646285, 0.11863761666684972]"
"[1.539548220924685, -2.5296315952788224, -0.38657131418347523, -0.9628565897965796, -1.220970553088807, -0.2254131689220303, 0.12707691525483206, -0.8319022909827296, 0.2077565715523391, 1.436467725220873, 0.18927757787573896, -0.12628004210900723, 0.17193150219801298, -0.9162388745810313, 0.005919711050088896, -1.9700397307375184, -0.4248654388797068, -0.9087820369236155, 1.1710312892739336, -0.9744916981070152, -0.7698467325950085, 0.13157231203878197, 0.35261255940745884, -0.6289093727578879, -2.1668181463007925, -0.3596629569792753, -0.2576642824682478, -0.6315378527543329, -1.0321579841588944, -0.33676444774830255, -0.17863510990211692, -0.4539887975099367, 0.1822366202737288, 0.012266458876553171, 1.065301427406663, 0.3846191621310926, -0.7960624406832549, 1.2281983906797012, 0.3383765461257856, 0.6756513387300503]","[-1.6576090794761724, -0.23680196484218372, 0.9506935346654125, 1.462823403858741, 0.18026151402507634, -0.20499882443310125, -0.7338706953790058, -0.4190928477889407, 0.2044809227604108, -0.18031444650753242, -1.0352545835584126, -0.3974706528476299, -0.5784983630186331, 0.2679184993810882, 0.35285869688254995, -1.2421914285642215, -0.41525276503763864, 0.39939365508104835, 1.6817236784595329, -0.039255609561188155, 0.29275009503962124, 0.3398387838998691, -0.707966668248019, -0.22676254105848753, 0.028769860182492706, 0.47205120137352385, -0.400041349038357, -0.683665810256659, -0.6853335924354084, 0.6171748888841773, -0.6736595505726642, -0.2698563417854684, -0.6202794304626085, 1.0730110568969702, 0.34820603389016336, 0.7610400729438841, 0.010301448458787736, 0.2631688881924099, 0.20219159812027945, -0.35113318603301175]"
"[2.781264853717898, 0.3443714973006951, 0.23223748261306024, 1.166014846852107, 0.7647210500567143, -2.053841506176258, 0.45229318067245106, -0.6726749726711415, 1.2597119535044088, -0.18211952890512106, 1.407746961998348, 0.41038390239255157, -0.3483822918714883, 0.8311345221036412, 0.699710246551454, -0.8830925294882138, -0.9623138298259631, -0.014058631486460907, -0.005399636094889085, -0.8546647835735006, -1.5278755364849705, -0.435249403686963, -0.5885720318143247, 1.2631202135439172, 1.2228171819173956, -0.02448220721705023, -0.10894445939908805, 0.8142799960079476, 0.9196348110298306, -0.48953041054947416, -0.618609627045054, -0.2814530909715134, -0.4865507008157224, -0.800617511406772, 0.12591825542511303, 0.16854545386727254, -0.1730324057649041, 0.1313495465489357, 0.13723945310755975, -0.2056608141902769]","[-0.8201642608531227, 1.1850908108880152, 0.20559450412202973, -0.22819350542309838, 0.5543886904502885, -1.5311027149660166, -0.8628775427023078, 0.5891115089740417, 0.31710849285433673, -0.08443794093564314, -0.24735285102797436, 0.3794659109213079, 1.2171488898382936, 0.7160111440719987, 0.38749744567955935, 0.015304651492750539, 1.185300264590889, 0.8894587354794892, -0.6101300166535462, -0.9143633366912488, 0.09275743879280039, -0.0947680652928332, 0.6429821511204736, 0.20216702755600455, 0.25062921941431987, -0.09287250108733099, -0.3939205027143206, -0.1016797343674422, -0.19817296421646072, -0.4270130536219115, -0.42739149491316647, 0.28699127059795426, -0.7396050701003486, -0.5583363120644015, 0.3497581128253024, 0.3793518442820301, 0.3862397270668503, 0.07340994371942561, 0.09855216254931715, 0.1145661295578506]"
"[1.8412185102416916, 1.376547948949929, -1.3695817856803252, -1.0300902723682295, -0.9641313632302642, 3.119921146237698, -0.36599676395455183, 0.5352134652026581, -0.6655642835283707, -0.1102195979088308, 0.41908186090532695, 0.29411209745392924, 0.11213784772326026, 0.3554922038508575, 0.39133234670400147, -0.4203669729245871, -1.9034926555511735, -0.8700402291651678, -0.12973199621619594, 0.5882839494988021, 1.0961189754101073, 0.7691654708824383, 0.1722912958343504, 0.900534475791032, -0.47083006973719366, -0.523494897716177, 0.726711036640625, 0.5529295544483412, 0.39971919558571367, -0.7177982842235385, -0.1527472577989478, -0.3239331763421806, 0.10398970397080233, 0.6449752223553031, 0.4691611674551232, 0.4839786786956897, 0.42744728695698764, -0.028357992373217084, -0.17666457081957615, 0.33413466477464177]","[-0.030587435503682557, 1.1939637981214268, 0.49932096592077935, 0.9305846683914911, -0.9500920253696381, 0.5892846143196955, 0.1371078299070479, 0.06938108684731578, 0.09034490346219506, -0.27936163451204793, -0.5743262573054889, -0.8896281004500118, 0.4462255853127348, 0.525609514716197, 0.6798671965209819, 1.097872933068873, -0.2182595037053103, -0.5300682060248609, 0.14004724436079355, -0.9190291451737397, -0.07750198865386522, -0.10139756180542318, -0.002460068596286413, 0.12169701453996148, 0.6861697259054365, -0.08852375491485527, -0.6164747697601684, -0.10334052756010038, 0.40209165640025796, -0.005049127492905961, 0.4902370056934489, -0.04704337433573, 0.30094633094191375, -0.07502997588646639, -0.003037632127732483, -0.4176848319129427, -0.02035116658583308, -0.21960615745589765, 0.21326657741179458, -0.1375898239572527]"
"[2.812252699040745, 0.20550838991518397, -1.1547589234050764, 0.9764540079003001, 0.9030673991207795, -2.019515681924388, 1.0788226573469508, -1.5534004712366034, -0.4785880930681999, 0.6671935962225046, 0.37037319314051076, 0.026567979829531702, 0.17091646086752252, 1.4463951885463315, 0.5172261448965745, 0.2925037018365208, -0.1501669649391326, 0.26079206664979654, 0.6426188365968224, 0.3189729270667667, 0.26596241337546517, 0.34096207251465566, 0.20253573257310115, 0.798095512449635, 0.005121837253068937, 0.3560071709763423, 0.6782869711188639, 0.5598542165747601, 0.2224815278740559, 0.14688552255955786, 0.5250856219225357, -0.02566264962681031, 0.4141040843672116, 0.7968990480037654, 0.6065385510115999, -0.7726580122038132, 0.0357508414042398, 0.15190144624641924, 0.5852064850759061, -0.05691031353149799]","[0.6294613859171164, 1.9524543962278575, -0.4910995048602735, 0.8607891813646958, 0.33653439944836244, -2.151240242397333, 0.4260537766442165, 0.2569711811400759, -0.20315082239562218, 0.2017954678963618, 0.7060909707632428, -0.10677522180588697, 0.6184892189843448, 0.9174424944936387, 0.1413836314904035, 0.517937508859731, -0.32667388197850206, 0.004972175548468051, 0.13492962339389764, 0.07917707023505752, -0.16738019443188457, 0.011874019102261065, 0.434317399962502, -0.14638306330359652, 0.20285786803083714, -0.2381785442840366, 0.28329384041379385, 0.08675636361833461, -0.4124550194869704, -0.0668419477983857, -0.15309234398489335, 0.02119058478110185, -0.13560592787800627, -0.2846364824027809, -0.07348666186343392, -0.3475447927243753, -0.06173070532968684, -0.7298419181899944, -0.08076297636123195, -0.043271340514792755]"
"[0.4890720434258783, 0.007652740902965397, -0.7453551974025419, -1.2473918870366394, -1.8034326836329946, -0.056465890896717934, 0.516951487654311, -0.8523866961714809, 0.03368967810178373, 1.534987938592854, -1.9226395621676409, -0.007738711653975217, 1.149976916326824, -0.5075859299296821, 0.30319935896805916, -1.3108847616477408, -2.0960263149503264, 0.13757932453018393, 0.6874953972202495, 0.571030383220331, -1.211095212332656, -0.46390969993774006, -0.1020987532806298, 0.004752415329609218, -0.5311607777079143, 0.9546570130698064, 0.5046433694397101, -0.03227092996650275, 0.9462100473968869, -0.7221629768190766, -1.6126877181041641, -0.485944558080341, -0.4701871159274816, 0.5197351124946141, -0.21811733175379783, 0.30828025307762796, -0.8975044554194761, 1.0449831556017695, 0.11557619022067085, -0.06040430311420983]","[-1.0912899464766541, -0.3327215709456152, 0.028660538273672355, 0.9767602392911501, -0.2985148146568037, -0.3554265786429068, -0.6818706238786951, -0.13243551137369983, -0.35805011274079335, 0.0731951539967348, -0.17340655410476613, -0.08169840413101978, -1.4398387734280491, 0.32287406946786534, 0.25036554047375714, -1.226679358140878, -0.8675761140151096, 0.6792256076208534, 1.3657439985785214, 0.3192935689909395, 0.06587959321952211, 0.32777317939980405, 0.4400260866045141, -1.0145263953036479, 0.6371243770840092, 0.8624832858834784, -0.17088941817855394, 0.19885629009284336, -0.17521465272372488, 0.4085739693307594, -0.32274253244790374, -0.3720077615582505, -0.6808391226051258, -0.3010122165294682, 0.4185298423154888, -0.14066090490391042, 0.3349621482779221, -0.18698513042783138, -0.05593789404215612, 0.16181511538415666]"
"[-0.15556126314869742, -0.8839477408155408, -0.797929039731667, -0.2644246450563146, -0.43422398851037725, -0.3313685725295252, -2.1057343147251943, -1.1113207166335182, -0.07699887090813781, -0.8142051433470423, -1.360943393862503, 0.87890662350315, 0.21732587147393087, 0.5388652912851436, 1.2443778095817528, 1.8392781111758914, -0.31479364806566473, 1.5740523544964002, -0.4915652966845159, -0.6632085677759727, -1.2079840846344594, -0.9691479430556171, -1.5440511992263162, 0.6032068244076821, -1.1842862836174695, 0.7577633990247971, -0.6085481344563267, -1.2381093045969565, -0.1128464781269395, -0.04792944973052386, 0.3494196069787273, -0.30217578902251524, -1.2750324993688817, -0.3109581259700937, -0.0351208389231786, 0.32738275787574134, -0.44570961159689065, -0.4869015276827681, 0.41013375259894175, -0.4178676067033884]","[-1.532831262700304, -1.1391497930646817, 0.5904501933492364, 0.26500807198011184, -1.2209031109895523, -0.12106327625783778, -1.0777073632575787, -0.06457489566913947, -1.2013158297496735, 1.4423308610531096, 0.21176214560711945, -0.21375422350278586, 0.7205819034280331, -0.23020777259939174, -0.3429511036741388, -0.37674269457561943, 0.1073404901573736, 0.37687592380703094, -0.5194926592233391, 0.4547678594900604, -0.02923035799308724, -0.6153907894933768, -0.011177997426798732, 0.48058720982605246, 0.042108243272869446, 0.18579348451685274, -0.2386286939188869, 0.8281134410095725, 0.1821933074395089, -0.2585723170660642, -0.5605565174146189, -0.27634579828559575, -0.10412020465455647, -0.07343259345412037, -0.7130361941074582, -0.1331748462957395, 0.004603723227033018, -0.21161482800282141, 0.7223333120210085, 0.11164961505888153]"
"[1.627040685410293, -1.6632942161176236, 0.22050084367805806, -0.9011110978439296, -0.4062953219152478, -1.0425795215499019, -0.3676867003131055, 3.325195483777033, 0.010715236998755562, 0.06537622142135839, -0.3471885552265384, 1.2613650448752198, 0.3128602480661967, 0.3567815396407978, 0.696109505533242, -1.2191306009347935, 0.06293236480654929, 0.0970376632123301, -0.3370399319896564, 0.5987111483329539, -0.13006937892766757, -0.6465758370216464, -0.19497660637377603, 0.3372839588981484, 0.21281115180022506, -0.23741009163467724, -0.6382421045396003, -1.2138903901629647, -0.31300891064629954, 0.8920058336113437, -0.4635003574722017, -1.2719410884366962, 0.14750124193837935, 0.2158295535462883, 0.21421727408168206, 0.8196951062975538, -0.0639648014976871, -0.1569892976745953, 0.2586796343344582, 0.587368018477637]","[-0.4184370119560411, -0.3191967787312642, 2.3611641243433295, 0.2435494605732744, 0.45652014477182845, -0.42689877317482255, -1.0223390049936836, -0.6121425622207687, -1.0755519037713073, -0.6127786958226823, -0.016914216084323093, -0.5490917173433537, -0.5919410114814616, -0.17081056425453975, -0.48044345235144276, 0.019137227465648287, 0.14395938613874754, 0.4731118366694056, 0.5625617410358472, -0.2764967980324332, -0.08800907824243913, -0.07735218809998338, -0.24828437469188686, 0.16089885373589477, 0.25116594398891523, 0.2299921601637821, -0.045322382118716496, 0.2178177200600417, -0.20749983509537132, 0.04354995629840971, 0.14256065217048036, 0.12600023977189312, -0.2680531513846566, 0.4520388059377367, 0.24517572441092184, -0.3578020892455475, 0.1552607366848264, -0.16992173432645788, -0.2176067356895352, 0.12674648337107944]"
"[-2.0064252617716547, 0.47744654039465234, 0.8092241068912894, 2.2185958492686932, -2.42760614311175, 0.5419839393287698, 0.9463969589864873, 0.4468702516219904, -0.5365975719503433, -0.6841487096995874, -0.5971830691584417, -0.19493420816523535, 1.2204584060511279, -1.1233429882209052, -0.278226947309046, -1.3814158815739181, -0.08789958531602753, 0.46426965396056996, 0.4416801581790673, -0.5604727874432197, -0.718577769176861, 0.35964813512283633, 0.3959146607104889, 0.9931070661744071, 1.8737287732602481, 0.6442167050197853, 0.10411997782415053, -0.17436009943529243, 0.054969217121837756, 0.36420574861750055, -0.04715974157152034, 0.16931942249377613, -0.7822815597352782, -0.8039601119614554, 0.311674996955798, 0.5675203187982824, -0.7880890709866406, 0.3636581582868317, -0.9266521264369175, -0.018409756854152]","[0.8262778239678455, -0.5292917227381139, -1.3334979469587183, 0.2427335231901645, -0.7691010869172142, 0.0025553321541447404, -0.5661098229188681, 0.11078126740768493, 0.4787340471445645, -0.24323248032225273, 0.12982380672520688, 0.14043253441605458, -0.7600103031463825, -0.24810942219397006, 0.24985828378572303, 0.030747859002920215, 0.08934229065278411, 0.06001896462166925, 0.02459751206482555, 0.17435112079836676, 0.5450013266320352, -0.16443029049855176, 0.3555791777708461, 0.3607926530519755, 0.5002614711809346, 0.5673557954016708, 0.33805816466605576, 0.8789045113589822, -0.10109527234595125, -0.1934562553747426, -0.15023592540369413, 0.35401595330147106, -0.38755968370336885, -0.03558001758240443, -0.2609174747725127, 0.059118534453096824, 0.2837430687728364, -0.009786036454371707, -0.17000582740935521, -0.21232592974385106]"
"[-0.9800649034537575, 1.6306004169944999, 0.9477900924986605, -0.3941404736428091, 1.1500514325039175, -0.3803750838635207, -3.226450689988732, 1.8933148867508645, 1.4879711751008369, 1.0769138446232966, 0.537629534549501, 1.0589715273335583, -0.40970827584365627, 0.21544494272133582, 0.8716676077033251, 0.6099414745600543, 1.3198466831971967, -0.90986933689098, 0.03478890585290402, -0.9672892269836721, 1.2371159666197158, -0.3252686293677747, -2.0450154435776082, -0.23041679144502275, -0.8246690953139453, 1.137922411513229, -0.4137652009698702, 1.4615284551000784, 1.1232193081555428, -0.45260237598560643, 0.40765570863214934, -0.07820808251405226, 0.4566602960985689, 0.9780773891700396, 0.4346936365983589, 0.1168744416539576, -0.4049040893848699, 1.282058447843419, -0.17899120525532283, 0.07174939381127485]","[-1.636593974060415, -0.06649153482321475, 2.0665090690133905, -2.054554072466926, 1.3338382968375795, 0.5470129184887453, 1.0236685150521938, -0.37107739513630744, -0.05722246285389018, -0.7531711720213339, -0.868623267206209, -0.5596321217797542, 0.6437935850911446, 1.0171258772138851, -0.9289840016502073, 0.4652712040230326, 0.5531593257759294, 0.500272226531282, 0.5087802577836635, 1.2114801453756032, 0.4174691860133385, 0.31579359159489195, -0.110930053564327, 0.10885297061100035, 0.05924467954493984, -0.05776883409207353, -0.7447505892588365, 0.3464828813789548, -0.3100111380963291, 0.10836293310810151, -0.26862275467788954, -0.22598723924528488, 0.3768293164234037, -0.03638032938960284, 0.18614788852905917, 0.06591893593274892, 0.39416251427824317, 0.4497409948705117, -0.18144661344067403, 0.558354572438709]"
"[-0.41308915080619335, 1.053650246676315, -0.2829488537934832, 0.7582255351988065, 1.7988116502197407, -1.2265090197930235, -1.2476049360998636, 1.3206455360934508, -1.1520580328704673, -0.24585912145220132, 1.4443048165223717, -0.748906534339489, 2.0130509717184317, 0.6638785747433534, -1.4259742282063674, 1.3881389537032927, 0.3920025534438885, -1.3371957377296293, 0.20553038382612077, -1.1383717623611962, 0.3119546762748328, -0.17868075300336592, 0.18751310605671492, -1.2824815391207225, -0.7338061843177963, 0.3140692551121754, -0.9270335011057798, -0.6455044830828935, -0.1470917975183204, -0.3533601355191792, -0.09934064570860494, 0.2766264876927469, -0.45749721598726634, 0.0684195692956348, -0.3635396838976584, 0.6712073911044549, -0.5416804285311257, 0.5570141033245019, -0.40795211732984793, 0.9216211054133379]","[2.000738240810981, 0.8253298714408102, 0.38806484495599725, 0.213505339134011, 0.7758102896954195, -0.19850159545806442, 0.11462160795791121, 1.2322661403638335, 0.2559694464670434, 1.5978952767447006, 1.2870063433858807, -0.525252694389197, -0.38708944781044385, -1.1431944951032074, 0.2762844679392555, -0.7668442267605244, 0.7479326355243613, 0.018825151398590444, -0.09480082864359089, -0.5332875537690985, -0.015446821254135788, -0.0716912808620303, -0.3463484838515716, 0.19086140419154882, -0.1488920847485362, -0.06227150757804138, -0.2858170982412012, -0.18444647135793046, 0.6952579175737981, 0.2168356671476417, -0.05993202545421647, 0.32489604784441234, -0.1968829302660288, -0.11766684686636775, 0.33759942605518467, -0.2514187926015322, -0.009038944760257291, 0.20100447044674266, 0.0084464946239745, 0.056792430241010466]"
"[-1.2561493449435992, -0.7900666377221689, 1.9514438183290808, 0.9952976125830097, 1.8937745393781562, 0.5372963360518689, -0.4018493921754713, 3.639961130044953, -0.5310224379504553, 1.3731116542076187, 0.959019353192288, 0.9316542940079425, 0.012744950136485977, 0.6442740878356047, 0.8050359400121961, -0.6827078773062146, 0.23178959545566222, 0.9026181853894846, 0.20375795832159846, -0.22348909485787574, 1.308757955799224, -0.9908949490237902, -0.7291949955548005, -0.17891653280693998, 0.09338412003153562, 1.0151615719960017, 0.8486835603258351, -1.1374488294375467, -0.2640706307064088, 0.35398233067320617, -0.9452291491503579, -0.735392216490868, -0.43237958786165726, -0.2319323432414253, 0.6176284357199147, 0.45013400101340456, -0.8331813526381192, 1.4844784397391524, -0.6909284099465376, -0.4872642668468989]","[1.2354301606952276, -0.8171743610192814, -0.40355372633184117, -0.1993414631619171, 1.2170724801949795, 0.837977161580849, -0.1754480247502066, -0.010615604127231714, -0.3647764020491876, 0.20421477685324274, 0.04587801017568574, -0.665000335734435, 0.0962724045976788, -0.2932881787472368, 0.39984494112959695, -0.2708037505733316, 0.6215996011819263, 0.40001180410387666, -0.32414903050723604, -0.8141615801837359, -0.27096664282536886, 0.10906221008432662, -0.3264672442446895, -0.1463769560156693, 0.6680086736796175, 0.48242461272964715, -0.30022622279330463, 0.04830347239117404, 0.15612786189148936, -0.09420120983175699, 0.09219613998598375, 0.7948625367061576, -0.005857562578671004, -0.6564329429045304, -0.3678625094918199, -0.08556795211576874, 0.15917269178799537, -0.19463167982460408, -0.021882794570668537, -0.4927376155720489]"
"[-2.2717635661731665, 2.328039361331621, -2.0993727860928293, -1.3064519349605375, 0.6978962671042704, 0.06752190135889173, 1.2545261827118461, 0.25334659221474953, -0.8152191986890372, 0.8286540452139117, 0.4035633988655173, 0.3706359638349371, 0.5121743440218827, 0.8897366214130326, 0.3642250756490364, 0.35274179942557476, -0.13810625816875072, -0.39987057225996586, -1.6058853254652985, -1.3321608346309555, -0.6026291047158234, -0.00018547998170934948, -0.35942990941667574, -0.11872695207693719, 0.3100653809141476, -0.5531287016406046, 0.7912310722281012, -0.19494930369110633, 0.3613036486253496, 0.05560235220941509, -1.2461153138063734, 0.4786777465922629, 0.018782694417377815, 0.10380360608391162, 0.13100509555969633, 0.21547677376335603, -0.9951467650948799, 0.18053358595874233, -0.09736099229095257, 0.1543262481886309]","[-0.06075237786381321, 0.20509843568910888, -0.7753285842744575, -0.13446565795200968, -0.8761784205774547, -0.787713246679684, -0.15389002970007246, 0.7727279158572672, 0.25191890476235507, 0.9626493733372964, 1.338092247837979, -0.2167339769297705, -0.15452464664850277, 0.5102846854583262, 0.3989982846299702, 0.9690433706600199, 0.6991002204714309, 0.5168086366576986, 0.45055566497128663, -0.07965322311510961, 0.9122398619888673, -0.22751036436914732, -0.17690010211920443, -0.5776566683261923, 0.5150668814582379, 0.3069415571954083, 5.4163288404496204e-05, -0.37197594849155136, -0.05217438171533485, -0.2793602856026024, 0.6538109355753627, -0.44879619879011107, 0.7436653680981558, 0.17347978879532067, -0.20679011271326422, 0.055224172339859316, 0.07091080619189705, 0.02821698774698534, 0.41042594205558686, 0.33290484161454376]"
"[-0.46435471345175056, -2.08346881457593, 0.43447495114568757, -2.472569129235934, 1.9667696382353468, 1.1779548383127325, 0.3733089920318141, 0.47541426043072715, 1.3396941955044919, 0.7857926935749454, 1.3029915042965206, -2.6992378079197263, -0.14623445734370902, 1.5629594692337063, -0.6442024490491597, 0.5423263821459081, -1.0177100379729394, -0.9629327321132882, 1.916658500574116, -0.3832362169083091, 0.43653524475694944, 1.0359396469834734, 0.4199423599420045, 0.15126349020897448, 2.63190340606901, 0.573752705719882, 0.4960616855856155, 0.29811174784777067, -0.10421277286285735, 1.5124459177827854, 0.38209719091668914, -2.0385942498260015, 0.24435479014072753, 0.7839692640350928, -0.014982464131498537, -0.4141157732617397, 0.3479054900449022, -0.19358882461868096, -0.030254162233751082, -0.1782801911216582]","[1.8455954212622467, -0.8535077703871774, 0.7016337004246045, 1.557357977764488, 0.33397126578277325, 0.5836996246314075, 1.4201676077222385, -0.13832436667670814, 1.3022080589089897, -0.5460555681665357, -0.3516841724005855, 0.44217100866938525, 0.06636329065769551, 0.3821503418772011, -0.10216581681144409, -0.038082295562523696, 1.0501023428797966, -0.3183727650625096, -0.5147875795668037, -0.2686077228669389, -0.08281540770444969, -0.44576861967821246, 0.3616783450708629, -0.2299339203471592, 0.290547622212617, 0.009747062848116977, -0.10333829439335582, -0.5097805405649954, -0.5087977209994134, 0.7085617280682853, 0.22794296243589646, -0.5452375680766546, 0.05430371929443324, -0.5475387591950014, 0.2363141310111227, -0.1310662603887286, -0.21329300717414995, -0.3335902756663766, 0.11542219983409348, -0.22086892600364183]"
"[2.5913711447268852, 0.4963458975560685, -1.486109832560116, -0.1738002583157065, -0.5344593069106875, -2.0251775443951856, -0.915565421365446, -0.6564009505576653, 1.5913253716648634, -0.7227511095854794, -0.3540010386180364, -0.4335956756708928, 1.6904761875021936, -0.9515507476689131, 0.05116992129037524, -0.5266561686870546, 0.21994106397882235, 0.6259111183612374, 0.33085304183602626, 0.06600395299193063, 0.5628817074096449, -0.8791357413311944, 0.5313900750274095, 0.3984264165079629, -0.09216431646515555, 0.633837823023371, -0.2626209656261919, 0.4155537538494035, -0.7902732737777851, -0.15451029023089038, -0.5275234076093371, -0.5354213914235851, -0.03407059407591683, -0.8332505290200938, 1.0385414877531662, 0.20410489973296422, 0.1670579836211342, -0.6795316035291633, 0.7173098921541826, 0.42095837274948356]","[-3.0091727138999094, -0.15681012046080064, 1.061641832008965, 0.4532761721124631, 0.2164793359372429, -1.2343430387865764, -0.6876291333752161, 0.16945717505196997, -0.348998158191526, 0.8065946400439966, -0.3649970595037134, -0.13341581286766366, -0.6090836054587989, -0.290101335870884, -0.010217182404993998, -0.6748128211469506, -0.06282360974824579, -0.829976860994316, 0.00462597708266925, 0.39128612458872414, -0.2100846212434018, -0.4480766625546343, 0.5492658048091946, -0.9318993568829962, 0.35317133293798403, -0.9976128526413599, 0.12095316892546129, -0.18172803602940496, -0.13904506936631653, 0.005007397450013752, -0.14290342012413887, -0.39954072986973915, -0.35512905239477566, 0.25326761382367696, -0.19764196268446885, 0.5166123408560795, -0.14109480701118218, -0.6249418323347601, 0.13872295218774794, 0.34955677575020555]"
