image_embedding,reference_embedding
"[-0.14243765744151887, -0.9169595127788073, 0.37704928609752764, -0.03557128529897896, -0.5667972635695653, -0.3550010194378487, -0.6515432712111584, -0.705333495045698]","[0.8751893628214661, -0.39628027207517497, 0.6623361583749893, -0.10738000034872275, -0.6651573801886672, 0.10076292725453158, 1.0390644175118462, -0.4265563701147058]"
"[-1.3499047730341254, 2.093021625779908, 0.9809118606524454, 1.620666815090155, -2.047860578322958, 0.6650124875354542, 0.853637122330948, -1.0335985995774146]","[1.6114967011756627, -1.0668652481510752, -0.056382351243498836, -1.066613453164078, -0.8662018046081971, -1.152101748197049, 0.060653794615053366, 0.2962973802248334]"
"[1.4349189275886043, 0.15898142004554086, -0.34091753797645147, -2.305426638362187, -1.4439820674246846, -0.8467766250030678, -1.6345234215218378, 0.4296118245325585]","[-1.1932108191499036, 0.24814009100158552, -0.4536641070009291, 0.16219163980138063, 1.0053477036218084, -0.8232423722021132, 0.31097077047941296, -0.5069974054192907]"
"[-1.9670238927817376, 0.6359555562704597, 1.437483190232243, 1.508451215894513, -3.2159961944143687, 0.5763207126460114, -0.708690715006772, 0.19988785088488345]","[-0.7409139004065124, -0.5952851746951213, -1.6575264080152634, -1.1505287306943413, -0.8369822173183329, -1.032997538363188, 0.11859615954607203, 0.07900457887818849]"
"[-0.17085343167969416, -2.119393335369732, 2.7535728677891713, -1.6190399168208702, 0.8394504447700603, 2.6960198804659337, -0.9361595448166216, -0.4296658669627208]","[1.9088037252432497, -1.0735859389832345, 0.17550894435095968, 0.6471602644224139, -1.841068662612622, 0.3297330518732935, 1.5279910905658078, -0.2854093556301767]"
"[-0.1934324594856346, -2.0425866796515333, 2.6444579365759124, 0.4778012245634962, -0.07412106730269784, 1.7333176877065783, 0.738594957829134, -1.588057626880566]","[1.6698933088993395, -0.8178388033085506, -0.1900231532823633, 0.7196836003723531, -0.9077499434057221, -0.11213056079642561, 0.29063192498981477, -0.36791544985734104]"
"[0.4650833752734437, -1.6682663897458354, 1.1498769592888418, 0.47223038049971877, 0.1378491035889867, 1.8003129083824387, -0.14542865093898474, -1.9154350956257393]","[-1.4146561005993257, -0.5094879379298968, -0.3793115130131337, 0.7279800395042881, -1.2719503504400136, 0.201909822903579, -0.7210585940355418, 0.4304059530896427]"
"[1.0533290056375981, -2.839075077195471, 0.336989159057846, 2.60021439789145, 0.784819534852483, -0.04004241408715721, 1.2043140638004612, 0.25009684219928857]","[0.2684727675488775, 0.22487168077066727, -0.7231542355801682, 0.5373993835178138, 1.6582289635162761, 0.3697925833915617, -0.24413366784928867, -1.01438345096449]"
"[-2.515640325459616, -2.552182769394214, -0.19424565536357663, 1.639292827404716, 1.4674754939773298, -0.019801143877092316, -0.6905899305058488, -0.046479941650661785]","[-0.12311729375732854, -0.8186360708165403, 0.0946359496474139, -1.2591175164141462, 1.2521538591803336, 0.9696771362068541, 1.1155004712157712, 0.39412550286210607]"
"[-0.5306696243796647, -1.0974414997319542, -0.018988645186227133, 2.7644964285420963, 1.5693824536849421, -0.664108608718158, 0.7134250687716289, -1.5804654628120798]","[1.3296074755284462, 0.36771962010766646, -0.20117532160918103, -0.8200373769789501, -0.34163801433473867, -1.441548029634706, 0.33064751450017144, 0.055137729491388725]"
"[0.17764510929477814, -0.8408983051772589, -0.07509643509463812, 0.11137139056197598, 1.8881434598183318, -1.4749284916678687, 1.2988407917098996, -1.235220724474471]","[0.7108882628958706, 0.7288963949667983, 0.5882998066041769, -0.10763541169918464, 1.5636395806182286, -0.5729090163051718, -0.7630411437480061, 0.9622743600456138]"
"[-0.2012702770810694, -0.630345825183997, 1.0177482803159914, 0.8886998045200845, 0.9520352374907058, -1.1725421593813634, -0.9558746889600941, -0.3873628216992121]","[0.8778696900656088, -0.3298566802078862, 0.48560224441851674, -1.5644874220635452, 0.41136459126291713, -1.830158558185725, -0.7722647729700312, 0.7506584125693015]"
"[2.6212893105906088, 1.0156820859634974, -1.116371032052085, 0.9212042595072856, 0.12630515869349557, 3.531838980559576, -1.3757580438242716, 0.300437331744103]","[1.3854840394252, 1.6940041484003434, 0.879580055078724, 0.31700048788127155, -0.9036286383228803, 1.922340179104773, 0.40550147269961667, -0.18415870512395857]"
"[-0.6604468132951485, 1.6905327695481005, 0.7642632467071062, 1.3772858847647846, -1.6598709352769312, 1.1165283307301657, -0.09448900770933204, 0.9977397331584423]","[-0.43739784993679687, -0.25383432869673894, -0.4643604652958859, -0.8026549568746723, -0.6735309194419402, 0.9033943932586447, -1.068617175998771, -1.3981750772057668]"
"[-3.068531631813481, -1.289467691666264, -2.0980789476660804, 1.5175039478796595, -0.7685859232605533, -1.2945485102868863, -2.24336854300999, -0.1837938880935182]","[1.3799116663975017, -0.9582225764050314, 0.2806718503687163, -0.7615371098291427, 2.098122828786551, 0.6897630490021948, 0.4278972817333642, 0.14147557191034937]"
"[0.6799748238511129, -1.91347575523743, 2.0132068324444887, -3.2949365361987355, -1.2418126516276047, 0.8344999752768965, -1.38558290791023, -0.16777293054111686]","[-0.9840447782893565, -0.4576511090115804, -0.4056747998223829, 1.113565662331888, 0.6151276460740752, 0.7255396560374366, 0.3333705252108123, 0.780351320138079]"
"[1.604807312999998, -1.2632466429811766, -1.4565420704815073, -0.8285324902231924, -1.764425095306023, -1.2300088484953455, -1.2567465338059365, 0.5599405529921921]","[-2.065899288520939, 0.06956765536212314, 0.5666099540015289, 1.0696751198539411, 0.5261311313836083, -0.2765429265627187, -0.23247281272184184, -0.6649983850777854]"
"[1.5644821900074466, -0.6201878538009167, -0.763108742023663, 1.146604283020255, -0.7537813461465036, 0.4196150594970602, -2.0532002262183977, -0.48655429004558737]","[-1.7253084170899218, 0.19500981606447626, 1.0498891599848126, 0.07269507602039907, -2.191761729556533, 0.38631524160854164, -1.0387198850591068, -0.009405270552489539]"
"[-0.6094393935909642, -1.4962460243293898, 0.9768367639822112, -3.2072641030131623, -0.10060817352354005, -0.25127152810181214, -1.1301624914163546, 0.6426534149758828]","[1.1101357859202161, -1.326394014968558, 1.109625769001024, 0.4442466449927847, 0.5287442668304471, -0.0407097664277625, -1.62517617803608, 1.24151597026014]"
"[-0.0902235781454876, -1.588604824362622, 2.0361742506445784, -1.9617051857292427, 1.0829069628936667, -0.8024787064495491, -0.7426483122875861, 0.9397874148478949]","[0.5418857502928474, -0.9945604336947516, 1.1053562125737362, 0.5556886105159704, 0.7658385492012771, 0.19693772699074108, -0.9928948118066939, 0.6847077275708153]"
"[-1.5471543165449748, 2.2412801532373536, 0.2726277632445716, 0.08399985966091476, -0.9000397562785194, 0.7497407863433645, 1.1301226083282134, -0.8390327323929482]","[-0.16661149758577953, -0.3096681603439919, -1.4037443729611498, -1.1330154864322453, -0.04445808796196618, -0.3303338300360192, 0.5372026347132002, 0.8588448379418178]"
"[-2.5836738971710504, -1.4255964966318369, -1.8035552662323013, 1.8219732576258516, 0.19105038695783227, -0.48717604378045604, -0.31218339017839036, -0.32952646646525924]","[1.9664513522101617, -0.7897432645544161, -0.5442361595244861, -0.958407088611653, 1.657055230766477, 0.9113537190341175, 0.23368922307261455, 0.5705689923766053]"
"[-0.7192961870362286, -1.7611936057665003, 0.04083359637672251, 0.8211700009639525, -0.775698981715902, 0.6302749337463768, 0.521436875610904, -1.9700249327980184]","[1.8164954568793343, -0.5718829768391692, -0.47661599909064906, 1.1059673358865256, -0.9919961569562658, -0.18017911453214316, -0.09433127775756033, -0.08094300603688397]"
"[-0.23306161777639228, 0.8368800900588348, -2.2448088802176467, -0.8721478507289065, -0.06902168550306269, -1.0319145124599665, 1.0456794337396667, 1.7557265189748081]","[-0.49043144403007016, 0.1341985247748526, 1.5569478826257068, 0.12586762563353932, -0.34635664907105634, -1.3098146736790057, 0.0012737355118556278, -1.173380491325508]"
"[-2.514093287803028, 1.064881953596539, 0.43315800956224887, 1.9255119566803933, -2.707901161838493, -0.33954069509960516, -0.753320449134256, 0.5614514461449951]","[-3.0711532070747647, -0.9086795098893629, -1.344438900970469, -2.3987602539403583, -0.5458712558178778, 0.9520788601669486, 0.2311937429612436, -0.4262512241200362]"
"[-0.12650939843308875, -1.8871875237091777, 1.7065703978444644, 0.02541508054641461, -0.027957704843349303, 0.6266487076952677, 0.1977842583820837, -1.214139012034005]","[-0.24335551650138462, -0.873694487434943, -0.8315730928447558, 0.0362964592900777, -0.6142306054847568, 0.37626365238158593, -0.1663048964833739, 0.3879524904726029]"
"[-2.034882217311249, -0.332264149821472, -0.9351859657944115, 0.28035149155902045, 0.41774689336067894, -0.4627839161961443, -2.032474530604101, 0.6955686834714239]","[-0.8636592413543639, -1.0166274112229345, -0.6438315725033859, -0.4427605371228654, 0.3748795898117525, 0.9541802510135886, 0.4504902530725254, 0.41510281612999617]"
"[-2.354631774845573, 0.37315287387824647, -1.52042092984681, 0.7966116673917816, 1.3440472412677558, -0.8243972236365179, -0.988977496039328, -0.07809226716928215]","[-0.2948077793516073, -0.16417391206534354, -1.0308970631915504, -0.5874313484861288, -0.26569585634686993, 0.4202081692941519, 0.16857872326250756, -0.6083838647978081]"
"[1.0601034642632354, -0.4504555397087452, -2.193073718241283, -0.8686501713468852, -1.0265361784460925, -1.2007737304633768, 0.7577502851793488, 1.5168444936605838]","[-1.1655885597806699, 0.9999586470797255, -0.6183149496715504, -0.0687020095864114, 1.087156427275368, -1.3684779233850934, -0.2034499689846623, -0.8258760633651153]"
"[-0.3065591943743866, -3.0424113047885295, 0.9359562598080182, 0.6334901721234394, 0.9123946420780662, 0.839320897269897, 0.3533522590126524, -1.421973434148114]","[0.6800131028352847, -0.48307714567291404, -1.1902284880776737, 0.7790108797265627, 0.2759146767256103, 0.2613642351081349, 0.024450599839331656, -0.13482570206426503]"
"[-0.03567898475940848, -1.5286786679097848, 1.402289417995128, 1.7565454954468476, 0.9173358060406215, 0.1021115193159875, 1.4559194617496118, -0.7516647674065726]","[-0.7254855993336637, -0.4701665857959459, -1.2173211435742441, -0.44478738314826693, -0.19449409801351455, -0.3244609554665444, 0.35424535893857406, 0.35772042861415076]"
"[-0.13092545582193152, -2.4868399247682795, 1.7107472458231807, 0.7264990492899174, -0.3156488462992154, 1.0166942487293769, 0.16509014157178162, -2.068128416197972]","[-1.4536253771427, -0.7185282741416376, -1.5012997026648423, -0.2082512469908185, -0.5559641519716256, 0.9200592086465516, 0.7161581045453859, 0.8592708771542226]"
"[-1.0200430670381033, 1.182017201759932, -1.3175464335781053, 0.15612933975672014, 1.680719151560004, -0.3052382061405959, -0.07319763008266808, -1.2406258992963546]","[0.14883669439005526, 0.19497070070557268, 1.1553694939865815, -2.1289219310253635, 0.9377232338970531, 0.4226948172253027, 0.37210529519217245, 0.6623329305517156]"
"[-2.085710304313538, -2.172758700501603, 0.6564474754315468, -0.388572811794452, 0.7300793046172646, 2.1365403984805336, -0.08505754649684126, -1.0229069820422203]","[0.05573452164126665, -1.2801193261004267, -0.4383320542738599, 1.8339186284080655, -1.1551693489725545, 0.33689287747366164, -0.6028243368012505, 0.657771231740496]"
"[3.9740832108873, 0.44695845397644024, -0.19526462023238067, 1.5465363149982274, 0.4080834175153682, 2.566138171396461, -1.255224538025486, 1.1833867603012003]","[-1.3569400498963389, 2.812398894721593, 0.7008017452686272, -0.2346595127667018, -0.4551152028923447, 1.52691903641913, -0.6313698665973424, 0.08702845912832444]"
"[-0.6043568249549582, 1.6005838663376217, 0.2973786129942807, -0.0729487469560392, 1.0632019937448058, 2.3446187249932184, -0.5914682054996095, 1.2369797634149629]","[-0.09795454301787751, 0.6600269951678656, -0.3164244181216229, -0.20262503742820115, -1.2422399050064559, 1.5551103226092595, 0.40421532678748323, -0.48263368551216496]"
"[0.37204341540536956, 1.5616341272087404, 1.9579556390440866, 0.33676263704932147, -1.058738828290803, -1.0355779415706197, -0.290569941618517, 0.8202118900456954]","[-0.40412535520207704, 1.1888097081293258, -0.7430322254382857, -1.1310125398640947, -0.39324277237051286, 0.42910427338007995, -1.012939776629108, -1.443815697835686]"
"[-3.0606823984713016, 0.028642771510249646, -0.40304567068709163, 0.4647821097435251, 0.0875703855407487, 0.4711208089606543, 0.38962155487244743, 1.2015745501556798]","[0.6120362924302519, -0.8960432537656653, 0.26010296330551086, -1.0720659630363594, 0.21075437592829588, 0.6158410621492875, -0.412225345613762, 0.6302959104925547]"
"[-2.123146224680123, 0.5206546280171563, -0.04044264966591479, -0.8572484445301469, -1.8450939162118714, 1.3532860716832404, -0.2143110225302134, -0.4689357896686253]","[1.0851367562816743, -0.5627683880292225, -1.4295424046771108, 0.18385048821336727, -0.6786612088397399, 0.5199089584355965, -0.28364342619781274, 0.15161306201107466]"
"[-1.8202461089321578, 0.09112349071933382, 0.4168592357493896, -0.882634312675851, -1.6134401033010193, 0.9443958474273492, 0.7651858879403154, 0.5505003940110276]","[0.06281624253605281, -1.2864420432218662, -0.1075476975839233, 0.12224759597309401, -0.6379087594382653, 0.509213599115066, 0.9275336924869892, 0.21966965029005597]"
"[-1.962860910474411, 0.9533562872967548, -1.0789627164608768, -0.5973528854188956, 0.5699005873408676, 1.1068286853089986, 1.190786985318151, 0.5983729655419178]","[-0.4811235728205423, 0.25680483682880845, -1.3957066526671518, -0.5682363069551066, -0.40350900548627455, 0.5291777498421694, 0.05721240503571626, -0.5973217332247248]"
"[-1.719274834024079, 1.8108899999474186, 1.404148079050325, -1.2380957645382007, 1.5630400484655638, -0.43765806913404737, -1.4828332631803596, 0.969557595698031]","[0.5933471784489298, -0.8766008243383768, -0.2794520050908906, -0.8715107086837265, 0.032072891846456904, 0.9838524877633651, 0.18587545288384372, -0.7030651411001323]"
"[2.968921792425755, -1.119460543642097, -1.4213579599149486, -2.248671358936498, -1.0259512644764999, -1.4637261752338158, -0.6947025688065037, 1.0860671723959696]","[0.22806094696762483, 0.3259656094772648, 1.8005174844368677, 1.2375113202214831, -0.13883658255337025, -0.27268871002584416, 0.7395449488774641, -1.560112109811815]"
"[-2.5583462519944677, -0.43783000739801364, 0.5035712097918743, 2.23874983846954, 1.0916451912321556, -0.14892388974362866, -0.8994219580102701, 1.2181966003698632]","[1.2531081002961324, -0.5900465606655654, -0.44141580520488716, 0.05801971889072562, 0.31485838576667036, 0.1816706392075168, -0.7291743240031812, -0.29854502357887736]"
"[-1.8803259802578092, -1.0742402796532449, 0.4730672512566906, 1.892479286298534, 0.657177932723497, 0.08999347914807043, -1.8382992924036936, 0.05235717699220443]","[0.5708368187855508, -0.4320222266618923, -0.7084566506431699, -0.32096082320497804, 0.22586312728207764, 0.5976435632850038, -0.3316293818523313, -0.24249733597557693]"
"[-0.18599934020752182, -2.2076315679186886, 1.670316125752602, -0.1994712632326698, 0.7244133228612089, 0.09877056987456, -0.6905084185549527, 0.7554219627528858]","[2.0097167505582685, -0.3066000238467616, 0.229987742273406, 0.09824536707049406, 0.38239277197930266, 0.601807973418395, 1.5182195066778894, -0.17264503473992268]"
"[0.9487383525427776, -0.23254283832393619, 0.18281706791892868, 0.024571888540622044, -1.6888533264233476, -0.8460542651114191, 0.6076452781403259, 1.8194162428303253]","[-1.251651827414737, -0.33635664442571167, -0.36035157508108173, 1.0589479904692642, -0.32950353814141436, 0.44224108859454525, -0.49461223528243964, -0.812968019886955]"
"[4.4956914235293395, 1.3571963673983276, -1.029137396267839, 1.7151132972960952, -0.2508871765927834, 2.1435126713152006, -0.8717078807241239, 0.40173709353618003]","[-1.4257814489443366, 2.5573053920578603, 0.26713714259848215, 0.2305501815705475, -0.5693884980750472, 1.0301906394545766, 0.1883463612166657, 1.3124393625273116]"
"[-0.22805161459090517, 1.1844893530970546, 0.8017514442676629, -1.0552108747162425, 0.2145797954323187, -1.2189199656933951, 0.3979604263349622, 2.829543524903338]","[1.36698547548092, -0.3221571239062675, 1.2632291052034987, 0.10628837845188441, 0.545215669960363, -0.17169423834713482, -1.0449750390850292, 0.42206287195262976]"
"[-0.5970649567580807, -1.923368330651271, 0.7475443586673544, -1.0578486777664617, 1.2225199910143298, 0.3348575215706188, 0.20664240766443592, 0.13745700556043383]","[-0.254674642823744, -1.3937626110858714, 0.9781821880878944, -0.05659318222683609, -0.15722725039802407, 0.5768656506398276, 0.8489211808710925, -0.12244768238124444]"
"[0.3047646524882793, -0.4091236685907255, 1.404985580068338, -0.2732708295128255, 0.6515643580095168, -0.27798096093147956, 1.1363536126856388, 2.1323471067479063]","[-1.2190453389807538, -1.2616899442675766, 0.7745932929551657, 0.7326634322351295, -0.3752956153809596, 0.4832109700963683, -0.24685556616887774, 0.34145224855700196]"
"[0.6098672370093732, 0.5755984950137121, 1.3334166643080194, 1.4230902043658717, 0.9434774992892727, -0.016297082168330024, 2.296786686853755, -0.8848980479992222]","[-0.3577864018898474, 0.6861440079768808, -0.5257578128031541, 0.6814229247801442, 1.2266129184381451, -0.3049089104009019, 0.3415712938155831, 0.24611424917881083]"
"[0.4351085232468229, 0.23437893699595025, 1.1784053254275024, 1.6238434388626493, 0.734285992967909, 0.034318535210543614, 1.8747381552576463, -0.4268244365037084]","[0.8034874827632427, 0.4153907211480155, 0.16067861882691772, -0.07227236784133917, 1.0730096446515955, -0.8380782611100842, -0.8496527267253934, 0.6900900372426275]"
"[-2.666460257686985, 0.618953877326717, -0.24559351008278557, 0.13135236334326122, -1.537915787122151, 0.19876675839377886, 0.12688720435251644, -0.33631024434360896]","[-0.6700683247594245, -0.8504277092532129, -0.18521625224416632, -0.6335106850194463, -0.400500544322178, -1.067607991029612, 0.5541708386679743, 0.2943519141556728]"
"[-1.5381120191791149, -1.3134665646240191, 0.016874956212482525, 2.0237432404355817, -0.2739191839059278, 0.5515207287713736, -0.5972251941515866, -0.6042334649933956]","[-1.054804460400073, -0.8394312397913118, -1.0292813930753482, -0.31630098313659827, -0.4344568545231045, 0.3548230476045836, -0.23729826323713338, 0.09054325566802851]"
"[0.4278735819344488, 0.07712028697659931, 0.7527272498738238, -0.4267030811950736, -0.02891367689631902, -1.58696386710597, -1.3864480683023055, 1.3791574859404674]","[1.5254670519560665, 0.39046770701384753, 0.36891079071042965, -1.3515223188616075, 0.1526236424353916, 0.14867047149420598, 1.4561979175760125, -1.3316568987707826]"
"[1.0431289623829663, -1.920255269626626, -0.3298312032110927, 0.2158258101155388, 0.039656140739456086, -0.3726324701253374, 0.7295436932476312, 1.4852870486293535]","[-0.689025862186794, 0.3441466773983791, -0.8024358803326826, -0.8385342879941776, 0.15247206131977883, -0.3117590480585094, 1.0407587252380142, -1.0817242559585485]"
"[4.122196181468413, 1.6973350220773256, 0.28440298759287724, 0.6114706497460042, 0.4996732710669381, 2.9390350011822886, -2.4228610357963807, 0.1225825536711291]","[-0.3533223413321351, 1.9690778703445162, 0.17572296857753808, 0.09477230549502608, -0.6141399084225082, 0.04199016987142422, -0.8279432043839565, 1.2852635398662697]"
"[-3.555553947983314, 0.7665914250506403, -2.1065112216936064, 1.6338535369748926, 1.637993054634647, 0.27243266341765576, 0.5575249677156259, 1.1786592425962816]","[1.509118904925764, 0.5924324904991097, -1.0693376383164688, -0.761873833669521, 0.6320298505960702, 0.9812862967332218, 0.03235721532732003, -0.35105435805625007]"
"[-1.6917309359046588, 1.35027561694966, -0.1963810009613623, 1.7826728122369095, -1.183641060264858, -2.244583178054531, -2.96294149687161, 0.22116317775884814]","[-0.6336726937788779, 0.3517864591970809, -0.9912896151844798, -0.9356044845919634, -0.2190405301633915, -0.022273981228891578, -0.8506918811568742, -0.6154465529177138]"
"[0.5087943671388137, -2.285232434783908, 2.66874920976888, -0.43161152540129755, 0.7149936844353473, 0.6161885697784386, 0.2743625067347401, -0.4518651991119522]","[-2.131616505516801, -0.7751481536511335, -0.28153163608027804, 0.19275955305303905, -1.2727423968595284, 0.6667441411206676, -0.1974997974424243, 0.24808973038896434]"
"[3.9137818636463684, 1.51305959585508, -0.8125691390505314, 1.9026386489790625, 0.45922533481105854, 2.395868792275726, -1.1643214745113544, -0.4342503828345384]","[0.005619434630838091, 3.219967082044419, 0.3527514161000907, -0.23741487062992386, -0.9196832099783167, 1.451438524766073, -0.3288865093276085, 0.7573261610457044]"
"[-2.030983268463347, -1.290703360712987, -1.0905923504057502, 0.8637575555187382, 1.2116736050414967, 0.05613453108795911, 0.1869847119893858, 0.7804270755750784]","[3.473112387184661, -0.5849053688553645, -0.6269697739625422, 0.23969620009527684, 1.385413298531293, 0.5625202983615006, -0.2700709058648083, 0.07751154719397947]"
"[0.005811286300349457, 2.3113980418999565, 1.0799959979665696, -0.20754077279168498, 0.933461133616758, -1.0928403321909645, -1.0520002546258782, -1.093971525188086]","[-0.8084673201381793, 0.010979218134948973, -0.6436701043120903, -1.152040291261025, -0.958311409978148, 0.08260787493608968, 0.05019900557085598, 0.09899670329867648]"
"[-0.8397797088512172, 2.311238682075631, 0.0507454490423476, 0.6074229109323427, 0.5120593121558462, -1.0376211188787392, 2.0179587592579016, -1.3210952274519205]","[0.29229170828514267, 0.14166189596784912, -0.039820858796990585, -1.6903544287594725, 0.43814062358818423, -1.7223390331653512, -0.736417217464766, 1.2606066475009425]"
"[0.03626309680882143, -0.15313035674196135, 0.0985350368832064, 2.2585686440195425, 2.4752851996231207, 0.0028792771558493, 3.689340170568423, 0.2956335655015465]","[-0.2324740557447428, 0.5397908492908581, -1.0732839142075565, 0.18690987931376085, 1.207570384462888, -1.4617613149813804, -0.3408121907810719, 1.1545181310321073]"
"[1.6934881844055647, 0.7784922166866178, 0.6952564328243429, -0.28196053830583756, -1.9120330250588407, -0.2963550388885719, -0.8626055187167629, 0.22224514200763237]","[-0.1468363722843263, 1.00719164208683, 0.08586102769708961, 0.41142034860577187, -0.49507221260402573, -0.9061136638588573, -0.8735770279024258, -1.553981152773436]"
"[-2.06722730107531, 2.3297053477038996, -1.8170916034573217, -0.66368751423137, -0.15072463720209292, 1.0104184116842199, 2.3464818105122296, -0.3449424708459576]","[0.26660837684058036, -0.562059470671704, 0.4943600531307391, -1.703737379200397, 0.07076355863047581, -0.42804459692112157, -0.5435141079021577, 0.5486588297591387]"
"[-0.6291681371155426, 0.09627903020328782, -0.13835916672113632, 1.0846344656229425, -0.30491048869193205, -1.903979613355307, -0.852919530540061, -0.6770262891573576]","[-2.3665518296042873, -0.7938551322069785, -0.3401575776603508, -0.5222286932380819, 0.560635577558876, 0.054788061011316336, -0.23290704615639873, 0.15352894227232342]"
"[-0.9832689503223241, -1.182191597087071, 1.9197616434279017, 1.642450873002024, 0.02308185824467542, 1.3639049825678493, -0.2444446175055255, 0.35723879478859455]","[0.31047339176346606, 0.019374860239699202, -1.6650262881426598, -0.5123281243691434, -0.17732757248042927, 0.890448415978512, 0.1961585783572982, -0.09258838265994779]"
"[2.7315279562883585, 1.7283619840871354, -0.23030003066625132, 0.4805796733245337, -0.8697749679844701, 1.1327267868545825, -0.6930063327280734, 0.3175059114836264]","[-0.4545853851792345, 3.0446617876686446, 0.025274152992463574, 0.6145600688579694, -0.624401436214897, 1.2531105702756804, -0.45169614529192953, -0.2182911544011731]"
"[1.2695283900821177, -1.5236062480865873, 0.9406589354329618, -1.1798203582873739, -1.8586344762614344, -0.09497087045436281, 0.3269986154603214, 1.8007911837049262]","[-0.48968495072254176, -0.9203076344017156, 0.38486711232158344, 0.6990328835153367, -0.45233709053507176, -0.011695942802123703, 0.37800789914316485, -1.2506007075343868]"
"[4.271843694129395, 1.1428984698601796, -0.713126263504703, 1.5440606497656786, -0.2682516106006165, 2.462601413982392, -1.2170644001346158, 0.4085874704068883]","[0.8322586912710839, 2.476724194599938, -0.41436496488885305, 0.949018027724695, -0.48570424517101124, 1.3764862073592563, -0.3846897842581185, 0.6102913834688232]"
"[-0.7795640779043356, -3.0089665710947724, 0.5497620221954733, -0.9500964259489858, 0.4483764794484152, 0.6523470261330431, -0.4446126924623374, -0.7805321004386634]","[-1.8670168560036449, -1.5478633686964396, -0.01059904382299766, 0.8472412455229246, -0.9517057217462359, 0.48516116215913746, -0.5159273863114562, 0.7280373094770921]"
"[4.646572645395038, 1.3190710912876218, -0.42480149425667546, 1.4641927751559083, 0.1344476405071332, 2.4860903036888566, -0.8539886407736199, 0.6633311009233446]","[-0.5538870096608534, 2.7728313429133795, 0.16371905609650772, 0.44063684089772664, -0.6101273012259099, 0.9278158056731979, -0.6840454292075784, 0.6996301463460891]"
"[0.5432713588249583, 2.6151443733668613, 3.0442866107802455, -1.967654467795074, 1.2523646944847828, 0.04751310417863798, 0.020931108252318323, -1.1008092751071163]","[0.9218548432218542, 0.39360853344431806, 1.078333882919282, -1.2998969206181654, -1.8244619125981698, -0.3925323225143573, 1.3155888415064882, -0.06097164377686336]"
"[-0.45327055523530047, -0.9864554290713111, 2.103517277993437, -1.8683963799288004, -1.6832709512627377, 1.7850071964645133, -0.32740591692169274, -0.817797161946452]","[-1.0689857687489588, -0.9723517703601967, -1.172515657994121, -0.2589049074100742, -0.6201841746867544, 0.7360170917388081, 0.36687540457320766, 0.9759084751157968]"
"[1.1833033343251278, 0.12115170346033856, 2.2162084096685386, -3.1883532751192623, -0.6787042360241415, 0.9947760198780105, -0.5219691544208384, 0.7903034504329374]","[1.2351877048462188, -1.1191724563659655, 1.0147192437196901, 0.6566923876719986, -2.038679157331089, -0.20797285087942466, 0.5168010082645185, -0.4882603226845959]"
"[0.3938469961587213, 0.8808806015855092, 1.3522061334379776, -1.3639562440166413, -0.637224365991436, -0.49841259831304746, -0.5777468428188409, -1.8363620664214007]","[-0.9948939134472761, -1.404752046893414, -0.2569883711326276, 0.03767096496873313, -0.914220926487239, 0.10673967296655415, -0.8960085602015797, -0.44093958040332865]"
"[0.260822243120633, -0.14081787800283718, -2.102734511696722, 0.1327465985845994, 0.9239436766262182, -1.8373442373067272, -0.745055223474194, 0.760414619995843]","[-0.30145642005284146, 0.9002702370523784, 0.404412550430069, 0.16164596093312142, 0.17449513492519522, -0.7479338513810186, 0.8815548608881992, 0.3341819274112555]"
"[-1.1842061755502715, -1.2915129802224106, -1.7549393801584345, 0.16112167903587984, 0.022865051849633864, -1.502891608223726, -1.6704428462821406, -0.3082174279301139]","[-0.34484000816464216, -0.5074713541271817, 1.7890400557986958, 0.2885536647767429, -0.4433835029854808, -0.5445591429597553, 0.2903412319639176, -0.9991592669256971]"
"[-2.5284613224956427, -0.43501475091008074, 0.5431341779433655, 2.474434748341445, 0.2890796032876338, 0.4600886277730181, 0.05217310916575921, 1.0531474622045995]","[0.8473077863661829, -0.7133161834627607, 0.1834861687181376, -1.367016263967025, -0.18505308823143762, 0.5094171065150458, -0.12406172379055211, -0.20251317136821614]"
"[3.57729819119405, 2.432205767231639, -0.9954087971962471, 1.4575026866582765, 0.6852624021875048, 1.856129425935721, -0.5375993249785477, -0.036169889889840476]","[0.5223634113220038, 2.991522795105549, 0.16213069284181358, 1.0108476217909936, -0.586148387305008, 0.7541448635934231, -0.04316935759136648, 1.3306656939422872]"
"[-0.47589543098660286, 1.5566302768463964, 2.4770344762611174, 0.3602987268190467, 0.4686580712855867, 0.790233463975216, 0.42248407130657195, 0.3265258113596833]","[0.8368991946165373, 0.9231798309309774, -1.0316637956702157, -0.16644538625351743, -1.0978066665134236, -0.5771208204685109, 0.6427184976071848, 0.6549666129439596]"
"[3.4172757799253897, 1.7999499148161078, -1.5843675616776793, 1.2812389559905393, 1.2203638320245196, 2.848489784723373, -0.5137554686226276, -0.45779992249095935]","[0.19524407321891024, 2.6185065694783245, 1.9442664366435427, 0.09327208805108583, -1.5498614844139837, 1.2165909833752488, 0.8719368747195804, 0.7875747317239821]"
"[1.1200268877496304, 2.569050827626483, 1.961867601517208, 0.9403281669618381, -0.154737457839497, -1.9223865931027206, 0.5088728250458228, -2.9355625995373327]","[-0.9156282108206345, 0.5736432698399433, -0.9235388116812133, -1.2916426679566095, -0.3263893053868912, -0.971033438068691, -0.17203557920833218, 0.7775352416705326]"
"[0.7575643680779576, 2.228307050080254, 1.2216853355757529, -2.196917947913159, 1.0546199293009775, -1.694404199501192, -1.4198877369560983, -0.029616877733112838]","[0.4026906699575745, 0.5583878691399892, 1.7714770963006494, -1.8153463138793544, 0.6768026619833873, 0.6312082261469039, 1.5072256732056626, -0.11499270477475511]"
"[-2.4733348783827362, 1.3903120134406626, 0.07162887815417218, 0.9245600578067862, -0.7007330675016423, 0.7121070376049327, -0.6225604285847939, 0.43798255449320983]","[0.7366719263410808, 0.5998172184274527, -1.509478262455222, -0.8165195271225154, -0.915933374598503, 0.8116272467254035, -0.19800611872642052, -0.5623221309864603]"
"[0.0682664998276855, -2.9486891748278117, 1.8440676538598078, -0.9464913907032521, 0.6698325273791178, 0.7430551739635972, -0.17849471585490242, 0.31841138593456236]","[0.5629885612096783, -0.9681953962867077, 0.42521453775498047, 0.39106988388766667, -0.45883873261653624, 0.28340146424284335, 1.4732237479468622, 0.5312656110761242]"
"[1.1588084007746646, 0.5570587020990705, 2.788911510338978, -0.693949595671182, 2.5766820105163917, -0.9645230603113949, 0.3107396982716226, -0.6611462666372572]","[-0.30745726341003876, -0.25898958558644003, 1.4595957114551323, -2.241130926750206, -0.04528420058597759, 0.5298346018284448, -1.5172736845933965, 0.40777859385366333]"
"[4.019920719995397, 1.7043678223972085, -0.5598645246306784, 0.5300070403679196, 0.1385133804730731, 2.9256623222069402, -1.528133069524266, 1.201434984318791]","[-1.1528367684624257, 2.1765615820834987, 0.5155204919200335, 0.42279272361013986, -0.8005790232950802, 1.6125456082427858, -0.44087256102804195, 0.004029356786225073]"
"[-2.385112600978977, 1.1402911785780383, -2.743031613595034, -1.732095123712595, 1.0670857132253284, 1.2244452602724454, 1.633929262185114, 0.7885213688295636]","[0.7868701138512703, -0.6672262958378755, 0.6753130939648921, 0.4486154053097794, 0.6018261622918409, 0.4323855525226975, -0.3839786037941632, 0.08739371138429779]"
"[0.07060641194014451, -2.513758833405387, 2.3094052714854545, 2.2899460427080944, 2.112404807245962, 1.1040456720797034, 1.7284049150450325, -0.04121046187685972]","[0.4068024083298926, -0.43830821495550315, -0.9349112790637023, 0.11868283529682441, 0.45079470520755416, 0.09141790254402442, -0.2781539330228101, 0.9480110450959562]"
"[1.7255070237352805, -0.3709081012079241, 0.3406412657039308, 2.1071774943998864, 0.03523739911672833, -1.2728269540107466, 0.5319482001238645, -0.22182335506497125]","[-1.5003336234558806, 0.4935910929553057, -0.613866684744046, -1.1763361477394476, 0.9166371392062392, -0.5804689228616458, -0.5908499194191282, -0.04661641506459092]"
"[2.2506614682072774, 0.8017384184437463, 1.1931007202541823, 0.3702174068463013, 0.4926673312383189, -0.37263162998892285, -0.6729238383574245, 0.46098389529789263]","[-0.77434376674639, 0.4398262369553687, 0.46545973852299455, -0.18873344794756805, -1.6432084425207454, -0.9751139204437662, 0.4684485530913837, -0.6328096104211751]"
"[-0.40733628005738537, -2.7329757089965656, 1.1029155548270961, -0.8124767496732541, 0.10884103243082721, -0.3459042833014083, -0.9577477455398328, 0.9840211800674731]","[-0.21941929429839588, -1.3657263257028538, 1.876398224176891, 0.6342899528842149, 0.1315934582210658, -0.38544225702392015, -0.002223576288103207, -0.493625366749876]"
"[-2.711860700493009, 1.5900495194556172, 0.7119895550870058, 1.430295029788119, -3.4588318269164993, 0.0014970586582813258, -0.31794188245194377, 0.6655584038628171]","[0.8322204955673782, -1.0628873726529273, -0.3061655263728834, -1.48152716704641, -0.9433560670437913, 0.184630778685993, 0.42846799818660836, -0.616496929457294]"
"[-1.5590412017759878, 1.8834870113216489, 1.7694944818304117, -0.6096284758771227, -3.231971167183114, -0.5178214469541454, -1.482621917722852, -0.31877945972551563]","[1.666085683055812, -0.7261687596805728, 0.13314070095552807, -1.1301490520735944, -1.0350844390827547, -1.5663938047991672, 0.19280948648793828, 0.0583973808381954]"
"[-2.324077622837655, -0.8917448826256202, -1.2963720505024334, 1.454884832896389, -0.008992923426129005, -1.0420564110446167, -1.746465520476044, -0.32271127299148733]","[-1.917232391320172, -1.9087935222121546, 1.3356979075615607, -1.1088142236191323, -1.498908770209443, 0.3981593539602537, 0.6956710292155402, -0.07521957579320548]"
"[-1.282350772062464, -2.306361561074337, -2.4000484591929365, -0.7904853327920371, 0.49053410299122735, 0.20846325789007067, 0.1306226203526048, -2.92522545227884]","[-0.08969635229115488, -0.6860871668141515, 0.32273503176499074, 1.462145022845615, -0.6439957519178916, -0.18060545384364537, -1.4817157796007807, 0.638989387100051]"
"[0.3570636994637273, -1.7332387618206078, -0.11169331459769195, 0.11208496166096775, 0.1961432971989938, -1.1169983592881654, 0.5760087456175201, 1.8759152679300855]","[-0.6866292773128717, -0.9307403757043589, -0.11712040344503966, 0.10468721262643996, 0.6825474886256823, -0.651768497925758, 0.6096006059251758, -0.06485353016301469]"
"[-2.3868330802493443, -0.8522504963288339, -2.2868978475629325, 1.371196733253852, 0.6543603418421458, -0.7078148771113223, -0.33490087145144554, 0.8156141748826483]","[0.9880371316353251, 0.13712909493304914, -0.2551461127148346, -1.1727765009605704, 1.4316106154527624, 0.5124152379238822, -0.04031982005647751, -0.08904504655351915]"
"[-2.488595990062419, 0.8833445914379722, 0.45162904947218224, -1.434208996361371, 0.4883657620339206, 1.6154878483949207, 0.08420302821423155, 0.39204429752309]","[0.6707807271167877, -1.0729666422778035, 0.6858977894734487, -0.14415738827829847, -0.9800066866156165, -0.1761243892133159, 0.538660473858511, 0.2660186961833211]"
"[0.4399205566344094, -2.379176190147019, 1.0414651660928018, 1.2720117781990183, 1.4873649423272102, -0.13123763595334156, -0.1566726740182474, 0.3273557663421076]","[-2.2490199453159208, -0.5286628464444842, -0.09393593364364126, 0.017365547284976073, 1.1851779031642253, 0.8125330939704558, 0.012060277256930775, 0.9161935103067557]"
"[-1.0946633205057965, -1.8266161758773696, 1.452169437895203, 0.2891193802416149, 0.3984972447515524, -1.027870447670122, -0.4289279746470971, 0.3052750879205887]","[-0.6280965774077616, -1.7834911202163164, 1.8918368888403105, -1.1774014532850625, 0.354578607791056, -0.42206838234756183, -0.7423428578953668, 0.3850953486263893]"
"[3.1548786784020475, 0.461608353373483, -0.7388086277517459, -0.06149823957788678, 0.26544498053994026, 3.288457236158036, -0.9364926665198264, 0.5988893641945137]","[0.17709081425947884, 2.111086693920776, 0.3359987511395491, 0.639063871940713, -0.7800427359155416, 1.3640022872098838, -0.44258306061756186, -0.06237794133408063]"
"[0.9975042218197919, -0.3496723135683768, 1.0814100203067096, 0.3162637910029276, -0.37923662882763653, -0.38905313010853537, 1.8679103319679402, 1.1789565285619208]","[-1.4108810666577296, 0.30731431103435597, -0.7688413872450008, -0.2787514397875043, -0.12797551510777225, -0.4542749601012467, -0.30165570048222196, -0.6758564794601404]"
"[-1.9791509356042694, -0.1411261385788262, 0.14374743791784012, 1.398739477301104, -0.6007729413360008, 0.06110911298038975, -1.0041643281076398, -0.767022899040435]","[-1.1966072134594865, -1.1512185156826258, -0.454557620438973, -0.38333806109643354, -0.941415241155023, -0.0398897497508178, -0.5703334502506958, -0.10554990092964113]"
"[1.093099181789678, -0.35370516425539444, -0.8470535704325223, -0.02544682346559872, -2.29674336889993, -0.7023916550931327, 0.031042351448159033, 1.979492799045245]","[-0.8965245558722807, -0.01572617300864689, -0.6999069610423844, 0.22190509883109485, 0.14746112285409615, -0.8241694608480964, 0.23348725617039387, -0.6742339449747048]"
"[-0.5776969767822511, 1.8351560352226195, 2.0087587105189764, -0.558605584119534, 0.3528923763650011, 0.5547212366930655, 0.8657635020650318, 0.12431140417467215]","[-1.1950527648220428, -0.11546564596479011, 0.6064072994905167, -1.8323380566015084, -1.7305518484595408, -0.30281367025119516, 1.4115076139898937, 0.3432480770235099]"
"[1.8677389796823802, 2.3301209447707807, 0.19407064922969908, -0.6295346408320738, 1.6927087499055313, 1.9398465402097729, -2.9467130862362048, 0.6903671420394655]","[-0.41695622079089567, 1.4751455403032654, 2.6797330010818854, -0.5450617659712405, -0.533260955282971, 0.6456567990330009, -0.562130689869274, 0.20435736265061627]"
"[-0.6748722131697173, -1.6848656234914636, 0.2208806645519263, 0.7935016436146051, 1.029562032406259, -0.747111546653484, -0.8618347728123402, -1.1922562953942633]","[1.1859195503371944, -0.27991035665584724, -1.7215926452677521, -0.8763409319282979, 0.13703322383762503, 0.06924799465626294, 0.7598247224789858, 0.4496351287107866]"
"[0.9282855926512894, -0.23528283914711562, 0.2539384562124787, -0.2561949456287492, -0.6377900359528287, -0.0037508636296780785, -0.17853713873015456, 1.860687386758516]","[-0.44225737769577916, 0.11086963623516537, 0.5248335968613588, 0.17681283932285022, 0.5261166395477598, 0.262635474261104, -0.12005742945686121, -1.80368740227876]"
"[-2.6828569482718416, 0.9412375103375239, -2.217009847084499, -0.4408223395007264, 1.4175026474424541, 1.9000774584093731, 1.1927697275060416, 0.728025569193399]","[-1.3162855721554927, -1.444809151839538, -0.33940084089421846, 0.3363985791406149, -0.8153727098709177, 0.5180014429835391, -0.625763957831076, 0.03265571482718512]"
"[1.9014363339902718, -2.0327665396660732, 0.17435808108488526, -2.604994774115996, -1.518199762192956, -0.2486860245611574, 0.23023126842303068, 1.7141993384642813]","[-0.33089602813621866, -1.1706895256259036, 1.6682390125383635, 1.9957846078703207, -0.5505695485637996, -0.21480585538834276, 0.8475631707712064, -0.7294452660429839]"
"[2.302391797043093, -0.8107783624656618, -0.5975472892709303, -1.0198892867113334, -1.919791092562354, -0.1090950137208476, 0.47943497815561986, 0.1475229688465793]","[1.3688559147283998, -0.13791825659015455, -0.5673994723841077, 2.709461533521111, -0.38736679396344426, -0.3566047009530406, -0.040250060979972684, -0.4296514240175504]"
"[-1.1582894588160497, -1.0346351142983716, 1.7906361434657136, 1.0616101778225882, 1.4643127346601053, 0.6613057428036991, 0.5195878137768887, -0.41832965083303997]","[-0.13285456872349777, -0.417164247285881, -1.3017987844724297, 0.15146863103846694, 0.031175252239008588, 0.42346604018501766, -0.6666485803184712, 0.8629777099709143]"
"[1.7353048491738428, 0.3865586913868891, 2.5844092529111062, 0.9263334761895475, 1.021789383869173, -0.4484594903693837, 3.2384226639186395, 2.1651720803403487]","[1.881337456938074, 0.8241404734722501, -0.9390785229999915, 1.2999035128291154, 0.7627983136266777, -0.07002554833215452, -0.3088225121713143, -0.4150418144345646]"
"[-0.032607132138368494, 2.1325528312529247, 0.5900713110808771, -0.8679138592738516, 1.6619293730286329, -1.3311520348900494, -1.1142580639665502, -0.84161084236901]","[-1.695763657981964, -0.1741661728094335, -0.030021294145220073, -0.5920842841527395, -1.017208863921866, -0.8394111382349836, -0.6012488567774691, 0.6533161453894243]"
"[-0.7630987212549656, -1.6791664153631431, 2.121832693126627, 1.1592536121664114, 2.461402371464946, 1.1190750609048126, 1.117037706081493, -0.37339920008185484]","[-0.2033265679425065, -0.4024021045025732, -1.2201513195291347, 0.3930095104981596, -0.14713632767270504, 0.5645419102063571, -0.6855023443268153, 0.6965657424286135]"
"[-1.936897700534281, 0.8582778206423369, 0.522089035546563, 0.8354837333364122, -2.41012600131197, 0.9882559671417822, 0.5602786265639224, 0.003717964303711809]","[-1.4234920372462898, -0.33349213937596545, -1.3492471137929094, -0.8971833062310208, -0.9006173005753899, 0.7273060255746232, 0.2797481226959412, 0.09894356376857054]"
"[-0.48919507496229236, -2.4700310805406382, 0.22238359150987388, -1.4227892920341991, 1.8656034472726617, 0.3164785352027544, -2.285681931089798, -0.7237879607006229]","[-0.2469279062868636, -1.2174498735944983, 0.2922277725022019, 1.7366932835023265, 0.7982701491556797, 0.797758468048864, -0.11399473252927489, 0.727385531021275]"
"[1.1556416833457317, 1.2969476964954945, 0.7822417612714905, -0.03158657767170415, 0.9267200618649064, -2.2788788516100187, -2.8551749977691063, 0.12782699822685564]","[-2.311787391818441, 0.1069698994026005, 1.0228518451539297, 0.13403121802571663, 0.2608288429556177, 0.137746437816368, -1.726709004149515, -0.6630238605641031]"
"[-1.2565050673345068, 0.5689215864708649, 0.7568501966963178, 1.4442197658442402, 0.5944609487336581, 0.33451647895765635, -1.7386615943828736, 0.09913753344319257]","[0.42788403493704874, 0.1770519725181876, -1.0718584511589027, -1.231763293969025, 0.33887355097211114, -0.6322156156778358, 0.7744988497874848, 0.6967928938836655]"
"[-1.2021366575685535, -1.0084556803613167, 0.13583771779375, 1.298165789151025, 1.6551936533036178, -0.5156132037531107, 0.4286350045513168, 2.1018656851848068]","[-0.9488589121793949, -1.2771368807174732, 0.1516197224874384, -0.9449031817362389, 1.1973506932112343, 0.711914432732596, 0.3142334622227797, 1.0417459139597622]"
"[3.3986671656660055, -1.372652544040344, -0.1073655497061535, -0.011482095781247809, -0.7944206578122235, -0.1286161022763105, 0.34999444660239937, 1.769720949217966]","[-0.14453985121447613, 1.3135722502988192, 0.045432028667402015, 0.5852999815945474, 0.44922847347144385, -0.27419238692563447, 0.054873951545277924, -0.7692903198586355]"
"[0.6692136890970736, -2.116176335378042, 2.2425526303921752, -0.7071909286849404, 0.08887196701867504, 3.0071021666439814, 0.20114180980600846, -1.0236590573776247]","[-0.6009012219227238, -0.0933456658239397, 0.22030573419188879, 0.34619318864801046, -2.0119215020218904, 0.9501139204817924, 0.25255279433344363, -0.2374622598472752]"
"[-0.6639265592407316, 2.169060028683761, 0.7579913566030138, -2.0510618457537584, 2.151813851148535, -1.2357794964914341, -0.2951003665436427, -1.2479422860095606]","[1.5930250443903031, -0.4698055798346689, 1.918578995873827, -0.6182687455724406, 0.1817300374622287, -1.3033001612329804, -0.19508525641601918, 0.48103452909159694]"
"[-1.6603630984900042, 1.9932958286624691, -1.58274890500327, -0.6702174958185205, 2.767307090730562, -0.9076286271326823, 0.03973773754445759, 0.4015160812029691]","[1.0823611973248053, 0.3822924722453057, 0.17538090218213553, -1.611831828177099, 1.2396906437359423, -0.23844250760918656, 0.2029464069073573, 0.6986408696684359]"
"[0.3717956086773177, 1.0161048027691788, 0.150526363782967, 0.012960090649521527, -1.0157761323289678, -1.6162110093487816, 0.10272893090857226, 1.4321595580727307]","[-1.2077460600537795, 0.07072230094912753, -0.325821549545476, -0.1661795868319093, -0.014124499632394724, -1.548690630071689, -0.15814629560371082, 0.2366968613904544]"
"[-1.705619669212581, -1.2331373824662215, -1.7104398685107882, -2.1726914659004293, 1.7953519761405565, 0.9544823130608929, 1.1454925768520605, 1.5417657434475773]","[1.813599360275708, -0.9998383571577828, 1.0418197287182391, 1.4229568276651146, 0.3807403909777901, 0.10584500569643333, 0.6480610000341396, -0.5656472006682229]"
"[-0.5946446156350955, -2.4960082324239803, -0.06333086781256614, -0.36747114206875986, 0.8807787161863334, -0.14844897298674112, 0.23278726404972874, -0.07148206278967317]","[0.43686378940613646, -1.2323069010420136, 0.6512298306340356, -0.34047772461787007, 0.27117386467421517, 0.23795884310708637, 1.428457678795339, 0.31477901713369016]"
"[-0.6871134230276118, -0.45257731514399835, 2.512088365986729, -1.1096883623421827, 0.17037288972349512, 0.49020403140690194, 0.010548157520584214, 0.06525802917262412]","[-0.9733548541335204, -1.3621158134924385, -0.3670087671656795, 0.4623895667519555, -0.810270007751626, 0.017997078311821416, -0.839760170077764, 0.7853754841942018]"
"[-0.5741221442015308, 2.418059739512538, 2.205127487469916, -2.1059726002408476, 1.0613750205397314, -1.3222138614272414, 0.2901631023514673, 0.04113238503673823]","[0.42510993651614404, -0.6172689172225417, 0.5496103678460391, -1.4459417730960364, 0.43031813122491575, -0.02090096308695175, -0.40204762419044787, 0.9995970563245381]"
"[1.4774692878090185, 0.9801851323620298, 2.330378767261723, 1.974817701034767, 0.22221766974425536, -0.29571650327586535, 2.990097811901191, 1.6738166932880638]","[0.6515475768588379, 0.7379392884091319, -0.10099056873712145, 0.037570670261808346, 0.009118272249390115, -0.05552998758587631, -0.12914872556995877, -0.15891221073067294]"
"[-2.7501714561150816, 1.1603634138337315, -2.7050108907705743, 1.3332734755403295, -0.6398810743029848, 0.04118372722871738, -0.2384524164950166, 0.2833200908840021]","[0.7049146102268793, 0.1412114364561777, -0.8281135894120675, -1.0361935765412174, 0.557890018946316, 1.040409431145379, -0.8928853407209449, -1.320860083004994]"
"[-1.286467763253043, -0.10717676015626182, 2.2515427091178637, 1.3077451495453043, -3.353907696681685, 0.6289437381851588, 1.1618473436883812, -1.0607445563020386]","[0.44952260748454553, -0.43115289176542354, -1.8846752980688426, -0.010155930940942129, -1.2127792787634546, -0.9430774381170671, 0.1962552567663361, 0.06390015226171451]"
"[-2.7485213207067654, 1.1868126574584126, 0.4215265177698984, 1.587895262492668, -4.04231836616023, 0.0788974580570088, -0.5204256440144449, -0.5223749446780644]","[0.9481801436430769, -0.4657908450757189, -1.974593438105715, -0.5337560183285439, -0.9185348131365801, -0.9894070621732513, 0.020384305607742553, 0.17229359226553148]"
"[-1.2023993235443202, -2.661731354297461, 0.22138709660968395, 1.5906353666373998, -0.8765502262896461, 0.6423419846433559, -0.5838623293505298, -0.6930507371870196]","[-0.12627045611607168, -1.1203919188815923, 0.42550450420776176, 0.0341637656409183, -1.0903645715021137, 0.34962921073939873, -0.19052928727362445, 0.1298863921757403]"
"[-2.1611878260879056, -0.4306274231891023, -3.521840654833977, 0.8239070422094342, -0.028157921418051582, -0.32221785116129287, -0.4539123595855791, 0.9971454558996362]","[0.6389899053953021, -0.3842948075339519, -0.22464904815367961, 0.7343223814855311, 0.7695547165259526, 0.8039863162301596, 0.06470433327971589, -0.446565149030056]"
"[-1.3199430222631399, -1.4865408704532972, 1.3432202624536635, -1.0414582876787934, 0.3923353664056197, 1.045912500052261, 0.6851365868580322, 2.1587434875229894]","[2.294989185526991, -1.0917382503931428, 0.8101136843794151, 1.4860684598433427, 0.2900532181778378, 0.1617562114558739, -1.0332900181319824, 0.6692536477086315]"
"[-0.6417365931079805, 0.025666241214236395, -2.532485164417334, 0.03005052391728847, 1.100586718066815, 0.34340942246370176, 1.1967072822018159, -0.9925313459986352]","[-1.8354243861673993, -0.3755985973305791, 0.11431568307693679, 0.5036901078440533, 0.7341351265272271, 0.03850183896103661, -0.09863210665054382, 0.43665518863926]"
"[-1.3449493734705762, 2.194518564444885, 0.964665519481953, -1.7456852727001675, -1.7961744493564678, 1.0076864787042659, -1.0193936441813802, -0.32838898675252387]","[1.2869146102666098, -0.20362975497048846, -1.3419564074700023, 0.3480594392723376, -0.8133447103835247, -0.33428630632743545, 0.13694965300418532, 0.1731112799254402]"
"[0.0412605895887002, 0.9008404564884142, -2.359045907982398, -1.727372767290621, 0.28253794201459165, -0.21325172809598678, 1.3948524587965938, 0.5381355992486738]","[0.4154766751366132, 0.46571759031663545, 1.087123675867491, -0.6582573180457046, 0.45344734499851996, -0.5670791908898781, -1.6296271767027597, -1.511597659916503]"
"[-0.7100107912539046, 1.8045608734188332, -0.6547597546375544, -3.186606011663424, -0.6402376398985112, -0.42292671218753336, 0.21154955598321046, -0.998457157952811]","[-0.05766321077630225, -0.719677326983673, 0.6796269014634049, -0.25378926719026335, -0.39306579797808483, -0.21004362323986878, 1.2058453441244852, 0.4352071842396741]"
"[0.8353831204687715, -1.3249945121845028, -2.467122170067396, -1.4094663706880242, -1.389484914252881, -0.09881805773796938, 1.001157241085172, 0.12175085170812677]","[-0.08218546376580922, -0.0667980421121435, -0.04373675418718546, 1.3190634352272637, 0.6345518116286698, -0.5545241439012214, -0.010252682723802723, -0.3625311889666068]"
"[-0.12275184007091593, 0.1115987025479168, -2.369773186830066, -0.5546096847333812, 0.47212772820514626, 1.1917899118410102, 1.2361519386887805, -1.7072558230537573]","[-0.15811540235777713, -0.45096464994324736, -0.45151657415507346, 0.6216019659049299, 0.3819913356556666, 0.32899339435278013, -0.18207064937315687, 0.5001764428181202]"
"[1.117562821510117, -0.2629211492938817, 1.1031831406655652, 1.7486061299337377, 0.7237067741324932, 0.5796611193915535, 0.9204069895278, -1.4495291278458124]","[0.1923363946967388, 0.49474563483949874, -1.0508418066656775, 0.16005145280964872, -0.25420286839141865, 0.19230396331040214, -0.3054089123419439, 0.18440875890781988]"
"[0.08450025718841458, 1.1258315247964825, 0.18240465498067623, -0.6730594031086856, 2.362724178428441, -1.767964820537763, -1.7182496018357696, 0.9424954676229265]","[0.6303740190900304, -0.3342519832734184, 1.6750744026905398, -0.7684197569675192, 0.7068033652724071, -0.8251597843521099, -0.35780631342324654, 1.1136930556173177]"
"[-0.08709100200546865, 2.1805297065007836, 0.6940563298764276, -1.9027949169293437, 1.8544771613367044, -1.7993212271306023, -0.6243385114905837, -1.6240474010389199]","[0.4207910761090413, 0.6697134114401128, 1.313308829289078, -1.7292077680687536, 0.805840637276745, -0.18937667385277676, 0.16504552332102324, 0.9161652301886566]"
"[-2.043673306534785, -1.2726840811388918, 0.056454981508696434, 1.0789091329552503, -0.356068961686503, -1.9355748167190998e-05, -1.7998868269179849, -1.8633874669602637]","[0.18748306243402224, -0.47746461035361765, -1.572801547229154, -0.22892317701653248, -0.2308637706603872, 0.6831402128945463, 0.42980655143862306, 0.7036676127666904]"
"[-1.4880537956314754, 1.397111850824521, -1.8002587502516632, -0.8059228730919303, 0.15090137346885327, 0.5032525062999381, 1.4270530405055304, 0.9036522905080279]","[-0.4493589191249337, -0.13306340508476786, 0.9005080400425324, -0.4702702499113211, 0.42012270204320085, 0.7894980166534397, 1.002599723590536, -1.3447537461561054]"
"[-1.7218959885090512, -0.5907705282467304, -3.8015461534983666, 0.6246409202697727, -0.2644610393655153, -0.5836228671677899, -0.607833297123077, -0.24734371782176545]","[-2.029931282671813, -0.4633720747054918, 1.555894176811368, -0.3544688497194173, 0.39781552889970495, 0.4392603906039483, 0.9350137384477126, -1.00800924738551]"
"[3.402667198953084, 0.10612031482626685, -0.40470294733395057, -0.6269702007224461, -1.5610456758695543, -1.760695446532101, 0.03912622117796907, 2.269286521249329]","[-1.633315387687821, 0.8783826175307378, -0.14775615176014073, 0.4834677732424802, 1.2694759943392167, 0.3527704047662591, 0.3863787960318524, -0.9120680738637437]"
"[-0.33821406411750343, -0.3951639386476115, -4.044967017343943, -1.4479013570926738, -1.0593178804785426, -0.6662488312104882, 1.344225877738816, 0.17842707152368903]","[-1.632533653685383, 0.33571169569473885, -0.050403952101651585, 1.1862401853503728, -0.16606782697945457, -0.4347022193197193, -0.4144423223501864, -0.7140560925468888]"
"[-0.17315232162695826, -1.0690916051302546, -0.4175334029705466, 2.0921993175886504, -0.43912250426003496, -1.2666315662077607, 1.5844912000190767, -0.49570950594233426]","[0.5797371418398493, 0.82208410495349, -0.4314709550981822, -0.11493099731697039, 0.14221991759367597, -1.2959320174274276, 0.226804543573997, -1.2191593609308518]"
"[1.779459711300147, -2.4761241328601242, -0.9953684884862513, -0.7143320242007506, -0.5555186270815002, -1.0518570073946818, 0.1820728381494705, 0.44667109275303585]","[-0.48064817946475, 0.334912154490487, 2.5483241261467984, 0.9184196028979674, -0.23397821658492288, -0.7547328670748032, 0.13783980510202334, -1.5009725017816749]"
"[-2.1706938573229633, -1.1989857674460682, -1.9688704253801859, -0.011742992362698193, 0.26912628411130657, -0.07900181898170983, 0.7928209563808004, 0.35123351632844624]","[-0.7034227467021019, -1.1468036474828387, 0.25101491392101855, 0.6935161589535556, 0.3225044166615268, 0.3790132349065131, 0.7530244384018714, 0.012581711539831127]"
"[-1.8583251533128624, -0.09679341510843144, -0.09122171053014455, 1.1039708477638703, -0.5292253572418261, -0.2380446479307555, -0.5125115500261245, 1.3269779400058948]","[1.7396026254458254, -0.8987932954940977, -1.2903689179670172, 0.2194268465861905, 0.524964985447476, 0.6392687074817472, -0.29718203685322897, 0.14676166033734903]"
"[0.320887532252247, 1.2805008397400508, -1.5569089099440767, -0.3890125324464577, 1.0509698131325265, -1.3234256768023183, -0.3793305542633225, -2.087109248608155]","[-0.2149522731221166, 0.5645171116901537, -0.20759412391491786, 0.6903599521687507, 0.7811503236721923, -0.7296002172311729, 0.08745341731166115, 0.7520255450023132]"
"[3.3498675001529024, -0.08216699308687199, -1.7845809548001585, 0.9547919855435802, 0.8623103977767068, -1.2667301505377997, 1.4699746457013754, 0.2414057151877718]","[0.18689572851830322, 1.4548975412824499, 0.0014783483691883418, 1.5824618193790436, 1.2787245899219928, -0.6450649898586561, 0.7548108716895454, 0.6015463325940674]"
"[-0.08152961128450013, -1.5504220751926021, -1.7020377570432215, 0.7473573096551057, 0.7746873471395677, -0.9262927984010694, -1.2681582943275673, -0.7067151624186206]","[-2.2621203869808335, 0.31466238657608026, -0.358103331024013, -0.8391449633442154, 1.4986314465564954, -0.00022052688139792507, -0.012767807374137045, 0.22505996579843518]"
"[-0.9613691375487612, -2.723148056492931, -0.14824874685711695, -1.482578160486088, 1.9104021628232453, 0.9595891125706277, -0.8157245503580091, -0.18585716469219576]","[-0.02485134865489772, -1.622631417620146, 1.4229311751846825, 0.9939300596867473, -0.8040738421560335, 0.6122215767074363, 0.8819547495401336, 0.19563050559307998]"
"[-1.2313174452238307, -0.512181577932402, -0.26157869933525063, -1.3698021675889058, 1.8169556534524527, 0.47700887782641777, -1.5009975862569935, -0.14385626855103228]","[0.77767476743244, -0.1842937347704794, 0.6610947142718596, 0.9716307417844853, 0.3603684886163728, -0.07664241878087767, -0.762413093666901, 0.7348745242502122]"
"[-2.610988246517032, 1.0694284871828803, 0.4246197011361934, 1.7036908892153704, -3.608783697876484, -0.701956011069828, -0.641672916571835, -0.36507841103089084]","[1.3903667350693119, -1.3761210468879805, 0.6215848073058826, -0.3194433843707516, -1.7715742595407769, -0.9850066050623956, 0.694689937899214, -0.6660925156536052]"
"[2.4895084678818713, -1.7552038532834708, -1.654694698867101, -1.6090553021762841, -3.4279112754346515, -0.510738607793134, -0.22384551648095247, 0.3134580956220914]","[-0.02314511125425805, 0.19006587287078885, -0.9042286435231508, 1.7093117202162034, 0.3023063957491128, -0.36786760124389545, 0.04701429195788775, -0.5658558156373339]"
"[1.1094794292478176, 1.5303842244761574, -1.4295928846978616, -0.58160649926505, -0.2506811851205166, -1.787783032715491, 0.9850524047593227, 0.6696386179844787]","[0.5398693357436836, 0.60077057138935, 0.15122863299201889, 0.23718048739359882, 0.6132930060349213, -0.14358696296461987, 0.7703640435149027, -0.6523918167281089]"
"[1.7612472396304768, -2.099064301832344, -0.4792410417207017, -1.37656480184223, -1.2592447786471237, -0.30108443609813684, -0.6831025437026232, 0.5162596470683921]","[-0.7416682149576972, -0.935483317379012, -0.06389677263260661, 1.3919027687121381, 0.8797330093039945, 0.08616245188077917, -0.28634285953831656, -1.0640288420719957]"
"[-0.6386282414858933, -3.2290959176497416, 0.5625227682667546, -1.933882062378618, 1.0789789609849496, 0.6323035460908037, -0.1281745011044855, 0.1758149833572186]","[-0.16641722684624496, -0.910170530243178, 2.0577145566007027, 1.2138028341126788, 0.2129107628096476, 0.0002695831558433915, 0.3514086251696439, -0.3795289014196219]"
"[-0.23093624461607293, 0.23230544222490648, 0.6793391313809264, 2.1779263947895484, -0.30769157172653794, -1.6074031045174895, 0.2103727667156238, 1.9825507871104522]","[1.738978969416906, 0.9796344156041679, 0.22760784787929966, -1.0540299573167131, 1.1318596309967073, 0.7544659073145377, -0.43332315330223425, -0.3678191344001689]"
"[2.301251556011421, 1.8976238375698955, -0.7102576745312462, 0.5579240759715273, 1.285857570920932, 2.8263457847772844, -0.9154352614909923, -0.98411511893109]","[0.7735987819912155, 2.887915987052442, 1.1924199405728129, 0.18283508375602753, -1.0224988182905763, 1.0030829459224737, 0.679715909158989, 0.8144105442707164]"
"[1.7196847445216783, 1.4494443580676852, 0.9767711694866673, 1.5648122286716588, -0.37247251047950974, -0.9834112104097411, 1.1894871975532681, -0.13692240960744334]","[0.7105741870648035, 0.5455810713420366, -1.2455459021075297, 0.20192235265545955, 0.002177362328486583, -1.1898807212313651, 0.11696315535431315, 0.344985864864919]"
"[3.913366667903652, 1.1764403316448502, -1.1984008769687302, 0.6488756859514218, 1.4023142850810641, 2.079075158482892, -1.202273026841297, -0.4223462113879476]","[-0.157320711775101, 3.3444336400541586, 0.4300088883654003, 0.14679367701388904, -0.5520388161689543, 1.2551004767781575, 0.1284230584078749, 1.0194609862497968]"
"[-0.682392991940297, -0.09676833693826363, -0.5613589123519924, -0.2537971424870641, 0.08780505151427659, 1.7757565916593088, 0.6600658304348219, -2.076314082423232]","[-1.0291577881171876, -0.3215771067454854, -0.2675109556030702, 0.670558089074993, -1.0868063427306769, -0.9110796069183315, -0.3413083842909436, 0.8878225777868345]"
"[-2.627269189276905, 0.26310674483939445, 0.13486761269566055, 1.3621490751886085, -0.4480053266854816, 0.15406491428158148, -0.7053673118984211, 1.196368189724269]","[-0.9438337258644689, -0.7549836029805612, 0.5171734193133098, 0.20829608097528357, -0.8782334350575349, -0.05076069683505033, -1.6376801838895703, -0.6685549357273386]"
"[2.6774723321530507, 0.23070708429114317, 0.5089828886642376, -1.521340282897809, -0.09730555148087046, -1.113491791549198, -0.47432537344736825, 2.039428323135634]","[-0.30305251603188216, 0.14012157595427963, 0.8832168680093644, 0.18117670504023245, 0.9097864326202041, -1.5472474379097318, 0.7927792490917522, -0.8229195234354583]"
"[0.5538476940824556, -1.391955530816241, -0.15474227773341606, 0.72403650656323, -0.4969883883210354, 0.5612784044283989, 1.097017318493929, -1.7802497574808511]","[0.6614980609250856, -0.5085289521432463, -0.33390287219467996, 0.9999602370846749, -0.9026441781989182, -0.2249229923116883, -1.473878079230076, -0.5999488906253049]"
"[0.8154072543162725, -2.07603298980641, 0.31254207025055947, -0.2935746589167909, 0.007618764891972282, 0.06838414712904803, 0.653791524008769, -1.0316782108446256]","[-2.70328192947116, -0.9764255225876685, 0.6645462401565161, 0.15546027552118835, -0.07885224196741089, 0.41074146808013423, -1.2718183992635765, -0.2099600293132258]"
"[0.5676523256148966, -1.5294716620904552, 0.7472180023593716, -0.029839879505460867, -1.4500346514946492, 2.454645828620603, 0.3050623411436585, -2.052383904827798]","[0.6060624815282237, -0.014987407075579197, -1.5385428964564507, 0.5837784774834562, -0.44750157669954127, -0.48064982405443873, -0.3459994694788125, 0.5498533334929324]"
"[-1.2906764468817091, 0.7306070541164377, 1.7726928051163897, 1.610100771884403, -1.4125463188028935, 0.5039866600721397, 1.4669579706130376, 0.7817830270901119]","[3.1887179852767344, -0.31684678051390774, -0.6909883738824406, 0.4136485057480166, 0.21781033539953557, -0.006590447392919095, -0.4535343567569364, -0.13169629235468483]"
"[-1.5370148343637944, -0.09521064684695524, 1.5169465191864895, 2.1014883330599163, -0.8408340408278785, 1.1667979873893406, 0.9835736811613869, 1.339742990317676]","[0.5671866903637607, -0.6753837511529789, 0.20539828629662527, -1.5644721013720717, 0.2464633343671285, 0.4076740683860226, -0.273231047135557, -0.1389965719874416]"
"[-1.800597256154361, 3.346379767085616, -2.285700346621633, -2.3221835298111184, 1.2321708717674156, 0.27073016196410254, 1.191604168430095, 0.9817368119599386]","[-0.9525629991720159, 0.7952904358849554, 0.583916624695635, -0.7517404933547936, 0.08394976371961077, -0.18390028972498226, 0.5626071115886825, 0.7193073807377537]"
"[-2.6223337126450694, 0.9967755326957094, 1.179139421765074, 0.6181139187526921, -3.500484081280722, -0.07096488894996357, -0.11891128783192477, -0.951625505078313]","[0.6236099190591843, -0.8700643679644733, -0.8718579744988879, -1.0812725845281148, -0.7563180400303355, -0.7051976407327274, 0.6502200264175793, 0.11556963881093459]"
"[-1.7061558828103716, -1.4658407212077869, -1.7844396967298717, -0.02219815689112306, 1.0652152961625039, 1.0098071633068195, 0.35809064009327773, -0.5421451214346743]","[0.0691732152337831, -1.3772675728095343, -0.8050594855571497, 0.9354585380223899, 1.01338704150838, 1.1467565802187383, -0.09404336598549867, 0.0723620661910714]"
"[-1.1095910356037013, 2.4284764452996805, 0.15432985817114808, 0.0554452636009372, -2.1737131666435507, 0.6931710651765309, 0.06893275547074589, -1.3729643058136343]","[0.12747030108555016, -0.511092484200319, -1.3820810369088412, -0.401613249585976, -0.982421351614215, -0.12419299308414046, -0.24425556742917418, -0.4188358532825808]"
"[-1.8922996386393236, -0.9984426366027811, 0.15737544633235648, -1.5254127763054453, -0.56267066137705, 1.294936301635116, -0.06320497578488642, -1.2497872218293467]","[0.9057544920767683, -1.314976030912105, 0.7165454506043641, 1.1993584122819723, -1.6806669803323375, 0.08732730091226876, 0.37771573802496095, -0.017957369630677286]"
"[-0.26605267643173225, 0.9012512902879413, -2.2509159358213937, -0.6343529402845304, 1.5401138116213529, -1.400163076344338, -0.03554047988729401, -1.3446297527337692]","[0.21027270413883958, -0.5675109788764309, 2.1591327753814578, -0.5859412901960941, -0.6265625956907331, -1.0593463387473723, -0.7618162676204618, 1.3717776055367765]"
"[3.816210088481708, -1.3184298813886846, -1.1147889110338738, 0.31250214727241976, -0.041185033174309216, -1.4264406135909289, 1.8526842157481491, 0.4045472342255887]","[-0.12203077180575223, 1.5467569431911643, -0.09281967965731142, 0.31718246131409955, 0.23112182421347374, -0.729606402997056, 0.9488164590755879, 0.4170851644176914]"
"[0.6550598039632575, 2.876374522414939, 0.6957672221730783, 0.2779115287410809, 1.3243432055455842, -1.7555552530567842, -1.4069374905962027, -2.9809653942838366]","[-0.8628176840541646, 0.6635620479820614, -0.5098751906102631, -1.2632784823782632, -0.3029424321126678, -0.741139430074415, -0.3421489866380947, 0.7930380876110246]"
"[-2.1628666050540923, 2.434590277199513, -0.6339149026808287, 0.2842310074948941, -1.2042044723023804, 0.3257093302368212, 1.1795378410122614, 1.0266108953723363]","[0.3616186257235916, 0.9510902944051624, 0.7825528651790776, -0.6571248567214955, 0.038531611313264096, -0.7613885200983492, -1.5739370106279538, -1.918121300634724]"
"[-0.6450788558436638, 1.0399541873302267, 1.8167994130280394, 2.283622948561661, 0.6209392761151992, -0.8587726348242181, 0.3600923663947758, 0.3757813733247023]","[2.0392860076965404, 0.6185834598444249, -0.1987777403718936, -0.9803661507169149, 0.8480505320598581, 0.5598509083516638, -1.342860478375074, -0.8649849387384579]"
"[0.7885265462135934, 1.9497666392448099, 1.328604177523984, -0.6869237406665233, -1.618357940687074, -1.4004200864487966, 0.4860054644591362, 1.7119712588628269]","[0.1443055480367723, 0.8082473302242147, 1.2254175424472418, -1.1857876153690012, 0.14646166804212868, -0.47486911693613404, -1.137191100484208, -1.9018341051111456]"
"[-0.36340892873841396, 1.17607362497441, 2.1444365506167453, -2.081137848345825, 0.3335007979496569, 0.9994262864215258, 0.37290557315278705, 0.2426270198918041]","[0.8501737387324756, -0.5340773041552584, -0.16897292716726764, -0.08405529781987127, -0.45935650529328453, 0.15925170891173585, 0.751101202949562, -0.016066116661526422]"
"[-0.8930569048105452, 0.030230466892242677, 0.23287704358942965, -1.4411743198028155, 0.5743784164747789, 0.8932005899824874, 2.4990568405715683, 0.21679177234073285]","[1.0600714704687406, -1.320801308129789, 0.6505158451409322, -0.07835489274327395, -0.138866104893036, 0.4109914525487895, 0.2375539404910832, 0.7143548986342799]"
"[3.79636153722684, 0.2875332874163989, -0.017353016738555774, 0.9551861470652525, 0.5035234509360136, 3.308414958730739, -0.974816792260066, 0.6995031533882534]","[-0.29815658941278333, 1.2542621564650362, -0.17640723937548244, 0.23420002871621054, -0.6147028912520357, 0.6470601584129839, -0.9670096459170973, 0.0342311251395827]"
"[2.676377275891298, 0.6142925637279021, -0.8022885725751354, 0.4461664101135417, 1.3240443395098331, 2.9115015788699283, -1.0353892712910426, 0.040692076382746176]","[0.5717159940612132, 2.8691142839169146, 1.515835653259125, 0.044073993848074366, -1.1558461082175986, 1.4169216456087024, 0.5270111136668278, 0.7018569734559589]"
"[0.7714401040874741, -0.46372653591565843, 1.3403437326353316, 1.4857785895104174, 0.13596562336454265, 0.006631626379866897, 1.5591839245560049, -0.6512640234502474]","[0.1358350174164528, 0.39584558931909897, -1.3312625308402033, -0.18999543995767332, -0.06825525755075426, 0.819784055654917, -0.2903203478036557, 0.46258157206562595]"
"[-0.9701236381613365, 2.0456343429474075, -1.3275238173004336, -1.448001875300707, 0.6176917381204867, 1.1836056360156963, 0.8988320786638359, -1.8330320601692924]","[-1.3418460379245982, 0.6650774016144623, -0.0008626473774597605, -1.0255891220106268, -0.8837042266672106, 0.49575328082108505, -0.38021772912172463, 0.5643283258502727]"
"[0.31260420710228687, -2.9252448688569554, 1.2000526720664528, -1.2777844475401856, -0.32950525560273525, 1.559227139009639, -0.7098085112210979, -1.739443333682843]","[0.10214552221325958, -1.213196781204808, 1.7650599856917837, 1.0331185607933688, -1.706542247177262, -0.6549708200465236, -0.27940187617057194, -0.06089770360958828]"
"[-1.9221436418046138, -1.6998766824116163, -1.3892045327006937, 1.4019819989813036, 0.4872565344295359, 0.05649378274248843, -1.049861972437446, 0.4813438385223899]","[-0.26328597661370445, 0.8466562655927483, -0.48580693754616855, 0.22818599556255703, -0.5235079068251819, 0.8257201099005471, -0.4849041544673912, -0.03143960446621654]"
"[2.722335675338295, -0.9267583452727846, 0.8310214180369102, 1.1000491918977355, -1.1380631702937092, -0.8100005282650471, 2.555256535460998, 1.6606479033565027]","[-0.11635798753576752, 0.9509811648281971, -1.155594645426404, 0.7504203509485816, 0.3561490109395178, -0.6658860893657125, -0.23962936320101688, -0.8089965677472429]"
"[0.48071557918169844, 0.02398428153414416, -0.23744737790858417, 2.1028843452666, 1.7725707940100646, -0.26174482039635405, 2.8322600696191613, -0.26800152733694904]","[-0.5181947653550916, 0.7873745173248219, -1.2602231729427558, -0.6605641650332699, -0.05901572771066496, -0.029689237843221902, -0.07346485014581962, 0.08876457960416562]"
"[-0.17455316728137732, 0.7395647015003932, 0.9743751894724884, 0.8061563790436989, 1.5695748085438705, -0.5219295301057391, -0.5781826560040871, 0.6805758527696701]","[0.9542935620007593, -0.024788743873773576, 0.49112184785442703, -0.4742423115650267, 0.9471963970375111, -0.00220176144384938, -0.8062583027659344, 0.6589680251521581]"
"[-1.4741869273519115, -2.395776989868769, 0.6843171908245677, -0.5107026975874555, -0.36035871733825553, 1.059367621948307, -0.49432026667192386, -2.086747841013719]","[0.20022617333156142, -1.1941350292864552, -1.2782922210172365, 1.024754782163315, -0.8220556115562939, 0.33326613206517736, -0.8828915219340212, 0.5243480845152054]"
"[-0.1908834885014144, -2.7671796269419393, 1.2105736622975172, -1.3655068519186608, 1.273518312268597, 0.38686860693490216, -1.2581935437634184, -0.8087263603639923]","[0.011828458207371412, -1.6042334242058107, 1.3032969008306916, 1.34652958039175, -0.041906691755368826, 0.5452900604432533, 0.7749043879381652, -0.6705913558582378]"
"[-2.996289526510689, -0.4397172604991315, -1.8942606382999663, -1.0054372940614473, 0.15234941657584528, 0.9430814725876988, 1.7028631034217176, -0.7380976996357584]","[0.18184614835480647, -1.1573606318343486, 0.5676892321824133, -0.0038034766080836716, -1.4021449653035496, 0.06902808523875517, 0.8389459685961607, 0.14976290596274802]"
"[-1.999003286805327, -1.6434220075891277, -1.6952660324422304, 1.1180809624207788, 0.7861945521832446, -0.08198640757897875, -0.4310942512536698, 0.8067414739749931]","[0.6579269580296762, -0.1735336878460051, -0.7271288217589602, -0.7296543283085581, 1.0113894709281115, 1.2935765132466144, 1.2386769288195385, -0.694296291891337]"
"[2.9398511840581847, 0.44223418552333604, 2.451537075354063, 0.6771719356053867, 0.6839587227861582, -1.577714165644692, 1.4353446727406682, 0.9141504812941493]","[0.7674855689618613, 1.116404218519829, -0.47856785047255984, 0.0875137888779967, 0.2575985436974267, -0.6815774303899248, -1.3934759079171326, -2.405303434903792]"
"[-1.8682759329551428, -0.5108642808613902, 0.2743579433585904, -2.350610039989121, 1.6972445586821867, 0.14511949187968826, -0.9418594692643132, -1.6876384650991174]","[0.8268001420702719, -1.617246928360294, 1.6783789221640195, -0.013916256835315667, 0.3090150572396222, 0.20734969789450167, -1.17944288863196, 1.376228975761705]"
"[2.653093366955244, 1.335409824171242, -0.41220483780846057, 0.7107966829677449, 0.42335610150901365, 0.5506534836023672, -1.1053162083987624, 0.7969737518704029]","[-1.1441137206003364, 1.729712290226622, 0.9647426564352224, -0.6355008482112479, -1.4536360871356229, 1.09905316200422, 0.7634595787562656, 0.8473911797728618]"
"[0.5009524879771989, -0.5688295309204118, -1.3264448822943748, 0.3226878032664016, -0.8721914061039412, -0.2781250933671173, 2.171824342474838, 0.705565021727404]","[1.214195979564617, 0.6864879797579789, -0.838734068386941, 1.5491825408968272, -0.10965520854785002, -1.0011252858974609, -0.12996559028537016, -0.394287778292498]"
"[0.06977073315516893, 0.4981710473471595, 1.2555515585959478, 1.2495716751628632, 1.5867761909645148, -0.8405561873526671, 0.21272880559393922, 0.6572985364069861]","[1.3396868238895634, 0.10662085135323356, 0.7590424843094284, 0.16767417106137275, 0.4266336011228996, -1.1271114505624753, -0.518496868466207, 1.2566526504169804]"
"[1.2001304581882581, -1.1226795344642075, 0.18600481605448668, 0.8398008225678474, 0.9718163109427519, -1.1025720373379844, -0.05382029891688639, -0.48070479625695367]","[-0.4188826143891321, -0.18765829105794524, 0.6170361267754502, 0.11773537449011146, 0.6263463552171358, -0.4921187332602871, 0.18453891398469519, 0.7977881540122962]"
"[3.8175547175436706, -0.7608791071754039, -0.641437642626865, 0.6059483985669446, -1.1713637233722742, -1.0468215979024362, 1.218321295352292, 0.6410108892627479]","[-1.8934162362739224, 1.386216260683789, -0.20416646237316427, 0.17444206161247136, -0.33904473760952686, -1.8637587895086456, -0.5909111041811977, -0.24260089916897448]"
"[2.4977776825525906, 0.5140444242122363, -1.7945059982764646, 0.4111212015947414, -0.6638059093742192, -1.7401326755756616, 0.8590811949466538, -0.9550492633488556]","[1.050647931067735, 1.3913792573985226, -0.8904112569789524, 0.7312153815172471, 0.09022697972545117, -2.1489186408117598, 0.29343841277990057, -0.13330810619390437]"
"[-1.6477274746823842, 2.1453673565329034, -1.8437863451016396, -0.7123983217939736, 1.4073087413486858, -0.15718500966431873, 0.8142175166924784, -0.03665111619943137]","[1.005927496239349, -0.5762764636939115, 0.6310965095568867, -1.3189403014800962, 0.3686416992080805, -0.006497566057725138, -0.9663892236159547, -0.16496999082095443]"
"[-2.037538520055297, -0.774065163203236, -0.5099387152892272, -0.48480287212290823, 0.2321777781616606, 1.3628327037596621, 0.5349556990164476, 0.29466881370317033]","[1.7218463797254422, -1.0814260073266082, 0.2952559344980036, 0.9414174404567314, -0.9853002372741951, 0.8366902903303858, 1.4542347292962488, -0.07191839602398455]"
"[2.7326310082097596, -1.3567079831133686, -0.3147425510402442, -1.113220687043733, -0.8932939808793167, -1.8118384806400323, 0.06975259173633318, -0.4861302720243159]","[2.112780200663804, -0.25827792984935055, 0.23819208079742296, 1.2418262725288394, -0.2860062229952732, -0.4046065378845938, 1.2584041610334715, -0.6008673283932728]"
"[-1.35155433820119, 1.5856591713977903, 1.9789336777132513, 1.8425481601163622, -2.8614790268181265, 0.8140436578249038, 0.9120077192613169, -0.04440284996484584]","[0.5171277200465242, -0.6488318476751623, -1.4522753290589914, 0.050157264374639854, -0.9959612132630314, -0.14985953785835282, -0.5140135014874484, -0.23012535387703167]"
"[1.0750473098595539, -2.4852590187116346, -1.299107116521919, -0.6826151552869605, -0.40056371752976117, -0.6579511434611611, -0.5449467859486395, 0.26716521702651486]","[0.17247498020964458, -0.00112602268021535, 0.48302254448950555, 0.5317876905881754, 0.8054915800583509, -0.8357895304513677, 0.7350045671769839, -0.9817352367780471]"
"[-1.0739634392193538, 1.6719619902033438, -1.2176864788610224, -1.1863377147375804, 2.4086303016152035, -0.5695235261396282, 1.1951513003128855, -0.5417518726853985]","[-0.9162648335194744, -0.010721435511589706, -0.43455372383382507, -0.10659658321523251, 0.47763403628693285, -0.5591320992692689, 0.45180438241887344, 1.0979724037752807]"
"[-0.09777183003695755, 1.0855182099635658, 1.2672896885541365, -1.7226442328390879, 1.2539566145314385, -1.332038167972723, -1.19028843785205, 0.717001284694316]","[0.994210687786599, -0.29564572943867884, 1.8899553553439756, -0.42594614470762954, 1.028166798443067, -0.3484870540111634, -0.3968213651323341, 0.8720759643711833]"
"[0.21918996988243974, 2.1476646653970684, 0.4729311601157952, 1.5892010423746443, 2.7185535340020612, -1.0754642397953538, 2.108936223326412, 0.29434073774749103]","[0.17654106940453596, 0.4892881777348634, 0.17727247846429658, -0.9608995811241386, 0.3569364070468667, -0.1942449842531247, 0.07857595377653674, 1.189740312997659]"
"[-1.3602113451383546, 2.5580434253929782, 0.7605295529428783, 1.2331629186329154, -1.1224399903712183, -0.12331672888346885, -0.11759582687864145, 0.8046440628744015]","[0.6392884801989305, 0.12176230087370164, -0.07926979615426577, -1.3649906522760429, -1.2211937424798378, 0.0005091404881303064, 0.16350323112933274, -0.6816079668833925]"
"[0.7565610984680754, 0.8125548619523362, 0.6850171319891231, 0.07803950895719725, 0.5341557153110864, 2.3537570838678428, -0.20164849882933752, -0.7771280072062027]","[-0.011263654117417045, 0.13377645274204752, 0.8192161479822672, 0.04316232583469693, 0.048835018045404084, 0.4800287929041194, 0.5758397552238187, -0.14870708526351042]"
"[-3.022130633950705, 0.895621451594786, 0.36650719471727844, 1.4912770130213027, 0.543726183913909, 0.42625716095291916, -0.9259936759680447, 1.1116315809120825]","[0.7999732725798048, -0.8079112245912643, -0.20245068532270827, -1.2044852480941728, -0.5902137860626264, 0.02399965866282065, -0.6549592632147299, -0.5324261075904305]"
"[-2.855619928839308, 0.866861284778971, -2.166013854008819, 1.3414063125262667, -0.9927015790799644, 0.8443645491911089, 1.1006287829479078, -0.23448180428017687]","[0.5741647002983561, -0.6924729521525479, 0.030681244217867068, -0.3784149136821932, -1.8585125893902485, 0.3377318215626713, 0.4239915215053571, -1.3305287680140163]"
"[-0.9976753045219945, 0.9923547734266494, 1.010390618032852, 0.15037697839605862, -4.082539908928474, 0.7950412133984566, -0.14883698992309985, -0.6717985040726868]","[0.2432099195720844, -0.3906342732514502, -0.8116008845227889, 0.7422032504679823, 0.21316800028531888, -0.04104885325544237, 0.0971705326695819, -0.47739504780784886]"
"[-0.3497208658552323, -1.0562318685904395, 1.7960415649952342, -1.6501168568010267, -0.754150514009432, 1.2096123947299835, -0.6454191547582425, 1.4427802781305195]","[-1.34165627701827, -1.327179452313456, -0.1531786245533169, 0.7623905958762184, 0.8797561872798141, 1.2322358692463813, 0.40175749702152, 0.5836016600727918]"
"[1.379484037826595, 1.5883793028359792, -2.0793836961884136, -1.1600834204233348, 0.34854456749366347, 3.5459525646284797, -0.9206380851083568, 0.3680664159761191]","[0.8512245470927953, 1.5391205429672066, 1.446573330269427, 0.10953798680611893, -0.6339160647759946, 1.2896197629266557, -0.267487265044206, 0.6748255438430533]"
"[-0.8050011687268825, -1.4745654691617895, -1.4037400468984425, 0.2988414064888333, 1.4042722784722972, -0.8481193006307399, -0.794931679390983, -1.3551416724026049]","[-0.16672500713133842, -0.8308910146348278, 1.3979576819891262, 0.2092345782017736, -0.9994552749484045, -1.1759713644718537, 1.1117092587532815, 0.3378017668060472]"
"[-2.3152149785949274, 1.4963088265985869, 1.886812539161041, 0.7221912826988104, -0.6749220773471449, 0.931172056760674, -0.3334728957973444, 1.8077507382624902]","[1.4504683634531481, -0.6561624146587383, -0.3998093125230865, -1.0422570381689436, -0.6076637608677727, -0.043458543107327184, -0.3963115251082328, -0.40410509582644066]"
"[-1.517066397072417, 1.9231068941481673, 1.4243724795110813, 0.46722907785120593, -3.084740152480793, 0.6743439132004317, 0.5080982452253303, 0.2549080919547475]","[0.5383070518892006, -0.607440152727497, -1.5527462119494353, -0.008300497816494348, -0.8922578413954063, 0.33672626284005625, -0.06231033370589237, -0.5711535266005364]"
"[0.584629016748043, -1.486991526882453, -0.5931724390826243, -0.39997324894520486, -2.1614535988642687, -0.25925876719303437, -0.9546518818274454, -2.153593388072364]","[-0.7245426837163564, -0.8039301180909637, -0.08926429553516353, 1.5006992385317737, 0.7597228765646444, 0.8198984294038891, 0.12322823229887082, 0.29432555511384245]"
"[2.1227038122186883, 1.1365962749428713, -2.2834999864896153, -0.28006734343409595, 0.8056894572300831, 3.4676220046910315, -0.41237708761511227, -0.6402887573680867]","[-0.18692085534821287, 1.2913823839302394, 0.3518551473300046, 0.7695060300167728, -0.8513470858514487, 1.280592806997476, -0.7895968292317712, 0.8950062840894853]"
"[2.73634892129544, 0.0474334776486554, 0.8045428992356878, 0.10686716941197855, -0.3782821911902479, -2.1553777826253686, 1.119485046020001, -1.4019007822645788]","[-1.0982552698567165, 0.32612477135180135, -0.5302033887291351, -0.6000227079776024, 0.9839761719578846, -1.431739138507011, 0.015774631539921008, 0.39301651723404596]"
"[-2.537646870784074, 1.202096883990765, -1.7148011006693311, 1.417461990043248, 0.33508253400525, 0.02575813289928186, -0.4813733284683196, 1.0397352649102993]","[0.76223907117156, -0.07659646053181086, 0.3424578013593097, -1.0613136633946092, 0.43329013178565357, 1.0198369397393146, -1.9055813609669925, -0.9299715391398395]"
"[-0.630369037720087, 2.4029064950806664, 1.1247043226298665, 1.2302465619742562, 0.13300249449986973, -0.00017016691687661667, 1.665552341635652, 0.8782786159890289]","[1.8286890300408394, 1.065616333900253, -0.46835273187383253, -0.007203758638967621, 0.44511141311642954, -0.40771270072205396, -0.7684966886140763, 0.20592426320184423]"
"[-2.7211882162649728, 1.5352597507305958, 0.7881313083455916, 1.647596071072597, -2.806540479717506, 0.4730556052991247, -1.3215036824757307, 0.12545364761496317]","[-0.4133415804955661, -0.4820136713844472, -1.9097981490249067, -1.4402623218750743, -0.7909559353313961, -1.3170099657787921, -0.10289086214414866, 0.13672331494535084]"
"[-2.1543095809442097, -0.2617110716330587, -0.0951841756208905, -2.8856661586091565, 2.7311444254271335, 1.1014183117452787, 1.1429451414285539, 0.34584592110962514]","[2.023428268635216, -1.1084278755216803, 0.2532131252157996, 0.29943010473865295, 1.059682899611882, 0.4210573589431002, -0.5494608542770921, 1.6131933185602227]"
"[3.5160168862051275, 0.172401494665125, 0.6710395292108715, 1.0197498751617502, -1.3440946305314558, -1.8447369831448568, 1.29353072771529, 0.5551499773690928]","[-0.8444278500249652, 1.1676553908771035, 0.2871316636275795, 0.11555510526083204, 0.06683352889960224, -1.9652383139244016, -0.059640595126677284, 0.07397919831557025]"
"[2.126575320729874, 1.1225385354208297, -0.0020610035970623497, -1.1297987695565381, 0.39108337926026054, -1.8669717473680922, -0.12350646005089624, 0.3506293949807484]","[-0.15574067100488678, 0.43042932575606435, 1.6958299772364065, -0.5196505372439053, 0.2168163946529206, -0.6861703830525191, -1.4873650156956906, -1.5533134138064508]"
"[-0.31185391983292887, -1.5856353036331736, -0.23598828037663444, -3.2829097703911043, -1.4099835818872946, 1.0503286721486922, -0.051907742310526514, 0.2321392592078221]","[-1.1372577074306547, -0.5933700984083068, -0.35096505461130684, 1.3048067011386228, 0.19542279879110885, 0.940308180241743, -0.1807325871062256, 0.024069211342256796]"
"[-0.48370347094490324, -1.8291666880610147, -0.8103513292935034, 1.8091490438119808, 0.8337286115525268, -1.2393484273326056, 0.23300626333658606, 0.7099593786125759]","[-1.5428698036756745, -0.8669913949378154, 0.7597341793104626, -1.0414657452335725, 1.2449753474735974, 0.9089961993385317, 0.9424742616120603, 0.387097543044938]"
"[1.1918974498353923, 1.97121048485474, 2.8223878910251368, -0.09182634400555335, 1.0544723984108488, -1.8095470335097918, 0.040243988668069164, -2.108847054254595]","[1.0211254704291957, 0.8657639807301672, 0.7389404193151289, -1.4652542588347293, -0.6248436200086989, -0.27136481779230276, 0.1581400803208127, -0.3662106774487918]"
"[0.26749785232316803, 3.1310594641607827, 1.2182048184475556, -0.07605309447762333, 1.8790105490665063, -1.6027536020552982, -1.329105938114457, -1.9097254408881565]","[1.0995251349365565, 0.8281193934070047, 0.7097247511236884, -1.2205974803365844, -0.7271471126340919, -0.9000612525577691, 0.4386659228904042, 0.15864620060329773]"
"[-0.20297263557747175, -2.414320339571272, 0.8626814017311761, -1.8816983191011132, 0.10387991784675546, 1.7936660863853442, 0.9946414292055178, -0.6288828070740643]","[0.9106612833904658, -1.0996227133910994, -1.0501954123087014, 1.6587439918406992, -1.2856514937123242, 0.06851940027808562, -0.34458953961566663, 0.27101884629232303]"
"[3.5102683902292484, 1.175093554726522, -1.5231947331151, 1.7025961217437844, -0.8300485959332335, 2.0036406214246605, -1.6061648198376768, 0.2978676007378005]","[1.3092351928041202, 3.112600148187866, -0.03472079972201299, 0.39178145466042286, -0.10729470284421111, 1.6192028251546386, -0.3059085738045661, -0.2502738804829753]"
"[-0.6715087669688182, -1.699259795963378, -0.6008483162205412, -0.9912550222577491, -1.036393096366249, -0.6227167020103044, -2.2686435230256023, -0.7542032455800369]","[-2.623575554805217, -1.2775763699438532, 0.10681321068352605, 0.48374291826174604, 0.3785101053636256, 0.6662629248259511, -0.2377481742114726, -0.04796744711265473]"
"[-2.7858900100092234, 0.2237555134579908, -0.22489190455362387, 2.516189519740175, -0.4579569378321728, -0.46728735462605564, -2.6885317728716753, 0.7815586850927191]","[2.6253699659320975, 0.040596507173700745, -0.7854259059946188, -0.894756780275897, 1.381535967597443, 0.7587390715797985, 0.0955616288593839, -0.633797164329665]"
"[-0.40291340140451104, -2.8879778711568718, 2.14899269780507, -1.123514136817627, 0.9469855243988807, 0.8391053792263976, -0.43587906948917, 0.1982372483062129]","[-2.0863941801331625, -1.4963310390810904, 0.8474653197318072, 0.9806506163228781, 0.21904412949016952, 0.11773235529719407, -0.8447085327764808, 0.5545401376246468]"
"[-0.8222607371631685, -0.031004143298655272, -1.142633242471994, 0.6756453406808592, 0.8186987886388652, -1.9435164961650158, -1.619579860649938, 0.19108985287066746]","[-0.8614093038650132, -0.17560465699672945, 1.0441639225401171, -0.9079735212571979, 1.0084627561603547, -0.5681757424756737, 0.6734913766122775, 0.2917264176494083]"
"[-0.2541476549068292, 1.2249442585462949, -2.225946943899538, -0.298708716441674, 0.666105315968508, -0.15595476101275338, 2.862492492347242, 0.9418309476257484]","[-0.10156213102367544, 0.9875572881988895, 0.7604175746659804, -1.0281953594956579, 0.2856040517178961, -0.10422855324209916, -0.3701241145963527, 0.2959004555480248]"
"[2.200202575453965, -1.6119932254277478, 0.2472658273884864, -2.3784659991124246, -0.2956867696952287, -1.0753478646500394, -1.0013456283764657, 0.7750619178714189]","[-0.7220529067731373, -0.24099368685926714, 1.052773623389346, 0.697956768016055, 1.5624260913779526, -0.6522607428591052, 0.20289853017389872, -0.37734376905876643]"
"[-1.152108436751299, 1.5653740586421057, -0.06247174872197522, -0.5197911339102653, -0.28638895087754823, 1.2525809998429318, -0.1925348842477779, -0.50723024578223]","[-1.5100363473300231, -0.49119606941777216, 0.13576103476353182, -0.2424091965665739, -1.2535174568320469, 0.07427355037664797, 0.16200954416393973, -1.5548052689510898]"
"[1.7219348543544901, 1.428498350647127, 1.0316748878165245, -1.1062349008728989, 1.1274498172101195, -0.4829446822153348, -0.781750935191175, -1.3429987969070087]","[-2.3872075406225375, 0.9159227285639829, 0.7730221988528713, -0.714873534250844, -0.15895641513789296, 0.2046708671744081, 0.06411824553152898, 0.32633021812417]"
"[0.6770794616554915, 1.8095503260649997, 1.1678767490849402, -0.17851128041614503, -0.10690585454628693, 0.7060565355906977, -1.3454987705491797, 0.9634230070440867]","[0.6077003952348278, 0.5856357354873387, 1.198791420248927, -0.6442123471941382, -0.4168855530083948, 0.7797643891256086, -0.46366070106024687, -0.45750652302644285]"
"[1.0759282304232454, 0.8596149718612991, 1.187498782202129, -0.7151717436573044, 0.7903374137142628, -1.067788462073632, -2.3480094133095557, -0.3078568044313396]","[-1.3898526426844728, 0.5087601544852127, 0.41794556495727786, -0.4142351463449939, 0.9778920155515508, 0.3763059777397912, -0.7902329111802697, -1.5546533857207814]"
"[-0.3861347915534135, 2.5048788809204154, 1.3443688388703048, -0.6207005392757343, 0.20125814203004336, 0.0289607262096177, 0.7191562579927638, -1.9865310038741169]","[-0.057321929013631555, 0.6685085832121465, -0.8972760463106986, -0.8097132413803222, 0.2802815476471527, -1.7544726825191443, -0.32748666728647813, 0.5514147032315865]"
"[-0.20610797204610923, 2.372205313706811, 0.8404511145718347, -1.4004546602721322, 1.2553019289895964, -1.2740643334096973, 0.39604225542307053, -1.253772074279537]","[0.48138571980822975, -0.15994622426252256, 1.164504891947667, -0.7094283485164423, -0.10686456422752698, -0.7385224170242618, -0.5958156054399194, 0.9953079204483497]"
"[-0.6096898254557919, 3.0829332139902994, 0.27742369058638267, -1.4227986239492008, 2.5419227854580697, -0.4179312662927043, 0.6226610192696818, -1.8442980659504091]","[0.9061486577490854, -0.30991974848357484, 2.0436105776197855, -0.9000872550318451, 0.22621739764929769, -0.35048229482549254, -1.114324900469751, 0.8302419601795114]"
"[-0.46525837543366405, 0.018764376445254957, 1.251397386783392, -1.9126761317431482, -0.5956063133311349, -1.0057580935237744, -0.18470312636190714, 1.3302539835400415]","[-2.4721019012014964, -0.5098686689864104, -0.0855367611215567, -0.7499292413561329, 0.8526937461911263, 0.7130418142124796, 1.1233384273601552, -0.2648556188165638]"
"[0.8999162216876239, -3.9734328423918117, 2.2138852327176393, -0.2134975354392307, 0.52336860943684, 0.8869154714513346, 1.4813078954557393, -0.7268095032446469]","[1.187154421993907, -0.592572764827301, 0.3704228178625806, 1.2702234306834022, 0.5720619287840696, -0.5061858545614151, -0.0797551480217579, 0.1901731439410051]"
"[0.46336478416655497, -1.5368498202816874, -0.48748172016806346, -1.380567206749498, -1.1492066770071625, -1.055349680707674, 0.8867010978676315, 1.4903803859767515]","[1.7125393237124478, 0.006530023613663131, 0.001089005047254484, 0.4873523023683995, 1.4972053988945273, -1.3466680639428759, -0.4924564057732088, 0.7814423240882525]"
"[1.570222224163048, 1.3502146275773086, 0.4316629291763943, 1.2335296325579894, 0.9100144313380567, -0.9495629887802012, -0.8846725881751443, -1.8271150032888597]","[0.6895188450495334, 1.751251938414404, -0.42106911567806116, 0.013693301602631295, -0.522133712002703, -0.3944537335765389, -0.2946349461241667, 1.2243101192795218]"
"[-2.228065901612865, 0.046879401512812585, -1.2076638846932317, -2.375450548797888, -0.8766756390522241, 0.4760593433658428, 1.1194234659981037, -0.32221090599046925]","[-1.1214443541904604, -0.9187830267256031, -0.2561354730738088, 1.2979251804416083, -0.13671716716532395, 0.6741851667450419, -0.7296502131607102, -0.06143676926482171]"
"[-1.8565317873058842, -0.5173366840895334, -2.5183528249654783, 1.9892999252701333, -0.10004731804950681, -0.5454330982388746, 0.3555908593555947, 0.3931178384293432]","[-0.33081012430190854, -0.4532658013111799, 0.2603278568197091, 0.018928627204274857, 1.1710280834583968, 0.5313569079598444, 0.21637409995416182, -0.2598712723368583]"
"[-0.8438888905562911, -0.9598159402871926, -1.0607789492194133, -1.774987062678381, 0.05603927096407962, -0.1899341878718042, -0.5990450598061556, 0.9256261725314915]","[-1.9933307935771751, -0.9518551578154759, -0.30278091749601976, 0.5828088937914594, 1.0269697408840026, 1.1685794817748119, 0.270015064540312, -0.08859398231602003]"
"[-1.202523785027764, 0.30465020574711965, 0.3576981254532207, -2.975193972517214, -0.9633938131452635, 1.319683187370114, -0.4604624344758541, -0.6474493314807822]","[-0.8232722626347185, -1.069769490610902, 0.4210662387309007, 1.3887836727857474, -0.29161466766072397, -0.06766381302650898, -1.0487170045573022, -0.11666586645346301]"
"[1.934239177891827, -1.0160045774993864, -2.0788764201566505, 0.4699343980826238, -2.383617627642717, -1.3391825053240038, -0.44762840080266497, -0.6774678733608565]","[-0.8874073147609027, 0.27030543192916373, -0.13426442873654018, 1.0717815310585599, -0.10664123587685381, -0.7637481638288199, -0.40564054543621775, -1.095195941869172]"
"[1.0832924275690625, -0.7311472548529475, -1.5562727732859298, 1.3372300377742745, -0.8096664769234644, -0.50704352266536, 0.3575734927422505, 0.8228059370790488]","[0.1597499279742428, 1.551367533440702, -0.7186458775158406, 1.0183360761431552, 0.2626192993796203, -1.6988730196566366, 0.3783375908298599, -0.34128378336815596]"
"[2.6214308046652133, 0.89269450349949, -0.4122428268436469, 1.1351509762326684, -0.33901363293475134, 2.9862910434936674, -0.5345912329279527, 0.2851799502089204]","[0.5737755934288966, 2.1766131114181713, 0.07949073869000571, 0.29053173741616445, -0.20401036537529227, 1.0896674081884732, -0.5268359111247197, 0.10922399606874615]"
"[3.634238429055309, 0.6994416912604059, -1.773177092775666, 0.7781571071381825, 1.4836676995491562, 3.049876115879947, 0.044003843479194, 0.11344640983603797]","[1.772871025199697, 2.7906069082200795, 1.0664930275956095, 0.5421283725259209, -0.8623531775392319, 1.525728705665511, 0.3846390943131821, 0.002776286764718807]"
"[0.3088994569912076, -0.5071316092505872, 3.1844882401344443, -1.9585563579665854, 0.33383712299268664, 0.28829335978670695, 0.07273993461924119, 0.4131484529107938]","[1.0318975046844132, -0.5598879668571368, 0.9095965022719262, 0.21871915552019064, -1.6267440062399576, -0.2415377999448782, 1.1809224903895652, -0.2824324586322757]"
"[3.586712536546191, 0.8242007147702349, -1.0238261463076457, 0.18781705089141995, 0.04883861865067367, -2.0760757722470466, -0.06094066411605057, 0.3803831288628352]","[-0.9738971172007687, 2.014694587541349, -0.06166439838419569, 0.4383855405364234, 1.5268390122204913, -1.4289525039975144, 0.6029512656586692, 1.0212671093720962]"
"[3.558073966293128, -0.6056289220478264, -0.5764360226167721, 0.4521031611535735, 0.39392972173604973, -2.4643354192808093, 0.9367365069242387, 0.010247797039516261]","[-1.4925395331463402, 1.0816642189302759, -0.14197369267612617, -0.18153510321980318, 1.319590597167874, -1.0240174331195206, 0.9870012981326016, 0.22908777027027924]"
"[-1.1832362697189855, 0.3336756575910279, -2.57520749882196, -0.8987421330463338, -1.3513817473236454, -0.5751888192876429, 1.4136059082785746, 0.130566139463266]","[-3.109988289530575, -1.557517893266025, -0.6125689897953633, -1.0711924095043626, -0.29743493494882656, 0.055873388462465624, 0.1963020074174713, 0.6810533766984137]"
"[2.3732927420670262, 0.789349432253892, -0.8989192392518127, 0.6475748865120318, -0.7490317404158998, 3.2597012341657083, -1.1339072175076077, 0.2619887493781253]","[-0.9872006977654991, 2.133458806843303, -0.02810141645410025, 0.7162113375919179, -0.8843677509745458, 0.7663539009828932, -0.2826029453738836, 1.0276050387908238]"
"[3.484390030014611, 0.261480637934946, -1.5885285894032668, -0.5887165148920701, -1.1362668595771461, -1.9954533044670952, -0.4210196681218869, -0.02297696854414841]","[-0.22303647765762086, 0.6394811294382077, -0.28663272131062373, 1.2738108242455164, -0.23344151320707587, -1.1630224237183637, -0.3756899745287695, -0.2843591156066879]"
"[1.9943541529570439, -0.6769688295276491, -0.2136668637687502, -0.5860215194922067, -1.8320319254197923, -2.0868606833213286, -0.07245744400100394, 0.9093486128167217]","[0.17152708675925782, 0.7265792190236108, -0.8866711892442228, 0.5055594567632264, 1.4888672160653753, -1.4393237690657086, 0.24836782628677068, 0.21558393853593483]"
"[1.9559332473164543, 1.5441830942397206, -0.6417976218928059, -0.16454481011343888, -0.22562276443094956, -2.5499381217093875, -0.6408419539481728, -2.415670420721669]","[-1.0289096316005517, 0.9557662418813532, -0.6298842039641092, -0.4642158546674572, 0.40359911155267125, -1.88071424296682, 0.679678693310046, 0.2921375234279998]"
"[-0.6596509844687388, -3.3410080576179193, 1.7354318474622674, -2.2524988689072156, 1.0236366036817037, 0.8448834779983395, -1.4314805569271518, -0.4451358602007808]","[0.32019384624576747, -1.5225217671177134, 0.5654992420525757, 0.9737192363012626, -0.4953481067336292, 0.7768940041564892, 0.8547437306952351, 0.17628593818766017]"
"[1.875631638188467, 1.8499531851501676, 2.377696602229922, 1.1141333652466547, 1.3532385575768788, 0.02494513723163232, 0.9561547066785073, -0.9743917781714548]","[1.507511828100194, 1.087456406290484, -0.38715750972297175, -0.1939410081881361, -0.20907765603480344, -0.669480680220353, -1.6354546530137035, -0.05130213621989623]"
"[0.643870163882495, 3.560116483749667, 2.7557502915631975, -0.21809784008774244, 1.2367612021094851, -0.7293648390063989, 0.5739980183300405, -0.6957000622947277]","[1.2453793092429908, -0.03441398462260804, 1.3004715890541754, -0.8694432216400021, -0.6274256374010975, -0.22702005487408675, -1.8172089083029461, -0.6522652985402163]"
"[-1.3799836072476648, 0.9731330304265491, 1.6276150885197755, 1.6341528887169148, -2.58090999612448, 0.46863123572163023, -0.01792797060537373, 0.027484538289803816]","[0.5546879177342066, 0.023686662691331444, -0.65065313305964, -1.3584897147934807, -1.8943086359727168, -0.9875084900562733, 0.43483380970050706, -0.1893175856248826]"
"[-1.634159752757478, 1.2180081799611628, 0.9650583937779432, -0.45879785603163475, -3.3924215565896843, -0.0011984310283258074, 0.2079543303285095, -1.2307733834036623]","[-0.7879679439354473, -1.1122753764246858, -0.6282641775985964, 0.4908685644267581, -0.7063300923463994, -0.31408353488097795, -0.7943779824738791, 0.32002323312569125]"
"[-3.1302096257005694, 1.001385778748061, -0.8324672652759469, 0.2684069447600047, 0.843586647870555, -0.3652747189346572, -1.2656201217396807, -0.1984295382388493]","[0.014034501483282424, 0.14984446987428074, -0.8340617065334883, -0.6326131778117965, 1.1331844378241485, 0.6789420672420684, 0.6957875855477924, -0.41109412484398944]"
"[2.9840718771891726, -1.9138005502872624, -1.0831026100876404, -0.3761174757707115, -1.521848701334785, -0.959390203152468, 0.3993892608899322, 1.5693756157061913]","[-1.591838761903885, 0.8191868993604625, 0.12092770899397293, 1.3797079937695147, 1.3233237800496656, 0.04278088428895227, 0.3715964606426231, -0.8842864843858722]"
"[0.8568335526817364, 2.6928761934307324, 2.2396801650468587, -0.7972358215721376, -0.20662238226928784, 0.15937459011277108, 1.0486293409628724, 0.18363898445677715]","[1.8630644308909543, 0.33246792264490804, 1.8188515535468903, -0.7226732730814389, -0.182406982489587, -0.10418151602978538, -1.2849235190198962, -1.24697732167277]"
"[2.250759570632519, 1.6434732305737274, 2.1070037680619826, 0.48999625169567795, 0.1438407659206051, 0.10498668267501597, 1.7553386371785955, -0.7856973528214146]","[0.5711169176332141, 1.276588516345456, 0.07054416045030758, -0.6337759385096222, -0.22782223844289923, -0.6262066763016239, -1.7776177439606755, -0.7966691930438685]"
"[0.9149879468361707, 2.389099274955665, 2.4602911532746035, -0.271247825351329, -0.2813622054828726, 0.3768329252127253, 1.5933849397575188, -0.03399081237221744]","[0.2726288462817141, 0.8191230442436815, -0.10192251148835733, -0.7961756251246297, -0.06786203962639963, -0.2873880852396004, -1.381427598825329, -0.3428948395764045]"
"[0.8878583828916999, -1.1854314001614297, -3.3309287049698844, -0.11969770082615751, 1.7762163450106887, -1.1476488904102717, 0.5405045612054815, -1.2886263657824177]","[-0.919212961381174, 0.5070529935340149, 0.5277610657688966, 1.1649722636640525, 0.42517720552691307, -0.15774620962817576, 0.06092373388189843, 0.7993397847401223]"
"[-0.5462407778015523, 0.1716374602186612, 0.7395736523211001, -1.898703207977102, -1.3188074916371315, 1.2477999213756268, -0.07376891640282439, -1.0543395844118948]","[0.9753812277078956, -0.2973759886382336, -1.120023295114094, 1.2741096746641352, -0.690422505443709, 0.11014262905165693, -0.37129636562854035, 0.1464523251094703]"
"[-2.101601682229698, 0.5534389449424876, -3.085392805736327, -2.142417732057591, -0.00340022865351049, -0.26564209847516823, 1.7317561473531877, 0.5987497391723821]","[-0.5228152239569342, 0.5749424242605299, 0.27142994131212617, -0.21154529485157775, 0.6067717242721246, -1.1355617751014468, 0.0985480104176509, -0.39279708392708906]"
"[0.9463996622446942, -1.6684483114787354, -0.3909587231255677, -2.1846207512638642, 1.753907512604285, -0.9066776211538938, -1.471433052888404, -0.7548340350118052]","[-1.3339166382159506, 0.12450848901140318, 1.6565651025203987, -0.45706180658725704, 0.3529917846818713, 0.4377791853352422, 1.0120279307358282, -0.5701155646738189]"
"[-1.675010291432805, 2.026657695388326, -0.11282716230601224, 1.0661511286556358, 1.0821940603054783, 0.19519364168570075, -0.5175527982071615, 0.12742658681579766]","[0.86894860204156, -0.4310045853027194, 0.2206069748038753, -1.0816931575158504, -0.8343891777758891, -0.7292126978901138, 0.9543773458539285, 0.36059797656794346]"
"[-2.1709213985577085, -0.5344962728104554, -3.2192592269060345, -0.3830514726842183, 0.26237418362082904, 0.1318064320628445, 0.04287179186860579, -1.0141574583178623]","[-1.5811782157894168, -1.0643475410826992, 0.1655253558023734, 0.42826459584679943, -0.9829309744695948, 0.003841997610277842, -1.0281172494337705, -0.14522546683958146]"
"[-0.11166628497013241, -2.266611118638681, 0.547918426326842, 2.3445012294427654, 1.1286203251363345, 0.22131060333008043, 1.5684210494928186, -1.8699675315330593]","[1.1658182995042135, -0.4888136949687292, -1.4851547319066085, 0.6699205421539352, 0.6508209507808262, 0.2412860057950661, -0.09947555813584916, 1.2149858581439092]"
"[0.5808396627578735, 1.2029206804616102, -0.9100590490866995, -1.2410311818708013, 1.5035803835698176, 0.7300485310527147, 0.9677133128390005, -0.7238761692641357]","[-0.2197411003464858, -0.33990577085551965, 1.8200092110195512, -1.4347520776476885, -0.8152244214207732, -0.6287176363731996, -0.40817186534226035, -0.09366672773069584]"
"[-3.087840500898308, 0.9445734299794826, -2.6780474039971836, 0.11548045060660121, 0.43188975918268635, 0.771488101237903, 1.8339513471116584, 0.3676667637845458]","[-0.804779600699044, -0.8274827831131684, -0.9468804715763888, 0.04868585735151002, -1.2546910148074295, 0.07652557382238225, -0.8527607448795653, -0.46030669101505833]"
"[2.204148416009494, -2.214856937497697, -0.09717632272947581, -1.0103590201523436, -1.3497517356311468, -1.40111750189655, 0.6090609487681117, 0.3538417139763463]","[-0.11723800020073291, -0.6062662549727736, 0.620555645247954, 0.3508413448175353, 0.3949552125334822, 0.08199933570253552, 0.6155905858568028, -0.3256125355172856]"
"[-2.4554700163573697, -0.5167981314156833, -2.4349175612191494, -0.0970706382695623, 1.7474692074738865, 0.41384770822304595, 0.5057767941805589, 0.652519097360034]","[-1.332877932068236, -1.293488549020051, -0.11441195005956595, 0.6833257701527663, 0.7995719760513469, 0.9431032551153911, -0.007959752951317811, -0.05404267258253263]"
"[-1.8281277605738873, 0.39883006139363414, 0.5068451971082264, 0.30498942935845913, 2.3701105766853674, -0.18481523532422706, -0.9911726280759497, 1.6281490551026478]","[1.9392594127653766, -0.5340190522819537, -0.1379849795696649, -0.22126955969513942, 1.18089657372746, -0.011793516505940332, -0.5158668114519737, 0.9825706233812053]"
"[2.555647429765132, -2.64555050088038, -0.6622645457254613, -0.025451348811066463, -2.1640391924502747, 0.5052667697010093, -0.04534063463929609, -0.5832044126207107]","[0.6526224467981283, 0.24549252914005418, -0.4680496904478215, 1.7662021687701224, 0.03164389959359267, -0.8522120151752287, -0.21711407121421675, -0.46871897706313875]"
"[1.7890421475554306, -0.2647527556480715, 0.36271646877239044, -0.3748827271830458, 1.0492916967892683, -0.31702136496816835, -0.2748088893141196, -0.5446367405022864]","[0.37721804165456424, 0.36743302244380294, 1.541796491182361, 0.3391496876181934, -0.6014995343068946, -0.3497414261055152, 1.326481043558517, 0.36443676716043394]"
"[2.5894682616308633, -0.5301229792237732, 0.9339786011193837, 0.6111985403676845, -0.9670400412323408, -0.5369519580236145, 1.8258988470159931, 3.2913144933021505]","[-0.5070394303109915, 1.4559149201525239, -1.1082508291129922, 0.13023054080970156, 0.45447680320134487, 0.08000059819872933, 0.45719106424539646, -1.0146478630256743]"
"[-1.6509244091610198, -2.130200926977938, -0.4262249322384426, -0.4025294920910314, 0.06779761895681631, -0.42593140341723945, -1.4397951290792697, -1.2621297666132238]","[1.4653693943580146, -0.8161376704228089, -0.5167290997078566, 1.7407827427651341, 0.2980382622407394, 0.5956386608546707, 0.747945491487386, -0.4495073615300965]"
"[-2.8423395451705926, -0.8864443192213259, -2.8401204652086434, -0.32834213441074933, 1.0536758486486781, -0.395185557682997, -0.39405338367434484, -0.7194145401153085]","[0.2784724634493302, -1.46694755108159, 1.0291657592951222, 1.1522915248798833, -0.28658750659165444, -0.10577225589639253, -1.0656058537818682, 0.613963583205305]"
"[-1.8798516787803794, -0.5909733899213906, -0.6225485327290712, 1.7672277865469137, -0.41382686700545934, -0.3708689580245352, 0.3450105350708251, 0.3618664587439637]","[2.22026051362851, -0.029856226196234258, -0.14166830778123868, -0.3616225922583242, 1.3613312124787025, 0.06351116369233192, -0.7666939137686084, 0.7456752959621308]"
"[0.014304493403911484, -0.34067492807813227, -1.8737879006273228, -2.654469146655715, -0.7480208549871004, -0.7664752424526097, 1.220245964316232, 0.7600090256865669]","[0.31979685854061884, -0.26109870375789945, -0.6475691294577882, 1.616628723886782, 0.6064954568080656, -0.3053497195777496, 0.4194209060907137, -0.23668140721916087]"
"[-0.11479508813660763, 2.389437929475639, 0.47381695080937364, 0.5969986720477319, 0.8316892023828777, -1.7855342419331475, -0.5849568766099712, -0.9939833651213236]","[0.6385490399226922, 0.926722662346679, -0.5498380503859457, -1.1010664750673178, 0.0030927411351626094, 0.32943724162677973, -1.3634036601247017, -1.3105365990585227]"
"[3.568517993297785, -0.4340575180180747, -1.531266917204262, -0.3225190396240184, -1.2475957075249988, -2.1089174554645944, -0.6071324798447572, 1.0017707867420713]","[-0.6203741035050581, 1.6900378143706856, 0.06447550791422399, 0.4315275073889101, 1.0709108614234053, -0.15194392081872027, -0.1467331691813703, -1.319744619482316]"
"[-1.2034578212527038, -0.3148982034404362, 1.1463325616318347, -1.5509331634930386, -2.2612302111260627, 0.2968987482109214, -0.1646385052922426, -1.195257537205962]","[0.33032706253531974, -0.8286507755115636, -1.152483871783815, 0.4666757451407335, -0.37653426806647317, 0.550740527498065, 0.15380729223928466, 0.8834909393850332]"
"[-0.5386803687142575, -1.8285835073399181, -2.1825008476120633, 1.6357869086036638, -1.1960387015244436, -1.0083214988786529, -2.0123940192695278, -1.338599661059233]","[-0.49284814036480584, -1.0924998684346372, 0.4632630482839342, -0.9963122115950775, -0.1207214739203183, 0.1520418799345231, 0.19820978462375857, -0.22429053179001412]"
"[0.001342430639975294, 0.39816743018462464, 1.4917643793246647, 1.825098865965653, 1.310826770894494, 1.3234083985637228, 1.4123695428679641, 0.3551331339897743]","[-0.9503931617885854, 0.15116284601716548, 0.08120440416557911, -0.9270035563375815, 0.6791224679348437, -0.22934713769169643, -0.7750546102105532, 0.7154983684658526]"
"[-2.28982809983712, 2.289089544133787, -1.032569198854337, -2.566951379890746, -0.33182327510631704, 0.2005923032513607, 1.0223299034564106, -1.044392009992781]","[1.3652682392137114, -0.1912058950257277, 0.5746166969950545, -0.8913630807889561, -1.0096870350918123, -0.3451145180569246, -0.2109057504691432, -0.261455336616076]"
"[-0.363619254564529, -2.3534639037915577, 1.3693161309028081, -0.7850858246095799, 2.8093952313551007, -0.5192618387105019, -1.1252486284235144, 0.4376166082436268]","[-1.6779863911697899, -1.1919798958245604, 2.4664404948812515, -0.44558666653733797, 0.6784672542985882, -0.01718750871682917, -1.3708197378344933, 0.15670174709630053]"
"[-1.7902898733886659, -0.8096199649730541, 0.49539378612676993, 1.66135494025021, -0.7583232571988322, -0.29350353718851185, -0.5639050070214676, 1.10438582612296]","[0.510936112438037, -0.6059177715917855, -0.952142901334198, 0.5683000605262994, 1.6479193157188665, 1.100850928502012, 0.5014335755534076, -0.15049424102340794]"
"[-1.3496354558518067, -1.057075911565333, 0.6176461019971773, -1.5809861131755427, -0.13258102577130454, -0.4847310499159825, -2.6068433456548754, 0.5203145699063281]","[-0.244311447812061, -1.421647723936512, -0.6317637016943497, 0.3884462941451379, 1.239076362538609, 1.166867341998861, 0.3398883187017188, 0.7838241428328725]"
"[-2.2471034858379286, -1.4135210118569468, -0.6860142179714761, -0.2659786215889995, 0.4883674493664644, 1.0944957183146822, 0.3125656679248462, 1.0120163876962676]","[0.3883912104150129, -1.0207826261196673, -1.289559853917753, -0.5588162919047607, 0.2845789648749129, 1.1505708137192496, 0.2711130753451118, 0.28765653032544314]"
"[3.720677829399547, 1.0940852772374576, -0.8476313996218869, 0.838919130837794, -0.021931498804190402, 3.342505027822777, -0.5077842624108486, 0.4873492042781972]","[-0.23973169155224017, 2.6447154567460487, -0.08267901884612372, 0.5238660277278523, -0.47713246561057204, 1.2682822129281597, -0.5831543763355961, 0.36454486928293367]"
"[2.0358650271295677, -0.9535934393506157, -0.8474003066330812, 0.05057536577764825, -1.9430066436303512, -0.7780983816831777, 1.3583413468898062, 0.6743428663354057]","[0.5581060835792515, 0.03407776708605188, -0.6818753070306693, 1.9634379614587223, 1.40701551203827, -0.021961472264759238, 0.15243212722403882, -0.794737191858455]"
"[-0.5925061072105872, -1.257995782856433, 0.6381266879605862, 0.7487383373844309, 0.9127201174234523, -1.1032416646876495, -0.4136858272459628, 0.06450692431468845]","[-1.1133663854949454, -0.6619900985905829, -0.39432213140456, 0.22213816049447652, 0.6215154330536783, 0.3466889431799786, -0.5127931272217667, 0.21286965557234053]"
"[-0.8934487669561971, -1.6730987535553035, -0.26575077813643705, -0.021983847380282025, 1.2757271862154007, -0.2669462470361476, -0.47855983784711514, -0.07541671822345519]","[-2.518140046734639, -1.3805905196378976, 0.3404947636243659, 0.8593681859974086, 0.09599572736044666, -0.02571343407448196, -0.7370842063078314, 0.23546431099170478]"
"[-0.886981061830393, -2.4164711677483144, 1.1058284213470089, 1.1239552024558412, 2.3679991988384335, 0.8693670177285618, 0.3606598551130696, -0.8011447735844284]","[0.09375182207175642, -0.517699820967639, -1.3468042177959008, 0.5155037785989125, -0.16254580794729692, 0.25957268773189257, -0.9187395596117587, 0.4926040201530479]"
"[-0.30742543524506305, 0.6445349490916971, 2.8898206096456476, 1.535906882506143, 1.4148688474044597, 0.705510373066796, 1.527615141460106, 0.6613996411103513]","[0.9202370694515201, -0.09583389988234846, -1.134749220019619, 0.26775204233845956, -0.20283596984786129, 0.013687946721568171, -0.218599321909132, 0.336002780460809]"
"[-0.03163305482311821, 1.9290851592853122, -1.0892549851650841, -0.36678856553413897, 2.7174009936782, -0.38613641201000337, -0.26553795808221575, 0.21182118797987745]","[-0.21201542219499447, 1.4783193765853762, 0.881972434206653, -0.6475561688238044, 0.05145854441493967, 0.1347548544335409, 2.74055935366928, -0.4003909266431921]"
"[-1.9936354105768745, -1.37053566886331, -0.7322906384568441, 0.5089023360791298, -0.720321805971638, 0.8878957420467206, -0.6812609946770741, 0.1357098766417938]","[-1.3976268199284017, -1.5045436113263466, -0.6528772866907253, -0.06436541687571738, -0.6488615521918523, 0.6078532507765219, -0.36193250217009854, 0.11376590163664638]"
"[1.5901364735182093, 1.0991592431023438, -1.5868932085447724, 2.3439719014634, 1.381308100251611, 2.1925359524568995, 0.9648624467825127, 1.0501330830755655]","[-0.5929978746468613, 2.0478227871945918, 0.19706176042893794, 0.2487381083148741, -0.022089260467524297, 1.213942524560238, -0.9053789389855819, 0.8542501260100939]"
"[-0.48849852027666363, -0.3960998941829574, 0.9012374395016224, 1.7043700958311674, -0.2097643119655676, -0.33141656952981485, 0.6776963811126265, 1.6383881724469789]","[-0.14139769289341975, -0.09169550320170594, 0.013096947440628687, -1.0575994491320366, -1.0678833688136518, -0.15593310218451978, 0.7826087841954367, -0.4826953490103223]"
"[-0.08525320806408697, -1.4251061970268388, 0.8751577702929232, 1.9235543729389488, 0.30711258465751057, -0.9367497026558264, 0.19284688040456946, 0.4772890729542638]","[0.9194835645320157, -0.707128825069716, 0.016131735562139007, -0.08270238176528778, 0.24263119799891616, 0.040035192575861134, 0.7817286145951011, 0.0595421024759231]"
"[0.5967698328899406, 1.152193721778173, -2.668674651620481, -1.7511536065188458, -0.2230349081295947, -1.081619069232772, 1.7953730507536279, 1.0736684862327135]","[0.1914207467658398, 0.6836377440657118, 0.8827592464957502, -0.27989529940185276, 0.1801489850210317, -0.21076002423131346, 1.6752785324561812, -1.1704162442243493]"
"[2.4881067977273656, 0.6567594345584846, -0.1513547609868397, -1.4931483603185984, -0.2887766952529111, -1.116951253999772, -0.737273902302414, 1.140348928978419]","[-1.1851443149084666, 0.84729014169981, 0.5183286933138509, 0.9927465054588639, -0.32526196587240597, -1.4776902963332434, -0.2299197242719187, -0.17847420102901818]"
"[0.7637344226629075, -1.5563415841588617, -1.3832874036140062, -1.8859154626568833, -0.9135115255073544, -0.5582609436017301, 0.9098883164066742, 0.9747675142193357]","[-0.6429360321164592, -0.8390724991142654, 0.2059074122094675, 1.0672600503107403, -0.06501059566035726, -0.014446301128648819, 0.589108889048379, -0.6396155708201017]"
"[-2.9314461056810703, -0.04029885231363687, -2.5080073301092916, -0.31895422680957974, 0.46769313436789633, 0.8810848256962441, 1.7174224484815708, 0.6234112365468977]","[1.224805340254989, -0.9515890744306041, -0.7540842328068333, -0.2973554677510651, 0.1801823567334676, -0.015124352804298712, -0.08833183488411232, 0.27426614212945455]"
"[1.807078483396554, 0.8991512468635645, 0.5808316032053875, -2.1971550002135554, -0.5217162331766921, -0.5466806097678104, 0.3999949017161787, 1.00091366510133]","[-0.666518473512658, 0.9007039660001016, 0.6429137591535609, 0.19385461217958613, -0.9532104558215231, -0.6500897105449982, 1.540990502076134, -0.16061221050996355]"
"[3.34077853730752, 0.5244894794023768, -0.47271919475208685, -0.6121854240552906, -1.149735590865284, -2.2938289749349945, 0.11768681090202596, 0.029708882538234005]","[-1.096724162110623, 1.124771046748258, 0.10250612121016002, 0.8148952515981641, 0.2510423655503536, -0.9191368445116254, 0.3163926159856118, 0.1461223010231233]"
"[-3.4029555347422535, 1.1548480454955303, -2.1638571884330053, 0.1650561623809561, 1.8105223983923628, 0.19965476606650873, 0.6137437456996174, 1.5945438373490473]","[0.6643365888392196, -0.514020533364529, 0.9096461178249002, -1.7107595343759465, -0.011846966432271107, 0.5178376698786864, -1.2689729323686147, -1.4812876766592482]"
"[-0.2690682939657331, -1.7231363595098543, 1.7905916959551325, -2.117320985219111, 1.041177903346562, 0.5111701521429071, -0.7168727263046044, -0.11979808010692068]","[0.4853450983982934, -1.6332788716797726, 1.5407744737213591, 0.8075292233510017, -0.15624708589848824, 0.3313744986213858, -0.7343908996227021, 0.6905034908958888]"
"[-0.3409136255390106, -1.084934845077973, 1.4058880066076174, -1.6289280148507062, 1.0317284219203264, -0.5926542220165473, -1.3691138701543017, 0.13175314541209945]","[2.358824287394164, -0.7645138241310474, 0.2952423914716878, 0.7274654689309878, 0.7963230026154593, 0.20848221211666568, -0.427278781508923, 0.8614586943980508]"
"[0.8720444053270074, 1.2437831310106875, 1.517023791333546, 0.42503394808390377, 0.7670419554236052, -1.4638954033716816, 0.06759116109307306, -2.5302336225418953]","[-0.5769451573792752, 0.4443043087477326, -0.5085856723906156, -0.5298099839737013, 0.2499907844151098, -1.5352585280382463, -0.02273779918472247, 0.1911372914098659]"
"[-0.30929013701112135, 1.535477652519595, 1.5627952907899212, 0.17271117719848014, 0.21045718299135105, -1.2613377939522696, 0.408739159618316, -2.903304578168516]","[0.2793669990139221, 0.3418404839371444, -1.1058030750091918, -1.0457104401151467, -0.28181411567978787, -1.7112229322488086, -0.07089765852362502, 0.5556490616540206]"
"[1.0638675340339665, 1.5436560358154132, 2.165895475434435, -0.0675754881086135, 0.3957150868348355, -1.2307006890469268, 0.4830715474701294, -1.9071565386991776]","[-0.3812691112954915, 0.3513074589596764, -0.958760687504024, -0.755968564934591, 0.21251388496388568, -1.3792212998597915, -0.31841475811981074, 0.5315555703083095]"
"[1.5794428149710482, -0.6243081920603549, -1.631626894459449, 0.9177546671819694, -1.1602388270331423, -0.18790519580662976, -0.4923439302995589, -0.18653428468777494]","[-0.8471807556607593, 1.0493435328117358, -0.2557040021882716, 1.191283883678446, 0.755289296265003, -0.9307082998436091, 0.4301261715746384, -0.7019881434875941]"
"[1.1462981281382614, 1.9671357246544934, -1.1397202426870938, 0.16997018780658424, 1.2144537595566915, 0.20097076113894013, -1.0559981916593595, -0.5199507491380773]","[0.5487956837962483, 3.212625907000143, 0.20020959542981545, 0.2662562947541019, -0.26124277859772327, 0.44374864302048567, -0.0655537479655555, 1.1672762004908308]"
"[-2.5907395941568443, -0.7147142537595585, 0.712454121667846, -0.23042173670876095, 0.39220998346046604, 0.3717113252554304, -2.498930157885132, 0.20592742697274355]","[1.9263167582406784, -1.3165627326983929, 0.17792781080331718, 1.434108569920654, 0.21791357373356482, 0.38393529828226397, -0.9208640514417208, 0.45510993474920075]"
"[0.7146798848313527, -0.10525651851174803, -0.7334430382402461, -0.48536971948216046, -0.21418459942261323, -1.5853306714099338, -0.1509857743735039, -3.0737463493822075]","[-1.0059396013213917, -0.3361045377627235, -0.6955304092662945, 0.32618251541182613, 0.9714363816305877, 0.017049706155531554, 0.5203941994513855, 0.3512834188299456]"
"[0.3152411927827277, 0.8053788706541066, -0.27017930374361643, -0.24526028030514604, -0.10938537155515975, 1.5867387640137487, -0.5334464038725614, -0.0815849468160403]","[-0.14828026702971345, 0.5561628088780227, -0.6625071495954112, 0.9995225603437408, -0.01557193851463181, 0.4773596649198175, 0.22249988136756293, 0.6337746951034079]"
"[0.11451836784946123, 0.0582837095178152, 1.5577943548217985, 1.557008407206562, 2.33545388480242, 0.009604249615207115, 2.395263011549527, 0.9709577110359717]","[0.8216054127095866, 0.12829787319686153, -0.04174229174896098, 0.3062936895115818, 0.790464161895395, 0.08734149878108449, 0.04898372326342751, -0.02369225855316334]"
"[3.8980325396001456, 1.4441067260168448, -1.532191302375548, 0.7614550543282849, 0.19016645554150935, 3.2529108942512392, -0.963251842984596, -0.4726170812073768]","[0.6998656786397571, 3.0790597098839663, 0.36039944696029497, 0.7369497828161494, -0.7214613005089657, 1.2581291790581068, -0.004259636699142461, 1.0845302723637928]"
"[-2.533640450798329, 0.14913785806792923, -1.1577960824349502, 1.6810615022224729, -0.6700140446938541, -1.2625007450522283, -0.9017376389094062, -1.3833256263543994]","[0.4920085360247332, 0.08006000854922103, -1.6662349552673013, -1.2325968792205215, -0.07137969273301883, -0.13206758098101756, 0.4858983933292572, 0.038052751021646625]"
"[-0.6551483684695089, 1.5654334458133352, 1.4930062941085338, -0.9502299480685802, -1.0546938302439972, -0.19731739932812797, -0.0039562578263485195, -0.9049643857056214]","[-0.37688244387381253, -0.49721834540626214, -1.1202419496387541, -0.6414319465355968, -0.6099660959343539, 0.7887410999002705, -0.08209115676576881, 0.019739619724241934]"
"[3.6652269078342203, 0.38393921523087443, -2.690389179291227, 0.2868794722192263, -1.666137802675314, -2.1197056327436745, -0.7742875904063463, -0.1762682787383526]","[0.0723500630913489, 1.6890284360895509, -0.35384596150610115, 1.164686471656325, 0.34807582052157393, -1.4805633890212786, 1.122663104384405, 0.09666149076352248]"
"[-1.355706571191884, 0.009707713047689427, -0.35642032488853986, 0.2928592293162746, 0.5748514295738708, -1.355924505113047, 0.4998645007586254, 1.9755400471359137]","[0.27262558151559835, 0.37224878289401625, -0.19078903399896469, -1.4741506294558653, 1.207630722379918, 0.7278691184140696, 0.8027471704681689, -0.5342672546426137]"
"[3.5776523763948083, 0.26551154687586237, -2.0075730278809845, 0.7085983618400558, 0.20572970444558122, 3.2245302016832063, -0.7282085502835455, 0.06314303022711402]","[0.6653152728300227, 2.986062099866582, 0.5132867299751296, 0.8440005525562739, -0.1730328516827281, 1.0769655831313538, -0.5541523515096362, -0.23786720552903376]"
"[-0.35683512010206, 1.1987795751044579, 0.1970985977945782, 0.888110620751873, 0.10362851044140273, -0.8832755976431614, -3.1625490735330946, 0.9583528363827702]","[-0.48032404241376403, 1.340249003754222, -0.5000296266744255, -0.3467478187706404, 1.525525656373147, 0.4144875620831868, 0.38512564202280464, -0.2601721635217642]"
"[0.31091522255583304, 0.4972398564171624, -1.4321934518251502, 1.1393039580511322, 0.6906522662140945, -1.3823895845472625, 1.3750666814087296, -1.6774561733032938]","[-0.3313204979292628, 0.10360059625550581, -1.1425603267617919, -0.24612605350847752, -0.034722791660110656, -1.197443317024282, -0.35523341055119456, 0.5757914444879169]"
"[3.9267600081923533, 1.7271616965405818, -0.010943541699002855, 0.2515537831210637, 0.7543298142501694, 2.5594510180734655, -1.8580046422250855, 0.20632248257468436]","[-1.0204038549212375, 3.149400111986395, 0.5926166139158138, -0.15427023487565564, -0.31242772978223676, 2.101482244207312, -0.4171147780963525, 0.6680218599646099]"
"[4.11581887721566, -1.1921121537115857, 0.08277343733090288, -0.7779024628496374, -0.8951226078028685, -1.3697862895783455, 0.2691670645835412, 0.21912853419204403]","[-0.8233245124188416, 1.562760315261914, 0.12815459914470895, 1.26010372949705, 0.9124441362137481, -1.2437635159874114, 0.21549187389110075, 0.0065820554604827455]"
"[-1.037816827731477, -0.3406767751244241, -0.3675159666284654, 2.2776277204166173, 0.936471465683593, -0.2611470366114379, 0.05823466639257012, 0.5899036978977494]","[0.42953051321582963, 0.2860781752102406, -1.203400398528976, -0.7759358080816049, 0.04001725396137559, 0.5545798375810534, -0.9026609023031238, -0.9732664644240012]"
"[-0.12614653220494484, 1.764264066947142, 0.5848020495557446, -1.6270320243965444, -1.0203632549954926, 0.0689779183470879, 1.022076953726699, 0.9064040092089263]","[0.4651379261502152, -0.2810181755149067, -0.12096676032242461, 0.2525805973859335, -1.203464296972515, -0.8517435500436095, 1.6748539142682324, -0.7884172016921055]"
"[2.1793738425759765, -2.286819026137341, -1.3034723887374517, 1.2150263048429217, -0.8909973788883102, -1.0221286844585131, 0.6433081073923467, -2.637810234395224]","[-0.02274317905757836, 0.5140499377012413, -0.49249875932734916, 1.138586982544128, 1.1059853426949713, -1.4987504290774083, 0.06733977644359607, 0.21160498137309264]"
"[-2.5399103751522576, 1.610031940735843, 2.1968217924990348, 1.2020605974651883, -1.3870693267924825, 0.30454239460020144, 1.1529647712108626, 2.60220119022867]","[1.71500715482561, -0.7096928929270593, -0.39021732009859955, -1.0828510496246166, -0.6545317801341435, 0.08770093737652997, -0.25516930710645275, -0.6809560232725859]"
"[-0.6130547955452823, 0.456560003773225, -0.6665926838358541, 0.6531831981050366, -3.3911023713855637, -0.5062212524520825, 0.4629623561610241, -0.06738502087932913]","[0.11644611358495639, -0.44209103387048915, -1.5723871860100307, -0.07407232169114147, -1.1374127678315868, 0.24001880841944603, -0.042750390873634504, -0.5916862785378442]"
"[-2.184010104283628, 1.4745130537546804, 0.9849423939330608, 1.5583904210999338, -3.3913415976055834, 0.74988189388918, 0.05480290952166772, 1.0460197357812369]","[2.0876033485570487, -0.4533842276953589, -0.5806145646965446, -0.6123190371645849, -1.289902302829872, 0.22335895228866975, 0.4345924893728677, -1.489900400277673]"
"[0.9094049118413732, 1.0247838147616717, 0.02829223787674191, 1.1249975120890388, 1.1749037935177389, -1.0592812762030173, 0.5427834419822087, -2.523788944770381]","[-0.5153539585851753, 0.8835506541363314, -1.085902195055864, -0.7454099282503454, -0.7861068613305922, -0.3717688823263121, 0.041798922090873054, 0.9479045742575294]"
"[-2.2175532503805906, 1.224463681852303, 1.4587141984347611, 0.6520432215176973, -2.6762992181859864, 0.39097930462684166, 0.4509820965280622, 0.3017515462251576]","[-1.3252080970367421, -0.6038839980793251, -1.313087970495588, -1.263529100568376, -0.7672237056551461, -0.16951470598661378, 0.062058433915468336, -0.000774682765685776]"
"[-0.37563619768962364, -0.05733606097020142, 1.6954958944514857, 1.766885813393522, 0.3349017710536594, 0.3585055132129983, 2.2578364833066518, 0.4716765175625279]","[0.664061990943856, 0.35922141964635684, -0.618208248204119, -0.191314450178492, 0.33758337138459904, 0.17982159636722175, -0.44053993714816486, 0.4109486181368664]"
"[3.0208059909037317, -2.150601093257586, 1.5864996862411074, -0.18017062674747464, 0.34584953800269475, -0.4015586615044072, 2.5958092948567986, 0.3459104486640791]","[-2.058250553781251, -0.5187710340315362, -0.4733486484628652, 0.46727707000267577, 1.469375977026744, 0.3357528616020677, 0.5457920518462517, 0.3280490529748971]"
"[2.814924196059929, 0.179770243106636, -0.5836424093123332, 0.467536774790413, 0.5424036350896025, -1.2015122717745363, 0.4048705457235382, -0.10854707479709254]","[0.6163310282711, 1.6109646520657555, 0.17235747792580497, 0.5967951371215723, 0.01595868779264601, -1.9338080529587012, 0.6250381552402376, 0.365088029912133]"
"[0.47240195444172434, 2.9213454479675667, 2.770905224263289, -1.0156997606689928, 1.0617177792527581, -0.04780818377961248, 1.1117876772157924, 0.11819985628984085]","[0.9367921002909578, 0.7394469977935251, 1.6287015045732687, -1.4314736956821026, 0.0005907316096889725, 0.35366747148930877, -1.390768652278427, -1.456542415680397]"
"[0.30296370916030413, -2.446911410941432, 1.117916568331708, -2.134299161963807, -1.3060351972339055, 0.8540855112339287, -0.060589202901627746, -0.7516484061870032]","[-1.1274308491843166, -0.9045662664159361, -0.37294885070179523, 1.5870717331634843, 0.43213475793019046, 0.8132945935230661, -0.08573051568893743, 0.14507800645312063]"
"[1.501299603561239, 0.007744571046594718, -0.927023874095454, 0.13717685941648275, 0.15447810676580043, -0.8591627297359712, 0.9498620722990291, -1.1439667083835812]","[-0.28047268121364316, 1.917096428082769, -0.8171189047303703, 0.08851954120759817, 0.36515942803833346, -0.26768094454101876, 1.2422709767604276, 0.5607758298606135]"
"[-1.5886534274567436, -1.0748734677877718, -1.0642701411776156, 0.9033789363697764, -0.659708333742411, 0.8265099486406415, -0.7648601036251341, -1.890798103111219]","[0.4037133445634665, -0.7028261824502573, -1.0955008140051703, 0.028030860022653033, -0.5249398889639653, 0.01801918109999825, 0.45608153238242716, 0.5026366138903339]"
"[1.0486035586226112, -2.3157361311494182, -1.308109796697796, -1.634236574529069, 0.9332064806249718, 0.6928482971217313, 2.4439823358603037, 1.6708628554737273]","[-1.2920156709989936, 0.4941964459356022, -0.32709194634345895, 0.6600771268320771, 0.5633865560300285, -0.31787643419250705, 0.4777939279918991, -0.242398834118647]"
"[-1.0110790602667898, 2.448279822082446, -0.09898766644288501, -1.0642723784633408, 1.4870999790766202, -0.19104494998440816, 0.057712823631367406, 0.4103915831781885]","[-0.17405190464533116, 0.4074451639160247, -1.2545258682235307, -0.28940012872336557, -0.2026033489200082, -1.3074699424608927, 0.4719485298870223, 1.1067998297631818]"
"[-2.7553369164079644, 0.27555598005636617, -1.9600301402155447, -1.1088631045077497, 0.47329698181343033, 1.0933723391423786, 1.7563466376885064, -0.01773237956458604]","[-0.4887784411088286, -1.3725502358115718, -1.3253503906298016, -0.021602324518544314, -0.19476202139223003, 1.0839308147064852, 0.31851315477886105, 0.6183339077043917]"
"[-1.8413195429832137, -0.4539000979807659, -2.7274375474607577, 0.5818544725635353, -0.6120349887281515, 0.3120222162448611, -0.8945954302062494, -1.297109591374946]","[-1.8425070893014561, -1.0287439158135285, 0.3163468693592744, -0.16033134046887715, -1.3061394061546816, -0.2606160281257805, -1.7648148631258707, -0.27728335020563666]"
"[-2.6173015429499236, 0.8482618292381024, 0.2191676950688662, -0.506641046933909, 2.9858587602304283, -0.008020989007947543, -0.2173199639206552, 1.293897090046962]","[1.1711415157682197, -0.5320561078790417, -0.024427585933397968, -1.1168944020007168, 1.0460265276312117, 0.15599088649314585, 0.2942620635410129, 0.1252000756037203]"
"[0.20775334198781822, 1.407433906857846, -0.5212776655735769, -0.6575512394101607, 1.586351213673848, -1.7290123157333028, -0.02973306545795293, 2.0228965753362904]","[0.02750881178191554, 1.554143831407609, 1.039244479161607, -0.3434330177715488, 1.0292295518521952, -1.001678314765479, 0.26172364845341956, 0.1803263538808887]"
"[2.5036116897839413, -1.015361236938163, -1.1190325961950545, 0.8442917303141717, 1.596675025945652, -1.4719707806380908, 0.9938654897748124, -1.481273576197894]","[-0.8448143576309115, 1.1900592143376774, -0.16300801250744792, 0.007653319526606278, 1.1470268239266648, 0.17879539268470457, 0.6721022385364093, 1.0196036952647125]"
"[-2.2557778695361304, 0.660554324191878, 1.474472679468788, -1.241671188441996, -2.3019347294252306, -0.02308396504292118, -0.7179468948055882, -1.5684569740688608]","[2.4033874095996497, -0.8427612870254227, -0.1648355294821314, 0.33387970440297593, -2.199245959993874, -0.5614627602196094, 0.7368910938376759, -0.4086044125643303]"
"[-3.0687562367624586, -1.1992823410339803, -0.3623920107849282, 1.4082987786806493, 1.2732689940964712, -0.18511029602395926, -0.2513671099085338, 1.52720625817848]","[2.146523896905155, -0.6196031827642807, 0.39406652409602894, -0.5066427825284514, 1.3020628815639514, 0.33517881996265847, -0.08497985597011513, 0.7715799392530158]"
"[-0.6247038834800253, -1.7526520049842222, 0.9758732478202525, 0.11025022304743234, 1.0223858277994238, -0.37823721180615916, -0.07564360167680796, 1.7521121659246095]","[0.7429359465524329, -0.8315659135531043, 1.47962559361755, 0.6200581362061134, 1.0777823743454136, 0.2894075707236314, 0.8325977834113405, -0.14566184205982877]"
"[-2.6782523255197344, -0.5389643027356518, -2.394999719705797, 2.516361164084566, -1.0187527506926848, 0.0007606653977521181, -0.6702312097713604, -0.9667496210464629]","[-0.3147129451350916, 0.34265022515552496, -1.499177523326237, -0.7352263280471085, -0.04117973325861357, 1.1340643051874981, 0.3088108108047075, -0.04009908772412001]"
"[-0.3952008313519267, -2.5011004331214632, -0.8727459037308068, 2.0418951472345706, -0.06742331150149125, -0.3275756552912023, -1.162000600899463, -0.19853348462691184]","[-0.7230225869142369, 0.038383506996277975, -1.0471399613306358, -0.2900803653829633, 1.7407951604513927, 1.7741721930485812, 0.9375574935251741, -0.6101977349226644]"
"[-0.5881028680643676, 0.2464301269648926, -2.9727393009042236, -1.3863736890074891, -0.2546367348257307, 0.9287893719590488, 2.1571010875792282, 0.723964950789074]","[-1.3165022280444512, 0.05005944672847134, -0.05143744010611292, 0.8294500283607534, -0.334708929177441, 0.006352282815810976, 0.4072414316958335, -0.4822060794622833]"
"[-1.5668959027926033, 0.6489333617433436, -2.9785314932766154, -3.2822482970834317, 1.5464468982026502, 0.16865653493435978, 0.9914631898717858, -0.5436611014958412]","[-2.233597254107526, -1.0257619188727414, 0.5743526885574618, 0.9701660550458229, 0.2691409132942762, -0.17361843918674777, -0.636545033124623, -0.04679828203646227]"
"[-0.8286679893166929, -0.15461552822012292, -1.1175981209167092, 1.425071176306339, 1.2330201967590968, -1.0910452115771925, -1.2945458231364078, -1.4086336446640428]","[-0.3209268434091803, -0.6634250965914895, 1.2181014653960154, 0.17350969008730813, -0.7255048249746063, -1.2796542166807883, 0.6397093005750708, 0.5542134414262154]"
"[3.7690091726202994, 1.8224155560027064, -0.7620068729527066, 1.1997249746478174, 0.9114199513643095, 2.2782698306337648, -0.8550928070471334, 0.5734675827105049]","[0.30269659031797197, 2.7181682484300986, 1.167027786457069, 0.8534962009582094, -1.2811311720669039, 0.7448642815979937, 0.5162814476621316, 0.6474284081664926]"
"[-0.40078517610650904, -2.348253261196713, 0.004870967016914539, 1.679798957669011, 0.36804887314225604, -0.17074586264482594, -0.6998270214432938, 0.2660693050583059]","[-0.13926657410735316, -1.1849589298280445, 1.829107795623371, -0.3660850939094995, 1.6589271388369513, 0.4696213965198173, 0.6955542836159954, -0.028802274730374895]"
"[-1.102080760961645, 0.9375005938451325, -0.6261128621856628, 0.6070341522485372, 1.5295805943012708, -1.2858952140631337, -3.5121140588871365, 1.173418993122311]","[-1.4470252825548444, 0.6585350112052883, -0.3732150344642533, -0.5948714681914716, 0.20078294096187851, -0.4584176932477319, 0.45996447446788097, -0.34411731882731483]"
"[1.6512209534222755, -2.0071599029553164, -1.2391664680484067, 0.2550642222504839, -1.4809871003334663, 0.10858850130600944, -0.15681448732319897, 0.4977073465883909]","[-1.4781074716632543, -0.366450367075594, -0.8829139154387161, -0.015132110829683066, 0.1661646057100159, 0.09511057380739181, 0.49793844411971994, -0.03734265100753666]"
"[3.7300278499149635, 2.0105197833159414, -0.8120987031006973, 1.2224568274387455, -0.06171340148967932, 2.278016139643319, -1.2437738194411534, 0.49178150460785935]","[-1.4695699734416163, 2.8562206170934528, 0.24731938603357237, 0.5141648990446996, -0.7621229641301972, 1.0210081664536175, -0.18151430369209054, 0.9197474960754906]"
"[2.6600618645966887, 2.8962553076650863, -1.5698945032502791, 0.7252407629461635, 0.8190392519385118, 2.1149353840207206, -0.15603623505529315, 0.13636567143744438]","[1.1282722004976289, 2.6124115909462784, 1.5460149455999252, 0.5272769378145048, -1.3124650510538953, 0.7605243017144588, 0.9175636394318483, 0.780665407678769]"
"[-2.625322721057371, -0.5517155858889765, -0.8204985233885274, 0.794609373876344, 1.5151712551130425, 0.5474761065454394, -2.4445820833109955, 1.304628879067461]","[1.241771277024228, -0.9597474898631723, 0.5919709776241263, 0.2563749297080317, 0.868872245150194, 0.2891827175459661, 0.996918149501423, -0.7120844031082334]"
"[1.544619969310461, -0.319626281171774, -0.628135037273762, 0.10773248104271793, 0.013670136423987568, 0.3234346998724835, -0.16082726080596144, -1.7966703238639772]","[-1.8924227760910788, 0.7876741155603492, -0.08206473789735895, 1.3581627911577232, 1.0482776661731883, -0.6230955984028915, 0.5540129404855934, -0.09554692484871112]"
"[2.3154878116230124, 2.3054715005798503, -1.5419357817856518, 0.3485580637299327, 0.6125036212544483, 0.9748110488663974, -1.9167813070889517, 0.3487505066353487]","[-0.9200182104596613, 2.843452732965816, 0.7927742982370921, 0.0494622586645961, -0.6810312932814752, 1.034994497989923, 0.043505478856455136, 1.2981831078100499]"
"[2.2298511557957674, -0.24600055316595565, -0.48097071459909935, -0.1471082407737882, -1.857493837183875, -1.5820876764809195, -0.40937504480167547, 0.7549635921454759]","[0.7617524407525462, 1.5736434779853319, -0.9091855696625835, 0.39680777399718403, 0.7017512744375243, -0.11086265335731924, 0.4816836716340249, -1.1858662680625394]"
"[3.440481174203842, 2.1057668001111076, -1.5446266309122372, 0.7938316402370446, -0.006998224879852017, 2.801827251339196, -1.7588468092738574, -0.3251927904054426]","[0.35223107261408654, 0.36421561573297107, 0.5109454761269755, 0.21083691171028124, -1.120054403842084, 0.33226417820273374, 0.31314985592494776, 0.26828117638460625]"
"[-1.2174626840764893, -0.07731481464671718, -0.16129080808842083, -0.07349666227042789, -2.465211605096645, -0.10046705079373333, -0.40130497329369286, -1.6781635186324246]","[2.4415781380174146, -0.0932086133145761, -1.40112860856488, 1.7407986003762077, -0.5451448643462014, -0.05697049960272927, -0.03741515770458959, 0.08387924807944212]"
"[-0.09846825830119922, -1.373457923803373, 2.215742128782772, 1.0109922325942104, 1.0262509731539315, 0.06875309181671335, 1.0072095293403927, 0.40474356754696]","[1.1847557062343848, -0.2287626278107185, 0.7187827988070441, 0.7171029158434886, 0.9728213134487407, -0.20804294465677636, -1.4597728241417312, -0.2554148374735734]"
"[2.697750118450628, -2.176776449413146, -1.2024151552285067, 0.9089734555171848, -1.4092138930505604, -0.06463727984511297, 1.8648329315342167, -1.5045471242217126]","[2.1016018226146818, 1.076426768860858, -0.5403219452127694, 1.4681586081869056, 0.1353586147712143, -1.7643969312834762, -0.540752090001956, 0.09303308351948712]"
"[0.28894175753602236, -2.2887224949589213, 0.07581845123560452, 1.1365465287024341, 0.23739446567535155, 0.36583294172316844, 1.6803533111933284, -1.7097458391372478]","[0.5665685773586523, 0.044215909998279054, -0.6476592560989491, 0.38893469972191125, -0.53292421025754, -1.1340568638520396, 0.5868237570131452, 0.3839933358540238]"
"[-1.187388177004204, -0.24204758025899395, 1.6091250244817619, -0.9583272696673886, -1.9164437062864352, 1.0036283301118547, 0.13921840537027447, -2.579892789132407]","[-0.6863207462945368, -0.43952789954939936, -1.5556040210327218, -0.17148090400325117, -0.767382846573374, -0.11561205082767488, -0.1601109887603694, -0.12060431364356108]"
"[-1.2140734511282332, -0.035805072206135415, 0.7085957297737207, 2.1130306165560486, -0.08531521851922808, -0.2886020810121565, 0.03882773839720883, 0.17340136673311507]","[0.13874190220117658, 0.1553637194443468, -0.4348811397935229, -0.6134094478230421, -0.7305398775445423, 0.16151431685952317, -1.167070102267834, -1.1952963480762604]"
"[-1.5283291576480673, -1.8750036815785673, 0.2424910506007181, 0.052838537213826656, -1.0834822580841401, 0.07619166305183517, 0.622882748471, -0.3255570537481861]","[1.6193802213809807, -0.707967315097374, -0.1633605268522363, -1.173084264545559, 0.9565878142375015, 0.8568091392763417, -0.569559926442476, -0.1171182973622845]"
"[-1.8728248566557941, 1.6131931310207386, -0.9828855107689244, -2.60208986508804, -0.6937253980758732, 0.6432217514286775, 0.773197067557003, -0.1804628835948791]","[1.8230875968750853, -0.24332383806921942, -1.5630947537066064, 0.8545264331475309, -0.6858568640246396, -0.6235725041853146, -0.015367145243825434, 0.1969827160787254]"
"[1.5094647989125565, -2.1935421958224057, -0.1863336036382809, -2.6922812974154233, -1.5022780792968955, -0.7487083951561337, -1.3446887066686006, 0.3622110102203563]","[-0.21368365394831657, -0.7285992722091216, 0.94202774715685, 1.9456398963933506, 0.7680400786954263, -0.23005234290799717, 0.811276618218086, -0.7806598528061895]"
"[-1.7835509004403103, 0.20143646550532104, -0.011216824527167808, 0.9910083691204292, -0.5438756088177024, -1.7057327947674337, -2.534640010507589, 1.3502618297604994]","[0.7801539938340424, -1.166283634162992, 0.5645263494957875, -0.9588670583645383, 1.2080512104974208, 0.5425724306794426, -0.04860382096955571, 0.6389021546727058]"
"[0.9163086993481604, 2.1318053236685546, 1.8698155788733595, -0.7533828434735947, 2.0218271950258506, -1.7361925888236647, -0.7739408195541602, -1.8025578878612576]","[1.3829428417017515, 0.37898544475013507, 0.4324902156455055, 0.062428247087960194, -0.4615847858636272, -1.1841827456155156, -1.4516982301764583, 0.1413750064149288]"
"[-2.013938694309875, 0.17054597078090664, -0.6141555102497289, 0.9855474275975707, -0.059578477551431946, -0.3663522432968455, -2.8192632898224685, 1.2839630874723515]","[2.484242981613842, -0.2906388520868, -0.7673430716711178, 0.15271862410497844, 1.2139128511211368, 0.9060316056998269, 0.23850072961816668, 0.16506328423782196]"
"[-0.6544715391464234, 0.4662372736507403, 1.3172756715968486, -1.832145264629128, -1.420508555281144, 1.848479283251236, 1.2929190858889343, -1.7016784864499594]","[0.07509435836008455, 0.02406102010522093, -0.11608002864009136, 0.9701708364949722, 0.2083091204574216, 0.6905956902584099, -0.133135355941865, -0.343194502431764]"
"[-0.18935987041201122, -1.755322323806456, -0.8562189762557559, -0.44248808343661, -1.3509265355252837, -0.2989936582525936, -0.4688230718689546, 1.9350292555494906]","[0.44784102515159807, 0.5024684990906211, -0.6799282445912168, 0.006479703778985305, 1.4397151376008475, 0.7119179272672373, 1.1883395134228254, -1.4620956351546566]"
"[-0.19444474915842394, -0.8668779795424499, 0.6063699201569563, 2.1016625596623837, 0.2921287256467753, -0.727185466829301, 1.2688985010385458, 2.0106536942919035]","[1.5469185156118799, -0.26592315621925344, 0.26752946611972295, -0.26679069471798594, 2.157603407096596, 0.2731936222742763, -0.4185796817493978, 0.192367373965315]"
"[-0.868616785077189, -0.8577455737445563, 1.365545387288228, -0.013508098549610607, 0.16006411743013618, 1.5873856710478074, 0.9349715557394108, -0.06423890710477348]","[0.3005408126064227, -0.5186745565329398, -1.9254144886494304, -0.053047236319398006, -0.45026877473771737, 0.5298720454007926, 0.24215133173204734, 0.08006308857568802]"
"[-0.1980335606861349, -0.6198073500553007, -1.0249376887038044, 0.9306076414744257, -0.41659591243952854, -0.23282326083316346, 1.0932955207386472, -1.6820340587294933]","[-0.7861642418732907, 0.10891085650692436, -0.7809047635845358, 0.09623965161968503, 0.44206032813261686, 0.18535661174185497, -0.14357972431627275, -0.9142795916571611]"
"[2.147330353380034, -3.855903184576204, 1.1747409099238637, -0.3982992468118741, -0.08690051263775624, 1.1556961989186754, 0.18622612483548034, -1.8645428850911328]","[-2.205518362409706, -0.7843671472279818, 0.8909062639574558, 1.110023805168806, -0.714954066245974, -0.2523240415886976, -1.4558261526144742, 0.39168541436780296]"
"[0.31708740058484824, -3.2567833865787077, 0.39868740854386026, 0.8250087916858706, 0.4723951965921335, 0.7107272867635416, 0.09003665174004334, -0.4828412686661022]","[-1.2114266601861363, -1.3452227105592305, 0.33569752829647564, 0.40969511689893534, -0.05933229706041348, 0.6060113468960292, 1.1242043342880321, 0.40375799719889793]"
"[-1.074396251236467, -2.2747019373248887, 1.2104125065178883, 0.7889758079505802, 0.8719109435173644, 0.5498486410988251, 0.07458894487804066, 0.039942033217097356]","[0.14434973311673732, -1.4623486781739146, -0.7058044827384159, -0.14571767792556392, 0.7459519748678435, 0.7014097438001926, -0.06273142886847066, 1.676903635029624]"
"[0.5128791353063196, -3.1054830716146444, 0.5019653548937945, 0.21852564313751088, 1.104967105955693, 0.09012825022113699, 0.11355362767596734, -0.5875255518350906]","[1.1512665481773887, -1.1315863821640053, 1.1884572683612509, 0.9898953431898069, -0.44879625651440547, 0.040603089427122784, 0.9148865435499649, 0.22953064388087546]"
"[1.2562743453778826, 1.41185594196339, 0.04080226816011522, -1.0350296342082188, 0.42677909250980856, -1.581270459455481, -1.6885092067657301, 1.9480159254905005]","[0.5172317017457548, 1.001563731063688, 0.987236548978042, -0.8524440439660167, 0.7466485553269289, 0.1656188863980079, 1.37578320377061, -1.662729763574803]"
"[0.40015523751212745, 0.7434801039786881, -0.33584522230518676, -1.035343770383937, 0.8300010909603962, -1.0620318717426893, -0.6316252802443911, -2.1595716336040933]","[-0.6486426510484979, 0.1068377010128, 0.5406127115239687, -1.4849176879355521, -0.01618370151146561, -0.5702835583237527, 1.408899135887716, -0.025930940823763137]"
"[-2.0616154427645816, 1.7411727393358416, -2.0232407037823426, -1.6202220255757622, 1.0909998412574526, 0.1075890235367457, 1.4052629131988408, 0.3552895319208377]","[-0.07261068466841217, -0.6172615651089481, 0.6275402098433256, -0.7062454355324943, 0.96788758410187, -0.26399230648325683, -0.5342009054977657, -0.33444147675233615]"
"[-0.3256679693761889, -3.376623540970219, -0.49475067637623493, 1.590148745128894, 1.4826098058020913, 0.5358423364503895, 0.459710117995631, -0.22320908953279073]","[-1.9093618965380799, -0.8197911693389079, 0.5196265216781516, -0.32291876976479134, 0.3929890111735608, 0.6145630906155581, 1.1359360812367296, -0.019047285484430885]"
"[0.42851094839625065, -0.5153420940000476, 1.329636952153329, 2.4202324535261086, 0.05012234531027864, -0.6492234183828118, -0.10107816900204626, -0.6975452366154099]","[-0.669663981891053, 0.20551776110761688, -0.5282782431194665, -0.6155128674116509, 1.1496153339199557, 0.7706842724247625, -1.1186892088493727, -1.8385773818060953]"
"[1.0158197538197364, 0.039871248549223755, -2.2640028673466155, -1.2410706932572515, -0.3283231499484981, -0.7142973281171381, 0.5676734278972503, 0.6548491264392861]","[-1.783180168939301, 0.7038195738829289, 0.011851825883826848, 0.793759809076555, 1.0059257149437402, -0.3538624280010344, 0.9147006131435542, -0.5611642055562162]"
"[-0.4768160864337749, 0.7367920526642867, 1.084407608985064, 2.553840862826181, 0.058206368610609724, -1.2227725070480455, -0.17034365348619757, 0.18882039977537604]","[0.7486812974712569, 0.409566160689705, -1.4169138100490084, -0.8936710933860916, 0.5465656038342671, 1.033359206642219, -1.0765503213147718, -1.5779421172135184]"
"[-0.6615513910265867, -0.9690000712035887, 0.7170419831336723, -0.7661040310018721, -0.24930368258106608, 0.22310673226866468, -1.1239866238517415, 2.4175251630768906]","[1.093398716217992, -0.8263788025087115, -0.4742032958007194, 0.4581850546470624, -0.22797199586479094, 0.2212366260721402, 1.023887441798681, -0.43551745978070944]"
"[0.09931635603631296, 1.6016347788889245, -0.43067068948159354, -1.2408955766095193, 0.5817831669203516, -2.233282651696377, -1.4877268286867809, -2.162464309634183]","[-0.24412971969172467, -0.4110057381047672, 1.1945759630052741, -1.2527122956882206, -0.557279259172604, -0.5326360880078143, 1.7131562361143904, 0.26342357358888036]"
"[0.1394533208578038, 0.9094376866695765, 0.15169094612208922, 1.011528761440837, -1.5284519042869884, -2.107490616252653, -1.5041574813339138, 0.12156161344961419]","[-0.11073054466541575, -0.3201156746072035, -0.33644178780929146, -0.4746157261363482, 1.1837916149598142, 1.0004809044389167, -0.6230718368745404, -1.887991049538128]"
"[-2.0374661872499598, 1.105898667202094, -1.2631731118033518, 0.5185164163708932, -1.6033970829954332, 0.2700986994408624, 0.6637047592974088, -0.7118313303160251]","[-1.551577082251807, -0.5363290690756185, -1.2901697240840986, -0.9928963592629452, -0.32858880248981015, 0.2714522825512698, 0.01883636332252593, -0.005611667959399303]"
"[-0.3221517346037472, -1.1378985443662966, 0.8674354772674728, 1.4949715526471241, 1.0803653024172903, -0.5112742374840014, -0.01292729150980734, 1.3754197632709766]","[-1.2867565644011416, 0.2333526260397618, -0.8671267887104563, -0.6936535680355362, 0.940127702246175, 1.350420437903426, 0.4516580018297426, -0.5443572859528654]"
"[-0.6934673430654333, -0.5408892558425102, -0.5206522743518862, 0.7303503271966937, 0.5789569427541018, -0.39631496636309754, -0.42424832201859614, 0.6210029207741846]","[0.4650520287025358, -0.11686004585573725, 0.49100772485946415, -0.5863886047431282, 0.8441434914090468, -0.5915807734380868, -0.2711678514382348, 0.3241307507730999]"
"[-1.6729392728231747, -0.22652065678595237, 1.3099598250977724, -1.2448004025993114, -0.6650449211092865, -0.5154602357747226, 1.2711203384858931, 1.8006529962470759]","[1.3812006218146269, -0.7888733922893285, 0.26719932102952787, -1.4187939999480503, 1.3733005376718288, 0.6248291256389553, 0.4527153213793438, 0.7812376168515333]"
"[-1.2735985857790177, 0.8948420923590327, 1.3104337149292395, -3.354278295043802, -1.5348343725078886, 0.06603686464495823, 1.119515362572814, 0.5225314172369264]","[0.8272753609236861, -0.9200724308031976, -0.10872475232840602, -0.3049922896555274, 0.673065054895829, 0.2783280677881272, -0.13350207851343415, 0.9195323613171362]"
"[-0.8011629682180395, 1.9352132090817784, 1.0532560547385967, -1.2365754036073402, 0.5110744186731093, -0.9902621623131539, 1.222485374898922, -0.6601632362296335]","[0.21051999602501373, -0.8653369281659995, 1.145159213056459, -1.857570700873903, -0.4970922179927852, -0.5452860679907824, 0.9726335468979245, 0.546724423721198]"
"[0.9719147495252621, -0.9149767625922766, -0.19044098990880332, -0.798074940545279, 0.1049304507677614, -0.9927675559161385, -0.7277344845652876, -1.3540288911018952]","[-2.3799018182803016, -0.35801621170201914, 0.21010093334494268, 0.5484488209615145, 0.6657559245500478, -0.5001755035158938, 0.48884263154613555, -0.27777701330105287]"
"[-0.6053287784050865, -0.9421623979157645, 0.23200391423646782, 0.7833937555291003, -2.3300019179989957, 0.9269121294356008, -0.18875759891240176, -2.0457843742539525]","[-0.6333859186288843, -0.6050146279451794, -0.3177869969323353, 0.8113593972412145, 0.26972645948519713, 0.3606243715239607, -0.8496811908965302, 0.39204291014068127]"
"[-0.37152461762598177, 0.2381551749587129, -0.34253188092896847, -0.019996164749912684, 0.3016145550389567, -0.18221298189905766, 0.6260476841702034, -0.8491770605089216]","[-0.4174529090089125, -0.5611061769459533, -1.3388354568984984, 0.23886875477338942, -0.6782511076036994, -0.43521708092293887, 0.35879166714761196, -0.26213966643547515]"
"[-0.3146928872172472, 1.178812132913956, 0.8125649495128295, -1.9014910719033413, 0.26394502202167336, -0.16806827156040396, 1.2884850822476475, -0.29377983865381607]","[0.33767129905211624, -0.9609202430245507, 0.6412068738212369, -1.3233019153381933, -0.7318188971511511, -0.38185078620830754, 1.5178957565866575, 0.4258494622941274]"
"[-0.12052670237443247, 0.6564097632822392, 0.5288924418837808, -0.8852411756402203, -2.8162062222123256, -0.14795281980989228, 0.7417685848550275, 0.04804161373547517]","[-0.1588844169273099, -0.8710380580742553, -0.3389980778357162, 0.3938882394269173, 0.6164067383594283, -0.6561489076238649, 0.9600825255425373, -0.03869408596741263]"
"[-1.1142004503226388, 1.8691564957984776, 0.6747775507941153, 0.019612562949456937, -0.8455887222493401, 0.2121808218448384, 1.806718356253903, -0.22059343229421496]","[1.4418431593506504, -0.5139331702359651, -0.39688591281388397, -1.2562813634390304, -0.3989439949347205, -1.2189550939168536, 0.11127636684933088, 0.5342131584515247]"
"[-0.6637145378311261, 1.5212839747021352, -0.22711838600873996, -2.9703867945777063, -0.16383222665357605, -0.1171020680384362, 1.0352923305133952, -1.378961033798043]","[0.5580574406701718, -0.6344659651299094, -0.1921870416761288, 1.2248013744358746, -1.0734980139290606, -0.7366946947124239, 1.0257681807984604, -1.0533098820622682]"
"[-0.7284033460439049, -1.3649515304935569, 1.5758983500820924, -1.6128526624318806, -0.12210149484954165, 0.72855194824644, 0.6567727453739742, -0.4603118851342981]","[0.37130900316223603, -1.3602926993585103, 1.5614542498713144, -0.19517483958689397, -0.2597988104158488, 0.032231930975889604, -0.8877862211933377, 0.9104851983343085]"
"[0.3235989932468581, 0.38146084395795204, 1.1388158573411684, -1.322407595130195, -1.6507537456807708, -0.22677079389875857, 0.7281222189790071, -1.0540874813057057]","[-1.0903371597479536, 0.0042681229826566055, -0.7474805141787942, 0.899688658331762, -0.5346905509526063, -0.7625483509996254, 0.15306405954726937, -0.421413754116862]"
"[-1.9848949249940624, -1.8882288101502396, -0.21259496215554696, 0.9458197269774131, 0.09532208516503438, -0.013807370291687484, -1.2366590207517636, 0.7149972798887128]","[-0.12324623568090698, -1.7128459471233222, 1.0375181384935441, 0.03927283721230961, -0.007391950014010133, 0.028204043739589773, -1.2231160833640289, 0.6977139441040932]"
"[0.03903673776238825, 0.4825443773789064, -0.2236534947138081, -2.4879777426077423, -1.0188995682987554, -0.6765056876108666, 1.5894452223483582, 0.64237404432789]","[1.085860949122378, -0.6879811388761343, 0.6063447999457492, -0.1923973291008198, -0.8290026938456445, 0.386536412234872, 1.3787177890345566, -0.04176679240337899]"
"[1.142234769526501, -1.0803150221687954, -0.9356619225835865, 2.667819678257718, 0.4746221368013217, -0.4825796920830872, 1.4544266272275466, -2.264682299970512]","[0.3860584559163876, 0.5185512720854834, -1.1388407276752346, -0.42923858234478013, 0.05896075253892643, -0.638291072154092, -0.7320488854632052, -0.1578559078253127]"
"[-0.902259346760907, 0.9559979473315665, 0.3197507706874733, 0.20465379427446198, -0.18374104110413053, -1.2455181845410748, -0.5428547184375095, 0.2540708786081118]","[-0.471928358559084, -0.05289398106863215, -1.113246018658134, -1.2779482327238778, 0.19336290728840375, -0.3489658390687764, 0.6978552160497431, 0.20627964020843084]"
"[-1.788330523858489, 1.4584117231509006, -2.4355122096072424, -3.2521136372986446, 0.36871657726299323, -0.09090401900856337, 1.7310858746836797, 0.421693031284517]","[0.5667797484275633, -0.9070938790362948, 1.8611733047787204, 0.13012125343940217, 0.2081892383036645, -0.21304648459377404, -1.1123727040743163, 0.5455610390933618]"
"[0.5411540456310543, -0.5438975999253909, -1.9158268360191393, 0.8390154083258413, 0.6445775344259508, 0.7261765133815561, 2.6475264702979695, -0.42585934819572846]","[-0.5422505830870046, 1.5010707807897674, -0.5419769552793572, 0.609045772932504, 0.27035364531836975, -0.2715907438949172, -0.13710036491769434, -0.7161537052619545]"
"[-1.8880685849697925, 0.8664322492746483, 0.8280167506304621, 1.4954206280354503, -0.21380379452561155, -2.0768400672979475, -1.8023612205163944, 1.7145924158140535]","[2.6301921059987183, -0.5820713162330361, 0.40305494895740956, -0.9751843241459502, 0.9335175893226962, 0.770299420078246, -1.094928813883743, -1.1255599167397001]"
"[-2.3059613710685167, 1.4189858181683646, -0.9004601675803386, 0.7525800424401612, -3.704352630259984, -0.7902565797358191, 0.1028861800273903, -1.4646878064279834]","[-0.3404079809488798, -0.5734692024906614, -2.1562123039592334, -1.1673794779273374, -0.7576572277529143, -0.8090550678553576, 0.19906468664957208, 0.0628026049938592]"
"[2.6996299120612957, -1.9819022903969772, -1.4942808243284598, -0.9863120058022548, -1.6451487295038552, 0.16927219699737378, 0.2320746031382293, 0.08939758740651627]","[-0.33743971084277247, 0.15801223172479306, 0.06591907567220198, 1.5355499056786117, 0.2263400003679472, -0.2084375907972603, -0.13173723906104964, -0.42845151676399124]"
"[-0.34573622459753034, 1.6914976420572883, 0.48410489847629795, 0.7270109324737681, 0.8630770034964865, 1.6345841643343038, -1.2852135327773728, 1.0973403652350529]","[-0.2727247825672261, 0.8273101423325219, 0.14790674257169878, -1.154037610567701, -0.7991690998206595, 0.9235739577773259, -0.02082222677479861, -1.024489354293345]"
"[-1.8102950736262038, 0.7296853967482624, 0.29458758155530756, 2.3441452572707995, -3.273078511818215, -0.6801830712153198, -0.6579525920519191, -1.7926931754333382]","[-1.289109689816003, -0.5671808501159058, -1.3852075922668454, -1.1168839650375935, -0.8922057345590801, -0.8343267571921545, 0.20829491515218326, 0.3961527782245936]"
"[1.691500726597623, -0.4495917134356116, -0.9449785929215033, 0.6202322107873856, -0.14216810165622118, -2.0670409781970274, -1.0763146269780859, -1.092116769788786]","[-2.299850890249347, 0.34921138848423255, 0.21104243425708233, -0.3959962123448635, 1.0974676064687987, -1.0767533859906642, -0.43457892105285256, -0.2689600426729144]"
"[0.8597496649424914, -0.9190316288406982, 0.39833550076614455, 3.1014795635010275, 0.7354465786997054, -0.8137239024387771, 1.2145391867962774, -1.6886508886552685]","[-0.4486748939564484, 0.5790556679885217, -1.1850284293658766, -0.41375932406516597, 0.06587441557478688, -0.5636652453714263, -0.8773124763431391, -0.511245169668495]"
"[-0.05946349267084245, 2.240986913633327, 1.1076322072657534, -0.9418097600961558, -1.9369321795145473, 0.20969639072225257, 1.2173845135951027, 0.8879491460011448]","[0.9955035680238633, 0.5383917312370904, -0.4749092457945264, -0.07455461498500426, -0.1161617267797617, -0.8714341360594771, 0.1806442602138919, -0.3820948838159234]"
"[0.10928610927018302, -0.5846153207632968, 1.1873727558926999, -0.9012697887259086, -1.6711798515936083, 0.5581270572051725, -0.5814822695077801, 0.8479952426719366]","[0.5465175542400195, -0.8904499909117191, -0.9583850116864694, 1.0862255153238625, -1.1342267178215009, 0.22727818773679778, -0.21261417611586392, -0.23179980096169434]"
"[0.23925060758651825, 0.6191414449581538, 2.4614686978481233, 2.110067609661008, 0.030699602136513935, -1.0396444393885806, 0.6298713723105671, 0.7724572897693849]","[-0.35095769320220827, 0.7559615692379509, -0.4154874301474893, -1.1780335305302445, 0.2855954463958132, 0.958205955084919, -0.006630422309703357, -1.4295487161137865]"
"[-0.40653367378988636, -1.0988719384267407, 0.9674470862637286, 1.6057902296453956, 1.4273441648319813, -0.3423125213491077, -1.189761274866251, 0.5660849047635523]","[-1.9888294648646079, -0.41647376832257177, -1.147223252461812, -0.8389809629125966, 0.8513791471022235, 0.4040054736185907, -0.01604144788001026, 0.3806738087414212]"
"[-1.2405882019026138, 0.8330064002444973, -0.8836997096255317, -0.8716785373559134, -0.19920762198565464, 0.3396654995233458, 1.5491040140860726, -0.2736532959191048]","[2.0021806494608936, -0.8508161736514631, 0.15678294837089055, 0.4736428277887478, 0.38338547643432797, 0.2753358460393329, -0.6370326954662678, 0.6173674047509481]"
"[2.723478669117249, 0.8281681650965336, -1.3697182321451096, -0.2177741235971396, -1.320629212169643, -1.490035640076074, 0.10159532348607622, 0.8739058109254058]","[-3.2628802903008896, 0.8553948781079994, -0.32112305008899583, -0.41496753715707624, -0.39369601466981446, -0.41768461895620673, 1.0928423872516422, -0.0007359573089477116]"
"[3.5521994730069144, -0.0420312657559283, -1.1990214300025106, 0.33166189813220476, 0.8293099628445133, -1.379000546603645, 0.42732016082781316, 0.9966902968955447]","[-0.06389597784588572, 1.9039330713483473, -0.17444851687871601, 1.4581652022802445, 1.2503931836562079, -0.9052421618094121, 0.8407569248288536, 0.14326178060469555]"
"[-0.24919222146940084, -0.4343953065139218, 0.8428905702247653, -1.5594190902514036, 1.5158082674990927, -0.14297519871660228, 0.9746895477517092, -1.7842823082204033]","[-0.8265245425109948, -0.9831129471778041, 2.7648239311537925, -1.1127404734218769, -0.5632417329602432, -0.4810071018106828, -0.23402567271522, 0.2621282164763558]"
"[-1.295229565515341, 1.157580827193791, 1.3178058808479847, -0.9366341726717119, -1.0775375498704178, 0.9985083353620638, -1.238419177914154, 0.8932469532714659]","[-0.483481537834766, -0.38010491648256756, -1.4089078010899307, -0.5755671869196991, -0.6970206658207901, 0.36078853708781466, 0.07480679813242859, -0.24334618587884346]"
"[-1.3148205411601526, 0.9291208233212365, 0.5636840190492508, -0.8197577200171322, -1.638768874881438, 1.4957639996148056, -0.9920343536060232, 0.6845139892278569]","[0.7993808244724026, -0.20516071566880134, -1.4146943968933874, 0.09100509953371831, -0.5001495985188761, 0.2673514684484798, 0.01660933285999434, -0.28844199838640405]"
"[-0.042837046226760496, 1.0824209611975666, -3.427170218015551, 0.20499157298937196, -0.063647064983931, 3.9467499666940284, 0.2644009922923679, 0.5048660864358847]","[0.956154191090036, 1.0740682660070306, -0.29833036377650946, 0.4891916194817416, -1.290715706138643, 1.5994893765803522, 0.5891066694384461, 0.13926200894481414]"
"[-0.7668362557002557, -0.8525907413807928, 1.2876511646374218, 1.1248401541937272, -0.42710318736311215, 1.08407436919404, -0.41153728683895624, -0.30549987681218316]","[-0.58542276024185, -0.8131232942466964, -1.675851344301939, -0.9521205606869254, -0.052989315470571924, 0.5831860574320322, 0.17390125410088453, 0.4973606515367189]"
"[0.0158506324144944, -1.3368046196561703, 2.7785959366586597, -3.848293009906293, 0.39457405731464745, 1.3217158932109019, 0.10184934234927236, 1.9721268814036825]","[1.3988729033722, -1.2234299059585019, 0.733709433381401, 0.7710496574674238, 0.0718223635009876, 0.5987198565162877, 0.29654458373143816, 0.40647885119888083]"
"[1.4245890605455842, -0.864974309818432, 2.3106321412268978, 1.2959289012499842, 0.8439046136104923, -1.1729785955110128, 1.819336928401992, 1.6630015293527924]","[-1.069692127925748, 0.09490600230642413, -0.6243519419610385, 0.24002309060821514, 1.6089184859726484, 0.7585695486287093, -0.11064402028452915, -0.18654359928491457]"
"[-0.0031117783705965764, -0.6433314086534818, 2.1835989130719176, -1.5318320956351408, 0.7973318337387374, -0.4920206043623088, -0.5147693624727041, -0.01968858297767122]","[0.3466395517469244, -1.1015910475885826, 0.2406323359584248, 0.4491814340782369, 0.3918945444987937, 0.2619464863201602, 1.0194419507423398, -0.13002917391593563]"
"[0.19581871356608238, 1.130050299639748, 0.4091185646773056, 0.7189538013699345, 0.5382798777565204, -1.096421162470783, -0.38954019671456364, 0.1347861712388169]","[0.6223158180848535, 0.3325517048143078, 1.2980028344093777, -0.5522980710479872, -0.20861768780238882, -1.346952693561338, 0.6734873838655456, -0.24328861608227562]"
"[0.544408808703773, -1.5848204169849731, -0.5323036885329525, -2.5338575853136285, -0.9235372027916527, -0.45941445284603494, -1.4683763848008096, 0.43499000783251035]","[0.331908551101996, -0.7846345858683882, 0.7801147658508802, 2.0250154043843347, -0.11795632396008017, -0.3173026040979289, 0.7300947088312693, -1.186585962966149]"
"[0.02612207048917494, -2.010191918441734, 1.189898054309014, -2.350356416512029, 0.9718755682536497, -0.31575939152345545, -1.807895493877116, 0.022036408933802674]","[-0.18724047443875838, -1.857223940786491, 1.8626493189751074, 1.6739311415247473, -0.18130128742996807, 0.4259036047202711, 0.7167276189800557, -0.08226497369934643]"
"[2.621714109730177, -2.402573576117141, -1.4203135509280147, 0.1601500703134522, -2.6021939077540486, 0.6260970721031691, 0.7269571519086487, -0.6056002723536549]","[1.745187754273806, 0.5800705385759187, -0.9825409338018561, 1.707036966050691, 0.04933222787549691, -0.6977333109554485, 0.2294552734254858, -0.7980267960114533]"
"[-0.7570669616461518, -0.9191270151961048, 1.3620111642273771, -0.8230303749244657, 0.9938267464951035, -0.35556022636329543, 0.6607698029749404, 3.2711401369980386]","[-0.8829486741376545, -1.2859236524984259, -0.22321155027557288, 0.773196416700569, 0.9890620180081812, 1.153319673213831, 0.12654342290747647, 0.6749812419703292]"
"[-0.8763546300023112, 3.734257375973899, 1.923968499337613, -1.937854860502207, 0.120710016710094, 0.20273856758835113, 0.1705978494595333, -1.507874844020344]","[0.9650172879211638, -0.018124721284451265, 1.3574617699756675, -1.1705321289600656, -1.0470081589646643, -0.473974111198935, -0.2767462540252296, -0.015607806025628402]"
"[-1.8189237996630199, -0.16403425002655395, -1.7233260175525613, 0.16628664575385907, 0.7226610486435779, 0.9825481156104382, -0.38227833965843633, 0.4822015809004671]","[-1.3116011528170621, -1.3014114952315663, -0.028656273816336522, 0.24572695307418463, 0.15526144912786627, 0.7182851137072002, -0.09942253072414392, -0.05090707865351926]"
"[-0.633011354267079, -0.724431136330971, 1.7063002189632788, -0.40923746274059997, -0.07627588569444764, 0.7123102293042035, -1.2099899189078978, 0.7820770253545183]","[0.35508465261179306, 0.08395716003199265, -1.3912743945864112, -0.7618171587824799, 0.04209360810682047, 1.0326218346610876, 0.36623865691276, -0.4447902678970898]"
"[-0.09666517386174801, 1.767724777783645, 1.0343848760542351, -0.8233246707195884, 1.7041082340164788, -1.316931097358211, -2.9980022023952184, 0.25891131483092267]","[0.7570303781362542, 0.8718100364428516, 1.40371102870105, -1.7041210964745597, 0.6678336755912244, 0.06052910306361131, 1.2639823945385924, 0.2676865010974892]"
"[1.5148374838916354, 0.8598463306979953, 1.034375677339004, 0.4236050400989358, 0.08904244364615778, -1.9560645839823585, 0.136629348329409, -1.3878511713706585]","[-1.474607289456479, 0.667010647938249, -0.2523013696748334, 0.4885851379887221, 0.9741574862615657, -0.283529052008795, 0.04299833005979419, 1.15598205231876]"
"[-2.3515348724514946, 0.027082700186057632, -0.9377904380816933, -2.9784150882222113, 0.09332794512585595, 0.4150559566906959, 0.9545126825634745, -1.3733540758231635]","[0.8145472353500429, -1.230850979244757, 0.44822931066508476, 0.6200664129199418, -0.977454453187168, 0.06690128562037372, -0.9163875784493928, 0.6046187969643697]"
"[1.7168372755374346, 0.19636541351096837, 1.7781213397370268, 0.6022649387076962, -1.5934697558611273, -0.0024418599580837024, 0.9894577948714804, -0.9188116240885856]","[-0.45925340708207096, 0.5201324898384793, -1.2132830375675194, 0.005479825617276088, -1.0880039493380471, -0.450884150532003, -0.08526041882899844, -0.023584557759420244]"
"[1.5395418786407415, -2.529675567647936, -0.3870795123558905, -0.9633815001613375, -1.2216463565472018, -0.2246432549247623, 0.1346290599335023, -0.8344836429514862]","[-1.6576064870106537, -0.23680525382726356, 0.9506170992706207, 1.4628535447892115, 0.18008275518449934, -0.20545450485720104, -0.7317244644499774, -0.4225474611062251]"
"[2.781261624094133, 0.34433746469898113, 0.23195021505548874, 1.1657597446774721, 0.764321818584038, -2.0539335722346537, 0.4557609778568537, -0.6745603069691247]","[-0.8201676349037578, 1.1850973693002977, 0.20566589216372808, -0.22826111915399983, 0.5542398069520724, -1.5302284054801716, -0.8649785197609576, 0.5967836461441203]"
"[1.8412184957247761, 1.3765742046274816, -1.3700718220627945, -1.0306959460352916, -0.9645289481256062, 3.1207737721612507, -0.35501616621257137, 0.5278140449716674]","[-0.030588077184754613, 1.1939633897245, 0.49931313391295884, 0.930569341979558, -0.9500618960289409, 0.5891332452867221, 0.13761598613400786, 0.06937184959539183]"
"[2.8122558586657687, 0.20553891965583423, -1.154898409394258, 0.9762814054537271, 0.9030606422651812, -2.019348772256921, 1.0804607007430218, -1.5562051324206327]","[0.6294621248341611, 1.952454871235819, -0.4911123948801694, 0.8607881903065305, 0.3363498737265619, -2.151328954078922, 0.42637348438408873, 0.2561701314511277]"
"[0.48907254227122615, 0.007661223439208524, -0.7459250270352579, -1.2480731658289814, -1.80394577200019, -0.05572938016862858, 0.5245396823142594, -0.8573347250480676]","[-1.0912869285610143, -0.3327242982132013, 0.02858402074097515, 0.9767860715389833, -0.2988442554563143, -0.3560006777137363, -0.6799804685534253, -0.13617216059299075]"
"[-0.15555645827717746, -0.8839195929585463, -0.7976359777282258, -0.2641752103400107, -0.4336656886662486, -0.3319498504793923, -2.113265455087447, -1.1084843314810355]","[-1.5328311822985896, -1.1391498023373599, 0.590446326248839, 0.265007328557207, -1.220895956337983, -0.12105102151542826, -1.0776840941535246, -0.0650759592429115]"
"[1.6270368631559773, -1.663321363318363, 0.22034557120355025, -0.9012965774802995, -0.40655173522099447, -1.0423436857102069, -0.36228095079212874, 3.323860116796431]","[-0.41843718394998597, -0.3191954767158794, 2.3611453791946087, 0.2435208559611144, 0.45625391632864504, -0.42670833842785577, -1.022161434865246, -0.610158685288957]"
"[-2.006427651388999, 0.47741972284454115, 0.8091137678206519, 2.2185836071100367, -2.4278290095676245, 0.5420200335114304, 0.9479012414351958, 0.4468438095520355]","[0.8262780779041173, -0.5292922508784592, -1.3335034974820699, 0.24273396665956207, -0.7691009953312495, 0.002386411650618856, -0.5659615333201432, 0.11031213254538849]"
"[-0.9800690331816589, 1.630570258018778, 0.9477139790086064, -0.3941576188360927, 1.1499895603540369, -0.3808635787375294, -3.224536525360248, 1.8954176716178173]","[-1.636591864633179, -0.06649177697823866, 2.0664687922391978, -2.0545806819919097, 1.3333652035512453, 0.5468464446103122, 1.0244760585714472, -0.3730938022727435]"
"[-0.41308803875322997, 1.0536578937653056, -0.28286412614284273, 0.7582568798884437, 1.7989316618988063, -1.2263670885474305, -1.2492079528706475, 1.3220316727227368]","[2.0007357357075586, 0.8253309556564127, 0.38811718585177424, 0.21349832569676536, 0.7762009368950203, -0.19809962803068237, 0.11325769218207135, 1.2353271372344143]"
"[-1.2561507385516861, -0.7900652152817287, 1.951331342349056, 0.9951351993441183, 1.893713620976235, 0.5373573639720318, -0.39598420154440106, 3.6384870519331614]","[1.2354272571095113, -0.8171723706400061, -0.40351330593681495, -0.19938847261206064, 1.217186636098387, 0.8383538653069975, -0.1765142710270042, -0.0061536087342599155]"
"[-2.2717703371251408, 2.327979563173304, -2.0991648381827233, -1.3061001067570062, 0.6978218373066234, 0.06705683333639195, 1.2522855583864658, 0.25691303385373887]","[-0.060753054310579126, 0.2051005777119365, -0.7753413229345062, -0.13450139911564088, -0.8764692966523855, -0.7873091785309252, -0.15416954625698026, 0.7758822417285286]"
"[-0.46434821563438605, -2.0834000755940103, 0.4339941523122845, -2.4731642787205557, 1.9665352493237254, 1.1791041696280715, 0.38049683776265775, 0.46900183229163317]","[1.8455931651103357, -0.8535056287890022, 0.7016856415333066, 1.557343915027329, 0.33418791726163233, 0.5841856815817671, 1.4186137687447529, -0.13526637606137873]"
"[2.591372613545029, 0.49635749393433043, -1.4861686784210153, -0.17394090978447904, -0.5344817866714608, -2.0252485196081795, -0.9132935895067607, -0.658380915695638]","[-3.0091722489817414, -0.1568124017332642, 1.0616438577210348, 0.45334276393892625, 0.21688966087944453, -1.234510682601703, -0.6876493215635412, 0.16609231206241853]"
