image_embedding,caption_embedding
"[-0.20716766792432134, -3.063261223030438, 2.7042488938167386, -0.82443477646506, -0.5600855243573795, -0.03206744423230488, 0.2460265274641005, 0.5595469621093772, -2.165044511697039, -0.512570639728389, 0.5375291644801189, -0.5268583105762598, -0.1747665824818097, 1.4849328277939249, -0.2779385346436634, -0.9367634012430743, -1.0425501133963615, 0.4785398263845786, -0.5462326014358666, -0.1625930827726501, -0.14110375048974513, 0.17204218129283955, 0.15480519216360894, 0.07186975943471466, -0.8747456414468276, -0.36761792060240683, -0.5354238257298345, 1.0752837576906957, 0.42076992211198466, 0.5133020697484985, -0.620171124590809, 0.25235643745510106, 0.25445929655496985, 0.4824874021249223, 0.08776520125395325, 1.4057585294693766, 0.6199486092398468, 0.4034265046282041, -0.13303281438910777, -0.03136560175039312]","[-2.499561397340456, 0.07513064956890732, -1.7431934319446332, -0.6400170112262245, -0.8907665681815717, 0.6888850572474994, 0.2972629531639003, -1.2233081307867253, -1.2426736168673775, -0.5742401934899913, -0.02681380168951151, -0.11584968033192887, 0.9047869065352669, -0.7989566143630957, -0.25976486596591747, 0.2207544425992097, 0.7655343227682838, 1.4829269725056275, 0.5580788453661382, -0.31533008518122324, -0.1410020514941754, -0.5049016298681251, -0.42475521916513315, 0.11213915228844541, 0.3127046155380941, 1.4614957834363624, 0.2320474464218253, -0.529247736622013, -0.23678420651909732, -0.15680878379998792, 0.07183251725111449, -0.6039658179102905, 0.5075572639580929, 0.4648443269387925, 0.1498136456430991, -0.38233066702398744, 0.2236204561407038, -0.9210134878146691, 0.7073393642964267, 0.16941885484935557]"
"[1.5052851738937907, 1.2004748631760593, -0.3626193366593191, -0.05066892644874506, 1.6951417961861985, 2.7864880373737173, 1.6350517263193056, 0.5518607654182031, -0.2323640604706632, -0.6479501215409983, 0.11037765351795692, 0.8602143802369483, 0.16703334381082427, -1.017523863281539, -2.1938221910057187, 0.7382808102238045, -0.8008761075883234, -0.32783797027492195, 0.6146156415262383, -0.8056992631691849, -1.067796780107732, -0.45743177948649977, 1.4779528295074733, 0.5430481769324573, -0.7829619412943363, -0.044073916903637274, -0.22509359782589627, 0.080476914975789, -0.17137138547580774, -0.6775349824911023, -0.5080253449917767, 0.8200000469080333, -0.07419765711321782, 0.9954018798155535, -0.9393225204078031, 0.22794379722626293, 0.5669607773862149, -0.6097365968274211, 0.08398087351059809, -0.9614828041004678]","[-0.95559583335655, -1.1391729726001256, -0.06865373431710084, 1.1492847830872142, 1.4399388655961158, 0.8797748987362085, 0.4071300548013435, -0.4802811121275312, -1.3445097713174328, -0.5482794438697922, 1.0079850688735041, 0.4297462710207635, -1.6268343249785853, -0.3129320004671771, 0.5567177730148972, -0.09236972797182977, -0.08328695569453831, -0.8474980718733098, -0.4958677511605387, 0.02930795416528679, 0.21811586350468337, 0.5167509111751953, -0.3078101867966339, -0.02680154959977005, 0.3156679883772477, -0.2474386969312973, -0.5603370655163802, -0.14823947219800715, -0.7123618919145146, -0.2027424875160724, 0.40888298535405565, -0.42907390991874933, -0.09208866783665061, 0.12333734003861206, -0.19404754859868573, -0.4519876812954305, -0.08561812612714945, 1.0524353171515013, -0.5148185250797568, -0.05260170417523934]"
"[0.2802159400960633, -1.8318525640274699, 3.217903056163111, -0.5976800999649224, -1.270635221033853, 1.074624763266018, 0.1485032280054642, -0.3708396282813371, -2.0346653483356323, -0.7425396292106696, 1.3962273720929028, 0.766125226827562, -0.39632547474246166, -0.4535336168810624, 0.06692076212265619, -1.1383518598705535, 0.9607124058920118, 0.18868769970996851, 0.5125037065036271, 0.6360418957044265, -1.064482058767121, 1.0178333850399324, 0.25455509275957344, 0.8478710105004249, 0.5355951930050449, 0.2618676168925434, 0.7785358188413173, -0.19320550063091724, -0.7180447059218606, -0.4645348592663785, -0.005655392383503995, -0.8366427104080623, 0.19477344237988198, -0.20225679382396938, 0.003629442182482344, -0.5080797662774622, -0.0393224544676345, 0.9320942225369551, -0.4377460335549985, 1.0880340530560038]","[-1.9408619306008994, -0.6630843665301005, -0.28242673347196257, -0.3378530251079991, 0.22263615247926657, -0.1927472220959272, 0.5938335879123483, -1.0370202013747918, -0.7515571594273488, -0.30231483129213754, -1.0676788499198504, -0.15109074789045931, -0.19814372791255822, -0.5306788000849845, -0.8866041107211547, -0.46665100252178066, -0.8118970998468501, -0.10999865880077475, -0.24605567980129997, 0.4171418515688979, -0.31767034888531115, -0.28846944416587983, 0.29343717070008646, 0.3580752732441772, 0.23231374552712863, -1.0447065950865242, 0.08916101234976252, -0.28707364221118675, 0.5628825371989163, -0.48103060133251285, 0.3849481767946552, 0.8358001704053059, 0.2512599962340597, -0.17434628097796084, -0.42830719470822126, 0.5772596982709634, -0.5962707317459122, 0.13284334682907742, -0.9579596682620843, -0.3165501329683102]"
"[-0.15251861665368516, -2.28407224875672, 0.26749601882696455, -2.290859148658073, -0.8500368930922035, -0.33538292639530526, 1.4570769243074173, -1.0288709516167798, 0.4301990095635094, 0.0019017791784297167, -0.22037547932285537, -1.29663635535153, -0.7126370196738635, 1.20217399092604, 0.474895652972174, 0.3009090453841236, -0.3545828823694437, 0.7466248121499697, 0.09914564897658118, -1.6261397668436297, -0.44555957164453275, -0.0297891336540104, -0.1306172351975937, -0.7083686148933055, 1.49876699936412, -0.9207850317094775, 0.25313499446332016, -0.4795076276401532, 0.4052670361694775, -0.2623416322293635, -0.33995686965429633, 0.6558799189999468, -0.5830252491452066, 0.616764470904193, -0.869379407336738, -0.6385695259041025, -0.8114269709721269, 0.31186342995311206, -1.1810400479630259, 0.7441403571459573]","[-1.7456331791120636, -0.6971085184312054, -0.6558163132070147, 0.31854019705743924, -0.7709959378984594, -0.19529916815332277, 1.054734988612961, -0.9683135960731062, 0.9444455857176315, 0.36893950520501284, -0.6395674688085029, 0.38406974966770874, 0.5146765785635844, -0.2958582734333315, 0.5959103761186809, -0.026232532800669967, 0.26325536317969095, -0.49896278865851723, 1.1282524413298576, 0.13200756248928702, -0.4088066953841143, 0.21833550006783414, 0.09048528821047422, -0.023520063019861478, -1.4712426659907456, -0.2909684728024807, 0.3077405951222008, 0.4659724913312386, 0.858769234961456, 0.15591245798865458, -0.6279062673246382, -0.5278774403048535, 0.34866921169965, -0.46297419386612043, -0.05424281915610127, -0.3900906164169593, -0.22591404884598293, -0.41079301042983024, -0.13974889641552576, -0.7113886822081212]"
"[2.722180923418206, -0.823323487085304, 3.8419152992505627, -0.005692158256719637, -1.3899398686006599, -0.10041546170289187, 0.8044079584430365, -1.659325187187663, 0.5572554701508572, 1.941600677009165, 0.6226426546115422, 0.008736042550397815, -0.781389997119355, 0.22651056691530075, 1.304387257690127, 0.252193381849111, 0.6254915850747079, -0.16730860053530158, 0.5594016224680529, 0.27390536761533113, -0.6693144241447614, 0.2508033422610094, 0.7246201625716369, 0.5152736905237125, 0.7470381295704343, -0.1202459564072642, 0.3640503938146869, -0.6787046483582517, 0.13999471379047673, 0.7304509911857273, 0.2840048871403848, -1.2425223393009377, -0.1356659411315052, -0.423463649294929, 0.17526606937212091, 0.1623840164487167, 0.4551288005410325, 0.41093451899616645, 0.49107679917424624, -0.46502867455456753]","[1.4434824630545613, 0.8103282609378697, 1.2633499683736722, 0.7072090678768668, -0.008340617539484809, 0.963968813990189, -0.2235678354876244, -1.1360274404375243, -0.11286784166194556, 1.5965629792383969, -0.4495536232590365, 0.19185293956997593, -0.48386432832517207, -0.21529371744424214, -0.07660199252569207, -0.40411234913435135, -0.8551339241512999, 0.25412081565164646, -0.3333477282818445, -0.19159208906494804, -0.19902744540440695, -0.11020957006382848, 0.4888820438977682, 0.073364473952113, 0.9726760437229488, -0.3308248930317994, -0.04051655105709734, 0.27506385750685425, 0.7317627519456139, 0.25299604966330874, 0.5130476441711996, -0.2518571123638084, 0.6486539930539401, 0.2712693703106639, -0.27948202573937225, 0.09985846684508826, -0.119180384973383, -0.12107769411976718, -0.2326557536309818, -0.16942955297013487]"
"[1.9944370660369166, 0.3084609265889961, 1.631823387049691, 0.4406871262337658, 1.9816022827680002, 0.08555944156184558, 1.0801068206636977, 0.0798008577329715, -0.3344691443133648, -0.30297130309613485, 0.613882500061644, -0.02711362471410147, 0.09879763306294144, -0.8700454064210673, -0.6745372675745696, -0.31255803871928034, 1.4111887268216539, -0.7410779725117547, -0.589264109267262, -0.045786858012432353, 0.34244778199758047, -0.4243507133724474, 1.2529489947727732, -0.788606361728919, -0.11575156546024992, 0.6312395110420514, 1.4354899880251906, -0.6962496683076274, 0.3734724264204058, 0.08074112047437508, -1.6516541804198583, -0.2511437267263352, -0.23514756434462084, 0.17302071476416786, -0.32666897431790626, -0.09813123078811184, -1.5179513044132733, 0.8464047045499148, 0.5578738929479308, 0.1649507804870446]","[1.0902701029045758, -0.32760998109226247, 1.469762579095373, 0.7631931615820063, 2.0381076187558493, 1.2825905991799318, 0.327810790102856, -1.0380680883303282, 0.06492012053602356, -1.1390719223367973, 0.691107484112025, -0.9211623909598461, 1.2716334590459062, 0.10243592772278588, 0.29480224013352313, -0.009743265901893968, 0.4772539169841487, 0.02721071199532021, -0.3840943008778772, 0.06140218910042541, -0.5552599962111359, 0.3228801761594146, -0.22957881239568612, -0.1842955621120019, -0.13863865429808203, -0.18578158320767782, 0.8158415904273401, -1.1278227549427013, -0.33164712787248457, -0.1945358829632536, 0.5466954215345149, 0.137768395751472, -0.07389656612576335, 0.47942107370898723, 0.3179501764220799, 0.2718072297029886, 0.09552938869967852, -0.04103135797010314, 0.3814517481966666, -0.032608476020093966]"
"[-2.2621019363534303, -1.141524812223342, -3.160795694016699, -1.1664142051450845, -1.2586918963954816, -0.3352370930009195, 0.015445805565122329, -1.7210774656432692, -2.520003972371421, -1.1971204563338123, 0.7076367415734861, -1.8939572814828425, -1.0838932965129948, -0.5678361382554018, -0.5100258103451264, 1.6948728912623763, -0.6167119606003981, -0.21696175645265053, -0.518295452598335, 0.11673551789432005, 0.09818888552806114, 0.5034548516760327, 0.6277752346599971, 0.027515082016473916, 0.1101870271615708, 0.0985378784380017, -0.2001767841982717, -0.32371418215912734, 0.1947445603001643, 0.5049630892819469, 0.2811537570139837, -0.8939287653944492, 0.07746427195657311, -1.273229235127782, 0.7764105764553207, 1.0347659493695287, 0.14976079303427284, -0.30394844143406985, -0.5509200414448792, 0.1483588713607922]","[1.8843439573879697, -3.197792646814987, -0.08324385754537901, -0.05704648536252069, -0.2385452034945993, -0.15805174627692545, -0.647718357986035, 0.3117719347173455, 0.16641795126653466, -0.30413233418110563, 0.5330278372770638, -0.44151139057013683, -0.15344631795153918, -0.29698196326952164, 0.4452465772171475, 0.2933825628796306, -0.43604502455049, -0.1429684783934106, 1.4046698522717627, 0.25655934841579603, 0.024170156723737724, -0.03059904018179583, 0.5908215389724075, 0.2352371841577946, 0.18543831243860837, 0.9629141865869862, -0.38972093700881466, 0.09476970901319978, -0.5005100315173001, 0.14739954971104408, -0.6169449472823254, -0.1351058246807322, -0.1796488264833439, 0.1435321581720284, -0.35853915319905005, -0.7341552413344051, 0.3958465507500374, -0.7809628529081787, -0.962676282299927, 0.9619733834223123]"
"[0.8846654077822009, -3.8031493457544063, 1.9979259891941452, 1.127822832147174, 1.3445802002111897, -2.361212813600684, -0.806138799719718, -0.35443380487301984, -0.05234074525535361, -1.9118797827433751, 0.5704493513132597, 0.22647151701036253, 0.01766048611714295, -0.23330449663750094, -1.2212008709309017, -1.296469631292298, 1.1830007103140436, -0.12447110840977965, 0.9019166079307638, 0.7457736993944145, 0.5016422640751915, 0.8434506494250466, 0.4944177318493485, -1.3822938623720422, 0.17097240686210968, -0.39099300855114166, -0.39361286329217055, -0.540004674907852, -0.8485583088504475, -1.2201759997921593, 0.44392382341235037, 1.210414286117128, -0.9235380582455219, 0.20407009875995272, -0.18292406905627023, -0.36404614579318934, -1.6601688264695806, -1.8064700702224377, 0.3719873218364348, 0.10148021408909799]","[2.290657702108716, 0.6644843925624422, 0.4784834683820568, -0.6670006113141431, -1.3727178960625288, 0.2765834415687066, -0.051000081347765805, 0.4594239556284552, -0.4418479416968196, -0.20052043231501532, -0.471281581641978, 0.40432790894416415, 0.3595228381756412, 0.257801535957149, -0.20791039754910567, 0.12604462166856567, 0.7725924691896725, -0.2540923715462565, -0.3951772375704063, 0.33175861569206394, 0.20547839508748786, -0.118176523356382, -0.5609010109269238, -0.4840489299552618, -0.03816838120020251, 0.20994750418856808, -0.15247434883816732, 0.4462773978641521, 0.12537343568264284, -0.30997018621184896, -0.013336129025981623, 0.36099537535700954, -0.2781511852323266, -0.521432591723087, 0.3459535664171152, -0.1896961272691409, -0.6401845836708168, 0.11135846504857122, -0.11361099550036267, -0.49461391480347044]"
"[-1.3556789386861237, -0.5167714084053209, 2.1139286485405457, 1.6657721786601178, 1.1579252073708568, -0.04442678747691345, -0.09040851537313527, 1.1497609829550786, -0.27512934059480965, 0.11993665992997074, -0.4932071090551808, 0.8110276659042998, -0.6921451036439776, 0.040694866940886525, -1.0027533253977292, -0.40355447173644826, 0.19001482077333182, -0.48367097320368085, 0.5346792872626416, 1.6070618351520076, 1.5328660175209903, 0.483962299439456, -1.310143124036557, -0.10738831748913509, -0.018785570936910453, -0.3420858666269715, -0.8318361476194481, 1.0847722989895128, 1.3119910363395615, -0.059668483165004324, 0.6930791814578784, 0.691098209218871, 0.9966493841717972, 0.15006317892533796, -0.27102849963269454, 0.6694040835468891, -0.09008355319371567, -0.49659639842854486, -0.45909109171008183, 0.17532878822713335]","[-2.3318174493746278, -0.4445735935626734, -0.3721561877625533, -0.5940057629511365, -0.5583510994592633, 0.40808419380925165, -0.20027962475268984, 0.32246929891147064, -0.3606931031993151, -1.158839275866056, 1.175274712523533, -0.6393487653468313, 0.7308216622298225, -0.3878084613335547, -0.5199398351136966, -0.9680855251382302, 1.2889102402087673, -0.41924463783322413, -0.11034585936446499, -1.4118279490448387, 0.39687064618456835, -0.7089663585000984, 0.5201209141967436, -0.8951282093259647, 0.2684716322062939, 0.18507625183161916, 0.4081009981817502, 0.843786995560647, -0.652735913546146, 0.15537365567820968, 0.17336539833284437, -0.06351537616116958, 0.6818972264598289, -0.19821495394980984, -0.41100116308730406, 0.8303025932644539, -0.266800983289196, 0.23904958692065567, 0.5056083172161551, 0.3929597431166927]"
"[3.202004217266838, 0.7883912451181226, -0.47253943116452873, 0.9322947002501432, -1.216416447184865, -2.571789497441041, 0.9066806793290013, -1.261032987547395, -1.0221976804820105, -1.3975015733758098, 0.0036581941331374256, -1.4319850285718028, -0.8810438068929484, -0.10613558513903974, -0.5124448969447062, -1.008983513793146, 0.8988539843130722, 0.12453636232272813, -0.07868165958123602, -0.15090612445376778, 1.1577222762392458, -0.5868481558500724, 0.1443354775269657, -0.07247371603258888, -0.3598613657604105, 0.13862152082248347, 1.2065175240932822, 0.5056558402937849, 0.5739382299898336, 0.4445130078149396, -0.4576704439644373, 0.6632248072446275, 0.07768362053172656, -0.5017207619687295, 0.01309167853579163, 0.1318590259324596, -0.5605853402139619, -0.06903285325342323, -0.8962119971928373, 0.989032897674269]","[0.5094989891263959, -1.9539742820787, 0.862763611872299, 0.06686562027781436, 0.9033879874493124, 0.42192550407642493, 0.8348249257174393, 0.4687525446443088, 0.29015558896903715, 0.8864326940863092, 0.09294696554086693, -0.6639715940366024, 0.372192026706941, 0.021273971200517505, -0.24911271090332443, 0.484865590939143, -0.294854899926771, 0.6663706797494169, 0.5825797177020969, 0.5356217894331767, -0.41155919932682933, -0.8092818805736521, 0.48453626215450085, -0.9480393583804433, -1.3103849627175308, -0.00954955349708721, -0.19817626524058843, -0.7101582118982628, 0.6297302727025295, 0.1489407410023623, 0.40550251456878583, 0.010752481805106797, 0.3186078369405003, -0.40010754893174666, -0.49748420862405507, -0.5442936577490061, -0.31044006344479175, -0.20584659367346614, -0.46303313656003386, -0.3828010464866093]"
"[0.5706751493797452, -2.871926114771686, -0.06424564449302617, -0.5246504157534969, 0.49218362331135806, -0.5356053875764013, -1.0872243201953937, 1.4210291342302575, -0.22136677457380668, -1.6738152717454966, -0.5878622793946191, -0.7702519834078191, 0.9321700524917248, -1.3285881138168851, -0.3893900509908756, 0.834013635610156, 1.3369395774293338, 0.16930185530331232, -0.3837625418519067, -0.806716363634378, 0.0424820838496557, 0.15630970109607664, 1.4219752310279314, -0.26752765786992605, 0.5757828996957153, 0.3311802457988286, -0.6616129637636058, 0.7421374072790013, 0.3964942516463051, -0.4191593179246027, 0.04553177274456647, 0.08044135080812925, 1.5193436069474242, -0.2446255216229911, -0.3349766575588475, 0.1484477718045857, -0.19968223898970508, 0.18308591923815787, 0.7975372342680642, -0.1845983226198109]","[-1.8064694587626982, 0.11251678302600872, -0.21143930176927064, -1.020930626606925, 0.560932104660058, -0.1650737662304861, -2.030421944137905, 0.164081460452126, 0.35692163384788167, 0.33397149591250436, -1.500619644905732, 0.0846745772932069, 0.3535728683116635, 1.048506933450058, -0.5685330387930445, -0.3261196642832316, -0.09070103058919077, -0.5893524391638081, 0.25924927588797286, -0.9934659224713572, 0.3435308269203642, 0.27175497107416624, -0.6907134014523142, 0.041894319368131344, -0.5609210389452753, -0.20349872268372357, -0.5750347064693391, 0.4161013409645548, -0.06048187350107174, -0.5681571931185989, -0.061746444175484735, -0.239872431394817, -0.4996034301483753, -0.5491522900026754, 0.5965653377265224, 0.1628000776080898, -0.2916559626605145, 0.14603307765426174, 0.1779568808365545, 0.1081251459172299]"
"[-1.6848534637389136, -2.6568385478638734, -2.4726329091346826, 1.8977184081006462, -0.0646918259029094, 0.2622144001709356, -0.8046802978845848, -1.6488513230235826, -0.4839867292304016, -0.10959610590584508, -0.12777846984384, -0.09469669310475214, -1.1197675772463784, -0.7097932647690918, -0.28661467514852923, 0.004798746393423705, 0.40918510007294057, 0.7957355863576807, -1.7335756098313064, 0.23324653029566073, 0.2112775225703495, -0.009135434577782828, -0.5405421651704713, -0.7997971118928108, -0.13619578538260638, 0.06550101410578506, -1.0116893997399024, -0.3886617577754288, -0.5235310499572111, 0.7490143411885581, -0.42020614275847024, 0.3421161626712741, -0.4227226707554519, -0.19487559967817922, 0.38221917808128714, -0.8803462985299241, 0.29478722027898946, -0.5840960082044682, 0.8446040699366084, -0.4838041805874159]","[-1.6799841574279064, -0.7799570919756075, -0.7360819819959148, -0.3209072139782279, -0.1082263117530368, 0.20968758075061422, 0.22952023299594376, 0.7587510115831192, 0.6796964931518, -0.06629761771252042, 1.20714021974353, -0.6022239988370761, 0.12353213226825968, -0.40749403547253127, 0.052943272274478564, 0.8609768219757113, -0.6179992205585595, 0.1469951494743787, 0.12125612707830956, 0.5498386428116283, 0.6566997832243614, -0.013384806991121377, -0.5543224454101834, 0.5407605129654868, -0.17220350336489704, 0.020847015727288854, -0.4386341872574246, -0.17731690128729502, -0.044420712173478885, 0.4782657375955815, 0.8139246869490285, 1.0118890223489638, 0.07008905000892542, 1.7054209653408052, 0.2322904528355197, -0.5437397022935591, -0.6502060464119217, 0.49036153131933596, -1.3093449897609413, -0.010765639504867837]"
"[-1.0298137536235612, 1.994486283871187, 0.4410608992325303, -0.03896937915308826, -0.12631717791771482, -0.057835640618225416, -1.3455348135674703, -0.19309121810691807, -0.41959992209059915, 1.7501131835692736, 0.08967604008575113, -0.8237035675243489, -0.0009979612252958806, -0.564059555443552, 2.0955059509838128, -0.5316140679167474, 0.5713963402108834, -1.4070415563266576, -1.4344190722957506, 0.2088301333379616, 0.45667415546288204, 0.3613076367570598, 0.32861485283506436, -0.639697941112991, 0.11359815705085995, -1.3218378824015078, 0.8656258670224913, -1.0807555476499175, -0.5314289919350862, -0.541103774859719, -0.3240834005274237, 0.4469645847547448, -1.0148015353649067, 0.5249818663006259, 0.18297438098380894, 0.7944041926051939, 0.4877538853714088, 0.35415611891615817, 0.14135264171360779, 0.6633177770199445]","[-0.635394923904949, 1.4053412816105189, 0.2566440241402593, -0.6656336916641374, -0.3138655575274882, -1.462822377519762, -0.6578336731135553, -0.1288213713614635, 0.6489026066935497, -0.5607842087542202, 0.5750903281594119, -0.28522871127852756, -1.025727242586446, 0.18452511281170894, 0.36112972275953353, -0.6850405189456364, -0.04861805016008117, 1.5134668463675331, 0.059610010086673285, 0.22717251463393848, -0.21321805088169, -0.3744637804883908, 0.24569786682176825, 0.10063498287951485, -0.37544873587080685, -0.5007758080567453, 0.26662801436218847, -0.6735232892174364, -0.41473412910042584, 0.4318500088561928, 0.056229590013856565, 0.36042821846264517, 0.10598455566585124, 0.057361716721884885, 0.4284615238176773, 0.25746631916996926, 0.5649242334319771, 0.03698202058630891, -0.6167869674559044, -0.11996820716417173]"
"[-0.08970888157661165, 3.302754986629105, 1.5415031045443774, 0.9585058463397504, 2.581952545960579, 1.4043987550492463, 0.5794814124105763, 0.5130400384730857, -0.14067372057710859, -0.3221373755629025, -0.6396013544968748, -1.321449932795693, -1.5005400671039095, -0.778796345608985, 0.8653107627543876, 0.8904436257378, -1.0186536021332349, 0.05785946837702219, 0.49304318956662935, 0.07935035425388136, -0.5558568037484555, 0.7689604067060403, -0.062332015136311446, 0.18966852158519343, -0.05006151308212983, 0.3652113484388189, 0.006592093650995718, -0.2782646653160212, -0.08252740521068434, 0.06716246990387566, -0.33199534675076287, -0.8025755576979737, -0.20552293217004758, 0.18627523664812817, -0.009141000051404299, 0.07547544424246685, -0.8423253538209534, 0.14648880154252236, -0.44312843369985255, -0.5358905358047571]","[-2.0821592651948664, 0.5964983525447256, 1.5691705083365037, 0.14341887947012227, 1.3333377752451658, 0.13664773056677926, -0.42244629168460074, 0.9035405542247564, -1.331288319265428, -0.44593728663116566, -0.05288696747563182, 0.26194655243164205, 0.7198867338277339, 0.37156152015853255, 0.128786905843797, 0.06517285676246543, -0.3440348031740483, -0.7071228585390548, 0.6384847603471281, -0.2697237319301705, 0.49256125686680036, -0.5300397862911067, -0.20903706273582798, 0.9745360684402854, -0.21942569043031818, 0.02849855668811897, 0.27933335904936535, -0.47109860795048014, -0.29691926675908165, -0.5236732837143793, -0.012828247830555986, 0.5086927608339327, -0.406226935106167, 0.5881001802174897, -0.3145962536665335, -0.46007999434748315, -0.6075807507918075, 0.039119363616881314, 0.09627813590228836, 0.2325397774011589]"
"[2.6687530702747484, -0.9465310780140322, -0.4638461852388348, -2.402518959965112, -0.44887813785977654, 0.7028130138093689, 1.694699163822301, 0.651694814925409, 0.5185459567096264, 0.5284191458705656, 0.9085279527239684, 0.2764971283064825, -0.8536211019293957, -1.1182450365923413, 1.279105008739051, -0.23599649361896033, 1.5164566155804533, 1.6415728717299183, 0.029754497721805682, 0.15847662971609033, 0.15991075197829832, 0.047411068774021174, 1.236341456109802, -0.2475933091703895, -0.4388616944913653, 0.6784727643954926, 0.11664137611467261, -0.3268754024586407, -0.29271318609649993, -0.6717959550941504, 0.13668506333202363, 1.1235087139458224, -0.2298710168282609, -0.2247221709872479, 0.03844312917957091, 1.8317954717764415, -1.2015514778390646, 0.4194902741246667, -0.3728587804303048, -0.15821041068990155]","[1.187741820961513, -2.0276773523838774, -0.703892341772171, 1.3756995749297884, 0.8189137420347702, 0.02479167626199524, 0.580645491415108, 1.0316605782613009, 0.7560338101330656, -0.2095801068099053, -1.0873514342399657, 0.868153681193956, -0.6836611047294338, 0.5461106096162778, 0.567918675650656, 0.8607881205050512, 0.3082948664410613, -0.6815824021538964, -0.6318900836697984, -0.97423849023905, -0.42784259434775146, -0.9389625028193808, 0.25068802249617844, -0.29235998759709686, -0.24629206725660363, 0.13904017265813276, 0.25010005999226104, 0.446270727324154, 0.07644759172043854, -1.1039395777949452, 0.07153513193174829, -0.17092740072993734, 0.46250977805599, 0.1337348291043693, 0.6794720883168783, -0.18584768011221306, -0.13761377187549506, -1.0414485431169171, 0.4229733595774927, -0.4255153763783012]"
"[0.1312102063323728, -2.1332875304396692, 1.5359967263555079, 0.7712100124476888, 0.446768253811873, -0.9344761489937585, 0.7159652554459637, 1.4549541239893673, 0.6972289118962747, 0.19823785295209542, -1.1501714875146856, -1.078240997215174, 0.7803607121240504, 0.5038259005264987, -0.06974332258488224, 0.3874312366269882, -1.027136157332747, -1.4460190665578783, 0.10764275106719967, 0.43984484420338943, -0.2739989366110205, -1.03443277587594, -0.3777151341783763, 0.8851985089676879, 0.43775017665602556, -0.48414561052307015, -0.8052575204705847, -0.5130592160784704, 1.1597514434233678, -0.6618403167230978, -0.09834888732037154, 0.5802303679487038, -1.0955924482927544, -0.8604007403336849, 0.1931363291553926, -0.4415283882064428, -0.040799409006403706, -0.15287206858764035, 0.6043178245803523, -0.20604926138695862]","[2.6192610693976666, 1.859976125684652, -0.8838360177977139, -1.5580519801976738, -0.41950942581413386, 0.06579691553938605, 0.2663510038113111, 0.5720247024971115, -0.032768515633436066, 0.4462131742761785, -0.4173348147562878, -1.2900274959948324, -0.42880554737001636, 0.235537174734104, -0.03350497527426138, -0.37415577761066626, -0.1849204229193698, -0.5949351168014336, 0.283830598641281, -0.4657628953774314, 0.04390288967716684, -1.0273865283588537, 0.3624656540317236, 0.6463712165839386, -0.49938292867610323, -0.13389324704802646, -0.1943094330641262, -0.2801169621190592, -0.1266329786848601, -0.327042524540431, -0.5770495166950029, 0.47218768091687435, -0.33633353233017416, -0.43090586286159505, -0.24291626783553574, 0.43596615056418814, -0.08729466915333, 0.20784975029363426, 0.20282305939570872, -0.36070176439771445]"
"[-0.14475005847549693, -2.62563062636299, -3.2262007630368696, 0.40438623916153404, 1.952028296624406, 0.3896545004736032, 0.06982839666458407, -1.5114557169089085, -0.25637715325933313, 0.22802078976390724, 1.2448119936223916, 0.987256765729595, 0.055124496618838545, -0.9326841585222121, -0.7830074338183439, 0.5781348483572959, -0.5430646770195571, -0.3900328764794778, -0.08474497536485577, -0.09572379268545035, 0.21294142264768617, -0.007846830292178126, -0.04682823043472607, -0.08496489395389936, 0.8180163198002953, 0.3310517119741475, 0.1732860366013276, 0.15677441741875064, -0.8194491803640934, 1.0409807139579381, -0.5042493128665771, 0.7827374863456668, -0.605559944834761, -1.4520897143052314, 0.5493516180176106, 0.05011454626863521, 0.3179798533296273, 0.18214685493548718, 0.5758494028578869, -0.007760359883802429]","[2.014680458727352, 1.3361380400880825, -1.3538986634477395, 1.1425451884900266, 0.2200163561675857, 1.0580686640881085, -0.15123339430313917, 0.31212449797900854, 0.30906497319599263, -0.7778767082269262, -0.22839913731993194, -1.1593764728741527, 0.18543379044583158, 0.09523410882802023, -0.2532597161684631, -0.08900645079282038, -0.3582160524912285, -0.4478909391219521, 0.6420579742302062, -0.13773938528168952, -0.7554045137810268, 0.6014063184058409, 0.029820416280223982, -0.5256057257383588, -0.269950594439397, 0.6243291878487035, 0.1598422072772972, -0.16313936191674536, 0.0783079564811153, -0.4437434746378266, 0.5560694543102908, 0.05313576944114323, 0.3582775545443016, -0.18308100882030529, -0.10252675090901084, -0.3547852117851367, 0.6466788121282753, 0.22953862806771533, 0.07259574459723743, -0.43187136818721433]"
"[-2.642897384318733, 1.3846479104139997, 0.03612109547336857, 0.6311331501056506, 1.9854728794503587, 1.149354864633444, 0.4969695962654095, -0.8425837760135398, 0.4080554459839342, -1.4995563787338444, 0.29769849031332696, 0.3496280670354732, -1.0889822846355874, 0.07070769127003436, 0.5277498292114281, 0.37436248956833945, -0.6330374481247143, 0.6577513288025851, 1.2085117450681662, -0.1782048444145409, 0.5187887431213503, 0.8935907338922021, -0.3818087419851437, -0.7399170177555376, -0.0731470511440595, -0.47074536169048303, 0.40794031741572867, 0.7682091672047495, -0.021248851649426463, -0.8823141739119992, -0.6560751601537336, 0.612095882554154, 1.3996874793934173, -0.559905326623984, 0.8205149629103834, -0.22674243905668715, -0.7876511597540127, 0.14646488311528902, -0.8934926287115849, -0.20131240616402865]","[-0.029142864360288557, 1.33051627005151, 0.536093884507097, 1.537713340864714, -1.4248398791315988, -1.2552241724511537, 0.0947427002796974, -0.5131997511844171, 0.21876924258893116, -0.8083382845833789, 0.4125973160404812, 0.045393634754874075, -0.4443191057754506, 0.29618363103420825, 0.49624113196409503, -0.46642428136167885, -0.546358342029891, 0.10951467970146822, -0.03696668166765876, 0.6591919822499342, 0.6510013766913573, 0.3783843614260277, -0.3688477385712488, 0.5625036681588835, -0.21121133696747268, -0.6804335740160826, 0.21490727993673522, -0.6089377098311544, 1.2629927083949575, -0.4157508268968997, -0.5590588971506645, -0.013291780406195806, 0.2517733490334138, -0.1219050171683392, 0.13132883734782055, -0.835522660508857, -0.3064669016033949, -0.4632495506067407, 0.1919605468163206, 0.0777875497205672]"
"[3.227807166494995, 1.0548891354322414, -0.8776984050535306, -0.30104002820833364, -0.4181095275690274, -1.103328509132485, 2.0269092799388475, 0.8505501796205912, -1.136992056249715, 0.012085975491629703, -0.61431882595863, 1.5263290751607719, -0.33968265261918995, 0.02907357409123533, 0.2023354483281837, 0.31346226151484974, 0.3596370140359228, 1.214156481260667, -0.3921306929827557, 0.43183527520315573, 0.044259617008906, -0.15810992414536765, -0.37367470504809447, 0.2121063858320811, 0.3723134595947747, 0.1777598526154569, -0.07311216576279571, 0.17766961136905468, -0.7044269922404972, 0.3887342330437824, 0.08092502680863428, 0.4856729359701193, -0.5121878183087654, 0.009019343318800405, 0.3661181472831166, 0.7691290801587201, -0.3090720877781991, -0.036116002930472166, -0.35274710038085855, 1.1245427860365995]","[1.37079872209019, 1.8128515906896172, -1.576317669472625, 1.4544025859175345, 0.2843526104209436, 1.11399991079588, 0.4248971783214857, 0.3807028567267416, 0.2532001481161274, -0.5240198244464663, -0.626705173817309, -0.6843202363416537, 0.7683618464085684, 0.005361454648104206, 0.013595602753505522, -0.20474161291751902, -0.44138043831626694, -0.5808308172172263, 0.21857185243362237, 0.33938981101363946, -0.8373721682957623, 0.5137225931228505, -0.12942339123565344, -0.6413983550094206, -0.40428623467628455, 0.48040597376626887, -0.22274051907760478, -0.04349202760840302, 0.6467670343101792, 0.15960078993923407, 0.6522133728242782, -0.05626630214461718, 0.3969064086888023, 0.31904609403885337, -0.010630443623159243, 0.1373169904323093, -0.02700042829904473, 0.049746487016437836, 0.4361085456153839, -0.07177857190119308]"
"[-0.24257600058376955, -2.3756887723660807, 2.082824062499116, 0.270333668933384, -1.6435995416642373, 0.6604079143910802, -0.41173155713896886, 0.6205584893563457, -0.9702303530612673, -0.16334426819331013, 0.4674518855090401, -0.10278030136645021, -0.5265920575396374, 1.3964346543010886, 0.2830081851331004, 0.20964549374368183, 0.005178201944402192, 0.15610713367331985, -0.2015522757810499, 0.5110298767292397, -1.2267778371706897, 0.09888218309114012, 0.7441852784396343, 1.1007292272361888, -0.9526053291969437, 1.2112659890878454, 0.9156171375639819, 0.38807148135310876, 0.4445541706278965, -0.3274264511382083, -0.4578966432127164, 1.439554969953376, 0.48070533144608896, 0.15387813245583748, 0.32115561834820855, -1.337391225514303, -1.3352308709397949, -0.2273178340652248, 0.0543368818290092, -0.6200453688971092]","[-0.7629875712790449, 0.6170095010687504, 0.0748814224074193, 0.492863723516392, 0.1040617175455536, 0.4406686951068196, 1.048738570356109, -1.817333086358104, -0.47425427936959474, -0.6710214503214733, -1.822255726876362, -0.2852175951785079, -0.1369497536924508, -0.40247324040059146, -0.21930293768793088, 0.43758466445263966, -1.1954371425847903, 0.31990292631238326, 0.2031672108179986, -0.22471935865865916, -0.26161186053822216, 0.19236922630938216, -0.3533514024798192, 0.8103953863757343, -0.16516097264756482, -0.8548069281725507, -0.6699065572154974, -0.6306869831788423, -0.2587889959165988, 0.7815581772069091, 0.16047267549804037, 0.7448440565459051, -0.2369365608965085, 0.13436256177741518, 0.30066961790556307, 0.45759567890245006, -0.2936705382486193, 0.4691212685957644, -0.04742759691976998, 0.4701027281838211]"
"[1.4494343065526893, 0.024165692896837523, -2.3692962201861008, -0.0694115292267475, -0.9412748493744414, -2.4824119795278308, 0.7163661686715881, -0.08733201233995029, -0.5126552437867743, -1.3358331331458846, -1.396649736210071, 0.1352163874140363, 0.20356269525762755, 1.3187973535706208, 0.7903451394034176, 1.6779908513237975, 0.029229754766433157, -1.6970896729630869, 0.41856028609558255, -0.04946321972893465, -0.7464684606323456, 1.3804018801563065, 0.34000614015644576, 0.03179702947312535, -0.8667500255048982, 0.292476861318277, 0.0051624116794900836, 0.8484926907797561, -0.019082247809509425, -0.5183844124786046, 0.6771610242216528, 0.07026535438118557, -0.0262168115571957, 0.033086563150034706, 0.4506889837091112, 0.5592010784375419, -0.16067588864790294, 0.34899745343001015, 0.9370943292772344, 1.2522075883599777]","[-0.6393034477092091, -1.0163453660982082, 0.10940696139040858, 0.4981111092785569, 1.109567730649422, 0.6757010977723865, 0.24819017973758684, 1.1959118207209636, 0.5609933108886324, 0.29350825706031947, 0.148753562315909, -0.9552081872631463, 0.7993289624483145, -0.11524063916774654, -0.4142607793423357, 0.4212602673459188, -0.48482709344741, 1.4094162823693106, 1.0723816275866354, 0.9911450346101589, 1.1046714700295985, -0.4023324886120691, 0.5068573263951307, 0.6205531059879363, 0.07012165506510772, 1.05238284219005, -0.030984017693373726, 0.7235244848960125, 1.3632753163207634, -0.5207792046093194, 0.31204974937541957, -0.6014510309569314, -0.4790385641510782, -0.30691059244240343, 0.05894792827827239, 0.32951681577774833, 0.6524889419793354, -0.00263865785366041, 0.30792811566273237, -0.3004480263381609]"
"[0.832327350085658, 0.4089459390073487, -1.5466834025177911, 0.022678309514830373, 0.3871562094037695, -2.486869340418628, 0.7771335202511029, -0.9822357969642731, -0.3771229226161994, -1.757985196955342, -0.6616970669588904, -0.4303689725603148, -0.14907578437035804, 0.42214379246340955, 0.5776885860788823, 0.7182814590257266, -0.1054921144681624, -1.7759267614023628, -0.1605771465819609, 0.4372307490608634, -1.3248220043412091, 0.3540292430094071, -0.8595795360359514, 0.1591730035761923, -1.2016331024150022, -0.3993656276389275, -0.38576760222803, -0.6594475747263274, -0.02644538684637322, 0.5744416337124532, 0.010172184197749293, -0.3454964225415482, -0.2316901046818485, -0.6221469535141079, 0.05619969016275562, 0.05561540425417817, -0.2130069980421673, 0.7603852178724526, 0.5558670293844864, 1.1642027313735797]","[0.3333779460836271, -2.6133680117980354, 0.1311634505924342, 0.25726378606618794, 0.6882832775313564, 0.6871816647119341, 0.863645686215445, 0.8806218989549629, 0.7268958862948642, 0.6854720452669629, 0.6516340649342887, -1.1883430306856715, -0.20536993687296873, -0.615926927373848, -0.187520274122621, -0.15196289821886916, -0.007301147951937903, 1.0658654192941517, 0.3402915841676353, 0.8637814749565059, 0.9766241869084563, 1.0581301948273472, 0.3477056036037215, -0.0196061690358511, 0.06561708626292974, 0.016547050266186643, 0.40318379118809244, 0.3088218304916596, -0.2841384356522428, -0.9458582003087802, -0.32130244199605995, -0.37900284626186026, -0.35791930450944764, -0.3206868425400983, 0.15959550672548373, 0.25199924160602005, 0.07329947232423177, 0.007857861875511275, 0.48059949998668955, -0.07113166912051902]"
"[-1.3973569154075596, 0.9194587490095562, -0.5138448674398532, -0.8629002092001699, 0.24729209211416794, -0.3837000468664189, -1.3776018476479497, 1.2399265058397055, 0.5149698566520042, 1.1634851878664836, 0.8010450225612274, -1.0880214010653286, -3.497803076777217, 0.7050565026062723, -2.174360548231653, -0.9427249564062209, 0.9898800073609244, -0.8594123816805791, -0.007905643475701855, 0.6145230703168285, -0.761215306263546, 0.06633308032535125, 0.33777609761948546, -0.7026120025754466, -0.13239459731513786, 0.49705072905253334, -0.6987290078188703, -0.28166719395602063, 1.3194478629258113, -0.48214550676939627, 0.20306283247778043, -0.804551531285827, -0.3443563239046371, -0.8581071931947301, -1.780480837770373, 0.5577129680066919, 0.858259255357529, 0.11579361135654449, -0.32490573960373387, -0.22359853172110555]","[3.2208489940312397, 1.700452281211629, 0.6786900713369645, -1.2961913058646557, -1.0799044394882946, 0.63627415859963, 0.20093464924126453, 0.8559160651585387, -0.37195298398753307, -0.06743829248704371, 0.06364658950324915, 0.2778047548174181, -0.18191217170559715, 0.43133293852683013, -0.30537075967256266, 0.3507963336535285, -0.08501014869006243, -0.2001649302077216, 0.015295710476489813, -0.031089137210479626, -0.05712353547338509, -0.13685156947822236, 0.013833327910438247, -0.1442183455053683, -0.017082597360733465, -0.05303479060798205, -0.09210704903322475, -0.19277058589690488, -0.045429430147128066, -0.2907150190396525, -0.12246142916432498, -0.04785876968311084, -0.3507989739898172, 0.1884423660432284, 0.05916598817839495, -0.03174191466001954, 0.2980248294907273, -0.24097077856327254, -0.14372872532836567, -0.14891457353080134]"
"[0.19837634868507714, -2.5832120784571204, -0.33327567037294453, -1.2791912431052317, 1.3917079050571575, -1.4187395723707452, -2.5376225934392758, -0.7915036456994239, 1.8257622865579637, -1.4057075347110428, -0.4500854034797666, 1.0909628774515696, 0.1307076338156293, -2.2355578947614414, 1.215692041382155, 0.26359919543246096, -0.7552086744135339, -0.02900019774199399, 0.40835325886110113, -0.8204861821323647, -0.7111540618307234, -0.9666533656485073, 1.1400202185247226, -0.8496838077203273, -0.18283572793233915, 1.6339638879297984, 0.9938686386842741, 1.0269569341578144, 2.405947070062396, 0.7950857374624384, 0.42303013930409833, -0.5812418947199712, 0.7113257680945183, -0.8436173910455843, -0.288929699850603, 0.1674770312463659, 0.6353619261425314, -0.23660645762739238, -1.16132417925584, 0.686566473305375]","[0.5966192444974007, -0.7826189903546973, 0.06980524447409917, 0.09355170659522181, 0.4559395458860215, -0.16299070880990402, -0.41780411760082925, 1.4911378024539468, 0.06701512587360116, 0.022994253121804486, -1.6106611542458906, -0.3207969509943146, 0.34013331498890104, 0.19938556030489968, -0.30242300999408894, -0.3145181816807101, -0.4840642337678664, -0.11611342822408395, -0.9299734784233952, -0.5424022787205143, 1.2384785807978813, -0.8103969273909373, 0.4204719175466012, 0.2734134789909159, 0.029864645286407858, 0.4152848841020002, 0.26970320980780305, 0.139975879218531, 0.48779307955359974, 0.8537024228978438, 1.504167750081492, -0.8213136831080882, -0.20340203336742374, 0.17466728987784727, -0.5592622420552659, -0.07711645719910541, -0.18908785663832733, 0.6354695024267796, -0.1412333400949932, -0.8707133329226799]"
"[0.14168370702974908, -1.8354022387975446, -3.229709873693219, 0.337228705870345, 0.9927429274019715, 0.43188061755321666, 1.6737704678756318, -1.8027025510040875, -1.7002099084901894, 0.24800970897616337, -0.08234581571014148, 0.37198326308535745, -0.7436054629005687, 0.09036456696968914, 0.04704298106891011, -1.639998290070958, -0.8047309238112654, -0.9653982536198664, 1.3626364874008063, 1.3501242383703098, -0.21469001205640464, -2.461632516136168, -0.8384934332835025, 0.7675279378552705, 2.3203407182620484, 0.42793140587273426, 0.1628623193787892, 0.08106261159855765, 0.20867965801059987, -1.2898551452756393, 0.5108667997111649, 0.5501932313313956, 0.24436272486939878, -0.8287309286076808, 0.11266526134226351, 0.35563296309479364, 0.5027432658960416, -0.9965820882310835, 0.26717035609308804, 0.09833247282096017]","[-1.2377414809534664, 1.1680977329381472, -0.4598707793582834, 0.7053267692615737, 0.8000425556332326, 0.9664338839640972, -1.1857297473537876, -0.7343757314557753, 0.8463760630439942, -1.2951012145778318, -0.3841419692147581, -0.44301897520652045, 0.14071191309535994, -1.1057359094625567, 0.0653725575996489, -0.47025044347841904, 0.7153915385892273, -1.0300324970814627, 0.4830478483323836, 0.18704702387686437, -0.6531084900336677, 0.36786954320725573, -0.09529379228251812, -0.869606725214728, 0.738214304370626, 0.09407488556319181, 0.025189432154981452, -0.1720647278491706, 0.27638400804990326, -0.35516647703051896, -0.5878323529963843, 0.11918435581296367, -0.1783496975981156, 0.14540991273962472, -0.5945953278787357, 0.09398420394039435, -0.750283626363338, -1.3386989190264376, -0.44271722134213526, 0.8703672404738068]"
"[2.7093749959538616, -0.6591916134226107, -0.5359303693810891, 0.5421980420433881, -1.089832906707226, 0.3172983081672136, -0.4878356118121407, 0.8771618150121673, 1.3904189864083267, 0.04366920689120131, 0.05787132137141198, 0.42509526245716905, 0.856173656288295, 1.057684941025105, 1.2847889809890762, 0.780081036499382, 1.3711160022482052, -0.2825456022976015, 1.0298156017912092, 0.7680973036314892, 0.4174007690320776, -0.2002117344109031, -0.13632873882724655, 0.3092234246226282, -0.11590667179667909, -1.1313695477537782, -0.420833534680222, 0.6145039361719011, -0.7875937510085864, -0.44840994458236605, 0.19427019275401047, 0.45391408016180074, -1.0366275844153834, -0.08893464964971089, 0.4792503613529556, 0.27133950764347764, 0.25765875824515666, -0.22619982064230382, -0.34613530937659365, -1.2073636802702976]","[3.078541829750723, 1.948570949769657, -0.8713288805284631, -1.3670095286337942, 0.5831379589987662, -0.8228148953005787, -0.16052253659403445, 0.008990166655014053, -0.5604939205389163, 0.28091521757179494, 0.2495139712501692, -0.7189370336497869, 0.062303895290997516, 0.6688068421877225, 0.6367549904583782, 0.07249726462697184, -0.8264062377643502, -0.20581580777776487, 0.08084764477862481, -0.13436435558190551, 0.2289121965634763, -0.9165798744859939, -0.041554516088688855, -0.8042155816035246, 0.42440940928692755, -0.4682666891123536, -0.03275232520279008, 0.2532808590504255, 0.07771378372639645, 0.3757524004298812, -0.35585695422597685, -0.06473282929439941, 0.14743397861768795, 0.05371665023390898, 0.7118271074042606, -0.12364779856484968, 0.12958798062702998, -0.3531500336712995, -0.04988358349415488, 0.22079637156818782]"
"[1.1932342158955354, 1.9664103553705945, 0.5256986498905273, 0.5699094863751618, 2.4975650261226208, 1.6140791341904288, 1.7090136106141796, 0.4076016008769662, -0.36565312388745835, -1.0513919184708405, 0.35848965640073827, 0.8287757630624911, -0.2577820253445798, -1.0741888190510298, -0.6472179490146452, 0.7925181421588251, 0.7284506115251264, -0.812716915534616, 0.35253727079932173, 0.07724132698713469, -0.04442788808309068, 0.05611872668272419, 1.1124591611671948, 0.9194620290471478, -0.9779988847269402, -0.7217232964601501, -0.3019692077553849, -0.1778431357296833, 0.6688290454416895, 0.7135198415387534, -0.894733628355545, -0.6773239364558739, -0.4025233977087029, 0.10221190793247835, -0.8917358212696459, -0.14249839318825935, -0.6130869678863851, -0.18245977425754697, -0.030603760327656968, -0.45817886835216975]","[0.42667450235710214, -1.2176571524695663, -0.1641571221034833, 0.19527744450738693, 0.19902853614794633, 1.3607897823987047, -0.10060928299476767, -1.1169694232208738, -0.5947707401822111, -0.5058186131036827, 1.440627056768596, 0.449346359672208, -2.190908059536078, -0.3722969349697002, -0.13302463168413242, 0.0671053332151707, 0.4236065839714829, -0.0924295449787518, -0.4059223658879986, 0.2959255322778746, 1.0001916863062446, 0.5518294227865879, -0.5001764219871743, -0.44496464779429273, 0.16981102758576466, -0.029003185852126474, -0.5532746020273398, -0.6108485791666664, 0.19786025063077625, -0.10524386525226201, 0.8847306818379835, 0.13561451987187176, 0.712039214042982, -0.44281568114057523, -0.29585509326379295, 0.01581299442844938, -0.32985987614713885, 0.9294541276026117, -0.15062395226825698, 0.48821770792663305]"
"[2.360541445799062, 1.0527369757336908, -0.39792696794481175, -1.095266967534033, -1.4403974140210976, 0.45839599486700183, -0.7694142725623224, -0.4280657510497489, -0.6912825566038587, 0.7799778317543227, -0.47072887593004026, -0.015011038492394135, -0.4141771277052946, -0.5557307039084328, 1.2168922188157156, -0.46864962621096207, -0.2841643275558083, -0.3495586682619074, 0.26303106834299667, 0.8527712690718469, 1.418406191733312, 1.0513233857320918, 0.1441166563491883, 0.256607358220707, 0.4577296487243958, -0.21618830345577522, 0.20896613148096224, -1.0440617063587534, -0.012992861425683904, -0.29265906049123797, -0.013737190898355829, -0.07281946275744332, 0.5247318640664698, 0.12494933499790062, 0.9821229184021418, 0.005079856625462907, 0.23314569644630015, 0.6012283970620038, 0.4746801036951092, 0.18987459478756075]","[2.235194018124831, 0.32121206164045857, 0.08565244765260671, -1.4021998061889385, -0.10281914487790424, -0.7655456976918594, -0.05462024081561639, -1.7010108486459203, -0.26555718598987427, -0.13511703930497718, -0.38711258966718015, -0.20221832706281018, 0.1825504431636602, 0.4296380544451978, 0.30180344046209356, -0.5206347991019041, -0.7650444129240143, 0.07594375106021659, 0.3680792360245287, 0.019361207733978123, -0.2887551723767612, -0.07184968752870471, -0.022695496678885627, -0.24961518527942894, 0.07564856146241208, 0.04106786113486316, -0.06751661636110977, 0.4334497858471788, 0.2380244068687686, -0.1795536990425272, 0.06513824277283228, -0.275272454042396, -0.40764633032008984, 0.021320321615825727, 0.04541694324389906, 0.9147362421826865, 0.17744665437744758, -0.36330628698846457, -0.4198650007977195, 0.03984761830801899]"
"[1.0951642829110002, -1.8842105680793673, -2.4353038213745815, -2.086721188131383, 0.09725603183025985, 2.7011002366601464, 0.1500448132104291, 2.359339322243272, 0.6423233454780446, -1.1431044850630094, 1.0415380429251386, 0.5523213051110907, 0.5199254698960146, 0.48045595730334484, 0.2653047233083266, 0.6848941493744028, -0.10256539140441819, 0.29489942790852297, 0.007572798212454335, -0.35053958110311934, 0.15357638392444964, 0.014909148940095603, 0.045758599729238354, 0.6708865983963991, -0.38176043366192963, 0.3977479726467189, 1.687346664729215, -1.0366800280527046, 0.6562427163457067, -0.9539095511420151, -0.09401105411482685, 0.8336938189688006, -0.15120577136390576, -0.2508155850417368, 1.1456524597071895, -0.6796660380007594, -0.17145212621442446, 0.5778246005627137, 0.1405818763204882, -0.4892687813347876]","[-4.2858508817821965, 0.2307331083193212, -1.7926428093262963, -0.17566275181923574, 0.6654565362491793, 0.5484458871277665, 0.8539615372196779, 0.3041644611269199, 0.31437690828937637, -0.20513111560327257, 0.6076371718493104, 1.499441610686652, -0.78785441107504, 0.2312750770350227, 0.5670610672010016, -0.8453571093861246, -0.3813967097470226, -1.2387266043954253, -0.40169048778806454, 0.08029930472708204, -0.560519206887432, 0.006547692293969731, 1.1537222257426103, -0.16546109536680906, -0.3688290803933854, -0.8078431748627535, 1.9337191028170644, -0.06192212051022557, 0.7730281745604186, 0.09897003375097572, 0.03261184166991136, -0.09182492389192386, -0.6354232804410173, -1.0243679507375822, -0.21344960548636505, 0.6213065812573068, 0.9066080054258999, 0.0955450288329585, -0.04871753035859184, 0.16292368286438286]"
"[3.3658633386864025, 2.410319349600336, -1.0388175422243209, 0.06497115186616614, -0.7225036077100818, 0.07114526432487082, -2.5622053179777593, 0.8637782786873524, -0.13150353908574952, 0.7789259440007598, 0.6965254873383059, 0.09297439695115912, 0.9832802538638524, -0.44265909121396013, -0.20384688263301742, -0.7315846022234213, -0.8304489333617145, 0.3481414752420609, -0.6700631946956173, 0.19183811577951126, 0.5052892475932514, 0.5030502902218892, 0.29892495683721576, -0.4317135322412398, -0.4805836166262202, -0.15196127494762732, -0.7325613514043575, -0.5811425309089255, 1.1158447586497047, -1.1695109030926498, 0.2967170074256563, 0.31623727364808374, 0.6085062581234083, 0.2001902186132487, 0.7511577357438158, 0.15082285127076803, -0.1020904213577917, 0.6579508476611162, -0.3595508491343111, -0.1559535164132588]","[2.6598305035361354, 1.5042683022603123, -0.35418912100353867, -0.9959177592951279, 0.2579694961217485, -0.20090692623481293, -0.04996439053586818, -0.581558536039887, -0.5223176714142655, -0.353953035084722, 0.21131859743434106, -0.4929289380625968, 0.28411468150157787, 0.9183351909578986, 0.14707650513330095, 0.020811436197816027, 0.0745339682140525, 0.4622294183984603, -0.2950722502817921, -0.03416150137220111, -0.16332571346442246, -1.0173034860407622, -0.009296869114806167, 0.42788125714296593, 0.10674737862670276, 0.41552081055763074, -0.054947839676884005, 0.3787336856481513, -0.2676613167554068, -0.38000462632062265, -0.13237728453621006, -0.37204770488027133, 0.25962478116393367, -0.399910358325432, 0.05026522670149436, -0.2053141124114241, -0.26800216466678956, 0.16932577411127245, 0.6476347849217062, 0.08254680603476598]"
"[-0.5121363688508865, -2.3986984340163766, 1.4795819292814432, -0.3403069550577219, -1.6527160184512262, 1.0413924456484809, -0.16980354465165226, 1.0744028572207942, -2.167158634763257, -0.41380951966509705, 0.7682742139254705, -0.3197316034010655, -0.7126477225939514, 0.9865699328060875, 0.22631413520953497, -0.23924501082202695, 0.10761910750104212, 0.4481724027501018, -0.42535543351876104, 0.4907574183319042, -1.2612651221237885, 0.5824333599926272, -0.5405382128740666, 1.1175725492918673, -1.4827337352605747, 0.5997066129060437, 0.4571013607015587, 0.4921629047548653, 0.7671535146736732, -0.2545118064146819, -0.812297057762598, 0.35765633029386007, 1.0991349433383786, -0.39353132830976223, 0.4708409730990943, -1.1714482244045965, -0.545908616479271, -0.5887147344827943, 0.2997845638103915, 0.06593877377225463]","[-2.6537024357972596, -1.0899855672599086, -1.4083590691680292, -0.46012485339727366, -1.1244599566992135, -0.39602800228671614, 0.16100080226478655, -0.2800459139794984, -0.7725894575705721, -0.8413977450633042, -0.7096361237868046, 1.183857572983004, 1.1947238191842504, -0.6450977811006774, 0.05549942668178119, -0.3217211299585688, -0.04038775845528379, -0.44311562858339093, -0.13129606788776485, 0.7593244568530125, 0.03632237928069475, -0.5481828444053627, 0.7638655779115655, 0.23599049131449257, -0.1533844519952501, -0.962118315688545, -0.5273980069677859, 0.006795712104882414, 0.18945737003584004, 0.09278273110221415, 0.2208344082112051, 0.13351243163166224, -0.05150655718646216, 0.5437007280175111, 0.2588570063013018, -0.32576697267247823, 0.7722565756980772, -0.2429916544322128, 0.02042937481399909, 0.7637503942252957]"
"[1.8254629284060173, 2.293665201300477, -0.8315125176409621, 0.20363877756965532, 1.23293111580282, 0.31447443603646164, -0.7363088795338224, -0.017008519824215012, -0.37528503388300816, -0.4282347463835171, -1.0099470467609655, -0.8535374912746835, 1.2319139514198807, 0.6645153643360102, 0.023088800246136437, -0.13628111768284099, -0.3608562709334269, 0.028625577750231605, -0.12511406514430193, -0.5002458639270807, -0.5059023667762989, -0.44436693703982466, -0.2746576088867547, 0.3676678996009706, 0.42598027156571106, -0.41865556534321663, -0.2812907830107692, 0.5170707413767763, -0.8905187659869859, 0.38719383303069244, 0.24799859648287834, 0.7368608752236325, -0.42116293215035605, 0.3966263874016791, -0.11459762272677085, -0.15001460929976249, 0.21934141340519958, -0.6881522691223075, -0.33888930678550844, -0.4832321777055643]","[-2.459368935188686, 1.1436601571350136, 0.3560424777894786, -0.3358392626419484, 0.9000342199505369, -0.32169103738132415, -0.25485836891423386, 0.7268949619371393, -0.8353415218694948, -0.45274269250191296, 0.5466451949329724, -0.42186554165757767, -0.3572766876001414, 0.26649990488192654, 0.18509409016088849, -1.356836964975588, 0.3884072415050865, 1.264146291377898, 0.1332963094718099, 0.3546837585563744, 0.2690531464566728, -0.34859239214394167, 0.23341484294620038, 0.41551395669784913, -0.5263976534524101, -0.16208559032515285, -0.13144705192093661, -0.0012700108088695141, -0.9022785271284289, 0.7078495758803529, 0.2185809686747998, 0.5923917205091788, -0.6510281287426043, 0.3409469812738221, 1.0278794801446023, 0.42198265390736517, 0.2985839795367772, 0.20427462323119172, -0.7903913344039517, -0.5032581908209001]"
"[-4.324438413063052, 1.1011932368109185, -0.9450898693449244, 0.8579122253313619, -2.0044866120345337, -1.3548448889873672, -0.5511229179084345, -0.57423358832756, -0.9294145390451084, 0.20384294791284868, 0.8409248613404748, 0.3068225694122692, 0.8890831992342301, -0.400843951442688, 0.24606055166050186, 1.0962246543254104, 0.3699824324887033, 0.571102675585286, 0.1759422274948728, 0.9558954981154025, -0.1036460949914609, -1.0535103521165377, 0.27830985245993306, 0.21323231421966235, -0.080107167260899, 0.845790228885202, -0.7010694329652877, -0.461767516784677, -0.2869622157757342, -0.399833897197287, -0.5923385516362499, -0.2870846699055393, -0.22780717517466212, 1.0629709294603287, -0.3551749628972572, 0.17668820065912663, 0.14628598942590432, -0.637014641520632, 0.046125800046938024, 0.3303456873247307]","[2.734154710508341, -3.257302489601817, -0.06554769953909287, -0.524325187943923, -0.9279611600960006, -0.45088211948094187, -0.9092533410808621, -0.0168067623391932, -0.04062115036340653, -0.9713801288175938, 0.8822779310486727, 0.6318434605328274, -0.37266762480415955, 0.21740936394820987, -0.14068563951268012, 0.4043113261649536, -1.7136634039295826, -0.671735569186375, 1.252750615489849, 0.6176301292118107, -0.6644941204903329, 0.5302849026588473, -0.049818957129696584, 0.18532876989180347, -0.6275234080937773, 1.3285917197973602, -0.19619963757334577, 0.27886621039137527, 0.14219850315393118, -0.034514118996495986, 0.12606812904062026, 0.16316654351320575, -0.3175441623210413, -0.16484716577872038, -0.2408328772232562, -0.5635616295460683, -0.012851897189131158, -0.25195506655762107, 0.008136370251802357, 0.28526329311909016]"
"[1.2265004276360283, -2.9042801204946356, 2.7881663832442696, 1.3627106903879835, 0.7750380701645861, 0.18839628903465747, 1.1853974177348259, -0.8002919232364883, -0.8455435128027895, -0.43215750657970387, 0.36761743950980497, 0.6514256072880923, 0.326389639048277, 0.0829818439487511, -0.6272487108253935, -1.7915574377397847, 1.55366680693087, -0.7408861571987128, 0.9259074184292861, 0.018644053658173836, -0.8998939191566214, -0.6051499497253676, 0.2535868089568864, 0.2672507875468994, 0.44314596083671554, 0.23584138906286947, 1.0923030684639146, -0.9094241645183572, -0.37092790997219277, -0.7053251922690917, -0.8933673862775274, -0.3536081410878124, -0.320577061727828, 0.43299568385236104, 0.245016872646753, -0.12612013927804208, 0.5583506039862847, -1.615304904428502, 0.11090991764059287, -0.7070644993918412]","[-3.845682562635574, -0.5120288974644974, -1.9614432711366931, -1.3879757994748745, -1.251547164299145, 0.39220265501937596, 0.1746970376405342, -0.41257184717674583, -1.7692558806556176, 0.4675766702436028, 0.5603751473718099, 0.3066715189585432, 0.548705780034782, -0.7560633658770237, -0.1310349312043169, -0.7350121537550263, 0.7518195662518642, -0.02394770150582455, 0.5475825732174476, 0.8238144909152487, -0.8212242071740575, -0.6601245715680727, -0.1822097240645698, 0.2587737043558779, 0.49829562577610453, 0.35768967880785896, -0.4614088075546623, -0.2551573976976344, -0.1259728737803327, -1.1318019859741812, 0.6704871025351721, -1.0425374600487134, -0.5227677913941725, 0.7096999469929832, -0.9843054618596022, -0.3231743757451599, 0.3765761502232148, 0.6377136155913181, -0.48253666715583504, -0.9325037726003649]"
"[-3.5459651004094392, 0.18736317805896616, -0.9581069568205046, -0.6671754339337419, -0.30899199908819885, -0.6965253031620559, 0.9851282873288526, 1.2172622338473529, 0.16791531321755834, 1.640923697214057, 0.7008423629715338, -1.484933915485998, 0.2339248965501277, -0.6859597849704796, -0.8970402054379469, -1.5783986540945376, 0.08248976695905562, -0.15570253223469824, 0.5630945388022183, 0.9724482149020401, -1.2189716651194793, -0.3958730988742022, 0.45512150396984313, -0.6903677200830092, -0.6699763422303187, 0.04899402291762048, -0.25953772276441234, 0.5292962607112696, -0.19118846214387358, 0.15880802869612218, 1.7662156590735179, -1.3117552192712119, -0.3199460879814798, 0.13318277949495286, 0.7728401210014441, 0.1811046882255846, -0.6222855710259944, 0.1995170564402431, -0.3876947221610638, 0.7079198197585365]","[-3.9104692176590317, 0.7286982672692094, -0.7460082781152418, 0.1329798584307376, -0.8462756761918732, -1.2163031546936849, 0.20065056571350204, -0.21225204376480844, 1.2344173638110894, -1.3162012442266637, 1.1949917938796406, -0.805340715881865, -1.296934609243038, 0.003057238891251927, 0.16095764075571967, 1.0080822023284413, 0.8798281284829617, 0.6411084414013154, -0.6406284774249269, -0.28495588833014035, -0.706562915364398, -0.3353994561645625, 0.7989764875872787, -0.2021158700471881, 0.11728765431933462, -1.1685920825354303, -0.6373890056886264, 0.3986687886741373, -0.19631311853787467, 0.8257368618008696, 0.22712341945772957, -0.05260945036136315, -0.6212368891450617, 0.8167108605367686, 0.20951264418359358, 0.9423705162414658, -0.7978148594673986, 0.9122542162326702, 0.250782328127639, 0.7369049002067865]"
"[-1.9034220891744762, 1.4000269856170862, 3.109477907600226, -0.5957915764214552, -0.8195831263472491, 0.0020639716303111574, 1.1567510947351844, -1.6667406842825332, 1.9980714322859776, 0.756761715402447, 0.22181904928973092, 1.0112306587228013, 0.7913210311347857, 0.09250399481255099, -0.8921525824151667, 0.37803379645816565, -0.7038951928774653, 0.7393479674877326, -1.4992231542767944, -0.16011337589926433, -0.6269635311344443, -0.32468881042925063, -0.9369437288722868, -0.5582239022885233, -0.3688640400681618, 0.1787461374600368, -0.36330584436380253, -0.07273309846427727, -0.22621968710088883, -0.624087600389664, 0.1283949438887827, 0.39953516421708835, 1.1204202994168904, 0.016412312884225816, -0.26244573600725907, -0.6593266977686933, 0.2729720527787153, 0.11383834545485817, -0.2404242677234274, -0.17720636363674258]","[-0.3164868129160722, 0.3478123845495666, 0.3103599269426999, -0.8806685391596615, -0.47205885512543677, 0.15791132522484091, 0.5858607541583041, 0.34522571271521335, 0.0005428445295743308, 1.047687034305176, -1.123905595254212, -0.4713119046556187, -0.3611020581956074, -0.7642943654744884, -0.3794402294072324, -0.33886685505506237, 0.8546975457750545, 1.1624914847931405, 0.4272879950304406, -0.5717805847246811, -0.5169761513691778, 0.6404515220780506, -0.610935758969646, 0.22450804730087123, -0.5754841725198917, -0.8017406544204071, 0.9385506481544236, -0.6465703665442073, 0.4059140741001645, 0.2845975860570959, 0.07272144918104237, -1.0164937794562885, 1.1256425095805007, 0.11092570775096977, -0.23757251149615682, 0.18498977283722506, -0.3827897566456547, 0.15844918408402117, -1.1022814870791744, 0.27868813087458544]"
"[-1.9824832588066714, -1.864976118434059, 2.801484290962314, -1.636996580821194, -0.8625349656177266, -0.7156705132453851, -0.9361046485239808, 0.9845824935286318, -3.0290980360924706, -0.45918319431779975, 0.6865813204776533, -0.45864108767451234, -0.4226822789890734, 0.7992127656240033, 0.24070732686519136, 0.16232160784523725, -0.907023896607142, 0.33520118682932093, -0.005634352005208585, -0.12499699973035786, -1.1643086091175936, 0.6072026297383469, -0.2113889267170432, 1.5040335232459066, -0.5606180631524013, -0.5285828994422037, -0.4432685910581828, 0.6298619225546318, 0.9761714636219297, 0.8838333909942673, 0.4042300545576309, 0.8183544804926312, -0.3939158065504723, 0.0338229250198737, -0.28255867676219343, 0.4279494658894165, 0.02288048387428377, 0.42945069817791615, -0.33294212829423325, 0.14156961934446058]","[-0.37085320554251094, -2.137314919072231, -1.2122271144199572, -0.35469308032328645, -0.964218787604002, 0.1560582631892699, 0.4849160507278658, -0.811843210246539, -1.061828995374811, -0.2438911590477041, -0.7494406092137519, 0.5785194449068527, 0.9179865655952744, -0.20316126109002647, 0.14975939552095868, -0.20302188285592304, 0.39082683642221977, 0.46763457472254805, 0.46337504252069156, 0.4990683708815421, 0.38223497201618084, -0.5420577976506429, 0.28501204514096634, -0.6022936649612671, -0.42196860983475765, 0.1990428041029606, 0.29077518352241466, -0.09675432992561164, -0.1970055562192199, 0.005731198861332931, 0.20349936723340836, -0.4582150469184819, 0.10720610323298116, -0.12652545127477652, 0.3593962041567979, -0.3672046559528212, -0.7300826719107621, -0.495067840406959, 0.2813273988889713, 0.15929219169241396]"
"[0.3536359579860251, -1.7731257626136576, -0.7452831128129923, 2.5883835931365207, 1.7759525419521929, -0.7054420491888473, 0.39853537863179195, -1.8258888012883943, 0.3411964163155786, -0.04250723703111606, 0.7329961337296644, 0.926782829331464, -0.2106772994171013, -1.0510832653008413, -0.6853806928752553, 1.1624100128603312, -0.2401367099938852, -0.2542513006715924, -0.16886898117489735, 0.7975491265735442, 1.0339554691959363, -0.937446746459981, -0.2321648423356209, 0.37199152146953096, -0.09053981834149129, 0.39935403712845596, -0.1518252557987297, 0.20597422849799482, 0.6892558581691651, 1.6363609924028395, -1.403555776252915, 0.18530672456257333, -0.34615618651360697, -1.3313941095151107, 1.4071326234881179, -0.3953495600232442, -0.6562460091711502, -1.1459317825917468, -0.34032039675684417, 0.2565108428265128]","[-1.8769643825840518, -1.5350591890175596, -0.30436753567281216, -0.5418872619799082, 0.01175500201413478, 0.14432706383285498, -0.293544027956833, 1.3289798750154156, -0.7968137053391103, 0.0782895441704719, 1.4272952692716137, -0.9651541587331834, -0.7223262572532868, -0.818788661732779, 0.2909346658593659, -0.150619837984211, -0.5341019583265092, -0.9421755126220831, 0.3142557969743198, -0.13087017451186075, -0.2835521387597663, 0.48135970927796506, -0.37529161388386517, -0.09178755803582879, 1.0727227279754243, 0.41981918506988875, -0.32511229517142626, 1.0763113634983537, 0.5954147865210309, 1.187853352919916, -0.25153231930057507, 0.3633448298786549, -0.27566811299259136, -0.21391716016760393, 0.5578097195803905, -0.2004239547135114, 0.08477869079084144, -0.02670289100202343, 0.3295815430073608, -0.5664839756416657]"
"[1.085176628504927, -2.227064515193164, -1.7072138880470222, -1.6039940052310253, -0.23302099823809014, 1.2824476273425083, 0.6049309014906208, 2.651482879517001, 1.00812946977595, -0.9379161129630454, 0.22280639361765361, -0.5131714243513096, 0.17466871943282242, 0.3659725188277684, 0.656954084771927, 1.2504136388642704, 0.1366137744481677, -0.4650812164663317, -0.02779974281717576, -0.6471508481896612, 0.613114345953767, 0.2585295293795651, 0.12991928641019346, 0.5763627870505055, -0.7572329839749712, -0.336585444674783, 1.300405792763947, -1.9060031627450036, 0.695672384087917, -1.036962261715962, 0.2069696988848884, 0.9126946368033001, -0.5425786346203408, -0.7904706872320033, 0.6728001604801109, -1.3513262465797276, 0.5058611182244107, 0.5711290333745459, -0.4712003471564501, -0.20067317758826045]","[-0.8732118964099237, 1.378734912629407, -1.420272974087744, 1.1430700900986175, 0.25030773822411856, 1.4779058649131047, 0.7022872222866808, -0.14138227296776412, 0.20298962382872776, -0.7318700386647534, -0.0383414278063375, 0.6489247075776045, 0.5570133827098591, 0.08698019979295138, 0.7424957523272728, -0.2804506948403203, -0.2745677160664624, -0.5172803252698155, -0.15747736859098288, 0.3903409597001117, -1.1308035836773813, 0.3502635808777812, 0.7937959898497631, -0.23345409212126875, -0.5609772311332069, 0.40587213759274754, 0.8289637408747091, -0.5212842407145816, 0.23048565192942574, 0.5577019271356425, 0.01446859524896985, -0.41513565955383647, 0.35666065715137213, -0.6717075722648316, -0.4164763301166129, 0.5407495998864966, 0.44594216327982467, -0.047121069385957996, 0.21729103708704736, 0.47967660011326074]"
"[0.7836737107238783, -2.506558980889923, 2.003206095616645, -1.4246217296995636, -0.6956441244937717, 0.3773213726147357, 1.0100387659315744, -0.4211182756454655, -0.9573099626106898, -0.4138125278668765, 1.779228743030398, -0.17266778425097098, -0.07841748218047741, 2.6572936677318286, -0.06893949665368693, -0.1741581209130638, -1.2776830273473134, 0.5141038743181296, 0.6971555481491553, -1.2133146950350293, 0.02815164503821643, 0.25874313476715066, -0.42964887999948853, -0.34071075314120214, -0.16020312302689085, 0.6679792031199497, -0.6236485650977425, -0.06417287267305824, 0.013683321119742397, 0.16259656076788162, -0.9862574675091739, -0.014338878980961832, -0.557017618617043, 0.36212422652756243, -0.3646188151526477, 0.0758680720661836, -0.2591808617287921, 0.3795786519874042, -0.0032218645409955466, -0.33821943990286596]","[-2.8627648965918295, -0.24038523139225668, -0.7611266587624256, -0.6046435726498153, -0.4864323701429852, 0.1490137085095697, 1.1849763469793406, -1.1331015093740135, -0.7620390075738465, 0.06374943653970795, -0.9966220098027939, 0.5986724743160489, 0.13296902034551877, -0.9886480721834225, -0.2308400268832505, 0.6269804894174295, -0.6433300157713936, 0.12880007012484007, 0.7987867366895995, 0.14810336228320115, 0.03627925174018112, 0.004008084150554134, -0.33381892468982916, 0.47117398637940544, 0.3174742660715867, -0.4326937196663074, 0.5136346548398811, -0.6110469006576478, -0.21140050286573153, 0.7947073496256684, -0.8258860634586708, 0.48104508121961626, 0.5381177172092392, -0.529717665480739, 0.2542246191630621, 0.6557522120196687, 0.6131797951204, 0.706795173130812, 0.9190401988260949, 0.8617717468169064]"
"[0.057590840821932505, -1.9660910143964947, 2.82835318391006, 1.5004107383977638, 0.9244420571397725, 0.13412880857938983, 0.11043649240421417, -0.957804494194999, -0.6658022927205575, -0.695525429484096, 1.129850808662136, -0.4985160420825584, 0.07742519629172137, 0.6255221385401952, -0.4430291517337224, -1.9251514798973592, 2.1473581378174162, -1.3167517915357192, 1.2225281201212679, -0.7225860718413518, -1.0726784718409588, 0.36376989248609587, 0.4225113234173922, 0.2799915862522977, 0.6153030447905966, 0.5307600129161988, 0.3807865157734506, -0.37030711376755165, -1.0446636915401917, -1.5645256909479166, -0.1956110400828484, 0.12927896548057918, 0.6062835876479892, -0.0032692475704417345, -0.08970286330589029, -0.045356455743018435, -0.39123361015756325, -1.8096042965144359, -0.05547588266776109, 0.36267143315430045]","[-4.727119748030493, 0.20083633370582357, -1.9416987600830575, -1.6578003471214537, -1.2707566474444307, 0.4356610207834279, 0.5781626752991413, -0.47129995510439154, -1.2786532279339213, -0.21280807048032419, 0.4270360210617893, 0.16516070254362847, 0.8258456533684576, -0.5605501030373664, 0.09827068706166014, -1.7716583021836267, 0.25786389176457825, -0.3963193354977512, 0.017511361757933507, 0.9668248449584093, -1.1012318396788183, -0.03711118221745242, 0.28897657773983315, 0.2213266179665193, 0.5797233477583347, -0.4703541709979614, -0.7880139090140608, 0.2170255173630229, 0.3209691367789565, -1.0716184630544918, 0.5679916610597423, -0.8827523352789359, -0.48054751869373125, 0.8366823458860156, -0.5283714265654645, -0.6555173351310051, -0.05526320142521351, 1.2102908428435668, -0.7487721033235428, -0.05933277377808381]"
"[-1.9015513982659888, 1.084838275910441, 0.8897531584376143, 1.1027826629939141, 2.1694463133933506, 1.286993063981908, 0.5896499656486837, 0.07817579530608297, 0.6596248119968288, -1.121401221871273, 0.030674023212875278, -0.9598837329036484, -1.5830921213648061, 0.51353785540053, 1.3226644161651055, 0.5776783233940948, 0.8336891883510343, 0.32786117137511406, -0.5880647764405919, -0.06629799239225383, 0.39859212501940966, 0.2348066462868289, -0.22534585308654032, -0.5156265309742417, 0.7770352986895478, -0.9135186371705258, 0.8487904451316508, -0.6000331552297854, 0.016240634721353637, 0.1284228085682618, 0.51656212997871, -0.30355927776469205, -0.39137507310871156, 1.0327071635661693, -0.22300440396530924, 1.042038554715059, -0.8256391668867851, 0.05488703571241862, -1.2177396237884521, -0.8104303378168147]","[-2.606339680706496, 1.9074318173327105, 1.2818146786736189, 0.6029589470016458, -1.0122538394255836, -0.7290280475176057, 1.1347329218251119, -0.5618275732002666, -0.6187671660870184, -0.656824053339926, 0.9241087256031847, -0.8175194673390848, 0.05638321611545057, 0.5265189250139534, -0.2277410635639076, -0.14703556864256284, -0.8596502984314837, -0.9297218878769383, -0.7272209625230763, -1.0488130400023794, 1.0597220027181644, 0.6992193329145326, 0.02855402571196702, 0.47469547094543185, 0.49263993396226424, 1.1017379381207515, 0.5583589807248343, -0.144082109920806, 0.3610165994026113, 0.10919268300902008, -0.21501941604537703, -0.359010210449843, -0.04292061398352961, 0.40997139002585054, -0.2236902782356265, 0.08247384849287934, 0.11712126618603035, -0.2608981841235581, -0.7404340273139323, 0.1656989982181011]"
"[-4.503212187454505, 1.5273685531331254, -0.39559366731670526, -0.749632924050409, 0.14686437945178243, 0.25163723152527906, 0.35971443729934144, 1.5440309509320378, -0.855021449462535, 1.6354422856023065, 0.6539394895500704, 0.018271369901996067, 1.0708037573205553, 0.5760134295734474, -1.302694624901041, 0.8761542480195432, 0.6860177834401955, -0.6219340405857707, 0.4133487177320488, 0.48947147299042393, 0.12505858075097928, -0.10698337484459784, 0.6896833963657271, -0.69485284837932, 0.6215204025841423, 0.12429180576157457, 0.47513320552593113, 0.2473638980233236, 0.8881326021001129, -0.0720415345346162, 1.2759885393051198, 0.16331264013112842, -0.7669325770657133, 0.5015748720932319, -0.1358008272342289, -0.045773655200714344, -0.2822892339439276, 0.18095161714422084, -0.6458296343923144, 0.2646714082250213]","[1.546555606395273, 1.8224715454616929, -1.1739107658765253, 1.8563174847946156, 0.04932305194821785, 0.7287253390387002, -0.44871688555587425, 0.7428340555853359, -0.15633144438375124, -0.9582879930647876, -0.2920110680159765, -0.7981955921227569, 0.05345724319693997, 0.16011099209363364, 0.1127888743808385, 0.5198891644510759, -0.2705438161170132, -0.7127124328309443, 0.7380055383613121, -0.2212971977338136, -1.0874212358402255, 0.31311061306036764, 0.42238971290483424, 0.05264330447763335, -0.22762656019711694, 0.18163137134495624, 0.011764795287742224, -0.5649426709363091, 0.3184671300297313, 0.4814537338099006, 0.4323207147367929, -0.5445573092496181, -0.3252315517109733, -0.4898400379863944, 0.10556046223983029, -0.09841940152517169, -0.3416276557236426, 0.6521872227830281, 0.2255069675740876, 0.5646488275142902]"
"[0.1517251698840364, -2.4226320695724257, -1.3216904051950382, 0.4980751446458494, -1.3834351022696179, 2.1080478151209885, -1.3580277847373425, 2.316773237769845, 1.2629369197678288, 0.6800458397872583, 0.15864627299708423, 0.26864032612157396, 0.40819397271300695, -0.5565982877921765, 0.4211246899756561, 0.16871634127345733, -0.36504739100890254, 0.567729981146961, 0.7036274269098094, 0.7299425773836724, -0.36813124741529396, 0.4908398352392452, -0.8065583360984981, -0.574927436874847, 0.26162492240023594, -1.2073098488255358, 0.7322251947382278, 0.45423576360773005, -0.04688775193478805, 1.0967000809651724, -1.2211958968805674, -0.6683446266772437, 0.4561810313085777, 0.2509425030911411, -0.5106868150525089, 0.18166414264610123, -0.146778195704398, -0.05487885370245659, 0.42943280696339065, 0.8270671319982946]","[-3.8188305140256618, 0.8705838223851885, -0.7848031599663987, -0.7986586445507837, -0.462837810910953, 0.17259351169204265, -0.3918806638274337, -0.6371003467185218, 0.16852837712783725, -0.02653002949063936, 0.1649875966604829, 0.6191772330120929, -0.4117992947139114, 0.7751557825532183, 2.0755262152363634, 0.7219850387028617, -0.009251388067076554, 0.14557598210877065, -0.7224331456644811, 0.5718093850766881, 0.3118556019187591, 0.43859263347930233, -0.7869705201852233, 0.3631782423630721, -0.17309496501698093, 0.6638213375227766, -0.6183602773104209, -0.1251063744124174, 0.6029554463386534, 0.38962300378857273, 0.7581072415417555, -0.840079948963287, -0.7220985961070565, 0.21871246235904265, -0.4378958983417274, 0.5560879795797831, 1.031506079629346, -0.8837685889567533, 0.5599014215425238, -0.05921775727376049]"
"[-0.6809535026942827, -1.9888970908397552, 3.0936708391030114, -0.9355157513430087, 1.6403699106829166, -2.524383175151034, -1.3828783156708864, -0.18751958989480552, 0.008483249557297918, 0.6959257510046299, -0.9112124433005121, 0.11885111514024595, 0.35218588443746174, -0.015356159989138852, -0.9048042940567078, 0.5752189995502363, -0.08817683927376119, 0.5074198137493569, 0.2297106398732596, 0.7102286557690108, 0.2025380436743747, -1.1993834597567838, -0.5189289985071996, 0.008346939630567006, -1.3395439499825847, -0.5088612636711864, -0.1586516925221501, -0.5225083968357236, -0.5849817951333903, -0.184335375439321, 1.0437626742664008, 0.2912476075965415, -0.6304666882975608, 0.022364669277113596, -0.19990942790934738, 0.23720561581266536, 0.09531068463324815, -0.26063431635975803, 0.565554394406379, -0.46439446968070125]","[1.669404096848933, 0.654333356253438, 0.8032942027397808, -0.714067741603686, -1.7555305119900348, 0.22820950584865782, 0.6075565610881374, 0.6922204691377966, -0.10462846109808162, -0.36276672162694124, -0.6036330020486812, 0.52023893415206, 0.14464604469488196, 0.2203236880319005, -0.31546363452037607, 0.6069966196461475, 1.1177491015117702, -0.23879863054002592, -0.28829043076609073, 0.5573773274621555, 0.2937748248726065, 0.18520398658347906, 0.19368257142182196, -0.9066290771058679, 0.23894685563659823, 0.16486276688998794, 0.3317180871109159, 0.3214377713474889, -0.3977983408248571, 0.17631467233307807, -0.030244988238360845, 0.3996773269734499, 0.28993371865152556, -0.47866650116003634, -0.0722833966879993, 0.05433574394710174, -0.23508164110385302, -0.30814261574201257, -0.11039558782011447, 0.6182108631158095]"
"[0.14324848089297515, -3.096376065125979, -0.3590192444334108, 1.5695670811232525, -0.911153306114434, 0.808199046048838, -0.16217927443338204, 0.4965494842815395, 0.820188367986833, 0.2238946775792611, -0.5746027222563787, -1.2653334609139337, 0.27605575343179545, -0.07241626133989437, -0.6646927234849835, 0.7277025080905585, -1.643512684714733, -0.5556563733895734, 1.3928350317148335, 0.5096274095704898, -0.5798848022754943, -1.8356419873690841, 0.14327915131406246, -0.13472730245517733, 0.34244914237231655, -1.1296394271070138, 0.12635712107918826, -0.49959922431567644, 0.5294600454593644, 0.6874645902696075, 0.13014031715716906, 0.5527749874136412, -0.866569578179463, -0.2710423948154491, 0.36200326542704436, -0.03182003382538892, -0.9308433281043532, 0.9842580028338248, 0.5275003195594501, -0.24156812465596608]","[3.665974480636379, -3.69092067891022, -0.42160895545108973, -0.05686511953763069, -0.09884312805742033, 0.6570747273587234, -0.8099964294916289, -0.0687686487878262, -0.1439674464510907, 0.532134824527829, 0.9299881395987065, -0.47743806168046427, 0.2541667753238607, 0.6213389860381313, -0.1654259656739337, -0.41588369012720855, 1.0304627346421733, 0.2761448292730052, -0.5972985424894578, -0.14076407139549488, -0.20905017544282586, 0.3234732762388458, -0.4010809950869364, 0.15094499049660715, -0.17397749434043192, -0.590195269365896, 0.47289611694151046, 0.130543715661584, 0.21309324945380045, -0.46724501498651166, -0.11421376464834072, 0.0060362179517036724, -0.07202243979720181, -0.1681571121168511, 0.4816451157137526, 0.26842394848056433, -0.10823628297892786, 0.2800340514299212, -0.20157856975915583, 0.28409010331448215]"
"[-0.2702228669462243, 0.1273987336023177, -1.3911075874353993, -2.3865706134852456, -2.1098177828276503, -0.4537774575945835, -0.9733693994617452, -1.3308094726715558, -0.3606990065935389, -0.25294669623035737, -1.9022296921482622, 0.0037030047662852915, -2.3751029164715995, -0.23564022045301647, -0.19303509282653158, -0.009000505632554891, 0.5694745710068468, -0.7741704356353933, -0.13301206178769712, -0.3687169755014058, 0.568004976604294, 0.532757898567605, 0.0838083672280017, 1.1977124020948453, 0.8530384187726391, -0.5518922676158123, -0.7000109556325297, 0.44398256651578655, 0.12104078157703457, 0.7576337240508152, 0.4460402218540566, -0.10267363198305614, -0.07487385069423393, 0.43245533513145623, 0.632393238485938, -0.05744071221579181, -0.7965254681822781, -0.10130945551945943, -0.30348540279731573, -0.15985585472342226]","[1.3379960127393917, 0.060590650246260196, 1.3253022445051477, -0.9720811254127563, -0.9391925585446349, 1.0063675001802426, 0.13685227405982342, 0.2255342672916784, 0.5063478533362334, 0.3623804598086032, -0.8767055817485951, -0.3147256438581839, -0.7916342323173335, -0.7835601397809424, -0.34487056118988846, -1.3691810178991135, -0.33929007061451383, 0.08230661462885742, -0.5179533929538245, -0.19120400303378082, -0.22619931623403675, -0.5702943714382718, 0.6191888035958021, 0.0691762086850668, 0.2244246372711014, 0.32772130793529397, -0.24384142065937583, 0.23571737358185008, 0.11851021351801361, 0.42803863335880216, 0.08089769667096895, -0.4182454322472287, -0.3529237051646023, 1.5065785946633556, -0.7942726062965211, 0.39591995716624656, 0.4801266190841469, -0.3480852776707895, -0.27467297120013084, -0.04618278729442821]"
"[1.9603642987043093, -1.8532280248467015, -0.5269176264757723, 0.7313800842228683, -1.0536056444420512, -0.3998743649805964, 1.2420247781778684, 0.1853822559381805, 2.2567803856659854, -1.4781613797839555, -0.4005573017205585, -0.5014178004925391, -0.04735351710849795, 1.9803432748559637, -0.288341663449219, 1.3844535627109342, 0.14861440157327613, 0.3179630643511433, 0.5472400323054305, -0.4524712025601225, 1.6065638027092046, -0.9818077775573054, 0.9965492014287132, 0.05445007796797907, 0.23633515422962348, 0.7515758482053413, -1.0219702353174789, -0.17365507368040922, -0.5141580206985843, 0.4237505455108037, -0.00935861755629883, -0.4042936143693969, 0.06427507468189782, 0.5588590410499572, -0.010390102846025272, 1.2964810876376531, 0.5143683365472566, -0.06376007348806524, -0.5665810479286576, -0.13324217867384172]","[4.007562113976354, 1.2833462454340245, -1.500457769443326, -0.2674894933489131, 1.107910994114056, -1.7207542828368751, -0.1268384458741153, 0.11454494501295884, -0.11133192738276125, 0.36080396618430094, 0.3961234050569128, 0.8678523508893061, 0.15108505115467985, -0.46831648886375854, -0.5606767880498793, 0.15470334195135987, 0.2682440444848151, -0.2291121171752978, -0.0758830058485994, 0.09476184843476881, -0.1701321855287565, 0.5563991438109442, -0.27116945481421667, 0.18567193027292694, -0.16879844712012368, 0.04310384215704468, 0.1677802329241014, -0.026876477483378243, -0.10022354416594226, 0.08727406850233323, 0.14852591319498035, 0.04241882677599038, 0.17702816583650807, -0.07321160192529001, -0.10083986063250618, 0.14435097387702145, 0.08016436297152175, 0.0959845209207078, -0.00577835144864723, 0.2171162502255834]"
"[0.40924767675782775, -2.0759882959689797, -0.7027414252982912, -1.9783752490790523, 0.8234937635220362, -0.8964710350995441, -1.467303200562658, -1.6389155998858624, 1.8650320044741406, -0.9347251225967977, 0.4098279749046494, 0.31956766764486344, -0.48480868954620493, -0.9428197273284249, 0.529108518030222, -0.314199911166034, -0.011546746836825389, 0.44903299007556163, 0.7974975069405794, -1.0351117562980132, 0.36647675649107353, -0.6049065251433662, -0.10855812302261944, 0.47553883353232357, -0.43186031311517836, 0.8248378301181349, 0.8881642451163939, 0.20574794356781484, 0.9787422767883106, 0.2278533414489298, -0.21464700025478756, -0.3927801484749092, -0.2956801885765491, 0.3435384875156267, 0.021559164888792295, -0.38484745843201246, 0.0070601350018662905, -0.2727085445229967, -0.7725287077200662, 0.4479069563038872]","[0.21045614711335123, -1.3522731186313788, 0.33560126751398695, 0.9948115822313437, -0.2466669598748856, -0.7851698055713554, 0.2860573960684833, 0.6260951876036476, 0.2102113223250618, 1.2069075989194895, -1.469507270244061, -0.6939677660058584, -0.5594031691026179, 0.02936196729406317, 0.20283718938390266, 0.4644258619076882, 0.47888401482115306, -0.74180299038382, -0.13186404668152898, 0.654492412679009, 0.0138426247201683, -0.03008145929484659, -0.009989487865963032, -0.891636313886182, 1.183853221746483, -0.32906560543456037, 0.7066553642646929, 0.34580528419378775, -1.0307410937788026, 0.07918735652269128, 0.3148941512483673, -0.4893380701972074, 0.5249967858526842, 0.04944079941981804, -0.30401842415057745, -0.599339086330341, -1.0886325001369974, -0.0066446666049222464, 1.2755646584556593, 0.02434406245334306]"
"[3.195045734678875, 0.08080782826730672, -2.1879320028818934, -0.3901761250469394, 1.1910021136285147, -1.6775840788133713, 1.2087444505461211, -0.4330544781347219, 0.36199818706761605, -0.3889084553387385, -0.23819151896457977, -0.7624515061536457, 0.3871236744408935, 1.4878382993023778, 0.8215445515134919, -0.15475861214592412, 0.4323819782467286, 0.542999002642599, 0.3058028714994583, 1.4669716762960412, -0.03281328407466812, 0.8102721675917091, 0.7625829155256251, -0.08502568145410869, -0.12489855064235883, 1.0938700729177668, -0.6601205071232893, -0.25754388687947155, 0.10390702020395635, -0.13614404393237198, -0.6398775275771329, 0.4643257972685266, 0.9729844261647098, 1.007373087750488, -0.45081709886966725, -0.3546394277733875, 0.33294939472345536, 0.12938763832126265, -0.7857725495840213, 0.34568137042171265]","[0.9799767919733605, 0.7960397563959034, -0.7265612756829365, -0.9772150546928894, 2.1180169656752965, -1.320347038320567, -0.12938726823549793, 0.4059406203186825, 0.29996608332384966, 0.5615745317903997, -0.015714505680539996, 0.5100467068800675, 0.10665387001945006, -1.0690168556746944, 0.3877757820810343, -1.0580839021480788, 0.37263068916579734, 0.418788792855011, -0.11534073262845926, 0.039778442587553864, 0.4963112925223307, 0.9318668900203022, 0.5301683346851098, 0.052135710601376506, -0.0014642079846999417, 0.7139715498094193, 0.8701494855624406, -0.28464352856850256, 0.13445709265509895, -0.6955541018868286, -0.09784733814533181, 0.4197090121870862, 0.5080405874521646, 0.4804337777376686, 0.6171533612263213, -0.4287617446812686, -0.1767291568484351, 0.5076873073096645, -0.40489983183236183, 0.15577810569992437]"
"[2.6131666011942074, 2.386001168743202, -0.07915306559555531, 1.314778416138308, -0.6563438511401716, -1.5693080704366729, -0.5710178945880504, 1.0784979659857192, 0.02213104594928019, 0.9598330578604246, 0.4822053408339561, 1.6917906183302789, -0.3274660746045992, 0.6775260373403528, 0.3861982251657518, 0.9404756143730243, -0.7586723989344145, -0.95951819920081, -1.495464296995118, -1.1063572160524515, -0.9163606641898203, -0.26423470121753206, 0.1004814930088063, 0.7743785835703522, -0.23062669748144737, -0.3296281215652715, -0.4233389862666299, 0.8364915004525322, -0.3931313914480961, -0.4350755099335405, 0.6538802045711816, 0.23361275320350572, -0.031966175479859305, -0.5513429706945934, -0.3582389938756816, -0.6509294725775141, 0.8298551664185481, -0.8227382424553669, -0.30841080673340443, 0.955742967732374]","[-2.0274068068662388, -0.4100340429839477, 0.8884532879816919, 0.3030271226712303, 1.0742192449368866, 0.03073179440757853, 0.8014196365283859, 1.30752806303131, 0.5070176059660628, 0.8179001716586164, -0.01172418329353198, -0.4414852220801594, -0.5441394892088512, -0.25459254191930336, -0.335444903739699, 0.0608481926147264, -0.8469484209908245, 0.7615343000448146, -0.210890806674568, 0.3265255786280337, -1.1250940821951398, -0.09153304145565973, -0.2105916429795114, 0.9070483811331677, 1.3696330064852005, -0.16196417149366782, 0.7206349216775452, 0.9711882949394007, 0.6104872428273258, -0.3138978761121125, 0.6584989454710699, 0.7783923105993226, -0.6870622479521507, -0.19585974326774802, -0.6852155454782585, 0.4044391770082823, -0.05866848716253134, -0.02188086496813421, 0.7648631835717639, -0.18543819129665307]"
"[0.6640954877568862, -0.3878772050371163, 0.1560191586306454, 1.4172462127372754, -3.1639936255205408, 0.9372249397720881, -0.7776414956166153, 2.6034210102779576, 1.7436055526734193, -0.26306364887208766, -0.009944368928240318, 0.4899891275925981, -0.29149735014183614, -0.17807407377957887, 0.8407385609604249, -0.6042343204008532, 0.36777243693430756, -0.055941368192236836, 0.29666791481504534, -0.764698621469303, 0.16832114270893597, -0.2976785287783395, -0.4276454758767059, -0.06947710618936265, -0.5195418210299935, 0.394282571896167, -0.4319803478519076, 0.4866884755026931, 0.5825526717849603, -0.8284367757790059, -0.13410882534711763, 0.30916777617451763, -1.0211469196858123, -1.0978435855554909, 0.042342228792803166, 0.7117770099866925, 0.059458431110550124, -1.3968770257689995, -0.2600201039021661, -0.09700849085172507]","[-2.9205575979407303, 0.9545169681810041, 0.8897202899213825, -1.1135506664755153, 0.6205410411209239, 0.5201684462246213, -0.7983177057745371, 0.7057313968042781, 0.29124298160895284, -0.3175620636764098, -0.4608614328910795, 1.2023707563050845, -0.43126200250033503, 0.4291720904463586, 0.6000924106228247, 0.5169257811513978, 0.2949121475525932, 0.5087053992903331, -0.09266896751932788, -0.1302455057782274, -0.2354903516390839, -0.5913231568105741, 0.017782150140075347, 0.08224827671711701, -0.095089670854613, 1.9044671802877906, 0.35387958713791096, 0.42628236457497987, 0.2651732819338031, -0.4804995239398248, -0.4057600645060621, 0.10273461138866921, 0.457434931474425, -0.00434283069047496, 0.844791014125565, 0.18312732543514432, -0.6405978396545673, 0.24191770098840734, -0.27195219798159076, 0.12488795348960985]"
"[2.702028795655931, 1.42153359076087, -1.2208854388082293, -0.5693173021867852, 1.35022775984784, -0.38060080032850085, 1.3120392434652828, 1.3448837206240345, -1.5101517799158752, 0.3481593764456061, -0.26667192111458293, 1.6511244294652583, 0.5382498253270437, -1.0889445246782237, -0.3075157984159045, -0.11901918855980227, -1.1500503718876898, 0.5553218130078599, -1.31089884693597, 0.7477786177632177, 0.13159088133503163, -0.22895778415977286, 0.1479223147954774, 0.18781735490014753, 0.6257435014816259, -0.021709943859630192, 0.3194097587604262, -0.11036136133191296, 0.5228238944410711, 0.20571124629362475, -0.0675565322125028, -0.6857581019655519, -0.0785629397330304, 0.7124953392640867, 0.22012021097000867, 0.25627764397007424, -0.1930163338294386, 0.1174167234564652, -0.08649309193994226, -0.07956000055608271]","[0.41166291254089504, 1.3904732311417272, -0.8748544175898908, 1.7751748564910637, 0.5029901339312582, 0.6259630455193959, 0.5001814654495984, 0.7825159764008522, -0.5925767392490686, -1.098561405969756, -0.04727772415227187, -0.8524129439304375, 0.7236382286045046, -0.588013554413084, 0.14158092091285462, -1.1192461854172504, -0.7096956237586618, -0.06376799090513129, -0.3366972106124442, -0.08395002015044997, 0.08777474923897427, 0.2553495144261706, 0.1472241745901433, 0.010545095945369525, -0.633910427722172, -0.004457755774612683, 0.14987803644032627, 0.5019988682841203, -0.055503784181793095, 0.12199420206560017, -0.40860700862247495, -0.33112042077700204, 0.195702877823411, -0.33612548671243614, 0.5368965325775086, 0.02126554310757778, -0.423295974984434, 0.2253556262354435, 0.14264622676834252, -0.6246374817234347]"
"[1.8985926015796628, 2.3730962530796713, 1.6279516233217346, 1.2964567722472484, -0.11289591576209265, -1.081562390810378, -0.6786625145736207, 0.636193580598949, -0.495157268814668, 0.014920778176890163, 0.41368483550902674, -0.0416684783812988, 1.2485054325978302, -0.9380864155901242, -1.5007364834577894, -0.1105146557439501, -0.3411837230625629, -0.8435070630030334, -0.7340427773743596, 0.019090661844746455, 0.031701380833223984, -0.11616604552253995, 0.07659880719345354, -0.01921705706750081, -0.18484037827466182, -0.3746147254931417, 0.839126839116679, -0.33825548083002943, -0.11389039732872405, -0.4064319346493222, -0.6807094624639882, 0.7550416352418465, -0.010024865031016596, -0.2966089407316352, 0.12987090710422383, 0.1549370365236815, -0.5067039681327594, -0.0013528831640310399, 0.43714212803058067, -0.41547625081875705]","[2.1473952181741813, 1.134259469207273, 1.5317224408166277, -0.3203579442105241, -0.6240293470914178, 0.797579228270408, 0.8319737571617474, 1.5228771479282728, -1.0310545764921613, -0.4029013983175376, 0.053890990198749295, 0.12564623260860763, 0.1193454547639715, 0.13144953737702866, -0.42350253471453564, 0.6513438274787058, 0.6798809430544717, -0.5790389617248102, -0.06904360972208613, -0.054525363617320265, -0.37684470150596855, 0.020973491039602873, -0.36619769223991544, 0.351900620418257, 0.18516871488569656, -0.001653387554125279, -0.5936027726439911, 0.619409116662971, 0.3033014115589202, 0.6628972885895212, -0.4812255636421889, 0.17056059301729265, 0.14700372423121172, -0.6000960437903412, 0.3413306117738174, 0.14382251244809105, -0.07087197029157301, -0.3121411651241864, 0.23695036912578799, 0.010944822869985485]"
"[1.6952044242108613, 1.1449503182261838, -2.7942290972452817, -0.4442029223469846, 1.189877729061346, 1.018293046417887, -0.6546201850008575, -0.9959894178112196, 0.43366439618833585, -1.4181717930133022, 1.6565016027820945, -0.3751611523178676, 0.7595260873959475, 2.5707418159277675, 0.21338898190177374, -1.3609105741241005, 0.12988947035978113, -1.0181270743181288, -0.8636857799902043, 0.525789010978811, 0.08002255088868564, -0.4798519625738169, 0.22551317884973188, 0.24981047231367395, -0.31957099431324926, 0.20813147576286778, -0.02748698700937075, 0.2503033559310581, 0.043548245802895215, -0.12386593936812361, 1.1697747417682989, -1.373487715008293, -0.0756730823192853, 0.24116864993346435, 0.02620779217313649, -0.01780287572006204, -0.6889856183941063, -0.9612789680112008, 0.06354268653137156, -0.7617003762276096]","[-0.4244119973379086, 0.14183530617158982, 1.2733878975758495, -1.1654736390536446, 0.07947744445060208, 0.45837444607869654, 0.7859633930001865, 0.5519779621963709, 1.0976239468592708, 0.3367809285329958, -0.14348635041541, -1.4148888683249736, -0.2720014866698051, -1.1559575995764193, 1.069676569300067, -0.9645395534507742, 0.2985679419907935, 0.25902057281359725, 0.1309955386412774, 0.01570193254157212, 0.2393916546360995, -0.1883801953684328, -0.49909327362548117, 1.0853400038833212, -0.4067689851876053, 0.258936859490703, -0.5733832795758712, -0.9167410604034177, 0.339071989628451, -0.09595582662418958, 0.48140547980603865, 0.32536071833997526, 0.09445826790828059, -0.5001588584915369, 0.6038637634365829, 0.07463074763781984, 0.3748215471001065, 0.12403968810802118, 0.07805596347755735, -0.4031526892282171]"
"[-0.2154717482883525, 2.519195879468043, 1.0825607726560098, 0.533607635401598, 3.6928070936825663, 2.237944115657852, 0.9757935209732038, 0.05023258587827692, -0.04484635653564402, -0.2292490869339006, -0.8853751507436441, -1.65071705877557, -0.8001893290355975, 0.026595511884113347, 0.9640288210750876, 0.8342210919719496, 0.28909757076316334, 0.622226486058039, 0.57563917588267, -0.8350767131424718, -1.00161849706959, 0.3800166121656057, -0.05060058479173946, -0.389668604520154, 1.3449640020087907, 0.14119562581153516, -1.0393368540811136, -0.5240200626821379, 1.119348729237476, 0.4461398011061747, -1.0733698305663564, 0.40550823672041997, -0.5588584596745679, -0.14847465563900236, 0.281189423547059, -0.10330205564275367, 0.527410346877999, 0.5147997219508595, 0.6913084644732947, 0.5451043893146665]","[4.07781288649274, 1.168247751712573, -1.4038510961747437, -0.09885981209218844, 1.0274330958636528, -1.280597071032802, -0.08547780776977408, -0.07861058174098064, -0.1927815382042217, 0.1185289029274617, 0.8193995444960711, 0.2101355797975173, -0.13035768895114383, -0.19941174991912855, -0.31478534294484534, 0.08647936183168087, 0.27129926490604517, 0.15116941287609012, 0.12004317877282973, 0.2601671469416172, 0.21751066850632253, -0.017117993579351027, -0.20969206723450262, 0.19903702111032695, 0.21926395189128922, -0.1169053937055133, 0.18077461512567394, 0.12440679582126452, 0.004249600527608063, -0.051365443293865144, 0.33833855712855787, -0.014668819622473123, 0.35095744736730666, 0.25276448727379924, -0.3875908541953014, -0.0405675856500318, -0.02671125565035884, -0.03507170004047322, -0.05121857744073243, 0.21164805614764678]"
"[-0.283836648198107, -1.177784667288475, -2.122662622795316, -2.0470509726586097, -0.7837944886917585, 1.1655143984211953, -3.0906159205803276, -1.088686065284767, 0.7751708339934509, -2.286198074036985, 0.15279201511107726, 1.6210136713927947, 0.9720243487217799, -0.9750444321113118, 1.285628608741663, -0.5790957461747406, -0.9571560140780873, -0.23994706857572867, 0.2891662750135148, -0.3759678381363025, -0.5059234663602447, -0.3820999112418305, 0.8110510324778722, 0.4684374999682391, 0.1980423928140004, 1.7092003981698296, 0.43575579680097004, -0.3892329285575591, 0.4889705967857868, 0.5032795523355269, 0.6918655211988942, -0.2412958180993696, 0.3173847638506194, 0.016471910858017507, 0.20795076406806423, -0.3796656723602838, -0.07590708209086204, -0.7815776276549313, 0.032703046017138124, -0.5568972436470824]","[0.8684112001171242, 0.014154720142904947, -0.7902168957850336, -0.2715955970704092, -0.5260643278495, -0.3480631241809086, 0.4923952950299563, 0.5679215197543553, 0.147291506001246, 0.09588675521412675, -1.6760759701928591, -1.108245883593486, 0.059658200900727335, -0.6498419520041316, 1.7432945920173908, -0.5109223860210045, 0.9120120694023984, -0.5225106723607055, -0.0438185502499686, -0.4968751761905785, 0.7681907217338348, -0.3791148203201381, 0.5154835684253742, 0.8435307875419804, -0.7294257447893441, -0.30942831143224536, -0.08328676727656054, -0.12983967240964595, -0.23741027743110368, -0.6981163711626821, 0.023601260875383598, 0.12062698960608009, -0.13411819200529365, 0.38609676139273647, -0.24169541562641433, 0.2751385845259675, -0.2768476153233212, -0.5908828733329133, 0.36954088015296815, 0.550663332260964]"
"[1.0210504321502767, -2.6877313476003346, 2.7224894691723236, -0.1957444745783371, 0.33254387988992407, -0.29721243066568803, 0.3733786513074256, -0.12109964956840391, -1.2565388685867223, -0.8945177908094676, 1.7782431569288344, 0.14803075599190332, -0.6362139689158272, -0.05258934857137804, -0.7869564127720731, -1.4490998204316237, 0.8212570649813621, 0.47586087010470274, 0.8649179364414883, 0.2813063661468868, -0.22161197151887335, 0.9023110181316684, 0.15977794198982131, 0.5900710108301529, 0.920040997192151, 1.0817540504897576, 0.2922013986894467, 1.0084057230476136, -0.4594082082187073, -0.6852149111861513, -0.3652818051602488, -0.15510556392717156, -0.17085817473422893, 0.24960492523397537, 1.0056901977596941, -1.0556720071510515, 0.8659818037215132, 0.7311279221062135, -0.6693266465444736, 0.16828270718109917]","[1.0958997796505325, -0.29778071500831504, -0.22600789447213457, -0.28962835442075635, 0.6475316460697761, 0.38123198913193346, -1.593184227212174, -1.2583726430795228, -0.6577693839135587, -0.558273158448995, -1.288562086957372, 0.2569830303246202, -0.5702616321315662, 1.004258850907517, 0.09844580541849027, -0.2540612264542379, 0.4311375502130974, 0.2076943469334848, -0.06614320139177214, 0.42476205796982136, -0.25596641427622224, 0.37179762669676814, -0.036053939800921385, -0.26423118974091975, -0.31674113202152665, -0.17248245358281927, -0.3599881648108196, 0.13936385439852275, 0.8288788525716078, -0.180973469885681, -0.36321008297239077, 0.5461285942116961, 0.09774394829790055, 0.08848429663735992, -0.08356242741660443, -0.7438305329439803, 0.4022497226650743, -0.6031699385180653, -0.5140072063499299, -0.27635710352144466]"
"[-2.8699926007855434, 0.2994720655664894, 1.997577594642148, -1.140768034303243, -0.24959630279247183, -0.43227541155548926, -0.5064508845048071, 0.0547998795718396, -0.20193626240586343, -1.166229410273485, 0.14198673805751533, 0.19210404727066746, 1.0470198617142477, 1.2018266834938058, 0.6666374596933474, -0.892304218792696, -0.6471468641618998, 0.8327183329703655, -0.8762224761241626, 0.17242311296559137, -0.022864029166048842, -0.15657885449807843, -0.02297095774473522, 0.538444260304847, -1.281012035444285, 0.16720309436610353, 0.4304660683269329, 0.6229759792473717, 0.427525413828585, 0.020366744301213043, 0.2490817487959502, 0.35045266043054796, 1.0644556271240084, 0.37076577164356556, 1.0336003373007911, 1.3106811743479294, -0.14546491569513992, 0.2561213418900533, 1.3069971385933568, -1.0082818589068785]","[-3.5487517736188514, -0.6044044600452184, -0.6697736665418434, 0.30738753325396906, -1.830171621831955, -1.0953532577224192, 0.23897122143248742, -0.11216074608399654, -0.8224904588801285, -0.4782901666281971, 0.07416223151857713, -0.11125074376059177, -0.13194085630316071, -0.07408670746998332, -0.5771689284115399, -0.5355489613357287, -0.4736841459776638, -0.37272738239142483, 0.5914214432856892, 1.1136230676806094, -0.6276300612998365, -0.3019059580480393, 0.0462261638702862, -0.43767220043513105, 0.0782395968203559, -0.5854204285191964, 0.30371324456699383, 0.393333127598339, -1.1121542550137284, -0.620027374088141, 0.20018551812963586, 0.33760631751106945, 0.5137342984129077, 0.7664665279028827, 0.579685761458174, -0.2715177443260013, -0.15361382625813147, -0.47174877578038615, -0.4146215359255314, -0.19329856945810867]"
"[-2.5655522938196134, 0.9760847895690965, -0.5037000001269277, -1.0385041220968225, -0.7189943081952151, -2.025644608640166, 0.6825609399592428, -0.4078533234240176, 0.09449126656193364, -1.2703080357534546, 0.48204806191447597, -0.2983669483219976, -0.9806818419160512, -1.1618006792070905, 0.08303849448253835, -1.5950810225852694, 0.2191855270900069, 0.057767225488289546, 0.905647102687446, -0.6126678429627035, -0.2273216341399781, -1.2437974319248912, -0.24270723882746187, -0.31819003191602574, -0.3295298195079662, 0.907149850428609, 0.5994634411964538, -0.6293877541267452, 0.7228193797419435, 0.5911108610028498, 0.8731256347426083, -0.15854959930904394, 0.6264291126124122, 1.327153826427099, -0.30314774741728046, 0.15648086158559169, 1.2079615160614887, 1.042321517211358, -0.3851979758051121, 0.6531474138832373]","[0.3045101985084784, -1.9661793253567952, -0.4305660672260039, 0.7169466958922727, -0.2015376720371518, -0.3309868602870343, -1.603246845498486, 0.8654956833088112, 0.22868306731159477, 0.03556459713159071, -0.7647990334760987, -0.17286319034939138, -0.5544233948582757, 0.547437254745939, -0.5642822692005761, -0.5373955815486856, -0.4249181803397012, 1.426245889934585, 0.5528137769875475, -0.01668781437032237, -0.2549610910526766, -0.727090512288221, 0.09354690877580667, -0.10851317605728589, -1.0040637131031147, -0.5279220096053377, 0.409404673478528, -0.20763692647231013, -0.9779672714137441, 0.7192767563185424, -0.2674997103954247, -0.28061941273387314, 0.6647030744922072, 1.212903393226883, -0.4758325937904376, 0.30513724198816106, -0.10161283481246465, -0.02318084268623089, 0.5163363207608107, -0.07669245568379927]"
"[0.5643023071673543, -1.7756254059380643, 0.7796359291832049, 1.4127238870081338, -0.69251597878693, 0.0029436407080318445, 0.15729315164652122, 2.4028933703193984, 1.4250900183602442, 0.13444188653671366, -0.10500802722533913, -1.1707174579323418, 0.04402255264179212, -1.2440320390881847, -0.8133698262140551, -0.701250486795668, 0.8606882278355122, 0.02965646094031665, -0.31228217238379424, 0.3230281141552333, -0.5114533676113109, -0.7901327169011586, 0.9750821679662451, 0.738493796800462, 1.2830537130678035, -0.8432474818450777, 0.21532189189815576, 0.6632184647616974, -0.2557209836021722, 0.5258627964364987, -1.1367595253181595, -0.6109491147067625, 1.2408260626208576, 0.9706166698143808, -0.6537543930192119, 0.23978299787360213, 0.8044208070060622, -0.14446145130037488, 0.49736683713446095, 0.08178470805129415]","[-2.2788616958068415, 0.32404503585603345, -0.8183715072639944, -0.6595918880500539, -0.34288116754463177, 0.464144355337186, -1.3865806673561458, 0.28311829871337124, -0.16119173094072975, 0.6474108289555773, 0.7161171027010304, 0.9881497502072445, -0.09181060405130306, 0.24635855580503543, 1.5479726080330338, 0.3086948069158864, 0.35038674789089713, -0.028210511475358115, -1.5487659391137463, 0.04708114001837282, -1.1069022178834322, -1.0328419845803916, 0.30304616720363964, -0.6328038106548685, 0.5980099796965763, 0.2934677188235771, -1.222430997807458, -1.183103709758995, -0.8462632939800879, -0.40260861849550517, -0.3943645544852176, -0.5024949490925762, 0.02860913888263406, -0.3904802176221566, 0.011711449970676847, -0.48230931563365576, -0.2050491103053149, 0.126037538966305, 0.6022963177595826, 0.09761308598699657]"
"[-0.6162548225822236, -1.8503669940021352, 3.9974371073605797, -0.5419479600712154, -0.06950583862894437, -1.0453128063794184, -0.17397156197586564, 0.836688600003371, -1.8543945346766486, -0.0075039742529025705, -0.50225335359748, 0.36593994261481305, 0.17954540458919394, 0.7566586737039485, -0.3331912367894693, 0.19488831195762085, -0.9876586247357517, -0.3070994881253803, -0.00864132597804085, -0.9127399327458245, 0.14283022270441462, 0.6445075162336928, 0.5558428138864829, -0.44386495339756915, 0.18480116985109002, 0.9931735474816964, -0.7686435113987726, -0.5312953765817536, -0.729196394876746, 0.06875969161951544, 0.38503517160882683, 0.8357298463810879, -0.2879124463146359, -0.3546428271128562, -0.06071829515312522, 0.10702113344919884, -1.2298323571488774, 0.3635002171908619, 0.2760809182931327, 0.3352514594728264]","[-2.6521227764494193, -0.44249702950984515, -0.5602489916918756, 0.4516710202242146, -0.47619222260186683, -0.13834845278737862, 0.6488762289225446, -0.6956739373048544, -1.560208965398873, -1.001378106955959, -1.6441952570676301, 0.10913659749192117, 0.4651463211427151, -0.20716018315634008, 0.1835478767714506, 0.17876407522203, -0.4441769103734362, 1.16005737475448, 0.13687777812556626, -0.1538173143731491, 0.1504826156622491, 0.63129761786983, -0.31735824884162367, 0.2695498703714597, 0.3617316808726792, 0.44677598886885356, -0.29011947810481215, -0.02322016009869073, -0.38758214870431984, 0.2395509345374361, -0.4990379566851501, 0.6475726608190959, -0.43804518434463324, 0.17470069063557456, -0.0921114440485985, 0.10351306856617537, 0.6093858060930905, 0.1279788564659005, -0.5105586562545036, 0.4448341209270458]"
"[-0.3185002433835953, -2.495024776342317, -3.2458915894086964, 1.029068440304887, 0.6471150851109647, -1.1517466623596675, 1.3482576271544116, -1.0389730003906394, 0.018207707177579753, -0.09243232438253356, 1.2238765564092307, -1.0834423790785745, -1.4566863707099893, -0.8941875378702118, -0.562553717102686, 0.802564142398513, -0.6144154766174875, -0.23022767986546622, -0.013019955029113907, -1.3258011906958616, 0.51377522097246, 0.7364016219053675, -1.1232681912875413, 0.567034602712825, -0.756962379024424, 0.5867037588689749, 1.13113779095219, 0.2881674497264352, -1.1107639036057404, 0.6178978628994626, 0.4145791623893348, -0.5595351790473925, 0.6367202565301191, -0.3208630020297846, 0.4771331905312197, 0.32406631470392616, 0.08833378713535552, 0.31269991161628996, 0.6003133961531684, -0.9936471982308823]","[1.3063196209834431, 1.6293005249252297, -1.3958929232609265, 1.9091134606778974, -0.025231177418688692, 1.0537061302688404, -0.3438548107572379, 0.8380627488261355, 0.42470821737729336, -0.6802044719114508, -0.5270964364096202, -0.7719190946753198, 0.5536681894117312, -0.44291868411730345, 0.26702603776719697, -0.14715106371302294, -0.1595224312512885, -0.45023454120254053, 0.4503728809311888, 0.12637057642203095, -1.1945447346952491, -0.4557462831060474, 0.04367637766584415, -0.499025730294027, -0.2341647491198395, 0.35355107345164305, 0.23498841703181536, 0.1532175158900752, -0.10290901892930296, -0.02394871273078267, 0.6093146501001725, -0.5099128645926728, 0.4358285169430464, 0.1965228441938242, 0.04759998173554032, -0.1421087813609547, -0.20628272841512327, 0.1849794422321131, -0.03622436428633935, 0.09161074183728457]"
"[-0.33229459843439707, -0.31279537617725445, 0.03257176565749618, -2.113797414239702, 0.3470191016291732, -0.7337453606531298, -1.7457678825037686, 0.31652394376256193, -1.2451405320677276, 1.2293759594456994, -1.148227397085473, 0.14254207387583884, 1.0557512612165387, 1.53523969057159, -0.25328939230832026, 0.693273896392164, 0.022784704858608104, -0.5379302171984212, 1.3291057901936862, -0.09948161887098328, 0.4559766063735316, -0.24098003004286192, 0.5940700128961527, -0.6666723921986741, -0.3005165138501667, 0.24111121819752293, -0.2107422720772078, -2.265099488508726, -0.9401363521993363, -0.9499406413462458, -0.7339629804195097, -0.34619320366582373, 0.9646766453467466, -0.7105494425084734, -1.2562617413022552, 0.8967530908314378, -0.4525154063040388, -0.3542379275704841, -0.24530682179753927, 0.6169314052900152]","[0.033144077725687844, -0.30822140181920327, 0.31421648881063724, 0.5060923386013109, -0.04648481768977982, -0.19284002964476604, 1.608827691475628, -0.5969430263931267, 1.6881214554404984, 0.49339908158738766, -0.2868181605295654, -0.23020298087734248, 0.6103517205162537, 1.341714286396164, -0.3764062122751307, -0.7356887804386266, 1.2247856366974224, 0.28326505746289926, 0.31326315008224814, -0.9574317131637347, -0.4018402914405584, 0.2135122156755071, 0.06055743323061728, 0.2084872328895944, 1.1981783726167614, -0.10414750162262615, -0.5765265446166723, -0.14743286145791612, 0.731977238392073, 0.6054801924075167, -0.20231940225227565, 0.5179646872635164, -0.12707249736622792, 0.8347520992982281, -0.6915702996090152, 0.29277340443101385, 0.21037676614221343, 0.5879468618003756, 0.2275155344412355, -0.5768583438763546]"
"[-0.9151728093413775, -2.788732640161546, -1.680931395589087, 2.4847338430628105, 0.28847326099081233, 1.6960616280234835, -0.6061990440243237, -1.0730497023960077, -0.16453374838778792, 0.7363385634601411, -2.5385364207307894, 0.11891389802051103, 0.5191540117589547, 0.6983939032656333, -0.1623503320056423, -1.2718308748119416, -0.06856705786818736, 2.4853302016819288, -0.5776779612015073, 0.8756629031555148, 0.10642598828967473, 1.3196954598107, 0.38409854895583917, -0.047306004672059664, -1.2816971731102322, -0.3240943515564437, 0.37472843299206443, -0.7297498998804061, 0.5135898730788488, 0.19619723475514866, 0.3051742941357722, -1.831672902280742, 0.17275047522227513, -0.49332440797871935, -0.17720414302008636, 0.07848241612834733, 0.2564621482533263, 0.5527860781028086, -1.5356229660414096, 0.1978344863175288]","[-2.9474782107495376, 0.2326296788449477, -1.2874620058694513, -0.6158129899354532, -0.16732368765418038, 0.5952896604278701, -0.8120107413265477, 1.4573240882769518, -0.6828561337115266, 0.21039852556498853, 0.2343769255908962, 0.8195217775723564, 0.082773790344052, -0.12041022023481658, -0.07078500199327549, -0.11572834223041543, -0.800941599182717, -0.46832260064973075, -0.35451481328766493, -0.6572244582290364, 0.44590049655812064, 0.4291725505359365, -1.6340575654066998, -0.6563262468401911, 0.5417376354060112, 0.09475793736510174, -0.35864509883143436, -0.2634006993226544, 0.18943909010820315, 0.013642806729652455, -0.20512370049042372, 1.327290909249447, -0.8711762742755059, -0.37447729091349913, -0.048930833449133654, 0.17526524108677774, -0.4571430984310695, -0.5417872025130436, -0.01459287750907685, 1.382633479925027]"
"[-0.35852232807629675, -1.896077031296756, 1.4032272729337096, 0.7175257137420615, 2.2958802575970445, -0.5243851788096274, 0.434194637159759, 0.03579110466552868, 0.26654255869290516, -0.21579011948685217, 0.7150243520049168, -0.3675090069235238, 0.45539952947266504, -0.27831390897550173, 0.20415471605025934, -1.2654102308341093, -0.690039909965598, 0.05401988549531378, -0.5667460753814361, 0.4900865001559384, 1.1163330151266406, 0.01981706816930038, -1.4100870679600201, 1.0710784295285773, 0.508195534871869, -0.695486087130166, -1.4013725275413533, -0.49048309506587273, 0.07043387687566888, -0.1296468626015862, 0.700329989959897, 0.9184045270695708, -0.8888959837073144, 0.12943183537285896, -0.7523489158022687, 1.168161043261075, -0.6605264651909704, -1.8493826720223205, 0.9049724827534577, 0.619489874731724]","[-3.1181915404385747, -0.2709545669532975, -0.32488586524418384, -0.584192830744428, -0.4542077341606518, 0.09619350105182636, -1.0081119561921017, -0.42666974667270724, 0.9562645759923778, -0.4500584050744517, 0.2863264327310342, -0.4543511234322225, 0.041139165399406936, 0.5099777501773907, -0.26088072182952987, -0.8322019427799074, 0.03337248976488703, 0.21008156735627573, -0.6223165119223838, -0.08154806288368559, 0.3737915639130456, -0.037520428840359304, -0.9403328539367245, -0.32092042592017445, -1.0494349011876163, -0.13210234366531282, 0.0639978855460109, 1.7332021848455959, -0.4507917573123159, 0.40145899265813956, 1.4822955365907464, -0.14937082619298794, -0.5111126980657613, 0.6994266826926923, -0.4874484440636131, 0.04473134821575253, -0.7470621513719318, -0.07969415697335548, -0.36162124288731257, 0.31116647583120555]"
"[-0.8511986565707476, 0.8370584249256618, 1.8907124755082445, 1.4870691042428084, -0.5775460927058716, -0.622923431723622, 0.0351292084716985, 0.2564017458997243, -0.22248312898588443, 1.1193954394700425, 0.21472253907832275, -0.13077619494010023, -1.5981631516874577, 1.094298052106368, 2.2533120992309312, -0.8553011346690049, -0.8715398392153658, -1.9328872926500629, -1.0317027968167487, 0.3946687388199517, 0.4905187330415051, -0.5029175559182305, -0.3556907485558421, 0.07932417070290808, -1.0050828227715483, 0.393536447917861, -0.36627541410828124, 0.9429632809476096, 0.2181625369285768, -1.1441742029161526, -1.2768337839296764, -0.25803615928119283, -0.27265269585502266, -0.5326000989859312, -0.354792486571868, -0.4186191802405188, -0.41408323115663, -1.2400839106743395, -0.018602939434391116, -0.4221137186846303]","[0.5712309330104224, -0.5317690882965387, 1.6960671801701899, -0.6405963341507221, 0.09166139762846197, 0.5931514358075066, 0.5873729268142682, 0.16013266563779782, -0.045044629444153515, 0.34225644557488555, -0.8526734436168175, -0.4272607223416329, -0.274122331014722, -0.46596787217481295, 0.027488373091752293, -0.46694242903155825, -2.271813630090035, -0.45179974623446095, -1.1265668402774376, -0.8111145504062482, 0.436446055661642, 1.048706302215428, 0.6929031786570525, -0.23815894845804073, 0.31691889193398504, 0.2676083114531514, -0.3590701837788402, 0.2490064201067238, -0.83663614774645, 0.3682838192736378, 0.15214605962812827, -0.6362616957460735, -0.20515600466024098, -0.29029927886662055, -0.3660549291201699, 0.2038379725531596, -0.665427866050251, -0.6405221482405504, -0.3989637336859556, -0.9835216881272305]"
"[-1.5896777148986436, 3.8896422602225744, 1.3453952559760027, 1.176303638461648, 0.9863265025029828, -0.1885247393939332, 0.892865548590515, 0.599471645749465, 0.9945446472409107, -1.3192159726766421, -0.6058763055193702, 0.7847605528670064, -0.6841463132623922, 0.2063355220230077, -0.08687336490579865, 0.8194387235789687, 0.5283767668900237, 1.3504508667084714, 1.58045136996053, -0.908813727655733, -1.1851336089100997, 0.3104963683924688, -0.23098320423363783, 0.16288478534634612, 0.17171331148565444, 0.46809318458112453, -0.5641526571562328, -1.0452694033826548, 0.12664498403160046, 0.2751602440496164, -0.07331143416189469, -0.8959886041648771, -0.23297671461905162, 0.5342549839194785, 0.6796540277094634, -0.21073430561068557, -0.5666905398564887, -0.24566191660837283, 0.3398597558027968, 0.06943525232776669]","[-1.9176487604962957, 1.401963467766036, 0.8955621275511997, 1.0737071273925238, -0.2564391999038055, -0.7518023257709843, 1.0486078257494176, -0.653795725658008, -0.35790239482202935, -0.8793572088046949, 0.9450670492463022, -0.09551031045919273, -0.25777699995872716, 1.2859844134406746, 0.3859689499021252, -0.6114817176851512, -0.18145438254891016, 0.10683370538740634, -0.06113448380169374, 1.0520182575198869, 0.7791018742720806, 0.4555123953098822, -1.4062570415749476, 1.2582393627249464, -0.5184858298808179, -0.6802701315051543, 0.13234758881981135, -0.6432318500688418, -0.1345265024208816, -0.8101130931304675, 0.08448248513604481, 0.5119438106824643, 0.7512183806364945, -0.1540732803661543, 0.11308882735661098, -0.8249762532534032, 0.24077931153359824, -0.36938069437786664, -0.3190619700327623, 0.6396330954963625]"
"[0.09276179969989481, -2.7023947859783357, -2.109348544073666, 1.480247341897851, -0.3878560343380554, 0.7438014189889657, -1.6187524352311609, -0.6527276824516297, -0.5414284003584524, 1.7363923684787437, 1.2562491721051006, -0.38644593267916366, -0.314233164212828, -0.4948392755901459, -0.993699510808329, 0.7435939345618122, -0.6507714170927088, 1.4230188997035762, 0.3922655438768493, 1.3291783192249247, 0.39829114817489786, -0.46083110792459575, 0.9424458093056347, -0.45515656568146884, -0.8800051477732984, -0.11813276748477622, 0.19939780022719608, -0.7235660783026333, 0.03525598197377476, 1.0464988599239744, -0.8484559648815784, -0.09205104163105894, 0.1037324938571524, -0.005486777570779156, 0.8953615422527091, -1.0047700562594541, 0.7120218059074905, -0.2386402100679507, 0.1696651263634861, 0.2653824708590777]","[1.2026998031743805, 1.949101615620539, -1.4647490812577637, -1.0590766352988792, 0.33517357005238496, -0.8280310890916088, -0.09143526773907397, 0.314342137581322, -0.3813853819697809, -0.055102004259049965, 0.20119216808758372, -0.619279879584387, 0.39673113645467056, 0.5929638034588928, 0.5438693564488393, 0.05201393032046859, -1.1529630093879357, -0.6520699200331709, 0.4819925520633835, 0.1064606678245621, -0.061952685332942195, -0.8005464321790802, 0.14960125148800701, -0.3123545075885058, 0.49612101295249134, -0.7123207316258068, -0.13014857385988324, 0.5932489381003087, 0.10790813777392731, 0.10815072187516364, -0.2625650457665244, 0.21425373497516428, -0.44295325687957837, 0.3369881958003483, 0.7473368486808987, -0.8462608676098599, 0.7795192366086672, 0.31636649149780516, -0.31542090925435995, 0.2640297660630901]"
"[-2.454266181578844, 2.3738231339963414, 1.0415054405182713, -0.45454056162704537, 0.7598522672110933, 0.08619093272880761, -1.6007198158500409, 0.9918032804151582, -0.3754974385370367, 0.4608204149118654, -0.3970156762835156, 0.08153836591619656, -0.7834228365107949, 0.9258177576053475, -2.1180611233979034, -0.06370278236106716, -0.11430419600049342, -0.614073064594669, 1.4230560464705015, 0.838553904746836, -0.35564092302370637, 0.9265094765284149, 0.059785601346544204, -0.7752103765145054, 0.35547128051112453, 0.6956573364619808, 0.8055164159013125, -0.3322531387904562, 0.09731583264517393, 0.10169264962309565, 0.5296226235413504, -0.23275650171950218, 0.1481900606641964, -0.8318451783115197, -0.7844465505193732, 0.6721295182855654, 0.005237809914726215, -0.07797277425832291, -0.31742420263605253, -0.9154748560827907]","[-1.2926553185289105, 0.9327900238730816, 0.3913001069747931, 0.547281770057012, 0.9607437299781729, -2.5700399479933376, 0.7909175360777755, -0.8870181622135751, 0.2347408535156747, 0.11955165865895118, -0.07380316332945577, -0.13485097046738703, -0.15552012625544614, -0.7385671350446861, 0.03498918100058134, -0.16575921472308375, 1.1261030537621592, 0.16125167137927324, -0.19621480523760618, -0.23058184818381186, -0.6223880923953355, 0.46770308116678483, -0.22609890698151808, -0.4330731721826085, 0.7480849051489665, 0.6018818384517312, -0.6595837208155725, -0.35096777025661186, 0.3809516613175205, 0.3961848440015229, -0.2851738349313615, 0.4297121410647074, -0.3569738254560282, 0.3149291829049967, -0.8754346730756796, 0.43786816184872046, 0.23382501903479672, 0.3670589140603739, -0.368721956260246, -0.0030869677270777946]"
"[2.456071898656867, -0.27068579922299657, -1.2531831430118572, -0.4881107627191958, 1.1407876867801896, -1.404489822406039, 0.0720456272101398, 0.3423858047072525, -1.5153724959136907, 0.1422251427883529, -0.5026224568135638, 1.0117289348404217, 0.24434304793155773, 0.02138318613522208, 1.6410906395090101, -1.0602075050465725, -0.09237224975273113, -0.07298226362390707, 0.7205384372141641, 0.9661741744365586, 0.519354013889516, -0.02440648460219245, -0.7437138964765236, -0.12163581957681051, 0.22452373808612544, -0.5275105693322881, -0.48385132231089384, -2.3366820789495337, -0.8286040561407564, -0.34455502249297515, -0.1991187181535373, -1.6778458981204942, 1.1230511787968636, -0.21059559918341544, -0.5327251730221834, -0.6593698950070035, 0.07679594602990908, -0.9051010660558935, -0.8679084594654072, -0.8564326940949848]","[2.3373092518171217, 0.21090722628102496, -0.607715664251826, 0.35685609432360016, 0.17369498068303504, 0.7254709766996051, 1.7631949355721568, 0.5729806027346832, 1.2306349649200061, 0.37350156899919684, 0.08042371211484423, 0.6008567089499398, 1.0991134663419784, 1.1746372787294914, -0.6535806815898365, -0.9789506225622313, 0.527647661830647, 0.5530001031611516, 0.936956511033739, -0.5490216533859534, 0.15187081781855555, -0.05350684469858397, -0.11169643793478758, 0.4635556957150196, 0.7945790006346797, -0.618047325297924, -0.33719805261305746, 0.18998045842486136, -0.5987568081675338, 0.431823556495691, -0.1983758345719064, -0.26002050422120837, 0.027091874704969314, -0.011905623908553712, -0.043511279504470236, -0.31082363620954717, 0.15051423532324354, -0.14333901409773947, -0.22899487652879574, 0.11961557703551219]"
"[-4.458127798981474, 1.143998829453533, -1.354616164754187, 0.28669274752346535, -2.330509658927995, -0.6596155629650352, 0.38993896365982694, -1.0544303454996857, -1.0463052416379002, -0.7293602218704527, 1.2220420317758145, -0.010400334682654106, 0.28051898357675126, -0.3146384138916184, 0.5011421995048879, 0.8157284360603, 0.7393656062830118, 0.993956251384734, -1.123631257872372, 0.3999431727870052, 0.39848861102638844, -0.1918244606641433, 0.3993545834173187, -0.12858438081222767, 0.42922856808876964, -0.04833199956286377, -0.9108262290660036, -0.10294208979840926, 0.41544765321399757, -0.6072147195788191, -1.0001123051823595, -0.6258341971201069, -0.5998119688450417, -0.20230770721086816, -0.37936250698211993, -0.17662396923460139, 0.3615011984319093, -0.04611759889838222, 0.3037329725333714, -0.6713654721312433]","[1.9400334961525225, -3.180123297469855, 0.34414557006232466, 0.3021034115068205, -0.5269398166588946, -0.5709830767918859, -0.4957503256088853, -0.13367185451349572, 0.02442906735834149, 0.38404931798831077, 0.751355473320433, -0.9747323317556262, 0.10739082151997494, -0.010715800082005175, 0.4701758547344121, 0.15558483907051437, -0.4002821149537176, -0.5713616470684921, 0.4377004609198468, -0.5972304005171335, -0.7806463570320457, 0.3669120703139632, 0.11420976926118508, -0.2111777610558838, 0.5515387627521097, 0.05472572527121134, 0.5878002637080639, 0.04740530308803612, 0.21282516001471496, 0.42035484047558896, -0.19295709354052912, 0.5009791732496544, -0.4858770729437677, -0.05236276027381405, 0.5794807815498186, -0.3869808217562262, 0.3076792715873495, 0.3503173516702647, -0.5269344341665836, -0.02055347944739277]"
"[-1.9963136222598397, -2.1315110585747243, -1.20633899751408, 2.7739675904752943, 0.020210061206866716, -0.05601438302701577, 0.3669186115404495, 0.12695651588580292, 0.8254592760322796, 1.71730566159741, -2.476912815921993, 1.1946148984537623, 1.2845484889858934, 0.7533046122140702, -0.10275745989084806, -1.4868597777701589, 1.3277153441260041, 0.9173665252523139, -0.6579998620944579, -1.765044051262411, -0.855350335752429, 1.8993651229746789, -0.9940749869302226, 0.5487069459874169, -0.11193498638145963, 1.4903677855209905, 0.34913358173730974, -0.3802616675879094, -0.3147299708864714, 0.29553332953850814, -0.2934554076507043, -0.16363279228847127, -0.04741713739942962, 0.1305492608750436, -0.31626241532764743, 0.23824239492330432, -0.33299855898252023, -0.48883546777934833, -0.7499803439079827, 0.8379541293628606]","[-2.3806780492792043, -0.7957261303882858, -0.09055757548378117, -1.059512955123213, -0.6617312975495847, -0.047340207951507444, -0.15042053211060802, 0.49513908573444976, -0.2273942419030863, 0.6198189692359951, 1.4488642818892226, -0.2538112580450288, -0.8862592723310083, -0.010516259369098778, 1.4665806122007927, -0.622708501421571, 0.27582370748231927, -0.6078525640750605, 0.4155610615392232, -0.0726685343555577, -0.5187238987789609, -0.20896235005461367, -0.08783236920678111, 0.2592187098014885, -0.8573132067652125, -0.3759137373724702, -1.1107234368221073, -0.3170845472080713, 0.52608153117549, 0.8135669303127419, -0.5559970027397133, -0.03149244025061398, 0.3226159007383446, -0.17365324679929045, -0.7491195581787397, 0.38936966080008734, -0.5690339222511397, -0.1007969872737185, 1.270867564874711, -1.1387189535189297]"
"[0.179591237041264, -1.5306902611938054, 1.6832613004709212, -1.5938420028112426, 1.8054298737475318, -1.7847919491507607, -1.012787096019154, -0.9823904545215599, 0.21623940352633517, 1.6464458845760908, -1.0459241696858605, 0.6742238206669943, 0.19762614048214927, 0.5957068272743653, -1.7820846017868623, 0.11455355517938365, 0.5995652331767434, -0.412839442448504, 0.3930582892752416, 0.4124974419482847, -0.00920382576647185, -1.063359962023177, -0.5411230697034932, -0.12177821764860819, -0.22592229152980223, -0.916691063960244, 0.15498834674596826, -0.10580509040883637, 0.8279547684908316, -0.012796774857073189, -0.33364811520693827, 0.3015621059159974, -0.3176341519733785, 0.09415133882343912, 0.23634925256131883, 0.6509252660532546, 0.512270136275425, -0.3601809945243237, -0.018453486595618983, -0.2536294999710032]","[0.4833772046800072, -1.8214419586902542, 0.48278610067344824, -0.015204460540115018, -1.1981469415592592, -0.8499652018335178, 0.8827717340517326, -1.5868557306698685, 0.9584612069155186, -0.2120350170821963, -0.807395048555266, 0.026189261718962097, 0.5923457634040137, -0.4268646294878381, 0.044665690687899294, 0.2563028827840946, 0.6851550418117371, -0.5034893648947557, -0.6770258969335983, 0.7476462512090414, 0.4780816480996313, -0.08370048180959866, -0.046156372335965735, 0.5236432081299233, -0.04808199842884017, -0.48959437220866453, 0.5140026334708451, 0.9269519489389366, 0.0722171065679021, 0.06096490869255085, 0.5598753366725955, 0.21271840178834772, -0.7561788644629507, -1.2066908388460351, -0.6092269155432039, 0.09851434001980058, -0.7843508237819442, -0.21093999300784, -0.10009042627543584, 0.14195150697011888]"
"[-1.9470461947056863, -1.2381420902767821, 0.25738213167544394, -1.850514220664819, -0.5642098857345498, -0.9152540169483236, 1.3167431702176131, 1.1362816483070364, 2.2119667262928715, 0.3939424894086208, 0.48478473797941946, -3.2795386221255844, 0.790187048233377, 1.8228563106418179, -0.22894191907952005, -1.0530449023048576, -0.5329137138974132, 0.9933990345380757, -1.8458120598240173, -1.4782092747536997, -0.700434201476169, -0.6406959961914772, 0.14539402993985082, -0.6517514456203662, 0.18687630153953302, -0.5000598805049165, -1.0100040681568736, -0.5620563118641456, -0.708696460093789, -0.3233085057940438, -0.28984439725179784, -0.0032010666540239143, 0.22128599313616737, -1.1381956974602656, -0.10634837571291246, 0.25093861701591613, 0.601686112623273, 0.5146934376555062, -0.3756679669152271, 0.6771053776431527]","[-2.7023208683276376, -0.08892919232584423, -1.391064424872949, -0.3532179029344308, 0.49297121580412107, -0.9858159007606101, 0.01672006503567579, 0.9446721993581781, 0.17307976635706868, 0.18781860952208743, -0.28204208239160933, 1.3507454400232424, 0.20565382684238073, -0.2735820106548705, 1.3930612386933174, 0.4766507855875237, 0.8938068277589456, 0.5884888660996207, -0.11257346233569993, -0.4290196109330085, -0.8488224692988258, 0.4416038504983708, 0.42161165516317495, 1.4405425204622906, -0.2940167891744675, 1.1068394915612756, 0.6543011569033064, -0.34017516585519575, -0.0567614813720615, 0.5850691181445199, -0.04706190622685649, 0.652662795784859, 0.2820124566949721, -0.521229916809439, -0.6433076804617516, -0.08937848672782532, 0.21224037117941089, -0.35467629482553503, -0.4380629637753416, 0.13110224856455507]"
"[1.214707302402494, -0.5144553827585722, -0.5296510837047854, -1.0824258005662448, -1.8036311166979249, 0.7529483763354068, 0.8127586616454126, 2.6861287437116226, -0.3087308141674101, -0.01607449352957519, -0.3068122688289889, -0.32692148527122994, 1.2399140835951263, -0.47309707470339896, 0.8247098555673641, 0.017966898828282448, 0.8405648365714478, 0.8664234655726775, 0.704608015387136, 0.29122924653842025, 0.035127647886216945, -1.1185987675151203, -2.1016039675701057, -0.7160194717860904, 0.25221222917436914, -0.4002185897558691, 0.25858044258635454, 0.0974047748899233, -0.2923199370094252, 0.5116328618569751, 0.011992377811579576, 0.2932509969987664, -0.3516778495331519, -1.3188103919001068, -0.8314305268384554, 1.4074660800236294, 0.0017444858618981007, -0.3821490639844443, -0.5332729380812586, -0.4031512143058994]","[-2.398968629549541, -0.31550333955536414, -0.5024350568237443, -0.057431648198750566, 0.4149479748725565, 0.6577425458734651, 1.8156317967143034, -0.20465469940300288, 1.1612716889338033, 0.49792437257350797, 0.3173342288086525, 2.5331561021463633, -0.002010074197831575, 1.5241003821454773, 1.4347463075984597, 0.41286860622220406, 0.005364156366685775, -0.015117620535463321, 0.47425964400251874, -0.20545186131047938, -0.6003245719801338, -0.20435261914835604, 0.031522470729332515, -0.20366192140486394, 0.4604547829244817, 0.9902428669640941, -0.6183332759284988, -0.3807055270825811, -0.20177905271023497, -0.3240900694840606, -0.3187158859011654, -0.2727462881998159, 0.513837234402907, -0.1460293152599324, 0.6019472860593686, 0.22700450430226832, -0.47934879166966543, -0.239099739380524, -0.1090050623043546, 0.35164517511542936]"
"[1.7157505241908797, -0.27360998864909186, -1.697124654526648, -1.6481434945794213, 0.9425554805835835, 0.41671854566542027, 2.5191229587769444, 1.4408318859801326, 0.09844310156401335, -0.11007073842262323, -0.07144242091865927, 1.717222396255929, 0.08995205893609429, 0.4029914009777735, 1.1632364231905734, 0.8992638039657888, 1.6734135400557568, 0.05103026826470084, 0.18509029190006926, 0.70109590614799, -0.4181842426114595, -0.8689424104207552, -0.06657083491773462, 0.398767460431339, -1.2768410172302396, 0.13350486290548674, -0.6100592482828048, 1.2910653044476028, -0.6327327770010792, 0.36888693505943493, -0.28303096009837425, 0.1928378148984977, -0.21187475483537932, -0.5154171894806927, -0.055482464591039005, 0.3246128262618615, -0.959624059101094, 0.5001746564767892, 0.7695786079518396, 0.8492423509430131]","[-1.2848368040759457, -0.7116233551115176, -0.4651945906230109, 0.04346983690333984, 1.7524107342659263, 0.91998530138009, -0.639004517211424, -1.2120271380425574, 1.0328014824714036, -0.9843994845370931, -0.19931716768612034, 0.9865927256942033, -1.2767894594461124, -0.7014584609394595, -1.0839291941400249, -0.39051195137327416, -0.5528967430429733, -0.6700534760724043, -0.17770109285813393, -0.8412151937425645, 0.42752065410873735, -0.5235898493209659, -0.6698341068582028, 0.4979547404867584, 0.3249403137979849, -0.7751770296533111, 0.06632212315876032, 0.02230660544945361, 0.1399094604623311, -1.2526102547191509, 0.12841258453349524, -0.37810216085610726, 0.03546604234189563, -0.45917312915992187, 0.9333800623938013, -0.34595973950590825, 0.7505677902929447, -0.3064004463965978, -0.5178157850896035, -0.09552061192985636]"
"[1.31201261554373, -1.5574732875234847, -0.15854786266270052, -0.8558145217411901, -1.8277270809959056, 2.8352926742468982, 1.4458478574805063, -0.9995798511740402, 0.5362198053525417, -0.4680499134345341, 0.5423746155204302, 0.13464621211092825, 1.6320352543304413, 1.0127560562935434, 0.11208900554837795, 0.6944171302710384, -0.5140116137586157, 0.06588239231854474, 0.5042562388638517, -0.9962134015592283, 1.1140898120071003, -0.9818710822457937, -0.9758070599783188, -1.0561239789127528, 0.38056456896714846, 1.0142957702762787, -0.15821776254802297, 0.2578255352622745, -0.233897591942825, 0.33677988755053234, 0.6295320835197165, -0.2655664680622015, 0.41570697099393145, 0.09228335536506566, -0.9257904040853021, -0.17699166642774566, 0.1484468687152688, -0.9729494479702371, -0.2703259001521784, 0.8763796052683621]","[3.78398214470509, 1.4764291933649523, -1.7556258257256714, 0.18107430280591547, 1.2348631744995875, -1.804385651059395, -0.18541364494733076, 0.847275873426039, -0.033374534215366215, 0.4687209351398826, 0.21315914035194158, 0.5879760102646224, 0.19786623779105497, -0.6412747804517308, -0.6351687839789879, 0.3817162286790731, 0.0075119445250617775, -0.38309627012869585, 0.14139012845338825, 0.11329377239941733, -0.35052561106829977, 0.42805808876938156, -0.2645373316508794, 0.23274010861987307, -0.02968176477210383, 0.20375524286455562, 0.10258026141419664, 0.114826063562622, -0.22282768958373028, -0.01567650471238923, 0.30211865722326997, 0.10679036249512935, 0.223126899452654, 0.04417081354442891, -0.3571917630915775, -0.015225767472576096, 0.084499315751636, 0.19285859140032796, 0.0858637916754161, 0.05022861482779897]"
"[-2.6401646894126154, 2.040200760603936, -0.1956040117628323, -1.0741210001680608, -1.2620815239852214, -0.018046654903513273, 2.4437873183234844, -0.12426172452566037, -0.2643819802578076, -0.22240429976650036, -0.051054533902253396, 0.8223186678116501, 0.1269815997487846, -0.9338580979157004, -0.5992982930206299, -1.2585865086060182, -0.8775145410451839, 0.44029201314081656, 0.9610074575776983, 0.31283292465206164, 0.1505153583211592, -0.4107908872035775, -0.731304862771272, 0.3145475486896932, -0.560661056687064, 0.8257272146166961, -0.11812032498978363, -0.5117982564752693, 0.8328884492993279, -0.6728517388279027, 0.17166512206290932, -0.3059337504633755, 0.6936897940644483, 0.19244922652533888, -0.2757117945669657, -0.6838054988611357, -0.5857868116127645, 0.6863079406110667, 0.35476318870227647, -1.14274807846272]","[-0.5604663595894914, 1.441566068956, 0.13324543041548445, 2.591043088539783, -1.2598927589505813, -0.7367564876934898, -0.17597868212681747, -0.2776844697811745, -0.13960731437731932, -0.7635027506216753, 0.48939137083949524, 0.5904567508770704, -0.7407047587846883, -0.6643883459417936, 0.35040638355523174, -0.00753847527188048, -0.28026394029997065, 0.4683295862396091, 0.0644148131163941, -0.5819841438592562, 0.2831972558788424, -0.41965125095800265, 0.22675980290610784, 0.28592958307991956, -0.23372353585984432, -1.2359840802485753, -0.26339544256197317, -0.7345930941302654, 0.36104556707180757, 0.12017805871664963, -0.1364374638076663, -0.3084980296377867, -0.36912890260380904, 0.2503498679686583, -0.22811066083519158, -0.5072982658406514, -0.31937352176524936, 0.7108482037563023, 0.3058443903398596, 0.25182719506962375]"
"[3.0735901509303813, 1.481324993105029, -1.6297039136051072, -0.1961587667038163, 0.9282598391019158, -1.7614381874394531, -1.1437069397442052, 0.8149653092980909, -0.3228017199143776, 0.3239342213503897, 0.1475090798014866, 0.5525417261662415, 0.4406381119753711, 0.7905676546362844, 0.03483107559336952, 0.8385070650203033, -1.2978934867095278, -0.05766405154747348, -0.3009874772753883, -0.10866695917782887, -0.5923584409336377, 0.3407746082694306, -0.051664878110338715, 0.8263564798154676, 0.21901234225475286, -0.3434095775532214, -0.12878172204047383, 0.12865249844242913, -0.48974012302659137, -0.7540871583204333, 0.5628326359973074, -0.9309103476459164, 1.3537123837401865, 0.5206780848830942, -0.039394839562386014, 0.05622090775482837, -0.22554789413403292, 0.4279388123399305, -0.06812341907781783, -0.09023259614860793]","[2.009137790508602, -0.4635968795563102, 1.5269129562620574, -0.6565056293373163, -0.28512100904761123, 0.8163320520745803, 0.4438544366344436, 1.069945325108446, 0.009058485655120692, 0.14594851724390823, -0.3960423716753685, -0.11287536225032334, -0.32905327357256936, -0.936098385088115, -0.04992499572535711, -1.4988459934265934, -1.1438038848380583, -0.14090939313628117, -0.757515999954877, 0.6145974573589147, 0.42224000733038997, -0.3999220712552596, 0.44309451780216735, -0.1335133973632043, 0.4188843941714356, 0.4733336963188721, 0.053146177980751684, -0.24439280247248849, -0.6652415868704195, 0.47006645553026655, -0.20418456712707655, -0.8739316314433453, 0.2550588827679584, 0.08334202015767903, -0.5317754551037058, 0.3077577823168454, 0.003320879208553433, -0.15378003030916848, -0.33350760996351964, 0.12300381587695558]"
"[1.638587141436363, -1.843830241480522, -0.4980228206777059, -1.2417417495442942, 0.08361072313701981, -0.8212883532471997, 0.6303477521566178, 0.49521137866431014, 2.7090456465416533, -0.5205572181395213, 1.7053391355671226, -0.3546796962175054, -0.28080107918451613, 1.6393124200955462, -0.970498970023327, 0.9426404097115516, -0.3338989185066427, 0.9450876496433848, -0.7485472599947636, -0.7287277479748318, 0.8227117172755671, 0.3776834037196259, 0.3160659475372044, 0.44233817883263865, -0.04585228728969348, 0.36222353871217466, 0.05643284436891447, -0.18291723998381393, 0.11141914972316667, -1.596646711700901, -0.13991547764507323, 0.02235531716025727, 0.13805009697569462, 0.1268631071170963, 0.18804492387675933, 1.487711359807923, -0.07016428324249221, 0.1144060972014132, 0.024345028995378975, 0.46261782541445773]","[-3.86421444273049, 0.13256361582459014, 0.06581946927432131, -0.7805790683915721, 0.9327165524145072, 0.374840486795188, -1.1107335532448646, 0.4213541924546336, 0.8292345312264371, 0.22028846295347249, -0.9874831365496001, -0.24418246198484875, -0.2840606909903133, -0.19107011183751832, -0.5326202602350324, -0.5883170765943764, 0.605795985185074, 0.0009223772055625889, 0.04040832584767444, 0.13147000011642807, -0.48955111071196916, 0.7205302541501584, -0.053377199382305666, 0.7379554081853124, 0.607399738199172, -0.011033151148612513, 1.7519800646983499, 0.44408253276213716, -0.16750770910647406, -0.33446975059467604, 0.2109910113617067, -0.273439468403314, 0.2945314771589442, -1.3269902794411321, 0.4046619860812822, -0.3183475261622177, -0.45810842963209597, 0.3558856338422841, -0.052962497220201236, -0.45048518865414167]"
"[-0.04295010144701689, -1.8599261868877945, -1.459760444754784, 1.2386419340207708, -2.0172147588255034, -0.23587910840679757, 0.4740722858672463, 2.036213044152271, 0.07319219670808383, -2.233528598771177, -1.6151790051593742, -1.3997667779853606, 0.11400853694129864, -0.5755631354709718, -0.16143168422550433, 0.4714843866307065, 0.12293096830396663, -0.21149754565436993, 0.5729760813976251, 0.8007377853587305, -0.14615552820089026, 0.4410389153979425, 0.5468920212187129, 0.9090724426581672, 0.4221712481544751, -0.2294752730048964, -0.15469138322436962, 1.0050544437542681, -0.15915226115692005, 0.7548304853139706, -0.7943184816942783, -0.04144998559435828, 1.1158728799728095, 0.35403432046392463, -0.39973429853198933, -0.21273524695805213, 0.881299825883393, -0.018366602876725452, 0.1734531607372618, 0.0066527070496333485]","[-5.381751983801333, 0.8997405197683324, -1.6115050197083487, -1.558285258583235, 0.09121503778969886, 0.30336338584538175, -1.3171107202961527, -0.16465280848880234, 1.40766364492284, 0.8742559277596045, 0.5705491548692497, 0.2204990351833453, -0.1426061463660334, -0.41132991110301415, -0.6874040838632436, 0.08044468074302699, 0.02604503122476754, 0.39520844133886174, -0.5811982071817241, 0.1456085478860156, -0.2516145891679981, -0.9741309150908632, -1.2577196981616678, -0.4669824704733727, -0.45793322606037, 0.13960558760039082, -0.44805421659330996, -0.5517658163987583, -0.09159123795859654, -0.2913983832239964, -1.028431607705805, -0.13419936462477966, -1.542284254549729, -0.5663169158982293, -0.8291692048387473, -0.3368272318469926, -0.19652586925544846, 0.06824886102071966, 0.027469220751565784, -0.24390906354328065]"
"[-4.630092181673556, 1.9516659715744922, -0.720637593451768, -0.300090555290993, -1.2599610522580986, -0.9924266157739866, -0.13357703896942702, -0.31636792556217613, -0.8863988317841973, 0.5454712576829709, 1.2068731175926988, 0.014665252830324946, 0.4506172902684181, 0.19207967353874497, 0.24582014655255421, 1.2639502409913215, 0.4629241487632868, 0.8753756542176533, -0.3312945909346871, 0.9600190715106248, -0.13712047481966624, -0.37605895351105906, 0.9716412991978757, -0.5534770311972431, 0.23952394938062452, 0.014744676214184231, -0.3462344165524718, -0.26989915194033054, 0.3866701663841952, -0.062017592663122435, -0.04873728224355741, -0.6923048300442216, -1.0460714227137815, 0.1510656563112472, -0.12502215751994758, -0.028662808348544126, 0.31223714900356414, 0.4388715693195029, -0.4107067420668524, -0.5916233711169578]","[-0.7836402973033334, -1.635279204671386, -0.17893982970279648, 1.0171636152722945, -0.5146400264587944, -1.0760394585089654, -0.5438899358062317, 0.27145743225393704, 0.2303714604050424, -0.4228967046727528, 1.4310538317918566, -0.3363130240343553, 0.048168614402007995, 0.02987832709585023, 0.12383814323525794, 0.5505585115697376, -0.8503585731449816, 0.32667652694562677, 0.9333594455046226, -0.9434578799156383, -0.3486585096626896, 0.21547879554354318, 1.5634885430326932, -0.18612020480941227, 0.4891060768162564, -0.3218810885034928, -0.6384143352769598, -0.8520228325205258, 0.7641484085452733, -0.428098892101558, 0.034013866282111456, 0.3494039795654497, -0.9751888233847592, -0.5680784563635757, -0.3516193219237456, -0.004607863233881855, -0.2567009699656031, 0.04289007535210334, 0.06721359684209692, 0.17879440157983256]"
"[1.0710421175507938, -1.5166290384769672, -2.1632902591366587, 0.6750604444495061, -1.0591060678202973, 1.42560739932811, -2.453714342775016, 0.24553656598717, 1.189315820046181, 1.460424619168487, -0.38002598212642685, -0.3932159987854639, 0.12162793157488863, 0.27587624393330334, 1.1096660897905615, -1.047970081376027, -1.4491968825423411, 0.8365320487845949, 2.227392926801728, 2.3443507234653698, -0.42803019386702207, 0.17506663708598005, 0.07796097936411635, -0.2589817339654714, -0.9466721242236071, -0.5107984626260026, 0.5532822224075654, 0.7580992581132086, -0.07072089001567536, 0.47175884785836253, -0.7533373822858527, 0.2669319946873973, -0.4564733105843353, 0.3526824660582575, 0.04277448804014082, -0.31701632312699274, -0.6345615857672511, -0.2837783215140634, -0.5782839981944068, -0.040731714239080306]","[1.1873913455796055, 1.7756036983211592, -0.6295316408671007, -1.0556995999376215, -0.8780869962261134, 0.38712755476151955, 0.021584571597282297, 0.9778777740737988, 0.26055964609408094, 1.0270214892639602, -0.4047532669177047, -0.652314925982052, -0.5051042822728177, -0.17613356396966162, 0.22567888853430448, -0.3823229406480133, -0.37365661258614946, -0.7682102185239666, 0.5906025941027312, -0.8233927997556927, 0.060544714797146716, -0.45057686903818805, -0.22373795397358334, 1.2156204600301956, -0.43829362065838706, 0.024695745570480508, 0.15139233288218037, -0.6054708646756664, -0.1933034952732432, -0.2953261127892353, 0.19800023467041725, -0.789741633924342, 0.32134850027360706, 0.1791327967310638, -0.42601018783455813, 0.012481355451652633, 0.6303226594510649, -0.08735164037517887, -0.7354899177253478, 0.2362815458684847]"
"[-0.5355270917925944, 0.3920432216521126, -0.20586383714435208, -2.443844687086605, -0.9266214553570713, 0.3411506763089414, -1.1638016222906478, -0.05564292097862257, -1.1028593829317057, 0.4337159467333492, -1.3408012225363657, 1.4051850663945873, -1.0694542521504304, 0.554063533570667, -1.9564488852750683, 0.4759778301958466, 0.1675753410039288, -0.1366824041435131, -0.6540984178578132, -1.1781786085738575, -0.2856034422815716, -0.9932463938627447, -0.9613692881113295, 0.006570959758109785, 1.3646323045335376, -0.47912904345577234, 0.4777423803061291, 0.04978584564992146, 0.1984567757592072, 0.24939078700290637, -0.6874389750345373, -0.6535779988039622, -0.36105008768296226, 0.9527913587983186, 0.0076440575844285525, 0.017329015213625055, -0.3225687239601706, -0.27548834388409243, -0.38647064748704024, -0.538512932134642]","[2.761653360417143, -2.725894425086742, 0.5831202288869944, 0.48749133351196455, -0.03901678795679569, -0.2435806880144277, -0.07301927915327425, -0.17658620234720215, 0.2752194701859756, -0.03259295258924161, -0.6279489592704111, -0.7034483068808592, 0.8946566808347662, -0.3865225701302926, -0.13228226041730706, 0.22031542064378043, 1.0551674286877724, 0.19089117780238493, -1.0708797669484498, -0.21809168991461483, -0.049419917673395965, 0.5040408840306948, 0.16321219663060368, 0.34610218060214637, 0.17127974535461243, -0.006088793403585638, -0.5682470063978585, 0.019751611762124446, -0.1925545153907656, -0.03527539531923515, 0.052493469227403916, -0.22542970899299986, -0.42792255413992725, 0.48842661723542413, 0.4614649597066113, 0.1258613769765264, 1.008977875019633, -0.24074890866701024, 0.06790862891870988, 0.13534277249951598]"
"[0.21296485554684824, 1.760759144092203, 0.7600649709210067, 0.6761500960177598, 3.1090626222521918, 2.984407373921866, 0.8535619855969486, -0.05754967867198439, 0.46257996819171154, -1.163919081022693, -0.6513996753864633, -1.997655621243575, -0.5942948072399824, 0.049855837927973524, 1.1235657478437493, 0.571121996298303, 0.6501022994099975, -0.026528377273409388, 0.6153960932135537, -0.036181222125083075, -0.14822187384099203, 0.5233440775563944, 0.0245499661361596, -0.33161587449564195, -0.06994121328987685, 0.10844075697865344, -0.8065024361367571, -0.979358235939352, 0.9606488145062951, 1.0082751791599736, -0.6351018345455975, -0.24216486191613473, -0.588579658719257, 0.25913735041250957, -0.29282783062613077, -0.9126289645084449, 0.07140689744515599, -0.5826425868138494, 0.27716591167454524, 0.07353496856072628]","[4.120557387558769, 0.9367445603174152, -1.398588920748201, -0.19868015066643668, 1.2754869777803537, -2.003243182625747, -0.37454090923195965, -0.19480537598687592, -0.1304900076340883, 0.494415403353876, 0.5574871452066485, 0.8704918812222784, 0.256380169727799, -0.5906436951159507, -0.41006140174857403, 0.08234097589714408, 0.09786811802917117, -0.2917197408363794, 0.1040051595466776, 0.15807144215550914, -0.10166178058194496, 0.5125281430773044, -0.17055696502302278, 0.05896841969981234, -0.0836945142989268, 0.2079682065094833, 0.2921941205283535, 0.13287790950891087, -0.15163447976058705, 0.1296397211960339, 0.31058405917991655, 0.08863819924861602, 0.40908409323790473, -0.0013916868316123205, -0.15998529623692942, 0.11146921003500236, 0.10361574358641203, -0.14726176122228135, -0.05975075646523178, 0.04211050744349725]"
"[1.6128957011640297, -0.6768730892348171, 0.30655546038712045, -1.2112181566505513, -0.119140485793892, 1.9310696722943441, 1.405571905825196, -1.967885862065509, 0.3044875370749495, 0.4928963005994671, -0.4363380129017473, 0.16715300503962277, 0.7604634688439263, -0.6771573540987899, -1.0163222054910488, 1.2126182270328603, 1.3636086260210998, -0.5982071995306509, 0.29822699052770657, 1.6519796812077252, -1.3660420669685915, -0.56238995995044, -0.7916154046984725, -0.31199758733588545, 0.05721561115218074, 0.3817406502517858, -0.24846478533807126, 0.942723771991914, 0.25026442571605073, -0.5021070901069725, 0.1629166407347431, 0.458629149260465, 0.6269091948868135, 0.28667584231833937, -0.543353220015723, 0.08302708288419178, 0.33992238542112946, 0.23113483108676006, -0.041367748951720136, -0.048283290438354054]","[-0.38973021018803977, -0.8964597347406228, -0.5936114916752042, 0.3414725686340882, 1.2774207490150327, 0.31676606313805805, 0.2856848837105465, -0.24681846788013587, -0.674491857473172, -0.01486167818509519, 0.08498834170191896, 0.8818449670904008, -2.2717088963550225, -0.003555671471588891, -0.43987867017230564, 0.4098928094678565, 0.4327948871500865, -0.3883618517878485, -0.38664541501221844, 0.07363436952699223, 0.3171212553864269, 0.8555428145749351, -0.15795557357882992, -0.4960979751118907, -0.30140843270224366, -0.5050756407213489, -0.8116963380263318, 0.11835931259456187, 0.2732671051074498, 0.3443307044696444, 0.2826257973249852, -1.3624791113749943, 0.17318852009922392, 0.038982602851594224, 0.08247394890219276, 0.24168658456129782, 0.21525814088278944, 0.7189052853992524, -1.431617473158496, -0.4282031602604723]"
"[-1.4565891589977882, 0.3603427594699236, 2.5857531743371545, -0.018491037625517303, 1.8564650231386381, 0.666731217995556, 0.7620485750654665, 0.7445905420752935, 0.42849340531242114, -0.7087846751243754, -0.4062328242132702, -0.0032205321584914174, -0.5839377496779263, -1.4132254506228457, 1.6467248337792262, 0.4138033341863011, -0.4484468273587742, -1.027170589434663, -2.1958723496403616, 0.5132526820864649, 0.9015202074972238, 0.6426600663188838, -0.08431640761500386, 0.29996095814473306, -0.7537608927131833, 0.34509916031591764, 0.24530065479446592, 0.2405470757656189, -1.4033479546877703, -1.231435939831906, 0.24944009192494274, -0.5886798559300722, -0.07328160458707912, 0.5113978268022853, -0.8242845453065072, -0.26936615394707736, -0.0927921777675324, 0.4989475256275123, -0.719757279303677, -0.5125495006568602]","[-4.107116226451524, 0.44952884111239116, -0.5389870852671402, 0.08570129083210397, -0.06891052199156322, -0.10398300311383847, 0.18567930226480175, -0.04017584252482427, -0.7660053604043536, -0.6547622075919716, 0.973276825812071, 0.0910603797339183, -0.4506819705599041, 0.3352696580902326, 0.6135721264051143, 0.004459259521309823, -0.07054814808399307, -0.3014772387547534, -0.42577553068953067, -0.6487300268755051, 1.805465637098144, 0.6954264478471448, 1.3359573924976655, 0.5305714730057374, -0.3206168870772078, 0.7889157427186992, -0.2012410079540648, 1.3533175924789294, 0.2489094098117842, -0.991700444237529, -0.4910357238745289, 0.03781698473364015, 0.7609940319596343, 0.17715254485576057, -0.3145754214763464, -0.32853743296240995, 0.835681014167335, -0.6225308525869389, 0.5338817552202809, 1.1289183812817254]"
"[-1.0338297200774107, 3.791226265710174, -0.9480854871322295, -0.31355139869291504, -2.2605508052003422, -0.9356071818680319, 0.8003202299471779, 0.5314831589943247, 0.2682266342845486, -0.8340124805711879, -0.6461290005429685, 0.8424377212494945, 1.3597275316003783, -0.14272517529418, 0.21272371804637538, -1.371773995346001, 0.023268647643198442, 0.36030390221978925, 0.8785856420784951, -0.14254204791497552, -0.4952857240996211, 0.15146195448371486, 0.4463671379574242, -0.17385087773044117, 0.1729675166440203, 0.11925758242595974, 0.0938526572371489, -0.5070340123714386, 0.2418104434734443, 0.019000590199070095, -0.37849846450525165, 0.8803909173319929, -0.30601235314435843, 0.07689382633615333, 0.7580053451956832, 0.48109695602963587, -0.5292380831742876, 0.5376289323643684, 0.38866528501946257, -0.9331080865695139]","[-0.20343319247702438, 0.5174680704563982, 1.1537120286360167, 2.141978000851631, -1.2292983019587278, -0.7493028650313616, -1.002412339989709, 0.0007063467538671955, -0.08458728386105019, 1.1361807486613147, 0.6834927847154604, 0.6853966614608613, 0.5094531928222215, -0.7348900599241434, 0.2129190959534223, -1.203611017660127, -0.10845479139759988, 0.7577884594383177, 0.13158674471789994, 0.14167408053991012, 0.07481979653024341, -0.35877714117178156, -0.3419452224340917, 0.5798543312725396, -0.6339604217442919, -0.12464805815847048, -0.2531012527432271, 0.016639089964252833, -0.5351723133292843, 0.029962741162342134, 0.15288224192958516, 0.30671250368730674, -0.049052497169423545, -0.6795540700932066, 0.5911743710597601, 0.03236746137638856, 0.24059382605203636, -0.01914917833180254, 0.38505939353799384, 0.009634592608642382]"
"[1.868174708303997, 3.2747819539601193, -0.5413104701168286, 0.41498023239836107, 2.085748523269649, 1.8710746323436107, -0.6953701903173038, 0.5039261621101063, -0.7549655936430196, -0.7529589211637412, -0.6242278403358449, -1.193443605538684, 0.4490130841243004, -0.12460291528538787, -0.08053630342846271, 0.2960309259750419, -0.42867016628619875, 1.441373508704136, -0.003946089221261737, -0.4518624453332134, -1.0560411271035457, -0.13406003408674938, 0.5241528534834722, 0.7646020872043375, 0.6375210763970648, 0.5575813436332506, -0.48449183577515265, 0.1871599220875805, -0.6725841725556666, -0.3528549406307858, -0.03887826716630566, 0.17758530158274707, -0.6357913748587841, 0.9684684328866238, -0.025011746522612174, 0.16654319956190972, 0.25566623505047825, -0.3319476230170107, -0.4316544214473462, 0.21624464704233234]","[-0.11998787187170329, 1.9839716632716058, 0.8367050320589732, 0.8486108911766816, 0.7061472021912276, 0.3433138596386532, 0.6757567854742055, 0.32530038309717846, -1.0693221750459914, -0.7883087363748855, 0.7445617269493736, -0.19525447760737216, 0.09289287225147991, 0.989720317595079, 0.4746730340278855, 0.162210462345002, 0.12278623494683781, -0.09836519995691978, -0.3057990186756586, 0.21199012633833095, 0.4520339470862901, 0.13798286372517182, -0.2569407627729784, 0.751199556893901, 0.13334839961410316, -0.5153112846419352, -0.3565431158982844, 0.2132277542331648, 0.7684706684363944, 0.32451598293188133, -0.5207858010503951, 0.47010851503646983, 0.5831554228917045, 0.06704112124685012, -0.14250529589987976, -0.7232405285823341, 0.25767663503492033, -0.5715966959433243, -0.010760546915299124, -0.12037501448490937]"
"[-0.03948401939473213, 0.30748289693791636, 0.1348087026543848, -2.9682583439441865, 0.2645621740945767, 1.5311368415440174, -1.7421393867749368, -1.1864614662291642, 1.1195663351910852, 0.08537826955102391, -0.11920477917597262, -0.08087730663110049, 0.17855146664307228, 0.6355014526230615, -1.1447895933377092, 0.04929407148101494, 0.8075798958338428, -0.6935209123572114, -1.1152926599954411, -0.30231853298335626, -0.41498144372983237, 0.9931954092870967, -0.4379852984100181, -0.32290930744893, 0.8585860472096233, -0.5722581149676589, 0.36102026304640106, 0.42876831469437565, 0.07493133748309302, 0.7747387534909299, -0.41086510823919153, 0.6727712652768292, -0.0877820017187048, 0.12883152688089444, 0.4665541681557875, -0.19603519976192593, -0.8616730121836542, 0.03136564595293519, 0.6063892430975565, -0.4392515867227709]","[3.1681721085621364, -1.5107047329335652, 1.0744459069670234, 0.17697374050567657, 0.053341877910936274, 0.8841997592555412, -0.6329446159970264, -0.9587381746865176, -0.7456854556748939, 1.7055273557337263, -0.12079598421764011, 0.6331500245283774, -1.0050994747963842, -0.10748401816897396, 0.6878799942735633, -0.0006746275684607541, -0.4983012226071104, -0.04806109630228549, -0.037424815956382605, 0.5468394170270888, 0.22342349093127123, -0.3322152005968157, 0.462561501741131, -0.34888281719203595, 0.35595832450792064, 0.23364178389797385, 0.22416491640666433, 0.3948346949400602, -0.07680655691190338, 0.12551966986216806, -0.23960535571539893, 0.338042068944123, -0.16990375490734924, 0.35270836907442793, -0.4022216170686892, -0.13238705789283928, 0.0025543901492219956, 0.37089634560046103, 0.03384243048709761, -0.13685123723560602]"
"[-2.17440614088767, -1.1259012262811132, -3.0650659758277863, -0.7664491740636514, 1.0769829293964648, -0.25443330458211266, 0.49959633530681863, -1.14896548332654, -1.2300956938954952, 1.4792410252858301, 2.109932883433863, -1.9442569220114543, -0.7763528464515911, -0.8941196392541026, 0.21730861727661202, 0.7209650888811586, -0.09207343235086249, -0.1610030246555481, -0.9166684499762263, -1.3080204135561593, 0.07991389841981011, 1.4943613440780554, 0.21788317671557636, 0.4585479162362191, 0.0738415760580968, 0.17778836478710863, 0.18394271695552603, 0.10420406197587247, -0.40063009459426524, -0.0945211950610787, -0.2989133177407962, 0.7872993815816246, -0.4810229050816502, -0.6534857603583923, -0.3659070887083403, 0.8974430358891878, 0.5748268046535723, 0.1616719349071593, -1.2552266673962602, 0.008451549728028068]","[3.8387783805640607, 1.1117182321700367, -1.62303410682049, 0.19671795394664932, 0.41643189205043607, 0.007842583215925803, 0.311762124811672, -0.7030139741181417, 0.2720275380715303, -0.24265663130158285, 0.5530717036664633, -0.701028402842289, -1.0498404812337947, 0.3066912758123344, -0.6096033094404648, 0.6233817406973574, 0.34994882004403, 0.5815895398885351, -0.2827487645000687, 0.47389452599711107, 0.47754066643438087, -0.3428003161527187, 0.29855799236356495, 0.8068544910721445, -0.2636558148512595, 0.004495845301122629, 0.23059590206998762, -0.10544221748445573, -0.575517349231357, 0.15355662845061424, -0.2965670254860141, -0.08630514204462593, -0.15554611757045572, 0.155758800694014, -0.16856301543279087, -0.09740708034833107, -0.05223308265052408, 0.23647701393742201, 0.31553757238135, -0.21594402141799993]"
"[-0.6989986077394827, -0.5134586924915725, -1.2396506679297097, -4.133396183784063, 1.0474836833182284, 1.745286274477012, -0.029467468663954603, -0.9840836612745799, -1.339407434687758, 1.1471214312728601, -1.4531450898283846, 0.500356010650939, 0.7007370033045273, 0.7115181009630206, -1.1973710127016535, -0.06596868976183481, 0.755024483781374, -0.23796106929365074, -0.39767794366285975, -0.9734804292974186, 0.2981327668206833, -0.4372613984095302, -0.41973472247368043, 0.22807134803974694, 1.8525977507552867, -0.29458722162538864, 1.218621585832307, 0.841149840929667, 0.50563618147782, -0.3157290209539897, -0.28898674468525537, -1.1088820323364168, -0.030518604438435938, 0.3360075993967026, 0.21221345165802172, 0.17088468079221505, 0.16178743529212747, -1.122104004473034, 0.2262887491488385, 0.2709728734980826]","[2.374994340239134, -3.116946033506078, -0.4506144471653172, 0.5912185567303522, -0.3791320939964877, -0.3398544878191556, -0.2951228694372111, 0.13971198166170923, 0.3611075849757244, 0.33526140432881224, -0.4636404857687714, -0.7923328535449964, 0.3807484197840003, 0.42803460637160406, 0.16008507954261733, 0.47478371031577543, 0.9982589102370224, -1.251165754163231, -0.749049420390172, 0.3425803207929119, -0.21372016062644228, -0.3930505377865884, 0.0650637007005193, 0.0050518057282820505, 0.31364374792830313, 0.17809282590992118, 0.009144819538634212, 0.6126944650576747, -0.371354305459557, 0.33468790178640023, 0.010975279959064858, 0.06319297489133567, 0.0977428698916026, -0.2256240469797291, 0.7419220996111154, -0.054426800487169365, 0.4217835260597275, -0.07285080271986875, -0.24613087057788607, 0.07685511707996773]"
"[-0.44242664694291556, 1.4677360838861144, -0.6263779365610718, -3.29050612040693, -0.9842685342285167, 1.106811095489414, -1.9565788567367517, 0.20232308034929394, -1.0613475111092487, 0.9701368471998395, -1.339868687090269, 1.0999520546971542, -0.5288018790951957, 0.22167648509364896, -1.3646811693563365, 0.5178488766164655, 1.2239371192210633, -0.2250705456073561, -0.3006967469727894, -0.049488940064786824, -0.21819251889855296, 0.21342070403380084, -0.4029845239536044, 0.6005193259596698, 0.8940184780250462, -0.2675473867774928, -0.6373266459345653, -0.1665230851135865, 0.4410668330015152, -0.04827287775761129, -0.2702796192293627, 0.1048037256069003, -0.2557036095695549, 0.25315192805083087, 0.46726961454953936, -0.11901811419377319, -0.7244891657798792, -0.09125784189424792, 0.07597212480586224, -0.37429329383533366]","[2.136739354299041, 0.8825002172448312, 1.6380670621288165, -1.7199850088878055, -0.7411125533211477, 1.4182313426050246, 0.17525212412608746, 0.39214615803618363, -0.1271048101664851, 0.09071562837968851, 0.03537495911119829, 0.7444871982649708, 0.1034905267597289, -0.14394433383698477, -0.31179167452633216, 0.48662870824191673, 0.6085401830356412, 0.46639859882265816, -0.048899882509786066, 0.8329909710312613, 0.1953025472538666, 0.604198834739078, 0.21640149660015012, -0.9455057065721675, 0.15006156971016102, -0.340260875658025, 0.2057782888295332, -0.16485140623631633, 0.44360639454352924, 0.0156675448232518, -0.6419449305115404, -0.3274908280893769, 0.2536821469078565, 0.022344791824584, -0.01295704326874297, -0.02067717355882236, 0.09421559821901399, 0.23061373730978496, 0.20504009384751173, 0.5683354596632034]"
"[3.4821406582216836, 0.6105168136359622, -1.1903340363590138, 0.9562256303861345, 0.04374255512610064, -1.630394563500993, -0.5695122912677998, -0.3138437977680464, 0.7132127710978098, -1.0887704449349513, 1.210125316208954, 0.8068469365516785, -0.6225255141936635, 1.3622143749414877, -1.5928147087511992, -0.511551887894858, 1.4220586608218828, 0.22636521937970958, -0.498802514974983, 0.7447217490931968, 0.521366568564647, -0.4521392827719862, -0.4584201945048999, -0.10980961747238752, -0.2143612223079686, 0.33031287263048437, -0.486702421509308, 0.06906910608217297, 0.5816370960040611, -0.19498378905126204, -0.17600945477199348, -0.315999444861826, -0.5121495794063593, 1.048933619311874, 0.750802372293495, 0.3070677746763294, -0.8135146885675287, 0.23607759124953254, -0.09109341171095055, 0.17802143103569004]","[1.80301268273298, -1.8225244510238656, 0.8863709476667095, -0.5237012343143095, 0.15346949723551356, 0.27526807724302454, -1.0466665629063598, 0.340426839807986, -0.5454559662863075, 0.3733921816363928, -1.0904925120940612, -0.820336765892416, -0.7898136353995567, 0.11237812368237254, -0.2885485460248159, -2.1155972334102704, 0.26977101796557884, -0.12443395316560853, -0.42445064538223154, -0.5795551461991465, -0.2705296987988739, -0.7232305459539324, 0.29289538831876005, 0.0007532123335706856, -0.1431442023988213, 0.661676783346186, -0.02946441688257317, -0.9074051172137341, 0.661387664015292, 1.0217890905225524, -0.4651852147627686, -0.6032632450638238, 0.016550502661961976, 0.05696712650252228, 0.005057094130695516, 0.5159823601890344, 0.23277838076078736, -0.32165465213449246, -0.5819185245766285, 0.2664814251620751]"
"[-1.036669506941057, -2.7387929548444343, -1.7548915230438922, 2.485334532710959, 0.8034225536422667, 0.17471311771662176, 0.6969396885114987, 0.24328106072493028, -0.7532913362590379, 2.175651221662999, -3.8193225480705975, 0.9888889256025152, 0.2420147367648455, 0.8077363516533778, 0.4127534666648252, 0.04359763837607368, 0.3697182470334859, 0.7072349469997967, 0.14408339346756976, -1.819231027929963, -0.018371428158722322, 1.4694447755459132, 1.069921943536634, -0.48996716784695515, -0.5629550716352608, 0.10142143020443369, 0.7062609559683384, 0.7070146457152751, -0.39160560042106324, -0.45111744313839064, 0.9086855325987917, -0.3146070819784872, 0.05677263613779455, -0.08838483948067402, -0.20803697662675164, -0.05580380139511549, -0.18096128946472867, 0.9297965049424003, 1.1017477641759486, -0.9304623287699716]","[0.013443138461564957, -0.7219669123671695, 0.3953881104837355, -0.31049088427746174, -0.19889609895528482, 0.20476095112621231, 0.6307435785211835, -1.2149226271138271, 1.7974539115333659, -0.5441399296494498, 0.2668019227489354, -0.3413953853140484, 1.6697089082822847, -0.7687995456188108, -0.1854707681365809, 1.0293929940073683, -0.14671131900712717, -0.2250276881039098, -0.08931188439991143, 0.3668995190517284, 0.7602402843799836, -0.20285545314521128, -0.592422356241939, 0.6993871007859075, 0.40221777378757645, 0.18068538738791248, -0.5983000177424129, -0.1870743754945827, 0.6097554906287534, 0.5399026819526772, 0.8338561211273532, 0.3135667059983036, 1.2719990034054403, -0.20107375495055235, -0.04373353729327478, 0.032507524886027275, -0.3653199503402074, -0.3552867697954355, 0.44868469914245346, -0.6154310769713988]"
"[0.8382072715295865, -2.1960850070145046, -0.4250330846955655, 0.24570888109720113, -0.5177211328753238, -0.3137895188530393, 1.5373743982889239, 1.8152134805808493, 1.2559007477872277, -1.3530389035110553, -0.9017914656133362, -2.1223975058245586, 0.44255789961109165, 0.5735313197041856, -0.09460309706901944, 1.3988433582437307, 0.1726351514596573, -1.342661017052529, -0.06996999827101479, -0.5031454139041709, 0.8971539383511284, -0.13945709048397958, -0.2513624058298244, 0.38072235860332443, -0.013871092459635616, -0.12114459473181206, -0.16388836061680317, -1.700902288904069, 0.7620384520897997, -0.5563350417655105, 0.15786949707324216, -0.48373287096748924, 0.005612386900634351, -0.3254881754395651, 0.32423976322760234, -1.4202577898862174, 0.6562190032128735, 0.04707228177222767, 0.3198888955415837, -0.6726663676242141]","[-5.481890888502112, 0.5837248536055946, -0.8070069293846756, -0.7781553409275633, 0.1475241505204558, 0.3169730769565599, -1.0788486996353228, 0.2897018682513037, 0.7267695753907699, 0.032945342612131945, 0.536900652209818, 0.04051189928333208, 1.1711311293756435, 0.7215984234131262, -1.135768023750926, -0.20755080875213416, 0.16954438276074754, 0.2524265929775965, -0.36898802434781935, 0.2542006621146749, 0.19130485060421662, 0.8037490434461899, 2.064240561848994, 0.6513343891021827, -0.3552709090841787, -0.07479723245938528, -0.09080507565255877, -0.5019566904058048, 0.026168562307815228, -0.23098292413372692, -0.13203156066672164, -0.6801903158512248, -0.08036324783521004, -0.34266600159461785, 0.634360273295501, -0.1497704406941037, 0.02432541997535695, 1.0884591187543884, 0.2929594343155431, -0.32769594889548576]"
"[2.502430522262275, 0.6364212557493817, 1.1784170041598878, 0.4383933887444867, 0.5542221879191596, 0.20797312555112324, 2.0293603635461808, -0.11980415227325336, 0.8448824638495211, 0.5104570312067609, 0.031061789736186913, 0.22143366185070382, 0.015942076568037464, -0.7389281015454263, -0.3796634345244067, -0.3937133234067397, -0.3679550383133071, 0.8577455279391544, -1.3318406871156412, 0.9959403802779673, 0.31662213397232386, 0.08778436638562488, 1.4659935291386148, 1.1248937696987356, 0.5712253817961858, 0.33118319275214125, 0.05721568757109949, -0.016926571391567842, 0.4468038461735003, 0.3146148186998326, 0.5295663763022541, -0.4961556603199519, -1.7042161544577905, -0.5895703590243339, -0.269661829349054, 0.3210171461324206, 0.14502247078266572, -0.9390774618341328, 0.08819090387163958, 0.6606396666475948]","[0.5535126485992046, 0.029468834695061043, 0.12149081383911914, 0.35702134535481694, 1.978102617686635, -2.0143212861991024, -1.2333097453948587, 0.43456691017542476, -0.31115863001847555, -0.05203715438628886, -1.1432525416446009, 0.9448622794798855, -0.12382961714969137, -0.5038156046995862, -0.030786663834410467, -1.1589600209078352, 0.08211204482495887, 0.6691106867996659, 0.4034737648139544, -0.2198738546141121, 0.3571965300803043, 0.1652436765447949, -0.20223953743079542, -0.17153767438007697, -0.860276361236991, 0.7057036807642063, -0.22747641099311722, 0.32102712696850305, -0.23235937557103487, 0.5239533619294929, -0.10609774224253371, 0.36648182672554663, 0.37957978225478456, 0.22335137583930412, -0.9634397355557199, -0.11670975438289533, 0.21024055282218648, 0.10713472741485415, 0.09993472238594275, -0.15881324351420756]"
"[2.284442679160682, 2.9058727795578356, -2.035316809068766, 1.0088464060682336, 0.6634454651895172, -0.36673811458874744, -1.5013050936139638, -0.20830377598661115, -0.5258953603431321, -1.0366372134134592, 0.5385199987779078, -0.4541570263911191, -0.09131291560710762, 0.6481015716188389, 0.4246339168323164, -1.353302507437673, 0.3077381764727691, 1.1133476631789878, -0.9330090525664785, -0.6040205350476321, -0.01831716216792984, 0.15483445413829805, 0.21593417592159644, 0.65300344493799, -0.5825620087726051, -0.21652808410145552, -0.7980549684253538, 0.22803413693051197, -0.22332579205700584, 0.27143388157121395, 1.0250166075105547, -0.2278528115065139, -0.06771240687849339, 0.5787825651265728, 0.2219978677202976, -0.03662524111015206, 0.05764952330852409, -0.6118899146254932, 0.23748872880738292, 0.16594432131201173]","[0.29315669135510103, 0.5679408486665014, 2.6842349240813834, -1.1317671789520969, -0.6152390612652239, 0.18168740086155205, 1.1203022662654187, -0.047614961735641156, 1.0763417522554857, -0.37550398871682844, -0.36618624566558095, 0.2508785787443676, 0.2885728551296764, -0.23012363138686878, -0.08001504853101024, 0.41061664341155535, 0.16585289410131615, -0.3815169928756164, 0.1339800124043161, 1.0990424401678287, -0.837802577072407, 0.23378472426922223, -0.33557178064044235, 0.24110147151000041, -0.40846640693038444, -0.1088834890633226, -0.15470967168772592, 0.7793266824456083, -0.05451838018176227, -0.014126352587185895, 0.3755750345774822, -0.08393866674881113, -0.3747909350986913, 0.1397256966890692, 0.03741372009963583, 0.06139068422232472, 0.353690127986965, 0.19952231885879357, 0.30045588140542734, 0.1787737356637024]"
"[-3.3666688167679264, 1.13252584761639, 1.1129882855325757, 0.666776646143521, 0.42187598079732924, -0.4924974610325227, 0.6919336303477542, 0.4812019329038424, -0.33551218309347314, 0.454287027849192, -0.24258249282452052, -0.5402417997082616, -1.2176947545097678, 0.9492317830590481, -0.11522594730070071, 1.5652257376926004, 0.04512700266139563, -0.7395583932499322, -0.7156009197515767, 1.1190978159145917, 1.8049196257128604, 0.5443664439201699, -0.02403519355882849, -0.8508062219585447, -0.5491546624742615, -0.6248510181728836, 0.7223976686462616, 1.2434539354006369, 0.21377281483409544, -0.6395625392146677, 1.2980472306873836, -0.786726837056112, -0.16820957735680556, 0.6716757541496867, -0.18756037906479806, -0.06796441314754668, -0.3404584011524272, -0.20214441650724885, -0.3124596974714364, 0.027337467635888273]","[2.063565595079521, -0.17775918598091872, 0.47171391667631274, -0.5632814253944084, -0.23971953754200503, -1.30641470575409, -0.6822062302769988, 0.5867343471804513, -0.3428721709619036, -0.6210183673004658, 0.1377453609082206, 1.2024925472435202, -0.016501107543007845, -0.5223887237618696, -0.09291448809550115, -0.2857257988131138, 0.04683796705575301, -0.2139434643898264, 0.5933098096342142, 0.347074916834066, -0.0003590308031232292, 0.21928711898440692, -0.09152358312550339, -0.5633912309565633, 0.07661518324076248, 0.7234196328346928, 0.031118475365076566, -0.7269678083595466, 0.4584561633039917, 0.13852017676949965, 0.5754711662982046, 0.08135939759303096, -0.29207671166071086, 0.06308456714347505, 0.2634380355501301, -0.06283737846735656, -0.3046237436680497, -0.2007173748765639, 0.6457706102261381, 0.4088169996827139]"
"[-0.7676963859382812, -2.1661456162853145, 1.9926012573653604, -1.0325061458519573, -0.946793266317006, 1.035547894541966, 0.17667765233325433, 1.0589481085087389, -1.5908273434722815, -0.2333591178952064, 0.28668789404595113, -0.03670727881607908, 0.45740798948634903, 1.7109416311756294, 0.8542022061767951, -0.24879681906345522, -1.9629352676380374, 0.4112951792452471, -0.8480466764129427, -0.5040966671303435, -0.7062582932185127, -0.2441871559897001, -0.1764466950103236, -0.2791684379862808, -0.18669908205568483, 0.332370650651763, -0.4007614857563215, -0.4379616183474873, -0.2723686705096092, 1.0409641785131314, 0.04003169756596966, 0.11447437022517949, -0.2789672226627201, -0.054295815768339556, -0.36234312945115427, 0.8836064945349166, -0.8322911908513106, -0.5983661870428796, -0.1328799107992119, -0.054953433534569225]","[-2.7817313009657236, -1.1171957605691956, -1.5392563272709086, -0.6712929305185259, -0.7220071234231715, 0.654700895992436, 0.7637968468208814, -0.44317153818008725, -2.0612913335655856, 0.10504099121757485, -0.33015130314166785, -0.14847515958655727, -0.43725916926422015, -0.7434094892336895, -0.42988359206025595, 0.5600730697875725, 0.12893261676950288, 1.4775599936464003, 0.5301767556963843, -0.5818262769320361, -0.1545006244498285, 0.560407269168666, -0.7232633322185118, -0.3806780283110449, 0.18600963571349594, -0.6237206305976716, 0.6687085593766878, -0.37953062555274764, -0.8516472173359098, 0.18394094870424624, -0.1868320386383934, 0.6778989898760162, 0.1466049105308359, 0.48374796370841483, -0.4051314661234763, 0.05424349485566549, 0.09080910188851599, -0.4529337673627583, 0.16827543335413078, -0.6310243385735552]"
"[1.8950310905954781, 3.310574538135956, 0.6616224748073929, 0.4267906218855007, 0.3437693528136763, 1.5162693071210411, -1.3077783816948776, 0.6173889027206088, -1.502297962458838, -0.34860452156357585, -0.44884473571947653, -1.3020048517248048, 0.5957303959648254, -0.36639755783801614, 0.19538213380426, -0.20140358055521554, 0.9381976018750893, 1.5305689904345823, 0.012011572761383623, -0.9286489638560704, 0.8779737706571075, -0.8756191865086361, -0.26134422979788285, -0.1333451762232934, 0.20804043459940652, 0.3129997804859905, -0.3337428424401603, 0.08848154230372171, 0.09718922083695104, -0.36696877456452087, 0.42681905269951415, 0.43518537490290454, 0.05311379159350997, 0.04787895439137868, 0.29024574197163194, 0.44432973909966866, -0.28295950850948887, -0.1689751489015068, 0.384485703009075, 0.13449921638934909]","[-3.2476223363115566, 1.3388174742964296, 1.4343492968053138, -1.3115177556675097, 1.8735366622872731, -0.1820803377248021, -0.7010512778433484, -0.9755474324585297, -0.8799705455524245, -0.4343973418657953, 0.3474065575309402, -0.6024974085270415, 0.4683278181062165, 1.399063714907216, 0.33409766962225923, 0.34554664298405935, 0.4191753957190033, -0.6584716531918365, 0.7012207352427924, -0.011895305786652844, -0.3726957522928471, -0.22597789561725107, -0.6348132459864144, -0.3564876473194283, -0.6647143554313933, 0.03080812421691505, 0.09872948605700252, 0.19192298973684105, -0.9006331400865286, 0.17954215379493402, -0.5618090051302282, -0.5066520143800035, -0.11694409153735046, 0.49335725417415816, -0.012843219918021662, -0.20317361357339234, -0.20376795734833825, 0.8938889275755065, 0.27463745015320273, -0.2773692649999687]"
"[-0.41960957587908754, -0.8414065975874904, -1.725637386604273, 0.49785169295720283, 0.8537923474740374, -1.4015207476392062, -1.9632829581206652, -1.833517612771519, -0.5501922607391377, 1.153886364543477, 2.840318554853513, -1.45881341262194, -0.7974918634734265, 0.013288966354813034, -0.8852103098269121, 1.857577749745942, -0.5380479389817283, 0.7326470551312971, 0.027828753449028437, 0.9156715772367041, 0.12214592719049497, -0.5108598638150502, -0.08110466240730542, 1.22102498823583, -0.510392069034028, 0.7531934529988947, 0.023791060435298977, -0.4286292292281047, 0.12160844582507023, 0.3678582511384057, -0.4465087416758057, -0.17978305410680026, 0.693841383436936, -0.4518245392930289, 0.8922203904977125, -0.32730465698983874, 0.24344810297464123, -0.010816740397325707, -0.3069869743891907, -0.4317708202982585]","[3.4487354693356416, 0.3443861076631959, 0.7196141967686923, -1.0411095820634615, -1.2546400684959014, 0.4540720700565066, -0.16120472918605627, 0.38105757776059074, 0.43233083120618504, -0.7660775290130754, 0.542099934763252, 0.251607463589472, -0.004700363985574892, 0.14769168037533514, 0.16245891423324751, 0.7507241968220068, -0.2635628789779229, -0.024698375686683875, 0.8513264848486184, -0.3996935527546475, -0.3730385922037719, 0.5537663797625064, 0.33662443747797255, -0.34411559207240333, 0.23585902101624187, 0.2402767013988473, 0.19125411347216326, 0.20638086067248965, 0.23803811583855095, 0.0027813079271716175, 0.4584657549510592, 0.26158509312976175, 0.11072914038453492, -0.16880499483427827, 0.08500445456996511, 0.3490710115317555, 0.5145185204631028, 0.34891644155801466, -0.179250137991961, -0.26684300373937925]"
"[-2.57304273794548, 1.9298679277302424, 0.2743571856644, -1.1172550233945422, 0.504375322041314, 1.4963485499972806, 2.3139489936675113, 1.0627064782078453, -0.08690212962204434, 0.4658354560157841, -0.17948026891864896, 1.513633183867352, 0.03738582787433581, -0.2918283954065394, 0.9236483165678688, -0.3510365366993942, -0.2934205087837345, -0.8383819970674568, 1.0511654150620642, 0.24705112626567347, 1.5040157312629776, -0.057773645940308836, 0.4994304643633967, -0.219459075457137, 0.3877671881695946, 0.7759072190814013, -0.41441891839865824, 1.0868628992433331, 1.2292501805367446, -0.056039653831522034, -0.04372866675733057, 0.13926463441122125, 0.5957653269639821, -0.7355597051385978, 0.23534341244101148, -0.0359677286077442, -0.6443160556570116, 0.059872332105642655, -0.2545816334904732, -0.04249483009531324]","[-0.00905099890440814, 0.034754216084765165, 0.9431521474471826, 1.2338571398370295, -1.106634860801349, -0.7808699483742786, 0.900977867263709, 0.1299951929119326, -0.27256628610930456, -1.1529035428328909, 0.12469158418289358, 0.46338858645476677, 0.1529533094075215, -0.12537205256906178, -0.39716509498704866, 0.08650553616724423, -0.33654297900098823, -0.3658073208621592, 0.00417761518675293, -1.1591520780928721, 0.2953687286208363, -0.16123068487106368, -0.43193709620999166, -0.4638104910374547, -0.6859674562643431, 0.08734995131709897, 0.8153494071864018, 0.14426668021458697, 0.6682408357652825, -0.026727850289012423, -0.2345001573917197, -0.4088880609499731, -0.6227883624307197, -0.29404197414159206, 0.5874743797501812, 0.651954510943277, -0.011243631902530382, -0.20723497209345268, 0.14472337866872345, -0.15607303430077737]"
"[1.7443536061001712, 0.8203443432593339, 2.223652965955796, -0.22350867643477004, -2.022566796051032, -0.24535908070206283, 0.7682963819367652, -2.097240510384731, 0.5996333731438144, 1.076875303304934, 0.1548431926175941, -1.3185407796686486, 0.5353395332358417, 0.023732959756552686, 0.2862945273891139, 0.3713016313392741, 1.3533027923294352, -0.06342607062805246, 0.9120570374758227, -0.6748302814043037, -0.04772772245985345, 1.5897199973893978, -0.37252128752447555, 0.31403756461602256, 0.3486255146943776, -1.2878965172319803, 0.10862635220933034, 0.11358580608933364, -0.1244910912109517, -0.5390836179858763, 0.1804450287713594, 0.27422160129564693, -0.030745050256787667, -0.38463458545317103, 0.5348983491085942, 0.35365415485479107, 0.3803906609744573, -0.04043681759561494, 0.22799282923145228, -0.20175699606626327]","[4.008497525311372, 1.3830120369390484, -0.31799644692737356, -1.1872529389724376, -0.07585738571234775, -0.2921588616715917, -0.11582029176645306, -1.0199955724819763, -0.0679632004344058, -0.4092104996424718, 0.20425431437223832, -0.6581532813876505, -0.136154724554045, 0.863141879948423, 0.4539558130471613, 0.2710120287077287, 0.03802655632945293, 0.7700341236393683, -0.2166256619313399, -0.14120786607705269, 0.12544154567156235, -0.9250108368629489, 0.21373681032230354, -0.1355895331557638, 0.2554740380814669, 0.11065371401386011, 0.6713863538100822, 0.23063160645031874, 0.12041961465392194, 0.15179806323002104, -0.18988042299876054, -0.14251894919148175, 0.1321239115593095, -0.7174455777576584, -0.20699945475053463, -0.1941419945949473, -0.3868579794983328, -0.0023949814628716477, -0.03413503802463876, -0.4278152114503921]"
"[3.3891037876181804, 0.11990952919367216, -1.5111387906152927, -1.7241829739678496, 0.53699226861661, -1.630587471080628, -0.13338977318158596, 1.907931551519622, -1.3260161274511422, 0.15839898393534896, -0.003535967061652814, 1.2704448427018082, 0.04098146183274394, 0.19072297092968563, 1.7238148231567514, 0.3304338255310724, 0.443614776463887, 0.9111592879094038, -0.1855639274269401, 0.491738196245216, 0.5547071044620716, -0.0012390067343521114, -0.5588108966489681, -0.8294319930417312, 0.025289173824659224, -0.1706247856814949, -1.2626115668665168, -1.382336563436913, -0.9323784156211329, -0.4162465173608639, -0.5553206028824871, -0.13818611454471075, 1.228263320849554, 0.2875770483863273, -0.14006937469643452, -0.4076944911915676, -0.573065482306978, 0.5607874223564175, -0.9812452608691761, 0.25301392013737406]","[-0.6101855768254704, -0.3129971272028192, 0.13970028613700902, 0.05436724450282654, 0.7942989228342523, 0.21680747384715404, 2.1298958986191407, 0.30375779322738095, 2.0909768123062946, 0.620770293695696, -0.146082925674165, 0.7035528370996793, 0.05601850064006805, 1.162302164735562, 0.33711525529844444, -1.3012006950395032, 0.27298262471112456, 0.7625022831085672, 0.6998661591180482, -0.40469025923409696, 0.40131917674930645, 0.7428587314520443, 0.3316604960754975, -0.04626064024911567, 0.600222938970923, 0.14691373658630874, -0.030197712906066262, -0.5507430681611089, 0.16250425483349298, -0.7115673813444149, -0.3179357143109338, 0.3440827032919697, -0.2155700453561824, 0.20936748172664213, 0.541694152426856, -0.3148091974711123, -0.7300850687522663, 0.6010582969725512, -0.21318454797002157, 0.2292411168130459]"
"[-0.03186486393765134, -0.06295271982925503, 2.877908008900567, 0.12509481618996832, 0.587456982045746, -0.8701480324953786, -0.22163220322743848, 0.8444799456737733, 1.143209252618971, 0.8064865103169242, -0.928799257198229, 0.41056281130381095, -0.1879029626574483, -2.150690453133462, -0.46663021776276886, -0.124124835398074, -1.3297569260709947, -0.2538461046367359, -1.8467833782988954, 1.0329044064037523, -0.10636308562488128, 0.8131709431680073, 1.0780396271387092, -0.6948671231783198, -0.053513627434634434, 0.3847107277465462, -1.02649042737825, 0.2976644140713862, -0.6608569946223339, 0.7462672573277168, 0.6496354169096, 0.07163490049796448, -0.018303422980363845, -0.6987101374465851, 0.3007999230560596, -0.5640356504180999, -0.3061933916920088, -1.5257834768454608, -0.09802659149689061, 0.2695377777764372]","[0.2440818247258111, 0.9084066207970287, 0.05393645298575426, 0.815747911426413, -0.15253825255177403, 0.4344871912649744, 0.054745845993373767, -0.1497612203576593, -0.3364296676117317, -0.6179619847004889, -0.04565367017522764, -1.1382741125426965, 0.5479214705083275, 0.22170806060256207, 0.5654360979740853, -0.4411165247392602, -0.17705076823572247, 0.3123027890178704, -1.3297977126085425, -0.28692814800030425, 0.9346327267594454, 1.9057288560110197, 1.1237284982370923, 0.1076889379531727, -0.26138425281837036, -0.32741875679113347, -0.7549313975860209, 0.44865572343424637, -0.4488115443232705, 0.1088832132966918, -0.053288179568003476, 0.19383480959768762, 0.09146434673989767, -0.09252179626919363, 0.4816665688327114, -0.13029820863681985, -0.9539128435519659, -0.30330708292137065, 0.7168984807121864, 0.2864127957771367]"
"[-2.951883415321206, -0.94543022070278, -2.3752110929961456, 2.737384719712639, 0.615747074489805, 0.27692494444069815, -0.159456180419255, -0.5276624750005696, 0.8974623012799674, 0.81010516322853, -0.10547540864295438, -0.7409206325582108, 1.1736594853369298, -0.8688754562496175, 0.01042823688296957, 0.2593650008260099, -0.10180534948216308, -0.38966845198526057, 0.1905737410235518, -1.4433904108507456, 0.5973943656532958, 0.9685115599698866, -1.504651864577219, 1.2400482027393807, -0.30740780234670223, 1.0077668991646667, -0.11123356294588196, -0.32857760314157547, -0.8091187630682306, -0.17528263602294897, -0.16788420267961407, -0.03205471576891278, -0.8928227314762089, 0.2852302171084379, -0.2179273690294102, 0.8949222287075994, 0.013826880378086747, 0.18489700306627282, -0.5353841416052684, -0.1423641201423048]","[-3.438412105606776, 1.1942631364562761, -0.2173243982805614, -1.4308626073887054, -0.6724449007285226, -0.2126000228768497, -0.5389606070531544, 1.393729470465454, 0.5734313672434136, -0.5950046462658002, 0.09312500260559692, -0.5467521985763236, -0.9136940933585344, -0.5792594791885431, 2.054232565433559, 0.3611629177073362, 0.06573326758732542, 0.20346515195567785, 1.30581913702739, -0.23295135510404388, 0.9722913002537776, 0.4499548188006922, 0.03025934555288408, -0.181528327510837, 0.2507311104878813, -0.08933874052816813, 0.033427481950140135, 0.6671325802288837, 0.1293447113279569, 0.36414598712969576, 0.8850799261609635, 0.42309078767632025, -0.5934429315143493, -0.018076301331301378, 0.3259718501077925, 0.14502794174336472, 0.44800392936291206, -0.3628141848702731, -0.26027597534074154, -0.009794438707302074]"
"[3.2656381189132, 0.5344362104939636, -0.8675734103912235, -1.5671389345459499, -0.10749364252528704, -0.31080745688587563, 1.765850369233406, 0.4478711603124172, -1.0398892273363087, 1.0300362018456697, -0.1318467933493927, 1.4671753289636933, 0.8773401642162969, -0.3153589171875373, 1.1376768488795173, 0.24618841090373542, -0.00329833494290677, 0.9641173681413743, -0.6211070158860463, 0.4203638755446948, 0.08849599426453401, -0.6800687781462177, -0.8195883361524402, -0.6550729841204275, 0.1013159796672476, -0.05505816153140657, -0.4045667681647426, 0.07426969133506177, -0.7248328009277666, 0.4939406586351145, 0.0606243935472512, -0.17450791619905792, 0.33831574453848523, -0.2594086450894854, -0.6208865495179793, 0.12230963390360806, -0.0011057466730579023, 0.06803747704235007, -0.20987483039034568, 1.174913297736187]","[-0.2982662417222911, -0.5516557677518443, -0.056535045379309985, 0.08074359954778429, 1.3330204667744043, 0.4734170721781212, 1.9587821082401415, -0.0919936125027211, 1.7809423761822798, 0.1749860773654557, 0.46494313752642036, 2.083257135775704, -0.3899425728466506, 0.576853960452727, 0.7222798712232086, -1.2464537106071385, -0.8619182542292344, -0.16736551531820779, 0.978795077235383, -0.40607399777812486, 0.5465844335413962, 0.17176318001360816, -0.01465373070803545, -0.8043145631214917, 0.49333871884172253, 0.08593747508240254, 0.4075850300063576, 0.1335257831911939, -0.5892529755889678, -0.38275591035799333, -0.595846547734808, 0.547049623702665, -0.627725855401449, 0.5155587290485054, 0.3957158639430939, -0.5501035292868611, -0.7232687984927212, -0.09658458391507364, 0.6170709001637602, 0.1683274414734167]"
"[1.795326988999638, 3.0941767175922057, 1.637688797347468, 0.768881869580696, 0.2207809794503029, 1.3765832131589197, -1.170299769079129, 0.10138521579039685, -0.6215287051608132, 0.28760315234449985, -0.4993405282457644, -1.3722669133868328, 0.7504032460424612, -0.7606431762620149, -0.1284528096973998, 0.18393559105032922, 0.347359936848328, 0.5115678306184569, -0.39124292750853606, 0.39095265857678946, 0.5766849825953259, -0.30002072234381716, 0.3914386481133475, -0.13457561944967342, -0.16690310294324046, 0.2647837329155561, 0.08572096161447923, 0.4779271177794687, 0.09924465333405937, -0.13373813027748876, -0.21933307448078646, 0.42430522230384493, -0.4998767979873842, -0.3477794283373825, -0.19879866234997573, -0.00576240220263562, 0.42576206703636404, 0.8362487084382468, 0.6025450089118667, 0.30679371707915754]","[-1.989448413829064, 0.6800776249562256, 2.180235242862541, -0.04738089547465188, 3.151559910043377, -0.4755671656779061, -0.5167199362795727, -0.40805379193402175, -0.8182991658220862, -0.818736620405954, -0.07193798743735583, 0.23975956318701042, 0.44917479302959334, 0.5288146050244931, 0.2670807967375938, 0.3423071879901405, 0.5385365717382061, -0.37318872536459624, 0.16383169403387507, 0.4140923857141359, -0.6244447383335151, -0.3451911168250947, -0.1957474176003794, -0.1299634381746003, -0.15476410515452427, -0.08728527716393274, 0.26232866178819386, -0.43478840148627007, -0.530460082455247, -0.45272573296896124, 0.11436154689884634, -0.38778267763310975, -0.5133502232259818, 0.20793694631929865, -0.07187736996830218, 0.2590429536552138, 0.03362112470194062, -0.27429363424047515, -0.16288359556910786, -0.41715060487643835]"
"[-0.19616113352140557, 1.0219965299763158, -1.6677755741765075, -0.0020184241120354027, 0.550432786063422, 2.4935665658505424, -0.8520806248108544, 0.0027278351892532733, -0.08458625246684455, 0.9413297655228194, 0.04984380912598651, -0.7621153997101735, 0.8740939340982194, 1.3820985880924348, -0.2058703290750207, -1.997744974337327, -0.8695667481272372, -0.8762119071928512, 1.089259673792985, 1.809161550074049, 1.131009199762565, -0.5198631432917408, -0.602235945358705, 0.4497774485001766, 0.886369088768819, 0.8510611562921243, -0.18334066103750352, -0.0007799668080932465, -0.1882173194703412, -0.008069604028534965, -0.05987122133316543, 0.3026846778272441, -0.3342843595585292, -0.7000965992838012, -0.7924486353731806, -0.38010515395597083, 0.3945134839154499, 0.37274004412926076, 0.05783014749794125, -0.3165772204586676]","[2.1306133285587547, 1.7815187779736592, -1.1980559555325296, -1.3651316681654795, -0.3475488601440012, 0.19784373537788585, 0.30268744406695197, 1.0209252160362277, -0.15213983899625907, 0.7034070098426379, -0.5220275551175492, -1.3018282349914687, -0.5164384691163768, 0.09802851122831253, -0.05991542272943607, -0.41775172063279004, -0.2864275582714861, -0.886171846276126, 0.37183280331030766, -0.6638421084893243, 0.14214414777669962, -0.8644339601166743, -0.042646515107236126, 1.116042492626131, -0.8524347344441973, -0.04439749697450596, -0.37383904755694325, -0.20937554354337792, 0.15605447348925042, -0.3305213317116973, -0.2748214050442151, 0.45498046853611884, -0.18571702748146543, -0.5525183504924573, -0.10299745042861862, 0.6202118440134146, -0.23473053689696627, 0.1724777361809369, 0.2945910849123354, -0.20889913258741621]"
"[1.1544503707086846, 0.40099604315192117, -1.6526709041764194, 1.4719746964596756, 1.566691196748028, 0.6513326511667336, -0.9818810650455699, -0.5014937605412999, 0.8284746506166318, 1.2872167922249518, 0.3248511728128959, 0.08859339606501379, 1.281945595121464, 0.30080380604862506, 0.349818382915647, -0.890966114336232, -0.734543787346193, -0.11813887862063531, 1.3126676033250058, 0.35691746913388134, 0.12852696048127504, 0.9273027194743233, -1.0088815224337, 1.6688752825442852, 0.13834393046815058, -0.01030614365567638, -0.270963859474022, 0.9526749935172187, 0.2093800638100537, -0.48931719947568825, -0.05133059821422107, -1.0881629163629631, -0.5422043842935641, -0.6069723511027345, 0.10831684246534082, -0.004795386169461978, -0.028671001192007686, 1.0919813441453052, 0.05655897251536619, -0.9167198217784184]","[1.7738549769655887, -0.7166803271830879, 0.9908200397819473, -1.3286632184220801, 1.012539188204709, -0.32243910386595087, -0.4205459092781794, -0.9281040966833088, 0.3644466005224926, -0.2139759620391124, -0.1821896896807882, -0.31472727890706026, 0.2230840767291709, -0.6483038436961776, 1.0979394792536354, 0.3928060508538165, 0.0539127705937046, 0.10397292215995356, -0.9100713199495839, -0.26199163525851754, 0.28917944131622053, -0.6099510807338382, 0.1289579203254379, -1.620932091142205, 0.19622271543887945, -0.597651826809762, -0.14341975769945495, -0.4211204258081769, 0.029329114465804003, 0.17158617710221874, -0.23166155895649507, 0.3811510653364196, 0.214151175516702, 0.5824293145928828, 0.2942283862132105, 0.49147323891095196, -0.0686029513392333, -0.44646053427427845, 0.19649704283761318, 0.33905494447511264]"
"[-1.820657351424105, 2.768815493723519, -0.389048544482067, -1.4525525176856624, 0.7848950267521937, 0.4473176160917283, 0.3774949578291033, -0.5022990717381385, 1.2500068979359311, -1.0346401807426961, 0.004956223651439043, 0.6702916689415064, 0.11806146229543692, 0.7641930785650105, -0.29704334110657477, -0.8464902983161892, -2.0279956738203335, 1.1222578326095536, -0.5548434173066272, 0.34474540429263223, -0.5532838146065975, 1.6447806180076745, 0.12703264230103328, 0.026686398479082395, 0.895244724432689, -1.4232090234028825, 0.7948633554978362, 0.20991196209420465, -0.7236855637664034, 0.012687974486761908, -0.08800429606826313, 0.34728043979671547, 0.1100264264942789, -0.4737171669735647, 0.4001810766703996, -0.3535680297844626, 1.7311299597514882, -0.5694540657053776, 0.4174912075972607, 0.32120564859725004]","[4.067175407934809, 0.16076427324493694, 0.749804655148698, -1.2703599328918205, -1.5454710353823267, 0.825581766250066, 0.18797845920721762, 0.7270417218856665, -0.20034001123319495, -0.2866262851547906, -0.11026770076913854, 0.5833327560566007, 0.133708664777881, -0.062167221188975906, -0.6298086251076092, 0.037688886052400374, 0.23240911122682856, 0.06191946913456391, -0.45119171803602237, -0.257186113936833, -0.18210494665699467, 0.46462209733699805, 0.20236066055048962, -0.15192175549145787, 0.0014846599928529378, -0.22123010956575145, 0.38752885778075297, -0.16832290351582024, 0.09311283162722485, -0.03305150863858394, 0.1470892888396798, -0.0831241576633605, -0.05899896115170219, -0.6282850074056657, -0.3994481731245082, -0.31877625507884866, 0.26145925913673496, -0.3902643811456922, -0.17338988137796027, -0.24120288664784323]"
"[-2.8895309857028098, 1.5026122074787072, 0.860845021087044, 0.3645685207725225, 1.2071421169024545, 0.1603270229606669, -1.901502533115394, 0.3470631808070972, 1.425687352152643, -1.504175708667129, 0.16468677195278605, 1.2408660384752126, -0.8747636746356461, 0.04323079881483801, 0.48176120077843854, -0.6271045645098888, -0.7951272139205976, 0.2103184130078491, 1.0947769775672191, 0.6323385385644384, 0.02176194876803539, 0.15452678894607874, -0.10077301616241906, -0.28661699937551505, -0.2965287371095516, -0.10893596567355632, 1.4419381743870554, 0.1330954811160855, -0.6731565676470793, 0.7246226471488547, 0.33367606259638255, -0.0765056863277279, 0.9996949691829389, 0.06772664103743457, -0.062427652518938406, 0.6381621213358695, 1.4982772301720868, -0.2861231597384487, 0.709754099363049, 0.35223885189243365]","[0.900134430115888, 1.2492848844616093, 1.1767112657997378, -0.4900979932609757, -1.3341172276877655, 0.19114538969183867, -0.01892283238036233, 0.8511171405198281, 0.1432484436166599, -0.37826017123894756, -0.43885812203971347, 0.0078111362375525815, 0.01137217269594079, 0.052786407337233804, -0.15313547294514546, -0.05620920792447939, 0.767195260601061, 0.3435853660405182, 0.3192896696838669, 0.6635614619021866, 0.01408457837611312, 0.7405821504086697, -0.38198854908029656, -0.9412730128176493, 0.654832994497008, -0.11796176473496113, -0.2364346441961852, 0.5574181370235981, -0.02301876173442274, -0.04824639577821392, -0.032403521002332396, -0.1241852624432894, 0.13087333067592516, -0.2906793472272502, -0.2596297480113425, 0.9989074559551117, 0.7035684919414126, -0.0974248951719686, -0.26171328658103693, -0.08204929719319626]"
"[0.30781449693610974, -0.6089340160176353, 1.1795322873837375, -1.5832436305453808, -0.15806132866073558, -1.9690661318592075, -1.1770862044054795, -0.5174748084855176, 1.1352042653567733, 1.1647073093020437, -1.550884698950139, 0.27463273835061736, -0.6874357198736541, -0.8657006309981929, -0.5842935834036205, 0.7084374041285048, -0.16921875733275782, 0.5034579220457518, 0.31223222593612404, 0.6377134104899455, 0.37965147844132235, -0.08590985699561968, -0.3443251667755633, 0.049980970189883074, -0.9942139529072901, -1.3040859109470195, -0.3417896730283193, -0.5470030532963815, -0.7950363413395479, 0.4264321915508436, 0.4281604829228586, -0.16197130388582054, -0.6108690306413487, 1.1498858128627145, 0.1389942317620542, -0.4485809262413951, -0.015077746370228039, 0.606914840718156, -0.0673222148888424, -0.7500638505972839]","[2.5239283091818727, 1.827680830129568, 0.09688759995781111, 0.08595622045641191, -0.2511042558682041, 0.33919960927178056, 0.4436440344844001, 1.4293947862498173, -0.5140826878465777, -0.6580815731455879, -0.34961775634094927, 0.13193519480279206, -0.5017379141074664, 0.15693676475462012, -0.4154501216176836, 0.6539047536960357, 0.8187874971159118, -0.16631661098076853, -0.13498818785664257, 0.34639371833976884, -0.060336488778818545, -0.040298959094828106, -0.43307443975252446, -0.2325392405485021, -0.06563731961420483, -0.22707445271710128, -0.3066284911763572, -0.23226360202463853, 0.1002036003416149, 0.32559809780268867, -0.4007584152533529, 0.2708251543864976, -0.3222646300023557, -0.18000800433707753, -0.09180230686431516, 0.2883512401452054, -0.12726152152857154, 0.12166972975191323, 0.10382582208023014, 0.2845574844598151]"
"[-3.1429905246820415, 1.4647930684960302, -2.0406089130883056, -0.24474936178749274, 0.8936744203151475, -1.3433986409971437, 0.94950911482764, -0.13750577821020873, 1.5989840421024435, 1.266824437253779, 2.050862518394914, -1.935946175820142, 0.11565307287107973, -0.1384714289728211, 0.5623735771330232, -2.257334093405252, -0.1388607505671539, -0.27797901197493347, -0.24992521571539925, -1.7392324697966528, -1.0367130355837995, 0.3440770249812255, -0.7796803086918244, -0.4305611115783252, 0.28206871356129365, -0.23488280729256908, -0.4585540509586527, 0.7787757147150804, -0.38338569524139915, -0.6805716947679386, -0.6429211459745158, -1.0161015637542274, -0.5616878750730203, -0.11942002372882612, -0.279000003636949, -0.19585933957105792, -0.6395033600479094, 0.09763514604826948, -0.4497235131432843, -0.31701678102750586]","[-0.03946859437502237, -1.7458888721538932, 0.27623253818532206, 0.5840640292083144, 0.3900107777872741, 0.4359432367396978, -0.8623592208869223, 1.1427027764680393, 0.37581977126587757, -0.41472168424177974, -0.7939885483734131, -0.6988136639081025, 0.13640406599522642, -0.4443851076502292, 1.0290713630762414, -0.04477750029793852, 0.4105562848717579, -0.8446786457981884, -0.15468392542063497, 0.558580645928494, -0.18620323451925974, 0.09508195877234307, 0.39883206268502547, 0.33824024897780675, 1.2313587657737288, -0.6777409230374531, 0.30015450269524974, 0.18325798467396878, -1.0862862283914487, 0.45134388592798297, -0.5364005373808883, 0.07681797598747178, 0.7728365014513869, 0.2772740849561331, 0.38396162529851846, -0.22503246360312043, -0.1464824449474789, -0.4636329525222052, -0.5069046076816363, 0.14991366629696468]"
"[0.3131409106526421, -2.4189734419432933, -2.4606252211205413, 0.8422328078163764, -1.8259122475231033, 1.46740049893907, -2.0876525218550626, 1.6838877203485019, 1.6180363240607794, -0.5309356834842156, 1.0119152676388363, 0.6410787797910641, -0.8588750959978217, -0.0552766961032381, -0.11132605805912499, -0.10614620754502957, -0.9092777152777646, 0.7163493466990267, 1.117976912186994, 1.4244800616572202, -0.17598608571184177, 0.7374860607351481, -0.15772071974662358, 0.596817875287003, -0.7409122069091021, -1.7855945325365703, 0.15579568573103844, 0.9583058717956142, -0.5062408164341614, -0.10395480556904842, -1.491185922030217, -0.615293604651007, 0.500239348844346, 0.6987820425742086, -0.7548082097044015, 0.041237526030147485, -0.7339142080605918, 0.46621698604261647, -0.3939989314778236, 0.8601692871879099]","[1.7587348821560245, 0.6363819695715155, -0.9991275941516066, -0.6842878629977456, 1.001971249193691, -1.984836085810948, -0.6247975618170362, -0.6292819799208729, 0.5639086606171649, 0.6738684714210844, -0.010415759963638558, 1.0187347941119038, 0.39972551418799296, -0.7890156281410243, 0.21476253010592974, -0.18014820011667879, -0.6609400963958463, -0.8250002386233453, -0.054286962794033784, -0.10005564535690781, 0.3970498126018443, 0.736918928261085, -0.3409802073349882, -0.5125387682079879, -0.12571677473154025, -0.08458234720878106, -0.20240234241019414, -0.5233050163033198, -0.07894492928900364, 0.2843542278086052, 0.7279696072008449, -0.2381567272864574, -0.4521456032785332, 0.06993411260403572, 0.13793292022257983, -0.41386017514653506, 0.7194751292423194, -0.6718491957638082, 0.519041042611782, -0.2056455471276802]"
"[-1.2136810781348266, 1.5312893179650322, 0.01850659792333019, -3.141614775716831, 0.36590133228528904, 0.950751531679384, -1.3033646561837748, -0.823400909207625, 0.9711833774445691, 0.597800191966136, -0.8149901076053857, -0.0005350596566837817, -0.026368210220620913, 0.14481322772443236, -0.5922264273591418, -0.9346207512643289, 1.6628757305274193, -0.46603934176162815, -0.10621763043660558, -0.06000811235300059, 1.3743328182549472, 0.3681348523971539, -0.2105752047649798, 0.9910189454396313, 0.8728136540699046, -0.3717150531422285, -0.33906116723676133, -0.05182395765591907, 0.26619153165745435, 0.8120974631806354, -0.4706978360953554, -0.32967803990875877, 0.6805872704595929, 0.4845875460381283, 0.32750995637733177, 0.02555168833412943, -0.5468780305640143, 0.7052816077329847, 0.09092165486394896, 0.47310867409897617]","[1.0570809406922723, 0.5201075580298637, 0.022451139188242476, -0.3929930378510298, 0.5269923269432107, -2.2004965931774416, 0.2797359043887728, -1.1298075409468475, 1.2674932219897266, 0.13728396779392077, 0.23631862838730386, 0.5888557618297161, -0.22593265546116859, -0.8309001450087635, 0.5001447483414574, 0.39806743639842823, 0.8331226144911564, -0.040324289213155805, 0.3502633490096887, 0.1359219043384789, -0.29465236255967153, 0.4113366003451913, -0.2942877056224938, -0.33103100934006224, 0.6737234028098833, 0.30807483741977437, -0.024195927377953487, 0.3546486321697795, -0.2744146542582176, 0.2926833035312257, 0.7342566335594951, 0.13108042257580182, 0.21736052738316283, -0.7172183197106201, -1.2902605825047035, 0.08408169743397005, -0.4809855781138809, -0.03774142774088957, -0.16417948982032965, 0.16689269520213648]"
"[1.2129039224016513, -3.3990610854972547, 1.8339018465415704, 0.4687734458756179, 2.0954967492540315, -2.838246645589459, -0.8497517616586641, -0.3117712995120231, 0.36123912335776204, -0.7940891149231737, 1.2415406001212432, -0.7605569476351568, 0.09768403389898656, -0.35088019742053306, -0.9604670594346315, -0.2670783989763606, 0.9969234949815569, 0.19476588349379326, 0.8642267341419037, 0.19800080922785981, 0.6310587394190946, -0.005909195550316989, -0.17445705073755746, -0.7305980822025797, -0.13791539683805953, -0.035817418664591545, -0.203237958759468, 0.6192718199610735, -0.19992561883332544, -0.9185554625946384, 0.3114206003312939, 0.17593161999663798, 0.023048553905027448, 0.11048172513435196, -0.34901691798130186, 0.046947682225717886, -0.6508561773732151, 0.9736424081546386, 0.2895772746516062, -0.4624030974357885]","[3.8673567527144037, -0.05521641899160294, 0.7964748077368903, -1.014590492849965, -1.4142684337598943, 0.5475480258314772, 0.0482850282562009, 0.29961147269516614, -0.11917620819160968, -0.34807123004305046, -0.16308086154214674, 0.5417282358229466, 0.03800240701869599, -0.08849156306669605, -0.34450863205476895, 0.31425289496236847, 0.5995521214082786, 0.14280183066510896, -0.26921336523813677, -0.35679998529266505, -0.04907020508583421, 0.1203169103659049, 0.24682171680180578, -0.11081076679390389, 0.06262999931703082, -0.1331348598942525, 0.004400377801930937, -0.13309306868471946, -0.016295529877391152, -0.11616458613890523, -0.0029911665302766624, 0.20274097444047576, 0.10859989730993828, -0.4690009912963116, -0.22534269171828258, -0.38834132776540464, 0.23246081177688777, -0.12385240118523236, -0.2357533974855629, -0.25594114943179636]"
"[-1.5036129877749054, -1.7451437193894586, -3.295648297735116, 0.6957848885948513, 1.244577750919519, 0.41211893676209327, 0.6994302709596166, -0.6517311131073942, 0.4855919314998336, 0.3427647557873243, 2.356574569108479, -1.8785286342915128, 0.11438274064892773, -1.360022628309452, 0.03710034707416023, -0.39321433792818705, -0.790107998276929, -1.2796539596572536, -0.0782991218114851, -1.2931544504413834, 0.3086789187983601, 0.7073904543559614, -1.207201944096731, 0.7723343257705229, 0.4513685085565233, 0.7408759237806202, 0.6035833637241405, -0.11238959108101083, -1.3266544200328516, 0.1783305338017008, 0.2897209300832447, -0.0213810066338748, -0.46011775032209695, 0.5941944149658072, -0.5289511897072117, 0.787703200971055, -0.2889391959115961, 0.5799504123451361, -0.7089397294071177, -0.5466548414331553]","[-4.248173001500043, 0.7467325549546482, -0.3796229370938599, -0.5040948378976488, 0.3086600249921597, 0.3793000482550419, -2.032173157839773, 0.09050926862272046, 0.916047591834876, -0.9822078397382087, -0.02804063628547291, -0.4692663000192301, -0.9281921649261317, -0.7477452482754818, -0.5874802212730263, 0.5105292192637535, 1.1226313766298177, -0.8030706665903183, 1.1432443036065267, 0.3205821490252757, 0.37944237562646943, -0.008291311420346767, 0.20441442410704078, 0.6588167866831459, 1.4208405876572165, -0.07745395339044552, -0.3155180681964055, -0.12815518850642219, -0.448161555327429, -0.6140881279875563, -0.2831958276930017, -0.3380051471969171, -0.19880319553617753, 0.060218508010908244, 0.23547188199623065, 0.6895618384509558, -0.7491103310571081, -0.3978423606496841, 0.22677542792645375, 0.09116043117304738]"
"[-1.0110431239620294, -2.7174450444284917, -1.935461113874351, 3.293192327710575, 0.35951735288627623, 0.12500629688902834, -0.8060556511200044, -1.1122829267537635, -0.4582220001269589, 0.2997789324187738, -2.122918599101511, 0.8927689327188726, 0.28005483245840157, 0.7457938683788922, -0.8086652836578275, -1.6754734062180727, 0.41528593032670796, 1.6186931329659946, -0.8504232836558671, -0.19177359672762648, -0.3625045967283251, 0.3344284405358608, 0.2917548373588151, 0.036564168100623524, -0.7060731650076539, 0.08434220338633264, 0.09571492945573425, -0.06901589712898977, 0.5464154330058987, -0.555610667826777, -0.3865566080318499, -0.4597151429879502, 0.13575440601288957, -1.057138462876703, 0.4585408616017937, -0.23282662468849788, -0.6859550222647269, -0.15446285541567192, -1.3201115832789454, -0.7434615792537501]","[0.8644045279586521, 0.5897067788177855, 0.2027146059637959, -2.2671022447212077, -1.2737022497262782, -0.14820677289077372, 0.08777562334260322, -0.6141538112117454, 1.324099849813137, 0.5344734552414712, 0.00736739294969932, -1.136178899967176, -0.8620235562762786, -0.5294183178914051, 1.1402134536746973, -0.24443197201601366, -0.0870948900723195, -0.6317263600032819, 0.544525242217804, -0.725973958270925, 0.48344322523441274, -0.16616249484275414, -0.3233827943020991, 0.1480687481884603, -0.5942650491771425, 0.19228817242422552, -0.1382540923538345, -0.6348809458019654, -0.2979841495644897, -0.26089158497652476, 0.3588272922520149, -0.012082975483045209, -0.6903644974233731, -0.34544046060241607, -0.20965027948650306, 0.010601034862398252, -0.06940316961182239, -0.1099537959734905, -0.38491852386710956, 0.3650178155086789]"
"[2.1866197473220157, 3.521186533709668, 0.6096932591849076, 1.246725229819005, -0.24964222880201276, 1.1237216825534286, -1.4910652722431457, 0.33486551190732183, -0.9701863854876558, -0.02304888030504048, -0.6688043044671932, -1.1940155641202017, -0.2695801570584305, -0.420337605216827, -0.30817159133464495, -0.19014674765732303, 0.29790220204170287, 1.4833395854746443, -0.057877895454881166, -0.8976993483504644, -0.3090234014665757, -0.4641112797290047, -0.41412515261014876, 0.051812975278671534, 0.6329677976738702, 0.22119582619443123, -0.4731447454926922, 0.05586350954139907, -0.34586847021733536, -0.36382854695626743, 0.009908110441618899, 0.38685680892106555, 0.058873829428036505, 0.20116556503460223, 0.20607836915719133, -0.19769744738238892, 0.20753456870405804, -0.13809501021065054, 0.17406474257880736, 0.4086536839646037]","[-0.6041662744390591, 0.43828452597960027, 2.7397181429814914, 0.7505094916279534, 1.6607323275006138, 0.7703666442079486, -1.6650309665223384, -0.9262811701076311, -0.7299585201512994, 0.0989940209402414, -0.16258235802666487, 0.7018118866224196, 1.0745815056846084, 0.46497919577852, -0.1790348028398026, 0.3181548195770777, 0.41138908602380425, -0.5742337470488507, 0.3966489207691831, 0.09831120985572168, -0.040105806653356425, -0.10592215703023651, 0.1397415348085218, 0.9537781990175648, 0.05545642736845453, -0.09358025270289855, 0.2484632212983657, -0.0998898735063078, -0.7068533591541768, -0.10305277412981635, -0.06735460560148275, 0.11254747931936351, -0.15723785707591073, 0.12592044819397125, 0.3287965216881582, -0.251864344103177, 0.2812024427366376, -0.21984498199151095, -0.01918102629795455, -0.09824996434201147]"
"[-3.0856858101115616, 1.597052369427272, 1.223097102585792, -0.3823175673278527, 1.4762006822918714, -1.1400593440363853, 1.1220657549645066, -0.8634711179949519, 1.0507378863046863, -0.3318647421177521, 1.1641539783983608, 1.1988406791427664, -0.19207129626244313, 0.4892981594926459, 1.1122843712521855, -0.3604769312123207, -0.7427726047389853, 1.5139577904665855, 0.6385284481358855, 0.15896125448583096, 1.151544651009566, 0.7913292788542239, -0.17605885662121376, -0.7187605553474012, 0.11851483696194763, -0.6527052256339368, 0.44053205573418264, 1.1062637864944351, 0.74974168103008, -0.6566123008389354, -0.9051110014917295, 0.7516414339549607, 0.6218247927508802, -0.6779345058172315, 0.27577580288233156, -0.8395175137422203, 0.06213971992755572, 0.8685887642364329, -0.30297964900347235, 0.339809769150961]","[0.07593012376861537, -0.3594981116145843, 0.3818702019546164, 0.6366005861627415, 0.21933141437302964, -1.2444818387463348, -0.6504234259958968, 1.446135398201264, -0.9676915170707449, -1.4974702565616158, -0.4897801597717649, 0.13734523454990952, -0.19369611639506223, -0.2757360849461132, 0.6821875017932383, 0.15674603295959394, -0.07033686633447866, 0.7063314505672129, 0.5898359647067808, 0.04015687060312973, 0.5656534566129021, -0.9355073865042638, 0.26254627816332865, -0.229317696024861, 0.5735635005389708, -0.2879721787314895, 1.2023879150981351, -0.005303464130256894, 1.2717447988369828, -0.2227916729594497, -0.5093760444599115, -0.19835873467175122, -0.5567643526991269, 0.3090231762150618, -0.1810474928053066, -0.9471577084183481, 0.06600028274709899, 0.08972516607669039, -0.1925379617764496, 0.1787039733915685]"
"[-0.561370968793768, -1.8999377329896905, 1.8791827417891065, -1.94695364995716, 1.3412286933673014, -2.272390548314786, -1.3877784042847277, -1.5083248096429511, 1.3535540349913628, -0.3773753721722029, -0.11269120587187573, 0.28476001365159853, 0.42720980031002803, -1.2360464864404765, 0.35105795766928904, 0.31642672717254744, -0.5487290249351431, 0.8856135742865434, 0.7461548459754324, -0.546377008385055, -0.16349780994121643, -0.9390633850616885, -0.830564034413283, 0.7745449885597517, -1.5249097537616607, -0.40457755993159505, 0.46833801560986116, -0.6353059251204478, -0.531016057669645, 0.109542434530948, 0.23333366630511634, -0.8298396497837981, -0.35183435428290755, 0.6981273777537231, 0.4858486678222017, -0.3175588169265799, 0.08643454679711954, 0.6897862363944441, -0.1890876678831651, 0.29240935967055853]","[1.716947077133058, 0.3322119721909564, -1.0846570894790568, 0.7541642382582355, -0.7811656430517248, 0.2076881158118425, 0.6320633464211574, -0.9056509904341816, -1.0673468745319938, -0.5922950503491345, -0.9708726620710787, -0.5294059575835164, 1.2148780244039554, -0.2960408845277423, 0.018046706036306422, 0.17554446343384658, 0.044811209840644455, 0.8852552854016106, 0.36988019022954416, 0.06638761325894357, 0.05770223832201888, -0.26889643589158563, -0.3473561663879073, 0.11885830752499643, -0.07202657147907253, 0.515574364439323, 0.7392333878721208, -0.2676290544514869, -0.3486914442204694, -0.43319002800032314, 0.13040433801549253, 0.34558210464106603, 0.11516238411087176, 0.16098893428627534, 0.494699764972968, -0.3366625779309696, -0.29215953413701745, -0.4654937022095706, 0.2834187457209648, -0.03942773247995223]"
"[0.976471785917194, -1.2818644559774492, -3.337822730877085, -1.8833609488340481, 0.31250290572068057, 1.2332284729093272, 1.967629154798907, 0.7532105006192347, -0.6361611547110155, 2.1299672552763282, 1.270742869907218, 0.5337402323430624, -3.014391878476526, 0.07533050437505565, 0.8543208381879499, -0.7880338157342219, 0.1993236516189912, 0.7981409426769881, -0.3109763373772848, -0.6910949003016039, -0.04387814387698964, -1.3064426001296179, 0.40880787165781757, -0.9306741337934292, -0.15280886524167747, -0.056808535057221755, 0.5317545456003756, 1.105239763651355, 0.27635034488240157, 0.28775612366477277, 1.6209786473686019, 0.372654879125912, 0.506894886620533, -0.025515038679080757, -0.9253723815248636, -0.3108951940872461, 0.5599153976126248, 0.12686102982635378, 1.557565287682355, -1.1573164818793633]","[-1.9726140849311922, 0.013618728515484407, -1.9171526094691138, 0.7403440087948548, 0.38888465390860816, 1.5718002136404166, 0.5750096453563589, 0.960276486130711, 0.6186826897815553, 0.007989910908202844, -0.7170621854120268, 0.5378115889309831, 0.37915858985844686, -0.7239075837177029, 0.03786570616069197, 0.8482941676860402, 0.350149861878941, -0.6078411397066446, 0.4158732830637207, -0.13845575598767937, 0.5390453394199901, -0.7302667889918283, -0.7655134946384539, 0.0431680675596419, -0.636795775590371, -0.6029649129626917, 2.2959216456162466, 1.1691038181600402, 0.6339968366141763, -0.2618280116619738, -0.48352342935289, -0.28259271215498255, 0.4395905624072497, 0.5476641321169102, -0.8284998215559852, 0.3204182688363539, 1.0075416632631942, 0.15162406531330672, -0.4572439250555775, -0.5547336436508287]"
"[-3.7635979054520456, 1.191668577083783, 0.7818560922425853, 0.9154131540757925, 0.3569562712340165, 1.3771032099072367, -0.7048442427435736, -0.12238378665330905, -1.0883463828266888, -0.7445079555265055, 0.10907191309739579, 0.8000916248738204, -0.8584269836087097, 1.2434873793118422, -0.2525599682374825, 1.1201286846985108, -0.006402842125412351, 0.009206311263466221, 0.9834702057192792, -0.5440305314306871, -0.6543389840409778, -0.255036302365059, 0.2666923977911365, -0.07421135339864247, 1.486038799156885, -1.275822971549146, 0.432486637590218, -0.38079963223343094, -0.5871955378394624, -0.663856289405727, 0.6297131231492611, 1.6574766168697312, 0.5251939577897109, -0.34312389841186924, 0.0889074897911427, -0.20947140552993615, -0.7431125533764464, 0.16952736469599722, -0.5667586818574541, -0.02825800871039893]","[1.1200993783592974, -2.473865803840872, 0.496410346073486, 1.2151312168972805, -0.22292634697058702, -0.4365002142313533, -0.5492946386679468, 0.40672672626896944, -0.8266375328766383, 0.2758421473212288, 0.298973716622627, 0.46954791863268935, 0.31768052213960385, 0.5474398281341187, 0.2755492411903218, 0.5050911483408064, 0.11983009748410652, -0.8303929744616886, 0.1819396250676493, -0.5900179237758236, 0.4806961353103635, 0.10529665559511128, -0.5280194478025819, 0.16460517953981857, 0.003794035207074114, -0.6500298151330071, 0.19172128876612415, -0.8864915514077534, 0.17634774108241227, -0.6424779905087513, -0.3196928788700256, -0.22932375867408122, -0.41513521561810784, -0.47719216973350814, -0.15083972850630886, 0.8792448648594722, -0.18334012782147593, 0.5539686700283919, 0.1833947057579732, 0.12819650375017594]"
"[-0.9265969004236004, 3.3060870887382032, 1.752956592583714, -0.13724583634193435, -0.8188842106119892, -0.5244815022868433, 1.2129734579854827, 0.21877135486715193, 1.3792202071675286, 0.18119982239413268, -0.3465997831255219, 1.9545854775352676, 0.6612696445479773, 0.5954748722601946, -1.3673455339973077, 0.4350127967252435, -0.9298504073290107, 1.3130819048148614, 0.5467497406523504, -0.19159971132346018, 1.1599902926004144, -0.04118784314482813, -0.09079842315700291, -0.43656926960330134, -0.07286053153923493, 0.3125040007580933, 0.10936303556829907, -0.28341778942547535, -1.0914256343246422, 0.9725365975887078, 0.25595327795816547, 0.8039611746614039, 0.7994288541504885, -0.8873872618689712, 0.026274174195030545, -0.8211361790178975, 0.2521379139096188, -0.6806569143144896, 0.23057772667981755, -0.12059324354353855]","[0.39535815960501186, 0.7076698935753784, 1.8298386134207607, 0.12440616927493398, -1.9720171224709846, -1.171379582332655, 0.3770477454959778, -0.052687879606454414, 0.2476690324587466, -0.7812005223141462, 0.1287337386627343, 0.618447615403691, 0.6158073039337467, -0.003051377895281542, -0.6799642470973954, 0.10543425036110904, -0.6184607274764647, -0.263446746932513, -0.5576719406487761, 0.013706407751953018, -0.00042549440873381546, 0.1112022297644377, -0.7537296624875659, 0.09333379112766613, -0.32829609082051314, -0.059409428452909724, 0.2377164502129809, -0.5103651403422842, 0.3772190196511448, 0.23069013095145216, -0.41244090338392364, -0.5348480685426361, -0.2610577915715443, 0.3350369117636933, 0.2451062979585634, 0.7643927555895184, -0.10465555388263571, 0.03356311587130216, -0.309274859011581, 0.06353895312142721]"
"[-1.5990149908489233, -0.5453625685099158, 2.110238746617384, -2.0215367651281118, 1.918305327907228, -1.567704492632722, -1.7071578937421537, -1.0863217150391837, 0.8292368222301595, -0.23100358104925184, -1.444707371978626, -0.688898995225748, 0.7549379943547422, -0.8560889897604887, 0.7685084551505377, 0.7114125082985282, -0.3056938231650267, 0.22808043856169047, 0.15520500468278542, -1.2406602096749124, -0.005537633040628799, -1.3475120307830253, -0.4798451053384537, 0.5225051757905443, -1.4609452531404012, -0.7171284369902392, 0.6676906349048846, 0.16528944123823253, -1.3533624847044188, -1.183556236087453, -0.7172980440501506, 0.002361626407385558, -0.636124207107529, 0.08436480404297829, 0.18303765204448996, -0.32971051179044086, -0.1021561701925087, -0.06697244694745932, 0.8952254087370775, 0.5767949182512039]","[1.4567473793524444, -0.3989105847354475, 0.3240909499428026, -1.127431137061829, -0.9035181680269455, 0.602425142895469, -0.1794339748326088, 1.14192433843601, -0.7183884724818277, -0.31182028255973976, -0.21555853349536241, 1.1817947607817747, -0.31801051381755013, 0.009998871120576102, -0.07309725853661737, 0.06845429614679381, 0.771769973701396, -0.5576521384331632, -0.2257285680485521, 0.34816362118530925, -0.01986309353980769, 0.39761363961221363, 0.22224906958173044, -0.6967647311283744, -0.7474344751923798, 0.6598253768763754, -0.6310381784801306, 0.875460897082484, -0.2583007537600337, -0.13943034081787903, 0.4193389975644759, 0.6065113820658236, -0.1908115044438067, -0.053055565223559815, -0.10388134562259659, -1.4315628511809697, -0.018104135233310257, 0.2841571745457726, 0.4838693878503698, -0.8167174209302372]"
"[0.8576794516189632, -0.7962747197532777, 4.4584551162213035, 0.502959328668115, -0.9858609869096371, 1.0390689081993318, -0.27250876377840944, -0.9162502603189502, -0.2314209878733888, 0.693926341327001, 0.9964675233062116, 0.5597988575464291, -0.18652372349935248, -0.6372618213262912, 0.08005196434228745, -0.6411409830758036, 0.21885993123331546, -0.5387105397608047, -0.6885922427383889, 0.7482389522362445, -1.7422206061194376, 0.47589439934932026, -0.6826392484616739, 0.3972700975766432, 0.3332676827122722, 0.9565526350441474, 0.889857625451884, -0.5894393262644234, -0.5455850516475037, -0.019911688946798477, 0.06363570602993619, -0.6055238653013038, -0.1538058964875069, -0.05735513844885391, 0.6592856941148624, -0.042076258301407474, -0.33838716980103545, 0.6534358892074231, 0.2036429578038445, 0.20605962515855644]","[-1.139415968146786, -0.8015685493319192, -0.47401897979885593, 0.2806545920067912, 0.3709361809506169, -0.04176508855888035, 0.7567263208745886, -1.6010139660504343, -1.3252583509013054, -0.524022664068462, -2.361847867403878, 0.3574092126387871, -1.203290643557815, 0.25313625532145123, -0.2858178823219407, -0.029111160904992023, -0.7025288153207729, -0.1304858589306751, 0.5013565941870407, 0.6281265501774038, -0.18412898839713832, 0.16103801231899062, -0.2908608297445665, 0.39857515645124414, -0.26009980026580976, -0.7121382216572227, -0.8787155330015199, -0.1611924629584725, -0.05145255294297935, 0.03822623928558979, 0.7764732269995299, 0.029785012485896906, -0.3502240941940601, -0.19795198430901717, 0.2746512961677177, -0.6677933436675176, 0.19862649514349257, 0.25005139921524966, 0.03672165722956714, 0.17111171967216546]"
"[-1.4919546062686626, -1.0198550954189065, -2.661300197626469, 0.6382783437482508, -1.1061240506442047, 0.5629305699909127, 0.32745613941078183, -1.432671741055338, -1.4085709858211044, -2.8149604176973666, -1.322238123382247, 0.5845921753038614, -1.1439582545647935, -0.9331500106685979, 0.16308657913959737, -0.5597091470002474, -1.4827121109388615, -1.692476674648377, 0.7143577932560596, 0.22730205109502644, -0.9055550429196119, -1.650163519454613, 1.0000076144954693, -0.7588888381285246, 0.5569026390760168, -1.3222867542646792, -1.542912647130308, -0.7174954509887658, -0.10664462721377689, -0.8132425456163215, 0.8850910683977511, 0.12827163854400142, -0.5095463193595533, -0.6540475600422215, 1.620051192738422, 0.03516794441886721, -1.654962290368707, 0.8548763047566206, 1.1677707581369614, 0.16749097215178516]","[1.576848218181129, -2.479152884661089, -0.9632636130130687, 0.7841238293293387, 0.3750920578707941, 0.24924629921124256, -0.6806546140583731, 1.26796642498835, 0.1719180388833394, 0.03033622121036638, -0.3283500955470689, -0.3106106440729476, 1.0057344862812656, 0.4388958383074121, 0.240771606008967, 0.3272114778678194, 0.35969021370247933, 0.09198996664747362, 0.038114202189021354, -0.30186345900680195, 1.052242683183664, -0.6448660736457575, -0.8244539216512292, -0.3313330728483571, -0.5342490002602364, -0.47636642390434, -0.17726952249487216, 0.23312605536248177, -0.8277311326825956, 0.1860409237126131, -0.2811824690837608, 0.14966156522475504, -0.8000906325005283, 0.7374186062578963, -0.6624319443153581, 0.4852134172247978, -0.27155076370109665, -0.3738791909971672, 0.27213463736561766, 0.6511189424471111]"
"[-1.2168793499552761, -2.0722881634488997, -0.7665066275960538, 0.016446346082661312, -0.25974527131785063, 1.1702835292067846, 0.9384308291751774, 2.6966943471343026, 0.41535972379879915, -1.1946944980389482, -1.4321487588016, -1.8452243764896328, -0.0019719808774043123, -0.1869047262318709, -0.45436585692761194, -0.3694906274519625, -0.5777409612328724, -1.0798017138973761, -0.8411747290426541, 0.18653066054921819, -0.5410723288420306, -1.1368115436493254, -0.035739880964794135, 0.26103315902975527, 1.2522936860945695, -0.9345360651974466, 0.4116920445527897, -1.3566693569709494, 0.5119299668405314, 0.7577814441146232, 1.0164840837822002, -0.43610382310656925, -0.41204744652008884, -0.7410975465280879, 1.6665388351648331, -0.9379070662162984, 0.5180382430169195, -0.6640894397795092, -0.07427107615209903, -0.0735194530987075]","[-4.619025979589091, -0.03318431371797481, -1.5984804252354952, -0.623812640796032, -0.43665467928698554, 0.3862967044199621, -0.6612545315914935, 0.964157121383651, 0.34760865791949347, 0.04624335117182701, 1.1336777922654948, 0.36050294846174635, 1.055371648618829, 0.5661952957240675, -0.12840087922718202, 0.7226173421872624, 0.14013066546694936, 0.16884937006575584, -1.7008263419730094, -0.7309385564599147, 0.22178001671281705, 0.6489588562937381, 1.0814082564876195, -0.24940723178342442, -0.27438075162380315, 0.4872768045441084, 0.35319094026924225, -0.6526394499652276, -0.2784233941864474, 0.78853533197407, -0.23972916769561162, 0.11996602007583046, 0.17683496409751628, -0.8602036696551054, -0.7138644124707547, 0.11669903690523908, 0.4778248784901811, -0.12653675624463487, -0.5723348935704474, 0.78875262466353]"
"[-2.47582383648973, -0.5483644221203835, 1.0523030227519516, 1.3752420536978627, 0.19853909154160457, 1.1587588219082205, 0.7983376963544229, -1.8635332972068186, 1.1712471946312506, -1.8637637882755522, -0.04899214364792834, 0.3126607929494372, -0.14913879789140747, 1.5662328742493856, 0.6248820884956912, -0.1897222311016143, -0.48884018911220145, -0.1202385958656539, -0.6646994235768187, -0.4295329572156826, 0.02564997731833621, -1.485070688151237, 0.39361723328780535, -0.8272702119173249, 0.9333884960820759, -1.0292296906175287, 0.2964427929686747, -0.7708539332494551, -0.5750097333463967, -0.4257827453408377, -0.20984073037299333, -0.49805493573780274, 2.5208412707628334, 0.31705118249021674, 0.049353536255218884, 0.7503082847030387, -0.8259193516870184, 0.9664213835895505, -0.7720986855315036, 0.7995630773980361]","[0.2606766724421, -1.8714370579776967, -0.2926430660301482, 0.33347788891602687, -0.9456744548224675, -0.9042660176345679, 0.42642633687863807, -0.5852356583022027, -0.12812711448685374, -0.8029473912587373, 0.14963263535602597, 0.5539844939560525, -0.313227279420785, -0.19396594140766815, 0.252283955493954, 0.29243671041833097, 0.24427692443117166, -1.2785647971648118, -0.22241913672757627, 0.5582466831721684, 0.23307879049633334, 0.7692908550331238, 0.05260213055448237, 1.0045447032653825, -0.022621263857648073, 0.009541385492099971, 0.05205616118288566, 0.07196582109949412, 0.6259794544640994, 0.8429904360383876, -1.4109405471975756, 0.09193118259958638, -0.03844200227823552, 0.022912597283082255, -0.7563108455221556, -0.5838415768161354, -0.7713408682906632, 0.12401399369834691, 0.47991528886755086, -1.200272365493962]"
"[2.360266186957971, 2.5064979245522294, -0.2667970983810649, 0.03641649573839852, -0.8713404049004029, 0.41150701811827456, -2.2095743374079237, 0.2369101930000332, -0.4877449890507568, 0.5431002365877589, 0.4881991044515674, -0.5102088657337427, 1.7161842417109532, -0.8180849244613579, 0.19943396150034629, -1.019893614683588, -0.6258027561187676, 0.0389878583310335, -0.9828772904405086, -0.4687993168642904, 0.8201950939919982, -0.1323084594843029, 0.8659289862577202, -0.5655852822507054, -0.4384521777041715, 0.6091097797174373, 0.16257277951859508, 0.08678793575405258, 1.1468194127035873, -0.4187343518314648, 0.6924850856162781, 0.7035519568692532, 0.8907132988803828, -0.10100849208367436, 0.1053156600647249, -0.19791723356077418, -0.5930906313020692, 0.0982013293530136, -0.2033967399339201, -0.8405402322555358]","[0.30620642994443537, 0.020828678670429594, 1.470670781736701, -1.6551747818266394, 0.017963904021491915, -0.12025448398026818, 0.6537753520999963, 0.05436600702764181, 0.8322192071566223, 0.5247167019887058, -0.23735869944019117, 0.644623152621183, -0.4164734452094583, -0.1479618341274867, 1.0127362702575642, -0.2522420209241308, -0.5981346050267444, -0.24576895877098515, 0.03873171566499807, -0.039698695597303844, -0.5199873140426249, 0.3032439725310276, -0.18578929072315203, 0.20346560048562087, -0.8681350416773308, 0.6775899151986966, 0.27831577280997477, 0.7526235730204879, -0.14849157801629356, -0.8674539759364484, -0.4403909812213784, 0.7368363375999408, 0.28671858877703216, 0.2971680765654916, -0.1062860249124553, -0.04742328425383481, -0.07270057548406975, 0.5366752126932816, 0.15436877442277896, 0.5580976099116819]"
"[-4.404081513835733, 1.4421588960511944, -0.508138932441926, 0.3329736881051093, -0.693716622519865, -0.6530956670538999, -0.17749130290188275, -0.8395963517270768, -1.0867200287012628, 0.23091461040657763, 1.406630190969375, 0.48784818016770665, 1.0252148551977707, -0.31918433719245065, 1.180613597307156, 0.8678089711077727, 0.7953345803089098, 0.724958742159471, -0.5958443774747649, 0.1878908976387251, -0.32539248132675774, -0.8377321149896054, 0.1535834587121042, 0.6350337560388498, 0.3429713421264018, -0.007962502325938916, -0.708569508862806, -0.315397578477936, 0.1463101707874105, -0.6285742738268746, -1.0884061629661828, 0.3671755944912792, -0.37290901144646, 0.13887129336233678, -0.8120966621145109, -0.027664949103727056, 0.24573992813500367, 0.10818537178587409, -0.1204386000626683, 0.2534631866957216]","[3.0251480874179006, 0.8262744854402094, 0.34910620452480556, -1.331244742779209, -0.042005258261733756, -0.801114869328012, -0.39859904108829913, -1.685761265257161, 0.36907103803582497, -0.6648270412787233, 0.8737710152993886, -0.3617006079052073, -0.2793026552692394, 0.4039700690472991, 0.8638736630158332, 0.47042343203526665, -0.4583456520778349, 0.5352171574370456, 0.6379240205326047, -0.26308462313872993, -0.22400928377773222, -0.1436989848945156, 0.4003246247501317, -0.5143886037209171, 0.4335805283166418, 0.012293044143675203, 0.37700333671064273, 0.525811331582707, 0.02241467610504848, -0.04426911170604033, 0.35781906980763906, -0.08943176022285898, -0.09573753652009442, -0.2548518742020662, 0.17214053144930225, -0.4327980138097045, -0.28514988149351694, 0.23184517358381887, 0.18139669470142739, -0.15408284902904557]"
"[3.3867466417371586, 1.28915413941953, 0.8593443153413831, 0.0646575918940229, -0.46833167412293525, -1.1860485596045562, 0.7036435711230612, -0.2234280907448441, 0.5798903172494319, 1.7677613827594258, 0.1677158599462509, -0.022724946618982743, -0.1298390091710848, -0.8976348235170949, 0.02414474974477683, 0.20998539404774974, -1.7044943943361142, 0.4527616265876299, -0.22885322020547924, 0.3363006775220285, -0.12757181762267636, 1.169849422192206, 0.6286008861738244, 0.8139186093360603, 0.8135275380374374, -0.803928973313182, 0.6964426190927241, -0.0588018645047837, -0.0858937591477048, -0.4348519356405657, 0.882042646464213, 0.5216000686289791, -0.24064582678233332, 0.03178801342526272, 0.0361679292839231, -0.5627003219491833, 0.6020224662149471, -0.0365724486633347, -0.6149664782423654, -0.4404783862471378]","[3.2200952380192547, 1.6779803267004527, -0.597404145302914, -1.3513657707170132, 0.23342784875363787, -0.941344974141609, -0.30203627442097886, -0.6784034010300369, -0.49052290108387847, 0.15351485892573616, 0.4158255204938135, -0.36807150110180153, 0.013867979600858024, 0.4734874159016268, 0.4872755801752321, 0.0021080983043690166, -0.5390920713689671, 0.24183005509247693, 0.2157598227171367, 0.25583324709861904, 0.2923217634218441, -0.6110881792047308, 0.2826231585910309, -0.5090493386191074, 0.5811705241938165, -0.1336883556223734, 0.2808513464354817, 0.5790214599128886, 0.306783446191529, 0.03832547611122039, -0.25003285787891627, -0.3754458307881061, 0.07947959563573105, 0.07183491106459686, 0.2306401829662504, 0.21453182173055865, -0.044688326989151685, 0.032682732906850955, -0.2916074957109231, 0.707318583758662]"
"[-1.1393382193707482, 0.3425990678858802, -0.597357594208253, -3.360858014449053, -0.4344135396552404, 1.8780151206757214, -2.1361155220463464, -0.44132414129364206, 0.9451517653334217, 0.27609542811799564, -0.6853610198054775, 0.03114420595488486, 0.4922590201979967, 1.1436838904601065, -0.6714972451655432, -0.029369420629834848, -0.05930061693712649, -0.7351886566852731, -0.603176882249956, -0.6324348770659879, 1.2863554347432022, -0.1673652708561529, -0.6914470434489478, 0.6020761716584119, -0.31492626012546177, 0.7488064030993454, -1.0732652527971482, -0.41997886840615906, 0.04053893302266796, 0.3560810624455814, -0.38939343339347343, -0.5457603798289654, -0.023790956509120637, 0.3954488353438544, -0.33478896820176096, -0.9858783110835934, -0.17211046724538187, -0.6977579252972511, -0.5353154928497168, 0.49136709113029176]","[-0.9468358810349204, 0.032445777090182586, 0.1663675931586759, -0.8049072998642558, -0.7624972279399391, -1.6582320189747546, 1.3042969173299641, -0.4374872724928827, 0.8745973302051345, 1.6256713889641832, -1.5720963695246117, -1.1715249557074228, -0.4650338662885977, -0.1896280586260705, 0.9214229617521755, 0.35378125053178583, 1.2266679018648101, -1.0795957833533576, 0.46968589422805496, 0.09729070739492082, 0.6170958647679124, -0.30563588835718575, 0.536804993307772, -0.8834751809485788, -0.7525535035044696, -0.2064931954580892, 0.3502375648545499, -0.2245834485022818, -0.5348271412209405, -0.3893141092995635, 0.08507759418344914, 0.4717663624400446, -0.3846649948753426, -0.7551007496553076, 0.37576511429428067, -0.04605646788286026, 0.0910017100712176, 0.09957506951483545, -0.5455123686327519, -0.3204957295762859]"
"[-0.11910731868376702, -2.380734586962786, 3.3848433465080863, -0.02005213500351626, -0.8213445668786553, -0.32964619542045775, 0.14506780125548904, 0.03896598570954213, -1.9286275222179086, 0.48649323750773915, 0.9112520570861218, -0.5734290259144236, -0.6039859825015624, 1.7434357013341193, 0.8208747551910615, -0.023379807713565987, -0.5176380913649765, 0.32778446657492943, 0.14598686545202816, -0.35795265263135106, -0.2515344709535801, 0.6120759599362413, 0.5822837392163441, 0.8372646299670582, -0.13783560025759348, 0.045085328912242706, -0.8262458547326812, -0.24292452233552078, 0.6586482495724454, 1.3565520745805444, -0.12234790708028156, -0.05744432583096817, 0.4689159270549126, 0.12719779629605718, 0.3377969087124972, 0.6863881109291021, 1.0591094813877908, -0.42541325213402315, 0.40385463169490177, -0.7124938580687912]","[-2.951713566158223, -1.0803405097057963, -1.6950013053063384, -0.8743254801247726, -0.3865609396775611, 0.6663098247110087, 0.7470100814656282, -0.016115069368771395, -1.1383585009952046, 0.1479945020096254, -0.43981323934706923, 0.019735934924827066, 1.2481811496481705, -0.4920484733630372, 0.5239227688293925, 0.15720901717260932, -0.42571715314964753, 1.1412806408745744, 0.7767402339345596, 0.11141635298753436, 1.041426569092816, 0.5087429948449669, 0.48479017845660055, -0.2650551275793379, 0.47771409387232994, -0.047793090082828636, -0.0008949127889969739, -0.3422789876108297, -0.4410644913069654, 0.6407895290222608, -0.7648421516163145, 0.11603511298330633, 0.29982050225604356, -0.07501790193815525, 0.5521012689238046, 0.3817002864200906, 0.23729089618804527, 0.7238451033395832, -0.29994888401252157, 0.28122173290893104]"
"[0.4540132242085348, -0.9534107754916079, -1.0204700838240826, 1.7099295158639367, -1.2766275621843237, 0.865288383050907, -0.7856998246890883, 0.9995834061319832, 1.605859700708894, 0.8994366559496023, -0.18253015095379632, 1.0900151849754989, -0.9481784632480146, -0.041614600680458025, -0.3394369725613643, 0.25657443411682046, -1.0364854900124594, -1.5777599800179087, 1.2965884708732587, -0.731525855500864, -0.749346490166837, 1.2564762994878973, -0.042706368830368276, 0.09573392595132614, -0.32023446214315304, -1.0051820397474023, 0.09088951109506571, 0.6728976836257934, 0.43446639086761174, -1.2041005188653244, -0.29503995552753043, 0.6404905168860904, -1.3552123680536328, 1.2621418110737663, 0.32963593420644866, 0.46840274880017035, 0.269866018853487, 0.04785457435842455, -0.5463925511344785, 1.0322437235471424]","[1.138078213144506, 1.530986823652212, -1.0072468566365702, 1.1986314894818817, 0.4807523697687343, 0.9639517495040066, 0.4787305553520251, 0.4785395392322249, 0.003057620410131378, -0.10171092239162963, -0.09621716927308152, -0.6859042811243368, 0.24516545991137476, 0.11950302597229666, 0.6334223474166125, -0.46959390161610165, -0.07666495940205277, 0.2976516510432865, -0.7215793634405274, 0.618925069925136, -0.38802563004161394, 0.5550584708847953, -0.125362674450741, -0.428172544813128, -0.08935276580309275, 0.8304769648386877, -0.15243493589145088, 0.4381641731119919, 0.5149084234268133, 0.05710851699174761, -0.38488519598332643, 0.35229320898296984, -0.24884494523891879, 0.5030815630840275, 0.039506492616705816, -0.302522637049805, -0.3178459715285603, 0.36878638119076157, -0.5461780563977504, -0.2632960417711899]"
"[1.7125756554638722, 3.044798368695825, 1.5807589621464861, 0.7442148880505246, 0.24951249891708854, 0.5880730280143253, -0.3892939045972965, 0.03480873469480033, -1.2041563929716996, 0.6938420785608357, -0.8332189907722868, -1.753133318030897, 0.07132760948930456, -1.3824125946827557, 0.26925548546503936, -0.00423542087281009, 0.09098520607715979, 0.7807132887818471, 0.02344680101534579, -0.31254464777739827, 0.49635362520096277, 0.15848421334620058, -0.16365805526866417, -0.5121766508043538, 0.13874052356969718, -0.07798686711244059, -0.08979089209310157, 0.37021210235959856, 0.5716562492350054, -0.24406130470846502, -0.2427628331184828, 0.7625494662317605, -0.5162906116633784, -0.08065425257382101, 0.07853930797146134, -0.0031289497187337355, 0.29544915549594986, 0.5126676029243838, 0.3166496780941996, 0.31919820578226654]","[-2.1460211005243504, 0.8911296553051692, 2.005598134446405, 0.24683741034887674, 3.2589076377231696, -0.6277607887575091, -0.3679060601086986, -0.42745247873021236, -1.3995080523417964, -0.7395634524218871, -0.1263152052702652, 0.2806529047895217, 0.22605408652901432, 0.7275626296033573, 0.27471591961001607, 0.3634190523127658, 0.284633781487813, -0.2468052825744882, 0.27942759381064747, -0.2434453303550124, -0.15691169548999356, -0.07080009368691134, -0.03979622008761904, 0.051861452028932616, -0.17571222230019462, 0.27210503784679374, 0.1624788502046546, 0.24449102085940227, -0.27577478500951125, 0.08755802002508473, 0.08747285382221577, -0.3887589408533236, -0.20875789715985235, 0.05490715496863602, -0.15036181992972725, 0.22046963257351965, 0.11332974823098893, 0.007990355483387482, -0.14702739804306197, -0.36015741382088123]"
"[1.7848492365135749, -0.3001009986960716, 3.131825687444793, 1.0552009658352957, -1.6749765001000663, -0.004524733738527044, 1.0009804373899291, -2.2110371914280162, 1.215643128518461, 1.7699101181087415, 0.03607305450053299, -0.7060624208887338, 0.08085351276393198, 0.8973885770858221, 0.9014889108576436, 0.3121972220742483, 0.8403572697383404, -0.4563146715978527, 1.2087392833769162, -0.8762640944082143, 0.14293026495181246, 1.0060717032974713, 1.2462935277334442, 0.4765971811533603, 0.31942011977229035, -0.19958385862053107, -0.8086297448217441, -0.462926349167835, -0.45447002109801643, 0.07088301842941076, -0.16268294249561632, -0.3934286477384332, 0.55649465233277, -0.5085077622937991, 0.7410921489464677, 0.8397617569225547, 0.059179765449329576, -0.41396928846124065, 0.9274060463071372, -0.0075802187453901]","[2.2286717314910423, -0.2379938456631781, 1.5002128183237853, -1.0476405146156302, -0.4346547319894721, -0.14822655221030456, 0.5287282394295661, -1.3637083299776342, 0.7419350148903694, -0.08093588859573712, -0.5155547906781414, -0.11996999913976746, -0.07194615325654456, -0.3201980343161176, -0.31114341199351636, 0.570433518193002, -0.2406049369533382, -0.4256546299337183, -0.34402064992092946, -0.6314547846752528, -0.333121725463052, -0.21525423669567487, -0.025418448473108004, 0.67592018480386, -0.49604637467354673, 0.1378433201149077, -0.36935451093205035, 0.0004915898859841558, 0.07200785553634217, 0.06468168465046259, 0.3572946739711925, -0.27099368820333514, 0.42903509867141476, 0.820618924560788, -0.0855065886741955, -0.24039538776188102, 0.15605989433549836, 0.5946305730974254, 0.22040118071774806, -0.11382088584807513]"
"[-1.0259593409683772, 1.3602654212051561, -1.2709208938225254, 0.358392374426823, -2.5985667723665755, -0.44102613821027087, 0.5474310692092533, -0.659877451252119, -0.9440431143920528, -1.5086825404469466, -1.3876411224246306, -1.2027974031120097, -1.3120638019065864, -0.9201610043195187, 0.7187475750981579, -0.8323160486207508, 0.3498865555397479, -1.0362884123372795, -0.23149520063073045, 0.10349692405669547, 1.3234861177947335, 0.32273192847842225, -0.12884872869510464, -0.5241081354129686, -0.5272344771934826, -0.5955480100090471, 0.8877359190337866, -0.38465971610033906, -0.37645234953978285, 0.7038334629237768, 0.15731169060443226, 0.19718609788507938, -0.6966274392677126, 0.4611995205478245, -0.31596895330110203, -0.021803047534280078, 0.13924756278193112, -0.5024898332130879, 0.04957699530327424, 0.897016187237691]","[-2.7661712300558903, -0.060159006769313524, 0.9638150822032051, 0.5051972091629802, 0.38351476208008123, -0.5167101666706506, 1.3650836298789122, -0.1522162113809569, 0.5108774183987923, 0.7777557862906209, 0.9072154331575828, -1.4817654710251733, 0.9075589004877695, 0.18433394529745223, -0.8868017389226659, 2.376961789550324, -0.5832764428838068, 0.6290173964961627, -0.3907733803782089, -1.1522053360875228, 0.07205234905150029, 0.36826395861228534, 0.6985135025014764, -0.32940504450985086, -0.2928506607266254, 0.3745567853168054, -0.6361572770111015, 0.7036019625316398, 0.06641102746265311, -0.6784584402153522, -0.6785568717327572, -0.33718134849172066, -0.5270223212479961, 0.09266666181244335, -0.6111477526463247, 0.050725722327774316, 0.4520498180047368, -0.43392717670993064, -0.2931074473310452, -0.12253488833725873]"
"[-1.4438965538860453, -2.829707928747963, -1.9528715136878056, 2.29529441116184, 0.46262778307915847, 0.4433129277316091, -0.7723993057906137, -1.5512955103755663, -0.6480684686859665, -0.6777480392492974, -1.4946012031427427, 1.1643718398034903, 0.46018372993851464, 0.4589727827365708, -0.27514112264984164, -1.0593766548258925, 0.15105667273014547, 1.4284487481360462, -1.1481548544681355, 0.022051499778077622, -0.9703581606287579, 0.18320794880020733, 1.2003462385914025, -0.6434577161283408, 0.25116349655233733, -1.063072217170945, -0.330737497451013, -0.36880591736134694, 0.6155783079949679, 0.09478976326083716, -0.5882276875674912, -0.7907505178121312, 0.522969257613805, -1.4931290293046804, 0.15285475811781782, 0.8509885303335529, -0.45980130988532697, -0.37273541620518913, -1.8515966967004882, -1.0899376858274008]","[2.311238177619149, -3.093044117293371, -0.6583958591114354, -0.20170186173973495, -0.14011684576239902, 0.09260849962522273, -0.9731448568910798, 0.3044348865589696, -0.7727887490835004, 0.15706094942234597, 1.3102945772671764, -0.5716178048634474, 0.3361226958881453, 0.11316092462724377, -0.5109974751754205, 0.5289369769156613, -0.47208483180635724, -0.5217760040717176, 0.5992321195172545, 0.23912513740562993, -0.034368527786405666, -0.1365247655138557, -0.07434654430473049, -0.4718890948423003, -0.5398550658815013, 0.8718457264509167, 0.7330656429341187, -0.8309887725578738, -0.23203098871979197, -0.5068823315061572, 0.2499539972781654, -0.09088505321951774, -0.28163657583793045, 0.3048441835166025, 0.5877724485673453, -0.09431700652238605, -0.3675295682500351, -0.3983290852369742, 0.04240966412208996, 0.422626081636358]"
"[-2.247902646709809, 0.5058306112438251, -1.7285618396047977, -1.0891770480282312, -0.7515563415288621, 0.6552124219025917, -2.256251212778707, 0.8490795997582931, -0.085783304896151, -1.4455977922755208, 0.5306587313991664, 1.257067889116436, 0.6759267809528124, -0.8906757012207744, 0.6934237918240901, -1.0099403408241119, -0.24829392981619752, -1.113521618827321, -0.29463980190153616, 0.10507223958999154, -0.05153714618409016, 0.3024202032142788, 0.6721658854323901, 0.15938800443067036, -0.3689455345213919, 1.2962537429513032, 0.16534890432730578, -0.6866006317999496, -0.02647417077211628, 0.005846352280879754, 0.7654603752194427, 0.32502506558723737, -0.23786815880220688, 0.12467504595982541, 0.8335883922876274, 1.30121741528022, 0.6716862536136433, -0.20127139902207253, 1.3721473095480412, -0.07064198743485646]","[-1.603697895708552, 1.4912644853445252, 2.0756308626273148, -0.609589038559256, -0.945817788829208, -0.021747342261381836, -0.720489053178593, 1.087967472265058, 0.5824813666249686, -0.6917073749701798, -0.1237654388985083, 0.8067511733078689, -0.4796765143065096, 0.22225302619901047, -0.3612930504982038, -0.4000723214839115, 0.24530415261107094, 0.6411631833378937, 0.09799085485414455, 1.034121995050836, -0.23491864758139513, 0.5171114171118507, 0.3365998654301269, -0.919766155175416, -0.5313204126548691, -0.19286652421527187, -0.1150971263583602, 0.1882897388860416, -0.36863355881876547, -0.07065901007557, 0.2783748413679203, 0.7331071162421513, -0.37178616210155463, 0.26063424032652427, 0.14206762065342415, 0.4799175677429065, 0.2724681409616335, -0.38596201407660075, 0.5043994075715276, 0.23304827112706117]"
"[-0.38900251630904015, -0.4446132191160092, -0.5267433446700253, -3.025674657521209, -2.792838276774836, 0.20674431292047762, 0.07370620517693319, -2.5981013222366838, -0.1716130979142353, -1.532819632335879, -1.813094998179094, -0.7330347076180875, -0.7819993854795533, -0.8943312826892451, -0.37849083367153374, 0.343431317972084, 0.7421612676833248, -0.24586270801778448, 0.15388074968547458, -0.03282561280271078, 0.9571645384701543, 1.3576776083537931, -1.4959357086619882, 0.47831520503271285, -0.27637394697068807, -0.6232453114203703, -0.05358286093522718, 0.313882769709795, 0.9039410393641708, 0.4964964956921328, 0.8355830446323805, -0.29880309637947233, -0.3723094502763604, 0.1854653211475699, 0.1260861806994897, 0.4267241319514676, -0.8434658088898476, 0.037911781348681624, -0.014634809695538657, 0.3270029950922211]","[-2.1710691499985284, -0.4351373598260909, 0.45832513794712315, 0.9769694965779021, -0.7463888750010573, -1.1137683982438937, 1.5138097624792382, -0.704692216702975, 0.7745682060052199, 1.7043879354803466, -0.36621667627724325, -0.9219826230899801, 0.2696608559384789, 0.4108747936958045, -1.1456347225263688, 1.3391977489763387, 0.8488641646826373, -0.518601798090689, 0.8328165255019063, 0.4423516954671199, 0.47909847232209857, -0.18583855057512905, 1.1388562013477952, -1.5646676397956383, -0.5142225363500595, 0.690617814448875, -0.34196574730098367, -0.1362230001504663, 0.5731247881554393, 0.10050847630088615, -0.004943052934501573, -0.3014336428664177, -0.05804950819377987, 0.3059186770732756, 0.4252894610428181, -0.07337171695230289, -0.09380786070774405, 0.4586393403823485, -0.2756497336128592, 0.02517270489607195]"
"[-0.1294762409571254, -0.759222369066648, 2.916808624117461, 1.2954053624144273, 0.9126361027808424, -0.19214418032009895, -0.12008454082669344, 0.42104758499521694, -0.5360471464418012, -0.47609426552030365, 0.31262225541367883, 0.6536655477152491, -0.14269664984355046, -2.017193324739571, -0.7450583931961172, -0.39041102879363293, -0.6362494878774879, -0.7136054278584306, 1.2293915171559766, 1.154321057013114, 1.4986848881549153, 0.39386162725863316, -0.02173241623174431, -0.13564437144807717, 0.5456541436068618, 1.3471755593621708, -1.445401309970726, 0.9844760908153739, -0.5491620619990613, -1.0380038923029327, 0.5226944097688928, -0.49722736374516524, 0.35723215211752785, -0.7361915237254727, -0.5488631387790505, -0.3573582253005055, -0.35391803181441334, -0.06472673802994962, -0.21045227699201613, 1.115606211081795]","[-1.518025751756529, 1.2949924325564242, 0.21160593018080914, -1.1264151198888128, 0.2098022669555277, 0.1384082134766552, 0.300934836731692, -0.5765542948299688, -0.3643196128284277, -0.17062512968913762, 0.6086857906620075, -0.9433893709360504, 0.5950174186976906, -0.3739687629089892, -0.316529858821862, 0.2518372589814581, 0.5192009410670273, 0.6773936261057749, -0.9682554667648783, -0.25085530788246857, 0.16380655726414226, 0.1990297574370657, -0.5514431397812604, -0.5616580802104238, 0.16519058644606419, -1.2041314026504522, -0.4642065099181271, 0.1504226465849161, 0.1926346394225065, -0.6835513912753522, -0.33084678028062, 0.24945079888071672, -0.1243121440184656, -0.620338129268255, -0.13628306612536406, 0.30037585224194185, 0.041827334830931, 0.8886028597611939, -0.3721152237446808, 0.06547304626900613]"
"[-1.4086402159556493, -1.2335401987552859, 0.45034758832666594, -0.7303465902694725, -0.6274140146040871, 0.020823112423212414, 1.070722011945699, 3.655388365689418, 1.2258806437503993, 0.16586583839587, -0.5423727489719097, -1.9959477537643378, 0.2495106232925729, -0.7609916020936471, -1.130264804335976, -0.022181324397849676, 0.26679061861442543, 0.3683877479918193, -0.3638491546745065, -0.3031788904757361, -0.8852837464494366, 0.3036929897559773, 0.055089758028358096, 0.9595527207441389, 0.1361746711018158, 0.04547938261674391, 0.08021834688458727, -1.1134980495089049, -0.08446782079110018, 0.4586640809177293, 0.7787538157329374, -0.09678962826663133, 0.7863257516885531, -1.1985388572068802, 0.9568567615433708, -0.9705939956178813, -0.14319230403142774, -0.2398205654663929, -0.36863267790388377, -0.1092537689909729]","[-3.801233094446052, -0.30042887230066345, -0.986660473978397, 0.11692271605873429, -0.5753433899656836, -0.5517961207665556, -0.44586620481905603, 0.17510744633211522, 0.3346939966291337, 0.22617032473012053, 0.6525451423699355, 0.9348264489644686, 0.10888987811963496, 0.37230164324814224, 0.3206549351252372, -0.32274550398630175, -0.05132416134934405, 0.2699127673855603, -0.544849661178599, 0.5692043760069413, -1.1126891297374142, -0.04148260102212811, 1.8442396313491418, 0.6402217507103811, -1.1346406540230747, -0.6347377271608866, -0.4675191436169347, -0.1897881930637352, 0.10059486687052348, 1.3705095210982179, 0.4489886197579185, 0.21637892919598586, -1.237578511859949, 0.43111347024031804, 0.14115491708991337, 0.3846356230965624, -0.026078969196149576, -0.5614862793553179, 0.5388715538559242, -0.459773207452056]"
"[1.6917083982961558, 2.8881072971815813, 0.7395680976917087, -0.4288812449034451, -0.6466319809450293, -1.4729251492341335, 0.9249292427011527, 0.26440287795158995, -1.6161706104985238, 1.026942324518433, -1.0194018658591826, -0.9626297831427172, 0.7432286195433673, -1.875821338170291, -0.2502271522048274, -0.23452116067177858, -0.6940206753985304, 0.6380278559849416, -0.4862368048610668, 0.41944883524482185, 0.2606449461751071, 1.0799601864730812, 0.26528509614168244, 0.39616815228458585, 1.0407102211560122, -0.2881841559974027, 0.6194104458468168, 0.11146023160909385, 0.9609264245097705, -0.882428318160052, -1.1421437743271208, 0.3392591182121005, 0.3767058870228636, -0.020440737641342334, -0.3063656716234217, 0.6023690658124207, -0.5944611209153974, 0.45784351390783656, -0.568803173250958, 0.6357316611277553]","[1.811446215754643, 0.14482656166603688, -0.052729119959826216, 0.6598906178058768, 0.4014563139446798, 1.491541779048586, 0.4645570527765401, -0.6858199547551465, 0.5693350623521106, -0.08044486551661646, 0.435196264200667, -0.17647847081594842, -0.09972150481913256, 0.03032395279377629, 0.6948041721962532, -0.6191341222215905, 0.7830364665246723, -0.06392914967276427, -0.4417934586429583, 0.6003271086089281, -0.18773698749436013, 0.5430141043298199, 0.6559892332372503, 0.10247144096532801, -0.2702542366022961, 0.5152382395786996, 0.7454287901989033, -0.5589140710479951, -0.07484786808761587, -0.7641845567359136, 0.017234035511976418, 1.2260847920036126, -0.12459641915484736, 0.5532088864283254, 0.029260972021020366, -0.09860209072945283, -0.1736817947933554, 0.20501757176631985, 0.3461932329111671, 0.7450316586229808]"
"[0.14958610964727673, 0.3105790565731197, -0.038721167117615383, -2.5715158082449268, -1.991319147598622, -0.6352665091348848, -1.02545907593177, -0.9479369537082161, -0.1253842862762523, -0.006812146551526791, -2.70839305706155, 0.4279562042850336, -1.7793734571085975, -0.8843154168306947, -0.7128773240453928, 0.3852015832852713, 0.3899403681267596, 0.1327095585557628, -0.10321538914158761, -0.31600186417449605, 0.5892910896296951, 0.4057898430202068, -0.45408424308347795, 1.1023212998498224, 0.39912011311544, 0.004187335617650081, 0.16978044496923866, -0.305587880927407, 0.18984829381320448, -0.11502537325145562, 0.28122598688597605, 0.4414592338502415, -0.1707534940420053, 0.9614777581382044, 0.40865554010727845, -0.014877623344182557, -0.5615056559672582, -0.06556052386034038, -0.3299389570477095, -0.38800979584031003]","[-2.6934983005450572, 0.9681409857220116, 1.5915943032960942, 1.4134422986413666, -0.7349482258771118, -1.0135203916025333, -0.6810542379427108, -0.651356720733676, 0.294723725354726, 1.5789510781953948, -1.1881720326200633, -0.24637469426195252, -0.20764440238094073, -0.16744696121268737, -0.9281919373206355, -0.31936234301788263, 0.9046460902015996, -1.0723165213332666, -0.11525933362352064, 0.24629574956197053, 0.5306527192902694, -0.5760857660247746, 0.44186284521647656, -0.6434538205066723, 0.659726473729877, 0.5083627431314943, 0.049611100068394184, -0.09883822527424033, -0.07542343783263096, -0.10803921864112945, -0.44899834780186365, -0.46999450221050204, -0.5549572122109359, 0.4881475543094726, 0.2492426990585823, 0.12920649617189947, 0.5892012088705092, -0.03572741882567988, -0.41946558531007255, 0.3918912815053409]"
"[-1.7274930153793948, -3.1245526252604763, -1.127545043251359, 2.8979532293801933, 0.7904506186161223, -0.2039886575888534, -0.06461632700337752, 0.37643247747489444, -1.002167311151466, 2.7643588579143246, -2.5878634539681, 1.6486767525622736, 0.6000310651513387, 1.153214999106562, 1.1051375311585878, 0.36372858006917513, -0.03984011191845836, 0.08160270319344591, -0.5870133202339891, -0.6556929533200883, -0.2973039557345767, 0.20702538837527223, 0.872902906728074, -0.36944766551638347, -0.4649657191575311, 0.3730765340719324, 0.8724267613287587, 0.2703421500954198, 0.9556565778871878, -0.6828208759341516, 0.9089637769195188, 1.3669131648728792, -0.42056535081946883, -0.255407813360443, -0.37033779199629435, -0.5792836185518608, 0.18479055210997153, -0.666263647017427, 0.45370892183650435, 0.34441117790778125]","[2.1900056658240468, -3.2623579191978083, -0.5687784343949466, 0.23672035075673303, -0.47448239254337954, 0.5196504064234027, -0.7094668426399573, -0.13537536638855843, 0.029169433189977785, -0.2901360309770185, 0.3968984430500746, 0.2100904372302452, 0.04024109415658698, 0.7717733315301402, 0.9485985890682055, 0.061083801436155216, 0.02622776468855971, -0.5437512254356495, -0.8005574450937988, -0.2395239325990553, -0.25953611484109396, -0.2944353866323797, -0.5378860526060032, -0.2953392687729941, 0.03279791601115493, 0.6966566015640498, -0.6065163216750661, -0.2544925706502546, -0.08190791252193344, 0.23476555545589722, 0.4157785106903426, 0.09428307807743401, 0.24729497815762025, -0.15611473462233158, 0.6012936667454515, 0.2820367474642362, -0.5170319766037639, 0.29109712026802037, 0.39041090504516596, -0.06171152980762928]"
"[-0.10825571930507397, -2.776503708157143, -1.4997961911883084, 0.38750664542886426, -0.07695132698616582, 0.5297065144070614, -1.3718754610076174, 2.5399131365978356, 0.7028962008414829, -2.815543314331009, 0.1979599451244187, -0.48292420921758455, 0.7974286631880796, -1.084602334998348, -0.482152639908157, 0.5472302248259145, 1.290561896454227, 0.17897177408048043, -0.6993909640792922, -0.03402123504177307, -0.7602995194691746, 0.7806667310983938, 0.9768182109908591, -0.5356977240900153, 0.3231109367564114, -1.8199572814886864, -0.8094631310877032, 1.6157095298060486, -0.6854187094017843, 0.09610111943176941, -0.13844088070896013, -0.8098988822191329, 1.511482487820202, 0.8949902494629312, -0.8150048963715688, 0.10399710697579076, 0.5655787262905333, -0.12851831055624258, 0.8697926554913757, -0.47437822350038716]","[0.025867989882969553, -0.7266700185496393, -0.5320174264329931, 0.6881206742464636, 0.4677308915238538, 0.7433297315543949, -0.8198000450405049, 1.595485751935661, 0.5644760445274122, 0.4002470921913226, -0.8685552791190017, 0.47626813386428607, 0.5022728319787767, 0.27733594025598307, 1.2945120315546903, 1.2726478590492871, -0.2570240107062925, 0.719713465980075, -0.5217842432560723, 0.5378316867537181, 1.4164322355332892, -0.03559327772270336, -0.7017500650480251, 0.1546337699989792, 0.5329433264207782, -0.20060661206281166, -0.21264528935077637, 0.01692692128190999, 0.5197867354563109, 0.10650658393601578, -0.8101148692420264, -0.22219618806970337, 0.39968557676381133, 0.6248124335457038, 0.3601829640734611, -0.22372314750968653, -0.19442794122355397, 0.9932380016643977, -0.4697588006255959, -0.07460562923411411]"
"[-0.4143848183064586, 4.050680916182559, 0.019615578690948803, 0.8045547157786107, -2.2388499707111738, -2.855786233209433, 1.6321937050360822, -0.5685504937205679, -0.476923193920135, -0.8403571415203541, -0.5350760364410833, -0.33955016090415224, 1.1239085726446643, 0.06165122742521963, -0.6083504958303095, -0.9616802801274089, -0.5036127431174743, -0.01070475059832892, 0.7111004099963878, -0.44893199664789263, 0.05249951225557639, 0.22391829460408133, 0.03237299238297007, 0.5160696887125973, -0.9799733414526238, -0.3545062525892358, 0.42219308396359423, 0.1265102288784171, 0.31935652280510585, 0.31800353034429657, 0.025406651252643544, 0.1302802562210971, 0.5899028125048393, -0.6215057873770092, -0.11935442050076599, -0.46595851712032094, -0.16642973228177715, 0.3459759412163213, -0.19950496535072737, -0.06491323468828329]","[-0.268287873850461, -0.1462432132766415, 1.734736354812086, -0.13449712720611262, -0.38792035756863924, 0.12447660553802105, 0.25587372660707397, 0.4454100218216587, 0.28771741321119826, 0.029832498573151123, 0.1686156839125344, -0.7823121415825568, -0.2321128364007475, -0.7135213419771979, -1.141332827115231, -1.402304469442686, -0.25221389914292464, 0.1606874720251412, -0.2776253119400696, 0.03296369383434007, -0.570948421720413, -0.9634031776489274, -0.2887958322696648, 0.3752613300014585, 0.1383373556247833, 0.8179428774591638, -0.42680640448793045, -0.049546822583264635, 0.04847123012021316, 0.5897427186941497, 0.42260892833966035, -0.2628838364661339, 0.3817508550314012, 0.03932826425716728, -0.15357427501461232, 0.3444155012049131, 0.027832696426571702, -0.3578135804342413, 0.2250689070871224, 0.2680875200196556]"
"[-0.5490926193454698, -0.6230951695592559, -1.930294896459072, -0.41502368267682915, 0.9748255147422974, 1.094922532856969, 1.8585960494864575, -0.8070930513561909, 1.2143233026070135, -0.7349330873439648, -0.6578126620894852, -2.2292998368403962, 0.38271264579233455, 1.7900022080381464, 0.16756361264831204, -1.4219077781462823, -0.1263411558471083, 0.16217738115923044, -0.6657133832688821, 1.6269541055764496, 0.8756091680159345, 0.10898995576228847, 1.2582093805123185, 0.4933564265963636, 0.039254519482375225, -0.012763364094911469, 0.15699644832516732, 1.6296510752258868, 0.569522705350103, -0.9890595774836329, 0.5408942010099524, -0.14206244106824165, -0.5678856306982938, 0.7628488647184775, -0.13494028697713367, 0.0018793539586017894, -0.052710776327384426, -0.13145012825960672, 0.40555681263097504, -0.01989244652583978]","[3.6310710818340755, 1.2541087113905236, -0.9505997936791956, -0.25979096843899396, 1.0650233938802047, -1.767321011012903, 0.010025019721314548, 0.13325041873308902, -0.08274758878510032, 0.28099574534793975, 0.528205411541699, 0.6480324803428614, -0.06050950366295605, -0.49636126560076954, -0.36850870925784934, 0.013099402362462341, 0.2877567874813462, 0.20312548870454689, 0.20635075134777828, 0.0627606059561921, -0.1749918187669421, 0.42995522732061753, 0.007917018161674142, -0.414411608073881, 0.125154430258926, 0.2693701488707653, 0.2281475412598247, -0.17496871936669303, 0.01353348158911028, 0.2369788126271212, 0.22384245610241163, 0.08757691680563053, 0.08738365146867992, -0.012914182536210597, -0.5865224196806317, 0.365543296649078, -0.06673327762415752, 0.14709288905504614, -0.28166055022320236, 0.1413544344011016]"
"[3.1276258174988474, -0.2679194831486365, -1.4550277337054738, -0.8815178940698742, 0.5848571920385026, -1.947217447591586, 0.6428773310743361, 0.5938865871081538, 1.4153411680082197, -0.4455824246735095, 0.6159072419246597, 1.0367276845750226, -1.2703930323184434, -0.470498755790664, -0.8526073560368161, 1.1818824467984836, -1.0991930293883156, 0.5532294401856582, -0.030837281456706934, 0.04538577140220377, 0.17034530685845561, 1.9272136000057067, 0.22082166201408202, 0.6020408171074133, 0.7707687504608289, -0.11136627370021229, -0.9675140982229282, -0.2664255321344605, 0.31244185259092927, -0.7844169126253393, 0.6906558895963391, -0.045708362211109174, 0.20637811768281872, 0.46809555783229045, 0.485596936234792, -0.5266619313448507, 0.7403445967776918, -1.181304231693367, -0.5553260636735627, -0.10550691956448299]","[0.3949521553400779, 1.098580894432221, -1.4691246174572041, -0.3846271968043581, 1.5964909046112836, -0.7739702844837753, -0.5891766092204892, 0.7077494457286932, 0.20505891153715008, 0.5192995356678308, -0.21060806950788644, -0.17113383406896546, 0.9131769286635847, -0.379402659410188, 0.019365169046437505, -0.38182211805345995, -0.24015742983429916, 0.08935969000799147, -1.3963249391592876, -0.06532481826236834, 0.9222030482282583, 1.2377583629836104, 0.1372546197899355, -0.35569722870170645, -0.24593400968087883, -0.3742492213039808, -0.37352181392559386, 0.3185595588681579, -0.13868905652318678, -0.14631858373730938, -0.12960793318293287, -0.5584575414673741, 0.01566201238217055, 0.2706279807695083, 0.980011506808174, 0.25311263445146387, -0.6670448505638291, 0.4403529721154795, 0.27499519914199005, 0.08906512716422088]"
"[1.9215137310852866, -0.02321672280425781, 1.0233765873750662, -0.2870662158353699, -0.4380856554173865, 2.6266915941784483, -0.3907454480617142, -1.4629555946321458, 0.7191228898054782, 1.213542323542522, 1.1960567207441546, -0.18565972196935457, 1.9131286790758348, -0.8401080560445551, 0.9447765347214228, 0.8890272770635548, 1.129208088551427, -0.009345629317253428, 0.7925895217770218, 1.1271936137283167, -1.2316548112570849, 1.107385158927463, -1.1131960852385534, -0.9917698752788324, -0.292605435109185, -0.5985467321896591, 0.026232784103976173, 0.029365867979010314, 0.7359127302727316, 0.6177188530749728, 0.8064712217701714, -0.02553441252455656, -0.10396145366586207, -0.10052850439107716, 0.1687219289330428, 0.21786482615780134, -0.04625556733230474, 0.6082596599124719, -0.20980229155792393, -0.23812249738423863]","[2.5105884551352586, 2.7836936773472316, -1.3355501841665856, -1.117556796972036, 0.4329437769778071, -0.6294618395115935, -0.02554362630894818, -0.030700596132279327, -0.4142222785417356, 0.2751715824545164, 0.08997201333891522, -0.7910300104299256, 0.09421409597222659, 0.9373943374773572, 0.09578244608753818, 0.15766693982950114, -0.8566251896895087, -0.4617910725232664, 0.022393451904380256, 0.05044789319450467, -0.11615341157058136, -0.7315769792015916, 0.03481306259045249, -0.2039020371215607, 0.16864612376428814, -0.3325990645563753, 0.02560633500569986, 0.48510483767924734, 0.1883194478525055, 0.12007858273919989, -0.36047152232822965, 0.050514221266981435, -0.06773300303828844, 0.11577171544276553, 0.34530850396952806, -0.04172019150647708, -0.05394850099586839, 0.0638924957631541, 0.0630481122983953, 0.1623409243746811]"
"[1.4625712634691703, -0.5319583293527522, 1.730005321452136, 0.001073102214336232, -1.9455445688726332, 1.4367245670502704, 0.9031456936987091, -2.4120469345734947, 0.7971477155702079, 0.8124341652248959, -0.025367772942679938, -0.00850863440943903, 0.3275538370371128, -1.084006997688584, -0.5056617690326419, 1.2622858981735334, 0.6352577661112204, -0.5955215285100112, -0.2615695731511626, 0.2752759278682625, -0.8242383295709395, -0.35066953685851915, -1.2403851707392948, -0.543827549582531, -0.08709848402937888, 0.6605947628909182, -0.1916730244857185, 0.5152639439238981, 0.6378910255711772, -1.154169418841064, 0.6832441188400314, -0.003192996424281087, 1.0643518405214176, 0.3592788792014523, -0.5245567036798009, 0.24628538512680379, 0.7425699456756204, -0.3615350040218491, 0.42971016143905655, -0.1433486043102194]","[1.9793135570778355, -0.04353194470404617, -0.06167450241499571, -1.3359938803837086, 0.6438913452186693, -1.364651325414014, -0.28532660983666586, -1.0193269824074236, -0.15246021995250283, 0.5517188778259096, 0.4760405388741958, 0.0592572146994091, 0.12794883782924865, 0.044416638709375095, 0.3518008992390803, 0.07918178186802967, 0.15687649904766732, 0.1441621600027267, -0.13271672235188353, -0.4605301368275762, -0.4582487724291952, 0.6711407291033681, 0.5063492774606094, -0.7688666892234375, -0.38470085964547757, -0.4462019737445621, 0.15849347226588348, 0.3079702491408571, 0.36701389598852596, -0.06339364301442109, -0.03397912625713678, 0.21248656905763247, 0.09236821977689817, 0.7326219069988175, 0.646866724598796, -0.6262287113748274, 0.3208293567581932, -0.18125734989486156, -0.10789335842521841, -0.20340302492023854]"
"[2.918532419094963, -0.3332378343471773, 1.6749226143355218, 0.28523309163475086, -2.480803360839312, 0.0021276857817391285, 0.6329951870313956, -2.3247213142064154, 0.8129576906182555, 1.106771979029937, -0.34670559156867886, -1.2397894384809816, -0.4739896017459092, 0.9247507157108504, 0.9560124059636268, 0.4685491983326525, -0.3588704490447591, -0.3422094849629844, 1.5945076072555284, -0.17897474014488074, 0.2995858677755408, 0.3746714586575958, 1.9646167021823702, 0.21687782249587276, 0.843597320924874, -0.03607952365262283, -0.5514422353517587, -0.27103017045223365, -0.1832741916008001, 0.6164190053329782, -0.06716564092401354, -0.3425882239734135, 0.3445651761940415, 0.3201423486878099, -0.28019369628177737, 0.04739091367498822, 0.1299601138921395, 0.4753822868256865, 0.3480878391639484, -0.6867722260620747]","[2.206098521732685, -0.5165483667048256, 1.1719131229542632, -1.419024556445922, -1.2639048991156965, 0.549895748139956, 0.30433128695648726, -0.8967358295452754, 0.9081924051260322, 0.4822193230725869, -0.48212064577605585, -0.19713409852953667, -0.06253522169006147, -0.8949715110775307, -0.21528006657907156, 0.15726790621924205, 0.1297377521029309, -0.17322603712614887, -0.11872424443468926, -0.7339711312838302, -0.4668407366403332, -0.2420771871494482, -0.5578055148337828, 0.980738337427063, -0.7706028097462583, 0.06096952177521676, 0.32596365435349706, 0.39481638104941846, -0.0400675899779266, -0.16935452414199192, -0.44867138380029753, 0.0673114799868663, 0.3938042567611102, 0.27688271983468377, -0.6164573739468048, 0.17323179608954756, -0.0966277557471402, 0.23252377589647696, -0.3920016550735887, 0.5760785061698068]"
"[0.31717497662113453, -1.706653510987262, -2.4503430561028057, 1.7462571664333704, 1.2474527024190984, 0.9338560836217364, 1.1429637203007366, -1.9745233137655562, -0.04179812476348969, -0.5001653415745263, 1.4386143717720332, 0.7696417875378391, 0.1286599671792219, -0.5000714739581663, -0.0579583904525713, -0.4641487248400552, 1.8928163182773239, -0.7249753706170795, 0.43471924004096435, -0.3234656270835427, 0.7640919012464349, -0.4867863400834875, 0.8544377813964297, 1.5549629086633614, 0.440252326480846, -1.7076402126717405, -0.3777335667194122, -0.4690462274403425, -0.36736205509465086, 0.47269204531617787, 0.73374798223027, 2.4587249158293503, 0.45505335798598173, -0.31052950850990046, -0.1650858893588878, -0.20356865980609515, 0.16992663568854177, -0.009155892881327817, -0.8116676726089804, 0.5190464275842092]","[1.5059670543371282, -2.403033709080126, -0.6486416714488905, -0.10278060363753755, 1.0006417825322516, 0.4118594211114351, -0.3217159231116967, 0.5001930046866035, -0.23412623910217348, 0.16551206693050804, 0.5555392640150005, 0.02197830868060797, -0.6179759724304792, -0.1355053312025169, -0.35413908681171546, 0.6369436990576317, -0.7470589185326437, 0.30390705255818107, 0.48111670359160624, 1.0170459494626791, 1.2077241348126955, 0.6838394641541914, 0.5484198355701203, -0.4214954589928214, -0.2527700101560525, 0.10975771043723173, -0.6136817035504654, -0.254482654154761, -0.17323579046879742, -0.5127957204923169, -0.8357390921670569, -0.8697144672617702, 0.6815164847489475, -0.11207918130897701, -0.5167005143797608, 0.8793399858520959, -0.5167110035412912, -0.5781808789045533, 0.6827473650376853, -0.5566083792231865]"
"[-2.0425339258054156, 1.5227647732336864, 1.1016862060132202, 0.5673636161281447, 2.526737972009443, 2.1159797911852976, -0.17045004202225916, 0.2812458355728092, -0.38906771733787987, -0.48409798841159923, -0.6302326702450749, -0.7364058882736224, -1.562446280891164, -0.2983760769523058, 0.9033316012730445, 1.0779205901447455, 0.2594807412109976, 0.9213212129188808, 0.4495024077436326, 0.7434431981946982, -0.07067516813361772, 0.02055560490818726, -0.3262122243603375, -0.3901433100387559, -0.48515514857810876, 0.6605397933402373, -0.3504101641291636, -0.18662965618233932, 0.04411583374002671, 0.4533748235149615, -0.04864441324008869, 0.35530580079393154, 0.6496938302588954, 0.06808698873456501, -0.2745290989092911, -0.1654366744620451, 0.40378132689960816, 0.026369114198642657, -0.23555746817056505, 0.6447873679636239]","[-1.9351544317736311, 1.1882897286161842, 1.8703971752964144, 0.46449802802969103, 2.671201321497594, -0.6601211919743303, -0.2858412032130529, -0.8977944565140702, -0.5958329906694333, -0.9131443573265781, -0.16350046803716636, -0.02652313777542911, -0.0015893290197569563, 0.4897012710820235, -0.009705621389853538, 0.2137451923897054, 0.10556157050698807, -0.4207001903656556, 0.13283122240355316, -0.26394695752148667, -0.3358087161204455, 0.46496566469903006, -0.10180892480994062, 0.5183946815581546, 0.05449696879691994, 0.18008543932547055, -0.18987556424694, 0.2305703804666837, -0.6612572614324242, -0.4460800006433574, -0.21010229880263262, -0.42683696424298756, -0.39126123922572836, -0.2959270203146671, 0.005532223593768916, 0.2345003727277157, 0.37745753772826307, 0.03310297386225969, 0.30773506020465813, -0.38857577980431135]"
"[2.496530931242848, 0.06668448925767508, 0.8336784083637602, 0.370029705338499, -3.100565393765415, 0.2138897545506333, -1.52749099342385, -0.7494491213767748, 1.7886532683437055, 1.6645708273930462, 1.4530228182966016, 0.6833266341082286, -3.087805191628662, -0.33577884667548, 2.2288562843619153, -0.7180153015926236, 0.287128656932992, -0.4789735078469351, -1.3806877477395534, -0.003359272430193944, -1.2009499448152186, 0.2356124035892203, 1.5100126921856367, -0.4030088387183932, 0.6502214960134799, -0.06159594264208239, -0.11734942564046918, -0.2707744638854222, 0.23084198300205414, -0.26320592877278254, 1.0061854010365403, 0.49192117475088604, 0.2955664368870134, -0.06143044849696411, -0.03924780657605998, 0.24160373846414399, -0.1716671343059152, -0.49940049650039126, -0.16432528208243713, -0.8799773825573437]","[3.0779060810845644, 1.8868670034232655, 0.19436836559270368, -0.5887094878888547, -0.9678765579435543, 0.6528922774938137, 0.13072949709415466, 1.5613280346033096, -0.712521776660892, -0.04359562481240541, -0.18657483584934503, 0.4828845304592124, -0.12085587953402611, 0.5741151996875126, -0.9926027684874953, 0.8553405917218442, 0.025074718382763875, -0.8129954859655122, 0.020959580632668773, 0.05910865693774612, -0.15698824004494813, 0.3014954542110257, -0.42368047097507416, -0.10267387381501981, -0.1585864813880037, 0.22693715453960697, -0.4508339389612689, 0.17197592089969, 0.04681778525505113, -0.04715433700173014, -0.10013915582206459, 0.026566302769265235, -0.1438044493834433, 0.2141184336107795, 0.1765738650196861, 0.17130216418243022, 0.0810580634651258, -0.03852464677552666, 0.19591988470436844, -0.06928336340644241]"
"[-4.086824120710231, 1.0020456723864961, -0.7900938690338194, 1.494737371432027, -1.4107639845210014, -0.8705737233416768, 0.43225235778079646, -0.7993184755828888, -0.28491813808483035, -0.6279368077718884, 0.8006177473170107, 0.7060872163243544, 0.24326717060646816, -0.15537409844291747, -0.07152828449767845, -0.16148781308608945, 1.055951384851582, -1.1575372240100938, -0.4368031563942974, 0.22518498780728752, -0.8471177773667281, -1.499906741641364, 0.15609133453734553, 0.5884751188673213, 1.3867961721465543, -1.144735597849564, -0.7889168168280221, -1.0330759304299775, 0.17567128618870576, -0.1280866424353267, 0.0885533643451945, 0.22055938086030796, 0.4245864091549643, 0.8319404386680815, -0.594563127515442, -0.0930382222023947, -0.05384133720052024, 1.1905832563872298, -0.49694340208289045, 0.6894888908428771]","[2.9469472647604342, -2.7372981957842484, 0.46463410199202804, -0.1543063136196111, -0.6655063389148111, 0.0615161562247112, -1.0109369545941669, 0.04530592046067463, -0.05472884542021388, -0.5114070193356582, 0.7617541550580568, -0.26476982992242304, -0.14930457489642124, -0.20758531581863238, -0.025899505943996738, 0.29562205211366066, -0.30640601278018775, 0.19261926129441348, 0.531328112275701, -0.488962127967392, -0.12002423027680587, 0.679613847021224, -0.14300291633522483, 0.053675315627298485, 0.02326286023943079, 0.38559096459903996, 0.17817358931119875, 0.13568025817969906, -0.22259668212264094, -0.7055457939727324, -0.3767961047452389, -0.2977952920343894, 0.2721219973660725, 0.21098899662263532, -0.4481726869749181, 0.8839886864677541, -0.31971284397897626, 0.15317602142669132, -0.552815696632217, 0.44788572349537753]"
"[-1.4183867284758924, -1.5673353600867708, -1.9730019746865535, 1.3810894451573703, -1.3883669132080305, 0.4081451524792352, -2.1086745232572564, 0.7508708268626767, -1.156095599584833, 1.599487487085865, 0.24156923869284092, 0.3171448897852807, -1.2291379344892222, 0.9385450532662137, -1.029999042900365, 1.6904136504678797, 1.2351024386377416, 1.0389696440611287, 0.3589722192536035, 0.6463362377143879, 0.1837829910219157, 0.2796659651665808, -0.4065841811948606, -1.121539082567951, -1.382679023651747, -0.14297343713400848, 1.0040867211544235, -0.4135552875399901, 0.6150075409007368, -0.5473306251747978, 0.29028263583214986, -0.4353055030183395, -0.07918506422763892, 1.1126298244794643, 0.1048380299604835, -0.6849402865344872, -0.5063301682687086, -0.5413338821752331, 1.0796913000491828, 2.33343620218974]","[-3.027270886526544, -0.20855566698982791, -0.8895368366381874, -1.1442406976090898, 0.10377056983137598, 0.9145584957625762, -0.4999310265116916, -0.15487346006444783, 0.7338929619132487, 1.005402720756944, 1.0736716873446983, -0.610474173799272, -0.2900011913705731, -0.8810129992452127, -0.2444120043251037, -0.9463498149781472, -0.7301491323682217, -0.2502666797945925, -0.3656764794538086, 0.5286006369808837, -0.1689413899346655, -0.1692711062312733, -0.7307357751724266, -0.5841632859226058, 0.6038324830302475, -0.41488782888273257, 0.5126245367259877, -0.9744908002250342, -0.12113536017185247, 0.16308663391603825, -1.0739648760051068, 1.0761961327415945, -0.6219614071353536, -0.22547264074794507, -0.8941643329237509, -1.4644496006966685, 0.5791844459930167, -0.44791591001790565, 0.41482942972092046, 0.289400190240403]"
"[0.1609758101614622, -3.19607931329192, 0.08032676985924801, 3.549923898244336, 1.4250010520883871, -0.11726901013835152, 0.3956519549024207, -0.6808386438702858, 0.6455223703515012, 2.0454989933669703, -3.0114361642597642, 0.9854123493378879, 0.28027055787128635, 0.3244872990051761, 0.2447869557072709, -0.8849764564550159, -0.13423125974921704, 0.8745788898250828, -0.15665150723642837, 0.22530829535118096, -0.09426990452738755, 0.11484902342767238, 0.5350616353397669, -0.025551460948680035, -0.3533184818882544, -0.318401764908663, -0.10141659886510059, -0.015392121089819726, 1.0079134807747328, 0.38003827793467104, 0.8866160580405196, -0.35348457324531846, -0.6713065711438614, 0.30851553505658175, 0.18521703642557893, 0.5138423772044831, 0.6084519789468411, 1.0009009341402435, -0.5265147396186024, -0.5008605494153983]","[3.4963836201363176, -4.363150900481584, -0.15625220456100375, -0.06095163800284513, -0.26211922237704144, 0.4257021188747587, -0.7715881707148214, 0.12603739311998993, -0.15874333550667177, -0.1788223505169643, -0.048069242434046706, -0.30557121775996093, 0.4481225112244204, -0.23576933896771154, 0.6998145513986985, 0.537778926174819, 0.04283602835267335, 0.05473035855932017, -0.7249785574360571, -0.45392733479764696, -0.03547772575397991, -0.2094284108397564, -0.06345994269615975, 0.3777025483012697, 0.1387066537500596, -0.18475613186396808, -0.08197931978217338, -0.7603116480640514, -0.37104513343394624, 0.1096908351830753, 0.08887537806693843, 0.428079976759729, 0.6857620334293322, 0.19957342186256322, 0.14997827112967216, -0.0617284468770087, 0.10630018311298046, -0.12109222541426659, -0.13701471637050838, -0.4708681185446203]"
"[-0.6478016963062286, -2.181256725314403, 2.4800946869531466, -1.2384042354920195, -1.3234871013322214, 0.8208554962459654, 0.06623224195084354, 0.9072650408894218, -1.7049465792444134, -0.7450565005028235, 0.3488429541888967, -0.2752013478895186, 0.507438247498664, 1.2173766900847347, 0.7071437292486996, -0.3613057910446385, -1.9721262428179254, 0.49064543326805743, -1.3337562795759188, -0.4118670426578806, -0.720285570725916, 0.3817925346198181, -0.04899754773021534, -0.373572484038252, -0.1850745981835265, -0.013256551008273791, -0.485803337098534, 0.14202059079404936, -0.2810596575525023, 1.1975514658965742, 0.055284760852455817, -0.00482036013995627, -0.523385806464142, 0.2551650857719508, -0.44655729982859643, 0.4904350948642393, -0.12228715568632521, -0.4054500777609509, -0.3884987069917769, 0.05064540746712601]","[-2.63745250327504, -0.5961601971840912, -1.6115689282336623, -0.4309024305715026, -0.39741172039088346, 0.5723655976483677, 0.6862045424257448, -0.3959282927157398, -1.815839702612709, -0.4836541066825174, -0.9103149539651544, 0.40450750794984747, 0.1202619705218356, -0.7887295530718711, -0.30792928912347933, 0.9301696771623482, 0.1758875800381628, 1.9980327372263198, 0.788216699328743, -0.9473522993104633, 0.25077706613341355, 0.11670924701896986, -1.2372281323991559, -0.19548785151189438, -0.03343332032781865, 1.102700569894606, 0.11406024590186717, 0.45235680533070505, -0.22061047857936497, 0.21895981227658645, -0.30496973826970714, -0.07855548963435453, 0.13005887934851953, 0.061022733647758357, -0.3275002591843633, -0.004361714137417698, 0.09267877835171646, -0.9828101302681181, 0.6339068208638665, 0.23565962941318622]"
"[1.6669332434432707, -0.41270000563543596, 3.5877662218941597, 0.9354199472048608, -1.9503717425082097, 0.47485470977810923, 0.26072743441627594, -1.9948544203572067, 0.32860935256737805, 1.4663469460832697, -0.32354757528250444, 0.32690515543756365, 0.8702979362117224, 0.5420839190593917, 1.555400306849781, 0.5972808598001287, 0.6276093886716069, -1.668005112857313, 1.2452393328870994, -0.693609861257717, -0.9538749945530771, 0.41922079001887613, 0.28798563838208285, -0.36745497885736744, 0.7502246414311173, -0.44679296714852496, -0.5352895869534553, -0.21585006288670094, 0.5222059457415571, 0.5338550871847956, 0.09940409657080723, -1.071474995155701, 0.016517060975730014, -0.07599112228642854, 0.12705874822351884, 0.11576550496658848, 0.7161351609567728, -0.5059049303271912, 0.49117063433982494, -0.9422630978294857]","[-2.401786296778903, -1.1828166621443916, 0.04047541044729081, -0.36376800267076337, 0.026152389376473746, 0.06070729251751679, 0.9585652810431966, -0.24698391548256815, -0.5160686008340938, 1.311000375501837, 0.1800189945790986, 0.08611587745191732, 0.40295952616472835, 0.08603488661876671, -1.1811162915268432, 1.2739517160208491, -0.32128315304177507, 0.280072099365416, 0.607586134916753, 0.19949335055837453, 0.17506023518637936, -0.15999534178282415, 0.4299455547946575, -0.7306193224706916, -0.6981212533451027, 0.3281243893273005, -0.8470195852682204, -0.7411585968655032, 0.5129548471918983, -0.8591713856723292, -0.257296386068339, -0.4236977856346034, 0.9424017963212171, -0.10390380546908853, 0.4667687327536372, 0.808463835857382, -0.10350759456478265, -0.16149990319361904, 0.26508508762499583, 0.6336476501365952]"
"[-1.7555200391293428, -2.239929347382139, -0.23478061988728277, 2.444260857268676, 0.2819837722461711, 0.8824397278985824, -0.283850653315065, 0.052324106722970755, -0.15204104104959057, -0.7793951315012971, -1.666635366137783, 1.7072117175228718, 0.04557692864423373, -0.8748200940138882, 0.7870831842902409, 0.0636331679357617, -1.207889339277173, -2.063344571799709, -0.6199099810651124, 0.315187419201207, -0.5669592004388346, -1.1255200947082624, 0.7056767972305238, 1.0127512123878228, 0.9593736844326948, -1.079322852937146, -1.5472320438139617, 0.5873414688109203, 0.024868883333977493, -0.5189892826779168, 0.8352303510557215, 0.04950319181939249, 0.32857175675664607, -1.4574145122271533, 1.533031629919908, 0.5513347285485681, 0.45762971769758837, 1.2987922473436635, -0.9117443879678183, 0.4455677999154086]","[-1.1282977420913491, -0.6399065354666663, 0.163409201534341, -0.5602929171628184, 0.5321052447519216, 0.2866309116852072, -0.8434944051140161, -0.34868012747968896, 2.158095763517774, 0.16462524833564393, -0.5842240470866454, -0.4146302985880878, 1.0604408690319058, -0.04788085964367237, -0.6706876951994513, 0.15017359486697385, -1.3664553836934334, 0.2616109716356995, -0.2505256454591302, 0.2715460519142245, 1.448302697328878, 0.2554441526933816, -0.7105577773097165, -0.9037086758548086, -0.22077230388752025, -0.23941660520135843, -0.14502387602555789, -0.18750424988820374, 0.28594671706550084, 0.9250039445071021, 0.5152206837208705, -0.13358917259623715, -0.42615003614384045, 0.12234598724463489, -0.34113073304281555, -0.9785039601696893, 0.34661477091764487, -0.4306644509300127, 0.41409618424072814, -0.3092541504191707]"
"[-1.7924592699736568, 2.359781092312382, 0.5650250688143235, -0.8380809282591173, -1.7443059106901087, -1.38677784500204, -0.14245053078968706, 0.16799634538357433, 1.5811643226590737, -0.3603064868727156, -0.9167599335062256, 1.6664824224873869, -1.3681144763162163, -0.2135509894623037, -0.34424136265173044, -0.5909064207627852, 0.1197763591846633, 0.588103086054479, 0.012242414449476081, 0.5346823982068869, 0.17364145950451548, 0.5211329559284701, 0.5317416129503983, 0.9172109014605944, -0.11436237589442608, -0.2557043287034151, -0.2834664681964803, -0.6873133889829943, -1.0670458498886874, 0.8740356716339052, 0.32176870086821824, 0.1858408200616852, -0.25975314017834755, 0.626062304256366, 0.46093823820527785, -0.31305448271226055, -0.16181150506808822, -0.019757689415178865, 0.7025754733203792, -0.6890296572030247]","[-1.9195367886108357, 1.5309298303060284, 0.7339224010964948, 2.4955762712314655, -2.0225773448245103, -1.0370256816817824, -0.38536164558091235, -0.08137240045135377, -0.12846388722345753, 1.604326588616784, 0.32447141832071646, 0.6423466504466978, 0.254122808133961, -0.2982067790780527, -0.0413148721479388, -0.7108971234742252, 0.30769470419985556, -0.31273256275605, 0.03355994720572003, 0.7576712020763988, 0.8370898918632796, -0.8888414745441824, -0.266301918546445, 0.14416158068983254, -0.23708810435411595, -0.13219446072822996, 0.32383054644626574, -0.2568280626006725, 0.10284282971525885, -0.09874585153476144, 0.07252707703402264, -0.11315884761135123, -0.8168633531091586, -0.18533877480472666, 0.7225023966292011, -0.17737784758905442, 0.1616047896012995, 0.1390367021185112, -0.018051998128546732, 0.03653529646570311]"
"[0.9482399146888569, -0.45412490990969967, 1.4401045134045476, 0.3192643376323658, 0.7188228566149085, -0.2726836814546217, 1.4694390402234903, 1.0910558623725228, 0.12665090550938027, 0.7183876743470942, -0.1205733861172567, -0.7795671633785641, 0.7258682932388308, 0.09821163007865992, -0.904269657459908, -0.4698889506375302, -1.0820770199033694, 0.5585464552618059, -1.478045767627768, 0.35907212966477914, 2.079852377448868, -1.566442079384207, 0.1585438530668136, -1.2453981143176536, 0.6222093537394989, 0.10879963080191724, 1.4094099968486227, 0.8204530527757149, 0.009229081397597079, 0.10916560776966122, 0.1029309850906913, -0.8038158429047397, -0.3591635460396239, -0.08765047785115457, -0.1959904267861199, -0.47066940598152496, -0.17740209828618808, -0.13636849057408035, 1.2731905407187953, -0.43327450909695]","[-0.016911252132914372, 1.0551971955651998, 0.1635342174547069, 1.9804865140920054, -0.7101717452527628, -0.661994700306152, 0.36388382880833686, -0.7167980904963187, -0.5458030863323382, -0.6732360980337009, -0.3043570335240423, -0.1733533338214911, -0.1763073574069304, -0.1765688611788597, 0.5830990590448831, -0.5670241944804078, -0.3326695389531283, -0.26115590779999376, -0.7044375878166471, -0.6137023741483635, -0.3748172254569939, 0.8399795211402055, 0.3743130919051607, 0.31008767636926093, -0.15688050656050864, 0.4000714814190648, -0.09689973390924801, -0.8196114613776765, 1.101159776676344, 0.33267569656518, -0.9226010012765132, -0.6417783920947375, -0.04290104458034679, 0.7587438376285901, -0.35686688286002516, 0.40564893230309174, -0.7048117698527468, -0.23734646942864035, 0.8069021902819707, -0.4876797271212734]"
"[0.10269941136408767, 1.9584556382402392, -0.5800140805291798, -0.40890202827278865, 0.6500611622869391, -1.2668513127469592, -0.08110159098917327, 0.290826192899818, -0.7807611494467247, -0.014644111604081399, -0.6527380649634057, -0.36817774052879715, -0.3177079196506745, 1.0814726919396347, 0.10275658146459003, 0.17891676019882646, 0.18125439916550112, -2.014866189971821, 0.5129291071983668, 0.6454537724941745, 1.0375872979805163, 0.7951166045239348, -0.19274796455934173, -1.0844868725949888, 0.18988659123620993, 1.2015833251368682, 0.9004925919151169, -0.6770217970650466, -0.2524219151558454, 0.39547470426908615, -0.11060512861649058, -0.1906182830473533, -0.759566860960446, -0.9780125577197492, -1.0171428396777333, 0.5020671739687828, -0.24471017891384464, 0.5852727147657079, 0.40648646900360214, -0.7211571921763978]","[-0.3524962712190355, -0.8145382113493379, 0.5887710048816908, 0.8235934456199837, 2.4277756130238655, -0.35043594891648616, 0.9185848731715893, 0.6204273781375069, -0.46180586898160847, -0.8187543850804864, 0.22479262157312105, -0.8003761254894974, -0.6194038646713338, -0.36412728858147714, 0.1555452160927468, 0.39519932599788454, 0.5706587843333832, 1.2413362218457684, 0.23697892772493442, 0.8342103554112822, 0.6622143357781924, -0.23826575808626302, -0.12321104765840825, 0.8156460143158896, 0.4596054256046121, 0.08053234083120536, 0.1964197378736331, -0.033323408598046486, 0.4709602197450779, -0.20949482491563107, 0.46705677766611164, -0.20285885938834686, -0.7706105687231791, -0.5991750992821038, -0.3646929133347104, 0.05541152975796296, 0.7032544993091947, 0.3493411986677702, 0.5725027251074346, 0.7393349735367282]"
"[-4.2432759853074575, 1.5819367712517967, -0.9659463917778778, 0.2461042907945986, -1.9050056180180508, -0.21297262374592055, -0.5426450381162787, -0.9003870200254332, -1.1267868887726562, -1.2093797034782345, 0.8786756938552729, 1.2349909102955121, 0.9909746507180904, -0.27998997163646033, 0.5850351753657204, 1.9004229130213752, 0.6213258228548972, 1.2359857842590662, -0.2845897658182768, 0.84190214264302, 0.6198247736682165, -0.08315515068432972, 0.3738160393830409, 0.10183492054976605, 0.3444498037703292, 0.6321713736789653, -0.11261471693277224, -0.3424367333851089, -0.21409283253540448, -0.22763054615513714, -0.6210773514607936, -0.5737692862005191, -0.05463939460737707, 0.0899163178460969, -0.04560686411972889, 0.055189066195325896, 0.04429552857595223, -0.015359423253807477, 0.7058685261312333, -0.7938968765079247]","[1.0949947171884928, -1.739548918476645, 1.4119720665214717, 0.09819038355242538, -0.9639564206653863, -0.7509891059472438, -0.09808950789212662, 0.9699013115978524, 0.473382140884731, -1.5188547962707104, 0.0505747767281212, 0.24151249289052854, -0.3686386088316715, -0.46696260268702633, 0.5953037305131348, 0.46081070704365046, -0.8961001607756722, -0.24637000342630985, 1.2712656112688139, 0.05512070379350558, -0.07510500437487724, 0.5937428469458464, 0.25715706255857423, -0.5205986023368936, 0.13177367169218215, 0.19502604557623002, -0.1032731802538151, -0.4082807243468677, 0.36505783464962444, 0.11970280324061099, 0.2636407958162882, 0.2594484013367253, -0.19393952237494388, -0.4097954889273221, 0.04622048605261773, -0.43790936044234297, -0.4467972935179649, 0.6650048592699157, 0.11533385620065105, -0.9335663781702083]"
"[2.676055764888567, 2.199819102037116, 1.7520486766391763, 1.6924819439707057, -2.1181798436159043, 0.3807057854286732, -1.294421904069607, -0.10002767822423048, 0.4737161692381778, 1.2524030685994816, 1.2689744587277578, 1.010940666690815, -1.4352402189171805, -0.7606250596866913, 0.2952813186297599, -0.5903751818275225, 0.32699464616004753, -0.5487489263978876, -1.036500744174135, -0.4854003774138934, 0.036949770958910735, -0.12504248005930316, 0.16140824721515287, -0.024322798623130745, -0.45122867181944704, -0.6354715857232044, 0.22543911897271382, -0.16374215846461157, -0.14744363844716432, 0.5119884419944538, -0.05516685711657952, 0.07195411321828285, -0.057455487764152685, -1.0343291135018544, -0.031620210113333894, -0.18384181439202676, 0.3777602086482648, 0.09568175077726493, 0.032742711498383835, 0.016342899692657144]","[2.041690563114854, 1.3291152814715825, 1.3402491282755986, -0.9763919858394952, -0.8928541521894575, 0.6737657893948886, 0.2224392508941682, 0.995409489888047, -0.18437052016559466, -0.3451625880180572, 0.11784266432556795, 0.7793569912777886, -0.286144568202587, -0.5449334573660717, -0.626741521095913, 0.33772935596313414, 0.3632239477846575, 0.26798155484866887, -0.039512426895958234, 0.08005177642337667, -0.2745701282960224, 0.6175136674622245, 0.39569390699868207, -0.19096344365625692, 0.5280485534933492, 0.5851966624521197, 0.008309130335438895, 0.09476835734109615, 0.2445250432567354, -0.03570688007584878, 0.04314563257880054, 0.44175331650349975, 0.09540751334701286, 0.07901268918610399, 0.11998378280095295, 0.14739112831178247, 0.053947187355139266, -0.3651285026080454, 0.21853571592266927, -0.07010500413959216]"
"[0.891350735823859, -2.992682047514538, 3.150192549029747, -0.4850874582806015, 1.0518584770487105, 0.6014057947489422, 1.7458534266252326, 0.23627945873624553, -1.9647912006675612, -0.4611026489758153, 0.7389994106049556, 0.47282819778847707, 0.13528008151567056, 0.20516998319905794, -0.42025433746422935, -0.7513444003589017, 0.27807597422661734, 0.19128073696524237, 0.251252654094981, 0.14131448774307404, -0.2038719298902115, -0.2242665077118723, 0.6321300083679169, 0.6663366179259284, 0.21408849420240852, 0.2577889351509368, 1.4752641047670154, 0.17856568973367534, 0.1683051132005354, -0.259965468754579, -0.6510169186366674, -0.4073648947871184, -0.46926377798457675, 0.5644856851557064, 0.5445053362151453, 0.2896049160302602, 0.5998430291197585, -0.4002105198632175, -0.08210700482444598, -0.10908516493992941]","[-1.168684108878839, -1.6083791916827963, -1.4834054807477433, -0.8148577508709877, -0.9498467956346583, 0.1997928751580933, 0.3848267320814033, -0.47447402143156686, -1.6797622214659649, -0.7445147451738708, -0.38053809532984345, -0.1319919763336617, 0.5684575631152351, -0.21879860852979793, 0.2705273439648243, -0.18335854448527902, 0.4526097497833398, 0.22623209511113648, -0.3438880099731468, 0.29055301628463814, -0.6171994373692792, 0.010941489644463754, -0.7999794322644991, -0.0785089716145049, 0.172447782737336, 0.06582899380174703, -0.08103451040556767, 0.13351326409637013, -0.19516522985863083, 0.21801960272261475, -0.5052159899019775, -0.04927357450847858, -0.6090406125037344, -1.0129225575498493, -0.029724875100314005, 0.21289457552605118, -0.9926114683951871, -0.4621961812302033, -0.5450726538355212, -0.10725576673425367]"
"[-1.4326117247916912, -2.43694534708501, -1.6250840755418656, 3.2214630397196444, 0.18953665088748922, 0.040667941517258346, -0.9715363701125848, -0.2848122360300693, -0.4946248762203347, 1.3819943251310438, -0.937886253001828, 0.737005120014595, 0.2232936339561703, -0.49205719397416886, 0.009272967201219357, 1.1181811912240611, 0.1465696398508546, 0.813501128341305, -0.41685764574850254, 0.1988071809808502, 0.295192253953703, -0.4530220432151946, -0.7356644085590301, 0.7293191648204659, 0.382841477428449, 1.2171915336118428, -1.034421103052591, -0.4727894984826876, -0.3265833761083082, 0.7402528017067646, -0.6564246768439252, -0.7578115226389625, -0.18530295132112615, -0.5831431715429845, -0.2726123160936834, -0.8219168544035185, 0.5177068033242884, 0.5444662607357291, 1.1098555311606932, -0.3701666165533188]","[-4.506402216536627, 0.5368818327224537, -0.5830893776106613, -1.1824251245831363, 0.41508534875095576, 1.0799750542827637, -1.7113855411798897, -0.5841802961650752, 1.6213052680830198, -0.26473285409918507, -0.666580985033481, -0.20214008694009813, 0.19990903896925163, -0.4267733981776115, -1.1796128982567564, 0.6756829051203618, -0.1768813257336419, -1.1347695599875673, -0.16164315332855003, 0.679125952421843, 0.6648850018091488, -0.34617342687066244, -0.862493361259721, 0.2762475161348338, 0.8159334801314023, -0.009267111203116166, 0.16924508124737858, -0.4633620249426194, 0.024556757994594253, -0.11523842375676739, -0.999935298670908, 1.0932233179479758, 0.20404082032813745, -0.10154952958348211, 0.35527810839102036, 0.1295805361207179, -0.3855731823257169, 0.4513670801994948, 0.6761794550696513, 0.07019293521822775]"
"[-0.11541479380131801, -1.636745695661199, 3.2205682000452174, -2.2306537929216446, -1.0515470963863083, 0.7684740248214629, 0.05373790899520383, 0.5435763362872801, -3.2534536701348795, 0.022570570464586402, 1.2221314081846886, 0.7047021423333855, 0.2503438687772196, -0.11362042070946815, 1.070518837710028, -0.3130403374716212, 0.5459520722827039, 0.42801977500162175, 0.8527721234089516, -0.6636750538043039, -0.460354642295481, 0.4329657201240029, 0.21563457127052038, 1.2053645113686724, 0.44874035737227236, -0.3525974998972141, 0.9651067609286436, -0.10381369445439313, -0.688269762566286, 0.019403971529817182, 0.5650521514987179, -1.617045050562356, -0.23671098627127315, -1.0131914800884658, -0.16066551500777626, -1.0539506413641404, 0.13245562665209556, -0.23141874688150624, 0.6873965456506703, 1.0757830492437626]","[-1.7347810280559206, 0.9200036792671947, -0.3621108373432943, 0.5101021791962528, 0.5411455799673581, 0.7610439357903401, 0.7094959672907178, -1.605564116337656, -0.5483407384891972, -1.0848338091814358, -1.7210614732866758, 0.12311394019657379, 0.8502311638607789, -0.2907401068378107, -0.6296445009548494, -0.7215098331921851, -0.8019195573735087, 0.07819486943098529, 0.34411974663314365, 0.14892633952136916, -0.8756230974933986, 0.1743254368767507, -0.21231356015445332, -0.35752406573591977, 0.04367562234203159, 0.27493362530639054, -0.6134667366679052, 0.28951335627397606, 0.3400810198325642, -0.702232873770616, 0.37208759217768417, 0.22216181393688375, -0.3885437216821131, -0.3068021068888256, -0.01846638948488796, 0.14499847389159992, 0.032339631646290015, 0.33549764782339514, -0.21512365725047622, 0.06944390773186691]"
"[-0.9999763973826048, -2.1335034238412534, 1.7759422026611598, -1.8574799120123122, 1.6767352649683847, -1.385103465880534, -1.2686900608130938, 0.22917080823799443, -1.3722779383222186, -0.5170475062875252, -1.0514522770558459, 0.3079032489235175, 0.6551880573471048, 0.2522528314683856, 0.637312930855166, -0.36875316585104195, -0.3587454518181597, 0.7242388142601022, 0.44786286807331577, 0.1542325253259516, 0.21787150558694643, -0.7159608397109845, -0.9459561497832654, -0.28885559644583236, -1.7771145425470942, -1.3551636973547163, -0.44961832505923455, -0.38461046208526617, -1.1408412241448826, 0.40201456458746176, 0.5172428863378946, -0.13975523480608332, 0.1582019731393288, -0.10337518369425203, 0.3051666003488197, 0.28601752020553756, 1.064929538368838, -0.1945618332056098, 0.26249413912762587, -0.6562223755039915]","[1.078118961037462, -2.661238776422323, -0.6330485427748557, -0.25821583202419657, 0.09839224954887067, 0.019137368552325246, 0.13197165331882754, 0.22005407180029324, 0.29925522444369185, 0.7552219258620774, -0.595221814228107, 0.04008866735770202, 0.08489335163082076, 1.5285621460341126, -0.8622217455428912, -0.8108803246541983, 0.6631186175996978, 0.41463161910687957, 0.6901684284907005, -0.4077424214514955, -0.12348144720721395, 0.6073976608984851, 0.7632583999732339, -0.4215083839690749, 0.46579588410166817, -0.17733452742698275, -0.20228122737759416, -0.25986030794639325, 0.10473100506601492, -0.07694166344896235, -0.5955221746472102, 0.05300100064437327, 0.5231898848690826, -0.22062915657265914, -0.35050101309309517, -0.4595577541154847, 0.323919387800517, -0.04984332212142541, -0.6568600400423156, -0.8048794608432563]"
"[3.0943620490175228, 1.9911604596014956, 0.2040424785537864, 0.9476988580126464, -0.4831394117218851, -0.41143662884509874, -2.220548608349595, 0.4338752877816947, -0.7098056715560159, 0.37313277830051067, 1.1406573560227367, 0.020138677334116888, 0.20605777447392787, -0.6154764550301328, -0.6564262584642948, -0.8064409643831622, -0.5476079821511325, -0.8911886958761921, -0.7707737642406864, -0.590047507864187, 0.2572361958914244, -0.2728262095929457, 0.14048774153218743, -1.1276218703450294, -0.3356596828331451, -0.7180949824446393, 0.7127227422866674, -0.2466915551029143, 0.8820142180984046, 0.6149848605316036, 0.1004539202326282, 0.6780650742435924, 0.5395478361465518, -0.3016509616932835, 0.6437591747007774, -0.23785771105518488, -0.5501984599844889, 0.6427280470264564, -0.29007158965633034, -0.6332569799874095]","[0.16687413987799624, 1.5786596671630218, 1.7834242420360074, 0.8567968124207948, -0.1117596538333708, 1.292363034674759, -0.21708047380992437, -0.9649589156158739, -0.5355796912154391, 1.8560958822181481, 0.7458800057970767, 0.3552775295485373, 0.11026978101175923, -0.22672915676017028, 0.779889863121234, 0.12997136166484183, 0.3047904652499515, 0.6509302657868454, 0.7532487229111242, 0.8206705686644888, 0.46477261046520885, 0.2093012290683683, -0.21493489339040353, -0.1503250688630268, -0.3422765853712269, -0.44626237901497534, -0.1555011558772394, 0.41216431038057594, -0.10793995702738955, 0.2084841681320101, 0.09332392545019184, -0.19872710817273123, -0.47327346230751216, -0.06614434110735322, 0.2088974808856029, 0.07500402380984912, 0.10221601242335424, 0.17462048581741949, 0.16136275653525756, 0.37687629314727683]"
"[2.1777593661601284, 2.797673041742436, 0.66385036693384, 1.44248637338027, -1.3720147106389695, 0.036137790406686854, -1.8997687627127524, 0.4151508900485947, -0.39265322585497253, 0.04594385013477737, 1.2978672397601048, 0.06364452550386451, 0.31558315531484593, -0.754174380903156, -0.4310001361601079, -1.2246509842627016, 0.03442279431081548, 0.4602346028972251, -0.8914506997706427, -0.8971395384462354, 1.3290080469183267, 0.9561655778857625, 0.8086887138424167, 0.5050994607668686, -0.4686600610790596, -1.2033739141483641, 0.6794732237517112, 0.304304262314414, 0.597585200701421, 0.04797440025607472, 0.41350342795452627, -0.20681537983191559, 0.04118316232965484, -0.5702184311918903, 0.2669180217446749, 0.5895013323448233, -0.6399462060645191, -0.11390204158001044, 0.13668198658301262, 0.269478260932081]","[2.1955761848970994, -2.335382585562997, 0.33261420042372536, -1.3082329781241282, -0.545444389215095, 0.06652502204459074, -0.31545169295808584, 0.4593368798053704, -0.9011071182109115, -0.2056997459923799, 0.5917037917406918, -0.44932011312498393, 0.17049333345596338, 0.26523037765129454, -0.5774475610539487, -0.7011715251443318, 0.8490978057595264, -0.24258578234357037, -0.44239934855520013, 0.5768802535198146, -0.5488281985629812, -0.1627610403886945, -0.43459778167016583, -0.447259584278987, -0.5598474284898916, 0.5789453095483982, 0.13959972919382735, -0.07697420989650629, 0.46109968320552835, 0.23940121240385057, 0.5616129037600525, -0.22017915580725922, -0.39597314286387736, 0.1725849615816248, 1.1739285813157072, 0.043778247831754415, -0.6059019537674954, 0.3788006480190352, 0.2095865477075932, 0.605949979004797]"
"[2.35016318173542, -1.1651576976790041, -1.1409832293062256, 0.01995448933698412, -1.4127433460683698, 0.46329634205672354, -1.123003077747989, 1.977751403622377, 0.9217636210663737, 0.34063794184340057, 1.1184617694009864, 1.370273115703993, -1.871578107366892, 0.04872719561799547, 0.26748300694108834, -0.3754498317432578, -0.8089816852340271, 0.7371448536999307, -0.2745793784357693, -0.9453282217456508, 0.5971445284990808, -0.03462828983598272, -0.6636958670640342, -0.2321953483773321, 0.8673905615571529, -0.08546318399372667, -0.8548785177000304, -0.12144931066285203, 0.8213157874242792, -1.7627712955698551, -0.11424837674869216, -1.2889713407067158, -0.4176288480103046, 0.3032878744307219, 1.3293324076219708, -0.04088549687843979, 0.7266969085495276, -0.06883282803952344, 0.6970620188616342, 0.26708909983486584]","[-2.6407864391893234, 0.03356379589075074, 0.23804256399576157, -0.5174793874706775, 0.34630267358846706, 0.06047575449008342, 0.42907327822862984, 0.16129203011357465, -0.16605460783561646, 1.6806085443829202, 0.021228543740487098, 0.4261825570630281, -0.30246042568851217, 0.6165634860073471, -0.21390438287834374, -0.09506196940347213, -1.1888963187568837, -0.9682939753120613, -1.1421874093577178, 0.7918443586120931, -0.6695705714241653, -0.5451246069135344, 0.5545297814059686, -0.020835322505092384, 0.5885488995446936, 0.28515986045630776, 0.5485292926387438, 0.7879225880531108, -0.015548031042373522, -0.5174688605363449, 1.0946616726603633, 0.024035502788622737, 0.8096309933321111, 0.18154013079340012, -0.07712759456808184, -0.10982417502393764, -0.644092359227627, -0.4882113386209091, 0.3362374044222665, 1.2646352654825812]"
"[2.3368447201343447, 1.335426989166961, 0.06639039570569111, -0.9187243850489497, 1.287936070025902, 1.2311637635573587, 1.4629529296849582, 0.9171985767500408, -0.9376930690228498, 0.4989368031634225, -0.05885619953957534, 0.5301504156166341, 0.33931971963297775, -0.8765614770449445, 0.3703595354711625, 0.19092497811155304, -0.5981701845237379, 1.2383439379523915, 0.3430457915356272, -0.2699611697692768, 1.7774983353347003, -0.3580830007369573, 0.6541213687431678, 0.2780318945093625, -0.5616429347529702, -0.7346055256556906, 0.0905170783988407, -0.40706624679985415, 0.6567993885908152, 0.16612314901421374, 1.0341453821609705, -0.39460485381707405, -0.19525590624289432, 0.0646090400047767, -0.19784225769366975, -0.41943500043761256, 0.16013077493656644, -0.8042847930983971, -0.36255659362935766, 0.48365783060848533]","[-1.2013812058296107, -0.6904611943203132, 0.6527758133754977, 0.19113352019383023, 1.05486393442469, 0.931133010859679, 1.635012899407506, -0.6282685624426555, -0.10043263266985737, -1.1845476182941745, 0.7207068116388221, 0.22443023835800313, 0.18983965707047187, -0.9301003488487204, -0.25911666700096, -0.16512129979880028, 0.7196273188876615, -0.23772158743379773, -0.2547500531485997, -1.5271329544797752, 0.03117061779882658, -0.6392930229607937, -0.14141265000900605, -0.847698351039663, -0.992253032159271, 0.10790306724761808, 0.4730816388112909, 0.4390223254304416, -0.35445362285966614, -0.35459158821880604, 0.12596349682212538, 0.3600698111937097, -0.6727412117187156, -0.5014214382103676, 0.10299250034033025, -0.06019016644567369, 0.33116501232154566, 0.20050432623864783, -0.060092578547900455, -0.3705026642977904]"
"[0.9167640799938159, -2.3357919539832075, 1.9860618406283468, 0.128132757812047, -0.8490315703836642, 0.9347597225972468, 0.283614255211141, -0.9808990533869901, 1.3195128220924357, 0.09771921528389076, 1.1464163620298709, -0.3006475059941797, 0.8105311603893423, -0.6389031363066955, 0.194329870021415, 0.36837096014732085, -0.8314601793071539, 0.6967945551206317, -0.4640851767875776, 1.047019007769305, -0.8621222120589469, -0.2790088548470961, -1.8779577004986554, -1.188107905748768, -0.7231996481373872, 0.35528638928592887, -0.7266661417045324, -0.26564778290569174, 0.9609638001122226, 0.9280749707957634, 1.0717588264874345, -0.24467685119211552, -0.6919832990471545, -0.09288797395896284, -0.5586993620984266, 0.07824919257148663, -1.1168087842636414, 0.4032616822400047, 0.27281552267659265, 0.0727700537328705]","[1.7595765194369302, -3.2880107465556265, -0.5724651950356348, -0.35475805253476056, -0.7327379717164939, 0.3832192541477728, -0.1562350122215926, 0.04068914224899046, -0.20953891645859324, 0.12814115920958433, 0.13394054115007603, -0.03507886272300823, 0.012187154218335642, 0.38732682945460795, 0.27544159569421944, -0.07407289427140475, 0.8657866407930097, -0.177720956874341, -0.7056805534282189, -0.06341925956882527, -0.5858909374803137, 0.38062131952750367, -0.4406691097075545, 0.1421149483546287, -0.6673684924837132, 0.10613212475305651, 0.42494688188210933, 0.4013521773380003, -0.33361711081039225, -0.4218099837692447, 0.07943896927069138, 0.43341129233367476, -0.6790002046515121, 1.0703845373952372, -0.2843811032129371, 1.0668157481448068, 0.7890358552769644, 0.18631653112799404, 0.7336946749882136, -0.3911944892803204]"
"[2.2695749800954785, -1.1525142818747445, -1.674760402579568, -2.011765913728149, 0.6360102076486166, 1.5618886558663896, 1.957987261977938, 0.29393024528828193, -1.1366200968831186, 0.3305054523549495, 1.0754699589306864, 1.513616796173316, -1.3265270010930752, -0.4730466628979502, 0.7221712767592967, -0.6759914561400943, -1.0595192894910246, 1.553765939285663, 1.4112487503469746, -0.5507697113204865, 1.1943177810034074, 0.3128000471103291, -0.013511041181114429, -0.5186012742220123, 0.9247054434203744, -0.023138809774882176, -0.3751806218366013, -0.2754049300141657, 0.4262993446922131, -0.6599243874558499, 0.45538023015956397, -0.43244774484719234, -0.6639377158946018, 0.5159895572496237, -0.20673214905823756, 0.33017862958015126, -0.31709476833161865, 0.0647427450636412, 1.1812231140917973, 0.5284733120695941]","[2.1421216763214503, 1.9858829547186823, -1.4221373088665066, 1.3318185864179182, 0.07314850155606115, 1.580936837946229, -0.0844824962923318, 0.082055627124952, -0.0004547283248978806, -0.2549694773436699, 0.009791195017574616, -1.0641390437938483, 0.28137517091747505, 0.4619305131786451, 0.020931510493879823, -0.13066377270877574, -0.3190875766662141, -0.1481012906805512, -0.11732355493901023, 0.12348136946809767, -0.4054997028354205, 0.32408380589167807, -0.20841282513703085, -0.8296557302854094, -0.28934006738053186, 0.5859157445101023, 0.11362449066849399, -0.18002719344698956, 0.21573727159649136, 0.0074267334999230964, 0.03672624377687799, -0.10748679401820813, 0.5288331244635489, 0.20942761446604968, 0.038999766007616586, 0.09626295636669893, 0.05354975373058438, 0.9231829528644881, 0.5201354428333912, -0.20478900472282396]"
"[-1.7472624971651805, -1.2031967654765612, -2.9343051111235674, -0.2507010393084459, 0.4241195591921755, 0.1992341640056211, 0.18060987444892707, -0.9459927114599731, -1.481123281845402, 0.5229744546139589, 1.7010902289766336, -0.9622358515118868, -0.047450738769993756, -0.35810655495049787, -0.7334149254758089, 2.260313822948075, 0.125210202637471, -0.13872986528060827, -0.5743689949775698, -0.6193319982575307, 0.1611012930455051, 0.9708924741227407, -0.30525330609198037, 0.45004012157906303, 0.8575266771865692, 0.6113187384372105, 0.8737312801490854, 0.4822065758945375, -0.16709610938233813, 0.14596803978840706, 0.4210678382621169, 0.514770902626618, -0.32012382228259406, -0.8866525730054379, 0.6212851827216151, 0.9952333577176459, 0.28131926832793275, 0.13198511897696946, 0.019611470538887, -0.3375160711081286]","[-0.565188721310981, 0.915086929059174, -0.1041965630800835, 0.045286237281355626, -1.4100355582440387, 0.5364120568754882, -0.7803788319050855, -0.8303655096357687, 0.41005501626137353, -0.03298563113311906, 0.5416602267777674, -0.5144688564695711, -0.0526085913724439, 0.3658724900072434, 0.5508473576760696, 0.29793186639808117, -0.5764309475088762, 0.03414397290661612, 0.582465124705418, -0.23749937504766172, 0.5039658148095278, 1.123176708942814, -0.40868924492837905, -0.4957365439022591, 0.40251555333924854, 0.47678633522932373, 0.18210240422430393, 0.10426318459071969, -0.17438413188327506, -0.34157674039925334, 1.5443258900974297, -0.4865689098739712, 0.007094308893832155, -0.22783645554818796, -0.19759114527130303, 0.3149033772343981, 1.015919038659774, 0.5489779618381841, -0.22372555210277129, -0.14255207532652425]"
"[0.2169672152446072, -2.364619950415869, 3.406017128268104, 0.16986556302985054, -0.5548737363632537, 0.9891880695320995, 0.7829892040414677, -0.07922588280629264, -1.1964859932963776, -1.1876327523044454, 0.6440666538993547, 0.13343764767710234, -0.2656930652300042, 0.7603685743567317, -0.07421688772123719, -1.1096392437392937, -0.6335314645799607, -0.488581091874386, -1.0773892524360325, -0.22593299879793804, -0.44623516584000944, 0.13823078681907075, 0.22700791936177978, -0.0823862246986131, -0.17124457686279168, 1.2606651928518706, -0.0378764636353061, -0.6311393668295147, -0.6002823840227154, 0.8563680876262412, -0.7816697001111944, 0.5308193275579932, -0.532817698157665, 0.16578026242855284, -0.5155307845407465, 0.7498093693562091, -0.6639105154664664, 0.2984568671231983, -0.2938104876110818, 0.027171082342345967]","[-3.101833954769845, -0.4529439372586558, -1.5361607660173282, -0.5736297839179618, -0.5176433389658626, 0.5149716709937672, 1.0785650682927557, -0.339930723810277, -1.9120585594467423, 0.8829174322249962, -0.9513597130064927, 0.3039006888035325, -0.6004067921603656, -0.34245775067298945, 0.06931978081245463, 0.5158780236441823, -0.5527480828432437, 1.1360693904845798, 0.10359749209631529, -0.05888346893228047, -0.2479361019067419, 0.583322977665794, -0.45933564650925596, -1.0177567731465202, 1.238480144903281, 0.6548574005851394, 0.32311282996818724, 0.32163381919528855, -0.3500630264754916, -0.6169559068140094, -0.6823458210805939, 0.1864797838433991, -0.7669276909295795, 0.43354600493982687, 0.3455556044998126, -0.10316808189412574, 0.18352426907407893, -0.18597198809263707, -0.052409583058810015, -1.2666459646609605]"
"[-3.7404401601907313, 1.8554153681496846, -0.8228817092376026, 0.004811805961552875, 0.6812677864011983, -0.9378842783316262, 0.9938415015553084, 0.26330758586780934, 2.0239044813859937, 0.5743510916580136, 1.0292600288423257, -0.13071365850238303, 0.9796752846264682, 0.40833939970940775, 1.216613867460057, -1.3063391504027848, -0.5063352678792441, 0.8379597784945403, 0.04806190757839682, -0.3106966040612749, -0.11698895132689469, 0.4922195475296445, -0.024553948323719002, -0.7996513433734166, 0.34373196258913336, -0.7179076467914037, -0.16566928093576547, 1.5687141511795657, 0.8970764944636332, 0.07520655212086556, -0.6584222972161708, -0.5131388485253525, -1.178779422262746, -0.17109407460695367, 0.1355235154931298, -0.3174261238535638, -0.09261788548682459, 0.42958071086567245, 1.1020965551782684, -0.46657162325785556]","[-0.6423258937901887, 1.3650966963990383, 0.4657849690573979, 2.2212166467465218, -1.5739894897261955, -1.0643150328391775, -0.21892021438686354, -0.5845663500759924, 0.5914586689690446, 0.07814472898622425, 0.19092199449491906, -0.5759482436974557, 0.11543791604199183, 0.6343910372935263, 0.11800888537385365, -0.9611373340572253, -0.7366490720596914, 0.016159823331769466, -0.21914547649072344, 0.6873348102463054, 0.2728498534887625, -0.2471706649636584, -0.6723400578276894, -0.06300612745849861, -0.265294030866033, 0.04023988868936151, 0.38334918499894355, -0.3135783636653262, -0.4822582584765877, -0.7078105508583141, -0.05807942419035815, 0.787308719077976, 0.42835672316847895, -0.7475645080673489, 0.41980568927439277, -0.4432144036592862, 0.3723261100275139, 0.00080495836534337, -0.07372999948861167, -0.2089128603601454]"
"[-2.3432319519634657, 2.7767313788011356, 0.4995161571283076, 0.4918325777486123, 1.1180918447410886, -0.7532118512350284, 1.7003120377826124, -0.017019280842153102, 2.381582096663971, -0.9521762292205592, 0.4191546588372257, 1.5524081256577917, 0.2167712825246614, 0.8558884439608295, 0.18584364589763855, -0.009243942236535048, -0.1894059008554502, 0.8283153062472451, 0.19889219138063055, -0.2932807157494454, -0.07659350336835045, 1.4249135358150768, -0.11485018982586814, 0.20404321082758056, 0.2467803892674434, -1.5692179709779255, 0.03164321966127436, 0.21506283891063183, 0.5688574193821125, -0.19134671514224724, -0.6616661360696054, -0.02007437674364887, -0.6839599475813676, -0.21449994189303445, -0.14317147130219118, -0.26552045756121884, 0.7057742602743533, -0.23158740870658723, 0.1673361015308452, -0.07923239807611654]","[-3.0366604449977403, -1.0543811524668825, 0.04998199302083108, 1.3851701083731267, -0.5249681087188378, -1.504372106496052, 0.3207581420794041, 0.7888410296445961, -0.6836145136456266, 0.12174355769000253, 1.0776901838526258, -0.8279413397981765, -0.7807335095870285, 0.2739744843731908, -0.4598224816475892, -1.1118356603825665, -0.17076770467397695, -0.557735982600053, -0.6424731110055076, 0.9031904362448012, 0.24800129346940133, -0.49877097850947255, -1.039819735969102, -0.5121619906565895, 0.45313749321130553, 0.621764368534286, -0.17407373875369528, 0.686510988340425, -0.5617750088281208, 0.7931189198712656, -0.028383631803632185, 0.13164417323268354, 0.9512269805831187, -0.5337515904020059, 0.7638655533668007, 0.24835905591546512, 0.5770068436730607, -0.25747001633587174, -0.1284241944595904, -0.0417041839434306]"
"[-4.119666524706112, 2.0056505791569372, 1.0604142972944346, 1.1232582668765456, -0.13138354506371538, -1.5282929092532247, 0.14310929560659957, -0.7070081951150192, 0.4412856805602022, 0.08998236017747627, 0.914889314837458, 1.2801388612097473, -0.05701151016291675, 0.46244528190757833, -0.17407952450693837, 0.5062292463556692, 0.6124207512103592, 0.49962260263364366, 0.25894666620050727, 0.7436079608530708, 0.16380761333867638, -1.1998934291096304, -0.3594268541615943, 0.13490951546851163, 0.7641317109592248, -0.18024212148705107, 0.5374201097441408, -0.48845676503614566, 0.6339568895601273, -0.19443298691959812, 0.7178802056435096, 0.6311216815219601, 0.9439100891485209, 0.24394415003023878, -0.351588550728126, -0.5937474645660877, -0.132739613409995, 1.2551979081770268, 0.3521175224489237, 0.15763777821531896]","[-0.5974888059271506, -0.5061806565122732, 0.8059830549581127, 0.385428875072335, -1.175095586795603, -0.9814299884629779, 0.08506259222380493, 1.2058040098637473, -0.07310664522216917, -0.959185066940145, -0.17436504362725846, 0.821736894205671, -0.493283431244801, -0.1758746946170384, 0.3545330791027997, -0.11354923386652237, -0.769529969418709, 0.14517030973368134, 1.0062940090569108, -0.406381204278157, 0.43318212572876147, -0.002073416213613765, 0.09518068124729222, -0.02449411050205816, -0.22445452653635733, -0.6989583940872182, -0.3988240633025382, -0.8538428000312843, 0.18258829582161648, -1.7115465750665402, -0.1691429734133374, -0.383179954770413, -0.46492390275095435, -0.7164253838126059, -0.9131438389992302, -0.48091376150584975, -0.24895950575885484, 0.009101476536198003, 0.6594937299245726, -0.35337954353771195]"
"[-0.6083604833014048, -1.0117978420415608, -2.8187421657755056, 0.035173297365468835, -1.7107416367667336, 0.9941806016103625, -0.07187179352291088, -0.34173855262998787, -0.032088163918713275, 0.03159946618142585, -1.0138322543374745, -0.9384980165738805, -0.9546634922457017, 0.830185743491488, 0.39004773853006186, -0.05154419040685813, -1.8946277661212376, -0.2987070901021161, 2.3100553304523426, 0.36297397763070516, -0.4057808384229612, 1.5589781251838444, -0.3147081934535955, -1.1884396642720763, -1.4564473113161056, 0.898642285044833, -1.2352422661214864, 0.7009728715934457, 0.1921278583117726, -0.2524475626822095, -1.323059023283404, 0.4905289870865236, -0.7332981094823028, -0.054082441791096704, 0.4588369006376832, -1.9256543983798515, -0.6844934183658661, -0.37361240272490787, 0.29385160479010647, 0.6609133393659286]","[-2.656690370630962, 0.547566603204408, 0.5542699218619023, -0.1856755520060113, 0.31970003240401357, 0.7780689532798618, -2.3875064367575027, -0.8419697539162355, 0.660115520871203, 0.4565163608096551, -0.38810101805425945, 0.40955315006033455, -0.36027611793435366, 1.056505556487738, 0.890112279966422, 0.3421159047023024, 0.5694954758407511, 0.6085874453262634, 0.15634222467776945, 0.3884562312531937, 0.6233273865504937, 0.16841163115745028, -0.4458951446928531, 0.0037671536792208537, -0.3596178119312342, -0.36836229704193246, 0.6022423785316908, 0.39227621189610523, 0.28197765431190364, 0.7102712659177906, 0.07972003828215772, -0.12811837277547694, -0.02196708683239837, 0.2487461317899326, -0.014106426506037292, 0.6846672660561824, 0.9065862459113876, -0.2761244047622333, -0.06605379300071118, -0.7058016779902795]"
"[0.07914242278763789, 0.21988641786805152, -0.5974792089772321, -0.9244647251152267, -1.3052486902014653, -0.3153901749412466, -0.4663244563116653, 3.7593962361652724, 1.1679093108583714, -0.04327440679733826, -0.3476731252789302, 0.1033553246130407, 0.9318413090956139, 0.2818144394669239, 0.7754781913940744, -0.33659582532793675, 1.801133960146085, 0.8663729612902581, 0.2050270797725287, -0.03750486058959613, 0.017128742105466752, 0.5825816218736541, -0.5170861374104926, 0.6151853622966635, -0.10197933827671131, 0.6540384209298666, -0.407883487979161, -0.8906621632746875, -1.0808743603785087, 0.07023153651193491, 0.2651005699600278, 0.5541577377679633, 0.3946575046371543, -1.1647473034448987, 0.8069150806811675, 1.3420495026480086, -0.5105782096532461, -0.08145315778186933, -1.050448133364513, -0.07228155690676746]","[1.655438996596851, 0.07608650917359087, -0.8921716551410247, 0.5921350916043077, 0.05422018160858464, 0.31084500616205685, 1.4899653365901488, 0.38360464970844416, 1.643297547726343, 0.5440383066969767, -0.00442095152632022, 1.1081530375081219, 1.0802190227707973, 1.3456732414658232, -0.16804277903691336, -0.25629615157350033, 0.4578993817613125, 0.5072165290579123, 0.12285519980863303, -0.7928111634200525, -0.2450236012835062, -0.3522053013424113, -0.3276246601309961, 0.8567399649706681, 0.8281367640365491, 0.13744799389917675, -0.4050269153712557, 0.07241453433189866, -0.7659394601910952, -0.26218337031324057, -0.1351874623212736, -0.20737061832793788, 0.6200677989110921, -0.25478241360822007, 0.3290277254213584, -0.2933623096599036, -0.34606634001020853, -0.10372673900835451, -0.5437789430696007, 0.09471548173851471]"
"[3.1555623875542826, 1.2840332817891291, 0.49668359639715287, -0.3021740545327968, -0.3138017611066811, 0.4634321928173069, 0.9190592487867587, 1.2039854774950012, -1.736948079018012, 1.0878878611108302, 0.5502218147484191, 1.249679467059924, 0.9154302034827075, -0.4326168993762812, -1.4290544154054474, 0.3403349781776923, -1.0454144890081962, 0.4486313291443578, 0.33304686396695554, -1.602610099817897, 1.3749308452282045, -0.7587615735052882, 0.3002839254323864, -0.979388629338427, -0.356289234428145, -0.8969371918704313, 0.7902449421889628, -0.8967386141465025, 0.2406584396234583, 0.3477899698568895, -0.31765407556026537, -0.41981105800830926, 0.829640155051589, 0.12664141990348793, -0.15216397483792315, -0.24773467761324378, -0.16192805158424628, -0.4584011844275198, -0.05346772011463093, -0.4650413444770105]","[0.8715791726772255, -1.8970330002384497, 0.8288509507786505, 0.6246999693328436, 0.9256464643191609, 0.670893150813412, 0.8754236670430653, -0.16689849740649454, 0.5198334811007148, -0.9017922875341374, 0.9798939395403512, -0.38825756547964885, 0.7646451153942198, -0.5520391964966758, 0.1953334591108505, -0.6169377053979219, -0.09951722943094604, 0.016485341446152924, -0.5763292154679712, -0.9272008378411387, 0.37514345037113495, 0.21268198754822557, -0.4346491971908955, -0.46218774098184195, -0.9946052225746468, -0.8423960188660662, 0.48421609138479765, 0.6054545521814574, -0.339712519914264, -0.26952280418547947, -0.46707925736213557, -0.009111474717830362, -0.02092520524946035, 0.09108737545474263, 0.4630192430429008, 0.6685182333828527, -0.5562331636844926, 0.03190210852071725, 0.10052849633326269, 0.0031916534391568684]"
"[-3.2303625736142916, 1.4591724402404218, -1.2052135810028894, -0.031977117586737804, 0.04755803093487124, 0.21296684583527112, 2.0153773544995133, 1.0698548095375833, -0.718063551358198, 1.6995685057996117, 0.9717876634473377, 0.9878457120524401, 0.10950932154190882, -1.8383953608607781, 0.13412223643494317, -1.463180258409213, 0.9963897677697522, -0.5558959262905335, 1.4635825833573994, -0.6072688426302847, -0.3683565134876012, -1.751015240396668, 0.807640961627766, 0.873190508740169, -2.3035256557952106, 0.007405437110239583, -0.8032271163966518, 0.548725805261722, -0.20741739789620126, -0.45037256449558905, -0.19426470638480606, 0.16163738441633016, 0.49208804985137083, 0.15402892814873712, -0.16867559372531116, -0.1232565972643007, -0.25778185361475264, -0.05086488875115043, -0.9887872257123285, -0.25491470879883665]","[0.5999898820813666, -2.2231606387470264, -0.2979958359170175, 0.6252709508536864, 0.8248778349839575, 0.15351295829261644, -0.1896736167493057, 0.3235758334881246, 0.1802816072304882, -1.1578266044879315, 0.3428778537348561, -0.17099251815708746, -1.5379215586214, 0.2200567253866612, 0.1509167787700705, 0.18684354887401888, -0.019028633446867407, -0.36817153641734096, 0.5071014419729731, -0.559012357332389, -0.4286835190996837, -0.20513066320306683, 0.2114306044420425, -0.5739233918814881, 0.5442999193031246, -1.0896945980496422, -0.6809004473430574, 0.3819358948460675, 0.12146145049302425, -0.5121852119935685, 0.01914366976361065, -1.560913510135099, 0.09414810981430441, -0.2457360224215472, -0.0529877801064901, -0.0633303657126735, 0.4433725861365816, 0.4821370528854708, -0.7438678008996171, 0.12034364617544405]"
"[0.05509441181426407, 3.108340712713571, 1.502132656211671, 0.06467012078680176, -2.361319898582339, -1.1788223032867937, 0.24831836501762472, 0.6423771603849634, 1.284961119731304, 1.903230563441285, -0.10499851327059484, 1.0510253442975197, -0.008304845056218705, 0.2461345984742671, -0.8973092901392818, -0.26522250711981066, 0.7826584148669437, 0.6016332994388041, -0.1333893483516916, -0.882642920396367, -1.3966763988532378, -0.5513958126956089, -0.5196311491073436, -0.5776029967108836, 0.3225720623286307, -0.32163609879497324, -0.6895760956292849, -0.10790625686013608, 0.04595924755856388, 0.29193620999350023, -0.31715747843348274, 1.0038570398248892, -0.5073665608512992, -0.6545634451615843, -0.40072490200987704, 0.3751145104188361, 0.6229510257211788, 0.6015957940243679, -0.5501776001205457, -0.25589414985417963]","[-1.6518459625706807, 1.7624965858938118, 1.2812035068568584, 1.989031524941659, -0.2640480354650581, 0.07000916434947412, -0.4218361280738836, -0.12489129475687138, -0.5438331118200603, 1.373614664591866, 0.2486494061839386, 0.5447093202377871, -0.5368053644779205, -0.2450293437234466, -0.03343802906146349, 0.056618671362252626, -1.0131578276905129, 1.0775380303514333, -0.5249255333935773, -0.46198478846442753, -0.3327618804739635, -0.6651102405600873, 0.16554637163233826, 0.43296555311135554, -0.03978140661585024, 0.18094331662932678, 0.21704405888730485, 0.9113793028451403, -0.4035456383441833, 0.3603306449414063, 0.36667236676123693, 0.8514625526469907, 0.3690436135961639, 0.23537304471938414, 0.29112632217614254, -0.10918946055550828, -0.3662944713734414, 0.223654682901937, 0.4753081070388053, -0.4054255566435677]"
"[-3.644332799182939, 2.0621908507042703, 0.29966330327051616, 1.7607759565722456, 0.49279303543708397, -0.8059685293487148, 0.515935033477464, -0.2883808929701822, 1.5045825771857329, 0.05947606760184429, 1.0576590621280837, 0.6949431296944365, 1.464593492366211, -0.19570950721807065, 0.9030180956017896, -0.22594330705962043, 0.7434621103589435, -0.39041444873719955, 0.025123474341857046, -0.14398104378068585, -0.26707806830578806, -0.4617102276163311, 0.17656745083101605, -0.27026165604002783, 0.37371707874761617, -0.41365804721834326, -0.3158315823935505, 0.38420409054593646, 1.1787060049318532, 0.8407663634584053, -1.2424614835670251, -0.34433339553820147, 0.17255558465715448, 1.3904897610108513, 0.8148992950048024, 0.19885384039945395, -1.2641313081651209, -0.6033790639791103, 0.6160591314764968, 0.2754140640732894]","[-0.5281776124460201, 0.3723238274255331, 1.3692290407142602, -0.15429602137604714, -1.2721526895828559, -0.968572957103161, -0.29287897378574607, 0.2088720750890314, 0.8621165863595762, -0.4941164014782323, 0.9006949029399945, 0.24227173920515, 0.46722446276570145, -0.021581733548162865, -0.34553878422596795, -0.7257887876705438, -1.0465537767721214, 0.759780306240762, -0.47024654431630597, -0.28023804345072667, 0.028816053913323706, 0.3794869318974024, 0.0799020364298652, -0.026391698103584223, 0.07791785012515129, -0.37390547197948565, 0.12076100910298508, -0.8970115097872743, 0.23522191748136823, -0.6065336668628728, 0.8791056123738474, 0.09084181167021758, 0.5634892515671824, 0.4873411499480628, 0.38584308156088637, 0.13021915557533728, -0.012472018527368161, -0.04026850200129951, -0.15970121488749864, 0.1596448232875927]"
"[0.5411630001515945, -1.2937689273026716, -2.4211362688491365, -1.8038524393562771, 0.6861134848383245, 0.5054207604365775, -1.0206550393590526, 0.06925268352249084, -0.18514866240428013, -1.3867399884027611, 0.9740172927290032, 1.1167178952558876, 0.036619731692291733, -0.6042238262832934, -0.6038861414477206, 0.5050942660746979, -0.09260403934877215, -1.147977212499649, 1.2244710325436388, -0.1204452741140437, -0.03304980451468178, -0.017626081377023064, 1.5485597214839815, -0.29414007636200334, -1.2728318086925738, -0.481796261799097, -0.9957658301471806, -1.6148619683353478, 0.769847131170174, -1.1829280101130746, -1.2552305697798105, 1.2471458483708293, -0.19831671683351637, -0.2238429497270692, -0.7484831679848779, 1.1179323745870513, 0.8716951123003168, 0.3878988322741785, 1.1313769106265716, -0.946139564899902]","[0.49211348620761647, -0.4138095214476382, -0.6360372655042124, 0.22798273619889822, -0.5252334036294912, -0.5933896668296912, 0.6632666063038049, -0.16699034990179867, 1.0007384080030908, 0.31666653906165304, -0.14787502165901464, 0.733923499103399, 0.7664832514145832, 0.7526661589248147, -0.44234424398692146, -0.6651091835937627, 0.7730247800612267, -0.1377680464225278, 0.78381380980518, -0.4012637581226407, 0.3800590056061618, 0.6388411293175095, -0.7408577960283779, 0.672139696732079, 0.5357140887972528, -0.22928089681424343, -0.17845030791875346, 0.5533019294485317, -0.02265327711573364, -0.41479316288006696, 0.7614172674168427, 0.4796241189561647, 0.02717804131810692, 0.6763743904642749, -1.1727241369587835, 0.403280863637919, 0.05057616019967448, 0.4577506111342562, 0.25703405574636684, -0.2591367926485221]"
"[1.9226216108261716, -2.0133980161587455, 0.5478151255005438, 0.021677664722195067, -0.2842175955011383, -0.6506388780058746, -0.05341104868248094, -0.45293070348678377, 0.9289092354315713, -0.13104046863357846, 1.0328233047367839, -0.44006641106669653, 0.26976294046307703, -1.0092516530415545, 0.516134481682474, 0.33068323894415563, -2.0303118061571017, 1.4133640809800017, 1.190027788236059, 0.4334348289024825, 0.5628653863069772, 0.10251207083492239, -1.2402745639555053, -0.28271940947854385, 0.9007097573762696, -0.4243036359516236, -1.016141762452082, -0.17754860385234394, 0.1159720941298229, 0.6937632149661243, 1.1047432367287964, 0.08844604712363227, -0.667511152459918, 0.05731446516942454, -0.807097290216526, 0.1459813867677198, 0.5025398799368836, -0.36301310229683187, 0.5777666321918272, -0.4070295346113456]","[-1.6527938895390246, -0.9238208704197537, 0.6146837614084277, -1.109872007757275, 0.5554075237448675, 0.5918709717839452, 0.037041867709910734, -0.20919457692293206, -0.2540897570528402, 0.8870434320899979, 1.0229042254156202, 0.2113389979977834, 0.4254407935940967, -0.5748741875642018, 0.31439938486882407, -0.256623235411829, -1.0629199877111641, -0.31930618971848634, 0.47605447566425335, 1.1321890344835976, 0.46971348030556437, 0.13780933185941302, -0.040894763074316456, -0.7275447959929137, -0.8989001659072561, -0.17689315284892285, -0.9960829463595924, 0.3443024935323312, 0.521822262853164, 0.21248233920720072, -0.5096366873343733, -0.17554362343929444, 1.0258679986629509, -0.4711895315416937, -0.8733223733117539, -0.6739782652470889, -0.9992275001141643, 0.2323875663062196, -0.6461193331638914, -0.19299709468503923]"
"[2.7375195402526744, 0.09619683153204167, -1.0947008569849617, -0.17898186071706035, -0.6355436264915555, -1.7362853809458985, 1.7234200654715532, -1.1545547109793501, -0.9414381314016077, -0.33267227379541464, -1.5486235537464206, -1.156620015387593, -1.7527602130875835, -0.6583258163502281, -0.32586881405694584, -0.4280297855432547, 0.3040997296931279, 1.117941871340911, -0.4543201578171618, 1.1121428525048596, -0.049873818589912106, -0.950793796842503, 0.021203494680230382, -0.2849186176806782, 0.5675278704245996, 1.0180982678386579, 1.1189520953250938, 0.6327935041427801, -0.45743221694809383, 0.22842180882577143, -0.6536739655124538, 0.2054533594563618, 0.09104817669633505, 0.7027713734495051, 0.5297888588834438, 0.9671545752808272, -0.05395466545053605, 0.526061760129815, -0.012206189915396572, 0.2986167721996412]","[-2.425338463548879, -0.28112275112761836, -0.03798828013804549, 0.9159660956079705, 1.0485803940098255, 0.3827043219394681, 0.9754349851429731, 1.0788378229336477, 0.3289334020186176, 0.7196020121899144, 0.252189269896086, -0.0633799145357147, -0.34233108517294314, 0.1789361039217967, -0.8952443230818511, 1.096200002458462, -0.7744238076495141, 1.2622774051951016, -0.5649121943440816, 0.4340129253825884, -0.7168674061924825, -1.2774349217568666, -0.2426062567686545, 0.23468679380691984, -0.9004656810045032, 0.5488533802025106, -0.35590046453146534, 0.829660120871202, 0.8290140568111793, -0.22178295357649946, 0.3347607516169321, 0.9237473636177442, -1.0845553874980522, 0.04303641129096235, 0.04138401081975556, -0.1742697676199551, 0.10836706500860704, -0.2867675172409318, -0.5708080416871495, -0.3030416160475597]"
"[-4.407136613946699, 0.8786046113590819, -0.7579318143305435, 0.6344844766821028, -2.5982579531177064, -1.362513124273515, 1.5376109203064885, -1.0423426033198508, -1.2715121409923424, -0.7795925718269122, 0.6788120032434356, -0.04924652184991155, 0.03223957246901103, -0.20244450002904374, 0.3090377074273202, 0.8863787544656634, 0.5987883533968434, 0.950016966218282, -0.7464141925384025, 0.025903751726022682, 0.42560711899101467, -0.2282839397866054, 0.2272351502399001, -0.2735960896504385, 0.2500194313347665, 0.37953443899819933, -0.8647024138578754, -0.15057885307167376, 0.4757153905847302, -0.7999169690868515, -0.6423801623685194, -0.43487089572586823, -0.05126386830810557, -0.5215514867599214, -0.1730751416465544, 0.10993384482334781, 0.03434928982088602, -1.007602527642551, 0.2684490614864952, -0.538958562373265]","[0.602321785458162, -2.625632619004878, 0.33600746071821175, 0.8523448426730205, -0.47155322761923524, -1.0489771810881572, -1.1578022513229775, -0.014000901415938715, 0.5777617804099742, -0.38366545914192035, 0.6648443190240602, -0.2698755759888012, -0.03794073094431997, 0.6745598932750688, -0.463040463562875, 0.16859531660395263, -1.1970719864059078, 0.7940040458866825, 1.390806153591917, 0.18875532520576085, -1.0071515442782042, -0.11284097310809355, 0.061245944504254156, 0.09231810931667055, -0.6281520065179645, -0.11900488024681971, 0.17076378166056547, 0.2036333908374745, 0.26743718431060187, -0.198031110588103, -0.038799450264877536, 0.5841955665304611, 0.08464491481977054, 0.29110519341410807, -0.2291589020138014, 0.5889976568126332, 0.16990302563038098, 0.14583253681965883, -0.32001967424664507, 0.09076781664358903]"
"[1.1122859396225364, -0.8729654562818214, 1.5586113199248186, 0.6693645238483178, -0.7380341174791156, 1.2595430478421887, 1.6777551336514698, -0.34177504923893515, 2.4093321539542334, -0.4445081933363665, 0.2649508007179682, -0.3662340668635432, 0.7325023306059089, 1.697710872359355, -1.2184330421125282, 0.2633968588647417, -1.3483462258608272, -0.12999565061903393, -0.044159984449009954, -0.5266317667034166, 1.7525113231642877, -1.291643077882907, 0.1147098914314311, -0.5864748865024468, 0.3099852829143063, 1.1614819492452402, 1.075378796758835, 0.2271435116866019, -0.5335794181904655, 0.08541026120528734, -0.6521775025976515, -0.14922848968016797, -0.5757148462649386, -0.08620509219267261, -0.20052950354815402, -0.2802378214023882, 0.2929375139372185, 0.996992687532755, -0.1494049945455655, 0.21200339997280548]","[-2.483326239496712, 0.49044590334215626, 0.6476145240599103, -1.781676972252509, -0.5941677438250379, 0.281041595365541, 0.3502957149197174, -0.5125711103574158, 0.5058139784112372, 0.8653799506423094, -1.0774996981406213, -0.8630637696065864, -0.9429806695527371, -0.6357171060034027, 0.008975568344247288, 0.15649478702365788, 0.7063895405151362, -0.09355701181647803, 0.3079802751052371, -1.281504399487435, -0.6430744789114459, -0.27614777101162596, -0.5429483671242148, 0.5306618449769287, -1.1271440255892287, -0.08314110915259024, -0.059003152404861245, -1.1897089523127458, 0.5309412511374861, -0.31411151986082847, 0.08939746664555824, 0.5899606384212868, 0.05261576262470158, -0.1715153840241448, 0.4120734264076871, 0.1432549648702319, -0.4376644695274059, 0.19092380773532266, -0.25175073548489263, 0.7252934905256089]"
"[-1.714859211797097, 1.7821725595526985, 0.9685454987037216, -1.725757279297632, -1.6093603050599978, -0.03046054924638345, 3.1164024712479304, -0.4250238516959713, 1.06321955686082, 1.5475667408967115, -0.3186502194030397, 0.2167094448321009, 0.8107465647962951, -0.8725932329125442, -1.049228729176574, -0.9938955099819197, -0.787603319800624, 0.9272102418637063, 0.6489125960823429, 0.7990488086718228, -1.3305943480072469, 0.3698766278326927, 0.018207820645848485, 0.24016545639050177, 0.05317995966108446, 0.5526377256549475, -0.5845789414053895, -0.37525473778304663, -0.4260373430845802, -1.2536411704086472, -0.5861249148508831, 0.22996088792474134, 0.16678825663059185, 0.3260285699157641, 0.6521518801996636, -0.0353417479949425, 0.01155148800399072, 1.1088521299418426, 0.24635001430323836, -0.5831776633467225]","[0.6537747503780658, -1.4774857106419432, -1.6313570008646427, 1.0290037090936561, 0.876525212610132, 0.7682475374789839, 0.47640125216500867, 0.36458280024655815, 0.25906840889799254, -0.26438362537290216, -0.31278135131880125, 0.810316635551159, -2.3073153230427628, 0.05287589834310028, -0.5943133841957763, 1.1970863540145587, 0.07056007499140905, -0.5646262459628487, -0.9587511322369949, 0.2886797765537006, -0.7174529093411217, -0.39295893051231245, -0.05741768927556318, -0.07737057892735703, 0.18492238236203443, -0.4360043747116292, 0.5376318916303008, -0.19167410014009512, 0.01390349203591966, -0.5851669894406419, -0.08723313699852056, -0.019481154214272187, 0.1949131499226725, 0.34619859933082925, 0.3847222111403877, 0.7316435305573047, 0.42249866419010407, -0.08823090319984024, -0.06082962964745907, -0.0013819309500867972]"
"[0.604904737120368, 3.119322904161623, 0.6108211492939809, 1.852341459676629, 1.1690142480804968, 1.9379707296221043, -0.7703590656469572, 0.3789427845315945, 0.27422436382018245, -0.7414302138708523, -0.3667387574894128, -0.23588818451282548, -2.0909128142693496, -0.16923243815944666, 0.15064075159795542, 0.7932636556584147, -0.10641793692378858, 0.14845021617740586, -0.18514120776563928, -0.9586461897758571, -1.156892323124941, -0.5660024039614676, -0.36859589838691587, 0.06265762422251622, -0.12233675203940712, 0.39932362745811795, -1.0895229931284922, -0.6417958920053238, -0.09978535413909334, -0.04191549837666874, -0.0977250106049449, -0.9755384510184653, -0.5981921429439663, 0.12467017059769697, 0.2837471935939627, -0.16610253108862252, -0.3819690308234595, 0.46974066254462216, 0.019537851681235435, -0.4664092412179696]","[3.0978099765382927, 1.010291704541706, -0.07467170700273149, 1.2500184579251137, -1.0492486720463277, 0.799718065004137, -1.0965148971113465, -0.5622962077885971, -0.3363601755961658, 1.9063319218273256, 0.5979397832289293, 0.2380878943783287, 0.8494641848305741, -0.32516293201037066, 0.0890492970742398, 0.237673603111255, 0.5469885481444977, 0.14647243165998267, 0.012011237401930932, -0.43374203614838536, 0.4836832317857362, -0.5407161353487066, -0.10948060747691996, 0.617461618535129, -0.21132357353196438, -0.30811403622581757, 0.3426758667191934, 0.20310186587674534, -0.29561269540945617, -0.29331405041964226, 0.4214680263708267, -0.15941969259060867, -0.4014243627386451, -0.49343777035591035, 0.2583011961887835, -0.33811695204952336, 0.11855387879231268, -0.11732435981719164, -0.24547205063877775, -0.14393803849134715]"
"[-2.8088387912953987, 1.6522862967519296, -1.0397413820417334, 0.41308088132158244, -2.382027516175058, -0.13468750535751592, -0.8816400026864073, 0.9767227880959211, 0.44720166027044156, -1.2039939644267168, -0.25803440038151626, 2.1202331223230426, -1.3502572037638572, -0.18555958323822458, 0.7765615113734894, -2.3184547562310476, -0.1757524582205822, -0.6327821525013823, -0.3934704835097881, -1.2442561493901085, -0.55146259417947, 0.153998386440495, -0.0678473241968349, -0.12936658274372403, 0.45355925462692576, 0.47816788150498046, -0.8769319678942038, -0.8835633497809587, 0.6991476745400526, 0.7060014232803205, -0.5583667262081005, 0.45489728753467384, -0.4809168991288528, 1.5114541568014983, -0.2980614875046786, -0.2552029313655865, 0.283916377588141, -0.29166813885760245, 0.12822100783437318, 1.1569419704436268]","[-1.7115156823077058, -1.5072917198908062, 0.963197445620385, 0.9872990143672329, -0.1394397650159371, -1.213998584604858, 0.527496416626766, 1.2111849474911665, 0.47852691887516563, 0.5388178081232834, 0.08103179942687014, -0.6833071360172756, -0.3182597275166809, 0.3143362723929275, -0.11470818625985418, -0.24656692462766625, -0.5313185748465278, 0.30627770646329167, -0.8795287511367154, -0.051711884936637316, -0.77515666366798, -0.01730568651249182, -0.19310690097855446, -0.4311720302095865, 0.020247224077141007, -1.0031371829858768, -0.4901181397043158, 0.2278591337220876, -0.35569329643954734, -1.2595903544960996, 0.036566640443967915, 0.9144617906851802, 0.47213630916894994, -0.21377851845557672, -0.5703038968716805, -0.19463843484917823, 0.6368307340397792, 0.387560677757025, 0.7301228199603127, -0.3914878986195023]"
"[-1.1120760419762015, -2.0519139682048184, 2.9203983528004103, -1.441996888329921, 0.6407271842705475, -1.378427805324331, -0.7036071838723105, -0.09604170879706037, -1.757624893418904, 0.426201915196637, -0.0857430116565344, -0.31218039904455985, -0.5876958161542374, 0.9480152203492542, -0.22760473250393587, -0.06858582968690473, -0.33222059501362866, 0.6430654771766651, -0.24881536487207992, 0.17488624786342888, -0.8781292274902208, -0.1257240174853265, -0.09177180954370359, 0.5036416887254886, -0.5449313570926766, -0.23304847439596996, 0.07348435159338358, 0.42314458303739005, 1.5794973403906598, 0.8889607755090256, -0.12390304876510994, 0.5426444820499311, -0.34763046497411265, -0.1252056586761202, 0.02107361960533329, 1.145633724371412, 0.42453781568196475, 0.18155333502078178, -0.12242440423399921, -0.34791423753372885]","[0.9535772327706816, -2.1149731649393324, -0.002537707231837487, 0.37142804652321054, -1.0270920838207143, -0.6897647101596508, 0.24119539070642287, -0.845096156567594, -0.5790355261108814, -0.19772887343860615, -0.9458151842834173, -0.31361602186713183, 0.4686928098021869, 0.3160625445425382, -0.3215800091251891, 0.5596149755864996, -0.3645986517039775, 0.13657696438326458, -0.13720064553179548, 0.2813367265350612, -0.17118243778013956, 0.5656469787119526, -0.4180831571537581, -0.04193875288552045, -0.45126286083579553, -0.29690401261355515, 0.2715074982456839, 0.7585735682554808, -0.25581856978910844, 0.7220651219372543, 0.40482308571601505, 0.7847146670510592, -0.7160540295001613, -0.4562882133883022, 1.3628931720388446, 0.1384087002514909, -0.004533524587490398, 0.10842650229748473, -0.6753752041721175, 0.27590450186764065]"
"[0.16435225354679073, 0.8600476272993529, 2.399752371912583, 0.4693325153325354, -0.5744679517144674, -1.015844664370652, -0.14671322514177826, -0.0744766007813817, -0.581754572299006, 1.0414007980674058, -0.5668376445351947, -1.010095793339094, 0.8398744989760247, -1.148087038090523, 2.4597780368152455, 0.17449753887674987, -0.3119768252040242, -2.1007358147640285, -0.8110694678870884, 0.13857225541227156, 0.6909699134844408, 0.8609099413427451, -0.6053234426815475, -0.5956582788812942, -0.5612811190966972, 0.035320993791201134, 0.3680899568258963, -0.0843221416901093, -0.6603754704591581, -1.0316652034979168, 0.05103725115860397, -0.10499795189808107, 0.16384622523060174, -0.24215562101538465, 0.7474746513452002, -0.44352825947886376, 0.2423943230381163, 0.22542450365020616, -0.3535323113536401, -0.17015662153537203]","[1.2429856236350416, 1.8724362647229795, 0.8453929300051777, -0.9183920984425973, -0.22506487881961024, 0.9948258996593533, 0.6904239936319074, 1.3729606396642984, -1.024263120983669, -0.027332814080576754, 0.09460737243563114, 0.32641233303712663, 0.33873007812706724, 0.05623369711747674, -0.8455383479311536, 0.5644638727045628, 0.03559300931054667, -1.0788431166468886, -0.19649952252511413, 0.4276323626067739, -0.20622513121611544, -0.3620376945509628, -0.07293581354800312, -0.017125131187986115, 0.02901793897166614, -0.44637150362332956, -0.6406252769156612, -0.2465089414320489, 0.02712814682895243, -0.16265329915729443, 0.002808724180195742, 0.1569164072262814, -0.4615795767894828, 0.7159327675922038, -0.12985783692575245, 0.052867203147955184, 0.4132169763232057, -0.30792459612081413, 0.05888559995932389, -0.28960796813475853]"
"[1.9616968799399088, 2.8193668623143857, -0.418005254838956, 0.33770063156764435, 1.2415531671862272, 1.2838846071048324, -1.4377241949715052, -0.2271307086098988, -0.6616874267334792, -0.848569138451404, -0.039929232275285886, -1.7319974507424714, 0.11859963320495537, 0.5706344719254591, -0.5674551875925116, -0.06825016365887569, 1.0728959566973217, 1.3750931268749074, 0.15340593877282888, -0.3140495143314742, -0.12534293548340833, -0.8060480302478591, -0.06808713576646716, -0.12025784111191387, -0.11830017711916468, 0.687359733907925, -0.6463044763225103, -0.025982040805588757, 0.3850602333425972, 0.13140377288083402, 0.8028796132664135, 0.1261602967466522, -0.5829417531959733, 0.609550561653974, 0.39032479886559956, -0.02151402254259091, 0.19130243901810132, 0.01183206431225299, 0.5528178305900391, 0.15349280934636722]","[1.6652646036391492, 1.2166389278783365, 2.205425912218945, -0.8212538945881656, 0.1716669648583431, 1.2328713949171213, 0.652618877177948, 1.16515464145182, -0.5543276743252612, -0.6950146234158199, 0.42569251028864596, 0.48288337470171777, 0.8696399744416443, -0.01585184818479086, 0.2408621136060366, 0.7089981153017936, 0.16514764750011676, -0.6980026721990527, 0.1042501285069705, 0.28035496657995634, 0.13438633338167846, 0.11282376674102094, 0.1666861582389568, 0.001618620727658627, 0.272995442842853, -0.56049221691065, 0.25968691173730346, -0.8324852177914069, -0.6469316524858963, -0.07406003879351122, -0.06615685256205989, 0.08256237346038398, -0.30793436198153645, 0.41195358294782647, -0.1751877874838852, -0.2837781224823873, 0.3587371139794641, -0.3451289199445993, -0.2478695967529656, -0.3873178942347466]"
"[-2.2170595133647284, 0.267038128389041, 2.178785928399089, 0.8822120224986261, 1.9008678735871674, 1.4318886060215126, 0.046997128296716685, -0.23630482961582527, 0.20292760228178494, -0.5027049367148203, -0.5579229936031456, -0.0006353232300835302, -0.6816608022095706, 1.1188647714413789, 0.4881365169447158, -0.09891434970508294, -0.40785045729924985, 0.34138831523190016, 0.8248467182862758, 0.14577682196976935, -0.5786519862630274, -0.30758459964316576, -0.7656458284309211, -0.09098469475090587, -0.49648217343591833, -0.7502186524065602, 0.5790608027586058, 0.4414839432790592, 0.11835977185852928, -0.10333059642819141, 0.24407666513844584, 0.7327564120749168, 1.690280625618556, -0.3589577079236334, 1.1570247797845499, 0.7367126061352391, 0.2771007785804696, -0.20955222002756962, 0.3769931146022025, -0.14701511215430915]","[-5.397109417178575, 1.0288947904557677, -0.6725815475132936, -0.0443631263614155, -1.0757025487430858, -0.8090987084314951, -0.8106968874325153, 0.18109821033997914, -0.9099150985309041, -0.2714933792002767, 0.7931729570593611, -0.33359181068916205, 0.1636135112051419, 0.795349656367465, -0.7531724545681251, -0.26728908640734894, 0.8607349067573563, -0.8324187915978137, -0.014809401984596151, 0.4696195262697337, 0.5990317589517403, -0.7094063205354849, 0.27802473611676437, 0.4457539170301665, 0.816739230103318, 0.899723305378113, 0.9936648543516143, -0.3055791646351615, 0.7011892153487275, 1.0102582731444703, 0.2594702727896087, 0.48811214882117293, 0.5189257540741077, -0.16903019572270095, -0.8366767941814558, 0.65891759444013, -0.03641181227757218, 0.5266333848826319, 0.6880210761795473, -0.26981618330954066]"
"[1.7399896236369146, 3.0679199602252316, -1.5892902238738142, 0.726841267307713, 0.3059484563350458, 0.2566821533168362, -1.8681438053475414, 0.2616675401594656, -0.47802524916203676, -0.8436238618328166, 0.6197726005700394, 0.5911626805943346, 1.0523142870598103, 1.153234443737284, -0.3940613043794116, -0.10297864845035778, 0.030605366935054817, -0.4856458963654259, -0.23337192250621883, -0.3730866603555647, 0.26936443799457993, 0.32614169200580945, -0.17621427304825735, 0.18989494256683492, -0.9758691915183948, -0.7903452112369896, -0.005327455928746431, 0.10015820866506372, -0.032466473959252985, 0.708002811973112, 0.9338509348488052, -0.6311816293340801, -0.18656050898973672, -0.19179486429797385, -0.005153379179600742, 0.2516319195858015, -0.3442901689813396, -0.2850626293761652, 0.11227830757015644, -0.24165965000166556]","[-0.12514091207498718, -0.6153476088409157, 2.3982617169930647, -0.5932164271431342, 0.9491190763317359, 0.5744515272227866, -0.31263414632332553, 1.2004137198983402, -0.48968385805711606, -0.30269514963482774, -1.134535528148039, 0.10006401842771336, -0.7001102708219987, 0.27711509320079375, -0.8909936845485699, -0.8065652481646779, 0.8009835526057291, 0.09948679379092239, 0.31320457742046137, 0.49399906304830804, -0.06578624937584811, -0.18982853022648916, -0.2808482493363855, -0.30661573149328114, 0.14260855330354918, 0.09940658075392744, -0.4807811488448621, -0.29154861925347797, 0.3118258948495882, 0.3090198790766136, 0.65495694300233, -0.12380080453007027, -0.18794612098320787, -1.2280534683105238, 0.5724139520972443, 0.10258207568148471, 0.5013065123538244, -0.23787318023647785, 0.0727484294074776, 0.01699730275937933]"
"[2.9269662094518596, 1.6854027184576938, 0.6148790461271457, 1.1979192858215182, -0.851282871181729, -1.1695176010305708, -0.21112204652148336, -0.9901680061027663, -0.38551349003331215, -0.17239590429722296, 0.6208370785249422, -0.6157030588893818, -0.6742780308345604, 0.21269852353407329, 0.24205817031622873, -0.6495663023442029, 1.420803506805797, -0.18688172167530087, 0.009780154925393412, 0.48201583345180693, -0.36915219267894106, -0.7406223883859272, -0.047083057076959936, 1.2529621211759645, 0.1691261917372425, -0.1809515994037067, 1.4357764711003391, 1.0640896616618096, -0.6771195479430097, 0.7318205703727036, -0.6218467371966123, 0.15419474847339806, -0.5588836634156579, -0.31332952790616625, 0.08150405937146527, -0.43075848844985504, 0.13858258553081323, -0.049538684857593974, -0.6032995573310485, -0.14667597430335635]","[0.17155062445922997, 1.6305520515381646, -0.0627894340356338, -1.2559047722378476, 0.5706424111257778, 0.20535235854860026, -0.30487966477636963, -0.5061251881686322, -0.9305477302194304, -0.004611381492161185, -0.7415734549357241, -0.3282557517826248, 0.15177479463789256, 0.6826959801371313, 0.26726247105847334, -0.35288682950975775, 0.05184830485987487, 0.5926172218355898, 0.2501041620493247, -0.005294971942921579, -0.24022172685214213, -0.7857411883132043, 0.4811460234437756, -0.1943260626576633, 0.6110631668402257, 0.20927482513587647, -0.35746554419140747, 0.30449104574190083, 0.40244089993943766, -0.14040709303219265, -0.42633872325168787, -0.18876211729827508, 0.3383540800607197, -0.26987064097497526, 0.38735363340069523, 0.3727552744561918, -0.09101139970695268, 0.5290126574326277, -0.3256335600292508, -0.1909708260370566]"
"[0.6932305198277985, -2.0138400325270682, 3.6082763154387996, -0.12781106892563154, -0.35759884645361745, 0.1555914647842187, -0.030329578362603832, 0.34073890627281805, -1.5942230856409523, -0.3413971185141027, 1.762069721025958, -0.11876242712125668, -0.297409392882867, 0.2466062299492114, 0.22518212689208905, -0.5762874292885576, 1.7929571455593243, -0.48414753326028026, 0.8267388448079317, -0.6415096325356225, -0.13586288924309128, 0.6313653747947863, -0.2551772656970805, 0.7127263737450329, 0.606052103879978, -0.46449125002643843, 0.9245193338163981, -0.23219827394723988, -0.5415244996651962, -0.14621379317075775, 0.12975660684801024, -2.0326593953116943, -0.16088775052159995, -0.27573108721651, 0.426647492655704, -1.2904253132239565, 0.5800299326990715, -0.2653446810843992, 0.4805511023375591, 1.294603445580134]","[1.251056226177354, -2.6080191485549444, -0.6164145503027719, 0.014155510583110995, -0.48783476495831507, 0.21518679568412574, -0.44094680055080565, -0.8800459852216965, -0.9231258236140288, 0.3404640116909112, 0.5401564049719494, -0.11189992731113091, -0.07797058498897556, 0.9095429124786271, 0.2157016197212961, -0.7364060396619215, 0.4582832576429458, -0.34129011918120333, -0.06225588061229376, 0.298174144055056, 0.7158435892385696, 0.5384601163219731, -0.5651573744694962, -0.0818109957955411, -0.06461787406125614, -0.6536124990863522, 0.12050574709642606, 0.59788243814631, 0.6316763420567406, -0.24297681411414135, 0.019261050196778717, 0.45168180454602885, -0.13260572055028333, -0.6795696553103403, -1.0190607227769308, 1.0286918770841542, -0.3040516877166677, -0.16862092459144173, -0.46800226368314557, 0.2548861995085035]"
"[2.3769976777123407, 2.845538703992504, -1.2117843576140384, 0.9801175569656626, 0.9656491112650605, -0.7091644236917334, -1.0151315261837492, 0.7222156378866114, 0.012368966945805967, 0.20364529747661006, 0.34619200141625917, 0.5728424128610081, -0.8073425042210975, 0.8721328366379133, -0.5793117646150481, 0.5243413304871822, -0.35927168868146336, 0.1618641450894127, -0.8026330184710351, -0.8406876794314662, -1.0606720686567432, -0.04590517290282044, -0.7838596523380447, 0.5198963433976264, 0.16221711285939147, 0.5728262915111239, -1.486678485909887, 0.2911355300185389, -0.22084189934158965, -1.319241018340847, 0.1690595395345659, -0.08475455731570504, 0.3117589384728198, 0.34072290247089937, -0.07210869892555057, -0.40255813491593606, 0.7063559378837979, -0.10627784042867817, 0.2776079521705966, 0.5740622950542694]","[2.3305222078261973, 1.2531163654135997, 0.5461698579087513, 1.7312474400409013, -1.1328319403486902, 1.0466185229891223, -0.9479738313511848, -0.17133798464422698, -0.42470168399711555, 1.4558484588417182, 0.41403715479804787, 0.38971211484047086, -0.2237147010283699, -0.8127846561714368, 0.5265966597943811, 0.1966531366373591, -0.02317494576383332, 0.02597353046773095, 0.5287713760115157, -0.3308575291631552, 0.27868864031630924, -0.38057907936247237, 0.4179585191664043, 0.31505473792143734, 0.18704198916692746, 0.2996284474633501, 0.1861869267364612, -0.03793003328939793, 0.06737860477373503, 0.13256517382777167, 0.42178911552032566, -0.20141435074836814, -0.8159653707024902, 0.03950882921737541, -0.1287810920524675, -0.3022501756115095, -0.46580036480088655, 0.18739532822544797, -0.15496500354786966, 0.21841435644149682]"
"[-0.3390384483765353, 0.08242733322829093, -0.9453667338570386, -4.334663729253331, 1.443256972682378, 0.49514373397861344, -0.3974695367676053, -1.5366790295754325, 1.0895933919331613, 1.7937292443096013, -1.4534094581159072, -0.08619887946377826, -1.4210759208209984, -0.2477180694887847, -0.24515508956002424, -0.900705862994742, 1.2965393052754346, -0.8979919364826676, -0.5005111309343337, 0.10281476883066652, 0.39545780373005096, 0.41028088361964987, 0.6741273700692354, 0.4011037407170492, -0.20752130761154136, -0.05423887124121966, -1.204145291013282, 0.4636959566405481, 0.4013761161823666, 0.1329333584926602, -0.9072165594254067, 1.1060421153454123, 0.1768295587930304, -0.24965529845902823, -0.27822076294222803, -0.4111171494600031, -0.10878505024579135, -0.6269987084975224, 0.557787652801089, -0.5399331173657071]","[3.4489506891052466, -0.3565358145382797, -0.9791823950517435, 0.6320428425524152, 0.10912941663221196, 0.3245586234104169, 0.30004796658000293, -0.6721623915873643, 0.694285267425642, -0.6171380420608169, 0.5600774890108882, 0.8059664360176968, -1.409539845210734, -0.2822743094484895, -1.153980515778671, 0.106489376266034, 0.42327079298462433, 0.20389039437200762, -0.10257124315651539, 0.5076053857324566, 0.8982018682127422, 0.20749890415744324, -0.16621130820722008, 0.45104795433787326, -0.035112392954383266, -0.4569073042661218, -0.009945513049217137, -0.18949541635672335, -0.57639052021136, -0.2820739631885006, 0.06437411024737166, -0.5315030047758401, -0.1709657639197357, -0.07854068581930791, -0.6564853645373601, 0.8092692774067831, 0.07616183963933637, -0.1497955241923384, -0.07078458435282342, 0.07506210503509679]"
"[1.4050501771704802, -0.09364541088337472, -0.801293416337712, 0.25692847244795447, -0.7586283517061674, 2.4437934986796885, 0.22355875312356835, -0.1476541772386556, 0.3106736432071675, -0.7278354020738298, 1.1412329660775649, 1.7131982398201864, 0.15880729144548233, 0.7064728683587971, -0.9030277728795403, 0.5600370771246743, -0.11636875711930969, -0.7551066459197789, -1.253959416798653, -0.7647948282008871, -1.1829854415889307, -0.773430109074726, -0.2586547432673442, -1.382390829677351, -0.07002654155288887, 0.33165560513275366, -0.0328659737167949, 0.11476968821814926, -1.3733957545019584, 1.7548258676756199, -0.5037437406965385, 0.7176015153560672, -0.599586941238212, -0.4875753698916292, 0.21258944259248377, -0.13400691040706406, -0.33314816359725563, 0.7587627301389128, -0.4824394937826314, 0.7604890327889744]","[-0.20890118427314944, -0.5841293688619199, -0.20558509817057222, 0.33916536979920187, -0.4816967529541677, 0.7583098598497471, -0.43396494287462595, -0.8002609430941787, 0.46697825591390724, -0.4367701669898623, -0.015018955214537435, 0.22330921396709294, -0.7904958883935305, -1.5757123646346392, 0.08516660672402829, 1.072298413417349, -0.6086564032760812, 0.10469151871814293, 0.41151143531054335, -0.9501632797839961, -0.986887576165007, 0.5315286145022244, -0.20292664335462626, 0.8248714644589917, 1.100186663949624, 0.14042627087341064, -0.35727506234737644, 1.1492861753744297, -0.3700119587933979, 0.580023372990761, -0.45595087605995727, -0.24256340539371338, -0.7698751012099904, 0.3629522070336793, 0.7811946157201365, -0.49690495318033057, 0.24055913236773227, 0.5946591168979876, 0.20185764756505475, 0.32132092376459903]"
"[1.6952209479968001, 1.7062095101863832, -1.6652253333644962, -2.2075677975022248, 2.6273042712183914, -0.6674451950362865, -0.6722750358117001, -0.6412256857695998, -0.6358471771834217, 1.9085731415614118, 0.43587831955748485, -1.7916498406983015, 0.2994039516733422, 0.7636061002374124, 1.4995276202635899, -1.3116843060058376, -0.3916010976192254, -0.7342551511555299, -0.45071736834699566, 1.7850660231506292, -0.27366935454434327, 0.5751501682512281, 0.05999614868490624, -0.7627310216526495, 0.435058768954382, 0.19022824320073367, 0.328819922341765, -0.7648882937333616, 0.49569628631994883, 0.5518104336692233, -1.2134905900157444, 1.5466834133281664, 0.33542602607842503, -0.017699151548953403, -0.4113628470940541, -0.8719698391616755, 0.7189116482072684, 0.751825653276386, 0.7519617111686151, 1.2373294837930549]","[3.9419569574087765, 1.6125880806918607, -1.7928905235595216, -0.12158714873784886, 1.243408867291799, -1.7655758692217678, 0.022357976923064286, 0.6559935685786722, -0.16899995250598374, 0.41526508651835564, 0.12439076602844172, 0.49338444291230044, 0.11367412622559958, -0.4287482465979247, -0.7311252078004874, 0.19942719164825537, -0.10019703606205016, -0.1814694554791388, 0.03137029935114476, 0.11528890419831736, -0.16915540397810186, 0.3216278157106477, -0.14312446576979465, 0.21569877724976985, -0.028277740094401597, -0.05767969653331195, 0.10720294738480497, 0.19212129323752047, -0.12066408469577618, 0.06769968057733289, -0.11612830284469972, 0.07711793279866254, 0.10573142699026213, 0.11168056291896926, -0.24433616119542867, 0.1235247814532041, 0.16564887077444954, 0.007609773750150362, 0.05099092745820531, -0.022492778052492154]"
"[1.267055721541963, -0.9757306376222714, 1.6306666528106808, 0.974037659155679, -1.6031070904061113, 1.7613864926618512, 0.33170625418792715, -1.5365145951003205, 1.9054082934737608, 0.3355233097488193, 1.0587564548762574, 0.06817485411142392, -0.3159477700657404, 0.6785519247164902, -0.8098942108749264, 0.3536552123869469, -0.2755971398885359, -0.8729042377778132, -1.8639240159812518, -0.32228827698640683, -0.9104429755813248, -1.48551795142901, -0.36808415714100345, -1.1302598146444127, -1.1481872140151501, 0.48720787523575876, -0.35331585857223397, -0.5241532757603931, 0.3711559857186329, 0.447722384303173, 0.7598818115887549, -0.3616794652912758, 0.758316054323861, 0.6589086864425272, -0.07657575311739377, -0.9515753562568913, 0.27058572014959154, 0.4654929982814928, -0.3086247222587348, -0.16127781631894614]","[-2.4744091586609813, -0.9630394977828136, -0.09299669744389497, -0.3350475536341631, 0.26643273180781557, 0.07023877626658856, 0.6998443986167896, 0.37369960250888334, -1.2803892997579722, 1.6531228531339983, -0.6669412237013772, -0.6221694683073107, -1.349985762218322, 0.2131257645949209, -0.8142197282528968, 0.37174666901089976, -0.06857719299034366, 0.209622710953429, 0.1844076788715191, -0.43061771200400534, -0.9961809808758348, 0.43475487517329486, -0.07694651758025146, -0.0637939379331685, -0.19543644113752773, -0.9660395339813428, 0.30484803130631455, -0.40257167003342237, -0.10388120208057391, 0.17823660219936865, 0.9793042960465845, 0.06147950849934786, 1.1961922482592813, -0.17740336143001265, 0.7105645146537372, -0.7602260288015296, -0.34289204863063605, -0.01994349319163982, 0.5700144421343133, 0.29632226441152254]"
"[2.2767087761475757, 0.09446866518840741, -1.1307672285618575, 0.45449851155517546, 0.5935485844339518, -1.1941405100063798, 1.615509818164752, -0.7603431809052394, -0.0483942746567108, -0.4263002770030839, -0.9357887624414091, 1.0296907495669507, 0.29355353318230537, 1.3616243408897701, 0.6212805007545119, 0.9149513212620115, 1.4018295882781553, -1.1455658783468152, -0.0011287512592889017, 0.6883762152131112, -0.9392021848706231, -0.5027248724166211, -1.2763800300299324, -0.3042722457416519, 0.023312604575163893, 0.7525326912580376, 0.2207199376173438, 1.2973187191021043, -0.05579671446258605, 0.7639967817459056, 0.16660754788102647, 0.18539233860722593, -1.2625828192933453, -0.3380638430720373, 0.6733744182956664, -0.14684133926389262, -0.2561340044507622, 0.8375276915436227, 0.22689271772493894, 1.0040470956673362]","[0.5943387864330103, 1.636140508472918, -0.3712652417713595, 1.2643315880068688, 0.8541973566532505, 0.9132551440104277, 1.2470841389461371, -0.21168735200897154, 0.9018862446624791, 0.10886240436274755, 0.11588272500056025, -0.9131843345316417, 0.27228070693476175, -0.9334389560244589, 0.4529195485434354, -0.5233053430280373, -0.7119059440799969, 0.7316375469473771, -0.7170731133145753, 0.2642844146373399, -0.08797200717800976, 0.3600174591438097, -0.25396611206013436, -0.23173744761162435, 0.333730911433516, 1.0760929482394859, 0.05010832198771952, -0.19302758590853109, 0.19738114093677844, -0.08124852955720496, -0.047276922533513545, -0.06114009857296888, -0.8472897634328356, -0.01602309598810545, 0.18120448132878514, -0.19253367989276357, -0.0844593899464037, 0.32179986368547736, -0.7707880027960028, -0.05099447917267058]"
"[-0.8791829069689548, 0.7405941551891365, -0.3944636629967509, -1.0093828797639721, -0.16606002130998215, 0.4621006407244582, -2.6971110656905166, 0.5495546032249923, -1.3534056357930053, 0.6205345162014784, -1.2281259189650038, 0.13462075800422177, 0.006732463625673801, 1.420733376875508, -1.729284441475767, 0.6101599659061689, -0.6084307534373528, -0.964515400550951, 1.4403168394027774, 0.5468843891015375, -0.3702323911186241, -0.1896424947983036, 0.07559656275612943, -1.1547842415706047, 0.22739125250255698, 0.815546884716814, -0.10889081393239092, -0.659380181124446, -0.46650823014068676, -0.501862483402625, -0.5803244701518354, -0.07875938458519509, 0.3810054340391176, 0.050621620681692334, -0.8439899605488795, 0.6394710106649261, 0.03445108691784034, -0.3857286501781294, 0.07339436801211413, -0.12653553841494253]","[2.6471062537134826, 1.1692286162066527, 0.35241243101492803, -1.3472695174025497, -0.15871964245587125, -0.4568140619916398, 0.03902684321697589, -1.8289590461358034, 0.08388467958462599, -0.5095514275892284, 0.27699730296754393, -0.09558352809523264, 0.09304796825762279, 0.7547904184944749, 0.33697222132442284, 0.20666677239868536, -0.23334108728945743, 0.7081457912600347, -0.46281889952113964, -0.32190029878258836, 0.17299026028818074, -0.8842488008077262, -0.153626153513225, -0.13985538237014553, 0.2973639585395179, 0.10599309022409292, 0.747029165752229, 0.6000151215870694, 0.33950581008706565, 0.3011269634297706, 0.17013448537399908, -0.14099529685131285, -0.16724034965513512, -0.6680401729246637, -0.297660597913183, 0.029721657119504623, -1.1329985326857932, 0.07496867230291245, 0.13407216994357116, -0.2063094846546985]"
"[1.2277033308507828, 2.6159472657021725, -1.7794860920344828, 0.09849423240095193, 0.9428985145378163, -1.2413037903943012, -0.8773182747207673, 0.5490621264204993, -1.1706377285945262, -0.6609006225871805, -0.1154955360677839, -0.0009670526277156125, 1.9042067892403207, 1.4514073907040221, 0.16311601128998685, 0.25714157902620205, -0.5523763938924372, -1.056986365798454, 0.1355992719507695, 0.0922715403345718, -0.7865893905015778, 0.5482175726217272, 0.04629620824468792, 0.8652498805476965, -0.22427491323638205, -0.5055226799506832, 0.38924029660875553, 0.8998537566284558, -0.5178327310910422, 0.3092358670071234, 1.1022908512596263, -0.7519410805531507, -0.28181898197997196, -0.2947378519091379, -0.35522221313428015, 0.4030165592826435, -0.42327775614581753, -0.021813459150768343, 0.08050763764101987, -0.1472656297500341]","[2.47967820987261, -3.0652545958093853, 0.32933693299708516, -0.6793918859920449, 0.018656585218428785, 0.16507570120753315, 0.19088013714700874, -0.4768072728120754, 0.709811715588954, -0.38534584465034644, 0.6073792123015948, 0.08413328247178949, 0.4731905076188927, -0.375976321374997, 0.4388202690134265, -0.8966427559285173, -0.45201532077257245, -0.6804983494617364, -0.2291038527207979, 0.8641110474056666, -0.18305576215390137, -0.19601845852469532, -0.2842603841056558, 1.0615397560881679, -0.44625829701269304, 0.4627037042439093, -0.161989840966133, 1.0409004733883875, -0.5323038327936405, -0.05689081086859954, -0.213237750794927, -0.9468617206488402, -0.16181560096683428, 0.56167660356031, -0.030263223506510128, 0.7350695130448519, 0.5531013482783511, -0.05152132901933611, 0.780459431280289, 1.3963032829202113]"
"[1.3842153313468948, -3.0021595285555973, 1.9967804601529764, 0.05917799810615449, -0.2747534731494325, -1.9935822018497609, -1.159432919024529, 1.2651471623372652, 0.648365481608572, 0.010631963751098582, 0.14474557887705033, -0.49334472505180665, -1.3929360107967343, -1.454453195004094, -0.13362007331656212, -0.16467402694912553, -0.1060897025898598, 1.5102172848549706, -0.35771274977022033, 0.9145486102400963, -0.22963684843785537, 0.6806103278770057, 1.3684853775945909, -1.00963017669697, 0.4674415718270081, 0.4662890763171056, -0.5937090173950283, 0.1154034767541292, -0.015197793679580839, 0.20457814988776782, 0.476598317914221, 0.6622280703239931, -1.0994573715435152, -0.4189597295722326, -1.156479962691431, -0.6728400869730035, -1.3086166943080593, 0.39413743610030794, 0.4393543563816398, -0.13182441781712892]","[-1.1282904033893055, 0.49573559124715644, 1.1577070381075367, 0.18439413192108076, -0.5050423261256404, -0.34088087560287544, -2.114899193801715, 0.027578510294787795, 0.34146688702221034, -0.8009662477367729, -1.0140696326790988, 0.05211304753998873, -0.2185880528713275, 0.6623775128434167, 0.08068733570858107, -0.7883826764263779, 0.25704939323692744, 0.7161391622473771, 0.02475038601329551, 0.42912121787535457, -0.5157988175956432, 0.5615441906289916, 0.8832579695520255, -0.31873723772366047, -0.528510988258557, -0.40398297401373456, -0.30928745485054143, 0.3764940246461615, -0.5411547327864787, -1.0263711985818282, -0.4227696472797698, 0.34093654288837444, 0.06470679526178925, 0.3725920518210846, 0.05451697381446222, 0.5210062802451568, -0.24577065005969215, -0.5546609381107207, 0.04395246306283594, 0.06651085105938874]"
"[-1.6268874448857036, 1.9601382418525102, 2.3302532755000844, -0.5572974233791144, -0.6858380214731059, 0.9751258812555189, 0.8547732134042498, -0.6320173663820892, 1.3698470747670657, 0.24221508932684535, -0.27146236374470917, 1.3437629187602291, 1.0214228594381631, 0.07328308698461714, -0.7535615436213989, 1.2500953160077835, 0.5049504216504855, 0.5528983513803151, -0.4083362591124508, 0.3611972263325172, 0.04089957607877802, 0.8689522746211672, -1.3134914575022565, -0.6602466209997927, 0.3194951678115101, 0.39231483038946335, 0.13214990728827758, 0.5578954749911541, -0.5543423565679817, -0.2639688349040251, 0.8599819079007947, 0.6217938112884475, 0.9328714476372668, -0.46676819590046886, 0.2749753674847054, -0.6829524365584261, -0.5426475682176543, -0.43942323679706197, 0.14507717604585404, -0.44906059637269496]","[-3.655385177606508, 1.907951753841394, 0.9712837362467408, -0.44457928065629854, -1.8968276439832132, -0.4340223951315975, 1.158568579547088, 0.3533920841416549, 0.06872629370103144, -0.051241591756818035, 0.6445973708706161, 0.13631339615743182, -0.6408903165019905, -0.05876348745091103, -0.5503144234145084, 0.43329968020752474, 0.6843839776743021, -0.22528960328624167, -0.09280884398255353, 0.03961675932471028, 0.3687702730623723, 0.8199314169590006, -0.6990168113087895, -0.061771969160658836, -0.9627018756962223, 0.5280474536594011, 0.9114715458664664, 0.02127561054744579, 0.520819598847982, 0.2395367529903948, -0.6995623437176608, -1.173608901670893, 0.4921884130315751, 1.2299460846577412, 0.8000118085979399, -0.5433141050037558, -0.012310095845501197, 0.3049669647649194, 0.522869186723401, 0.0279957280802897]"
"[2.2078330618416593, 1.6462229772816728, -0.7306099737824908, 0.4825717220712506, 0.11294740433357969, 0.008158973707967865, 1.362973516575939, 1.0781229575017548, -1.041844982495564, -0.7844788837869566, -0.39668125011653244, 1.4290838547244775, 0.3481487569778933, -0.32228002802578176, -0.985043662467919, 0.58012578434155, -1.2064627218257176, 0.15255301796410933, -1.0992213769836814, -0.21681019983201716, -0.7632688137705942, -0.12630091744610839, 0.2653044849644494, 0.4906873811482388, 1.141549527220396, 0.6858163182477761, 1.211229133078678, 0.46202059365366166, 0.5125866304319512, 0.3746428780679575, -0.6178658352850751, -0.14813974753401968, -1.6312461349911396, 1.0186660078942515, -0.198452209024855, 0.5116967194869293, -0.4219337010504408, -0.47571181941683516, -0.03080222506715619, 0.21105553620565803]","[1.8048053711098737, 2.148419735039375, -1.0049767838812314, 1.351510767692246, 0.7154694090058037, 0.9016146683951788, 0.5540190828216685, 0.7150550513444727, 0.08966242511056985, 0.018061315285378823, -0.9205282418581398, -1.2632387188636687, -1.0124104341127198, 0.46051544871141836, 0.11041811382274364, 0.18674320242567574, 0.41688699926871897, -0.4662870127068442, 0.24766405066924993, 0.9290925071120044, -0.26916663510604555, 0.7763433211327556, 0.18501278295841234, 0.3115550524080127, -0.1299702933974819, 0.18656908295777544, -0.47548895204355235, -0.24775407729394458, -0.5474888708620347, 0.35204049683086375, -0.0852826471936686, 0.16326873432523947, -0.3898842182454084, -0.07773702283010034, -0.39290219485395766, -0.12884912884039953, -0.5245596654192249, -0.0457238846098041, 0.08698936072447136, 0.4512439628541438]"
"[-4.371453192789022, 1.0506284915628745, -1.1482532473405116, 0.009424825469781815, -2.0174942488603786, -0.36816688833284933, -0.030826306999866507, -1.3196010090780994, -1.4576727650019488, -1.0941486527451971, 0.30272468161899924, 0.5699681691612575, 1.13141325460026, -0.3315514921840809, 1.0805433083227884, 1.6622874191438697, 0.38292096543248, 1.3239004509728165, -0.6213149600097929, 0.6604891884811892, 0.8334782446501261, -0.11840904108744006, 0.8808734179046185, -0.03306424363414827, 0.7975109173483587, 0.33068043109394424, -0.43697492751741185, 0.12488579952528005, -0.1705269178572356, -0.7727378342794206, -1.2086059415086405, -0.5937066656246617, -0.6068271689636947, -0.3979062198065106, -0.22137152226307874, 0.08766490604934388, 0.4063070759430293, -0.010312046621658544, 0.8559841424980937, -0.2782919536465751]","[1.041779031521945, 1.5841999196741268, -0.9510896284801923, 2.1224451206738646, -0.20292907377996522, 0.26731530317134206, -0.12190225042770146, 0.8999715036233724, 0.2600297629036668, -0.6194054188878271, 0.12910901748801437, -1.6045376297449785, 0.4588314862988427, 0.15971356988986252, 0.40647543817283416, 0.233836470190786, 0.20315989781619626, -0.17163143863366628, 0.44622140641142505, 0.7729094593873945, -0.4801044911243475, 0.16174820272781462, -0.1620360641184286, -0.6762896520247051, 0.10133928901176215, 0.3492986271525023, -0.09991599227839101, -0.21447682466937162, -0.3255293102598824, -0.29909145802244896, 0.19871926146101232, 0.25185774226209, -0.1696742823487494, -0.5251381147679121, -0.29930922244466335, 0.3105431088378867, -0.6283825193160114, -0.33552936969451413, -0.6136945847283893, 0.3079934471860019]"
"[4.245043424014467, -0.2536031745257647, -1.1138711004616388, 0.9926671534445536, 2.139692756932852, -3.421304927862912, -0.33897059717957284, -0.5143329800142383, 0.8374002565606461, -0.2223025972315277, 1.8708972847525702, 1.3487762905477216, -0.5986784422526372, 0.6741687925614841, -1.0513152657377887, 0.27321972788921445, 0.25725390768582085, -0.11776550643348133, -0.4241977608252754, 0.35444716598880743, -0.7067048886579809, -0.3114912133864637, -0.7533030077555131, -0.5741374299082831, 0.09596301134572648, 0.05728812495595385, 0.4441814550289999, -0.7609070536162947, 0.5228909034683604, -0.38793226714144236, -0.32041361413108066, -0.4302980418341044, 0.2259377300931816, 0.09285000325997711, 0.44911664854271816, -0.3495330534771039, -0.5845519050537392, 0.17924572075317355, 0.022061562054474213, -0.7627995067096417]","[1.658692852199562, 0.9238201725682005, 1.9179645335810664, -1.1019123125951242, -0.9664924325445913, 0.74668395603929, 0.6561841349205363, 0.8312502902053144, 0.7340496443922262, -0.2849278529812281, -0.21705558731544547, 0.7779057536995756, 0.0779085375557879, -0.7935682189449412, -0.2918986145513601, -0.08029048253855446, 0.2826070858377302, 0.7009483314713848, -0.03541160528380531, 0.7531296967775832, 0.035906064704676006, 0.7711001412388779, -0.11465229829594649, -0.18432799505659875, 0.8314708260370306, -0.507542724429201, 0.14909967763290546, 0.23036775384021896, 0.36917842000420403, -0.06062502806631797, 0.27312187219499867, -0.1620350567438673, 0.06126307079255443, -0.41779262751251517, -0.22748911359771662, -0.10716888523179721, -0.0944462858782232, 0.016562842101903216, 0.33991534827812375, -0.19742742210781208]"
"[-1.519232352677961, 0.7352171822166008, 2.1372136565973388, 1.4612340985532737, 2.3402934405810933, 0.3217180374559258, 0.6371870107636681, 0.5275779158334516, 0.19373989690605678, -0.0039193858015445174, -0.4417503165804118, -0.5508335280706835, -1.8586776752298448, 0.44991430515858716, 0.6093328043715982, 1.6902606043062391, 0.5083228472227789, -0.11451527188582564, 0.27930475311953085, -0.12103379629633934, 0.6259733268469388, -0.17868215229450765, -0.49567296965006147, -0.00488875985433883, -0.6688452358836099, -0.5584541234991145, -0.1798445551218407, -0.19872162805593377, 1.1238444558900413, 0.123322238861305, 0.18988853798462954, 0.17152809939741903, -0.25723982287007924, 0.08848286762264246, -0.33076962306669727, 0.7392846531751055, 0.10293053600351611, -0.21301388202994714, -0.15589611083936458, -0.2083192983478007]","[-2.257114002257683, -0.5861563875574101, 0.03923995752429781, -7.440498117905393e-05, 0.4599011437672504, -0.23851152850203633, 0.030873644860992904, 1.764346960945559, -1.219435917446912, 0.24693309724659349, 0.6586959163321828, -0.8026691022909487, -0.5723983313088291, 0.059838890505463205, 0.012243661329507544, -0.9677230129805534, 0.48240300942753706, 0.8053751961308744, -0.40111551846376675, 0.05596920979158473, 0.49778449807188097, -0.535593737044934, 0.11611923628953405, 0.3057060673841612, 1.6560257860852958, -0.032462502654605936, 0.5491105275550029, 0.21384150107860322, 0.930744399492505, 0.49437757801699705, 0.71882399337626, 0.0692523371794496, 0.499347317153193, -0.33251317556507703, -0.4394492518912515, -0.564327692937143, -0.021292389440814047, -0.07467258905081672, 0.33173275708270833, 0.45798123219103626]"
"[2.430513144520816, -0.14971217708113918, -2.151464318229494, -1.2006426149934966, -0.6415196863773954, 0.5789183724889301, -0.26327852636386195, 2.3566994164666997, 0.5497476139121505, 0.11080976547808363, -0.1589607051420299, -0.2236056670313973, 0.17997692706884885, 1.1124442779688757, 1.7692406366238866, -0.38254756851878763, 1.8967202913143535, 0.8334092879521419, 1.263935476520375, 1.5642635166996122, 0.6276277393632201, -1.3099740188966194, -0.658974307851209, 0.5252044570220217, 0.3414920888671897, 0.21444129305515122, 0.05087215549156708, 0.9637443622733209, -0.4564244118293289, 0.32697474825361356, -0.27459139526493465, 0.14800693048637564, -0.13212117123249958, -0.7537641718843685, 0.07119855862268801, 0.16515745770253656, 0.1673517338232072, 0.04482824940380873, -0.5187817902345405, -0.9593741268763077]","[2.8167303227369977, 1.2242863469949818, -1.6478758309873698, -0.2632475699912537, 0.9018031884558082, -1.5113312477657292, -0.08157557471660296, 0.22522144243710066, 0.07179155512776537, 0.7101430863473566, 0.45129612711861367, 0.5356828684064593, 0.41171365587797293, -0.2560460349269809, -0.7785562002933978, 0.16772763160773022, -0.02078235904735836, -0.41366204479375546, 0.035759418960813506, 0.22367720514612852, -0.5631356702852446, 0.27194235093803204, 0.018095809137654847, 0.2971436279052127, -0.19554203080012372, -0.01197884944043345, -0.2797673198684516, 0.06981811750875597, 0.08335484335885972, -0.06820051400280698, 0.18999567211408636, -0.00030593003240459376, -0.07890981983401964, 0.11921870673841717, 0.13055184390838442, 0.40801887250622737, 0.4771835233028495, -0.3684045487352172, -0.09740582177738728, 0.20665233658305698]"
"[1.8554893242076562, -1.1632919212864423, -0.5688863573039337, 0.834722518072966, -0.5258558019905121, 2.6214789341062223, -1.386334472161542, -0.637827462196718, 1.6014349458331454, -0.1136593349800762, 1.3576946417687796, 0.31257939368557736, 1.5669416069343525, -0.3284221475512557, -0.05754301202716381, 0.3581939077313199, 1.1124519858388195, -0.05891370664481134, 0.4692373098869649, 0.4413577021204556, -1.257201042422843, 1.1559408201009527, -0.8937702328375644, -1.802290704658137, 0.0069625644645672025, -1.149336906562703, 0.3710444807498296, 0.4175132402443867, 0.20873423226581506, 0.3276631606004508, 0.21482977954889082, 1.1048060309182852, -0.8540409678693377, 1.017067977660804, 0.3933660149117761, 0.08368938058936834, -0.027783055261961925, -0.3998751198546177, -0.4342416102754351, -0.27417495423300203]","[-1.3449919832542545, 1.7523059383483546, 0.8441972745089018, -0.0666647473946051, -0.03486389702201062, 1.2605644559865363, 0.027966528140430453, -0.5681096209940509, -0.10513251904829933, 1.2361470906530705, 0.5150266245012616, 0.6672617540557193, -0.2926740648508072, 0.13761693953153836, 1.205529107053611, 0.20297691223818065, 0.5598914354192065, 0.6865732490161975, 0.8971570796058227, 0.3278883594248283, 0.44178748562022846, 0.4188193801363321, -0.36039277462452124, -0.11265732470913929, -0.3793194637271621, -0.53219619928429, 0.4113846053616864, 0.8629402883869722, -0.10484863347749135, 0.5360143074519702, -0.886400217754646, -0.4942019826802159, 1.18545170062253, 0.5465120148616578, 0.1488718618234536, 0.2308840954473185, -0.1796055184257001, 0.7390217491480763, -0.3891123036551943, -0.1419409882579339]"
"[2.102577248517841, 1.5784052088203213, -1.0316941093780694, 1.1508211363482506, -0.8903567437336449, -0.7336314371384982, 0.8338930246360702, -2.3256791305077753, -1.1021232262467726, -2.030185063285845, -1.1775265317759458, -2.10656696770904, -0.3941561608354885, -0.20949590642884922, -0.05011902415638906, 0.05537478636622033, 0.007544078752304386, 0.5637338045982415, 1.1861498953147322, -0.9036986181448817, 0.43957607086272543, -0.2598925426818239, -0.39837960349574036, -0.40893477044010046, -0.848835417891912, -0.4687298019257375, -0.178819816577312, 0.6650403300373503, -0.2756531545050927, 0.4589789051007972, 0.2499924159659363, -0.6860276631497119, 0.19518401352123155, -0.755666437573672, -0.3752376667810266, -0.6787342320076841, 0.3860384098790857, -0.770452266942932, 0.31924577310800534, 0.5896414285064953]","[-0.6129363958884428, -1.6962473038568266, 1.5758435004759368, 0.030394681788596577, 1.7067230254380608, 0.4912790005643968, 0.9574079898903768, 0.2424853917051713, -0.44680775595815775, 0.696498420342501, 1.3785024471721197, -0.446792511018525, 1.0331400153446515, 0.2349067589834838, -0.1764439773444363, 0.8262364325846875, -0.06873292342424182, 0.02946223041265786, 0.4891666451300713, 1.5809725975315057, -0.32053994777125583, -0.5287980565411969, 0.3981787806422558, -0.13905875173925436, -0.5583637165372614, -0.6707518201555389, 0.195567861957015, -0.9907329072619904, -0.0333410394554304, -0.2128376560977169, 0.06388225342887813, -0.5767789743221833, -0.42053490156742573, 0.17515913032109404, -0.4586558776384033, -0.4812582196626938, 0.2787516413466927, -0.7446633744059855, -0.20426362224594932, -0.01106200468743154]"
"[-0.7312316112093786, -2.076012225917571, -1.4891574832719527, 0.0038611648512938365, 0.753733038740065, -0.9435295125587827, -0.7465727238784244, -2.9906306501572795, 0.46226149389644006, -0.8809939580997749, 2.253844475722157, -1.2819420983442884, 0.35420447232473085, 0.04693981312777207, 0.49903144448707637, -0.12283594965464582, -1.279939794862677, 0.8680786388365118, -0.8214401994413594, 1.0775010183205969, -1.262399436928605, -0.4261191068660155, -0.8932293416455122, 1.9150055208231638, 1.0876055368463893, -1.2487119123569892, -1.0458918663589287, -0.8005292897901656, -0.4800389604706871, 0.5041833086781754, 1.3269324718994682, 1.7156269726342717, 0.4046274184451487, -0.3223322151707729, -1.0131263219812956, -0.8263093039697997, -0.4533979788821292, -0.5393276727458318, -0.17334776700412638, -0.123798834750715]","[1.3572205712541148, 1.5463497430349877, -1.4605887703384857, -0.4127213695951884, -0.06546506554196865, 0.0691368726911397, 0.10779323678236169, 0.5896314311616794, -0.4010713445476365, -0.013114491456508691, -0.3064268317841142, -0.9789692766570102, -0.5170261573922303, 0.46620211870336214, 1.0040523789733065, 0.2706396971249712, 0.3131694433700482, -0.009200865143278874, 0.7987298747941354, -0.3720916254844072, -0.04106377182263793, -0.4035438753593254, -0.11354748141137616, 0.6161329571168154, -1.065940014937049, -0.16794705858930278, -0.6752216874249072, -0.09509818791743507, -0.2113359082967674, -0.7411891347014948, -0.5608541867504689, 0.15645765185535293, -0.4296064816621366, -0.1279456265529772, -0.21802098067954928, 0.8540281378360909, -0.8801594299384515, -0.058787878037765647, 0.41745272591039534, -0.4788637573230528]"
"[2.987639066320692, -1.069258311970284, -0.8243566659783129, -1.0155043076635455, 0.5557400125413912, -0.8019452666274313, 1.716880805853662, 0.5255562150699498, 0.1282522569609538, 1.844145554956775, -0.20938902660029216, 1.7891331176260536, -0.7591803042361672, 1.2444581279963596, 2.087095702957573, 0.7701540325259082, 0.22638115276047252, -0.03081427348291296, 0.3847590798382683, -0.3082036531305925, -0.6542701101779114, -0.3412631194893172, 1.430776332767712, -1.0729468635877917, 0.46686222411081474, -0.49912516613553987, 0.3537195670743352, 0.12490668843554423, -1.2259158660075102, 1.2903435600565865, 0.21467310169560017, 0.32369575788833005, 0.4763733889100067, 0.009636504037686375, -0.05727100650922104, 0.19918970318213258, 0.11254369788555471, -0.5945317815112118, 1.0171130873376037, -0.8811853771279266]","[1.8358322132803557, 1.5563377403414504, -1.1800208705017698, 0.6779888587915188, 0.06418691749743126, 1.4429251830727947, 0.0807284001767297, -1.4421845280004673, 0.431163992653183, -0.26616099561504153, 0.03451856711420303, -0.16103491642484818, 0.17714954897362503, -0.21670196592315855, -0.44721175341584746, -0.7434133683282107, -0.05055386173908363, -0.15072260787255629, -0.3238979070861201, -0.16893221730635904, -0.674228398990563, 0.18436111262628113, 0.15265205424545186, -0.23639433931355838, -0.6450177564084083, 0.7757513990227064, 0.3699147013757496, -0.857238174554626, 0.7917743637314385, 0.027036402841289893, 0.14500616298781016, 0.055982052491690054, 0.4294356696243418, -0.08135824640535332, 0.13986895381772133, -0.21782744739452659, 0.5717335736039126, 0.4010304199678524, 0.7163759277877123, -0.35321333722730947]"
"[0.10747652060358769, 0.9625171611036316, 0.004172202921768319, -1.8160570532627793, 1.3270537257959423, 2.9089949960778743, 1.926839634125526, -0.5096118451820363, -0.2151933412404129, -0.6261886858007424, -0.12681340916323217, 0.3534248841476232, 0.6917920036834956, -1.386173259940634, -1.428505608926114, 0.4841179001569537, -0.47563693296744247, -0.20952015352177145, -1.5024617594919363, 1.2771501238879215, -1.1685398387564656, 0.36338881628658715, 0.7936897819359651, 1.058042486010454, -2.0749631324942257, -0.4525500286172725, -0.6462450278785389, -0.023994851446014983, -0.6124067526865491, -1.0261628477220357, -0.3591594474023848, 0.31659996024174464, 0.10857497565385667, -0.2578713028126129, -0.665057286688456, 0.30788302695090103, 0.04912563434044124, 0.5997188727988263, 0.8001886256022962, 0.8046248384497243]","[0.9637513708038379, -1.813282236868835, -0.17822380883412023, 0.6024180965268047, 0.4349189145539047, 0.530341537997234, 0.7213560536982787, -1.0152950078571052, -0.26231575651864253, -0.21248799744551247, -0.05450844568554953, 0.5344227657231978, -1.8625349047963347, -0.6412153940256892, -0.33921990512567124, 0.050259543867313426, -0.6540860143010899, -0.4231840775181834, 0.13466741490373546, -0.2652242706464947, 0.8489033440054173, -0.8673707629178964, 0.17693732438606147, -0.5345203767465898, -0.8667579080863129, 0.18831224760171594, -1.4639214915463157, 0.44889420250727247, -0.020094607221579606, -0.19323822461901377, 0.24797457402280135, 0.19379251183275026, 0.8041922714117202, 0.14790745552577342, 0.285450139876079, -0.003157002530756665, -0.10195094930512753, 0.46316547654363005, 0.5091562516946434, 0.6324982894735166]"
"[-3.7689136211028886, 0.04707463498679068, -1.5380251283204391, -0.8419258288468731, 0.41971090537876643, -0.4932483335939655, -0.3663140412503807, 0.8760350973645026, -0.41112966049248983, 2.016187566781046, 1.2558477525839589, -2.3651953043702507, 0.8120737072598878, 0.3557464753344951, 0.022107580075092653, -0.5234493333326854, 0.7408934437163494, -0.0639890178878753, -1.103252817534272, 0.1409692107193541, -1.0843019938143472, -0.39323572622474307, 1.2301995393176703, -1.509782798060312, -0.1140743892966259, -0.8546500097668174, 0.07573803839853423, 0.5837681203285939, -0.023898583398133427, -0.4456924151960561, 0.6619460581685477, -0.7803451834655475, -0.39487283223727143, 0.6016500723478493, 0.7782686722178129, 0.10684871146082146, 0.7569959418843546, 0.015653500822821895, 0.19648277480780277, 0.7005595553141358]","[-0.19060303358161285, -0.028758885559093915, 1.746666400582912, -0.04350332722650148, -1.0411817900504647, -0.6184212001279437, -1.1353066879692182, 0.8887586711794011, 1.2187936576551048, -1.5894702897073583, -1.1122403504702587, 0.006328191909826182, -0.6956724379727002, 0.22297406937128147, -0.40736289793325214, 0.39435485051533214, 0.16967955674307392, 0.6305471189174697, 0.7513181335470821, 0.019849120854895683, -0.6804192574396879, 0.0028924585552186385, 0.19167989951648365, -0.26667729717195454, 0.4620828996389117, -0.05549942468776536, 0.24833291002905786, 0.34137200979045934, -0.5653057546289786, 0.43521794668964586, 0.37138401011622185, 0.5098503593131609, 0.7526270788622408, -0.30211869332842856, -0.3318323713089684, -0.5972474991453256, -0.04784864908432995, -0.2589585446407741, 0.17204455856280934, 0.0464192710629607]"
"[0.15772052195458372, -1.4384782149355695, 1.9759610099260123, -1.1678634871149072, 2.809513097634748, -2.891385008592304, -1.3108179570901592, -0.663167786277058, 1.3023761711006407, 0.25826747697271996, -0.6899424161025547, 0.15687575914941726, 0.7098502060676763, -0.16547954886438707, -0.12624002599800419, 0.32921675795136873, 0.8912936600538365, 0.6789036486638668, 0.6277925700486074, 0.3678796533111374, -0.1996863436962415, -0.641231905606875, 0.4223022537452831, 0.4556728085993708, -0.4748641875225597, -0.43535601106886107, 0.46272710331593486, -0.2121786958825169, -0.5506451904142875, -0.7714715905380733, -0.5144264778768124, -0.06172297965524774, -0.9181306746062333, -0.2901680454095883, -0.425266527618582, 0.19961194438562657, 0.05101526712813941, -1.019442944929256, -0.10858700881810784, 0.008508427095819272]","[-1.2387099631854603, -0.815300156067043, 0.4958900464851006, 0.1127111491429141, 0.44390329384817667, 0.3756190049656356, 1.652081452211231, 0.44732886933154514, 0.4262673656785876, -0.1942731491595424, 0.3979217342768361, 0.512492558170697, 0.863671470672629, 0.8721470349264281, 0.08685005155477252, -0.8246769169923264, 0.8575815890257639, 0.05881897879080664, 0.43059761462108703, -1.2385798852598786, 0.35727283049320263, -0.018212017223081294, 0.1453087356505599, -0.24017340420188718, 0.4047265958284711, 0.5423734253114743, -0.545152501858997, 0.0897921933170633, -1.0159159724778475, 0.8067756819209111, 0.35979699632135115, 0.39360687704135705, -0.2737563293054383, 0.452847101497816, 0.16746971465900468, -0.22185791547487158, -0.31308313769246365, 0.13459479323693482, -0.7583306629801244, -0.450210700787743]"
"[-1.676006565369534, 0.010111576919660565, 0.1875974345532929, -3.5693475550799802, 1.442424685420835, 1.472314394196587, -1.3913622615022303, -0.7983390439610579, 0.8699986091352953, 0.9791468347545459, -1.918667443604152, 0.6097647545770873, 0.947105228642352, 0.47405821056739306, -0.6162435245661368, -0.34452472899163356, 0.2978191884139599, -1.1248416444991667, -1.21571167893415, 0.001800219350807895, 0.9040849575907918, -0.20338123852880785, -0.3672087015618915, -0.3487497129864547, 0.4222238969538217, 0.03726556279834929, -0.45410956234180905, 0.9478572053527494, -0.05531702363079085, 0.1461833215571268, -1.265162383254167, -1.655528842925917, 0.5559703170863964, -0.30630410042155654, 0.3798803521974568, 0.06442526402433818, 0.3286653012974197, -1.2209383786098826, -0.5208038174940567, 0.6374394433311824]","[-0.9003199377579801, -0.29183382062095387, 0.1235692449270598, 0.6583257272160365, -0.6306143953435598, -1.1271440818519451, 1.3287970783096217, -1.5112550884052256, 0.9440310487691764, 0.2521421324408995, -0.8105437521465851, -0.8486352472096593, -1.2898358613855248, -0.1565471797281418, -0.008888201100854951, 1.3157495801709127, 1.784641084923867, -0.6116770274015004, 0.34114929327014304, 1.4386789304691394, 0.6594821799257384, -0.219609712126551, 0.37506024993965636, -0.31463184339605077, 0.2918112908498698, 0.16999762654696127, 0.18534248229025543, 0.2245888268618374, -0.69795862581319, 0.8735483537117399, -0.11427271701244002, -0.5256646109128592, -0.42200085205694, 0.3190745724842379, 0.04386315193715771, -0.6407975015273676, 0.30991751797444195, 0.3845728208533628, 0.5308382979649648, 0.27958787306861405]"
"[-1.1677637462286652, 1.8671985580653536, -1.3328004519756997, -0.9056907254229163, 0.47542043375341914, 0.4008634889879192, -1.0776596819062436, 0.3662873173911571, 0.09748394167262953, -0.6244680511691068, 0.44207158692714976, 0.1618552696632198, 0.19106665076974985, -0.3610057570348487, 1.0076805335293042, -1.3557135329622654, -0.8742276508657921, -1.8210160016442538, -0.7230300796088773, 0.7166078987510347, -0.16635834160702423, 0.20134221798342017, 0.3686494619560225, -0.7377626522675069, 0.3963878731717934, 0.915677084093579, 1.501827754410905, -1.6433357460763485, -0.7636709111648227, 1.264215155383702, -0.2769280596881792, 0.6250911817244755, -0.24521562017779733, 0.6319156560515984, -0.16355595896655925, 0.1782073942843592, -0.20997680998990575, 0.046272635969385696, 0.3441266461257507, -0.6935335448998929]","[0.8056360112463458, 1.4315307155034769, 0.5056054995363128, 0.15446451240389844, -2.075647811239695, 0.005559761746601777, -0.09277271628033777, 1.0200898720299436, 0.3175920544219517, -0.12618881245184851, 0.5144999910779855, 0.03724650473617905, -0.3206063958873435, 0.24719569082017853, 0.07273771801764833, 0.14649485429707462, 0.21479154354829963, 0.42361244367858875, -0.8385614633599183, -0.20289273911224753, -0.33685954645501176, -0.35114776561681943, 0.02593373696019392, -0.6456428214123621, -0.30478538727341314, -0.35603240152001725, -0.06494755058945446, 0.10929023617926009, -0.571908634184111, -0.37341113515675867, -0.21820504691767914, -0.34476186828140654, 0.4227672389391081, 0.16543995544445222, -0.5477605914904157, -0.4704476050329531, 0.447751381529182, -0.19076146472310926, -0.49410333840141263, -0.3007498514133625]"
"[-2.7450701695908455, 1.4596642039825063, 0.8666929944359235, -0.9233377705890248, -1.2308108668252127, -0.45505655421822433, 1.9396543670598436, 0.011597909656478727, 2.7629387316208733, -0.373322514249506, 0.24425563007836476, 0.08236878211587127, -0.11792822157145162, 2.184719023741314, -1.112308448194592, -0.04082702286108788, -0.6234172869088763, 1.0111641296541523, -0.5158764286975905, -0.6254436033267012, 1.3927846328130191, -0.036083547318121016, 0.4637331833051311, -0.7949365580575039, 0.5422882218049558, 0.4177247657516874, 0.1503664781572551, 0.6198866895573178, -0.5298759469855311, -0.1864964314486338, -0.033754696627802394, -0.21659828604087403, -0.4656810111050569, -1.7069261101140574, 0.3223704181501031, -0.8967910160157511, 0.03946451606368852, -0.46566403211295637, 0.37221022783326346, 0.39267510781388476]","[-1.1212036299401915, -1.8073154710243828, -0.06674624158712127, 1.351316020437992, -1.0183092731349912, -1.1887884871329784, 0.05101992564896082, 0.08389215019474877, -0.9105887786253462, -0.4011959108806008, -0.5004089100350977, 0.7787135109299052, 0.06924154356703811, -0.5591368358598798, 0.48172778870459776, 0.22976464922108367, -0.3587700987371267, -0.49157493210217973, -0.2911432745290592, -0.5438529064204491, -0.544128608857992, 0.17558699016528329, -0.4645105755178602, 0.5890603351651805, -0.21147802740547406, -0.22650321213521424, 1.1851910634220089, -0.7918583365941158, 0.6423652743496951, 0.5787986538572782, -1.0316183665323493, -0.8953446205616319, -0.3848414809502293, 0.5926441149414963, 0.49431819960966855, 0.28798172067596023, -0.30731013021130527, -0.34426476094248676, 0.26197525876209476, -0.44323391679739105]"
"[-0.68209926432747, 2.0356451293257036, -2.12875851881095, 0.04614439206551717, -1.8362020363062799, -2.2225675215486866, 1.9321912706780864, -0.05080939700134437, -0.47943114370408463, -2.765012745104507, -1.3456880451118387, 0.5585705458608334, 0.6671026693541638, 0.2619224774061341, -0.3326543274592625, -0.18462498444189943, -0.36399934651573435, -1.1928994873437715, 1.323731915715833, 0.07449087891972422, -0.9691655063030461, 1.002911165736404, 0.11719505734095371, 0.1920520302464017, -0.6190301000918728, -0.4191763603524898, 0.022062579504509513, -0.38200109237312346, 0.15779144244212626, 0.9436071797505475, 0.2516162568325081, -0.5363659607356152, 0.28381021960348274, -0.04960026036245858, -0.26110196282893516, 0.003375859542853059, 0.16084710763188004, -0.5762463901208714, 0.4546607243625784, 0.5333077060075427]","[-5.204226168060781, 0.4130028471212572, 0.32226075976386964, 0.07812955809521162, -0.29540746970682646, -0.7894087638171142, -1.8795295945473944, 0.3674119045808611, 0.7208838064087095, -0.5210422153700816, 0.4808805959559035, -0.6297903087344014, -0.5282851442307929, 0.7191371513045012, -1.9914104246650788, -1.0049813636156364, 0.3388262097260588, 0.4736917660939302, 0.44046198332606146, 1.3321064917029377, -0.41344377099117297, -0.5206066243334142, -0.8178120811381514, 0.1671694223801084, -0.45699858944766625, 0.20973158656679394, 0.16344943127411987, 0.6313483139554796, -0.18634837399030696, -0.2453263929576209, -0.8205587173508103, 0.1799559881603627, 0.2358243139487293, 0.4188368978848287, 0.13029028557919947, 0.20996451120041898, 0.13254373564483507, 0.318716173643855, 0.6802465089646584, -0.3695289865733717]"
"[0.52921332427607, -2.671491888023146, 1.6385885391735802, -0.7102853659262381, 0.6033833830782701, 0.4579969759381008, 0.2519237706598088, 0.27478369733101227, -2.4876341131782, -1.437179055960607, 1.0394571300834015, 1.7619614522235145, 0.8319053135086, -0.5808837721768529, -0.9905877093725555, -0.7313532260907076, 0.6495235837991508, -0.39945843309178514, 0.9456746204622096, 0.02684275802237464, 1.3619769730065074, 0.4658033362331698, 0.45560785420058036, -0.9993464687602309, 0.3026385776617596, -0.1486511020764843, -1.3665216222663823, 0.3029420275740912, -0.7864393569232601, 0.14218508453949538, 0.4258877259679622, -0.7401019441523325, -1.1196278087522513, 0.11766712510778968, 1.6727285474775637, -1.3794288421304464, 1.9468568098936976, 0.8438173643818446, -1.435856496555133, -0.4111357343210179]","[0.9369705980273499, 0.9758273885500802, -1.5553612431412729, 0.5677921624424529, -0.048967815894825614, 0.6085592044119339, 1.1331530078512067, 0.8478267705891541, 0.7492846320567873, -0.1297180868554625, -0.46242585501836303, 0.35250898958697136, 1.111404274987285, 1.0560028108323407, -1.0077988388584624, -0.569046855552801, 0.172505400667667, -0.7286238840147001, 0.48431010521305384, -0.5509718702872768, -0.06253801678119308, -0.21024903439423714, -0.9714861000676839, 0.11145529970713841, 0.08203587497407727, -0.8525197594751328, -0.7734820239547099, 0.6601980761694702, -0.11266151393997031, -0.03906989799308914, -0.07702333322219719, -0.2919804985233086, 0.2608708171350884, -0.33506588557502165, 0.2664729116230914, 0.19007248489780065, 0.3116524173298425, -0.3511616104533925, 0.20975797833933318, -0.5889169602068994]"
"[1.842602747144783, 3.562261511630267, 0.183821912779969, 1.243748788351048, -0.6238693069127477, -0.15856904826662288, -0.9208894592614242, 0.16008655344409933, -1.7074991533479473, 0.09191101995371705, -1.5400978045221045, -1.2533395574441624, -0.3706009402518963, 0.29312015417055004, -0.17573356910319912, 0.18743855471962043, -0.13054489279711073, 1.0207823609634814, -0.17044261016147422, -1.308460476242372, -0.3015150718790886, -1.3816207612451026, -0.8082587362208968, -0.03140707793591044, 0.02138792974560718, 1.0170649481113432, -0.8415906803090369, 0.4444548153608573, -0.2053135813299201, -0.8527383321030914, 0.4833710119692326, 0.42458480877723453, 0.16814640806272016, -0.17950140362572306, 0.1330417720806715, -0.42220648045489395, 0.20721440470362187, -0.05432748632302344, 0.19262917660504683, 0.25573860174068874]","[2.885584301940743, 2.3570839995076383, -1.146083004059177, -1.1740129766070224, 0.3956437720524495, -0.5999890677727763, -0.11021658077714548, 0.18345015621630253, -0.4325215125957336, 0.215556978717861, -0.0366022871253152, -0.6586772834823861, -0.05641334518963203, 0.796747408855888, 0.2603918977033767, 0.02391291113543822, -0.9489009386557633, -0.29724610706282983, 0.27587867879295996, 0.037805190779893486, -0.08245779639112719, -0.7381144204414933, 0.46680265496677603, -0.403372602079649, 0.5126688504839457, -0.6357313434651921, 0.013561850584350698, 0.6228437701200427, 0.08651988863755108, 0.1177569027391172, -0.3434378380776176, -0.07320617765026413, -0.06554288273599639, 0.08008302085478387, 0.4267974710481354, -0.24917815679084496, 0.2768192981792343, -0.07994853316772063, -0.030951557208730118, 0.24906055100376018]"
"[1.838519144353616, 2.2079635553307773, 0.19423805348550988, 1.9585062504527715, -2.2602103841350902, -1.8754134953635138, 1.05473008850231, -1.5287112306657997, -1.0393283306402032, -1.5036259167148296, -0.27616316602172414, -0.96383262017298, -0.04242731372914196, -0.6007263967458333, -1.3261739664433387, -0.5616036576979739, -0.010660047061542116, -0.5513487536819524, 0.3383204249091941, -0.7443532638548717, 1.8021434800309954, 0.2856584843810397, -0.06171958402550253, 0.19426296211815017, -0.7260773415692311, -1.0712480588500441, 1.6065669117266617, 0.6028582117936093, 0.808789869956889, 0.5540051301869638, -0.5109414547626447, -0.2571298488299819, 0.28760725341298005, -0.9619964813773791, -0.39558382155961624, -0.16866670361062508, -0.32841314252266424, 0.04655307563935939, -0.12044696636800355, -0.05978671096955904]","[-1.624151910224084, -0.5449884765615104, 1.714425978157128, 0.7533852747472656, 0.9807221801741945, -0.17723077143560423, 0.8619824819102728, -0.18787956780060786, 0.39300252068905367, 0.2769015480817208, 0.3198532343929, -1.0013162783612186, 0.9280011074469553, -0.6250224954003445, -1.2238695006272056, 1.1096947910204025, 0.276892274613075, 0.6153520416059916, 0.330820426459868, -0.3776173650705502, -0.9551786937735842, -1.076416934501604, 0.6599975807787396, 0.15484537968716305, -0.4313383112369768, 0.6168958867428941, -0.913758409863113, -0.1891221095508076, 0.4407350721530902, -0.37724893784270097, -0.47070670180191065, -0.41771380447641904, -0.09884650655979267, -0.3551359048695012, -0.042541056952248676, 0.20474911367624565, 0.07673473424302624, -0.4690487746145759, -0.1657783080874116, -0.06922635803849593]"
"[1.5609979623554149, 1.7995773512814899, -0.8485736284527281, 0.5216211948585643, -1.2278154740330465, -1.8890171320419564, 0.2569102576264073, 0.46137241032315357, -1.4981608207065593, 0.7397952243772966, -2.084829180531188, -0.129011905411005, 0.6305727077118057, 0.10845557889499209, 1.1188123070413534, 0.37145736063429896, -2.1330676790428944, -2.295811591499711, 0.182260134605974, 0.07513845774224602, -1.004875359794858, -0.036050786326951294, 0.61408226588138, -0.6872249551323801, 0.6075103013919391, -0.15206782192358295, 0.6251263724787063, 1.0978099112795003, 0.1936683561580514, -0.41203986578690455, -0.3657470940547919, 0.09897929314824283, 0.2478626991494639, -0.19831093049290152, -0.8872843291771834, -0.6918172493336037, 0.4519413455219683, -0.4486301387614519, -0.21134774732773493, 0.3490965993698026]","[0.8852594426371606, -2.3364904339840917, 0.4787881320380407, -0.3810541823566368, 0.54520592699823, 0.7372146817923408, 0.047832124154583766, 0.43795704097823057, 0.4281235724000661, 1.2905888145736346, 0.5914056015690856, -0.23317822660742474, 0.1437275301556499, -0.5901659940604361, -0.10686076053511134, -0.39193285317246007, -0.06357323133015007, 0.5906246537757815, 0.19843127912219002, 0.9969015429564712, -0.33087091426716275, 0.18770697339549777, -0.39578372902740894, -0.2904720878602323, -0.12606085150000798, -0.9029981973275859, -0.1258323295862767, -0.021299372180955324, 1.1098520192006147, 0.016391592948683534, -0.3781210020099907, -0.1545089816861689, -0.3424857302962939, -0.44004811231293667, 0.062104021329416004, 0.5567726761853683, -0.0725370623229164, -0.30618236324784304, 0.11385509647190996, 0.5194654326318611]"
"[0.9898699888403832, -0.44507868564649, 0.9647358513268651, 1.5935104211431352, -2.6180469861206612, 1.8370871363530479, -1.3141692906674516, 0.6365587202050489, 1.7547205077246675, 0.5474944907565801, 1.299045666991912, -0.03030357945810383, -0.4896823777275155, 0.5344329176491619, -0.6885941411743753, -0.5536077983292471, -0.8749522375875197, -0.22763720120865266, 0.4539645270487136, 0.35494710277379, 1.5546028608695532, -1.0784503654103423, 0.7662425449440291, 1.0386182171911702, 0.006605110257129715, 0.08348862968802226, -0.0009792754666944048, -0.4623375351430241, -0.20130893909148492, 0.15674518736742094, -0.5748684453324509, -0.5251043684816857, 0.1186069196181595, -0.397714363753901, 0.34045218999393423, 1.2223157382556058, -1.1275333886182863, 0.7349269869409157, 0.7516338775900681, 1.1588308730131283]","[-1.1356448272345976, 1.441278598084775, 0.8684445252863051, 0.8527459040935701, 0.06483387924579488, 1.054579860379285, -1.9390982295127213, -1.2657083956526545, -0.12692167066702353, 1.320099464273543, -0.6318854891215797, 0.7854213440563534, -0.12230023682173467, -0.6792699230422202, -0.4814325661032892, 0.538124248543403, -0.5839327814485067, 0.41194020846979984, -0.08872690716996968, -0.360826161975639, -0.32266676092577656, -0.18147225586272459, -0.14703983850061708, -0.23198442706217007, 0.36899042917936736, 0.030246028977966185, 0.2765820392107077, 0.10093818367313909, 0.10299833127663587, 0.4541206906919647, -0.2612248337222363, 0.6446552111546431, -0.13439399848052852, 0.038176270850728874, 0.05967727031974181, 0.49834766499842165, -0.12171647184113306, 0.15712247448976097, 0.08935390113017934, 0.07705176608339342]"
"[-3.462183654294688, 0.31121634567916306, -2.7700172248676016, -1.1405297366281464, 0.266162760345996, -0.0685380287875198, 2.611457160249788, 1.3890931327017135, -0.21169118218346208, 1.0745615497084047, 1.299043437299514, 0.539916239664163, 0.01607045254377053, -1.2134896562377615, 0.7863786130740608, -1.727450915424234, 1.3481788647710653, -0.6595593235818579, 1.6608542429559927, -2.7704202670453335, 0.09763853593037178, -0.13287611047763373, 0.7096417728438777, -0.4033926643844168, -1.9317894032678986, -0.6597935757551853, -1.1745027184421828, 0.5339418443273559, -0.3836269726712036, 0.2875399040641743, -0.06272624821043546, 0.8448808061192062, 0.41883796625623443, 0.366738009960047, -0.47556797451271915, -0.6567726964007832, -0.06374493208515293, -0.7392678077260274, -1.3620391203311544, -0.7608713620945103]","[-2.476765797848241, -0.40333314069386483, -0.3057336605899141, 1.3718026648764334, -0.12892396476189757, -0.00816636861482236, 0.5490951905061531, 0.495411406929094, 0.9736432160178824, -1.1874656158704637, -0.1784307803554239, -0.03861213639344096, -0.7283919534546234, -0.6563322317900886, 0.2689216640068699, 0.3169601531210088, -0.15963876476939104, -0.10784363077254126, 0.16314251937866253, -0.4933002731930383, -0.06381942867901963, -1.299775967214114, -0.09352498876168235, -0.7680337528921035, 0.4326705566123308, -0.8969159486719613, 1.1644561393277577, 0.9434129375082689, 0.7950616937656869, -0.3318513756981504, 0.018105704751076496, -0.7833475822665885, -0.16994823031978068, 0.7460471760675329, -0.031805658989587586, -0.21830216327995583, 0.13955657504564176, -0.41835664894761426, 0.38156015317911135, 0.09469112481646327]"
"[2.6905340973275274, 1.0434798648307546, 0.3239390824504647, 0.935385892882446, -1.09207119563517, 0.4260599557262693, -0.15190315410928595, -1.0003178380657867, 1.3532547454088755, 0.3508410792545738, -0.14135918855112986, -0.2132511384250309, 0.40751706560415685, 1.5575131430265907, -0.9275196281104438, 0.5564579155414541, -0.4763054369535046, 0.05507533575871029, 0.48754972652381323, -0.3812717329477208, 1.4712423033802342, -0.2377813905884257, 1.9786460602872504, 0.8976735293724856, -0.43981674074061133, 0.42083527947675997, -0.6154432336913616, -0.04630658285298151, -1.0942183279834816, 0.6202574216668513, 0.2213334159387933, 0.061374974216329224, 0.06991454123047924, 0.480270842646578, -0.39783307483502167, 0.3707333158973007, 0.2402823609707422, -0.1242103231444487, -0.4713205715939029, 0.43492740259666857]","[1.3414456581756917, 1.0495955561970023, 1.304082295088704, -0.8371499023573837, -0.4620045556744862, 0.44369064720233553, 1.297278851202604, 0.7310674711448292, 0.6510709340835765, -0.09834060417890358, -0.5401494547192943, 0.57459001877321, -0.3700235395325832, -0.1937242953407425, 0.4762953914148105, -0.12657846936989306, -0.022942924152496765, -0.33548700496045764, -0.33138302654278023, -0.3696021573151131, 0.3854801183229487, -0.025139649368280434, 0.4264905513013292, 1.013058738396282, -0.14473076105364058, 0.3671677161009357, 0.4226316059074946, 0.4600647055062105, -0.07646712637162, -0.800115781072295, -0.25569908761255966, 0.6587977284396248, 0.6087620834803873, 0.051842564789202114, 0.4520003010140953, 0.05578666920723755, 0.22166762021756128, 0.3533638638782363, 0.334989176904491, 0.27917827566320846]"
"[0.053382750770539264, -0.5565225142006354, 0.5652946090244073, -3.344575096580778, -0.7123016805411594, 0.18156165710822644, 0.009771025981553562, -1.4573263906644514, 0.8404213254853402, 0.11068924540109293, -1.8220226539655002, -0.03742693570877391, -0.8402043503496268, -1.0837257947454175, 0.3259449855970293, 0.29528048421794273, 0.19132408853685673, 0.13097168175780924, -0.4002934546231334, 0.3778060511837567, 0.8337907802714192, -0.07863376774428514, -0.010800099151613255, 1.323802529973883, -0.26063237773933196, 0.5622527664518256, -0.5093697584485065, 0.13911496401497878, 0.6531202195747129, 0.27126303295760373, 0.6507513216927883, 0.40936107959382434, -0.22993996814890105, 0.7278725434301009, -0.2560572994751977, -0.25540261465037195, -0.7199732198374187, 0.1186831082022038, -0.027755322886237548, -0.6978825798880957]","[1.6503173348986553, -1.1162966937459187, -0.24868660823542008, 0.3704304532806394, 0.4387500560674624, 0.17508822628341816, -0.757371371152906, -0.8780231706230136, -0.21581916497548942, -0.9610421229650812, -0.6454698932734427, 0.20117653167893038, -0.43079212230613684, -0.6287048029087496, -0.7934074526176257, -0.5549814629643987, 0.4658301166459375, 0.3777569308246347, -0.89281152982042, -0.26236885144514027, 1.3638739658695935, -0.13793818648373643, 1.2658538068502074, 0.05958436152387853, -0.3093862515351701, -0.011126331153893611, -0.7560502594211624, -0.13623613057674563, 0.6242340088790971, -0.4576749188781272, -0.1147067058284212, -0.029058525892482923, 0.36821098166846267, -0.34115172993974874, -0.21828096018415968, -0.3601505688988621, -0.11948671281080854, -0.8263173509129597, -0.24645778196450852, 0.2829498034917862]"
"[3.368957914558664, -0.8799600879554098, -1.330636116434779, -0.5617388136646396, 2.0354642264376674, -1.9352911338080587, 0.9101189843754605, 0.3217941418253186, 0.26037489141016223, -0.2404281074380866, 0.48339821973654923, 1.3811302406074384, 0.404217030745443, 1.2507044820338178, 1.0384298819336915, 0.7226131996851666, 1.1264286907424836, -0.5958975023953748, -0.11921950735200172, 0.7968820991449017, 0.4597864895707273, 0.24800006921358836, -0.9874078854502327, -1.0407303951915088, -0.4167240532172493, 0.20324202590480434, -0.7735714255140349, -0.667263233348302, 0.6738634025500609, 0.2830376795466506, -0.512355108188639, -0.4989225318423533, 0.2961819751822633, 0.010121224860245068, -0.2438335288545454, -0.3516518600398399, 0.39925039618713387, 0.3886583249477629, -0.4566272823431238, -0.07115656687912886]","[2.3897471717399186, -1.1980518466025678, -0.32674950842418166, 0.43841713199650634, 0.16921306447906997, 0.14358542125954407, 0.23449347798538692, 0.23609653597006405, -0.21331225644274204, 0.12989755136354642, 0.9187469374217297, 0.09726564069346606, 0.9238678868707881, 1.550833656332355, -0.24510459609766422, -0.9396707198645088, 0.4292360008073896, 0.3798838078072353, 0.9818238987266694, -0.8225504767415797, -0.022919369553791206, 0.16677990953993885, -0.23917134977335142, 0.2945168409140903, 0.9305469210426099, -0.8694102161766504, 0.1556875418514566, -0.6241574104544249, 0.5269798867905344, 0.35128044106235007, -0.153901249381504, -0.3626307330720669, -0.674989200524885, 0.5051153103984821, 0.8717121351835113, 0.3449545130405743, -0.15555414627069733, -0.26411639835978473, -0.10635323394883525, 0.24227081480371102]"
"[2.4261196462189925, 3.4033077850211706, -1.3737449833345245, 0.13293167580293994, 1.2892753400912351, 0.395986988555056, -1.6510650519642094, 0.43908730675198665, -1.551665896662852, 0.665681562787293, -1.0909245382483934, -1.0720799283415674, 0.6847697438113521, 0.15886426794327574, 0.7774272420198896, -0.43510004185948004, -0.5331267508965442, 0.7699364432512794, 0.04274072884588149, 0.27259641501183635, -0.34727351058558575, -0.07233094703991069, 0.07185700416712892, -0.04867516572758578, 0.6905324031299707, 0.5869277840556183, -0.24668560651715665, 0.3850832779285245, -0.653301916544165, -0.13648480736467752, 0.5863896942607025, 0.725585125819993, 0.4659494009254235, -0.10574772768097572, 1.0935619923684543, -0.3925212192378923, 0.2003298805124781, 0.08585282156334138, -0.21732148387030523, 0.6841880481372281]","[2.0346643363413257, 1.499059588684685, -0.19414590392269426, -1.1765598272441817, 0.26719468346069736, -0.5347708850102495, -0.11291143256632269, -1.16274977995879, 0.13789547990381137, 0.06935717608255905, 0.46350136662188496, -0.7122195101712737, -0.3514572475591172, 0.8499624020423777, 0.6194891747515895, 0.25983610426171966, -0.6562274330765, 0.5188811712403483, 0.12709353297494458, -0.15584808755620708, 0.4377859224624558, -0.16198050686379709, -0.2531012307497324, -0.7469499582700284, 0.09736205903661928, -0.029131795161439746, 0.44843900000141923, -0.11897546740369785, -0.27639420960897887, 0.6746977127530163, -0.10840474458089547, -0.28846799845119386, -0.21225517822729817, 0.18507200133283566, -0.38471240872317886, 0.11067601842049625, 0.43297145459399183, -0.24174931572143205, 0.39422183839493286, 0.24480946105456755]"
"[-0.1419506806579667, 2.0415509924683723, 2.4374539394178125, 2.565688094792947, 1.0252755600194443, 0.3277387582060677, -0.4035475240092698, 0.30877389108520625, 1.1062955554388505, -0.3542449781947884, -0.42167812862767484, -0.11585975572433077, -3.007047752123082, -0.29331751369961384, 0.2782042816470174, 0.5407055072898906, 0.1011083208788096, -0.5740398348170055, 0.3484960518673118, -0.6593059298242, -0.1876719260430306, -0.9426715007792893, -0.7591186768291228, 0.1459533540599716, -0.7185783860010962, 1.156806357830388, -0.7859225341086409, -0.4469714023896386, 0.33681798430520354, -0.11071203071652622, -0.3897945837836803, -0.4245348647336962, -0.4677849113471271, -0.8577270051671106, -0.9596035568562267, 0.2997961933281044, 0.25582310708887007, -0.5540324579371995, -0.2309371606958677, -0.15153286604163216]","[-3.7381575756236582, 0.09828626648719742, 0.5591400267978917, -0.3966840874049937, 0.4434407063622822, 0.2345642008400766, -0.09492034782191672, 0.15421162645498399, -0.7955192456149104, 0.44250827410663385, 0.6655727885949747, -1.100956408012843, 0.47838959586387475, 1.2196213718125, -0.7399959381051555, 0.4941849133103745, -0.08984147855495217, -0.8237672163480576, -0.2778191975283059, -0.6273295568612066, 0.19909761336762213, -0.20045509977655, 0.22845622993554168, -0.06110033365133981, 0.555592932110617, -0.11923510848136305, 0.9578038082224646, -0.8558613432748126, -0.33654287890509654, -0.9917450384080652, 0.6692614770396021, 0.3766442256096813, 0.47717695891843603, 0.5843595803346447, -1.018120720413256, -0.29006968232760244, -0.46495118475327113, 0.23126005395183738, -0.583107324605293, 0.665268440796039]"
"[2.248028617058027, -0.07007541392576275, -2.10427451841382, 0.4463056295129198, 1.6935420674940915, -0.8979418646492414, 0.6515273198883883, -0.18852010466216018, 1.7051189043757695, -1.0432811717051171, 0.7648731763525635, 0.7543627490555386, 0.8519227385767659, 1.492747171030527, -0.6321133464046089, 1.0578375546280565, 1.0488116439680955, -1.5810261050143184, -0.14963701425738693, 0.025270302677085608, -0.6092226213882304, 1.5522133715748858, 0.13553133456389488, 0.030504451221980304, -0.9486900839660081, 0.10907792051865546, -0.2828887889551849, -0.06403814110646529, 0.5479636354417979, -0.20730322231810944, -0.025811410616059013, -0.0946915738141282, -0.818073375327047, 0.28422016440472847, -0.5300069976057014, 0.4410137360450694, 0.5796537687552387, 0.24381723299033586, 0.2439699350354221, 0.45810876594496935]","[1.2702781789891393, -0.728347348758263, 0.6493062124413951, -0.4976927070397987, 2.049228202406891, -0.9371331745635197, -0.74827832472729, -0.3111488942875278, 0.6420791255480307, -0.19125018954129194, 0.16040880438794522, -0.32584805073318446, 0.081615467792799, -1.7132800232611571, 0.4444250039183266, -0.5254550874053886, 0.39535696122034353, 0.3331630352520735, 0.03183302444477787, 0.5378854980059768, -0.2482384722821246, 0.17975748767859984, -0.12105010231961566, 0.24192798178149455, 0.11451133378705551, 0.26863668170059796, -0.15347099742599074, -0.6011374688215135, 0.18277264759769923, -0.5232045410367232, -0.24993159298443293, 0.38291522934243694, 0.4078605786349342, 0.0008487861643651477, 0.9340527159647912, 0.244005332394293, -0.38509662324524185, 0.042292448098079846, 0.17585441768822324, -0.8429504014826346]"
"[0.4768551987196831, -0.6894058953779373, 0.5296229882222904, 1.1145796657737608, 1.277050583818299, 0.0534372908891779, 0.19192477567735672, -0.3174132371004505, 0.65225271052584, 0.15238553831287016, 0.31358241443260565, -0.2293916713975586, -0.09379391816266079, 1.9084249163339744, 1.15979592248565, -0.24455896203903857, -0.2105638782428578, -1.555831058515817, -1.2135506233553506, 0.9112328924376596, 2.121575287981359, -1.2696685385474284, 0.8394280748683152, 0.9183672377290535, -0.4644253277925637, 0.0706184733061134, -0.22240031690457582, 0.2203552167622656, -0.7466149294961335, -0.18414898327292076, 0.1558237341588342, -0.6330320397569758, 0.9293043017800564, 0.7743120026320888, 1.0063964996049581, 1.1758605786128613, -1.0325323242282791, -0.06952544405003443, -0.06705367999221425, 0.5420738030999646]","[1.49048391290287, 1.0709374654365604, 1.1237945329594432, -0.05832980481126403, -0.8476875102765781, 0.3954668013153521, 0.60974080624311, 0.7467300151815559, 0.20249154179898296, 0.1352785588152487, -0.5170091352514793, -0.007505946982442231, -0.36225246199214417, -1.0153388655295992, -0.39087156058275013, -0.9086932615143231, -1.588788775243704, -0.02438184330886164, -0.9072549465068677, -0.12967533006804852, -0.037171911826081816, -0.1126358374782076, 0.25685396487993245, 0.0206124142988819, 0.8496309587391919, 1.1398433871466755, -0.23439702878323082, 0.25742550534804387, 0.12124651863338395, 0.14658419350605315, -0.43227973423700083, -0.4919386399830621, -0.4253364918055751, 0.44900118116790455, 0.1852660314186715, 0.4034217862602842, -0.08453675714089014, -0.3068851315340876, -0.5556956391512617, -0.2850073757914336]"
"[-0.8347120359000089, 2.9755930099365364, 1.8564386441983165, -0.8399340768894106, -0.04446221836323185, -0.5849138316436925, -0.90267856388997, -0.052795518189202466, 2.510321376756432, 0.49212139440666847, -0.6879482710565064, 1.3207626282568934, -0.9497691086190989, 0.14340158613907017, -1.3721425029962748, -0.17387789317331087, 0.5233401487313499, 0.05996971852051494, -0.0041681478757152925, 0.7574355751659456, 1.2207069228662037, 0.1434014014847866, -0.2546369950550094, 1.3709298476106537, 0.624006074398852, 0.22292541967148546, 0.2428322270060825, 0.48419509539248207, -0.9293231891818388, 1.3100542521067529, 0.6846325155594265, -0.001210446823034379, 0.05887189584471204, -0.44760747582971366, 0.6435919624943433, -0.24252668278639933, -0.13341876277355028, -0.06311677444446727, 0.04709593695676523, -0.5088459436915785]","[-2.7576140444970854, 0.46878565223351604, 0.34768870744635344, 0.3979871662847437, 0.18977509797093048, -3.0061326618459696, 1.2518720344946603, -0.12926629105998588, -0.2523315493991021, 1.294886893275877, -0.6509942361704539, 0.11137477891156902, -0.4138470757027826, -0.5626593031816439, 0.254101663280551, -0.5510091393990272, 0.7914039965383046, -1.0539620651507797, -0.17572785673322383, 0.4540726158007317, 1.0685616898709085, -0.17285902017544968, 0.08527393269796488, -0.8527009273459297, -0.27447093279794577, 1.138066218014348, -0.35433144981546955, -0.09993666274480487, 0.39455927566216203, -0.04667649489274846, -0.8198570931186442, -0.5771630846917659, -0.43258548841866645, -0.2461373679487651, 0.7308798659682532, -0.09958256049215636, 0.15721871074331856, 0.20873589029808487, -0.26904020106801363, -0.12702444159383797]"
"[3.5846324931771076, -0.2012126627456407, -1.7455478105089346, -0.44642149943275, -0.3715870198183704, -1.5089759643594862, -0.006966153279781204, 0.2744157469849105, 1.6468167797702944, 0.007060970603507441, 0.9224615763997428, 0.113748682870562, -1.0729251641768063, 0.7431417394336628, -0.4481248458770782, 0.783335114097186, -0.19688443271666578, 0.8143415575523216, -0.6238243207275054, 0.21926103280814083, 0.2442802528435397, 1.6800162447104785, 0.15481199470703114, 0.30059494751928634, 0.31181947902044715, -0.32262943066168376, 0.43495463223934244, -0.9167955525282023, -0.13477924229567972, -1.6849096898026497, 0.7682673390863017, 0.0538058811726404, 0.22332407644454866, 1.458420512199919, 0.6789143721644669, -0.01385444822196667, 0.8378260927528758, -0.26084117840456583, 0.07121487881686257, 0.8503694846145521]","[0.9285108009159131, 2.1423988411557207, -1.4951583319979271, 0.7045807888272928, -0.04316755003837721, 0.5896063934054648, 0.06102131837067644, -0.0588698075613466, -0.34639283432381834, 0.3843010888658693, -0.1408016560103617, -0.1903252251070856, -0.30835868660014115, 0.9754799390464368, 0.2740757048295004, 0.03678342407140878, -0.03334209180550739, -0.5599274313598335, -0.2596151136229576, 0.8733801104303123, -0.5030302900708332, 0.18072984071034492, -0.32895220328021296, 0.29829138350195, 0.026493572420621385, -0.4579416207352576, -0.7924614263125964, 0.7441202041326812, 0.7754258020265009, -0.0358853601770083, -0.6880488958899641, 0.5575085483817869, 0.0006911987361139252, 0.2880955896330796, -0.07210802019239718, -0.16344830680654107, 0.3735500719402292, -0.7284678032918755, -0.2562100738037171, -0.5512324903964133]"
"[-3.7472830380610134, 1.9036211782771277, -1.6247635246270606, -1.26358690855234, 0.5572366915862654, 0.38805005033597817, 1.3868119054422332, 1.6274219210314975, 0.6755711378100613, 1.6859382578135014, 0.9044528515892678, -0.4303061407208667, 0.9372613678210745, 0.7144383160191915, -0.6618015610073175, -1.0391455443782034, 0.29711882906374704, -0.2714119522859403, 1.5771646767403047, 0.43619522465187605, -0.36326974645801574, -0.9295213813374905, 0.3253128236538387, -0.41207313281064345, -0.06206052261745026, 0.49043859665758605, 0.5835394389115233, 0.26714286659897785, -0.3428832843549733, 0.09827210565456741, 1.4318460217652151, -0.974035947633811, -0.585856693407245, 0.49370852489626316, -0.0917976960851309, -0.3574212734297364, -0.30725389377322054, 0.15657947776480763, -0.4646482187555949, -0.024014979880558493]","[2.2616146756260243, 0.5899520111243989, 0.17586620453832977, -0.1849410843324846, -1.0009527231781021, -0.7036186020833399, -0.28603664991504585, 0.6621986771406765, 0.09345671470510683, -1.0123151554989824, 0.6088944348195209, -0.09550862756139171, -0.02565299355009438, 0.05070437465180821, 0.5035101242181864, 0.6433742149889212, 0.07181491564998921, 0.7179303744708585, 0.1949348080862844, -1.0098778517196825, -0.5745010137432706, -0.9606956844903921, 0.5314001467037686, 0.3086803241571448, 0.7233784322841863, -0.5261179018917942, -0.09070969850887119, -0.20423855165580615, -0.3951778313042446, 0.4377120596632419, -0.2771351256014712, -0.003027976812272432, 0.5384978516356421, -0.07269327813145136, -0.15085790293878412, -0.5847251392068348, 0.20686587757738228, 0.5587189452942338, -0.03461370018896451, -0.1575131787335791]"
"[-0.15019567368400735, -3.0125750044633706, 0.47620337815283503, -0.08377075616219853, 0.7508261206766912, -1.0483008176259305, -1.0441417001293347, 1.6550722603419674, 0.4400470145656631, -0.9608100534512912, -0.6353199501498531, -0.4958215421094385, 0.6851003986182205, -1.795865171943537, -0.45701401549649584, 0.9403226310135198, 0.32671302679811987, -0.6156564251583556, 0.3192263404628577, -0.577725714574014, -0.1870132651195428, 0.439215749303743, 1.094432106857088, -1.533413135210726, 0.30494073864346644, 0.34546650208845187, -0.2662319423325205, 0.6224355843168009, -1.1117125898073053, 0.07145649874421511, 1.0355147639658508, 0.09485474150130445, 1.1524815598815172, -0.3647794770976648, -0.18921188402777994, 0.046434565123129504, -0.8011957590333775, -0.1884256122177163, 0.24983929689496778, 0.5753506501073549]","[3.8057918072999843, -4.398757624614761, -0.04567455049351997, -0.2391185760138418, 0.15806801618940802, 0.49593206982318844, -1.4656755088591744, -0.1372552017011532, -0.4573804079734376, 0.03191349581069352, -1.016249790684229, -0.05547853504982561, -0.1372173608120414, 1.075557525165181, -0.21407590145381908, 0.1229085283882625, -0.13855612736881803, 0.19708381556788682, -0.2741556243239352, -0.6055697281980339, 0.2387599419845419, 0.3279886444999673, 0.5194976234477527, 0.22314047922909896, -0.42625502622627437, 0.19560172660610295, 0.04154466715887932, 0.0785740085745702, -0.260518998269656, 0.3899484735034177, -0.23831779990764226, 0.29867744080033376, -0.08412018285588967, 0.4129157921991406, 0.017108275824979202, -0.6691151936520954, 0.629545892821469, 0.27773731789113726, -0.11245021787323926, -0.5177000323731765]"
"[2.211595505293577, 1.9603004135051534, -0.6212750172012537, 0.8247290640546627, 0.3699512780014101, 2.3875605921172163, -1.8347940762694064, -1.075081293709954, -0.5658585961596896, -1.280563349779243, 0.8745352158516094, -1.597672842413371, 1.0211319888574173, -0.6143191834527713, -0.03637429004691574, -0.9818870289251275, 1.3212502478685382, 1.0486791448785109, -0.032890399467273096, -0.780565821595723, -0.2999893661733391, -0.6981451792797561, -1.0141588600684177, -1.3774047894973038, -0.30624789055974366, 0.03529809860037467, 0.25791331131207057, 0.23671219083748468, -0.1433774364733827, 0.22260812821333079, 0.4880690198756198, 0.6700200408871587, 0.41848131065571137, 0.15940992660897543, 0.24041983526023622, 0.20883274246185882, 0.09787875953030588, -0.5043256111910499, 0.025564797714226067, -0.2564832330153758]","[-0.045756517805156244, 1.3741115841766571, 2.661111047003363, 0.8870290385009357, 0.48835287528669213, 0.9147026071179949, -0.2532982325701243, -0.5901250976024767, -1.3486605864979362, 1.2117755887261032, 0.8016244614291231, 0.6873964950127792, 0.5723010786816582, -0.2284030188838574, -0.31954661615137187, 0.43512772031656827, 0.6414217066853655, -0.003946896548695263, 0.04197074537416904, -0.24752690660571236, 0.025172426351501936, 0.026815716746617504, 0.26058727484775823, 0.3999199620529927, -0.23454525637163537, -0.4755374899364617, 0.36291660597427045, -0.06845370845428488, -0.014573917510553504, 0.1797039766154843, 0.08692659008052206, 0.3000383319879388, 0.03021060868893967, 0.12487891999964164, -0.3684544087837882, 0.053282238308510754, -0.28872843819707267, -0.11219799266802846, -0.15503656394818172, 0.1796814390831379]"
"[-0.7503297366659015, 1.3311435707406163, -0.3364495175636397, -3.9534097482300217, 1.133730705982753, 0.4863283202029389, -0.15215458826977318, -1.0404002994138113, -1.398070404224298, 1.7019407614143613, -1.437645724875703, -0.36150474470751115, -1.5167814155986796, -0.24558250633694773, -1.1203933254180296, -0.5809350386953632, 0.654063014655909, -0.4452110285376778, -0.4474729112013154, -0.5672771457578636, 0.1301744670030996, -0.3446786876876537, -0.26980577201190076, 0.5477520333481507, -0.3309430403880136, -1.3034311189286218, -0.6528314533433868, 0.16348502249308441, -0.5427927792535111, 0.12612410015963954, -1.1954492817381048, 0.4427932067183969, 0.2722987796459741, -0.6731430758444553, 0.06858115927495731, -0.19605347256222788, 0.6173419273594342, 1.231780689409891, 0.14827629761139288, 0.12949292420828326]","[2.990303181360772, 0.6746870441358159, -0.8455610500797749, 0.02422942437305164, -0.4531840871318347, 0.3593483399914042, 0.830154463834244, -1.4762402672407888, 0.9183424164451105, -0.8788527472961732, 0.43723792346659196, 0.5259497588437544, -0.8521285848458509, 0.1895266007656005, -1.48584572715346, 0.3182877671239849, -0.352854287038722, 0.570424248237468, -0.42610480742074913, 0.5517965103525175, 1.1210688425608808, -0.4743719832528621, 0.6844497152547032, 0.654004031922789, 0.33672746139842696, 0.443637727195943, 0.32241013055265105, -0.5123665699477602, -0.9521563068572657, 0.35946432525268723, 0.24405970023236562, 0.0210232422567822, -0.39621492641530554, -0.26076113389480404, 0.2173313484464943, 0.2592678821898337, -0.24526719014678153, -0.13015229540989745, -0.032399574355285676, -0.7618698855755683]"
"[-0.8351996097130914, -0.3040478515898896, -1.7021438235890127, 0.18263131136399535, -0.0319056442979056, 1.1493621012077133, -1.5517429826626945, 1.2673530118598546, -0.6864914842308232, 2.120850295693064, -0.004903024468342712, 0.6250095991245307, 0.38011091182465817, -0.7015237362725124, -0.47209943641843183, 0.40888631072566983, -2.542616682592031, -0.6112164584816853, 1.469196446172362, -0.9325513651231672, -0.2086651835867113, -0.09932191628568476, -0.7224044145412551, 0.4311334487980166, 0.8264143370551296, 0.9438170415571002, -0.081705005377808, 0.4736810481937368, -0.8353246698369795, -0.6365070884658469, -0.24492814454165796, -0.7081619285119628, 0.018288738452271573, 0.008040431409849835, 0.34759396020946026, 0.24513160681185617, -1.0636581410622292, 0.002164760672953167, -0.3821927392641299, -0.24172456553435437]","[3.456623137261857, 0.4604857093126868, -1.510730924004351, 0.03485628602720576, -0.24217968180700905, 0.6551608099156825, 0.5134568226711638, -0.6394019199580597, 0.000354217114582336, -0.4292426474563077, 0.37020094947262333, 0.5562211997858837, -1.2906233095071735, 0.44615024437397943, -1.3976225203056258, 0.06638085910078749, -0.4748732901612421, 0.07429622142306162, -0.18841768698912262, 0.8219042549420273, 0.6815180632724637, -0.679013783707504, 0.8936926958272827, 0.4417182531274167, 0.05402780077311694, 0.6519109859017252, -0.16679690081893087, -0.9714011457495114, -0.9449666692278624, 0.308116823920423, -0.2986843021956422, -0.11967313239169863, -0.2648200126543459, -0.032601071329108895, 0.5542725809765139, 0.18357803074177592, -0.06363023073786198, 0.005536777347381227, 0.4014261212855012, -0.6115998127482688]"
"[-1.2999045217811354, 1.259069085889204, -1.5591126467117926, 0.7497921125675977, -1.0959798540850387, 0.6247596941348705, -0.13350815280378095, -0.07630537634465548, -0.6796625435967184, -0.5561752721982701, 0.054330878147305646, -0.8112387219094446, 0.8689701599203504, -0.2802633219288205, 1.5408523685441033, 0.14546792872080958, -0.20099218326003176, -1.1908614348909667, -0.6846762845767542, 1.1980871690367672, 1.5997175261058996, -0.6052661555480083, 0.18098032307865847, -0.17604381831186922, -0.40881192948224465, 0.5334696884870622, 0.34284906007179883, 0.1279109737113653, -0.13960088949210522, -0.45682797146386367, -0.21911581691566592, 0.23382631219342526, -1.1785879876836731, 1.6700467767363618, 0.009446564866470773, -0.22906914902629538, 0.8336133365271489, -0.3314633376728024, 0.3054952016332504, -0.4548705825742099]","[-3.8717022798122693, 0.4120340129833301, -0.5627429578144307, -1.5250082646217031, 0.09438455482923537, 0.2475540124679548, 0.007486494797766636, 0.7575920830397614, -0.2994102267259983, 1.0508019842713707, 0.15822188010864854, -1.3157993046529193, -1.2441683607943286, 0.5608002569006574, 0.4116074995598307, 0.0956514153692039, -0.35464408905012634, -0.4224819512014016, 0.03947550792084476, -1.146271838953265, -0.1349076679563, 2.2797353922736736, -0.7147582528925548, 0.8723655595046167, -0.6521403586417367, 0.17145938219651052, 0.3715652990235099, -0.28247423584492726, -1.3247734444344659, 0.3759643196889509, 0.6618191908660389, -1.6423065444241287, -0.437709333005922, -0.5600310595934039, 0.06667172191418996, -0.7921508278604477, 0.7815856722001131, -0.21742581641874748, 0.27212616465085415, 0.012060008556350997]"
"[1.21098205154386, 0.9375779814847083, 0.6599569389101513, -0.22965787779222754, 1.5380640704253092, 2.083107015351622, 1.740179800265811, 0.2700142447926002, 0.7713988727319783, -0.4654601671821194, -0.03273903644566897, 1.5089091443663531, 0.4915754074184238, -0.5712923673316885, -2.0503147304536253, 0.7437561897896047, -0.397003165985651, -0.44239170885553664, -0.6807174207417798, 0.5551142650554128, -1.7710651253724499, 0.06218237881865881, 0.9876972607179104, 0.14306977007584848, -0.6770902080197556, 0.376666684976888, 0.6846484400265407, -0.3702186831778026, -1.1587840155312845, -0.13633212274699782, -0.3075943850038016, 0.03443317024867677, -0.30029786237367284, 0.09335486974073079, 0.16379198997318628, -0.11361452180366512, 0.24535512122304706, 0.4124240728461052, 0.08856347631534785, 0.15853524905260227]","[-1.5720504082506683, 0.4671550434587248, 0.5799161812547278, 1.8447088430990366, 0.5306106599199077, 0.28887239330906755, 0.16511090134017964, 0.22013361196662423, -1.18218282962698, -0.5449321422025948, -0.9783652017431667, -1.2702023042928277, -1.1664976813384895, 0.980726058442492, 0.23615733912966086, -0.028938397966444613, 0.15808308609023597, 0.3582314345199429, -0.20733086418152247, -0.3874988937159944, 0.4490517466885596, 0.8002146509312746, 0.21018747549307096, 0.7614598907630299, -0.4988370671067525, 0.551137241467359, -0.15640280916329555, -0.03546305862663885, -0.5481889379862991, 0.7205361355749659, 0.3500473399058446, 0.49458220397201375, -0.48986145495594297, -0.23315986449288517, -0.33984496881343396, -0.37106480650995255, 0.27643671149127497, -0.3940027021857315, 0.30276566460234494, 0.7475358898329849]"
"[2.0965804312263945, 0.8816801673365309, 0.3880377070281756, 1.6169360037673537, -1.3466646430923415, -0.286961087613294, 0.4500141298749267, -1.0528709548510422, -0.5638390862774586, -1.15525985700773, -0.13418712508316225, -0.7641833785942492, 1.5512729617335517, -0.18879580191038803, -1.3070294203326154, 0.5998534537927022, -0.929950616544359, -1.4536727097986373, -0.40445331316877586, -1.0169697484040148, 0.3340912155004658, -0.5407747504694819, -1.2330607893760261, -1.2768035819589119, -0.9542583871516035, -0.44104340134121617, 0.15655100366756144, 0.0031242839742819887, 0.49588142260437357, 0.18363020088738927, -0.7699613479323699, 0.44845720483517626, 0.5635071316518323, -0.10307262128174806, -0.9230351478166106, -0.18552409844823067, 0.33646508906952316, 0.1965170054298228, -0.3663121327977078, -0.3114979440161981]","[0.07940009235476811, -1.782003504534224, 1.5380863329518937, -0.05612443453396217, 0.6900793515902511, 0.17937507853223245, 0.9763247479548657, -0.06737291667042254, 0.46299040326819735, -0.023042969191397842, 0.641154873628044, -0.859678213162704, 0.7260051869036334, -0.8439311077435904, 0.07313976475478767, -0.16873760919355962, -0.17543672555666623, 0.16391209372868684, 0.5402685917239037, 0.6207968567986203, -0.8902121859371841, 0.05529900857304812, -0.42602854524637096, 1.4011554125738472, 0.29218910601571313, -0.3471558701376393, -0.5552574082614932, 0.9218861237536937, -0.03467548292851872, 1.0882301268250443, -1.028493237708223, -0.8934157631626498, 0.4637923780632176, -0.3821089485579064, -0.3228701043240548, -0.21609188810438185, 0.2140140850847289, -0.04412960871644159, 0.4873821882721239, 0.6741381177017034]"
"[0.5115754900960982, -2.3301117412124785, 1.5684338981438426, -0.012479041239637254, 0.24754558209380942, -1.3196702701784786, -0.2960167003853251, 2.7715308917262007, 1.586852191543723, 0.4830741112486251, -0.2999823850663019, -1.7918233362024607, 0.5280722874923187, -1.431143141225249, -0.4828193804505523, 1.091651230055401, 0.4208670959044957, 0.5852313147843222, 0.29170768617324805, -0.13080688616618802, 0.3554993922818207, 0.5296682714814748, 0.030736968747171224, -0.04665801323919909, 1.4155878818047736, -0.588637726632487, -1.2608720398001538, 0.22590618250575695, -0.10724940839590583, 1.1335600145031755, -0.41208022131211847, -0.35246818723093704, 0.29484845328701953, 0.2704117116505209, -1.108821746376847, -0.1109641485011114, -0.7344371229769502, 0.19030151883002228, 0.7728581863075854, 0.008683378115480072]","[-4.639476900648192, 0.0917281087547456, -0.8923428020714603, -0.2842869846213816, 0.29835300202289805, 0.4157984431886526, -1.2540489093780551, 0.41820523356427924, 0.9650003215469646, -0.174486809167739, -0.1037291906269828, 0.7832881778843207, 0.7571136305856889, 0.27725246979108686, -0.17675566182356015, 0.9290935221449175, -0.24706234568578544, 1.1067402731965676, -1.463498140836444, 0.007527926264475225, -0.24575975170101583, -0.4070750585914287, -1.0519481547560168, -0.49329047631046313, -0.5083978696458621, 0.39727924347941695, -0.8085215535239053, -0.10042032830312468, -0.6098125825675204, 0.4826767005185504, -0.17215326931051528, -0.7493504184083691, -0.5622855787854971, -1.3564979544952964, -0.38806532524653975, -0.7015141123618022, -0.4445405370069109, 0.7108747235971219, -0.5113130925672662, 0.5396597366583386]"
"[2.458569025305142, 0.32321591139043454, -1.5182502489156064, -0.9498992999163964, 1.7222756617781358, -1.164708567791196, 0.3690372016560572, 0.04317190563960674, -0.5197399280198807, 0.07165054044589424, 1.3137549352224747, -0.0463852113207882, 0.28957416653962137, -1.104771610414374, 0.16989915336488545, 0.29868673902085374, -1.1768185283202508, -0.031398897678388944, 0.7129721903913092, -1.197922635350995, -0.16881188478302478, 0.7613107363083664, -0.1275193203727858, -0.01437655118436036, 0.973040895989358, 0.011247407405462668, -0.25484755980838014, 0.2571434531481307, 0.5037272002222112, -0.43541743960481544, -0.43791493119856484, -1.6173177059854116, 1.0804767837672564, 0.1899481838504612, -0.04206132478170127, -0.23419091824369045, -1.690887258166405, 0.9847954332943266, 0.9325826225479831, -0.7678600686067942]","[3.8261803448399827, 1.1335736901821554, -0.21249929735758463, -1.2887628473249064, -0.01128571595420724, -0.3817974499461833, -0.06431142256463308, -1.5253895429939772, -0.2622289129519428, -0.6385091168352076, 0.23906922699515365, -0.29115060949262916, -0.10533524528551695, 0.5605469132242051, 0.3902892570810366, 0.3628086310847094, -0.09121364997151425, 0.8850609124427128, -0.24323717537356201, 0.08646678309313073, 0.34075771553851736, -0.9352731849347222, -0.05685655842183286, -0.06235056825361249, 0.42775840666669435, 0.1946902447790269, 0.7407082510644563, 0.3210219150543842, 0.1685081110011372, -0.08007812081479986, 0.031660012605514154, -0.09091692195807022, 0.21199697322161742, -0.7294794506043247, -0.40014761058330583, 0.044511167906108005, -0.4947085083558418, -0.02908964728412742, -0.07757353783097855, -0.3857785277568223]"
"[-4.755699285733389, 1.4874766340582621, 0.3945616026158998, 0.3917131165487921, 0.09291285017383825, 0.11034312867829321, -1.0346216066979197, -0.48445756445278176, 0.34818379711407305, -0.050427055446379376, 1.4766280006815915, 0.46110751626691926, -0.9033676348280126, 0.8628947041471485, 0.049789363333804716, 1.301855266033264, -0.21229106039222412, 0.5316941801215355, -0.29380485064682765, -0.16824755034214295, 0.5985340628194262, 0.8786920832800644, 0.0844902757186746, -0.7569153387512751, 0.27104546360638315, -1.3605868450840901, 1.0639584211922752, -0.14567700328027886, -0.3423749024072031, 0.2639906848506968, 0.04750848606718891, 0.6639668455130918, 0.055718208510239293, -0.2717792958416628, -0.9695646974743275, -0.48119996474300075, 0.1626888487789479, -0.08838133105375098, -0.5367186625714402, 0.15001983800963214]","[-2.137147872250681, -1.2293360636238266, 0.4638127819474704, 1.332130016021192, -1.2235770291476584, -2.006923632133433, 0.3680179394414969, 0.37033519576103285, -0.5700572574868276, 0.2828987075934516, 0.21976108245930528, -0.7276891880875942, 0.27860005176371927, 1.3444632495106401, -0.31708612506008016, -0.19883788283381462, -1.256831603495575, -0.3856474114724762, -0.1484397432361796, 0.03259454749891473, 0.3185518167764049, 0.08465182027198752, -1.0561821408335779, -0.5606904617780666, -0.027302310596616912, 0.5825534229718822, 0.6597535610220238, -0.7291748510820346, -0.705455822908692, -0.23987393601466162, -0.07712180105205078, 0.2625176011752581, 0.9357705110893316, -0.7528285775054011, 0.11219271695784679, 0.5138986549513463, 0.04779503264589761, -0.2340668226534522, -0.4625808760439518, -0.4479352306567109]"
"[-0.4829678264559488, -1.4364429475300915, 3.037729930225203, -0.6024537006205246, 0.6666241873424525, -0.29013868018037847, 0.27819663121614563, 0.17161113872904257, -0.36844792597155096, -0.9298844064043233, 0.7007716503862099, -0.021959963075207707, -0.6126023424776218, -0.8482560033203403, -0.3404532700458171, -1.4161679154583813, -0.7117511822509278, 0.040550301301024036, -0.5111830455489084, 0.48286786577637936, 0.5896205980361101, 0.9047806001268257, -1.1411214559589724, 0.6114100882232326, -1.0195866243098055, 0.6230660230700077, -0.5402176257011881, -0.21819307010274278, -0.845224231538894, -0.21648013700317242, 0.39546768128220733, 0.28046660236907717, -0.7810170410777136, -0.341112439198661, -0.373314816462576, -0.22432659670663252, 0.3922685489777884, 0.7310826316515096, 0.21949626636917402, 0.05549383294146534]","[-1.9064277422004194, -1.2436452531169828, -0.7258364026214748, -0.8633165741272408, -0.5837071623906389, -0.42509901413176987, 0.05176327876640154, -0.6534519997006615, -1.2971662060890161, -0.0037497768534297676, -0.7144996058721287, 0.013511277316621183, 0.41102139911664315, -0.18575017027252136, -0.014178207868804256, -0.41391137191240585, 0.13101594499559693, -0.05692889905965075, -0.06418091150228869, -0.05378537864532034, -0.010615296192670248, -0.35111485180376256, 1.7007156232391074, -0.1213882494720847, 0.014207241773395659, 0.02832861817160529, -0.584186303054342, -0.07154269656561164, -0.5868985628428735, -0.5275254356670648, 0.07880292114810039, 0.5603593237167053, 0.44296086482234576, -0.3934612057514449, -0.6457313824155618, -0.19222299366580345, 1.2702042622557606, 0.074715574841648, 0.8283191419412511, 0.07780171632113886]"
"[0.2689330047995264, -2.0382493325231845, 1.7210867284224025, 0.27539603028867576, 1.0567436813138216, 0.16172170741976757, -1.282572235488198, 0.5817180995577619, -2.0077542498643495, -0.8673063209023074, 0.4691589739186496, 0.9574971536604816, 1.3243091107001446, 0.047150674003631474, -1.2205917185626085, -0.19313701002343422, -0.2591301061763919, -0.7284068518074631, 0.6022278962099366, -0.9017824538561344, 1.0152646968732295, 0.3629450302186973, 0.15017159717764256, -1.3244696783013443, 0.21468441030189897, 0.5793591375525889, -1.8340504862989724, 1.2154912484645815, -1.150098656102751, 0.2002701671183828, -0.11295061708381343, 0.0443771671171512, -1.139197459012166, 1.18654156927075, 1.5722350385722106, 0.15543117452071067, 1.3663058085184725, 1.5938074150781416, -1.072953468951787, -0.22095724370824288]","[1.9769211020965245, 1.6440891495738559, -0.5005856796117379, 0.09796895705110188, 0.21323457126609205, 1.1382983315842, -0.690136744355399, -1.0667575344895963, 0.07962777638262268, -0.11011405052956774, 0.1694312537180487, -0.6645893050045897, 0.31357650805442167, 1.0074195814393936, 0.3360570679313538, -0.8987036028434764, -0.21954994637708142, -0.11250654331439276, -0.5659258292281001, 0.7580998900875842, -0.30001738430587993, 0.38780175479119966, 0.052160569149766356, -0.07431970322214776, -0.06806780157748873, 0.008198682905969819, -0.4426266574380658, 0.2717442301352071, 1.585004100966168, -0.11996094711124856, -0.6443228965054281, 0.29455680462723427, 0.5333489044578354, 0.2606255517168002, 0.08762985576397898, -0.20666180779368457, 0.6775143905148938, 0.22883632389488115, 0.5912675907709116, 0.12427065483056696]"
"[-1.269723847247453, -0.6690468903070064, -2.4283443581138258, -0.30770365660424714, 1.015736174980447, 0.03227926783171412, -0.003070276610071439, -0.32196912840872194, -1.9483161198716221, 2.327160389487844, 1.828886526531538, -0.43005127148466815, -0.5405675365237876, -0.3544753102949265, 0.12524255694035025, 2.2969136637956185, -0.13086640581038478, -0.4615192048594318, 0.3474686261387445, -0.9379859855899086, 0.6544092134503462, -0.19725532689370842, 0.24198321282259994, 1.053937396943165, -0.9829948200995743, 0.6096928213363997, -0.07630024522618171, -0.33182251324337736, -0.1283909471994005, 0.3936290079639268, 0.5790553332320345, -0.04037800380336215, 1.319059285427324, -0.26532788868122936, -0.013094554993992475, -0.011427525517410771, 0.31350285756020685, -0.19079791472839147, 0.6504290755787732, -0.009363591010675524]","[1.245164418473936, 1.549412960039342, -0.38265825368343503, 2.1636861204466222, -0.37074588864890995, 1.1464105969700964, -0.4356983968699068, 0.14923636736020135, -0.020171329912434588, 0.6807171119361348, 0.24546323144437415, 0.3230845033290269, 0.16403944106138363, -1.1234692091869891, 0.5882004737215627, 0.06483137883225003, 0.32003834241623985, -0.2408335233409256, 0.816771951133505, -0.19691503915652528, 0.7611701269590717, -0.24358918138618146, 0.15734509736554245, 0.039681647615101824, 0.020151130546542134, -0.4058416752132822, -0.6644678983654181, 0.5637303110190566, -0.8572938352382394, -0.42288218737387817, 0.9539728752626581, -0.32066924393827145, 0.04898289972407938, -0.02492831016848576, -0.365039126942374, 0.09355519881749803, -0.08255531747876488, 0.012020108263841022, -0.20482966824052723, -0.2145135395445777]"
"[0.782800333394319, -0.03809040179129116, 0.758783361871227, -0.39366209033122396, 0.9448094759875125, 2.433791987853611, 1.693308103196329, -0.09088528044706722, 0.19708240968767773, -0.5199525140952733, 0.23642025731391328, 0.6087342539944097, 0.24062079649885046, -1.430397449485547, 0.4685061078524482, 0.10018160654402095, 0.3728807349338494, 0.25270769570383844, -0.7217194346785316, 0.09408537353882536, 0.8070277446319929, -0.1738923346421243, 0.9143529180806256, 0.19155265530286877, -1.6503392854695365, -1.4237954294115451, -0.3330890752175332, -0.661755858894191, 0.37644560370379104, 0.404784045922034, -0.49913059737333726, -1.1330347290486527, -1.0773092654059793, 0.3867660625181372, 0.001782705692202818, 0.6353818155677204, -0.1427530523125027, -0.9304766649181092, -0.40421376983654983, 0.16292768213833542]","[-2.273158258898969, -1.2534685380894837, -0.3149479829140882, 0.1425503394127461, 0.936498053208688, 0.9912419248205141, 0.9507070869292914, 0.0938857664794083, -0.773100580919556, 0.04470863488254843, 1.1132715517000262, 0.3331213735819794, -0.43585032750156955, -0.9538771659788627, -0.6081896889220358, -0.7108161095988713, 0.28059539480182366, -0.6853987182434677, 0.02215455896777829, -1.1095907996699688, 0.16966876091429633, -0.8445092407843262, 0.490040777084684, -0.7999656473331225, -0.308379161357977, 0.6886360253855628, -0.03254729833732368, 0.9544979098918739, -0.16134641489556512, 0.047082509102369, -0.1013304008165162, 1.2243096347915885, -0.16336640014243264, -0.7085069683331874, 0.26371169886332735, -0.07301885353536665, 0.0756873885050887, 0.6457599713460107, 0.4285157660970915, -0.498295640232487]"
"[2.005551811375517, 2.9839619231162313, 0.11538378927616828, 1.0518483091235646, 1.3827684414120547, 1.3657940197987883, -1.8768440510639384, -0.3304910878626422, -0.1894285838676508, -0.22587723069716523, -0.06676572534317068, -1.4450021824750794, 0.6752203338701118, 0.5276819496035011, 0.08769797060400147, -0.14700229327811967, 0.526333513724103, 0.5688009762221571, 0.19080858953645496, -0.2847295846294866, -0.11732943699845497, -0.7118409672708271, 0.584194026874311, 0.7376157197004093, -0.8571265325199733, 0.6610857319952546, 0.03217278058037115, 0.28802654643616243, -0.11465836444781191, 0.030917749521340854, 0.8672165489654573, 0.12409172330810361, -0.3282416139923048, -0.18419506620044312, 0.09827267814611967, -0.019954863632283607, 0.21035679454457612, 0.3981557898482986, 0.7754182623557351, -0.3153265506757226]","[-1.9922452225183096, 0.6219241026217036, 2.477073430996892, -0.5008985532083655, 1.6709168215395178, 0.48025572018428286, -0.662394920193117, 0.24564182738291507, -1.073501570795921, -0.24706267049294825, -0.43423735058815327, 0.1081444752240087, 0.32896557043934194, 0.30826428977334186, -0.8982046341609815, -0.7293984920839393, -0.8273873759154551, -0.8373154212581058, -0.11120663258133785, 0.048044989298350535, 0.4839860148857696, -0.633380006134085, 0.2174465745218081, 0.2304235393016678, 0.2338979840016134, 0.34744327501181965, 0.15720101457070382, -0.6190128417290374, -0.6407658194372807, 0.3295639339940718, -0.49463725840837913, -0.038985281263803295, 0.053589534023281316, 0.24382567025791801, -0.6086558881226979, -0.19513693066198662, -0.398784468743277, 0.0748058347689936, -0.4623774730372791, -0.029143873832443105]"
"[-0.7455070685686114, -3.1774333764007157, -1.1298233767721637, 2.0114376379732675, 0.7474968374504846, 0.6814682531053886, 1.308936447664162, -0.8466481426337542, -0.36281772479319624, 0.08209747727138482, -1.1757757940240643, 1.5304241288184832, 0.18852562100658918, 0.6156887778593699, -0.49290659041484813, -1.5600633908630983, -0.4418798076664013, 0.08641931914481925, -0.14630531121222068, -1.2553303054909462, 1.315596430001921, -0.4419906324783714, -0.7304897160755806, 0.29371844088340787, 0.6920545098709279, -1.6919656291181597, 0.691996630792591, -0.5256658787095665, 0.695016473208649, -0.5699628856791153, 1.681670200703998, 0.7570460601790977, 0.15191100301804794, 0.560934663355038, -1.0406042007316112, 1.0465129757337206, 1.1282055315044068, 1.1755897991471396, 1.313688393329128, 0.533899022465492]","[-0.734510923148468, 1.6692756915679234, -0.8119090601922357, 0.7085151959845543, 0.023805500696246408, 1.4237572075265292, 0.2315872292496463, -0.9661073254220653, 0.8258829521415753, -1.0498910170032905, -0.1385319835850023, -0.4278571860219188, 0.6461146611223962, -0.989840702368709, 0.7758245841905573, 0.0817261770115746, -0.021361897330879495, -0.3775235194034577, -0.3263300886918141, -0.24961149247707104, 0.20095468589605592, 0.03774648758781505, -0.5609827392229891, -1.8658913127273373, -0.030927706406324265, 0.198642997424615, 0.32305323092001437, -0.8223935515749743, -0.18519579935529554, 0.6354857142770577, 0.8256252861802067, -0.24328651877924132, 0.5983013981768133, 0.3965373420320102, 0.04116467722093187, -0.051654393759823655, 0.5093870731199887, -0.44743689012343274, 0.27668188149420303, -0.1780737576160025]"
"[0.38154038588405503, -2.533153071685037, -0.3665470595024583, -1.3999297154559491, 0.41620353485974376, -1.5338609698509051, -1.9770220878419034, -0.4205039929286859, 1.9101822038047827, -1.099878417383476, -0.528165384645623, 0.8806459007707408, 0.03737649124854149, -2.1699424524458015, 1.1334628226918846, 0.6746553164209114, -0.487968464450961, 0.03710802204555233, 0.6553246171180143, -1.8017406294514133, -0.5784337588025188, -0.38025035377684724, 1.1968296892774843, -0.6366379391396375, 0.03831941343997059, 1.6393428820279379, 0.7601394457623324, 0.5678655942753239, 2.329714296012251, 0.6831899196885158, 0.5307611701650681, -0.55130169881975, -0.2643260812783518, -0.16274608526766246, -0.21902968691132998, 0.19047784540348167, 0.49001311895697736, 0.2960990776823786, -0.8581116417168222, 0.4278349677001512]","[-0.07425786087866205, 0.018318233897938303, -0.34623375488794805, -0.8724638231467858, 0.25611720680422795, -0.6515124901613955, -0.821393165928218, -0.19075602509405612, 0.2843331520968267, 0.024469167457176876, -0.6841181513587337, -0.3754599784025193, 0.32976575217718157, 1.2116723478121867, 0.5745356420360601, 0.24229937745493835, -0.10977274355488836, 0.5156151520750274, -0.711969720077048, -0.560591342814027, 0.618825684521439, -0.7071038335102016, 0.27605221862113394, -0.6583779556864681, 0.2634989974180166, -0.7433198513646736, 0.2818140480786148, -0.045128343913068726, 0.8726382086931685, -0.1315577958727104, 0.9083975833781385, -0.7403768884850952, -0.19423123631583267, -0.17626788751870287, 0.662912370315065, -0.05857278229104407, 0.43302433007351554, 0.37643721519889217, 1.1288920491392354, 0.18818463275786743]"
"[-1.5569312494484515, 0.7425543334655776, -0.048644290367583914, -1.0087764584872807, 0.32395576418154065, -0.59888605696334, -0.07186797481163106, 0.43587273430155427, 0.9680258009659104, -0.7703112722765937, 0.7525981606731439, 0.43229801395872747, 0.23760443268976258, -0.8096196085076697, -0.0569611400058081, -1.390019740602007, 0.6726457326440028, -0.5429242764873304, 0.22382313590674235, -0.17157079621666319, 0.2751606347703519, -0.35050635504769867, -0.27268722552519864, -0.1881334090370827, 0.3506478051951791, 1.448223037755838, 1.0363247911383247, -0.7784080375418335, 1.1842326696297856, 0.45856085603763913, 0.5786547170122261, 0.3498284830191771, 0.30805657602812503, 0.5237933634092682, 0.3485117348024425, 0.7292979848441454, 1.4486061916406723, 0.17310608235254432, 0.3333334736991006, 0.3275287214172495]","[0.9911343276785044, 0.6640244022643642, -0.638428420563233, 0.8147068312745583, 0.6922462207379748, -2.3002583464206916, -0.26318435580187155, 0.8668730887771112, 0.483767028983121, -0.350176343059792, -0.26588964846596064, 0.45776011557513396, 0.328340157250079, -0.6428156298023511, 0.48799484954377326, 0.5570489813553166, 0.002377205559053779, 1.1750222301191326, -0.9119953122145146, 0.012118588869119979, -0.6573162279390672, -0.2592117451868442, -0.4257578777293126, -0.25218448025083484, 0.3065138909020112, -0.23626707916666037, -0.825373392604177, 0.17189056085493395, -0.8758782417988236, -1.067151156416834, -0.22941631393357098, -0.38522464038638554, 0.6242424839952464, 0.46587220865315965, -0.3892585931487271, 0.17641726076371575, 0.23211728532424628, 0.2284821718252078, 0.049397222364078716, 0.13519394631204898]"
"[3.1962467585244574, 0.17617062760502464, -0.20172317407729784, -1.7830649466593445, -0.9145742576692167, 1.3302331983212998, 1.1745168223252467, -0.5135964433101565, -1.590295455198145, 0.8591482907691016, 0.9639463803768249, 1.0190790721030378, 0.6361783050615833, -1.711076112139869, 1.3705896515638831, 0.2272676878128631, 0.30432025087237297, 0.8755701581748299, 0.7398696728401615, -0.36648065393082063, 0.6580629781937596, -0.15119861034631538, -0.8544285807636042, -0.7445743102281679, 0.04900442911238192, -1.2236970268722247, -0.03024435501392007, -0.29948126747106596, -0.016631009285955903, 0.33679137045549506, 0.5335790965908311, -0.3682716288364661, 0.22564523864555341, -0.7840623386845231, -0.5693904781853564, -0.13627212367753214, -0.11834966841330143, -0.4001249928897683, -0.1934645018095915, 0.38675527085493155]","[0.7262604830382681, -0.77668828078201, -0.17171075389247423, 0.6359739716537817, 1.3977787448096535, 0.10871288966535583, 0.5450050054564345, 0.22949518434770522, 0.20243962357823173, -0.0876719141099675, -0.12287988444188293, 1.4732701035606808, -0.5653041288503811, 1.0772598263061777, -0.13432007495505022, -0.790694625548489, 0.5282724759359169, 0.4978737253745371, 0.42830249204451293, -0.9146655573871852, 0.48234383703141415, -0.7132478154244638, -0.1907472368544592, -0.8029147749564391, 0.1612520114745841, 0.44193709426632066, -0.7963097304477138, 0.21804788074296164, 1.2022008154351105, 0.5110878917493145, 0.3466897933807991, 0.7559912848336454, -0.261201690280529, 0.8592828897366458, -0.4001179758448194, 0.14187425887502403, -0.5755975417558792, -0.4268881647510452, -0.3835414057211673, 0.49559628124861926]"
"[-3.1631788133111467, 0.03204824089415656, -0.518032704717431, 1.6319496961957445, -0.9094446597714483, -2.8568747646780617, 0.8650320657219577, 0.9377296339978812, -0.30635725766913785, 2.958915722118988, 0.45190369823155835, -1.176163910912224, 0.36086188888963455, -0.1961087290626402, -0.9176637453280593, 0.8917708993500054, 0.2655801029270024, 0.011550162630160345, 1.3961874243098704, 0.4324184532784551, -0.5104653824257027, -0.829273293578624, -0.7751373178141964, 0.4979063461156253, -0.834617674075536, 0.6172261046892255, 0.4364693182766407, -0.8445514819713899, -0.36687852247772706, 0.39764423626959483, 0.615056801784958, 0.0012809041797531141, 0.38926865340209915, 2.0324117250622704, 1.1739183001816047, -0.09073657513076992, -0.10296983249168236, -0.3509358891479059, -0.06334776085865605, 0.9435550302966158]","[-1.7858667105409385, 1.5780908469197708, 0.02326368470691193, 1.4124076577030624, -1.4631805283648613, -0.2922790495471573, -0.940615705791682, -0.039812511621377965, 0.7390848353620159, 0.1974301050113272, 1.0478030497929893, 1.0639245564237145, 0.40722686577079975, -0.7595969115856102, 0.24402365770920914, -0.6018766150559056, -0.7690451063137984, 0.5701766396099834, -0.5226972471177975, -0.28850557118683445, -0.7204874610628885, -0.37796535709057305, 0.5817471863110317, -0.6546901239615973, -0.6414250486694987, -0.5699703021337205, 0.4804631516948581, 0.11586524265557183, -1.049311573132421, 0.09114449151052018, 0.18512690432076523, -0.32642761900397405, 0.4693692481504176, 0.17690211642089648, 0.13913994452656708, 0.17939437441491407, 0.20079376611630687, 0.25055546533466244, -0.4280810881800282, -0.038383659064701925]"
"[2.7479863921778582, 2.56499280350385, -1.9388372808237333, -0.5248967646950768, 1.859544218438528, -0.534443344599342, -1.3055149999981204, -0.47720554052834324, -0.17871787762638455, -0.6261280365078149, 1.506474292823124, -1.0179846808547317, 1.855012379459571, 0.9879983323775084, -0.25913155245429736, -0.796988750066201, 0.02025593847544853, -0.058796091599171506, -0.16300996580745417, 0.95217933647462, 0.05177493597114736, 0.7507700265475435, 0.287912837690607, 0.24592407322968504, -0.39447755214299135, -0.23276060248186886, 0.0602988570855572, -0.042451694295288875, 0.6581264869341081, 0.4551818551787023, 0.1825777377416665, -0.27072061604016284, 0.7005664622469637, 0.03911524380750334, -0.49643704181432896, -0.424732961873313, 0.23776715347927577, -0.08406147181468904, -0.4112956293597266, 0.09465832832062718]","[0.8252583165666385, 0.34164562244184055, 0.5599983607157458, -0.6081189354867784, 1.9601359555746145, -1.3356625733041703, 0.3837600793187078, 0.46966163973502906, 0.36881101474694555, 0.27733465692391795, -0.2969989420216698, -0.17270098553808777, 0.2846001427297587, -1.2767833223058707, 0.2731873276478177, -0.9867804883607795, -0.007601835242438851, 0.8633544689274048, 0.18002075992292244, 0.6771309640686751, 0.2015821144133442, 0.6972501226623578, -0.3362138475218796, 0.09795768097368472, 0.10977509680172863, 0.23610750385660836, 0.09470854350221938, -0.024898665727870983, -0.12397724350792756, 0.20831379709704242, -0.1516866005866277, -0.6888936304348081, -0.0030621243886148645, -0.3930269889482959, 0.5288538644422296, 0.4069183958462961, -0.22284797167870468, -0.09181823434561572, 0.05157138366386215, 0.023423679285116152]"
"[0.4788792860374318, -0.15360395267203236, -1.7418968232888254, -0.8892854391498644, 0.925068796457382, -0.26330974927057066, 1.1057174475565097, -0.5652931259823006, -0.12524234889687455, 0.19620979626733884, 0.4245133364269584, -0.8530425418445837, -0.146339863699942, 0.13469510047899544, 0.32141530885090747, -0.06978547370691943, -0.8869836895444574, -0.9838115405265566, 0.325893730907596, -1.2066383178098055, -0.3017557697568414, 1.0663912936008142, -0.8494437208774217, 0.2125291675339569, 1.0515557101042743, 0.3760147413806965, -0.5112237449785187, 0.684998509833542, 0.10859902777093283, -0.6994027390862231, -0.4487513675053158, -1.2133441544054147, -0.06357804750194075, -0.28809409745337167, -0.30699935904684617, 0.6415492559791677, -0.8605398485924575, 0.23007763444830456, 0.41470425345713036, -0.9406917726152024]","[0.02432800618162967, 1.1131191689174877, -1.4065585652313282, -0.3022202729233104, -0.3420118046165034, 0.5578960974863163, 0.8864335419444087, -0.8796250669836048, 1.1451039836009997, 0.2551689879319496, 1.0712259532266828, 0.46237820711899547, 0.11915007676095224, 0.38626196795997403, -1.395795377833546, -1.3480429713506885, -0.3576053729326235, 0.10623646820348487, 0.4694638783909395, -0.8040200422721046, 0.30063631037960076, 0.04730428153645891, -0.7400755996764612, -0.12949628290985313, 0.4569470143731439, -0.2269388132112699, 0.04301029293337272, -0.35263421971205017, -1.0232664641894686, 0.12381625436156876, -0.6013513386373877, -0.31746847710991816, -1.1004771959122337, 0.329598286312992, -0.10944746704303496, -0.753165676315912, -0.11570287533947125, -0.6939916951699234, 0.7849555680836119, 0.07927739147664442]"
"[0.3096143037543513, -2.9382046482210873, 1.2014990179025158, -0.020575663620428817, 0.21754922372459248, -0.9407031682664786, -0.21050293928655558, -0.5678556194487321, -0.8565689255624217, -1.4567548714407745, -0.022090737722956375, 0.15774971439718585, 0.11298012649568978, -0.2954550252918208, 0.1681229522811299, -1.1977284925558755, 1.1747211090714886, -0.3914564119802703, -0.7910173787503705, -0.26909725814183405, 0.6875952839030872, 0.5223350247982024, 0.20051349471669058, -2.4774997876974085, 0.8299765059267745, 0.36045080335999174, -1.2682492077857581, 1.307178748450978, -1.0457999258945758, 0.046729572520570424, -0.10690078135757593, 0.8570398949814348, -0.4749676354288555, 0.7303249235426714, 1.3689783639307418, -1.1426088299401544, 0.11637215078294467, -0.001074766948019091, 0.29802010594723216, -0.8307998491482737]","[3.0702390723517525, 0.8853595049558451, -1.138084568991902, 0.009194696264028444, -0.3263577363186226, 0.47197742235697315, 0.7243444267494473, -1.086599087538623, 0.6392006941074325, -0.7942424056569624, 0.4175269891101191, 0.580344163197797, -1.0368862918591213, 0.2524563486595595, -1.435457842098263, 0.2075573798256115, -0.29797611462404316, 0.5433549474343686, -0.38539940157611097, 0.628292925336647, 1.0638859436448425, -0.5868191745195731, 0.7882372291829364, 0.6105306221956374, 0.21457510536381294, 0.5158602988780002, 0.18532157809652122, -0.7013314641878631, -0.8974120064447819, 0.33837592605540284, 0.04927154114561706, 0.042988968855305364, -0.4502953655924561, -0.07402445502739052, 0.29617760151164657, 0.24005284898491955, -0.24023669028118566, -0.0907787477117398, -0.025309901847589057, -0.6667172912984052]"
"[-1.2779861082679966, 0.4950109125381928, 2.151972027745951, 0.54094482747832, 0.5168275544489982, -0.8230062077137088, -0.2274559243382436, 1.096297083005454, 0.013039595223242852, -1.2268201713214373, 1.0935517760137736, 0.7692344053813599, -1.2886476922728913, -0.3315247343197934, -0.907415809258956, -1.2212569416340318, -0.3383611743729559, -0.44821121617866666, 0.8554676016111223, 0.6624300173498782, 0.8351107894032586, 0.7926189200379545, -0.7323327123059248, -0.13600846751582443, 0.1078481331896983, 1.1097709258661452, -0.15573350474153969, 0.11533608696155576, -0.5545789781897444, 0.49236747687620436, 0.5988989837262669, 0.4459716382669062, -0.9619015674211142, -0.48876857517604344, -1.4910473217021538, -0.027916472740831987, 1.3885718720877944, 0.6364626196215025, -0.20038716097405795, -0.27065304462346723]","[1.9959765730865784, 1.4666218025644684, 0.7408946095400151, 1.5222942216305013, -0.7001861797519942, 0.6708737513497202, -0.8127461057021608, -0.6169049888760461, -1.2055131252321445, 1.8568805696911863, 0.7077880523807811, 0.8650270698318446, 0.24061300213410505, -0.3761822809095976, -0.16665069037676314, 0.6758100069722829, 0.09125917201079346, 0.014838448544408946, -0.23281366384041466, -0.51759216471377, 0.1653096728886354, -0.06290204645748691, -0.012653011901029396, -0.04186408771672586, 0.053398217644145755, -0.4254071108206919, -0.05415475038885373, 0.16849326330932798, 0.27893620459652596, 0.17865532123483763, 0.4423131412339698, 0.24376512687074145, -0.3143547484882774, -0.45133634060814787, -0.12770847860574805, 0.31694526930465283, -0.8258874339777993, -0.21018698833236396, 0.08817316536964162, 0.14125245250312157]"
"[-0.8004588820037845, -2.5546334573508083, 2.2971796143305094, -0.8000799549941151, -0.12626432721109604, -0.8433911225921078, -0.38464964638308224, 0.9356763759160727, -2.5344143561195738, 0.4003230297189896, 0.9608011409077164, -0.4347910306572391, 0.2087547127193653, 2.174497031722262, -0.12160885784433897, 0.34139773459755696, -1.2975118028275539, 0.5878930170779625, 0.07832652265700138, -0.5448385704736255, 0.09403989814421441, 0.26404449951495185, -0.33910391201504997, 0.1971849906845452, -0.267958739461104, -0.7850972876965117, -1.1526179865858273, 0.9093057232959246, 1.0076792166611046, 1.3313189241676602, -0.7328573735384388, 0.5774116090440009, 0.7175304310426578, 0.6873856633926378, -0.629996920105994, 0.5232296473032907, 0.3030058601274026, 0.5581306360484513, -0.3696313203712168, 0.5395867552112127]","[-2.448557770885501, -1.0481003258628976, -1.3176329657926455, -0.6051234441342329, -0.853219070603309, -0.04583464894668124, 0.7640463902107207, -0.7174065526537228, -1.5766081799129894, -0.38236814904331445, -0.4595236938540212, 0.5856231435820041, 1.5596162812979735, -0.6909778164041689, 0.0955981574140927, -0.33590599370465596, -0.02738507385587102, -0.03372506151737667, 0.1563561373975505, 0.5506295920301857, 0.2550289574020925, -0.2531683194886813, 1.1561923000316308, 0.056856716381995756, 0.43567164130120195, -0.7926689541992973, -0.0842447756323709, -0.18890872460336705, 0.16821195770039088, -0.1761981693487778, 0.9254770858824045, 0.2433426965426208, 0.21266022933705314, -0.11916330542503546, -0.20042105065564217, 0.8211963348129175, 0.5305601810232602, 0.6774523687030362, 0.4005757062648988, 0.1875986067187031]"
"[-0.7256065484882993, 3.6940273220319657, -0.4470137332525607, 0.40463109342383, -1.3895829232091859, -2.363639001050397, 1.827052153801321, -0.27190108967866977, -0.21861734890155488, -0.9073655262551641, -0.7640351565696909, 0.05629523733996015, 1.4554611515364761, 0.9004405583501961, -0.48363133362956345, -0.8085962589758937, -0.27391662873342126, -0.38905223637112024, 1.1130324281272526, -0.19713914023754844, -0.731179309961159, 0.5840821990293059, 0.433498190306537, 0.6985934350436183, -0.3319426536472493, -0.6568745729070062, -0.018849869870684446, -0.06117996975334651, 0.6515989329357894, 0.6085303655796005, -0.45679161470014534, -0.09454835265389376, -0.35072033761721677, -0.16873028358984998, -0.1786194051228717, -0.19632115974832157, 0.44537672981773513, 0.10611305724557447, 0.25778844043175725, -0.3232283645984574]","[1.5728540476699098, 0.9653027550811043, 0.7576403939120524, 1.6305457643945347, -0.4394253472142824, 0.8386477489723142, -0.5401167012027702, 0.041805802203216266, -1.3961194357070021, 1.5578322367441715, 1.2797703038963906, 0.0634365477441044, 0.36255608508471227, -0.45986393159077316, 0.14197491130395823, 0.3823593388948918, 0.6231892871275271, -0.14708693190425506, 0.42414762871590905, -0.5516772982575847, 0.25347646991989214, -0.2870406749248331, -0.11272487643009553, 0.7800751179239516, 0.3029878077608987, -0.21424012485021776, -0.40986339496284857, 0.5147017171735225, 0.020054683830343763, 0.6539636421376342, -0.12341700787364661, -0.3627843662042077, -0.12902526000691325, -0.9605609643689499, 0.0936767121579709, 0.015495764060905946, -0.12076388027724133, -0.31605078777698203, 0.10808612346977722, 0.06952012408241073]"
"[0.033468127315211905, -1.707602114946841, -1.0303964947613704, -0.5927283356736285, 1.0678421138408476, -1.3511691037310005, -1.1391048076051373, -1.3687237793260116, 0.4024647001413053, 0.6184076094073004, -0.9674354519275045, 0.04164536029436147, -0.8414300696367758, 0.0519726117833934, -1.1976148064496872, -0.9169347648219432, -0.1648466721178024, 0.2734710371261972, 0.4678809042727659, 0.3840582174991766, -0.13934407138473523, -0.5446238544551167, 0.19993329077691915, -1.1119079066674684, 0.28024581521578534, -0.2933760941011796, 0.3861095345426224, -0.38406033522576255, 1.330807473463268, -0.5398438590194491, -1.1969241648613629, -0.8971186005815894, 0.13231458098294988, -1.2636641495435672, 0.583316087232152, 0.7682444399877258, 1.4180842688093915, -0.4285617365180719, 0.2044688601860579, 0.15392640549781636]","[1.0877890067501703, 1.638690377021461, -0.6522425077384189, 1.8345880483802934, -0.13518764785140974, 0.6880929190878535, 0.07736130734489115, 0.4889314209993714, 0.6986303899687465, -0.015175615575798648, -0.5438446932629015, -1.0300483227112904, -0.1223599246124408, -0.002864851400465313, 1.1006253854079187, -0.25734536595247637, 0.9897340178180081, 0.19855789979435015, -0.2881971102593371, 0.6848144699480958, -0.5871998646006108, -0.05858551419821696, 0.6806223798878559, -0.34466962265465745, 0.07095957876414019, -0.04792272792530581, -0.4174414767226617, -0.22579613022347472, -0.7140936397491919, 0.006321347664466707, -0.0443575476467542, 0.33858318903859214, -0.23010732598592568, -0.08758045412865793, -0.8195110549422522, 0.018928025744805475, -0.49255504042994047, -0.3589085329794533, -0.4907604208192402, 0.07363763468877113]"
"[-0.2196147813286146, -1.3975427903297246, -1.8996159246635764, -1.104128977401209, -0.4113492432476183, 0.46227586234900714, 2.3964998322215547, -1.4497370352561503, 0.8533224081914744, -0.11358548619240484, 0.07035576108942122, -1.9046530651318951, -1.3811666233339102, -0.6488228668814389, -1.7682115724974887, -1.1903908892133697, -1.1548682142411815, 0.5988787908289728, -0.9695979693187011, 1.4343445090192766, -1.3204008160386558, 0.26722353338889115, 0.9442532804095387, -1.2010222834523279, -1.2459665205889556, -0.3917620574602509, -0.2992848130429318, 0.03943778820515751, -0.3128563040965786, -0.6492591644250533, 0.7261817554355818, -0.7472090996896554, 0.49842034810782343, -0.9864348699566655, 0.36759635894224063, 0.5188006661888642, -0.8585680786417885, 0.09439238564168811, 0.31833248487327737, 0.699536176532843]","[-4.882297870361267, 0.8457967798801316, -1.3292243811577422, -0.7593324198426644, -0.19613260602779395, 0.29204048546319583, -0.8879554658229442, -0.561244160893448, 1.1186127275736597, -0.313636757729995, 0.8375399348363578, -0.09084317881851865, -0.606217093402666, -0.5172775757812123, -1.00091245841805, 0.5883636439077238, 0.6963746537581386, -0.927094734963595, -0.13969440082283752, -0.26299238720396595, 0.2930601068665153, 0.4025519774806831, -0.14345383457505811, 0.6183864558494289, -0.10098854502254329, -0.5230183139087939, 0.22018648543062538, -0.19820380147722058, 0.648736757478607, 0.16558022346085427, 0.40485251232219926, 0.3127139305237308, 0.17551067699486586, 0.4341336390856719, 0.5569634294792386, -0.8291193096362526, -0.39476829528076424, -1.2581656844259073, -1.1589010279551666, -0.18049662776034295]"
"[-2.073516660895988, 1.606893022004246, -0.5677209138347554, -0.04908852197818747, -1.817290015346016, 0.5623732057981323, -0.3747127308934606, 0.6173597298915966, -0.5325361655606989, -0.5058016253572485, -0.9401075665048505, -0.011620442964856481, -1.4976013978349036, -0.8664530892931895, 1.0246069346060225, 0.10517879755676679, 0.11221560842617567, -0.9238327082766797, -0.49248087399730917, 0.27432344036793727, 0.4022814225159146, 0.11393826466253612, -0.5745512092900055, -0.542048039891741, -0.40511815752009356, -0.14664487691222577, 0.7686407792128842, -0.8738086854173627, -1.3200792461950805, 0.07359645346263884, 0.5631040333144423, 0.03613414102570003, -0.7077109502722798, 0.042306034299931836, -0.7610813849515438, 0.46481631963970454, 0.5773153554848829, -0.33315893469350366, -0.5547441308658327, 0.29811696428716317]","[-2.959842071226941, 0.3186283089403035, 1.309103260003157, 0.3595880895386256, -0.3994219854704527, -1.1709152241896676, 0.936853734231828, -0.9597165283852837, 0.21189504117418612, 0.7639354758633561, -0.1524023959306323, -1.2395344329898836, -0.024503094720523165, 0.6387020503080056, -0.854436170564328, 1.247307020679842, -0.5067520320304735, -0.15519752215988394, -1.3929053632819288, -1.1657649918320767, -0.3003110008917638, 1.2451132484205523, 0.41152111964961163, -0.07574089830659694, 0.6518041893903009, 0.24082005682172278, -0.09921066004851624, 0.4839820179291957, 0.05036335470326198, -0.9843307228858128, -0.10333923451275939, 0.42272409540335343, -0.32577545641141054, 0.26732030321783806, -0.41549510430070885, -0.28525436423956857, 0.2710727434100688, -0.5129234151903806, 0.42738385443483606, 0.14646178155854975]"
"[1.3024267562316305, -2.5814804776678746, -1.1087718897123346, -1.1004360047348583, -0.32347800296666923, 1.1137133821421386, 0.49622415457591723, 2.2889382209095945, 1.2904726577257724, -1.1251352878872403, -0.3158966359928681, -1.0397366732240272, 0.5782278201042799, 0.8626637252113043, 0.017770198844321933, 1.0164072069050112, 0.6839187208505969, -0.21405170639014012, 0.11469435196394098, -0.14745766397813878, 0.47982383366788445, 0.06555568333960987, -0.3253375947972103, 0.8875269243421959, -0.3524839149984391, 0.4458659416147541, 1.6066139469389045, -1.5960578508040522, 0.3989333527150539, -0.650436130343025, -0.3495550186151683, 0.8625447243751243, -0.03398247510130256, -0.5950276766395161, -0.057882517798747195, -1.2977784681220723, 0.3706382506321036, 0.6659571359814521, -0.5198539300926376, -0.46543715778914163]","[-2.114746199962122, -0.6585315240432361, -0.3978110607447214, 0.02518853866362358, -0.05979537637395934, -0.05039969710019717, 1.3065345907895474, -0.31872249816119574, 1.3141898985110327, 0.17537210279223678, -0.518687633728687, 1.799502955046495, 0.4060520240614127, 1.6439332655378167, 0.19305143759525736, -0.16869207472349124, -0.3679772276818924, -1.2669538721623712, 0.5990876157821157, 0.3272909684274218, -0.7506392562141975, 0.06975183236335271, 1.03009861511159, 0.3552612415361215, 0.21208925507936885, -0.30723096972597214, 0.011925511622122338, -0.12803236076387023, -0.6030908245059113, 1.5278201649564076, -0.3193183630899019, 0.19502590890677618, -0.05140119318463746, -0.9863966712768044, -0.24360875172677296, 0.5455336882676509, 0.09072702255317962, 0.4096419021467045, -0.20714257544039955, 0.038418471741573805]"
"[3.157264455880932, 2.1811233192891377, 1.152286154994106, 1.4787808288312951, -0.7843184150966458, -0.944438207788009, -0.5611948510446266, 0.13654581026627977, -0.630984943352404, -0.11940908517277657, 0.22691686276325587, -0.7077003989566519, -0.026033299352730264, -0.9620373580723824, -0.5003085665056128, 0.09372523423683861, -0.16646866348794306, 0.20545919641492585, 0.3736736958718096, -0.6011925931294821, 0.8341103642589927, 0.3340712025026959, 0.3399943170125023, -0.035190807299338246, -0.3729960150124454, 0.21319099650089676, -0.7285052139811113, 0.35849358043307056, 1.1626971713372136, -1.202422248792772, -0.4720942279840047, 1.0166667461441345, -0.03221828290982786, -0.2652276379593262, -0.1697058218313628, -0.36269203095831437, 0.27265260543053854, -0.12468866021336804, -0.28674251224981867, 0.12262041546553726]","[-0.48441440407024255, 0.7695807085733102, 2.6616821329469693, -1.1097020944102467, 1.7232321180547314, -0.8042005288554898, 1.2308074921450338, -0.6128521209424482, -0.49090645651539766, -0.7852868003765766, 0.22051260398685193, -0.07287420290145659, 0.9674705653066412, 0.03534268293492638, 0.7410859272644961, 0.6676515084297945, -0.3741388147264486, -0.9914706313321358, -0.15341616681046402, 0.5249088223599377, -0.45008655127568975, -0.6734817357741867, -0.016622945838729596, 0.12455939179246626, 0.039806832078087176, -0.26598088199723535, 0.2077576999978681, -0.048913455504167, -0.4365268665612294, 0.5015010360619191, 0.0772279399938997, 0.006440340619274186, -0.2856835711330437, 0.12999367581673435, -0.09373845858731762, -0.12109949721398437, -0.2026714503951113, 0.02711530929835686, -0.008618929251749775, 0.06680980037290866]"
"[-4.180299691199946, 0.8024855469526121, 0.5590981646949613, 0.8164808183296985, -0.5054667047553854, 0.7193424776379034, -0.7686560591120458, 1.0614944735422749, -0.35200149115936963, -0.31891102394111537, 0.8963592994123202, 0.661212458641952, 0.11086049305747661, 0.6787724888872108, -0.4863242138271013, 1.5769952811950412, 0.6301263613895574, -0.9444275067320637, -0.027590128044700735, 0.5082623529652318, 1.443434329428781, 1.1315741784926077, 0.6445012280150181, -0.8475330791197903, 1.3391683258581435, -0.17454386877519687, 1.1681924253166838, 1.0558744039120187, 0.13117344251181665, 0.04929988936332686, 0.990688954934749, 0.7820255631622801, 0.03714940733300369, -0.5679184515177053, -0.5009246356579727, -1.1058308726606765, -0.4341009880587095, -0.03309170350987919, -0.5205539305603797, 0.36269241311036576]","[-2.8341109796027344, 0.1142321746998884, 1.1209326922504563, 0.8745071966097414, -0.7935851552686564, -0.93992160756433, -1.8624280550589016, -0.14146644810482484, 0.01844763705887429, -0.49626700789753375, -0.13629883237276222, 0.0222091126600347, 0.2841085493405868, -0.23343830159254725, -0.46194202744617435, -0.06382146191683823, -0.050606041896553565, -0.31095793417115386, 0.6369358814347948, -0.9521775172275602, 0.09419318067996937, 0.4761989407819793, 0.2764327471062847, -0.19285957604824805, 0.6633387211532946, 0.3743994455897554, 0.20869208093309785, -0.17435591890216093, 0.4523444248183709, -0.19605777327159, -1.084832264880076, -0.7182827055500147, -0.21559242322777036, 0.09118959936610704, 0.09638265829317036, 0.2737487890829483, -0.4803461192440505, 0.8181905655516168, -0.3266499195673835, 0.10148616023589709]"
"[0.7277498101422684, 0.6156888916391697, 1.6865534326011975, -0.07640305971260597, 0.7594444908208603, 0.753904525272083, 1.875503786105061, 0.7835468056678707, -0.10327163810263885, 1.9289953971466611, 0.6485013249843805, 0.6295731840521996, 1.0734004868146092, -1.1510913023856777, 0.30334962079489824, -0.1837642860345592, -0.1098135403361131, 0.3487951091000797, 0.38869864425983786, -0.8000573624518977, 1.4082799898390705, -0.07079106224923386, -0.553921063916719, -0.0972227551616273, -0.7435298608135978, -0.37519852507180806, 0.23249163362076097, -1.15029861403844, 0.9352888290036145, 0.7281836459820897, 0.22276694400609084, 0.46112851512395725, 0.23899026248563768, -0.20732909539030234, 0.7599579773631595, 0.6223728312302467, -0.6234671346773306, -0.2658129792675098, 0.602231362629194, 1.0836643386006706]","[-2.5674542732376553, -0.7326456537504712, 0.3111083127363827, 0.24094495794387563, 0.8532484293006549, 0.5166760303077709, 1.5865428017143877, -0.22216187339074403, -0.34412449596023514, -0.593916692576091, 1.1754745983584125, 0.2414115060140421, 0.040766973439851056, -0.7068295023508792, 0.34565589698961346, -1.1622154906684306, 0.25899649235344746, -0.4436513530555463, 0.7945207185886083, -1.1043716479313703, 0.015623079737100812, -1.228646918685554, -0.394888350780006, -0.9807606305682716, -0.9548250346111132, -0.12363856004273166, -0.040424424163088744, 0.8444259674925091, -0.5120465410546321, 0.474706176506673, 0.31555869279708165, -0.1297583490577202, 1.0475786442524906, -0.4980660239039135, -0.2655154237359015, -0.10603695246476982, 0.29557346429351433, -0.4883000681902716, 0.12554680192455128, -0.3522251001095408]"
"[-0.7962545091507854, -1.080267735173706, 0.8001940985216208, 1.389861335673594, 1.519862205540372, -1.5800846401309006, -0.9818422523158734, 1.468114018548269, 0.3605727405872204, -0.260847590352414, -0.8063351929563289, -0.5382969488289716, 1.5191110039922828, -1.2900291242250765, 0.5190205691259769, -0.15185486288855582, 1.120147676249211, -0.305384204036495, -0.8016709565013945, -0.7260236413503909, 0.18029891319335142, 0.9461352282968897, 0.05324446990624137, 0.07253632426603544, 1.551659318355073, 1.9170222099435585, -0.23673106098256205, 0.3905961379059663, -0.05047937072744093, 0.8091652302745004, 0.3160766058114753, 0.14912644348010864, 1.2469902906270125, -0.3040088942307637, -0.8728136548164851, 0.1914341327841492, -0.34539232433137823, 0.5718463613273238, 0.9434977507043703, 0.1221974007392518]","[-3.151756881928636, 0.7246177456503068, 0.3980855712763732, -0.434693018625021, -0.702240447876693, -0.7907737287563193, -0.6331155523610414, 0.9767130852035993, 0.4572722757305886, -1.0242189446339054, -0.5604342423062403, 0.4817048651900428, 0.45413257136852553, -0.18297361948130098, 1.0176401267444144, -0.11826745696756007, -0.08335547184339169, 0.8199508246765906, -0.8434850800953642, 0.04485680816749395, -0.2627591526536085, -0.01898514884679338, -0.28454503451978264, 0.40422657781702154, -0.036853115342341654, 0.3205367794900663, -1.1009281821360437, -0.09121755023974905, -0.016897033059085253, -0.7935760394357958, -0.04022379194949694, -0.5724541864586924, 0.793848825436729, -0.4689277280495102, -0.3774734472334426, -0.2514676982442497, -0.17288913030190442, 0.050690024453234825, 0.19258916441909263, -0.22355044338968985]"
"[-1.1998119109360523, -1.687662237804523, 2.096127410117033, -2.3245294482150176, 1.2379976188419195, -2.3408420541507917, -1.8612904654927132, -1.0886182851120916, 1.2238783003500588, -0.06445913719189786, -1.0866497322399287, -0.3496188467957502, 1.3191805808049122, -0.4377751291078912, 0.9774347070242617, 0.9173453284737908, -0.30923040088790293, 0.9992436005157713, 0.2973021921175096, -1.0916781020165303, -0.38656621353951526, -1.8294457973982792, 0.4425269685492202, 0.4947690285236028, -0.5753569089835131, -0.9455643514959583, 1.5370335531250054, 0.8636562582405557, -1.4177829524271366, -1.3916336045139222, -0.12414322846246698, -0.0007753954402248901, -0.7879597167235385, -0.0790800377907075, -0.2882162949627804, -0.22517266708101857, -0.364658518320129, 0.4958312225951065, -0.03494967185192272, 0.1265824976203802]","[-0.6171914542662734, -1.1013323822302254, -0.48249932831015274, 0.3583804361306955, -0.0013035189253381829, -0.5487673281549298, -0.39710685481220614, 0.621412910582366, -0.3759166066417349, 0.0767418338173801, -1.2544810419120809, 0.6185203618352914, 1.0576236248640025, 0.5360657261219853, -0.19543233898862586, -0.13912985775573988, 0.7373765908529085, 0.02197349675749493, -0.7956370487178926, 0.0059150578132618125, 0.9909981958292926, 0.3019190801050344, 0.21740998182475438, 0.3767331728879921, 0.278178812133689, 0.053643231735198055, 0.4128218410852354, 0.2671697603324184, 0.7394395173563552, -0.8517753118224732, 1.327012337634872, -0.6716938137654637, -0.7482231885551601, -0.17720310754600574, -0.056656608629341125, -0.7696336096894697, -0.6275947334728775, 0.548408396722617, 0.6159950746541968, -0.3186098652438378]"
"[-0.9624146783161991, -2.6006903407735438, -1.232386030906496, 3.1425216443197637, -0.0592340843313946, 0.7330003574366428, -1.2407194086967597, -1.3430898231377124, -0.33755664068802227, -0.18036571657984987, -0.8898795106385754, 1.3560719402799113, 0.9934122248656904, 0.5948100343545559, -0.09972504500699032, -1.9205091836681478, 1.1357784436064837, 1.2063895545482188, -0.6033377932403393, 0.8440727717191411, -0.0690211286547068, 0.10050967180817112, -0.6232742579967032, 1.492814104939506, 0.2995419746163917, -0.18718095910474522, -0.07771695094015141, -1.06475066786154, 0.19520363911895158, -0.8754044007761557, 0.14016217499164219, -0.16566937657617584, 0.047088325551879785, -0.5824332274102818, -1.8432023514017009, -0.7083840525430581, -1.0651549169481749, 0.6412080083841336, 0.742890929894706, 0.21289544971056706]","[0.6142218720795565, 0.9204296944656697, -0.08112982290367929, -0.5980317275157796, -0.489062608739912, 0.46583733055850784, 0.07764842661880629, 1.118063345992529, 0.3713022520138238, 0.3275906739881279, -0.16673405411879333, 0.6766928256875729, 0.714481375965718, -0.889079594551316, 0.8016342812067647, 0.5366953611263738, -1.0814314616199658, -1.091324354724388, -0.17504906775974852, -0.5929483352941185, 0.776155215168276, -0.3991654674817729, -0.6559831964573853, -0.08467888293101974, 0.21933707770897057, -0.20987860489499446, -0.8859950836742707, -0.5789633165956665, 0.2711272369998321, -0.1824467769469594, -0.13243910403794304, 0.802232094617597, 0.17022715687845538, 0.6078586471223913, 0.055741910044615095, 0.31539432876035306, 0.7121861962196617, 0.4168433005954586, 0.36547580011259706, -0.4787989484532138]"
"[-1.6992041000537077, -0.1324954450875719, -1.4614927907609658, -3.732858297873559, 2.0761493185205513, 1.8970461213221645, -0.0037939785785411524, -1.029478617745873, 0.611057336525852, 0.1701071427163548, -0.8364821774293493, -0.18281118711402694, -0.5652884086013431, -0.2698733254233252, -0.7768089714525999, -1.3457862820212896, 0.6612732796661708, -1.3216430189646284, -0.8838655379789071, -0.3357757927570016, 0.43349572862433605, -0.10671764736338119, -0.4807388276233277, 0.5992686488496961, -1.1587644022970276, -0.3205677796827987, -0.38493696441175773, 0.9730826393365947, -0.6016596541118857, 0.2820724077511957, -0.6082086387119974, 0.37686623741900427, 0.2624130876918231, -0.6230296937247757, 0.24900631840163467, -0.7390332417643415, 0.19341769065467404, 0.18969311243122905, 0.28375811623810515, 0.2915893988869111]","[-0.12567182852831468, -1.8756451507376137, -0.03609618635237047, 1.7560880429742376, -1.1569113445755008, -1.3020004139400214, 0.40580169640769803, -0.2990881016430735, 0.33544994425490055, 0.011078787452243818, -0.1563015204641618, 0.02160036033488911, 0.31657260498236695, -0.6105073396708854, 0.23604853310436055, 0.015008074657668824, 1.0290656088337242, -0.06949549558418404, -0.5185354971900977, 0.27603273765164144, -0.21516757411441872, -1.2080054964313214, -0.07729487634995894, 0.6165246068707017, 0.05762078718654598, 0.057480164899333164, -0.4908513231334904, 0.22508217915066447, -0.25482035619745635, 0.21325466306859783, -0.9144222043924431, 0.046989534310669774, -0.19740281126456297, -0.11445196162814747, 0.3486158163799078, -1.2967885279367672, 0.4952990433446997, -0.050235050846033254, -0.3231022511883413, -0.0369085389765495]"
"[-2.09060609556024, -0.5767087416697584, 1.8644677511377656, -0.2321067731330488, -0.3491494682157978, -0.10132389363954458, 1.0576848640174628, 1.5588222886396352, -0.6439105316349424, -0.9078489218318425, -0.45099880026357825, -1.107049669589706, -0.2593588723430767, 0.2472125901574696, 0.4283234566881509, -0.08791022530476145, -0.17558657267806177, -0.33832847314237946, -1.6781116062661894, 1.2309534698928684, 0.27030799133202477, 0.4381289072736077, -0.9720325633634241, 0.8970376431009726, -0.5251701111226387, 0.3268963010137053, 0.22519119527698342, 0.7157267732838445, 0.6424010918483531, 0.15288673534098599, 0.7715027266648251, -0.325613546591942, 0.8011098744208625, 1.6671983935309365, -0.22718651607403686, -0.45623420049580526, 0.1281935014003883, 0.26693271222879394, -0.4457679090336497, -1.8106215832323713]","[-3.5673004448253858, -0.14493328134233824, -1.1418685559859238, -0.9387766583351488, -0.8369468164553037, -0.5324079547103692, 0.20535258978580437, 0.1452015475674342, -1.1876686934159653, 0.4716510973661346, 0.22803976918408023, -0.451948691488313, -0.2670301096118768, 0.3020383043205093, 0.02762253144669537, 0.17475657332146438, -0.6559691224371526, 0.14587303468878807, -0.2539204349486202, 0.030920294039342548, -0.8216480291800051, 1.293528401943158, 0.846763098320702, 0.209542449566306, 0.06708086905639195, -1.189070703112224, 0.23304112136595093, 0.842365315401119, -0.4651160516561508, -0.03618185889846464, 0.07146633815077391, -0.25204347745792643, 0.05743423765500184, 0.19093871236751384, 0.3516121095904691, 0.4695948796031251, -1.5932283562705536, -1.4084906453929118, -0.3073145722449253, -1.263633690624837]"
"[-0.873341337413973, -3.2198719405007274, -3.3017042497954012, 2.3273200592479486, -0.5418884810708737, -0.24117376848746902, 1.719789030318137, -0.2235976010076914, -0.5027122400834232, 1.1483679606481982, -0.808854819119855, -1.266273261419843, -0.7989772659603164, -1.0890658660217292, -0.7165791161790237, -0.1940547030715071, -0.7246337660625006, -0.275551170125137, 0.9283831105102154, -1.1761113594204133, 0.17555527068346669, 0.12382327535045155, -0.07624461001571324, -0.8437527108509574, -0.6714771830090842, -0.5199690327017432, 1.2341537620496918, 0.415969282065865, -2.0259367623517752, 0.7637732439073943, -0.46395259910794967, 0.6961716524800118, 0.1456168008792285, 1.4750826419405338, 0.33911742044278687, -0.22290580777971675, -0.3923075535703075, -1.2508351488029643, 1.02684829993436, -1.1076000838272233]","[-4.744877669458947, 0.729253326649675, -0.9356266428566378, -0.9638434576741582, 0.15913503442774585, 0.49696834985299215, -1.5027890867816613, -0.40895351202582325, 1.1619608073925958, 0.03182471502197969, 0.4380547916246037, -0.7350784668156628, 0.8236343298591016, -0.6218493050355668, -1.3029430628956784, 0.7946555927416703, 0.7231815411350411, -0.8023811104655787, 0.5318332920046092, -0.2927565926121539, -0.3480780767939677, 0.07404161044690168, 0.9641328186649426, 0.45878548434246696, 0.5425400994377293, -0.40950649090571895, -0.0629049118834518, 0.09294721583292798, 0.6309211536792411, 0.24780948125613972, 0.1385328704371346, -0.27684759394209996, 0.8170387280952979, 0.6862699629964893, 0.40468226746657676, -0.28343036508851466, -0.6934795726745895, -0.9899938115622872, 0.1974746466383547, -0.19755461834423535]"
"[2.358638697065914, 2.2325527050355425, -1.5119559147398465, 0.14825904216146865, 0.8658464961066358, -1.1378608356050712, -0.20384958163160122, 0.3016982116091758, -0.5240017535616096, -0.07178389282637153, 0.5053328988397359, 1.653754647917871, 0.9657576920901398, 0.5638239497820832, -0.34421270468412973, 0.46787479207103233, -0.41617957356971674, -0.35140316405102257, -0.8727062195535907, 0.19214321215435046, -1.6227385751407457, 0.09914089159935574, -0.7803443711518889, 0.7682949029018081, 0.6297244543293707, 0.12444575318122843, 0.5385471379354219, 0.6804458109392774, -0.38443109811676623, 0.3971478566435086, 0.5964778843662992, -0.6983492919689779, -0.2686362709982266, 0.049853139940477346, -0.5311475336896946, 0.1879590392503974, -0.2525720748021367, 0.08166474112066027, -0.11381425343969721, -0.6239849407499691]","[4.2090700457854995, 1.0614056851021232, -0.31073515059695406, -1.4425039120598024, -0.12165312114859736, -0.3966539299165069, -0.0766004345113721, -0.6344073574861522, 0.10155285150739797, 0.005115609532348075, 0.051380167970749985, -0.9238725327114412, -0.35691550600525634, 0.09182027134821868, 0.26577296000149947, -0.023530020376745467, -0.10387875498016672, 0.38343495061315813, 0.07819895470391588, -0.4943499341585712, 0.00742048240454138, -0.5506568091358678, 0.26562043201606933, 0.4475303880768265, -0.2270752707008695, -0.09170807829631904, 0.15227477308594692, -0.21216817991799017, -0.2438038174352455, -0.31177080206636093, -0.5062733424385212, 0.13599895805160456, 0.14045993991570108, -0.3932396802812877, 0.019700510327625476, -0.0002905567660272593, 0.2129134042316084, -0.020651355753579972, -0.0725384100153589, 0.19719167051316727]"
"[-3.9275390195618805, 0.6673493039321723, -1.2132262715543776, -0.24801023245694223, -1.3105222044434515, -0.8559967895598747, 0.5816458213159146, 1.0444628627293489, -0.999169432978579, 1.4195928658388166, 0.4935393315854891, -1.494458095987123, 1.0009681831250348, -0.4740145328024823, -1.1082170804243767, 0.6721711925391403, 0.6130917775613125, -0.06644945865954835, 0.1925557911577555, 0.8847301726255934, -0.6250750955686236, -0.22508938507398477, 1.2605832968616844, -0.4913588675782124, -0.32101228710959834, 0.1649825603069561, -0.4028539217535757, -0.47098564810531673, -0.07244490324152868, 0.4769765731680638, 1.5931901835263835, -0.7734598248699603, -0.5169058998417678, -0.044071800274125814, 0.5039749829948842, -0.14990517484068647, -0.38616054014705514, -0.6312571505044744, -0.990745246948256, 0.06782031210979256]","[2.226794517310705, 0.21489423727854498, 0.9277449281450957, 0.3327011932419154, -1.6316467138835535, -0.4225784332787755, -0.047939008811001216, 0.7325247811966576, 0.1360976952537927, -1.1484258316920997, 0.15076451108985797, 0.18284538781593862, 0.1862360143998262, -0.6112999371045527, -0.059798779324401925, 0.28086134356272996, 0.1519721946496332, 0.5185744330639436, 0.2821014247123579, -0.6826244108881951, -0.3944489063567946, -0.2733296794936257, 0.36963902641269947, -0.16539490780001562, 0.3429958796965936, -0.38232161037145285, 0.17854136993756928, -0.40107362227550747, 0.38694788231380484, 0.3705547805698053, 0.08631113196439055, 0.06535755521344154, -0.138245610766645, -0.30460044121537805, 0.18828934504407613, -0.5747589026070349, 0.2475443277884576, 0.6412576486121836, -0.03242077921546013, 0.546504017812927]"
"[-0.2117906243901825, -1.4651374118080578, -0.03863724360062146, 0.4600603398659616, -1.1270753211326439, 0.8969997175174028, 0.782794035850501, 3.172094640985815, 1.0758185469634183, -0.9219409518562319, -0.8679379690147758, -2.3975983002657815, 0.443695580743011, -0.29100489205970537, -0.4855937458276673, -0.1012168822870525, 0.006149461556441853, -0.24033797340917865, -0.6513961312891619, 0.021471317818359696, -0.12436659091119358, -1.1297117082988812, -0.018495353517126677, 0.9700156998725304, 0.5662790062881378, -1.0421992518456973, -0.146923437457947, -0.5451782784501591, 0.29619675344962887, 0.09720682056593488, -0.10161624513883769, -0.491469361185653, -0.23436877726111377, -0.7134782029081717, -0.0808266646673308, -1.3478042486674102, 0.2111425761102626, 0.5202698703614614, -0.2305413329124687, 0.09156108473858653]","[-0.751464448266951, -0.9313483186718202, -0.13411309348718053, 0.18381512261724964, 1.2581590394631827, 0.4154041700351665, -1.7828019390780694, 0.3525852613889508, 1.4177029743370495, 0.061411670782135684, -1.2840032623000481, 0.4985988084405579, 1.141653600094207, 0.37065008713760494, -0.6541969463678109, 0.6493103774701848, -0.9327545744678736, 0.3623304322804784, -0.5764387772514992, -0.563438370157413, 0.30794135011191803, 0.2692205409356399, 0.2511319244430645, -0.27447829225949205, -1.058012343246326, -0.48387456939915136, 0.07100706745372848, -0.08665674890112758, -0.1811668029056494, 1.4666675363774788, -0.38358478168256965, -0.15522981418659978, 0.17575894301050102, -0.7925882711568539, -0.9133799642050789, -0.8122326384446462, 0.6657225006190569, 0.18718669127721305, 0.06375400451600202, 0.4046260736651035]"
"[-1.7664247454402708, 3.108412340731147, 1.2518820656302572, 1.2625121978915577, 2.7411006510933182, 1.679060502381324, -0.021042663722247435, 0.12817982560037372, 0.18781281815751436, -0.9327019063692653, -0.7748333029500715, -0.6600729461686654, -0.9136798264770445, 0.26729185638886854, 0.509456806506647, 1.0093378874233854, -0.19944761576859166, 0.647380858013073, 1.3123048500536352, -0.3914836883599012, -0.8583061344002944, 0.6752424683557586, -0.06734036702059466, -0.16314166646295528, 0.8695750214140073, -0.3440769625570813, 0.26102638242911574, -0.36773464911472203, -0.03425029769370059, 0.07074125031768842, -0.10321442634003261, -0.30027304814089434, 0.23795173102192246, 0.3186971818067913, 0.7317610706529171, 0.33991135991577015, -0.9432922973763258, 0.1739273121571478, -0.41781656612265816, -0.13316352112482072]","[0.618566267025279, 1.6329224979250927, 2.230253707620809, -1.3346282001430803, -0.11635667865001237, 0.922604148239047, 0.6868929078118133, 0.31319028771805507, -0.7064555513569759, -0.5663714087435435, 0.5068562050654811, 0.48080623744320056, 0.28778740646645284, 0.30861942062964126, -0.5230027341102098, 0.17998911006050547, 0.632643501640454, -0.3369830549799427, -0.15090652172968155, 0.054502240888219804, 0.11415858410314995, 0.8608319505659244, 0.00795389225086567, 0.14382599786327294, -0.23189386848345273, -0.22321515986464385, -0.1611635626682727, -0.6023821301756149, -0.2532418918587832, 0.3122095071117257, 0.09366869111760966, 0.22330579219819255, 0.644755786976939, 0.06980352630601461, 0.18341345279061044, -0.24730651301035117, 0.3321701803822977, 0.14861244826932904, 0.05889019876362741, 0.06380175783830962]"
"[-0.8418194719547765, -2.530516086272935, -2.304211306029337, 2.381944507978078, -0.24446748313120187, 0.45045032286558284, 0.4534584704308779, -0.36821621755096984, -1.283409344952632, 1.1026965677675753, -1.199690292938625, 0.553104113893493, -0.06669673702800262, -0.15725192862049056, -0.523795562779772, -0.30064430599694136, 1.1873043182838063, 0.5391144037535899, -0.7227430130619015, -1.3489713193127155, 0.5929182517551281, 0.8835526391608731, -0.2949534642577654, 1.405389450066621, -0.2763942520201518, 1.0426237352280672, 0.058317800568085706, -0.17867053827428606, -0.32250028927070007, 1.0170294600607714, 0.34712561400904124, 0.0538525158835853, 0.08949759580400833, 0.45800075264905926, -1.1197451403919552, -0.4471323050500244, 0.2474443587373762, 1.1329362204228903, 0.37574561897043485, 0.03173954219149812]","[-2.6395369405870164, -0.844813558190728, -0.7687808696085752, -0.06803207803266645, 0.09046482667014118, 0.33329676680624865, -0.5838246116725323, 0.03524298710538943, 1.1779135958051565, -0.012365177038332767, 0.7860216657530423, -0.6790467878018001, 0.3651335611973768, -0.5836647281245456, 0.4365701493786974, 1.038122435317956, -0.31077499382003004, -0.21303745348838593, 0.9046804558282981, 0.2777201305009238, 0.5591398660618476, -0.06039704180115432, -0.2708583765930037, 0.26701108729068473, 1.0361188416796283, -0.14812246480257943, -1.1473278691788191, -0.7637242498224448, -0.048392735528824414, 0.3348237772435609, 1.0640261040198642, 0.9205211762266233, 1.0324676382307885, -0.33106300213649575, 1.2585274712082473, 1.0763031520403343, 0.6549693210455522, -0.4658887749370194, 0.12056262413954895, -1.0741900800429403]"
"[1.7162626511496506, 3.060247541577594, 2.1766430507698384, 1.4312417687275976, 1.3812472168522207, 1.0463596358205236, 0.24492312809412745, -0.18961883649882896, -0.2547106599328431, 0.17081012280801833, -0.14485978843448283, -0.16901392881622634, 0.048719634822620386, -0.484476336557421, -0.32692126415948536, 0.5168404525319753, -0.18191744102704493, 0.20790486902236596, -0.0020267498858057733, -0.11621292035591436, -0.771192914972603, 0.16583629725420476, 0.6296478128250117, 1.1256530907931614, 0.26870016776595473, -0.3093327390939607, 1.035353410638424, -0.6192512212686972, -0.5598548101231556, 0.7017762776521875, -0.5714785182284731, -0.7447142031963104, -0.5185994333007725, -0.5825103369074733, -0.23673091597040674, 0.3303211517769722, 0.29049088963082476, -0.2613285499625636, -0.02820990817726436, -0.24640744816352111]","[-0.10248921177427295, 0.6293189030112213, 1.8559923248660357, -0.15217278529463346, 2.6397782794683775, -0.4505693636894906, 0.7281054305940783, -0.9796112381470438, -0.6833219001370098, -0.45591956195639194, 0.4886310820887872, 0.30562870650926816, 0.5903119388362895, -0.6075438785609839, 0.8799916964008095, 0.5789403663955729, 0.14326488013934455, -0.427267986265832, -0.24790699675835384, 0.3558286116605851, -0.429582993751989, -0.08568036508114563, -0.008229543260470405, 0.0630371398494311, -0.09402587798406144, -0.30977800954590556, 0.21107384869997514, -0.23673546900825912, -0.4234776675658173, 0.09843485819927321, 0.6464301461939719, -0.04019720849595989, -0.0748548758094723, 0.4685559098047329, -0.3760151798687385, 0.013789816871737762, -0.18826212454184238, -0.14634128016873996, 0.10773181327499094, -0.7035773451227934]"
"[-4.469530991961206, 1.262807469006876, -0.7563692808212004, 0.20648868477425045, -1.1365133021146123, -0.1452187302241372, -1.2946556313998907, -0.6966032031490736, -0.7052923984646838, -0.9058358955193728, 1.8473936431879372, 0.6710973752251516, 1.4169319447608035, -0.37898543221159176, 0.8448332226248388, 1.5840204773477597, 0.4177999719307112, 1.2775832552730797, -0.8112727116355616, 0.728923741602486, 0.557215615767393, -0.1873447796950181, 0.6967502263719909, 0.06239560928086337, 0.5283101747027489, -0.2139477998607319, 0.08754906393266682, 0.13477692037798156, -0.414283997561264, -0.5573356303336953, -0.6340865814088327, -0.0685613566723708, -0.7238304093355282, -0.46091523876417484, 0.24455888079666963, -0.05746186936140437, 0.25403773309021366, -0.4820493685495215, 0.16337649114967898, -0.4393739213993284]","[1.394738793900149, -0.7261117682208034, 0.2747817476266049, 0.4000892736199576, 0.16255145719552114, 0.6193054003286514, -2.5836833159277184, -1.2321209587473765, 0.7471310790550525, -0.46173728049406065, -0.24048141761421607, 0.07417242306217575, -0.030994175302392842, 0.262814757072486, -0.22975461166368866, 0.07274486533376963, -0.18507363569333424, -0.7715783714884334, 1.789255514435006, -0.19946066354327563, -0.41542051357281656, 0.1382770353121224, 0.3311467406756882, 0.5562167669119157, 0.35737130622465435, 1.648853275507857, 0.34498995526274734, 0.505865965472287, -0.15228509757778907, -0.5901101658209201, -0.2553653460124923, 0.24273821387818806, 0.17193746465187346, -0.3027399182817053, -0.2979385090490604, -0.34810258318999737, 0.04035214149667918, 0.8040758476061377, -0.3019505196324593, -0.11149372798007376]"
"[2.758302457542272, -0.16043176380437618, -2.4670556365422405, -1.112040089944313, -1.2514636113782969, -0.8178973437748773, 0.9060316164067568, 0.3740182012005088, -0.12388054507598546, -0.5675769528524437, -1.3167503296911076, -0.25475058565568315, -1.4057410093697602, 0.7640778895683135, 1.4566013962305444, 0.6158845246521999, 0.848547946255915, 1.2778265006086766, 0.6937341141275903, 2.0122308878485162, -0.54892461386801, -1.2016771666001425, -0.012595672620278244, -0.007586938807556558, 0.6813211955578767, 1.0503649058789373, 0.5325806418840725, 1.2002959655483092, -1.0607987054600938, 0.2908747652828824, -0.22524521500861028, 0.25153521977736776, -0.2162495083871368, -0.37141882720446673, 0.11322413880068873, 0.24403484319524552, -0.011785159458705046, 0.49936641608990645, -0.633231402660023, -0.15425445417964936]","[1.8812335666031395, 0.9222302389591701, -1.5715608717118574, 1.2717746509399384, 0.3824761544536439, 1.1182746249571551, 0.1663713183779885, 0.4544938255881199, 0.2269145986210058, -0.36288111973394466, -0.6037740527825091, -0.27651529696934146, -0.13262504276566545, -0.22369709425752382, -0.1937883595234621, 0.08847073061544614, 0.37998612088564193, -0.05650364401109699, -0.63947566955733, 0.6917209125524727, -0.9780312641212487, 0.26757080406324996, -0.5157014934990855, -0.848675232007137, -0.3497204394676028, 0.12498014286613325, 0.4672311142596811, -0.5448108028404689, 0.2962859849242132, 0.34201778945305505, -0.30130440745020093, 0.019164334743721537, -0.2876357210603487, -0.6591939478769621, 0.06897096830083704, -0.04334451158510746, -0.19163998261896195, 0.1443744791383313, -0.6667733448603882, 0.6699314395125259]"
"[1.061735669109173, -0.19528512903089684, -1.4124806828735588, 0.1540616235232833, -0.9570575580986401, -0.6219761173869114, -1.076284468806085, 2.408376709093664, 0.8620374684657295, -0.07762775796829186, 0.062183543188699696, 0.13588706724695795, -1.8013172939192255, 0.5581443715943685, 0.9644757149237719, 0.5946701133575861, 1.4080733510381982, -0.5370609244341517, -0.44293634706227303, 0.10855043058072565, 0.11042393935737586, -1.0433506295153168, -1.2413649717524369, 0.2148338998582404, -0.6964738703122468, -0.04738040138603351, -0.16443248682001302, 1.2932996121796738, -0.372835817618151, -0.31948559463104065, -0.7420344791402793, 0.02366274328766698, -0.20517764352958107, -1.222243694186367, 0.34328255433366045, 0.18063370676843327, 0.5172452246773719, 0.7682758098579271, -0.11506698397008971, -0.48778308779754964]","[-2.32262770107066, -1.067875529891203, -0.0963455160368947, -0.326195135715765, 0.570036345124113, 0.6084655672962965, 0.38697972539539954, 0.10638849817251163, 0.1942224261294891, 1.3768394589977708, -0.48144475956930716, 0.8574199346889856, -0.41113762530819314, 0.9485229322282273, 0.7656067211572631, 0.5124666733842115, -1.2698647233918225, -0.09791581294935182, -0.6794747956219839, 0.19200804098267693, -0.9450642690417405, -0.3464738511945093, 0.0027876789307996926, 0.5565056589214078, 0.9926949826084165, 0.5358865824898634, 0.7798476439590373, -0.454980759642444, 0.19054294283778253, -0.6177115394941187, 0.6924670679128512, -0.30475037365348856, -0.4444294660718905, -0.23312274261580598, 0.4401381338760807, 1.4227761694030452, 0.14304766989771417, -0.5237148788781733, -0.013870710767269173, 0.1965130867420324]"
"[-0.9185205905670476, 4.182769667981038, 0.7738747845377805, 1.4378336182113645, -0.24715692158592295, -1.4665261394614952, 0.43837695301320734, 0.062018434550969656, 1.0275293671321708, -0.41262368210425493, -0.3638622049046806, 0.493894944953198, -0.408611200086914, 0.6364568983482647, -0.8545401094125388, -0.3690911998881531, 0.7928097613365587, 1.205191516475702, 1.0029152290958778, -0.3752915218217335, -1.0655684736627187, -0.9809969679810724, 0.13705459883838894, 0.18235290741574225, -0.539296271541927, 0.9146982695482757, -0.3679813509273098, -0.06111486930317363, 0.20172178821263317, 0.39415859456624636, 0.6260283025704261, 0.12457382095322866, -0.8092363135640648, 0.021660530811177678, 0.3118397270221275, -0.38040279356981205, -0.005702755271326148, 0.3101878097810998, 0.4517253364275551, 0.07747858516578192]","[0.9520092084883001, 0.7106833576088899, 1.9541333759101362, -0.3391197673348724, -1.13232046981108, -0.4503500842357459, -0.3121107032840637, 0.4663157883250694, 0.5040672033306073, -0.39248115511970993, -0.2715229324726472, 0.7106545905414565, -0.32978537191580515, 0.5203062350889902, -0.5533051661321597, 0.09773878075551319, 0.20798448013367254, 0.6368700933139287, 0.14527934018853836, 0.06994399539456919, -0.4539676296761639, 0.7668315944326674, -0.15031745531078236, -0.5157341014760892, -0.5934253423145359, -0.26801222685730214, 0.1828518008665249, -0.30075127632941756, 0.23854146454517097, -0.12860877852634442, 0.6671613825184861, 0.16578521107642033, -0.7466262416171614, 0.2649453082837197, -0.037870658237230084, 0.3369125309478942, -0.18339284516694138, -0.06992810953871603, 0.18125149818996572, -0.16558045312259637]"
"[2.628476256218681, 0.2949398749188109, -2.370729549663594, -0.40369351958818345, 0.8425398479356276, -1.8116739880294574, 0.5041165580600975, 0.8425904464811622, -0.12733279393003785, 0.30318546318937917, 1.7847163686119434, 2.0400550497577963, -1.4080970248199418, 0.9569129437935667, 0.11582398825042578, 0.38433161147847245, 0.5926781581606596, -1.280344804100907, -1.3514611154994303, -0.7665428506297117, -0.918518184994032, 0.047967392456828475, -0.25590981054982626, -1.207382475010507, -0.45753970370150404, -0.4524037442873943, 0.11143494716365426, -0.17791778649946616, 0.21672571920379072, 1.1241242004187941, 0.20729662241329436, -0.4728080039312004, -0.20630231804869414, -0.7445802710927741, -0.1684680229962899, -0.4286674608948686, -0.46732686477032664, 0.22718464664026786, 0.28078746044806707, 0.21404731807779492]","[0.33850312503787433, -1.942782339173632, -0.10186179560230728, -0.08730121345596735, 0.8284128079798502, 0.9879948756991969, 0.647187556881259, 0.259250018249328, 0.4504700387831221, 0.6105210547082085, -0.12948795348656, 0.07948888897990285, -0.352704163140318, 1.379422105776951, 0.6257897126598778, -1.2180893711190133, 0.49400733184256523, 0.724806146932768, 1.3125885215596305, -0.13381657020130822, -0.14256020569934105, 0.174577432972336, -0.6458155575436849, -0.12833169912710574, 0.9477325650321651, -0.49637383380886174, -0.12306677552537044, -0.8919337048712978, 0.3362811651379552, 0.2995545895664806, 0.4037011353304984, -0.9620030183248415, -0.15420377550130368, 0.04204043528170019, 0.39470204018615596, -0.35140075452749786, -0.22356593109571263, -0.9147982537070019, 0.7498273763332798, 0.0773701393614784]"
"[1.9146895082673403, -0.9024050802287022, 0.7035356330829826, 0.9906184095329933, -0.9312259932567609, -0.7602398016807357, 1.1607513326488468, 0.6400568256232808, -1.1509874314588737, -0.6297525853390489, -2.1387462866532543, 0.6472504651035254, 0.5782627120354332, -1.507948334149026, 0.3378382615035996, 0.06644196404441934, -0.8086586067854553, 0.02454611784406778, -1.6075118568217135, 0.824588602759646, 0.21810506202975008, -0.20608569401258126, -1.5400621059041872, -1.8048738631967678, -0.06312505154052982, -1.0258055746465138, 0.0780397144598589, -0.8037128220410765, -0.23032860978163952, -0.21147321022672566, -1.9504498274805342, -0.5075531645237362, -0.1622492098201714, 1.3323566473268114, 0.6528602443570626, -0.0021019278645098447, 0.4764673467566644, 0.4059463935387829, -0.47916335443555613, -0.8642179925147322]","[1.0852641762408834, -2.830993877255302, -0.5793183346101238, -0.7353414087103015, -0.6734630322535209, 0.46428689574795756, -0.417179249255624, -0.02873671149938004, -0.4104602794217435, 0.38506132250796743, 1.022208083392875, -0.5329757806692637, 0.4217257966750752, 0.07209354902955208, -0.1280617763589968, -0.11380780992550893, 1.4718404487032133, 0.1323648714833015, -0.6979103935673568, -0.12354375663170847, -0.49843643675685606, 0.2955433605302351, -0.30335673084367387, 0.486053119331506, 0.01504939981491074, 0.597625934191892, 0.12146358049619174, -0.09580780665287174, -0.13925355382971913, -0.35329136398202826, 0.398111500686086, 0.3311850064030796, -0.6756583614778314, 0.4619294929953911, 0.5241542724426121, -0.8059722630293013, -0.02535839322372018, 0.987754048758387, 0.4849131004451848, -0.140654220466912]"
"[-2.9420370257484, 1.4559063709941213, 1.3646461167458035, 0.48603680146853945, 0.5918737043799466, 1.254399261277072, -1.0238782843629155, -0.1362458001680806, 0.9600292298794173, -2.013755259973485, -0.25272044355047885, 1.3461416535194808, -0.9235597277596861, 0.3296523936688363, 1.1774169898217386, -0.2721985962919132, -1.2252647971407364, 0.5363934747052522, 0.9164637119439739, 0.05184555383957828, 0.024671634538603604, 0.132103153740997, -0.3416384103674594, -0.1730487701281312, -0.7510420587005544, 0.3854852874632248, 0.5593612471012911, 0.24667275064529956, -0.7314616589065313, 0.5700056223008851, 0.23722434754227348, 0.1707220342951628, 1.808080185545617, -0.12824978163177594, 0.558972570772828, 0.4798819750402921, 0.8537224421709472, -0.07078287558853925, 1.0242746947807246, 0.2969489537189456]","[-2.19474432800961, -0.8963742676483025, 0.846261278714799, 1.5798691790760893, -0.9123378706259437, -1.4227687131583309, 0.3639652575672019, -0.07127452298731492, -0.4330568706214564, 0.3598936144733147, 0.09092769721129511, -0.31761522139538106, -0.06807355699969629, 1.1407441587368512, 0.2730090326601787, 0.06608239184659584, -0.42912788958993253, -0.4084191569480462, 0.06891435740686977, 0.06425480753583754, 0.5101405965385988, -0.08678927539402201, -0.9374802170136219, -0.3203761516581706, 0.33589075534497453, 0.3994406356043977, 0.1565882365973053, -0.5979587181920201, -0.35654450198300386, -0.20476420211787466, -0.08804659618643355, 0.09147528958646077, 1.0024855956582355, -0.7261018717984944, -0.4858269758202762, 0.7551529528836994, 0.9810226288093556, 0.3362080063231466, -0.3886570952043721, -0.289901986794389]"
"[-0.8624926868176067, -2.1566919880204583, 2.7306801151096884, 0.04850711291697354, -0.0763435242754589, 0.6805046882311788, 0.25109852645511993, 1.585416220790269, -1.7911744783417205, 0.4660284167169057, 0.1114291405607361, 0.15422882014017414, 0.3655814842175116, 1.1979248594447929, 0.5880367551421073, 0.8523453849812163, 0.24251476269036945, -0.49729789549575026, -0.47704616088812035, 0.2973171365600758, -0.6326018573285482, 0.19595771065752088, -0.14231659987576462, 1.398559144567505, -0.7795700809897923, 0.2602954481200217, 0.9710582795014605, 0.7929819514189224, 2.048055724082654, -0.329232185679649, -0.3852440081722112, 0.583318057974967, 0.37395481494329535, 0.8727124394047707, 0.6808548680468942, -0.8242073383816834, -0.3320154251066293, -0.9970262095666184, 0.4868142730355442, -0.48483541486969]","[-3.958543864912416, 0.27983034479437907, -1.163737227914554, -0.48354391029983984, -0.19042275085709293, 0.055085126527451476, 0.25408949638023637, 0.7009473741372416, -0.21926393859812232, -0.6965016395711137, -0.9055898987423459, 0.23362862665015643, 1.3872990966178445, -0.06095729505981397, -0.16269665586661852, 0.14296015144247062, -1.0825260537650054, -0.30238676182792, 1.0454755725316203, 0.434890853410558, 1.4473742674883519, 0.20941279312064337, 1.198730434856376, 0.6045020231442709, -0.5396720352200441, -0.628510304619857, -0.7747895771646004, 1.0117553227791654, 0.0667386166726056, 0.2867370782194972, 0.21880154318529388, 0.3022397634364923, 0.22264688570169194, 0.03981126857920569, 0.4218732924841157, 0.4601962653604547, -0.2944165077680224, 0.2635375443092329, -0.7987389627686852, 0.8928100372965135]"
"[-0.6056183572724314, 0.856904545606766, 1.2526020794494002, 0.9349372824823906, 3.392413950635943, 0.6035373000405221, 0.2677978811987572, -0.07317255129709337, -1.1602685203638687, -0.21348138504339975, -0.3107877430504133, -1.5490869004785062, -2.2064404363467647, 0.5801353881367035, 0.663985656024859, 0.3984043813873315, -0.08977129736700253, 0.535385210352575, 0.30783246272992704, -0.43959837097776217, -1.0091734747363783, -1.2489713824948312, 0.40512551516985346, -1.7264718077556755, 0.7227739629505591, -0.3511017643366675, 0.3088130718720553, -0.12539139816616093, 0.006189590441318787, -0.8530795490798606, 0.4707607860521124, -0.21595278374687116, 0.36939202933305304, 0.761716493758345, 0.8598181467828507, -0.30652180906175575, 0.0979850552813643, -0.35575084679098545, -0.34096939655217284, 0.1763719561443278]","[3.6122262003918832, -0.18132927958497025, 0.03924882594468883, -0.13912932532396358, -0.6298392035124191, 0.4135548853454064, -0.18759211268937812, -1.7458907614362866, -0.04334652209579408, -0.09985565535427425, -0.052515018469541354, -0.07319221065121355, -0.0649274048644663, 0.7252285896105434, 0.3688948911043691, -0.0969661357779223, 0.03508881322610554, 0.31904157586304305, -0.441250514954367, 0.4743765701157663, 0.05449289382785944, 0.39015967582689115, -0.376079649850652, 0.2638548019548307, -0.04150729837880344, -0.627248381881834, 0.12746101569320842, 0.3100230990007732, 0.8397787680980929, -0.4442197926492201, 0.09301810648986672, 0.05821215045849856, 0.2679618906556378, -0.3514392488969861, -0.27152572003380154, -0.8341564551923648, 0.28859392893121455, -0.6957077142114375, -0.24117325879425439, -0.3864940252980219]"
"[-1.7814777909451607, 0.0793208908588382, -0.7250095773499179, -1.050537969237078, 1.9489333393056287, -2.1188632607950395, 0.1709564183157932, 0.21148040678094415, 2.30516614769364, 1.2601191706114794, 0.11447046115570539, -1.43082091980856, 2.0902214527134073, -0.9169990488232067, 1.5628310867331812, -1.2899913291365943, -0.8014009091296574, -0.4426456760126862, -0.054455356210017465, 0.6953779766311708, -0.9085728106771351, 0.6652817280119299, -0.30813338873102547, 0.020557252601770163, 0.83992678440031, 0.8852255861165678, -0.5155533679911125, -1.3450263499540176, 0.19656364348547303, 1.1910663263976222, -0.9757160051956218, 0.6734237285255955, 0.7724543100834066, 0.3018351043246663, 0.41156955946637847, -0.398047171348082, 0.3813144004129971, -1.0363077192219146, 0.5054159696518652, 0.9149827500231196]","[4.039084646450818, 1.1227225182931604, -1.649970056468554, 0.22618198104859707, 1.0223290334173856, -1.7161002256897817, -0.08916899716747904, 0.8625084275621743, -0.22084833967255096, 0.35169498507970537, 0.060144143098090706, 0.213015840645206, 0.5425189653898316, -0.5697533889649714, -0.9322280032226632, 0.28710095219607384, -0.07468549005713214, -0.32558319357521276, 0.20429892831224492, 0.16690898116900896, -0.45701438307809994, 0.5413891702758913, -0.23895644589538845, 0.3590600496821336, -0.1901705942332807, 0.11699823305547508, 0.008042796472624583, 0.21531440234078392, -0.1985140155122161, 0.04209487674892596, 0.32787274406762285, 0.08497620420883668, 0.14084106489288592, -0.00038087843247299933, -0.21826110163068851, 0.002587492193631141, 0.04697855308847283, -0.16676386230231194, -0.1774618760049191, -0.15664624615738473]"
"[-2.18623544470372, -0.8680292155880972, -0.2768830775366921, 2.5400833050302682, 2.032751981077622, -1.3374318340724654, 0.32200512146561305, -0.4156210971427334, 1.0399281136126262, 2.651590773718348, 0.44751476191762257, 0.5182842234994675, 0.6039624552882227, -0.598502168237313, 0.02757695468665432, 0.5347714388091019, 0.2953241040911869, -0.5880288868249659, -1.215433814480578, -0.7196217451344428, 0.5151142760242087, 0.28706510810951935, -0.3651258105599409, 0.5344868982314924, 0.07958041788993812, 0.754106311328314, -0.17365669479138637, 0.5086790440798409, -0.11426524247256331, 1.008049622412415, -1.4431098023348343, 0.9318697252233827, 0.570274914654319, 0.10709193004364373, 2.2417680674019844, 0.738580939031124, -0.20592318893931377, -0.33307327031201156, -0.28612963459427254, 0.5147721476780753]","[2.069484974191937, 0.9703967783890105, 0.3416617736710194, 1.6582630407453942, -0.4812743909864604, 0.8244727644887675, -1.8083656970745414, -0.6468662788314534, -0.0676206141780747, 1.2268429761042212, 0.30252260528437286, 0.26108020025433176, 0.3299125122419108, -0.6812650990286302, 0.6687408825895936, -0.009105182239666101, -0.17758022137713608, -0.39200383453096144, 1.2022940853644188, -0.13466416291608221, -0.5041041772706719, 0.39612990989963676, 0.5277663743446449, -0.1038918169611556, -0.1141126178305875, 0.030112269777555344, -0.07658422708734516, 0.37102898037151644, -0.49030125657591644, -0.22091261503252174, 0.6436523491057546, 0.11228242637556436, -0.22592871901365, -0.3388353272504775, 0.4632995501529812, 0.14693482058677387, 0.3547268009093943, -0.09933646552700148, -0.036182684749431496, 0.002007930898924681]"
"[2.085156938959233, -0.6076796373318434, 1.5768021953626525, 0.21964278607308368, -1.6809115080936758, 1.6168680301693306, 0.21930121284132112, -2.895533027341888, 0.3325194375145254, 0.12123989554249769, -0.035825320212318594, -1.06737920387739, 1.4639869129621115, -0.915038376810678, 0.3507479100731211, 0.7470600207584595, 1.488991783209332, -0.8964380213277281, 1.4041480352578497, 0.8067672121461993, -0.8047867370226314, 0.7652582853529097, -1.2702966296821767, -0.9886034019506875, 0.2645214991990775, -0.22639123380909063, -0.08338146708825961, 0.2789423530427603, 0.5581737609440746, 0.09402684858198763, 0.793786715126032, -0.557558003191894, 0.30807255358435554, -0.1171961406036749, 0.08950958380058278, 0.27203737970031444, 0.13816872281643322, 0.44266237362595484, -0.042671997749823436, -0.3154256146408542]","[1.681366913835651, 1.8624897645458156, 0.6459652911408225, 0.16799348663956942, -0.2558155832497797, 0.4285161496326045, -1.0395109835212226, 0.3429032324914656, -1.103485045219318, 0.45832476254876825, 0.22251366763462863, 0.5051518025024756, 0.10518036009224968, 0.19412974254287882, -0.5741885619603505, 0.3948007617975702, 0.15512563999412995, 0.3554320115241569, -0.02683617246819158, -0.32575997804103, -0.13965795396807898, 0.4904518691268748, -0.16447606525032538, -0.05169889028095683, -0.19142370196916011, 0.07134508130767715, -0.3515140114059079, 0.5112300183493693, 0.5189119523642202, 0.175024330579454, -0.49059767519741965, -0.30177636160233445, 0.3412140242285526, -0.19025990826306988, 0.5610027331114921, 0.14055647397470253, -0.1020672409403061, 0.48892961271965213, 0.14350037106498414, -0.15776469618050543]"
"[-0.8659021989240342, -2.254839072538745, 1.2864209540363543, -2.0910487763634733, 0.0610023383629578, -1.3832244340052715, -2.7535122869280997, -1.476773705301332, 1.5107586970108535, -1.117574368601894, -0.40338611101656724, 0.2374507351446965, 1.0897770232917918, -0.758675998804259, 2.1984612986416123, 0.610818619588302, -0.9416300564176825, 0.6073595466412185, 0.3228750951666594, -1.47608651702027, -1.0866800868962996, -1.8099014053085, 1.0887618886937378, 0.7750541311731863, 0.3245774263706295, -0.048674864770410955, 1.3986364102766051, 1.3374468808863567, -0.05267636967444632, -0.8764104844584286, -0.007785673068841083, 0.06535055361965562, -1.3921480194230997, 0.09284229115180997, -1.2598573578972179, -0.5079956231772437, -0.39261982567898895, 0.27486630729821854, -0.6084858097953131, 0.29352976962888844]","[1.7244817686555114, 1.611098521548767, -0.019783309135794982, 1.1604999180429356, -0.7920125442371252, 1.1584992927495177, -0.6733298182720222, -0.9188875546246661, -0.10062124013179145, 1.401012872167319, 0.10335895548345589, 0.05706231979938266, -0.08770947339964182, -0.04712530213264379, 0.5761006492885996, -0.17316483079188827, 0.35482975931857713, 0.5343249859000571, 0.11490985217747356, -0.274215137118041, 0.0653080263419693, 0.2263690575249149, 0.6235540302498672, 0.730049178068625, 0.30365195751734203, 0.10899632934601901, -0.04745603492448585, 0.565312814028832, -0.1565818108331426, -0.6934889325824529, -0.2639355394668735, 0.12164375319404983, 0.11984469778453487, -0.0038611661691449885, -0.3112463735249522, -0.16375650063785083, 0.06146436067020832, -0.18254377253428924, 0.03630616865249548, 0.015119142682688427]"
"[1.1682881295499572, -0.12605751980332092, -1.0773798464872353, -1.4083210195933915, 0.024725702452222033, 1.9565291745616802, 2.3825897179906006, -0.9983986354922388, 0.06406439107271937, -0.8860731025543119, -0.4384624714720982, 1.1049695821254577, 0.7156471308619433, -1.7240522541843937, -1.2384709852894653, 0.9363378421138602, -0.18299008610675993, 0.47040559553281724, -0.5976110432516882, 1.3690189584380883, -1.8338497816716586, 0.458684407829295, 0.16229551668722197, 0.31465338229157697, -0.32436092666194777, 0.11640918264741788, 0.14869569486661255, 1.1742731651051248, 0.17689478186722485, -0.15359068767265624, 0.3707555811800976, 0.13595139172265788, 0.48938203453359136, -0.04090924379341061, -0.8650642849612439, 0.46325468203034653, 0.6885116843853983, -1.1210248372600176, -0.4276772099197119, 0.28947374556730643]","[-2.1059175976463287, -0.2627883674329676, 0.16436249038287096, 0.43854798014109514, 1.7757572724054878, 0.42661895584481013, -0.468924494936232, -0.21852388205510423, 0.12088284079806752, -1.0644118206829478, 0.6224670643014671, 0.2070293819495572, -1.16314070554537, -0.2937446529745877, -0.8269263796309402, -0.13372756637196392, 0.8920450682944516, 0.07562374501471894, -0.5761190076477927, -1.240606613132669, -0.13346168654203444, -0.17315522381387669, -0.15335169215615768, 0.4014771523807792, -0.2205283704736166, -0.6824426772742685, -0.6776060380101876, 0.6256835943737327, 1.0520892827115205, 0.2553008486274939, 0.09813656503663483, 0.5622459535073991, 0.48052489842289947, -0.5166979151669306, 0.49208140749988827, -0.24338950580260188, 0.3274807594629317, -0.28389070963818797, -0.2745135253564021, 0.13990729243807926]"
"[-2.1147896283826086, 1.5183616836994962, 1.7775936971356148, 0.6543420890049432, 1.9301298748712308, 0.6298970018012595, 0.2254650300165684, 0.3018656646047908, 0.9855796826610449, -0.23122806799538134, -0.5733946463474499, 0.0723498930068358, -2.032201987866438, -0.6976818729166414, 1.3596611646547996, 0.5041151482547419, -0.6844142216974913, -0.22140862845528397, -0.2940180599833181, 1.1470767196587386, 0.24351480692376934, 0.8553923825370656, 0.023426316978891554, -0.27347774796621804, -0.4767052655018285, 0.49601865621234315, 1.0794124295046568, -0.2125013008488812, -0.9301234629502014, 0.3935650421376541, -0.3771307085230137, -0.3438639143909644, 0.32453273225449436, 0.05463537275862746, -0.48791920201838096, 0.4304224654580617, 0.192766238177171, 0.3260739100899544, -0.8127772701897574, 0.032009273571206066]","[3.880001492842551, 1.045472927213208, -1.1285359563927988, 0.030982678995753944, 0.1807568875489505, 0.32899287748790623, 0.3232091848267405, 0.27228217238366265, 0.022476070307366376, -0.43784293201561647, 0.3730692692658615, -0.06018498528618345, -0.7122609479099932, 0.29758298209197737, -0.6764163615580123, 0.5396671032180848, 0.10658850262070908, 0.29603073512910233, -0.2823419407347104, 0.1620241587440965, 0.3972035073019465, -0.2985134428901335, -0.018293451343800653, 0.2732833751948819, 0.1258114794151064, -0.38532383178743584, -0.0404523460975897, -0.2103031905753416, -0.47050387338105526, -0.1924206093038789, -0.437899289314564, -0.46433221476506364, 0.08646156612025391, -0.0952597172469704, -0.13834307920625005, 0.1049770151497183, 0.4100416524418901, 0.056665518209657574, -0.09911183716343852, 0.30261400157339274]"
"[2.335747927792418, 3.5182579689769624, -0.06292884770270003, 1.4830117233892448, -0.408184525438661, 0.5883913433137679, -1.5939364330845889, -0.38965075337760063, -0.6899749958731995, -0.43457492520041463, 0.04209232878347385, -0.8024795856698739, -0.5979256657090566, -0.03984913515974198, -0.005120710577428849, -0.16025138290850374, 0.1377820659922164, 0.7352797800639168, 0.03586766243743561, -0.9705869393138956, -0.14411977222314182, -0.6049786119365452, -0.1764596978020169, 0.4113968700268334, -0.27175441128759065, -0.37145896275011175, 0.12586692939736357, 0.6068632764630898, -0.5861238388736733, 0.13447068610022456, 0.02700089476319537, 0.2563957502564948, -0.0459651651287411, -0.32609564507766753, -0.08798481501396811, -0.3004392148510147, 0.1881001000955357, -0.13458686002119, -0.0819353991798089, -0.008557663902469648]","[2.562606153057014, 0.6238658199559483, 1.0570137491658258, -0.5333013569498442, -0.038327498163636876, 0.6125474830157797, 0.5504556804808579, 2.0230903832357248, -0.6765781311064593, -0.489303898986526, -0.12626473113551684, 0.5029884411594833, -0.10355068969852034, -0.05750140116643988, -0.12716096365414925, 0.6734599837760844, 0.2019381878153248, 0.03394905840542608, 0.10455145430636464, 0.47416186323783555, 0.8280228126939179, -0.47560276846081223, 0.539751732251054, 0.05100754507800591, -0.1595802167784599, -0.43800770769305486, 0.339111712540055, -0.7186244447027763, -0.11307805843366943, -0.03684224878339858, 0.23540268123434047, -0.1324681346402277, -0.39398942187543695, 0.28166809468555776, 0.38100447266904436, -0.25896076507261, 0.18671098086123064, -0.33956356807857885, -0.5458111774616449, 0.34206852158017653]"
"[-0.150085524194376, 0.8012025002671965, 1.4780093534838212, 0.46647356395138734, -2.2099457318559366, 2.211969973471101, -0.31848107487899335, -1.1338696954461822, 0.7210845768504391, 0.8509455501594189, 0.3827442283660895, 0.576672728718443, -0.01156270970074368, -0.7229701937111812, 0.4750227597807298, 0.12273239733311578, -0.07893539835282017, -1.5841765977125442, -1.270300868667692, -0.2163133938634931, -0.358919572553858, -0.5177123640158169, -1.866736837436445, -0.28321681659358894, -0.8251276599387958, 0.33876920429170426, -0.13418402038188879, 0.16946099477546772, -0.21129230441498326, -2.474723470137081, 0.3521598248668175, -0.9941673566495488, 0.13932587717831985, -0.39029573265126444, -0.3572066400300694, 0.1954220920919825, 0.08701662759874829, -0.062180898540841884, 0.46278340059058604, 0.4325456719881339]","[-1.4546729643093768, -0.05464481475554012, 0.09940620801029502, 0.3541851125360093, 0.31744448251288626, -0.24992298115315584, 0.2542670446582316, 0.3746494757898906, -0.4640493898350469, 1.3536425886119396, -1.444785703190051, -0.1746537348713802, -0.9534586139691023, 0.8932119775984595, -0.5006455766654802, 0.671319036575955, -1.1102575191444337, -0.003948620422059207, 0.9543593150932205, -0.5851844158210356, -0.22997048228849767, -0.26076191935445947, -0.6857686175004967, -0.1443196143563124, -0.2237931103008125, -0.1478764858009852, -0.21254179717135563, -0.699784831285143, 0.2552037509226834, 0.6841011681405555, 0.9308370917143902, -0.09688101685529167, 0.6005635753445299, 0.984014576348313, -0.6822786128443674, -0.6373003834779194, -1.0127115333395984, 0.8021110884232194, 0.9471246263162854, 0.8274143335255396]"
"[-0.7363524562372299, -1.7339329331520967, -1.687289560996644, 2.3427347732975714, -1.3285927947641616, 1.4650882637536544, -1.0737614148828212, -0.5270002409499301, 0.11408165770322651, 0.7844564781689309, 0.7475999323010085, 0.1900859858492929, -0.48788088740560753, -1.0583085261896505, -1.059915164868245, 0.12871666072813048, -2.1073356842532966, -0.047933053733105316, 1.2349808378070801, 0.8585942525975365, 0.539818669956093, -0.19620474774832108, -1.2322980570679773, 0.8711264182651702, 1.0087074606267536, -0.0982262990023516, 0.5502618426548366, 0.28982869639311826, -0.18576966579752094, -0.45326837290485006, -0.8884246859914925, 0.7360708166365878, -0.36105795506724586, 1.0058472740004478, -0.3570133963376983, 0.5678496689416752, 0.19101478146095816, -0.35175499546674055, -0.49588438377038807, 0.27433582137326645]","[0.012291011906725137, 1.0292089652677385, 0.6552151984381887, 1.0585944196591073, 0.008623893081675884, 0.9457147504978407, -2.5431172234229185, -1.040691086101114, 0.14017688835690145, 0.9214632028605264, -0.7972520619428322, 0.4927576309156569, 0.26689320828976343, -0.7271591257291398, 0.2292969089233721, -0.4422240276346475, 0.5145782069682591, -0.40745238522841193, -0.07153471668029683, -0.3137857483173223, 0.4921713032025804, -0.31516261192622946, 0.17877181937491204, -0.3618443317437093, 0.43905365203126756, -0.3798364701128738, -0.41053236259901005, -0.4889573187113516, -0.27869062210893325, -0.35899421877626086, -0.3840487456710154, 0.0648234046745393, 0.14911106813892852, 0.4738173492768082, 0.06914692132503816, 0.31633671774892097, 0.2973711348928966, -0.6476887417630401, 0.025674619124617645, -0.3602244392095765]"
"[2.1653839427273174, 0.05528810121193366, 1.6496701221152636, 1.4753406787379897, -1.7368576139692318, 0.8489935464901253, 0.15486695994192276, -2.428988676915123, 1.1252103987836408, 0.895706973247088, 0.0227918656076774, -1.1506389344070154, 0.8788052391944223, 0.3194887044559047, 0.04409065461286499, 0.43396358993408546, 0.05404683048865453, -0.8038461624980877, 0.6503175203025916, -0.07541744674029277, 0.6719792078181127, -0.41562677166421474, 1.4526713518195578, -0.09581539455514289, -0.5361696556294366, 0.5817511456637439, -0.6493654822608491, -0.010066503351717342, -0.2889115446515935, -0.3118844341106786, -0.16097885876431187, -0.253331745548552, 1.0860833206892837, 0.6059834368248526, -0.289024402111826, 0.38717266983817133, 0.6484539789007282, -0.24452106741333474, -0.7595611587868886, -0.3223873664502354]","[3.776039373477406, -3.0083215881855137, -0.12993891534525398, -0.6733842311456332, -0.956127850999841, -0.17635908828469507, -0.13528867145984277, -1.0904705463472875, -0.14098057694115587, -0.46283907011284264, 0.3373989395069868, 0.35234637293564275, 0.8227837254272414, 0.062325976107476234, -0.17806981989204138, -0.3626315432776288, -0.8710854665116374, -0.584325749639341, -0.8730258605570052, 0.5404517538141724, -0.04409386699346304, -0.5403473792215839, -0.45168080067965644, 1.1568944705206103, -0.24098706130442554, 0.4022055095422529, 0.4789926390302385, 0.5858422903005711, 0.32901938725222324, 0.31071905582362336, 0.43691882245380353, -0.642956561357586, 0.13178588302675853, 0.17295622784762013, -0.11426055728368924, -0.4397845959322811, -0.6408048225804032, 0.07174004814659232, -0.3208031333036364, 0.241939540599214]"
"[-0.8292426376866621, -1.4928599269991725, 1.1846803051739956, 1.486800937098307, 2.42786502829717, -0.7220300057346699, 1.290796994754782, 1.1820454532127842, -0.6295045257509179, 0.14276363252504262, -0.794656156384317, 0.8545154426404995, 0.60368320461148, -0.16599035641090157, 0.8771702842396759, 1.077486129175511, 0.6211656447234678, -1.664546860043471, -0.5533607014794936, 0.36325426521807674, 0.7767637051645869, -0.7456425706345211, -0.47294929691110416, 0.8346642442772122, 1.3767792865249169, -0.3257948707297629, -0.6317081490710155, -0.3508922766818343, 1.3776001057365468, -0.022984818876143637, 1.1735724336738358, 0.7303628179269719, 0.5391974780367667, 0.7444569303581581, -0.3641322389394914, -0.4356333263337539, -0.24918115330713902, -0.008555066102866318, -0.8397835397924942, 0.11224726826689385]","[4.091794254929955, 1.2887770107396468, -1.4160248786514638, 0.051653029564444466, 0.9445250739625384, -1.8103647946290238, -0.323879107157325, 0.6716725020806307, -0.36580910333922523, 0.41494361339656227, 0.1708164486118228, 0.9440402955738307, 0.20543233916633757, -0.43900798587212897, -0.8027927917850148, 0.12157777173988331, 0.18513009707384756, -0.36422949531244514, 0.08846679535709259, 0.10619409903811401, -0.0570019244746536, 0.6544377798175952, -0.2597524211118102, 0.08178242318864946, -0.2305597214285189, -0.09637840998784501, 0.004226766950054537, 0.21145882012790426, -0.13464842264194507, 0.057582257980642614, 0.03811454297266841, 0.320701854891015, 0.28031344551078297, 0.10765343865294759, -0.22531473380763928, 0.2458223624320989, -0.22023228955178897, -0.08949508808285218, 0.17393559205054945, 0.3564065822663781]"
"[3.26335620093367, 0.2897786986546409, -1.3392070327652115, 0.018801818740248673, -0.5511736215591427, -2.4570750269576815, 0.6037082098718393, -0.12155436804543408, -0.3161103369883107, 0.3916787524920865, 0.14612254673304692, 0.12654023906308742, -1.6725313061181473, -0.11889856839830401, -0.5679105339710456, -0.48200965129665146, -0.9091811321144306, 0.1783037152362455, -0.3724823556777194, 0.2941254775822731, -1.1190788822095674, -1.1873389469122033, -0.8901369174699059, -0.43636900565907577, 0.8851535301269702, 0.06587986613597524, 0.7461651996276327, 0.2050318730877323, -0.5115282459209609, -0.27373282423958756, -0.5024270507673673, 0.45001787013496286, 1.2555819364485858, 0.7456860909465413, -0.792179058517209, -0.7442733126223007, 0.030068135907305768, -0.900046077893297, -0.5884915601825083, -0.9989402378289339]","[0.5083199400479238, -2.6657223031921, -0.10383900762460158, -0.4180476585976443, 1.0679224500763007, 1.1200472886835564, 0.4549674018619501, 0.276833838057949, 0.5774703102464822, 0.8689011686246528, -0.01845519637812064, -0.4758195359059057, -0.24715383379327155, -0.372691354333044, -0.11435817941486538, 0.010523321472148331, -0.8826306984504426, 0.25734166228670224, -0.7560848074894454, 0.5903991351975926, -0.15265516291160652, 0.7926580796671644, 0.9428271412473127, -0.38660685732080313, -0.26517201503340065, -0.8533279493803717, 1.5074605093027236, -0.01880794639858207, -0.31268603345094037, 0.16137282501166308, -1.4078939156902515, 0.9438201546595056, 0.015416724535617182, 0.13511195394658423, -0.2938887351196801, -0.1898096049883756, 0.2801326871023958, 1.0148775372279006, 0.23230827978598115, -0.010527965898863161]"
"[-0.7801639177452508, -2.6172625737179653, -3.0709639068770818, 2.422117463234728, 0.22351005958794434, 1.5017216320681828, -0.7529579641166134, -1.2157395014371473, -0.4655438588494558, 0.11074085236818709, -1.6000033729326606, 0.6472522261306245, -0.23786392951167923, 0.8803667009878131, 0.26895376718389563, -0.8823379598318126, 1.3256017497688688, 1.269413049497674, -1.2638314866394418, -0.4481981815175197, 0.10609721809174488, 1.1287014670375066, 0.659535680571802, -1.0687830127998919, -0.06327833002099101, 0.5654891795080467, 0.6454309696670775, -0.8704301892155762, -0.2904378284545134, -0.4878876907885629, 0.15158659131558622, -0.1916135461994012, 0.0817724936637835, 0.16289537590166892, -1.3822197690022624, -1.1436334574296394, 0.4263856381689533, 0.9196239959818312, 0.8341929138189319, 0.0010599175091549516]","[0.7733400972353651, -1.2898123648427935, -0.7486416966256287, -0.06834155520086573, 0.5485012576261544, 0.1457414580187502, -0.48162524141046203, 1.168495070909208, 0.09506374205398874, -0.2748846891327652, -0.5334860799707715, -0.1332528165584964, 0.36707405193933546, -0.6191643743679043, 1.358675569348945, 1.0098515560368393, 0.0940358138064113, -0.5196614411445721, -0.7298429184605153, 0.29126117897334913, 1.2584483170957563, -0.6732716117610281, -0.436913838939337, 0.47296575739734703, 0.193015760722248, 0.030069111515663865, 0.6355798516687556, -0.7005196151773284, 0.26634521018662627, 0.12697155860743078, 0.13415666296164047, 0.8585281910662378, -0.07270056538878861, 0.5625791386768493, -0.5061805773792586, 0.611816810186248, -0.3731130690093391, 0.6355343549395882, -0.4615484669310861, -1.1983750448633375]"
"[2.0922871042327134, 0.15633427704382244, 1.095644896860858, -0.08082497079039015, -1.6472087901621082, 1.3554926429479837, 0.9326743765937887, -1.436937692390215, 0.8424619273629281, 1.3052771036082735, -1.2913629281085808, -0.12361502442599008, 0.5815566495811146, 0.2157656348694933, 0.024114173184638033, 0.6444628289367651, -0.7434727771812628, -0.6724198714066648, 0.033899643750825825, 0.68814043852194, 0.06978665831414307, -0.06076239223195431, 3.1193957669887773, 0.15152290202670368, 0.11261867290378619, 1.0514964231946762, -0.4603501630945118, -0.023258940956397, -0.8163081616099807, 0.018804541497876758, -0.07800692343724501, 0.7982545732272812, 0.3831106822712761, 0.5362397355716694, -0.12820734169159748, -0.24237437623375083, 0.7196986807981003, 0.7144656118987013, -0.6079212102373834, 0.2701045556187123]","[1.2963040350512351, -0.46618581459874436, -0.02128344021420186, -0.4671031211549841, 1.3431409144204383, -1.5022289362525887, 0.20857133423839844, 0.34888501721693815, -0.908598819814263, 0.9307592213290353, 0.052653433887779114, 0.1905876122650881, -0.3766858050388272, -1.5443811127574436, 0.08078904215178424, -0.4013220093005399, 0.4882574279710055, 0.25540397670610754, -0.33420611281591006, -1.1459390825864504, -0.5499016479900484, 0.1353663511746933, 0.7624499162318626, -0.044457861675598405, 0.268119821538542, -0.3308379704698967, 0.21373718642166747, -0.44164857364370413, 0.42508099056387166, 0.5707352717688162, 0.17735300301012874, 0.3483602334260606, 0.24221724812725245, -0.6905129739477649, 0.5706316042249717, -0.6525313642292866, 0.10132359247003084, -0.6490714784639189, 0.15308432157223112, 0.09600522377399437]"
"[0.32197087974075583, -0.5559791365299023, 0.3603156627007851, -2.4102832113570916, -1.7785574563980482, 1.0943530815258777, -1.0792862744829377, -1.9253552071105164, 1.2750172199137955, -0.44878209213311937, -0.8813458431271862, -0.5752995446561363, 0.2706928861336979, 0.7522561700446657, -0.3533522036464892, 0.2252799828891259, -0.17584920463361087, -0.3761802903263844, -0.20989656923715844, -1.1513213042169175, 0.7986384086068014, 0.27031858762887906, -0.003958436935089877, 0.3243843915991411, 0.23741230809208977, 0.5393392810305934, -0.32944921773099023, -0.4662876139417758, 0.05618670174252964, 0.7754332001549991, 0.19244956351225279, 0.13282965053409876, 0.010522351839299698, 1.2191883066823863, -0.45329458078059703, -0.8647056564391902, -0.9661253471960446, -0.16247996950496668, -0.5360761386746264, -0.05637470173887781]","[3.722700734841749, 0.5502213315351823, -1.640073264873755, -0.19427546778482263, 0.8099702196763245, -1.1383256711327263, -0.2017189262450172, 0.924053753617368, -0.2760495088415072, 0.9526902973920045, 0.3098958259803253, 0.01732989863344909, 0.544261193819568, -0.6981069727635817, -0.8534940000316039, 0.05168219707991113, 0.34004692587370045, -0.0013569933005925328, -0.26831856655886926, -0.5929425194222671, -0.3242483027385291, 0.3015073690328797, -0.46872868721533595, 0.5198096407687542, -0.34054154613082005, -0.0064809881088433805, -0.25680173435357473, -0.2514728890655131, 0.2546839843178929, 0.04986925400673762, 0.1624982893099189, -0.03851263945006157, 0.13974804524370707, 0.5484498383032508, 0.28370619293925314, -0.10399973309097887, 0.16450248931864575, 0.2586519736740348, 0.06529093732813801, 0.061199646996004456]"
"[-0.5126872675393291, -0.734508154622025, 0.37812464089616116, 1.5281507024072263, -1.71661997412187, 0.14693236430835815, -1.6724289466125597, 3.875424107451722, 1.3480109839000312, 0.45839558024523375, 1.0873931083091355, -0.5355297213641216, -0.9492235597487805, -1.34597221079505, -0.8025370150127524, -0.22825122702927841, 1.3511236583778117, -0.9462596828731753, -0.014648594241653047, -0.12437505951058041, -0.2216491512223079, -0.8888202077334989, -0.12560802507366897, 0.8511655740483668, 0.6984815595639652, -1.070377277189812, -0.03444264381605493, 1.2650380873844755, -0.2872187211774674, 0.559496359144696, -1.3500369018936906, -0.6056330539791486, 1.18070223373758, 0.30433437840084265, -0.8439521559521728, 0.18793145115453871, 0.5143222848481979, 0.3438713924734698, 0.8994820204711331, 0.182793807993794]","[-0.24975789222135317, -1.7021424485565102, 0.3649504172738917, 0.2848167681860743, -0.584581151301535, -0.26661046005030836, 0.1556139685362859, -0.15407299976432426, 0.3535821757389945, -0.03903551093741355, -0.42548262645421137, 0.44185717694599264, 0.47566688664344425, 0.27194104765103744, 0.7489553481359473, 0.7082668144711837, -0.4508859734168198, 0.2933924591441272, -1.6280366565876883, 0.42237813897247567, -1.4091846944552238, -0.2877752201615247, -0.9587595146530973, 0.674062196602036, 1.2381882491823943, -0.13704008624252978, -0.9776700942919949, -0.2362566781778063, -0.19795708789943972, -0.41684702816682795, -0.279958053033958, -0.8496938475278571, 0.5562971875798506, -0.1872633962881461, 0.3992139206509615, -0.05126891123267941, 0.1474483428146871, 0.2770305313753707, -0.3227707909058788, 0.2387177176748335]"
"[-1.7350703275303465, 1.1986907547710879, 0.8250581332352008, -1.020630247019301, 0.36867076386778197, -0.8024808846724825, -2.805073417085523, 0.696006771091532, -0.7691209176104632, 0.4147583967403361, -0.7601222842558686, -0.5555286882693833, 0.021130315465175808, 0.5104130728871431, -1.9293237185738648, 0.18488734077457894, 0.29262246909010947, -0.944685645554145, 1.036864240865291, 1.036424427663715, -0.39412281856806675, 0.5419217293382612, 0.6723499589468065, -1.250202758213801, 0.20570202979463872, -0.38401201330158297, 0.4947284132261004, -0.8503300219613714, -0.33535342577744115, -0.2264958821612883, -0.24738212651803382, 0.12129470903731093, -0.5090473777267992, -0.8694305225713884, -0.5857938978416644, 1.186618649571866, -0.17148817511069472, -0.09223457378980399, -0.08012910158055778, -0.25673141987205794]","[1.046582994790554, -1.673192335351456, 0.12088587353799428, 0.5479514966237169, -0.56467739768081, -0.42054285337665154, -0.29493687907957866, -1.2220378222406065, -0.45955107279622726, 0.3279712688657644, 0.09991217666677701, -0.30705139654860975, -0.26411950974327736, 1.1912715441279718, 0.22286808855723336, -0.4843429005818321, 1.1513026497590808, -0.4063816751078727, -0.302056534646743, -0.2861101625549227, 0.11028250267324442, 0.6004977207807712, -0.14213920844821581, -0.4733602035831036, 0.34340597333777684, 0.6875237841725241, -1.0211760198312883, -0.4675543940339886, 0.901471430047131, 0.42931927843453527, -0.1690794234120041, 0.8714394410364958, 0.301744165963709, 0.8460594335669503, -0.5857866350199553, 0.38686575800149353, 0.5230145046313797, -0.230372724062032, -0.44521847734503456, 0.13340240888710578]"
"[-0.3920380926310693, -1.6980853049207438, -0.9357408831861704, -0.7917071125326763, -2.320376081464377, -0.6279013226327995, 1.8940524459471673, 1.3804296304964432, 0.792558502934497, -1.6128994471684468, -1.604428792635222, -1.361765096631046, 0.49259025232588877, -0.4886149325587265, -0.28751147969571034, 0.18305299212229095, 0.7959822160756244, 1.0572200803626115, -0.6942429570939238, -0.058736815888063884, -0.8119539922926106, 1.0634729489494845, -2.0025027743262696, -0.6885512624129471, 0.090116209872108, 1.3643579209518981, 0.9563348340495182, -0.656423779401844, 0.26611038497659945, -1.3424066370541348, -0.32162059633293955, 0.9515730162563574, 0.4159902047019098, -0.5054934698333794, 1.025698774082012, 2.1512951505391946, 0.8292152168629128, -1.0528230870745274, 0.11398440095044536, -0.22411419907079705]","[-4.352603843710087, 0.11276137654589453, -1.0243593359241563, -0.11515150395739195, 0.085862835216483, 0.34008978841615467, 0.2913329421594508, 0.3705288641618784, 0.5948655613525439, 0.08238224435822679, 0.6660585984388222, 0.7577963593830389, -1.0425941792954614, 0.992498350919611, 0.9350056460127346, 1.010561324872126, 0.5329851407561824, 1.0424740718128334, -0.3805235177815189, 0.5396163463423894, -0.3416563256337746, -0.5171030948311087, 0.5215880831096802, 1.0096287336357637, -1.220136719159143, 1.3184221062125492, 0.4876561269656128, -0.11737441150032088, 0.4557622670290843, 0.015031594526971264, 0.5296377737098867, 0.12606687527798668, 0.6866836009335192, 0.4322428087060481, 0.5590644840550212, 0.038793852665241456, -0.2903354175941525, -0.6705606065732397, -0.9094832788617127, -0.027736473398283824]"
