image_embedding,caption_embedding
"[-0.20717131051582463, -3.0632559982343532, 2.70426149439694, -0.8247987175983484, -0.5596677248312995, -0.029689920772064535, 0.24619221675620426, 0.5614715379839208]","[-2.4995614315091217, 0.07512744415028914, -1.7432516909400375, -0.6395373205398539, -0.8904040382754712, 0.6921971325971602, 0.29720992725485257, -1.2316182167884793]"
"[1.5052822800812569, 1.2004786155695657, -0.36261484318251336, -0.05014071143380479, 1.6948351875582535, 2.785444952528619, 1.6338661280973292, 0.5548901416591336]","[-0.95559583144414, -1.1391687185838506, -0.06852509824762612, 1.1493262145527703, 1.4386597734854851, 0.8803316259997533, 0.40732347158127774, -0.4856930251449004]"
"[0.2802227736601821, -1.831860896052778, 3.217886702194906, -0.597187853627578, -1.271244637805573, 1.070749150682119, 0.14835854049510877, -0.37558467108839033]","[-1.9408619388820916, -0.6630775253189441, -0.2823912907596015, -0.3378484533302054, 0.22261217821440382, -0.19527328776217504, 0.5911270557948551, -1.0416736345440694]"
"[-0.1525098313929757, -2.284092433384795, 0.26755613941761996, -2.2910904135835652, -0.84955323825782, -0.33254499910337904, 1.4581583691930096, -1.0296719443792373]","[-1.7456331298463834, -0.6971221819272992, -0.6556578430356859, 0.3186831000673117, -0.7715354981835919, -0.1881442781565885, 1.0545361226602377, -0.9686315955006233]"
"[2.722184916863628, -0.8233268426921858, 3.8419246273816636, -0.005571497467998822, -1.390022478484463, -0.10147791568383303, 0.8044657989314601, -1.6613458703025323]","[1.4434824123320782, 0.8103286250695445, 1.2634778724202962, 0.7069626004034537, -0.009718632605480245, 0.9630879919909145, -0.22498365357509287, -1.1451601543411818]"
"[1.9944368372116974, 0.3084637204472401, 1.6318171919859072, 0.4411892690181657, 1.981323783298564, 0.08229557939333974, 1.077798044380943, 0.0809703135282406]","[1.0902700452219634, -0.3276091617056945, 1.4696098935862871, 0.7627440431291527, 2.0392846415595614, 1.2779636623609754, 0.32739440483054855, -1.0316785529456327]"
"[-2.262098591502776, -1.141525483131468, -3.160799273948534, -1.166358068667811, -1.2588896321694425, -0.3367100153806311, 0.015689365372362207, -1.720903514670528]","[1.8843440774129159, -3.1977742962107976, -0.08289706064672746, -0.05706624467201506, -0.2391597677539436, -0.14938372257227836, -0.6464910948481062, 0.308514234376237]"
"[0.8846594317591548, -3.8031309300009037, 1.9979186414937329, 1.12872572797577, 1.3431007199776708, -2.368482593748908, -0.8078454264033956, -0.3568265825767427]","[2.290657772623706, 0.6644925778224884, 0.4786148023865626, -0.6666395481060404, -1.3716208542749846, 0.2741924551732855, -0.05038530033810207, 0.46909769556425346]"
"[-1.355680243702687, -0.5167586874637176, 2.1139181591577105, 1.6665507586042771, 1.1565718214858367, -0.050579762715797415, -0.09117545964222497, 1.1460376980632603]","[-2.3318174062485832, -0.44457521979336007, -0.3719696075842626, -0.5935828104591422, -0.5574520592578225, 0.4122145902190592, -0.20151747429893277, 0.31967042710409443]"
"[3.2020020070321213, 0.7883988212658303, -0.4725670363077639, 0.9324416343157497, -1.2167033237848268, -2.5745845103665568, 0.9051963453914099, -1.2622721571738236]","[0.5094990430130236, -1.9539720127108868, 0.8628841598594605, 0.06666467194780741, 0.902591121954087, 0.42279399774676013, 0.833192365320592, 0.4654808021178989]"
"[0.5706671947267767, -2.8719165324194083, -0.0642519819755589, -0.5244167224819773, 0.49223034548304, -0.5371899555197599, -1.088085880727978, 1.4224765095982739]","[-1.806469376380024, 0.11252044241859796, -0.21136931755236113, -1.0210070723764595, 0.5629388261414275, -0.1618206889527217, -2.0277527080177284, 0.1832149918732151]"
"[-1.6848474695366502, -2.6568449181630354, -2.4726389174004497, 1.89741665386113, -0.06390811342690292, 0.2648728989213081, -0.8030743245619164, -1.6471347987065628]","[-1.6799840275843358, -0.7799442693340911, -0.7357593030482502, -0.31982827940318026, -0.10764070676497085, 0.2085039772666642, 0.23109529651777622, 0.7608500516006198]"
"[-1.0298112365108851, 1.9944784027172997, 0.4410807879673427, -0.03931564698830308, -0.1256155884221999, -0.054265086485384584, -1.345683888705177, -0.19135057178303866]","[-0.6353950548879056, 1.405350849138736, 0.256706778511808, -0.6664769855178473, -0.3160934996789607, -1.463778889750742, -0.6595399334970075, -0.14305368602643087]"
"[-0.08970925418584418, 3.302754514440597, 1.5415009714196353, 0.958276997120739, 2.5823729724836397, 1.4059898867053449, 0.5801892338918405, 0.5129982267702905]","[-2.08215932047835, 0.5964963861405049, 1.56914655410935, 0.14326552201898346, 1.3347538198400655, 0.1393947779547315, -0.4211667040844607, 0.9124773349722723]"
"[2.6687566709574617, -0.9465409146277353, -0.4638462288483039, -2.4031253431183863, -0.448491357922271, 0.705191547901804, 1.6953331366042468, 0.6509334072343879]","[1.1877418213150004, -2.0276647036206668, -0.7038877782139503, 1.3753820502790302, 0.8188119852591075, 0.02647248285910306, 0.579454278478378, 1.027652018841054]"
"[0.13120647461473559, -2.1332832915128357, 1.5359802779788772, 0.7714772199691771, 0.44664500181385863, -0.934502725702875, 0.7153739123991517, 1.4577653373638961]","[2.619261053476015, 1.8599768494610016, -0.8837322022859934, -1.5580187269556895, -0.4196452656586345, 0.06992448608661843, 0.2658374766242358, 0.5678361609796316]"
"[-0.1447570192510853, -2.6256196263763942, -3.226219764870163, 0.4044067643478625, 1.9523098449207488, 0.3898737589574024, 0.0707388247869329, -1.5104491434332297]","[2.014680451221899, 1.3361315469359207, -1.3540152247387929, 1.1419524796084828, 0.22043892046613447, 1.062286014084082, -0.14954896596726844, 0.3163993566058712]"
"[-2.642898732965706, 1.3846431271225046, 0.03614326770020128, 0.6309272916086417, 1.9854409009937266, 1.150114118774711, 0.4973700566103783, -0.8447342530344666]","[-0.029142883762894662, 1.3305214194062547, 0.535970447963861, 1.5383063820914282, -1.4250815517842375, -1.2591305430570037, 0.0951431025166435, -0.5088656382081076]"
"[3.22780448162623, 1.0548874601685652, -0.8776859030674451, -0.30132050034536206, -0.4180572740749782, -1.1016206077577255, 2.0275341934453706, 0.8501838857096086]","[1.3707985903811954, 1.8128622252820554, -1.5763946917900076, 1.4534660261802934, 0.2848431920924065, 1.1150274892097571, 0.4255071171342804, 0.3876791387605106]"
"[-0.2425727254539208, -2.3756906474766084, 2.082824461818262, 0.2708556067836988, -1.6437768383426665, 0.6582124594497999, -0.4131936179376806, 0.6193387573258001]","[-0.7629875499610392, 0.6170107732706399, 0.07501048995970991, 0.4926701395061706, 0.10363952214459136, 0.44008739262960067, 1.0480605198777104, -1.8191550955713527]"
"[1.4494349509357363, 0.024174580771595785, -2.3693392119347627, -0.0686159259059272, -0.9418165158248452, -2.4888073448801635, 0.7156050981530706, -0.08959256829570098]","[-0.6393034777019009, -1.016334978999417, 0.10956718649120048, 0.4990538288033654, 1.1101576260716968, 0.6794726607042223, 0.2516711212040487, 1.1994525738978925]"
"[0.8323278292900778, 0.40894605836764963, -1.5466954359665965, 0.023649118274959288, 0.3866887613759972, -2.4906084463524967, 0.7758023034498727, -0.9829879428078996]","[0.3333778983436948, -2.61337226834028, 0.1311087687189364, 0.25747303409627764, 0.6858253614152142, 0.6887367646270112, 0.8656094251471957, 0.8698037390326909]"
"[-1.3973641380012238, 0.9194801701460918, -0.5138925366566217, -0.8612931411589798, 0.24580423138407434, -0.3938107685197549, -1.3800752659879505, 1.2404330965296866]","[3.220848997130572, 1.700448615658108, 0.6787110495438935, -1.296432379440922, -1.0795807320828472, 0.6362822302524651, 0.20070099729464214, 0.8590803867629909]"
"[0.1983748442511743, -2.5832225615230464, -0.3332587501693388, -1.2802976811786742, 1.3939903227303747, -1.4100754557268695, -2.537043751453047, -0.7867289432179428]","[0.5966192542092575, -0.7826217432897412, 0.06980921804027941, 0.09424279697679551, 0.4568398390304481, -0.16460912639259262, -0.41598430205974063, 1.4917037955433237]"
"[0.14168480546031076, -1.8353967163710445, -3.2297421500462806, 0.3372979168116567, 0.9922725327164054, 0.4325282213115203, 1.6741674965909639, -1.8012793228961963]","[-1.2377415585495435, 1.1680999474890883, -0.4598071784224208, 0.7054419708204962, 0.7994195896832313, 0.9718276880970237, -1.1861288948814634, -0.7411302326194736]"
"[2.709373468464179, -0.6591898433322776, -0.5359404634075864, 0.5428754109607438, -1.0911133071514467, 0.3125823133404458, -0.48909151459652955, 0.8739030732393276]","[3.0785417743992696, 1.9485772984007028, -0.8712891143793715, -1.3672709875340934, 0.5833080629498524, -0.824833992479638, -0.1619828862092113, 0.00880869850054842]"
"[1.1932311163207419, 1.9664228134145998, 0.5256830364900904, 0.570550720263224, 2.4967974232117465, 1.610000210085511, 1.7072075825583335, 0.4078087019707386]","[0.4266744992987252, -1.2176479865663328, -0.16387721013964038, 0.19567198468730637, 0.19782867235242335, 1.3624443511088062, -0.0984547759863733, -1.1238508855091953]"
"[2.360540605118323, 1.052742270934393, -0.3979356709355751, -1.0956399636539575, -1.4401829158559822, 0.4591807324728745, -0.7687621077736795, -0.4298174945760391]","[2.2351940343028254, 0.3212219635781154, 0.08567260640444242, -1.4023203529227009, -0.10260745703662189, -0.7649469734146104, -0.05474418382809493, -1.6968613358974927]"
"[1.0951606257961153, -1.8842026834815233, -2.4353013889753203, -2.08661322497892, 0.09743071029485045, 2.7003184518527936, 0.14868059431549374, 2.3580123739926138]","[-4.2858508399654545, 0.23073664929276122, -1.7927788262584234, -0.17589114315041882, 0.6647495527712303, 0.5499553084299905, 0.8518389374245785, 0.30061277009225434]"
"[3.3658673993613584, 2.410307994246952, -1.0387990462077878, 0.0641920173799802, -0.7218037866669593, 0.07570306234328816, -2.560859303896039, 0.8653602293630841]","[2.659830532427841, 1.5042687021847545, -0.3542569963189484, -0.9962198186434188, 0.2589960257834041, -0.2058164206427984, -0.05070484084525365, -0.5761499062675517]"
"[-0.5121336532021518, -2.398702396427988, 1.4795749510804468, -0.3399050252106618, -1.65289448658763, 1.0391244067328953, -0.17009318405853413, 1.0716410081086225]","[-2.6537024301448113, -1.0900122554930405, -1.4088564280343525, -0.4602277254982682, -1.1248768505811113, -0.399657223150128, 0.1590663839337166, -0.28226543641717255]"
"[1.8254593669598114, 2.293666415881064, -0.8315029526472995, 0.203581570342324, 1.2331176268506234, 0.31568277043965587, -0.7359420155694363, -0.01614537548092082]","[-2.4593691764502608, 1.1436663760236372, 0.355917019402386, -0.3367141336512606, 0.8983413221725374, -0.32270557089861834, -0.25617557274857067, 0.7171076939603535]"
"[-4.3244398714953745, 1.1012058451298923, -0.9451145649087732, 0.8579200605378506, -2.004544718217852, -1.3552383723989068, -0.5513827583549766, -0.5734870285356389]","[2.734154734456685, -3.257303171995422, -0.06560951403381543, -0.5240243668148764, -0.9269486263151535, -0.4474899702731155, -0.9070890784661582, -0.007367404142844842]"
"[1.2265004205043377, -2.9042780213733237, 2.7881453009468786, 1.363740990652819, 0.7740131133531416, 0.18216488578437035, 1.1834850768741165, -0.802503788562475]","[-3.845682710689322, -0.5120213812376995, -1.9616719507100222, -1.388165027147306, -1.2511220721176821, 0.3935718736093386, 0.17272194584043746, -0.4184934325526005]"
"[-3.54596814841312, 0.1873675267103666, -0.9581216140708827, -0.6667054023986027, -0.30936425459480227, -0.6984752057514071, 0.9842793219751756, 1.2179038496441525]","[-3.9104691758241965, 0.7286935526505302, -0.7459405303731077, 0.13256300042073235, -0.8477778155820909, -1.221901601925018, 0.19647371202506067, -0.22483109804152426]"
"[-1.9034208014375935, 1.4000231129151723, 3.1094781031979397, -0.5964160602399394, -0.8187762121457947, 0.007053212181342415, 1.158663747611766, -1.663372401873943]","[-0.3164867668401747, 0.3478042310680155, 0.310525288389137, -0.8797724153901214, -0.4731746685405945, 0.16272969687141361, 0.5855360037292865, 0.3315802500075297]"
"[-1.9824894557019306, -1.8649699120234353, 2.801487943728857, -1.6369194662468594, -0.8623363427596255, -0.7156024335794601, -0.9362822595860735, 0.9832836033221218]","[-0.3708532974321993, -2.137343642391231, -1.2123803128159352, -0.3542210372913817, -0.9644929281237091, 0.1563416410089178, 0.4843893810720907, -0.8177871449456876]"
"[0.3536316566178895, -1.7731246853653504, -0.7452632764931862, 2.58852917986042, 1.7757545868937317, -0.7053490939942856, 0.398195928709727, -1.8249832556793564]","[-1.8769643511759162, -1.535074993446178, -0.30466169659939757, -0.540935522266987, 0.011125144475844525, 0.14805643260515067, -0.2933060737578728, 1.3278462724085418]"
"[1.0851713577958937, -2.227051976796123, -1.7072321719821144, -1.6037644320111044, -0.23303037215401987, 1.2799782787974705, 0.6038942793687665, 2.6496099514309344]","[-0.8732119047793809, 1.378746530157416, -1.4203783031125283, 1.142225798531932, 0.25044577968293924, 1.476824565042401, 0.7010305061889772, -0.13938111536967493]"
"[0.7836718547071111, -2.506558813498714, 2.00321435494868, -1.424739511067235, -0.6953513625022644, 0.3773058320927572, 1.0106366769366073, -0.42158775042286784]","[-2.8627648468483655, -0.2403695086121839, -0.7607316937174677, -0.6042093450157838, -0.48675535547981413, 0.15472851183786465, 1.1854424206444227, -1.1371047869096735]"
"[0.05758757914369791, -1.9660769803567004, 2.828279466227489, 1.5019232379998744, 0.9229587098707468, 0.12341230811238091, 0.10866645471424724, -0.9620267635064996]","[-4.727119755181769, 0.20083638524212696, -1.9417784976853263, -1.658378377559991, -1.2708679324878485, 0.4323735407171786, 0.5743528278011928, -0.4731536988615189]"
"[-1.9015473947729433, 1.0848331754895058, 0.8897416016378592, 1.102681063319742, 2.169392198698548, 1.287087727769337, 0.5900245306260934, 0.07671697374357202]","[-2.6063396894313047, 1.907427188960446, 1.2816065477684826, 0.603830526889182, -1.0104868314746642, -0.7297428282530307, 1.1382291030995968, -0.5501189419893473]"
"[-4.503215535207848, 1.5273769842360727, -0.39563803184714713, -0.7483349879338684, 0.1457191957330297, 0.2441208614273033, 0.35789152817178166, 1.54170197092792]","[1.5465556079928091, 1.8224629522471194, -1.1739805933631156, 1.855668075757609, 0.049805104895549776, 0.7326067472005188, -0.44843849512290884, 0.7468317581673712]"
"[0.1517325311304485, -2.422637582370388, -1.3216629752126172, 0.49764654614469656, -1.383491223382137, 2.1101342104718297, -1.3561494834966175, 2.3147717239774415]","[-3.8188305322352543, 0.8705971564002865, -0.7847863639460494, -0.7987516272342896, -0.46205639185688663, 0.16584517896589474, -0.3899685643349578, -0.6290385859988277]"
"[-0.6809588442235269, -1.9888832023343588, 3.0936517880853374, -0.9354149694415762, 1.6398512093933741, -2.525439253541212, -1.3836390654904318, -0.1865215819458566]","[1.6694041219883953, 0.6543335249786891, 0.8032438518452454, -0.7143317080679882, -1.7555238929745716, 0.22666698543100736, 0.6083948078523282, 0.6972200604381201]"
"[0.14324775599596973, -3.0963701207177063, -0.3590398585673423, 1.5696991579839479, -0.9112662277139619, 0.8092438117058641, -0.16314340391028692, 0.5003327270710827]","[3.6659744059716863, -3.6909103746573977, -0.4216358623735326, -0.05730683338754922, -0.09814235104207158, 0.652781228791521, -0.810623741899108, -0.06263110912323441]"
"[-0.2702278261369857, 0.12740814649396326, -1.3911418552704151, -2.3860541201074383, -2.110382593693594, -0.45722879696125235, -0.9739974771546359, -1.3313837198467644]","[1.3379960619377178, 0.060581445215620804, 1.3251823969843788, -0.9723700249090593, -0.9414875916296979, 1.0077771529230282, 0.13562631079404983, 0.20769775279876165]"
"[1.9603699156386656, -1.8532315357814813, -0.5269332215192852, 0.7315654477511375, -1.0542568137900301, -0.40211520998409045, 1.2410718662410583, 0.185941674003057]","[4.007562134532514, 1.2833502474702907, -1.5004217620719733, -0.26761539579258964, 1.1079737584826381, -1.71929805362951, -0.12637010433081633, 0.11814832805118006]"
"[0.4092563909577304, -2.075997919335039, -0.7027163784835692, -1.9790253953224455, 0.824116096051189, -0.8929818173847897, -1.465836598697645, -1.6404670438636488]","[0.21045622026256222, -1.352257839261285, 0.33575461395255024, 0.9949559944260236, -0.24717412603200942, -0.7846155347538146, 0.2858652555943627, 0.623544769312635]"
"[3.1950415338482956, 0.0808189338151882, -2.187949903791433, -0.3901158279012227, 1.1903561761795698, -1.6805968218194074, 1.2087130122993859, -0.43532979252581383]","[0.979976832299785, 0.7960414917572701, -0.7263696647860298, -0.9770733996552128, 2.116110658482673, -1.3160885527312252, -0.12805921996791675, 0.39295999013627375]"
"[2.613165941741527, 2.3859992382687376, -0.07913794368272233, 1.314419528639239, -0.655401029902181, -1.5651128085349018, -0.5705732300342857, 1.0835332333134382]","[-2.027406766341034, -0.4100449233566263, 0.8883411052627572, 0.30314194354367796, 1.0741022823505952, 0.025881979018995756, 0.8006073778294147, 1.3056374374681043]"
"[0.6641005711933134, -0.38789305898801896, 0.15603472499910565, 1.4169927159484024, -3.1637375281419944, 0.9392928395913754, -0.7768884777642813, 2.6033590772556816]","[-2.920557634464033, 0.9545116930276388, 0.889754054909365, -1.1134767107403998, 0.6205591390933625, 0.5199249143267863, -0.7968913158889039, 0.7044132597235456]"
"[2.7020340745638145, 1.4215164284378756, -1.220841982180561, -0.5703206115232373, 1.3513519864216732, -0.37297790403056835, 1.313301076846971, 1.3484861634925587]","[0.41166287991805445, 1.390469870163928, -0.8747968428409804, 1.7745526102563265, 0.5021616628831727, 0.624835614554766, 0.5002575355914591, 0.7778483809746142]"
"[1.8985915670763405, 2.3731010328765305, 1.6279496773552518, 1.296617734946082, -0.11300343198580083, -1.0823174253521608, -0.6794118062161039, 0.6375333041286225]","[2.1473952309724686, 1.1342642251236361, 1.531744432466916, -0.32053647504278826, -0.6227450555231554, 0.7969403711222084, 0.8316164742202923, 1.5338982364548814]"
"[1.6952057049240334, 1.1449513142878658, -2.7942047514151236, -0.4437255481162041, 1.1892610043278347, 1.0162777329269959, -0.6558530579288535, -0.995965356984941]","[-0.4244119810463067, 0.14182523193901386, 1.273441228556584, -1.1646392262034484, 0.07764783613460996, 0.4622907728807242, 0.7860494674771893, 0.5385004584910228]"
"[-0.21547268011385348, 2.5191939980260467, 1.082562651988393, 0.5335935294361823, 3.6930107575616975, 2.2382535376788666, 0.9769327683252729, 0.049708242287365985]","[4.0778128794813595, 1.1682453322247912, -1.4038285544099378, -0.09851987289591327, 1.0275213453370462, -1.2808183123185573, -0.08535767681208749, -0.07788200201288947]"
"[-0.283831451148425, -1.1778037096121448, -2.1226197232502058, -2.0480988914607985, -0.7823763033209128, 1.1731397688233078, -3.089567562925152, -1.0872486536056256]","[0.8684112651631894, 0.014151564107070481, -0.7900842035666698, -0.2712538664180934, -0.5276222537163503, -0.342616289134124, 0.49177866228518724, 0.5526294014568386]"
"[1.021053040132828, -2.6877315625398692, 2.722460975352014, -0.1951690733668774, 0.33189537944802283, -0.30287088656117145, 0.37282858014826187, -0.12543125863034085]","[1.095899837644887, -0.29778743479322767, -0.22626903860612518, -0.28965298113386867, 0.6476883222602756, 0.3776988990430021, -1.5934555477718797, -1.2520023664718771]"
"[-2.8699891591632665, 0.2994586049658671, 1.9976092281418538, -1.1416017170377835, -0.2488007741794683, -0.42696769604900786, -0.5054047075508358, 0.05526235115610938]","[-3.5487517387640484, -0.6044140132039648, -0.6699502160296124, 0.3071702909511118, -1.8304226148228717, -1.094976605033711, 0.23719262679862646, -0.11312929229276003]"
"[-2.5655560769631056, 0.9760866116497788, -0.50369381521554, -1.0386147609595149, -0.7187591030667405, -2.0246712932177546, 0.682131488523179, -0.40808267846051094]","[0.30451004347045374, -1.9661732316537741, -0.43062349395795657, 0.7173562197705422, -0.20182043983702908, -0.328854213931287, -1.604094029180814, 0.8559968676471091]"
"[0.5642996582570977, -1.7756179874564393, 0.7796372630282308, 1.4127568367262704, -0.692792533949414, 0.0031091366576573177, 0.15713777834843923, 2.4051000378485323]","[-2.278861644371556, 0.3240374034342949, -0.818695607261388, -0.6605041744955059, -0.34336902885497256, 0.4549239142449757, -1.3908224650577414, 0.2748850133100577]"
"[-0.6162617532703784, -1.850358822731846, 3.9974257223074208, -0.5419337741594622, -0.0692758000367075, -1.0452085274430403, -0.17393562456528683, 0.8379254387246559]","[-2.652122853912377, -0.4424884025873491, -0.5600010367166397, 0.4518797201530298, -0.47611816122765743, -0.13985657580020536, 0.6502210815293616, -0.696755990037999]"
"[-0.3185001098599677, -2.4950293681931273, -3.245901522506284, 1.0291265908425016, 0.6473406243512265, -1.1530298644584098, 1.348241463890646, -1.0410225695056927]","[1.3063195147444617, 1.6292990163090144, -1.3959707138273276, 1.908582273141399, -0.025290471643491297, 1.0564234178850465, -0.34490400763408385, 0.8347568296839557]"
"[-0.3322955970131337, -0.31278558559939723, 0.03252912313003962, -2.1133010741684313, 0.3461989726169412, -0.7387486373862137, -1.746371044209773, 0.31505264199405775]","[0.03314416609517783, -0.30822865334630817, 0.31406044097334374, 0.5060974171667927, -0.04398185874774398, -0.19454972564977274, 1.6082666006687263, -0.5813314472277091]"
"[-0.91517148279128, -2.7887450762361152, -1.6808908538838185, 2.483906051289756, 0.2885264732781988, 1.6998102350835316, -0.6053076747212128, -1.0753104932452366]","[-2.9474783625482233, 0.2326251183176547, -1.2876200300664442, -0.6153783726586437, -0.16614327260219372, 0.5934719824452882, -0.810409466382767, 1.4653175704374715]"
"[-0.3585273879354067, -1.896071854978983, 1.403225099147495, 0.717046179932239, 2.296255254152291, -0.5217825930766035, 0.435602767767767, 0.03605467278324659]","[-3.1181914195227183, -0.27093971808852446, -0.3244416656620641, -0.5839999922327554, -0.45421682265806373, 0.09371105436619144, -1.0064351758730148, -0.41431174468018434]"
"[-0.8511896330731944, 0.8370395261660766, 1.8907671750330466, 1.4864778268405971, -0.5767187570021356, -0.6176540481651825, 0.03526714920235092, 0.2610453420511757]","[0.5712309794931404, -0.5317787076210455, 1.6959597904546295, -0.6403904764674525, 0.08999031656693414, 0.5893465811959115, 0.5878319715918345, 0.15251641412903727]"
"[-1.5896822146343317, 3.8896492187650287, 1.3453677186069315, 1.17665423179862, 0.9859946178720522, -0.19127005018291196, 0.8934119193126323, 0.5962152847913592]","[-1.9176488375146536, 1.4019622015498396, 0.8954840043254247, 1.0737741583047773, -0.25563042795300994, -0.7598428152335495, 1.04972338075654, -0.6370451052626465]"
"[0.09275840228695582, -2.702384406841357, -2.1093698578531104, 1.479876712226062, -0.38797623434584017, 0.7447258429777137, -1.619070249506944, -0.6511285375534837]","[1.2026997953700616, 1.9491046687660107, -1.4646987884768021, -1.0593702871501867, 0.33642625291084655, -0.8304839058441215, -0.09344078757266049, 0.3184754187867753]"
"[-2.454268246252876, 2.3738407940370365, 1.0414487009877058, -0.4530969358728963, 0.7583406944258035, 0.0755139776295616, -1.6026235299752971, 0.988247243271407]","[-1.2926552835697067, 0.9327794857440268, 0.3914005223563801, 0.5468728160185721, 0.9603076677416718, -2.568569595246401, 0.7894156561496307, -0.8936442008342661]"
"[2.4560772642138256, -0.2706974775533293, -1.2531740081110898, -0.4885308455509315, 1.1407611028278093, -1.4020381673540585, 0.07341991725940471, 0.33972066057442185]","[2.33730926684922, 0.21090809505652347, -0.6077606602632328, 0.3569236786156169, 0.17599860817165386, 0.7250192717100237, 1.7633978172449525, 0.588965950384103]"
"[-4.458131734800986, 1.1440008200497254, -1.3545862003631084, 0.2864892170800368, -2.330295844579809, -0.6575484566781453, 0.3896705062633872, -1.0525650471829116]","[1.9400335141540488, -3.1801129432564417, 0.344399662981527, 0.3020760942416389, -0.5263609501334394, -0.5674933576946262, -0.4957171240658097, -0.1301315097532595]"
"[-1.9963137564558122, -2.1315165888183643, -1.2063241462718004, 2.7741426095421104, 0.020401599838003832, -0.057969264819017846, 0.3678354237724165, 0.12181995453109824]","[-2.380677966681252, -0.7957285577531384, -0.09039654559891988, -1.0600375997574485, -0.662764115887234, -0.044806307468416115, -0.15192925024725193, 0.49054375566227804]"
"[0.1795864316383558, -1.5306696394704171, 1.6832130809035233, -1.5926870808193616, 1.8043942174044674, -1.7906264646064205, -1.0148017007410655, -0.9823771624758879]","[0.4833771881660662, -1.8214431743648272, 0.4826676467683454, -0.015092827163239366, -1.1977145008274337, -0.854833253612608, 0.8812280602712087, -1.5823666638175689]"
"[-1.9470430758469863, -1.2381533693617375, 0.2574051224885413, -1.8512968886589545, -0.5629887232310189, -0.9091871014165778, 1.3182193238116189, 1.1412473236141216]","[-2.7023208474385965, -0.08893023204871596, -1.3909268642801276, -0.3537999547442618, 0.49214052906144595, -0.982935881629146, 0.0179663640090943, 0.9413281552100529]"
"[1.214714669725667, -0.5144656954172208, -0.529661859955863, -1.082571292850181, -1.8037833670187073, 0.7535796747114419, 0.8141865117582029, 2.6828643556918816]","[-2.3989686428287254, -0.31549694813739576, -0.502498327112929, -0.05779944792896387, 0.41719940290820473, 0.6555867244539269, 1.8162940442451754, -0.19245547241617325]"
"[1.7157521595544927, -0.27359860186503154, -1.6971362456500587, -1.6479608493080002, 0.9419138251858035, 0.41431132810820936, 2.518560446969894, 1.4407981836095156]","[-1.284836886007401, -0.7116261764281041, -0.4651811816077807, 0.04408315864568363, 1.7514805891339613, 0.9248710712659504, -0.6377903710706748, -1.214738395270117]"
"[1.3120103213300105, -1.5574766441683883, -0.1585325959507574, -0.8559267523383712, -1.8276925440996055, 2.8364851539451816, 1.4459317390007151, -0.9991567001433302]","[3.7839821868008316, 1.4764365799949257, -1.7555167809983319, 0.18143855099448147, 1.235268680218417, -1.8016615435418328, -0.18463044709866505, 0.8508716255242857]"
"[-2.6401682687081784, 2.0402090154894204, -0.19560276037701008, -1.0744757842400543, -1.2619403812187937, -0.01628023325155385, 2.4444833114741753, -0.12472146540548057]","[-0.5604662931825051, 1.4415645782098925, 0.1333467224300311, 2.5909800302133577, -1.261536607576624, -0.7356663913801477, -0.17737410671423098, -0.2904653631187434]"
"[3.0735913242006316, 1.4813225783231267, -1.6296857816153896, -0.19630490285824073, 0.9286239864971008, -1.7591974721510049, -1.143361112499599, 0.8159574255868176]","[2.0091378231968777, -0.4635961451643143, 1.5269661623482762, -0.6563758761470704, -0.2874784035712047, 0.8142410079049194, 0.4431402803831778, 1.0539986518929707]"
"[1.6385976260784085, -1.8438517741007334, -0.4980257569945882, -1.2416287227108551, 0.08347882387664987, -0.8214077674242348, 0.6304367365999611, 0.49417050923264083]","[-3.8642144303868204, 0.13257067187208935, 0.06588042471022724, -0.780266727669819, 0.9334644281546062, 0.3749332839352593, -1.1097432825622444, 0.42355473692181644]"
"[-0.04294392501666785, -1.8599294276933636, -1.4597755578632914, 1.238777435492298, -2.017862749918882, -0.23868666337635178, 0.47433814086707426, 2.0344687252608535]","[-5.3817520574801225, 0.8997360880155191, -1.6115698517192316, -1.5587679845929063, 0.09050128629834439, 0.3010924444618554, -1.3184099790295276, -0.16681778345032777]"
"[-4.630092647163762, 1.9516677771848956, -0.7206343519970566, -0.3000773111394158, -1.260006957540884, -0.9923246786227351, -0.13420008883808748, -0.31504694483466295]","[-0.7836402969711197, -1.635297985535149, -0.17913554061788256, 1.0169234029638892, -0.515221727261305, -1.0757315853042657, -0.5455942436387458, 0.26417477629096653]"
"[1.0710478035444677, -1.516635570416854, -2.16328979100077, 0.6741836239922627, -1.0591020095344394, 1.4286772605469824, -2.452967210409015, 0.24464049332853177]","[1.1873913897601789, 1.775600771446506, -0.6293113397673308, -1.0548819592797072, -0.8772417236799269, 0.3945659806073923, 0.02327872921060396, 0.97374381287641]"
"[-0.5355263247087398, 0.39204565241954276, -0.20588099680718142, -2.4431579969871207, -0.9267269799871072, 0.3389795632582093, -1.1645232965410273, -0.053326846605665196]","[2.761653264551088, -2.7258846057161796, 0.5830867956148933, 0.4867404763287563, -0.038549489199414894, -0.24732692960144062, -0.07397334539042982, -0.17599254756638388]"
"[0.21295716322418357, 1.7607710643214436, 0.7600355321783101, 0.6763872877528656, 3.1086201160182476, 2.98155428316046, 0.8537131459683015, -0.05932257359257916]","[4.12055738327766, 0.936745330834729, -1.39860749138998, -0.19852254709281325, 1.2755204258583424, -2.001070107770653, -0.3736725493931767, -0.1924801614257161]"
"[1.6128898958688769, -0.6768552870721706, 0.30651734295059496, -1.2097176168490686, -0.12087004350010468, 1.9229371304146308, 1.4036077534719957, -1.9700043299599534]","[-0.3897301228857742, -0.8964787772008173, -0.5936936450409129, 0.3418554750904936, 1.2758424735347282, 0.3180764543455911, 0.28574455091924605, -0.2532205680022719]"
"[-1.456588573871399, 0.3603351255928878, 2.5857499335898586, -0.019562531691197645, 1.8575020872611665, 0.6729072381112318, 0.7637775227576358, 0.7479053841903459]","[-4.1071161538891445, 0.4495319924216184, -0.5389489335509123, 0.08644459273695368, -0.06960802944234006, -0.10166036841642387, 0.18937523207760737, -0.040916964399247614]"
"[-1.0338254396390103, 3.7912161811386844, -0.9480962165852229, -0.3139863296206927, -2.260137881233107, -0.9339492379823138, 0.8009602954430969, 0.5316187408278612]","[-0.2034331901587161, 0.5174532513155515, 1.1536388332738605, 2.1422822812534217, -1.2305909533011044, -0.7502953655814915, -1.0034678232191927, -0.008202042682093605]"
"[1.8681731474313898, 3.2747800923936405, -0.541309343533163, 0.41464408474686104, 2.086409754322435, 1.8739329401146128, -0.6948397837311537, 0.5051284001150397]","[-0.11998793537113035, 1.9839667885767227, 0.8365375412523316, 0.8489403375853186, 0.7074920784306042, 0.33533856240046445, 0.6745226673912027, 0.3368827569174805]"
"[-0.03948302897013575, 0.3074831265260072, 0.13478648705485832, -2.9672610881373482, 0.2641187755988033, 1.5260316246185703, -1.7427231632431783, -1.187332030748004]","[3.168172063125683, -1.5106962086528568, 1.0745667040180695, 0.1769835601445684, 0.0518163554810147, 0.8862485817709513, -0.632619406758304, -0.9710596907146408]"
"[-2.1744045900962243, -1.1259038302760809, -3.065065754557108, -0.7667016052859639, 1.0774159971813648, -0.25404494354716695, 0.5002892690112478, -1.149443678490713]","[3.8387784246353016, 1.1117149243322295, -1.623072239352861, 0.1967524089691872, 0.41612763998903896, 0.005570880910003298, 0.31215500359870874, -0.7057173063788094]"
"[-0.6989983779335628, -0.5134499844077585, -1.239676371432229, -4.132811075421899, 1.0471960966373648, 1.7420292110353581, -0.030436561764093897, -0.9840114752788885]","[2.3749942680537117, -3.116944910415301, -0.45083651367845645, 0.5910811886319819, -0.37755213940230214, -0.3447459180283866, -0.29637504756960253, 0.14798727315621504]"
"[-0.4424311094224567, 1.4677533721379388, -0.6264310826464419, -3.2895589270950603, -0.9852010438562583, 1.1000560240023904, -1.9574159330477383, 0.20141741132094543]","[2.136739338476218, 0.8825053999653729, 1.6379757773291272, -1.7200639042477885, -0.7411984170009144, 1.416153192242166, 0.17478540500542672, 0.3909320379079343]"
"[3.482135679525283, 0.6105269891745364, -1.1903522251290939, 0.9573340434203674, 0.04227279373570039, -1.637471139682131, -0.5712537787717178, -0.31605226801100716]","[1.8030126902137307, -1.8225401105295236, 0.8862469235174529, -0.5236753803874861, 0.15249010432924862, 0.27803785132315006, -1.0474418048734295, 0.3291746053662781]"
"[-1.0366654594644387, -2.738799192810965, -1.754895638485525, 2.484826987636652, 0.8041712997331707, 0.17596529583656276, 0.6980154170627605, 0.24260827829037246]","[0.013443152346465691, -0.7219616149077224, 0.39529291022182117, -0.31009006838863595, -0.19710046057600258, 0.20089671511990403, 0.6318591232277455, -1.2020580144563975]"
"[0.8381987985066855, -2.1960662719764974, -0.4250709850704092, 0.24652170077087598, -0.5184138836397861, -0.3194311847801139, 1.5360190184388742, 1.8140705025834947]","[-5.481890818934186, 0.5837306945744389, -0.8071795754656625, -0.7790476529961363, 0.14825608429852857, 0.3124813521556681, -1.0794227378594379, 0.297345037776321]"
"[2.5024338896891933, 0.6364187644668989, 1.1784136523792779, 0.43750309968223294, 0.5550754265946168, 0.21257289672631835, 2.0300455355207623, -0.11642582721527839]","[0.5535126175704599, 0.029461762072507763, 0.1214752743456451, 0.3577089123230462, 1.9772561325591183, -2.0083536095036094, -1.2313702077793973, 0.42723937931448563]"
"[2.284446163270784, 2.9058625499001125, -2.035274248704484, 1.008275470559721, 0.6640802327047152, -0.36326847311186117, -1.5006254519158417, -0.20840868787072758]","[0.29315677493775605, 0.5679445599466979, 2.6843397527460944, -1.1321188939926132, -0.6145545324519072, 0.17992960512892256, 1.1197992982111553, -0.040346957649644244]"
"[-3.3666685901891675, 1.1325329303870717, 1.1129670056315246, 0.6673916876570297, 0.42091151842795427, -0.4968527540946372, 0.6910277125121251, 0.47937423089393727]","[2.063565603722469, -0.17776670680947626, 0.4715241463087998, -0.5627009366625105, -0.23975979809747847, -1.3017181628027128, -0.6808871607325087, 0.5868645913508772]"
"[-0.7677025748368256, -2.1661494196593045, 1.992616119698143, -1.0335731569587872, -0.9456514467915307, 1.0433127257624875, 0.1788563986174836, 1.0627077638519618]","[-2.7817312114550425, -1.1171892688628084, -1.5390188728866956, -0.6711743929675795, -0.7240658919479755, 0.6588932794152362, 0.764312072270226, -0.45611965705658997]"
"[1.8950313349779497, 3.310569290818652, 0.6616353812086204, 0.4264140456845127, 0.3439612382849018, 1.5179444883757345, -1.3072610354832401, 0.6164141803442686]","[-3.2476223234794968, 1.3388195218485004, 1.4341407956242882, -1.311600206067731, 1.8752894713435002, -0.1818469994807937, -0.7003566135309056, -0.960026090012753]"
"[-0.4196018838403452, -0.8414140261158979, -1.7256274996424343, 0.4981139871654445, 0.8529030439965896, -1.403626132148893, -1.9632305092689861, -1.8359287809617906]","[3.4487354186468884, 0.3443889756461063, 0.7195899034423949, -1.0409592679702682, -1.2538336860834627, 0.45808758578315634, -0.16014523512281884, 0.3845787469790392]"
"[-2.5730435192216596, 1.9298660937011576, 0.27440003972673865, -1.1176463645633028, 0.5042050786038286, 1.4977409487199111, 2.3140850749152784, 1.0627841174409125]","[-0.009051020028854188, 0.03478341957076482, 0.9435199079281233, 1.2340318488245432, -1.1055378131819389, -0.7745407941564365, 0.902909821126455, 0.13389375280940607]"
"[1.7443434689329869, 0.8203617118368528, 2.223630901301844, -0.222661663285098, -2.0234805824837263, -0.25238193374138385, 0.7675390262711852, -2.1028197654311978]","[4.008497545991061, 1.3830069096310131, -0.31813939167779803, -1.1876590118934982, -0.07563256404160656, -0.2954197656439364, -0.1167123448315201, -1.0198762167633566]"
"[3.3891020795409044, 0.11990509419943554, -1.5111353732176076, -1.724833228294625, 0.5372685537073121, -1.6269842763259716, -0.13160610074820314, 1.9072358949358634]","[-0.610185464216297, -0.31299896481332384, 0.13981251153547244, 0.05496804466360908, 0.7946636995335525, 0.21713480413374145, 2.1305696879899227, 0.3092636684526846]"
"[-0.03185938212249224, -0.06296371028769254, 2.877936316001809, 0.12414053031538438, 0.5888149245643416, -0.8625045695159705, -0.22025057695789949, 0.8510420179825396]","[0.2440818372612381, 0.9084044281902921, 0.05382606951422685, 0.815421593267062, -0.15358943566657296, 0.4257080547104456, 0.05433289262541843, -0.15157572462259566]"
"[-2.951885307988452, -0.9454393187216334, -2.375157966595396, 2.7375377145595152, 0.6153412854729615, 0.2762457051084645, -0.15863909157247852, -0.5324711878889432]","[-3.438412158660207, 1.1942711045318881, -0.21693118615243492, -1.4301041826815704, -0.6746021831573943, -0.20197635814789353, -0.5364489759635301, 1.3800646250085236]"
"[3.265641502432796, 0.5344228596042435, -0.8675322526389434, -1.5680518713924232, -0.1067105444772213, -0.3043359780604668, 1.7678417975399006, 0.44921545990220546]","[-0.2982661991075294, -0.5516557547612958, -0.05641149826183366, 0.08109746727126857, 1.3328706208221683, 0.4781403144836005, 1.9606344323393277, -0.09025947686157967]"
"[1.795331277826076, 3.0941725060780727, 1.6376930968497159, 0.7685584786897314, 0.2208423432740048, 1.377584496256035, -1.1696534970779446, 0.10133208048370335]","[-1.9894483368569165, 0.6800752996341005, 2.1802409934006226, -0.047649762428730855, 3.152517046576424, -0.4776953066773853, -0.517496731423279, -0.40140962323932716]"
"[-0.19616343191019578, 1.0220083435565106, -1.667787922361162, -0.001859635484716933, 0.5494619762451892, 2.4907096163923024, -0.8522410005989114, 0.0007267444852649185]","[2.1306132922457532, 1.7815198655494364, -1.1978346457137048, -1.3648515838822344, -0.34724895275867146, 0.2042372064168708, 0.30333007922178445, 1.0183473966023102]"
"[1.1544490602899273, 0.4009987454122391, -1.6526597126578133, 1.4719688022292683, 1.5663052840925853, 0.6505624523878848, -0.981176720827958, -0.5059032813814959]","[1.773855029485169, -0.7166859392268048, 0.9908167763060672, -1.3290067727542927, 1.011341718914822, -0.32704530156896694, -0.42362715556396463, -0.9434066617715754]"
"[-1.8206518050085578, 2.7687962152347785, -0.389000025681174, -1.4534944211435639, 0.7858692781572857, 0.4541835523351894, 0.37915885635245533, -0.501582322011064]","[4.067175435106896, 0.16076782708360562, 0.7498090299305865, -1.2710637782494814, -1.545192195441845, 0.8244737002969795, 0.18795404550551745, 0.7300361099047474]"
"[-2.88953292615516, 1.5026152550832348, 0.8608298675311079, 0.36416630322493637, 1.207445865717495, 0.16189764785466942, -1.9015027916088698, 0.3464705938158707]","[0.9001343964585053, 1.2492852698465453, 1.1765998136596771, -0.49011487978673524, -1.3345651733985906, 0.1904310239656707, -0.019876316749492445, 0.852703565635664]"
"[0.3078111965774825, -0.6089272912220767, 1.1795401015110922, -1.5833487732344913, -0.15848408981680479, -1.968749209586067, -1.177073989177613, -0.5173393573724399]","[2.5239283331284574, 1.8276745717305323, 0.09682100101764626, 0.08595403018565713, -0.25093405366032334, 0.33708288616976717, 0.4425260337984207, 1.432540172635833]"
"[-3.14299290406846, 1.4647850096884951, -2.0405921155963447, -0.2452143656862122, 0.8946237551345364, -1.3393286687038306, 0.9504935951467207, -0.1350799745761876]","[-0.03946857024214552, -1.7458745969481126, 0.2763599622127219, 0.5837532836187049, 0.38919039904656, 0.4356438146245422, -0.8644371263757451, 1.1382255499948961]"
"[0.31314205442858173, -2.418966562047178, -2.4606472099957792, 0.8419744348424704, -1.826292773772286, 1.4680317629516486, -2.0868803395361057, 1.6831352817852405]","[1.7587348358421562, 0.6363742846154895, -0.9991866739903912, -0.6836763400473072, 1.0017359552543572, -1.9833522199015836, -0.6238676009690128, -0.6304208057922314]"
"[-1.2136841183705862, 1.5313025803168654, 0.018466218561537386, -3.14094753110276, 0.36494606717577777, 0.944769019719647, -1.3040789920728624, -0.8263663386105911]","[1.0570808675305126, 0.5200967345678621, 0.022336709910066786, -0.3925877498686339, 0.5264394806929532, -2.1976819294896695, 0.2798703257544329, -1.134827704030371]"
"[1.2128996391659632, -3.3990509077123225, 1.833902106742992, 0.46955874989846375, 2.0943731769192726, -2.843629658280915, -0.8514046055088351, -0.31431830726001736]","[3.867356706683843, -0.05521452901673157, 0.7963586211008787, -1.0149863805387922, -1.414435202962514, 0.5475465841526521, 0.04815558358562814, 0.30027759409899907]"
"[-1.5036198484411483, -1.7451357985610016, -3.295652257443134, 0.695629389244257, 1.2447964127226665, 0.412194405576472, 0.7002832475497693, -0.6526280099724604]","[-4.248173067898979, 0.7467396079295114, -0.3794065914299761, -0.5034341269000758, 0.30839705318021365, 0.38926136402126094, -2.0304162315870027, 0.0865151828592973]"
"[-1.011045047499254, -2.7174441326286356, -1.9354344097577543, 3.2929460042588325, 0.35984623759865164, 0.12727295901134877, -0.8056572096280089, -1.1115492793406827]","[0.8644044909484756, 0.5897131608030148, 0.20300523242437668, -2.266585453541156, -1.2752171237628898, -0.13761366264788943, 0.0898476327500069, -0.6256286172791985]"
"[2.18661896772335, 3.5211839372676796, 0.6096929372401779, 1.2464572929444486, -0.24918835489749053, 1.1256376295901873, -1.4899200342647985, 0.33492819376564464]","[-0.6041662319733272, 0.4382892773819897, 2.739687550285899, 0.7504845296063367, 1.66236508911547, 0.7708706631008769, -1.6641421542773462, -0.912980476426153]"
"[-3.085679929276479, 1.5970339241631533, 1.223132934124778, -0.3836531074164206, 1.4769006664760516, -1.1338332995018552, 1.124287979043801, -0.8647915063071092]","[0.07593019944131758, -0.3594912768547125, 0.3822079751091959, 0.6368631960327423, 0.21853066109464817, -1.2418919787867475, -0.6503058881443797, 1.4383532379119646]"
"[-0.5613640913045193, -1.8999546400526786, 1.879227851846248, -1.9477841069369504, 1.341728868376751, -2.267014418053436, -1.3863669527341793, -1.5089621454052915]","[1.7169470418025015, 0.33221113754547504, -1.0845514503570912, 0.7544042431530661, -0.7810355491490061, 0.20781268431704453, 0.6324115722399273, -0.9046759873691712]"
"[0.9764686746220552, -1.2818678662782914, -3.3377963722338766, -1.8840452695219105, 0.3135112212730789, 1.2383423375513811, 1.9673462716629353, 0.7572921478751476]","[-1.9726140131745633, 0.013610468823023875, -1.916887214586345, 0.7408843651326116, 0.38984541542473894, 1.5771716922728887, 0.575211892270022, 0.9598118009088746]"
"[-3.7635963840362474, 1.191674950950563, 0.7818236157252902, 0.9158920884416936, 0.3565944311112268, 1.3735368926365017, -0.7054917416058305, -0.12266735848685952]","[1.1200993134619965, -2.4738652592029178, 0.49666316473782274, 1.215085675755413, -0.22191486542432645, -0.43496883296968947, -0.5490774696055938, 0.4150492015952505]"
"[-0.9265986835695567, 3.3060905581683566, 1.752958793386547, -0.13774613616543274, -0.8187852462259216, -0.5229568918104425, 1.213743433110907, 0.21867171398047322]","[0.39535812380929936, 0.7076825051661899, 1.82976141671571, 0.1241397983857571, -1.9706862138741001, -1.174129817348694, 0.3775540161175352, -0.04178382920093104]"
"[-1.5990152718441966, -0.5453700096782496, 2.110265481010034, -2.022400784832492, 1.9189729319342226, -1.5618030010611674, -1.7064081499717436, -1.0836419581625212]","[1.456747335016426, -0.39892055822737105, 0.324111597550324, -1.12785106658284, -0.9033534554759751, 0.6033812825752132, -0.17836589945879178, 1.1412967043575954]"
"[0.8576861627331167, -0.7962811318713771, 4.458437348606845, 0.503289617282797, -0.9858241213312109, 1.0381978899943631, -0.27148651450402533, -0.9179677819309403]","[-1.1394159511155322, -0.8015683230730702, -0.4740993972477671, 0.28073977984184145, 0.3704260191776734, -0.04047017120200478, 0.7565669753619497, -1.6020187216331694]"
"[-1.491948128693759, -1.0198698169722367, -2.6612506729519123, 0.6378771422766204, -1.1057644047469701, 0.5684777124484289, 0.32799981823873897, -1.4255289344320068]","[1.5768480137477907, -2.4791675834436266, -0.9634581448051487, 0.7844310831117958, 0.37605381484933237, 0.24811107862060816, -0.680989646508181, 1.2706387397121508]"
"[-1.2168839396608553, -2.0722814172198065, -0.7665017863991248, 0.016702676999610023, -0.25954833138104305, 1.1711754020393426, 0.9375000158047526, 2.6999197150851946]","[-4.619026085492583, -0.033196878886263985, -1.5986993318077494, -0.625018388953329, -0.4360441400382228, 0.37778615005533417, -0.6620527738144064, 0.9700287630454802]"
"[-2.475816744495057, -0.5483746129370756, 1.052337264727767, 1.3747637367060475, 0.1993112406905187, 1.1637734873700174, 0.798881218602316, -1.8592581805334727]","[0.2606765053727249, -1.8714403146323617, -0.2928874099485093, 0.33370848297308037, -0.9451845517272923, -0.9049151621152534, 0.4279505503402616, -0.5791335923887622]"
"[2.360272398591992, 2.506482111442616, -0.2667702829132626, 0.03540012962624872, -0.8701020391180425, 0.4181345902393866, -2.20871259400616, 0.23946746240387953]","[0.3062063585539217, 0.02082655716724545, 1.4706334112437471, -1.6551700886080662, 0.016862879265678605, -0.11877795740228703, 0.6543864639669378, 0.04921120145080179]"
"[-4.404081095146873, 1.4421541522280696, -0.5081084311017593, 0.33274965861922706, -0.6933876300577098, -0.6502120015752854, -0.17765755891791732, -0.8387681066752931]","[3.025148132352982, 0.8262704816359594, 0.34913099261333225, -1.331173506767352, -0.042206499123050786, -0.8002135706948221, -0.3987013854443824, -1.6880024264477103]"
"[3.386744377071824, 1.2891497079684595, 0.8593711574500745, 0.06385197699586079, -0.46746484896772145, -1.1808069788914324, 0.7046235034158277, -0.2224974231701045]","[3.220095159013708, 1.6779827585033635, -0.5975245737862717, -1.3512622880895786, 0.23355210438884952, -0.9434068090239639, -0.30271968095431045, -0.6803007345723232]"
"[-1.139341863252655, 0.3426111657457707, -0.5973783003104395, -3.3604440675757346, -0.4347239360504125, 1.8757843250406372, -2.136411224011655, -0.44115081145660556]","[-0.9468359097566971, 0.032438436766960774, 0.16641730065489116, -0.8045394675813942, -0.7639264692553522, -1.650472851052571, 1.3046716660404498, -0.4501984143844297]"
"[-0.11910673420712913, -2.380735962202751, 3.3848713732227154, -0.020189176323677942, -0.8213338144806903, -0.3294231808574358, 0.1455306007404025, 0.0374854034658997]","[-2.951713592233957, -1.08036438018574, -1.695117262657445, -0.8735122742417856, -0.3880779547904569, 0.6660214878666154, 0.7480311728099082, -0.021303091181591426]"
"[0.45400437555092643, -0.9534041299902029, -1.0204845619577356, 1.710544279113173, -1.2770364282036817, 0.8624207880219955, -0.7862855599124238, 0.999568829201701]","[1.1380781829844044, 1.5309807404245925, -1.0074615617100202, 1.198040069092265, 0.48015554699569785, 0.9589861647414151, 0.4795181614557292, 0.4800255049458792]"
"[1.7125777509675113, 3.044789517132012, 1.5807851004333642, 0.7437406577260424, 0.24996607465674772, 0.5907137048919586, -0.3882207706619941, 0.03396950847118453]","[-2.1460211067223556, 0.8911214644384711, 2.00550064692022, 0.24678973174341404, 3.2599999714594596, -0.6279291593453256, -0.36727386980281657, -0.4196394974870624]"
"[1.7848438615324838, -0.3000915326950742, 3.1318231190622057, 1.0556904413925974, -1.6755109109447441, -0.008901633530040599, 1.0000281879646788, -2.2134396069065683]","[2.228671736963171, -0.23798504220357963, 1.5005397849383195, -1.0483857557913734, -0.43442579533478076, -0.1448306784472222, 0.529412485662514, -1.3636084264221657]"
"[-1.0259601888178391, 1.36026460330491, -1.2709061211841661, 0.3584347560780661, -2.5986849879553593, -0.4414538844763516, 0.5466242014249054, -0.6612540292654824]","[-2.7661712666188634, -0.06016527390420957, 0.963650745437365, 0.5047959408671593, 0.38480203295802035, -0.5182384747430153, 1.365229274113192, -0.14627832433716506]"
"[-1.4439005748278533, -2.8297079852210554, -1.9528553140638742, 2.294512212552121, 0.46371637753677425, 0.44854997960496557, -0.7718491892636289, -1.5460285881979858]","[2.3112382504186684, -3.093057254433178, -0.6583826417896583, -0.20136235561024005, -0.13885472723812947, 0.09495620602805918, -0.9721239518360097, 0.30867792031754887]"
"[-2.247902045992611, 0.5058176223687324, -1.72849843733597, -1.0895301500657106, -0.7513129262406413, 0.657872832566865, -2.256200710231033, 0.8491625110144587]","[-1.6036979722213276, 1.4912655925403602, 2.0754807061376837, -0.6097600053103159, -0.9465677978466523, -0.024478567395500646, -0.7219759282173078, 1.0851437097991359]"
"[-0.38900115054713563, -0.44461171567012064, -0.526752287748061, -3.0250546351902288, -2.7937843410034127, 0.20148378352544416, 0.073803685984416, -2.6039482272677392]","[-2.1710692493919677, -0.43514061386975506, 0.45814748072929445, 0.9767089675018453, -0.7458585664062634, -1.1072906699376155, 1.5146934134566006, -0.703235727674765]"
"[-0.12947506530043876, -0.7592173172526514, 2.916806644731237, 1.2954688528083342, 0.911981723448321, -0.19376193952384874, -0.12018929135963367, 0.4207522080516128]","[-1.518025728152907, 1.2950081541184115, 0.2116739373347811, -1.1261809289773108, 0.2093496591220515, 0.13067876228207084, 0.29916879593170875, -0.5758988874653752]"
"[-1.4086416143745997, -1.2335416789400004, 0.4503585569191448, -0.7297690092007642, -0.6275946245384854, 0.01819559899327261, 1.0699690056471431, 3.653635966873585]","[-3.8012331967181896, -0.30040731224656925, -0.986589971666793, 0.11481355047376729, -0.5767622096749273, -0.5556331248982799, -0.44880993594404034, 0.17011611453857683]"
"[1.6917087622250362, 2.8881068402638523, 0.7395720809123095, -0.42965670574804976, -0.6458108977335411, -1.4691413517953547, 0.9260769496628272, 0.2647723374412767]","[1.8114462620381466, 0.1448176425003337, -0.052950388214621516, 0.6597908636325959, 0.40044322835096646, 1.4882934500757774, 0.4641778129139294, -0.6889345678973484]"
"[0.1495834878850367, 0.3105855181620458, -0.03874892171962683, -2.571303998585377, -1.9916921447158367, -0.637605012378008, -1.0252572078719067, -0.9495804911371337]","[-2.6934983190813306, 0.968137538096694, 1.5915828527623956, 1.4138623556845047, -0.7346638066345809, -1.0089026460458055, -0.6804831524392407, -0.6562950974683229]"
"[-1.7274911656466814, -3.1245583563855654, -1.1275482902124114, 2.897428056765397, 0.791293531133187, -0.20053607443367158, -0.06397710706202332, 0.3773981027418859]","[2.190005798617538, -3.2623537871396944, -0.5689265877076752, 0.23662284302855624, -0.47320823008845375, 0.5138846530433228, -0.7094942632248199, -0.124343475364453]"
"[-0.10825928115843529, -2.7764916677343305, -1.499836375916396, 0.3876767239624349, -0.07706696406842346, 0.5280208227605127, -1.3712205778440059, 2.5416251483728156]","[0.025868012995825265, -0.7266601881948014, -0.5320028540029227, 0.688390111434266, 0.46775756482003605, 0.739559389353747, -0.8180091810335088, 1.6002286029869803]"
"[-0.41438463646024004, 4.050686019577527, 0.01959025141618693, 0.8044205011434896, -2.238709824389453, -2.856421432697868, 1.6319261208130946, -0.5694652856582119]","[-0.26828771303625676, -0.1462418054057884, 1.7350351245471698, -0.13411028171226855, -0.38800288024862967, 0.12499127842407019, 0.25557430705333767, 0.44165602113853863]"
"[-0.5490906764634507, -0.6230886304595149, -1.930309333995894, -0.41534477626088656, 0.9743308858784586, 1.0947892751877422, 1.8584603085631528, -0.8064286780077027]","[3.631071105044582, 1.2541062481568261, -0.950626665332851, -0.259589453078628, 1.0647512297882105, -1.7652949565970955, 0.010484437727556419, 0.13036782084807194]"
"[3.1276240135504834, -0.2679218172318013, -1.4550330205647244, -0.8815273646781873, 0.5849798374136649, -1.9472632918105586, 0.6435868376046419, 0.5927138957608212]","[0.3949522572664688, 1.098583103205413, -1.4692173113116165, -0.3846726221032109, 1.5956631306555265, -0.7811563818370252, -0.5892056630009918, 0.7075176300788754]"
"[1.921510997589113, -0.023204169459277956, 1.0233351688236778, -0.28663038547672653, -0.43873476183743204, 2.6222413878014392, -0.38996735369222496, -1.4677377129660714]","[2.51058842254863, 2.783695858284967, -1.3355853696053344, -1.1179086539382055, 0.433883537076544, -0.6328160571884359, -0.026592950641664, -0.02373072235946764]"
"[1.462565061332046, -0.5319514651827184, 1.7299949232944, 0.0018685779070295638, -1.9463240130347221, 1.4335301811795331, 0.9025776757713474, -2.4126407267780463]","[1.9793135194402418, -0.04353141921327996, -0.06175566364408654, -1.336843941242323, 0.6434238576976277, -1.3640407078916037, -0.2858802365965631, -1.0230872489463412]"
"[2.918527638289982, -0.3332285881207106, 1.6749295179981096, 0.2853575852665598, -2.4809669162275, 0.00045362369997693243, 0.6318432897236164, -2.324853020640272]","[2.2060985001697606, -0.5165545903338215, 1.1719049486730033, -1.4186974961777272, -1.264397116085399, 0.5543997347282938, 0.3048267005544412, -0.9013662914320404]"
"[0.3171768229412234, -1.70664059996061, -2.45038052195432, 1.7468332347372701, 1.2465937069198416, 0.9286308981107623, 1.141633483180232, -1.9763458860106216]","[1.5059669712235422, -2.403045914072921, -0.6484721554060245, -0.10263824715323742, 0.9988349683701241, 0.4136744701373948, -0.32019500156580655, 0.4918825620887646]"
"[-2.042537636947858, 1.5227696887192856, 1.1016807791669725, 0.5674283659333276, 2.526584042852744, 2.115156343825004, -0.17069995759480364, 0.27962825283819986]","[-1.9351544657274486, 1.1882696536979946, 1.870133812001834, 0.46444293585925456, 2.672400286500874, -0.6614017555881918, -0.28544450712983965, -0.888725607904704]"
"[2.496529228317518, 0.06667693044438754, 0.8337117398056423, 0.3693454526599397, -3.0991479020476502, 0.220342407740252, -1.5270163458622004, -0.7442234745762366]","[3.0779061275483324, 1.8868736252033687, 0.19446450757608036, -0.588647481725978, -0.9662012663696039, 0.6535233871725249, 0.13213456214939548, 1.576483933220135]"
"[-4.0868239826357655, 1.0020561128792063, -0.7901315773319294, 1.495237555732867, -1.4108148403766647, -0.8728024706318414, 0.4313985462017463, -0.7960334257798167]","[2.9469472217832027, -2.7373021897465497, 0.4648051005091015, -0.15379938079769223, -0.6652487983043774, 0.06530779892973751, -1.009738338735917, 0.04279385150545125]"
"[-1.4183912785603117, -1.567313185832852, -1.9730684152736926, 1.382170753765282, -1.3898257008775972, 0.39936623735470045, -2.110626321920413, 0.7463592145434578]","[-3.0272709009366556, -0.2085199531609446, -0.8890041108502661, -1.1450130579627311, 0.1035187858265986, 0.9144579729750894, -0.5001936101623284, -0.16114529825165633]"
"[0.16098216534416565, -3.196094718898238, 0.08034873690089032, 3.5492398192053414, 1.4253462802835317, -0.11258556517992427, 0.3968911025233535, -0.6801792661891696]","[3.4963835636369462, -4.363142023071044, -0.15637543298127937, -0.06151450982814941, -0.26184887066864865, 0.4227932445211722, -0.7727053262819913, 0.12387513808881247]"
"[-0.6478065617647031, -2.181262685921427, 2.4801074965521686, -1.239645279368806, -1.3221479197706845, 0.8291893540572759, 0.0688791469066591, 0.9111845842189431]","[-2.6374523473513056, -0.5961644944997752, -1.6112495239942781, -0.4299683364013925, -0.3977229698881683, 0.5790639660095059, 0.688907156084843, -0.4027021590544232]"
"[1.6669323233489446, -0.412699391955543, 3.587767796640744, 0.9360009636436509, -1.950705952515243, 0.47169426460151975, 0.2602241434143414, -1.9962298750139922]","[-2.4017863009497162, -1.1828097170153593, 0.04043228586891175, -0.36448838525137334, 0.02580642215151132, 0.0642601692717383, 0.9591477915791935, -0.2481710037188387]"
"[-1.755523753133416, -2.2399322192220743, -0.23475944216304426, 2.4436346018103055, 0.28278291687896157, 0.8892103642215049, -0.2830991186494043, 0.06010514603799892]","[-1.1282977270419998, -0.639897559359107, 0.1634210427319513, -0.5600899790236664, 0.5313059580324055, 0.2841524617973883, -0.8417807124668912, -0.3387541629879106]"
"[-1.7924636105508986, 2.3597829861518744, 0.5650306917338744, -0.8382595514838537, -1.7444493059517066, -1.3864026906445983, -0.14248661529618475, 0.16768582084358827]","[-1.919536739601884, 1.5309227155970202, 0.7337670144124716, 2.496102876900116, -2.0230565317374682, -1.036003644514156, -0.38502214379762006, -0.08246115609858874]"
"[0.9482459729252789, -0.4541413053315846, 1.4401568117285448, 0.31827703540721286, 0.7196150921206372, -0.265606750558111, 1.4693455617293516, 1.0961655635036587]","[-0.016911185594036347, 1.05520208561121, 0.16338981902525826, 1.980253475410822, -0.7106630223485173, -0.6626524841630196, 0.36440336699629206, -0.7188623565953727]"
"[0.10269967522307787, 1.9584696819698981, -0.5800665262850365, -0.408082803655934, 0.6488428983582439, -1.2747439763571344, -0.08219125651290289, 0.2878497413044643]","[-0.35249621129542924, -0.8145360953773964, 0.5889806759905178, 0.8243500969153983, 2.426783645102985, -0.35128418212462986, 0.9195555211904294, 0.6148908332429591]"
"[-4.243278942528301, 1.5819396286018452, -0.965940642366221, 0.24588826228300795, -1.9051874394024617, -0.21261870770874966, -0.5425980913309392, -0.9013730104753515]","[1.094994814216591, -1.7395606912869626, 1.411924174738113, 0.09925768475816822, -0.9646653622125705, -0.7456410849961226, -0.09682593685993884, 0.9671681577817118]"
"[2.6760574151913987, 2.1998170664514736, 1.7520464930222233, 1.6921003816054858, -2.117429813981799, 0.38350230761865, -1.2939658615854666, -0.09716685578061221]","[2.041690551532331, 1.3291105281984876, 1.34015914419406, -0.9763430775097205, -0.8932444848977089, 0.6747327935083791, 0.22252480051475598, 0.9917697135105155]"
"[0.891353548236078, -2.9926865424789693, 3.1501929349961353, -0.48482500473987916, 1.0516142393815087, 0.5998917018870219, 1.744622910554628, 0.23521848737078543]","[-1.1686840427010556, -1.6083736144067777, -1.483529387437943, -0.8147011977053745, -0.9498080451972769, 0.1958069941982588, 0.38406022116596733, -0.4699465075861412]"
"[-1.432610201815589, -2.436955256586865, -1.6250717163205894, 3.2214392497751776, 0.18961801272204923, 0.04229076718923209, -0.9709375150499537, -0.2856616038994553]","[-4.506402193472944, 0.5368714595022347, -0.5831576286036871, -1.1818277345147286, 0.41723551560520267, 1.078769535178278, -1.7110224969353154, -0.5735360145056065]"
"[-0.11541660540236469, -1.636748599672715, 3.2205786515831125, -2.230940490443463, -1.0516142700166229, 0.7683063259289908, 0.053984027977068055, 0.5402413935485556]","[-1.7347811371597892, 0.9200200089511504, -0.36225507754451075, 0.5093089950629804, 0.5421750752088526, 0.7615794691493016, 0.7093724052689145, -1.6010412579007707]"
"[-0.9999719717930701, -2.1335141387801553, 1.7759364464202956, -1.858172982453777, 1.6769108759946219, -1.3814828651297955, -1.267570860516689, 0.22901354121571482]","[1.07811888214029, -2.6612261464832345, -0.6328976664441116, -0.25897672871123933, 0.09972459686826447, 0.021462153491219802, 0.13255039462562243, 0.22872345529418825]"
"[3.0943638600593255, 1.9911508593364866, 0.2040532883329062, 0.9475376982990718, -0.4825936956761741, -0.4088563362521344, -2.220502631946532, 0.43654765910358007]","[0.16687415040628237, 1.5786639448530144, 1.7835958480220067, 0.8568745066981138, -0.11243203809443342, 1.2942084280418507, -0.21669983450054356, -0.9703718597458691]"
"[2.177759436748336, 2.7976730996882764, 0.6638358284895304, 1.4416776680602617, -1.3711406183428905, 0.03910206979455746, -1.899172146363157, 0.41592171460625393]","[2.1955762421715375, -2.335373493591112, 0.3328418961593315, -1.3087356654428162, -0.5443032451622097, 0.06462375911767981, -0.3150639384242515, 0.46646318024365696]"
"[2.3501694895372682, -1.1651691082118867, -1.1409623433426936, 0.018848406155185415, -1.4117423698925382, 0.4692806672989659, -1.1208272359808011, 1.9807331369663403]","[-2.640786520065087, 0.03356796466119378, 0.23774612138941567, -0.5183027572982035, 0.3475865359640499, 0.05294201036402302, 0.428552223323494, 0.166804892322198]"
"[2.3368444385151563, 1.335418034823845, 0.06644459475607635, -0.9199625330387453, 1.2883536753626346, 1.237242718376725, 1.4636083321880025, 0.9179126153703181]","[-1.2013812479921906, -0.6904471997786948, 0.6530221605644708, 0.19093933376666217, 1.0544436361426093, 0.9380933638666032, 1.6354194802316486, -0.6374489097831532]"
"[0.9167752716609692, -2.335801721023666, 1.986055769443194, 0.12753005229206368, -0.8483961511708705, 0.9388856007803729, 0.28630357137706897, -0.9807677095519755]","[1.7595766249103397, -3.288011750639, -0.5727565244926319, -0.35547105184113875, -0.732182935332584, 0.37913026491533636, -0.15643748755122702, 0.04666646577678012]"
"[2.2695822996953, -1.1525274908556662, -1.674733603871471, -2.012946304567916, 0.6369070863150016, 1.567802095132258, 1.9602696919859246, 0.29325793332919387]","[2.142121593158251, 1.9858856259584838, -1.4221665797334344, 1.3306949191511988, 0.07350467993205262, 1.5803458951304785, -0.08404061168548074, 0.08615966348536189]"
"[-1.7472646330733088, -1.2031861078526258, -2.9343547955396, -0.25025412999139013, 0.42372724900923825, 0.1945258238795014, 0.18103107611611005, -0.9488649934849382]","[-0.5651888685811876, 0.9151069891556608, -0.10394156444385821, 0.04549264430727216, -1.4096803262382869, 0.5402221335097599, -0.77597309016269, -0.8243190317898301]"
"[0.2169613941661527, -2.3646178852306905, 3.40600056057813, 0.16985929576492065, -0.5543280559575609, 0.990820445088526, 0.7830471823058405, -0.07669096587667568]","[-3.1018339604164056, -0.45295128997126727, -1.5358713481545674, -0.5731051136420514, -0.518699370526366, 0.513555273196476, 1.0789522562413854, -0.35065329996722777]"
"[-3.740430807593745, 1.8553929870244799, -0.8228436346574344, 0.0037108462935233986, 0.6823611509156007, -0.930568862283628, 0.9959213040246958, 0.2644998161115704]","[-0.6423257840144017, 1.3650834861294794, 0.46576302436113776, 2.221147761434382, -1.5741095071023705, -1.0702023365653404, -0.21926771295673086, -0.5767281026321478]"
"[-2.3432308771224197, 2.7767230798165, 0.4995139616223431, 0.49144089284457565, 1.1181845399707506, -0.7515907687245073, 1.7015993356402084, -0.018492688066938625]","[-3.036660302326479, -1.0543825991142788, 0.05001910098942901, 1.38524630889852, -0.5250615511288028, -1.5087998131921951, 0.32004984775773987, 0.7932931390478393]"
"[-4.1196674022291955, 2.005656883769551, 1.0604011507737798, 1.1233936120673873, -0.1318483371030693, -1.529920785654139, 0.14296154516007162, -0.7082331533547055]","[-0.5974887863701087, -0.5062030433307372, 0.8060414513110762, 0.38550299518158354, -1.1764478171924493, -0.9778190943309685, 0.0851729519423558, 1.197781166994792]"
"[-0.6083631820159956, -1.011792659016253, -2.8187459134040878, 0.03518648125550766, -1.710999198450305, 0.9924682169757484, -0.07111049241626692, -0.34337818001899467]","[-2.6566903544605127, 0.5475814205144919, 0.5544248792453165, -0.18492046233989085, 0.32070608094448116, 0.7752628497312486, -2.3866663981743548, -0.8374890564193939]"
"[0.07914352036656991, 0.2198840236977911, -0.5974793106608804, -0.9241453685866302, -1.3058898454588073, -0.3190821651574535, -0.4661352960743375, 3.753944468398742]","[1.6554389845603454, 0.0760936351949497, -0.8923369262655674, 0.5920966321935562, 0.057236759160877844, 0.3065879491912682, 1.4899951711171422, 0.4021330352183918]"
"[3.1555607618347126, 1.284031962156594, 0.4967113003689813, -0.30273481654741824, -0.31328041710982546, 0.46720500998727976, 0.9191501957189661, 1.2065829971432058]","[0.8715791825508757, -1.8970248434820485, 0.8291252912908202, 0.6244565205097403, 0.9253933253381329, 0.6704711432455793, 0.874411429691118, -0.17001832399518627]"
"[-3.230364868356436, 1.4591780887987276, -1.2052201238275668, -0.03193370343172273, 0.04764230214939693, 0.21310552901488886, 2.0135736748884816, 1.072149605413772]","[0.5999899321008844, -2.2231736951904124, -0.2981724019987194, 0.625659226987826, 0.8235475774970215, 0.15705772129641282, -0.19124657808880474, 0.31750528984567206]"
"[0.055102006268463656, 3.108328182020765, 1.5021522437065438, 0.06491481219376945, -2.361188971639414, -1.178980707246657, 0.24878309704040769, 0.6430005615523916]","[-1.6518460184089843, 1.7624878144122973, 1.281126404912788, 1.9890148455885863, -0.2653575300209702, 0.06836704757648508, -0.42293139294131604, -0.13603637351776407]"
"[-3.644335888236646, 2.0621960725636885, 0.29963750653110477, 1.7606769763105805, 0.4932357212408824, -0.8045228702735753, 0.5156955571324776, -0.28627372724318634]","[-0.528177586540076, 0.3723211767472095, 1.3693218169330141, -0.15413959235677854, -1.2725571973294325, -0.9743851449781739, -0.29309064086730313, 0.20945129496808496]"
"[0.541170425920008, -1.293781506674244, -2.421120644905922, -1.803375975544233, 0.6853664806123324, 0.50307381026393, -1.0214566903009175, 0.06956235563229869]","[0.49211344699120685, -0.4138249671201818, -0.6363414753257317, 0.2281903479079306, -0.5234735735645665, -0.5930578729879283, 0.6650536835616171, -0.14802377826277988]"
"[1.9226362258012257, -2.0134285483780197, 0.5478588598333636, 0.02051606252108553, -0.28331676910551407, -0.6433510747191451, -0.05030508890074425, -0.4542083876223454]","[-1.6527939808114884, -0.9238204702974645, 0.6146293857347608, -1.1096578534249817, 0.5544859426675406, 0.5906014539939728, 0.0362200296715992, -0.2121061126205382]"
"[2.737520928358044, 0.0961944309262854, -1.0947065423188072, -0.1791784059179314, -0.6352660419667052, -1.7351378521978966, 1.7231590407104838, -1.1537358588737878]","[-2.4253383998572726, -0.2811344525057794, -0.03826553902418943, 0.9157992192503894, 1.0483827124210288, 0.3765069282948275, 0.9734867619948103, 1.07901493962047]"
"[-4.407140777388746, 0.8786128572155056, -0.7579314307384959, 0.6342569089855965, -2.598123276326483, -1.3613740597597017, 1.5379909828951797, -1.0414046756057562]","[0.6023217463840422, -2.6256399575097196, 0.33568600653187003, 0.8525994893256624, -0.47083449533966404, -1.049422382404789, -1.1586577214440692, -0.010514851490655156]"
"[1.1122871983910863, -0.8729671994404818, 1.5586129195068492, 0.6692523156024116, -0.737934793712663, 1.2608839788192838, 1.677136108391821, -0.3390634764612239]","[-2.4833263016610947, 0.49044036021822185, 0.6477061551368966, -1.7814032651443923, -0.5952201315210287, 0.2910792941268283, 0.34963243227700164, -0.5261345179895675]"
"[-1.7148650820864424, 1.7821803362258224, 0.9685454466882675, -1.7258844265236515, -1.6092531292062902, -0.02906227632118305, 3.1171153339144273, -0.4243976324359059]","[0.6537748446642868, -1.4774858090064817, -1.631145573302678, 1.0292097551837835, 0.8761088350528519, 0.7642285297211225, 0.4747932409641384, 0.35783351741039987]"
"[0.6049043314856428, 3.1193226481433873, 0.6108084248602784, 1.8524919840214489, 1.1693255071852635, 1.9393256946682198, -0.7696899379289383, 0.3812282961914123]","[3.0978099813730386, 1.0102896413117959, -0.07468238236074738, 1.2506303024274774, -1.048993014684492, 0.8018431051387294, -1.0959120655649535, -0.5626671502604843]"
"[-2.8088397424446065, 1.6522765600670584, -1.039698953642059, 0.41246414772758194, -2.381039577093473, -0.1293708040279158, -0.8803470942287469, 0.9795251915028194]","[-1.7115157447996507, -1.5072849327710918, 0.9631808907917644, 0.9861447921210964, -0.1401946452540359, -1.2211810707997612, 0.5249316565691489, 1.2091715780213517]"
"[-1.1120784794012861, -2.0519091678290367, 2.920386804485028, -1.4419066484738603, 0.6410341682331268, -1.3786311170089771, -0.7039795575571033, -0.09604551368158865]","[0.9535772699010099, -2.1149845952667863, -0.0025647355583733517, 0.370728125914234, -1.0268646229555787, -0.6932568728106312, 0.24103097878354135, -0.8347960874132929]"
"[0.16435618262705948, 0.8600330598300145, 2.3997671321064247, 0.46883181109237043, -0.5738405471407092, -1.0122826494540296, -0.1458585379898151, -0.07427734357804545]","[1.242985662785472, 1.8724409996256286, 0.8453623317266193, -0.9189154726395046, -0.22426986906766933, 0.9929822622378774, 0.6896775402139517, 1.3823078628542378]"
"[1.961697619689567, 2.8193676712993314, -0.4179958147590215, 0.33809226040154444, 1.2409900776054537, 1.2811926287365445, -1.4381147864572588, -0.22929864179982704]","[1.66526459542895, 1.2166361916157085, 2.2053009530911503, -0.8213662372978995, 0.1723797281165948, 1.2311339357035862, 0.6519418205105209, 1.171090067076497]"
"[-2.217058224159898, 0.267041794177296, 2.1787896992585027, 0.8822153622208322, 1.9008503681229232, 1.4315426110501674, 0.04718704004154265, -0.23783997387828867]","[-5.397109456504269, 1.0289034704171467, -0.6725715797084825, -0.04404694534145139, -1.073224145260548, -0.8083888538751033, -0.8102079342225856, 0.19356926205263744]"
"[1.7399920732009102, 3.067918597891397, -1.5892922104972722, 0.7270371480978922, 0.30550598533883433, 0.25462531823382456, -1.8685475722861977, 0.26056898872360057]","[-0.12514086349819006, -0.6153498724473536, 2.3983832601559154, -0.5930846952597828, 0.9490138791326499, 0.575593320363341, -0.3133062341303987, 1.2015646245669254]"
"[2.9269602621300477, 1.6854168436799932, 0.6148514193848083, 1.1985212945756456, -0.8519761354667249, -1.173836148892653, -0.21292557673842383, -0.9921871970592574]","[0.1715506175048635, 1.6305546202212813, -0.0627770292011295, -1.256135934144604, 0.5708905620186608, 0.2040006330865706, -0.30615839260300737, -0.5080249814918357]"
"[0.6932286553899402, -2.0138404817554663, 3.608266545566089, -0.12684774838191137, -0.3587715519222281, 0.1480202924233091, -0.03194666980908542, 0.33493143983472917]","[1.2510561519325147, -2.6080134112991042, -0.6164857099102541, 0.013960788932612345, -0.48708550445820104, 0.21248145815996525, -0.4394167277435817, -0.8711203517564491]"
"[2.376994037242864, 2.8455396670573188, -1.2117775220805933, 0.9803964343198879, 0.9657131733502422, -0.7088373806770992, -1.014267296812879, 0.72343368074792]","[2.330522221983109, 1.2531188345782558, 0.5464776817423002, 1.7316479350001104, -1.1337862377578658, 1.0546270681680687, -0.9470613382420284, -0.18372745209310562]"
"[-0.33903825803517035, 0.08243177739814403, -0.9453979414692073, -4.333989690638764, 1.4428875649624835, 0.4916120851676431, -0.3987121747899415, -1.5357207255084262]","[3.4489506897071545, -0.35654269355921664, -0.9791604884990079, 0.6325083823528203, 0.10826009203687038, 0.3254323311916897, 0.30095300180077317, -0.6753909895474168]"
"[1.4050426085803136, -0.09364300677586598, -0.8012853172035167, 0.25748472830258706, -0.7581991471555597, 2.4442322015436244, 0.22274030780282797, -0.14253860974775742]","[-0.20890118105792418, -0.5841273667602039, -0.20535255122996446, 0.339821068889823, -0.4831510789814291, 0.7645737006364971, -0.43427004681877623, -0.8121637121972848]"
"[1.6952219328182012, 1.7062097708056028, -1.6652358750096021, -2.2079036006224344, 2.627404479562479, -0.6663240407092323, -0.6717774318421822, -0.6407813761795866]","[3.941956999449038, 1.6125945782742692, -1.7928029527719977, -0.12136266442527864, 1.2436023457301064, -1.7644452392560157, 0.022536938433012507, 0.6582473843199498]"
"[1.2670575772203767, -0.9757296803589939, 1.6306494556433873, 0.9741703483111773, -1.602488435943879, 1.7632387797487332, 0.33131555250357503, -1.530019642135518]","[-2.4744092660418833, -0.9630401891040608, -0.09315911235942834, -0.3351809425824482, 0.2652632149902207, 0.07350598863334443, 0.699055694580092, 0.3653432442614209]"
"[2.2767013270660743, 0.0944898026806493, -1.1308152211525158, 0.4556765569489577, 0.5925691409413427, -1.2011675903715389, 1.614422658527029, -0.7623789695327292]","[0.5943387923026102, 1.6361493720388174, -0.37129647497500373, 1.2644574151127403, 0.8527202830647105, 0.9109800923993526, 1.2485832021768475, -0.21783117742524025]"
"[-0.8791823341701003, 0.7406087059680251, -0.3945083293295927, -1.0083012788217605, -0.1672713188411692, 0.45409760628257884, -2.6988273847308393, 0.5494382891760009]","[2.6471062747170024, 1.1692222711485154, 0.3522345546712578, -1.3475179668344994, -0.15798695672404697, -0.46139837680346774, 0.039106255479427234, -1.8246329654646325]"
"[1.2277042782303833, 2.6159562032092114, -1.7795183180114247, 0.098901729413402, 0.9426942420725066, -1.2442942380811763, -0.8781228959605176, 0.5481358247226839]","[2.4796781862837958, -3.0652583815683645, 0.3290445051849392, -0.6794496338535025, 0.018707873560080555, 0.16206248790588537, 0.19160265478749716, -0.47311834067781344]"
"[1.384219144232655, -3.0021769939288703, 1.9968545502553519, 0.05867720854604065, -0.2743366459496715, -1.9891793413208503, -1.159297925844845, 1.2665491401578657]","[-1.128290396327339, 0.495751737287227, 1.1577638913315114, 0.18338892440805804, -0.5057859697667475, -0.3430166559029097, -2.117009441799779, 0.023003053125356526]"
"[-1.6268884134672443, 1.9601443688817979, 2.3302179094197353, -0.5570364166097358, -0.6863403867810353, 0.9720933051512829, 0.8560900571990804, -0.63537957781529]","[-3.6553851564170428, 1.9079543839060555, 0.9712348533467288, -0.44376082983895443, -1.896166854820655, -0.42988768406776257, 1.1616041690505794, 0.3567992280974883]"
"[2.2078370985609554, 1.6462072628527828, -0.7305814299296255, 0.482234044194133, 0.11389408419409784, 0.012280062642336763, 1.3633084430918583, 1.0811266459093645]","[1.804805412372173, 2.1484201194679127, -1.0050520135049201, 1.351586272762999, 0.715246415565617, 0.9017469850372389, 0.554510173586036, 0.7153109694719061]"
"[-4.371454254187376, 1.0506243835636735, -1.148214935678683, 0.008800511859393088, -2.0171536096719063, -0.36442708590709116, -0.030603021874942293, -1.3186005703423294]","[1.041779047308194, 1.5841868730032356, -0.9514239940872924, 2.1224886487580403, -0.20302956065340244, 0.26534815815025864, -0.12251439577602063, 0.9029136823767228]"
"[4.2450407193708735, -0.25359577645022907, -1.1138878119680824, 0.9934105903660994, 2.139219566394676, -3.4244165761759873, -0.33983001014975067, -0.514779817059534]","[1.658692772617325, 0.9238148110514641, 1.91794860879852, -1.1020498403066603, -0.9675316758813693, 0.7445881019753625, 0.6557553532743452, 0.8262651915328333]"
"[-1.5192290262572175, 0.7352133055126124, 2.137217517664771, 1.4616608835577354, 2.339630377628761, 0.31880322855829857, 0.636628967487821, 0.5253582811833472]","[-2.257114117148242, -0.5861484093038349, 0.03936662907261201, 0.0002499365721493441, 0.4600814627943756, -0.24104278083612135, 0.029797095768678773, 1.758908392988725]"
"[2.43051618580442, -0.14970120771845222, -2.1514914345877254, -1.2005193066159334, -0.6427124993745652, 0.5753610996091623, -0.2637512588484553, 2.352659172348446]","[2.816730362240555, 1.2242891177638986, -1.6478524575356215, -0.26331766494969144, 0.9024300868579701, -1.5113155127568358, -0.08203641144014343, 0.23164492328468075]"
"[1.8554766885218787, -1.1632733946860825, -0.5689111362078648, 0.8354397932916074, -0.5265906502171324, 2.6163664004961507, -1.3864854947629488, -0.6407249868496637]","[-1.3449918915803025, 1.7522937505910674, 0.8443293849175163, -0.06587386161880104, -0.03544455601235482, 1.261524830682199, 0.0282014539929544, -0.5742033148316167]"
"[2.102578786646919, 1.5783955810984114, -1.0316537660076752, 1.1509871965175393, -0.8905568495156281, -0.7345039420846352, 0.8333393710933902, -2.3281243731942323]","[-0.6129362816401012, -1.6962444819313418, 1.5755619031928212, 0.029978156761720123, 1.7071320065591753, 0.4868849278543708, 0.9555365760990697, 0.24818699973613423]"
"[-0.731224856225172, -2.0760223111946496, -1.489167126574743, 0.0029448909869355293, 0.7544914690431214, -0.9379510982805075, -0.7443180091788085, -2.9891218221857705]","[1.3572205989632884, 1.546351008608453, -1.4604051897283512, -0.4124555998838726, -0.06581117039067351, 0.07401440282844021, 0.10763364828329408, 0.5858794270916768]"
"[2.987637298363127, -1.0692619810378405, -0.8243062897898648, -1.0158802159697877, 0.5563381687293049, -0.7984894997494043, 1.7166569544075199, 0.5280512898640354]","[1.835832209852843, 1.556342045264895, -1.1799908414245746, 0.6773498155919483, 0.06427359569953428, 1.444882057957253, 0.0812180218509387, -1.4421990607126813]"
"[0.1074830312430203, 0.9625099490039859, 0.004173042995509846, -1.8159396859761758, 1.3269750096588337, 2.9100334783694763, 1.926600194826676, -0.5067463928006454]","[0.9637512765284092, -1.8132818892304357, -0.1779955107150716, 0.6025418475863329, 0.4321141311999029, 0.5373523858762318, 0.722422644747539, -1.0321666115504815]"
"[-3.7689186184832235, 0.04707646634999765, -1.5380315094692563, -0.841672143372529, 0.4200858996197165, -0.49301315016940706, -0.3674737227587923, 0.8797395682417064]","[-0.19060301099189259, -0.028763948721004157, 1.7467361460281432, -0.043314168890742695, -1.0411072206004957, -0.6167891071053264, -1.136187943834408, 0.8882725529624345]"
"[0.1577180473612202, -1.4384696700487232, 1.9759519924208093, -1.167808168083738, 2.809077213187857, -2.892481090813786, -1.3116592735947188, -0.6637358385626838]","[-1.238709901485432, -0.8153016993246217, 0.4958082824426624, 0.11237093915452441, 0.44570495247182446, 0.3775727254567182, 1.6529581720027329, 0.4567797484729794]"
"[-1.676007248543539, 0.010112555362066362, 0.18758924643324915, -3.5689787636939414, 1.4425097570885719, 1.4719729160633543, -1.3921008715441396, -0.795258144317387]","[-0.9003200321875692, -0.2918465398547242, 0.12337639604875118, 0.658834208278415, -0.6310641535319363, -1.1248600330419842, 1.3295767389403155, -1.518711724115183]"
"[-1.167760732819319, 1.8671865204181148, -1.3327582913085692, -0.9059234069964436, 0.4759912818101846, 0.40397022230610885, -1.0777525361398008, 0.3681647167601438]","[0.8056360529605915, 1.4315438831454077, 0.5056367930845067, 0.1539266932155335, -2.076189766774931, 0.0013336694165306236, -0.09396703108307665, 1.0159697722892636]"
"[-2.745064327716639, 1.4596529660540587, 0.8666966105946646, -0.9236258400859694, -1.2306992846030718, -0.45344043023590264, 1.9401622766744953, 0.012969702042417324]","[-1.1212035706692338, -1.8073077555586154, -0.06662058121805964, 1.3509690586403469, -1.0183161538327965, -1.1872307232444101, 0.05092234588229132, 0.0841140761562966]"
"[-0.6820998020532602, 2.0356515883562203, -2.1287871272312806, 0.046753456348745726, -1.8367544979553103, -2.2276680612413196, 1.9311183462282215, -0.052978673617417045]","[-5.2042261681795425, 0.4129831518685005, 0.3217669987280495, 0.07814896134508251, -0.29461135668239374, -0.7927651972256976, -1.8797222936665623, 0.37746321371443997]"
"[0.5292179912337192, -2.6714828906111148, 1.6385621560334611, -0.7099410024389056, 0.6025795119950611, 0.453892466454237, 0.2509804318403297, 0.2739951461883028]","[0.9369706427562821, 0.9758541278451773, -1.5551338487992987, 0.5681049830363205, -0.04612338480391748, 0.6088114009558537, 1.1335278255190997, 0.8731960818917875]"
"[1.8426055482480213, 3.5622510024853455, 0.1838394453495827, 1.2435104126609313, -0.6233765660541414, -0.15569404328152617, -0.9198395203778191, 0.16113888348664082]","[2.88558428582945, 2.357086265479677, -1.1460743014653942, -1.1743878817929114, 0.3959109522802497, -0.6022197522179743, -0.1120680273447296, 0.18458190831461005]"
"[1.8385199666173972, 2.2079700232807618, 0.1942092634803879, 1.9587527321274993, -2.2605074739766575, -1.8786746152720324, 1.0534876812275278, -1.53084180655317]","[-1.6241518992014579, -0.5449757850198375, 1.7145339842287763, 0.7532067514776659, 0.9820475220599405, -0.17470877606669835, 0.8608224994459822, -0.19007029104980994]"
"[1.5610000384975644, 1.7995674392024856, -0.8485425156198467, 0.5212855728119652, -1.2268324181565258, -1.8845123378988635, 0.256784245542438, 0.4665082510800153]","[0.8852594447321075, -2.3365014428793662, 0.478676437739706, -0.38158093744999294, 0.5434927277466155, 0.7350359507915665, 0.04582710485401728, 0.43190328547309514]"
"[0.9898711264333411, -0.4450774282219924, 0.9647251028099023, 1.5932610850144966, -2.6181951608086345, 1.838023344306735, -1.3149868665038673, 0.6394195378828391]","[-1.1356447036843638, 1.4412790819892123, 0.8686084767107134, 0.8532121336437987, 0.06421364401983963, 1.0553916326179424, -1.9395134173797286, -1.2706456580329135]"
"[-3.4621796207636377, 0.31121114534691524, -2.7700194273335965, -1.1407165831316257, 0.26659359834388774, -0.06842590687522566, 2.6113003427322132, 1.389140025558252]","[-2.476765872613477, -0.4033289631495227, -0.30555003659948515, 1.3724465276513718, -0.1302531314339569, -0.004584637650906859, 0.5476046983295471, 0.4826845812125875]"
"[2.6905312268502497, 1.0434850798666753, 0.3239337919610467, 0.9355727530645136, -1.0924936238696508, 0.4239583936855625, -0.15387916828884465, -0.9988887436193773]","[1.3414456551474203, 1.0495885671109284, 1.3040213198316981, -0.8370275750567386, -0.46281286206931804, 0.44507563864655536, 1.2977901003913097, 0.725573438308017]"
"[0.05338206577302431, -0.5565205803410299, 0.5653035295739088, -3.344951942452412, -0.7122378082700004, 0.18288838488147835, 0.010446643991508329, -1.457615418978473]","[1.6503173215731537, -1.1162922550070713, -0.24842637982665894, 0.3705631673729489, 0.4370917693853978, 0.17507307097054495, -0.7571910115380276, -0.8902161805571491]"
"[3.3689528820577532, -0.8799499425455193, -1.3306680331145002, -0.561196169622637, 2.034711379233135, -1.9394416754592827, 0.9103720775417562, 0.3191116719461842]","[2.389747163419809, -1.198056708777768, -0.32683719070620637, 0.4383446696248001, 0.17148544250581754, 0.14404429403206814, 0.23441129978245734, 0.2542527449409638]"
"[2.4261170358658126, 3.403308784980624, -1.3737381618330624, 0.13228484858278056, 1.289919792211958, 0.3994250674388986, -1.6500791417629568, 0.4397509840423324]","[2.0346643440416483, 1.4990577078149179, -0.19414005498595874, -1.1765586893671822, 0.2670123361663275, -0.53600289311508, -0.1126249411547324, -1.161935009737016]"
"[-0.14194977981074047, 2.041551242312546, 2.437445468393921, 2.5660383116367917, 1.0251651519857923, 0.3268243459883569, -0.4036929257935192, 0.31016577288188685]","[-3.73815752186562, 0.09827731657130047, 0.5590336361589224, -0.3963817958055544, 0.4462919883708668, 0.23191314331343926, -0.09423374911270031, 0.16866637990538505]"
"[2.248023019872115, -0.07005404130893347, -2.1043437448472497, 0.44778832697152376, 1.6921575218684695, -0.9081945951580338, 0.6500480140364528, -0.19174214716351862]","[1.2702781269926955, -0.7283490677275332, 0.6493968444574237, -0.4971405681985761, 2.0472561266348346, -0.934000962304603, -0.7487672590155164, -0.3272943579044365]"
"[0.4768573855044181, -0.6894071648820532, 0.5296327578548817, 1.1143807542300372, 1.2768977057881847, 0.05507941461415993, 0.1902020833657933, -0.3134363838818924]","[1.4904839544501556, 1.0709232536549642, 1.1236215826978542, -0.05831911607159249, -0.8496554284749541, 0.39412585597180366, 0.6099233726576206, 0.7362157636443378]"
"[-0.8347135360045954, 2.9755995287982846, 1.8564206886988646, -0.8393050778675198, -0.04537190570694731, -0.5894479752807268, -0.9039916096331552, -0.05529294649605946]","[-2.7576141118989366, 0.4687911963208918, 0.34794065791684425, 0.3981146511337723, 0.18864418734719357, -2.9979645246027893, 1.2541438168055155, -0.1386206946454179]"
"[3.5846289875058495, -0.20120654676699287, -1.745556259257253, -0.4461673680093839, -0.371755702541199, -1.5113039481445203, -0.007246349253827976, 0.2720948919443418]","[0.9285109121495236, 2.142390730039477, -1.495265702671288, 0.7048775786331989, -0.04243875515436325, 0.5823895057563793, 0.059482741935051875, -0.04624282631431714]"
"[-3.7472836532846916, 1.9036235815044116, -1.6247789717371712, -1.2629062680903724, 0.5563330234020178, 0.383650006583747, 1.3853651818019634, 1.625513606476222]","[2.2616146498524285, 0.5899579336151037, 0.17595604234282344, -0.18551470735028583, -1.0012233728883675, -0.7040455244504267, -0.2888490268486034, 0.6548883444395626]"
"[-0.15019757493605942, -3.0125714605039207, 0.476208819213541, -0.08348159072573695, 0.7508149924315758, -1.0491295598910533, -1.0446796332125026, 1.6566247064982096]","[3.805791780263951, -4.398750517135051, -0.04565793047565359, -0.2393740331903885, 0.15871101232627646, 0.49568010433829546, -1.4643105211658403, -0.13010175419808176]"
"[2.211594708691795, 1.9602953093298068, -0.6212540496745557, 0.8247929008899124, 0.3700113220786163, 2.387489105474353, -1.8344434025783998, -1.0771395770633019]","[-0.04575649424841077, 1.3741101711117552, 2.661074236206829, 0.8871273887365856, 0.4887867341847376, 0.9156192974252774, -0.253215896000851, -0.5895785187641308]"
"[-0.7503297914390987, 1.3311350302048042, -0.3364344203364965, -3.9526320730392484, 1.1330813845014893, 0.4843330880401756, -0.153760788302677, -1.0392782978959112]","[2.990303172288255, 0.6746866064031001, -0.8455590997331601, 0.024571766136350728, -0.4528599889377349, 0.35664569801506774, 0.8318018858076799, -1.4769118241591512]"
"[-0.835194147662039, -0.3040647268309989, -1.7021187485532372, 0.182252033216989, -0.03136945954225735, 1.15376373233601, -1.5507466336996947, 1.2684719327209815]","[3.4566231519062836, 0.4604851697385657, -1.5106661372611878, 0.0350316107403729, -0.24207631727860007, 0.6542194506198931, 0.5141862712353169, -0.6429669155779784]"
"[-1.2998969124620137, 1.2590547302523767, -1.5590666161381788, 0.7494034764048104, -1.0959937005994178, 0.6277412173952935, -0.1340584861462585, -0.07591877193591597]","[-3.8717022243019463, 0.4120173049707171, -0.5628502778486381, -1.5241105424407946, 0.09441892071406145, 0.25067380790238464, 0.010799656347569854, 0.7623392692042481]"
"[1.210983574807002, 0.9375797611995818, 0.6599670855036092, -0.22896787667256296, 1.5378018104580151, 2.081113232415954, 1.738943816862985, 0.27224764948865393]","[-1.5720504844569594, 0.4671522813016092, 0.579643228799318, 1.8448282137647647, 0.5310193317021085, 0.2891826244499359, 0.16640186632945478, 0.22153244098799618]"
"[2.0965819728143344, 0.8816802199129055, 0.38802513743678024, 1.617254266471626, -1.3466756136646658, -0.2874957141485407, 0.45011513803392506, -1.0508185402788346]","[0.07940005615111276, -1.78200074327499, 1.5380338605069452, -0.05612769667877976, 0.690537190688828, 0.17836264781178354, 0.9753802410767998, -0.06445743110434653]"
"[0.5115818915129058, -2.330120817790607, 1.5684291745222565, -0.012388340926346867, 0.2474186761773125, -1.3202862997313483, -0.2950050344323696, 2.7700238143306555]","[-4.639476795291095, 0.09173337963674241, -0.8924288706081571, -0.2853150185499875, 0.29848839144444006, 0.4055438321849709, -1.255468814999932, 0.4272906303730881]"
"[2.4585617368588912, 0.323218512699171, -1.5182473493464286, -0.9501862141696655, 1.7231202493656108, -1.1616724594749863, 0.3693989647371457, 0.04413317162931184]","[3.826180380791439, 1.1335727688960349, -0.2126621684315628, -1.2889547641234218, -0.011097817411139249, -0.38558672805938743, -0.06449922030828041, -1.5248419159848963]"
"[-4.755694950139698, 1.487463597126932, 0.39456934628394374, 0.3915879440532453, 0.09286741465455127, 0.11045430389334007, -1.0346885285816119, -0.4856547649301191]","[-2.1371478089075207, -1.2293306131787896, 0.4638616900373297, 1.3319760651990462, -1.2216398061798348, -2.00958709617926, 0.3697344782477238, 0.3876493673891914]"
"[-0.4829715967703183, -1.4364363363134742, 3.037728902111051, -0.6026546671856994, 0.6669193474272026, -0.28954088939503314, 0.2787206785200879, 0.17069051573557192]","[-1.9064276047783368, -1.2436338287535134, -0.72553938168478, -0.862855740094101, -0.5844961701122605, -0.4234276351659437, 0.05229444131221743, -0.6614703341792951]"
"[0.2689383614443229, -2.0382447276823754, 1.7210477324930689, 0.2756435900046764, 1.0566618823399123, 0.1589750044035435, -1.2829716756200311, 0.583271303641853]","[1.9769211658050208, 1.644093370858051, -0.5006698852711108, 0.09754543980172686, 0.21435198671208697, 1.1297252358838805, -0.6909172132314766, -1.0543488070696212]"
"[-1.2697163657233377, -0.6690571822807371, -2.428375109394951, -0.30775143303094005, 1.0154931146937247, 0.030619581670630922, -0.002863098261483362, -0.3231600093244365]","[1.2451644091930427, 1.5494156457081736, -0.3824066150775117, 2.1644810100793177, -0.37199996689169296, 1.154771392561446, -0.4348781550686183, 0.13731485298509616]"
"[0.7828038470794214, -0.03809568739640481, 0.7587855854204724, -0.39451788291690915, 0.9453382292255111, 2.4384837903723513, 1.694057175565798, -0.0876655607962572]","[-2.2731583662317845, -1.2534683355441407, -0.3149997290155416, 0.1425341395417308, 0.9354381986216398, 0.9993165538106931, 0.9508076230492523, 0.07984509101440881]"
"[2.005557898412707, 2.9839554747040413, 0.11538519728950868, 1.0519506086997448, 1.382597934133157, 1.364976698277174, -1.877138966402929, -0.3317281050302695]","[-1.9922452338741747, 0.6219271820370375, 2.477052272086996, -0.5011415585703972, 1.671258426913959, 0.48064809611690895, -0.661124076848805, 0.25066247513044665]"
"[-0.7455054879330231, -3.1774366867546986, -1.1298144749038213, 2.0109411528884262, 0.7479925191003497, 0.6843876077964677, 1.3094065969489808, -0.8461108559787791]","[-0.7345110190678366, 1.6692667055814767, -0.8117837662896451, 0.7084154831159237, 0.02298943291797118, 1.4247813465126296, 0.231119315146675, -0.9745936878854223]"
"[0.38154461096530295, -2.533165586460424, -0.3665421387280194, -1.4008876875926346, 0.41839454313464297, -1.5268983032461785, -1.9762981920137643, -0.4169902421632779]","[-0.07425777267295582, 0.01829902334050688, -0.3465601379542099, -0.871868683043818, 0.25676176033764053, -0.6597858822371919, -0.823573297251091, -0.18658009092437147]"
"[-1.5569403566293343, 0.7425644427182887, -0.048645427185484036, -1.008497437782956, 0.323886055393264, -0.6008408169633478, -0.07302019939817699, 0.43452490654852627]","[0.9911342765891957, 0.6640284308952357, -0.6383868786837512, 0.8143146728135581, 0.6914807904778333, -2.307194202857807, -0.26566875322165967, 0.8568036373843662]"
"[3.196250915674787, 0.1761570026063243, -0.20169022437411857, -1.7839652404855193, -0.9138891794595915, 1.335215874335862, 1.1761891895616752, -0.5147560038321178]","[0.7262605588200738, -0.7766930123707775, -0.17168069294478092, 0.6365290119843512, 1.3987403824107096, 0.1120919311016352, 0.5464452866499067, 0.23459040535604594]"
"[-3.1631804140586253, 0.032061354540776084, -0.5180523980514141, 1.6328636119188442, -0.9105090588809723, -2.8636432590572976, 0.8631584927865414, 0.9333760792553886]","[-1.785866732349931, 1.5780853428536068, 0.0231888453040424, 1.412063652643664, -1.4646083427735264, -0.2956536390670831, -0.9434750921754399, -0.055092356195944485]"
"[2.7479867859142173, 2.564994395205779, -1.9388352775663056, -0.5246919334819459, 1.858846108586125, -0.5369426656735692, -1.3059508094347563, -0.4802166183854316]","[0.8252583430437161, 0.34165214399803695, 0.5602022495774336, -0.6072408339990245, 1.958585741356153, -1.3342731778581791, 0.38409518034038914, 0.45863072087946094]"
"[0.47887343160641976, -0.15359865491047844, -1.7419238436898865, -0.8891255234434338, 0.9253739550781533, -0.26373782584933275, 1.1067625407281156, -0.5657505505144339]","[0.02432794086027647, 1.1131198779961098, -1.406536644966399, -0.3016403344590977, -0.34053968565853493, 0.5601077619553061, 0.8876404242557507, -0.8719141902277577]"
"[0.3096194285201615, -2.938204072233433, 1.2014644121723572, -0.020831587553734657, 0.21780035298971906, -0.9410385426664366, -0.20973024914301755, -0.565474565465059]","[3.070239070505764, 0.8853565526155238, -1.138081026094035, 0.009506536829426582, -0.3262022623707937, 0.4697118913748954, 0.7255774227708927, -1.0895235659427311]"
"[-1.277987627966705, 0.49502542943089317, 2.151941398601661, 0.5414476697075823, 0.5161646450855659, -0.8277150427894563, -0.22778807742939475, 1.0937675046255426]","[1.9959765955355389, 1.4666270477857677, 0.740948851081409, 1.5224753755667195, -0.699978665410891, 0.6719451366316533, -0.8127297556756343, -0.6184841656021143]"
"[-0.8004604100363978, -2.5546367465712168, 2.2972203980973265, -0.8001994744060802, -0.12619063995614668, -0.8420410666484827, -0.3845267022321708, 0.9355674316185618]","[-2.448557627402039, -1.0481081434779134, -1.3178040181017414, -0.6050915265016963, -0.8544259123972331, -0.04849317459509678, 0.7627847930877992, -0.7196389356422944]"
"[-0.7256029236778363, 3.694030847680128, -0.4470391266250438, 0.4048454591732858, -1.389926294578129, -2.36664099385239, 1.8266739050685672, -0.27316533373538127]","[1.5728539975397684, 0.9653084338525673, 0.7577618693638848, 1.6305190425413816, -0.43907761951431956, 0.8441718812082903, -0.5397005259092057, 0.04119248474137174]"
"[0.03347034472547133, -1.707601703829256, -1.0304087142710885, -0.5924841359127176, 1.0679770397632402, -1.3514342503398789, -1.1396234242828303, -1.3672304234097308]","[1.087788973315398, 1.6386953561488418, -0.6524142999268684, 1.8338604332971387, -0.13671922086318666, 0.6846843437221335, 0.07498076321870728, 0.4772649449596712]"
"[-0.21961813127932495, -1.3975382168477761, -1.899598694978084, -1.104067671793891, -0.41113051602758327, 0.464377488505142, 2.3962035371676946, -1.4453866954454029]","[-4.882297831633594, 0.8457910048583859, -1.3290666528222252, -0.7594623960327213, -0.1957407952255134, 0.29401645061126774, -0.8871523070838007, -0.5579485989781748]"
"[-2.0735139046617217, 1.6068948187861072, -0.5677226925410056, -0.04920116657739044, -1.8172958109864454, 0.5631362241097759, -0.37435203397250455, 0.6172263641536985]","[-2.959842069954298, 0.3186231956214365, 1.3090426469644325, 0.3592145838072585, -0.3976664673172565, -1.1767026305478916, 0.9372614965383363, -0.9505826205382966]"
"[1.3024197140486862, -2.5814629473500075, -1.1087832800808004, -1.0995583852283952, -0.3242754706876306, 1.1074714194310908, 0.4941202147018758, 2.28446656585189]","[-2.114746253354112, -0.658536515564628, -0.39798944409325565, 0.02490239213546985, -0.057322029502645526, -0.05189624229699791, 1.3059221872045508, -0.29887300301735936]"
"[3.1572649043003245, 2.181119927479641, 1.1522946231325384, 1.4786453890521012, -0.7843868574965912, -0.9441740484054192, -0.5613022596126088, 0.13620815722742474]","[-0.484414466262254, 0.7695933446768045, 2.661670328953144, -1.110200712759443, 1.724151590723691, -0.8072911974712972, 1.2297817148108487, -0.6060965907276636]"
"[-4.180301327287883, 0.802487611300357, 0.5590786027413075, 0.8175448732628624, -0.5067194617163342, 0.712251753295286, -0.7704357875369346, 1.0579083303595926]","[-2.834110958179677, 0.11425278606326698, 1.1212481379558523, 0.8748329576822171, -0.7928503866000803, -0.932120779056501, -1.860530547739608, -0.13818277646903424]"
"[0.7277563801863934, 0.6156823751605265, 1.6865892674258611, -0.07725566542283444, 0.7599140708297681, 0.7571685582542613, 1.8770151596494598, 0.7818455671646574]","[-2.5674541918675486, -0.732638971432519, 0.3115563822598622, 0.2413808202498908, 0.8527135505489991, 0.5259715056787932, 1.5861468100943845, -0.23161729585480006]"
"[-0.7962561468775572, -1.0802764073893516, 0.8002080262354547, 1.3901149170603855, 1.5204091227394716, -1.5806000421442798, -0.9821202037221048, 1.4659071992345085]","[-3.151756769680234, 0.72461775793534, 0.39810749791765704, -0.4357501884986612, -0.7029749691306467, -0.7955038851746344, -0.6339341692019289, 0.9737280632206367]"
"[-1.1998121124474657, -1.6876671588172178, 2.096172642009821, -2.3258979917880853, 1.2389704675912758, -2.332806434154105, -1.8601500417277494, -1.085615208262034]","[-0.6171914739137367, -1.1013042287304486, -0.4821473660869792, 0.3587585334202983, 0.0008140294440243212, -0.5506704365488355, -0.3956043480145761, 0.6313595807557624]"
"[-0.9624193751464717, -2.600688228023201, -1.2323755392139337, 3.142566165149232, -0.059588236872940695, 0.7324377761134768, -1.2418808936023806, -1.3453826291869302]","[0.6142217494518929, 0.9204049020339834, -0.08159379925101587, -0.5975233583858636, -0.4891014316357587, 0.4659117751850786, 0.07855491819320305, 1.1176697609429505]"
"[-1.6992077270059585, -0.13249682471366214, -1.4614826086932426, -3.7319665957627985, 2.0756229184322406, 1.8946155249606873, -0.0053882368195681245, -1.0289202674752889]","[-0.12567184308067653, -1.8756448430847843, -0.03596940397147962, 1.756059717719933, -1.157217320432733, -1.305724361682369, 0.40346108097890104, -0.30542926703564155]"
"[-2.0906084732686785, -0.576704414178394, 1.8644679328714855, -0.23212910321941752, -0.3492067801066763, -0.10162309149822552, 1.05784304797432, 1.5575488986641126]","[-3.567300459184438, -0.14493231038545298, -1.1420942164190477, -0.9395554593858045, -0.8378013444649463, -0.5354922390584087, 0.20472340679332907, 0.14494396583985775]"
"[-0.8733404954982765, -3.2198700512866223, -3.3017361423122296, 2.3271293230438173, -0.5412855405377015, -0.24089046725368776, 1.7196504350685222, -0.22266974888735896]","[-4.7448776702146525, 0.7292480720324382, -0.9357223693736536, -0.9640532935564051, 0.1603031114479947, 0.5002681120668818, -1.5034910232254626, -0.4051841608576621]"
"[2.358641902075141, 2.2325483898500633, -1.5119515658414853, 0.14854943394649084, 0.8659860154165997, -1.137672176082126, -0.20373007802943352, 0.3017569031027777]","[4.20907005583825, 1.0614063717113904, -0.3107264898836139, -1.4426359914802693, -0.12228412103159222, -0.39527090701713186, -0.07739542379463737, -0.6409339725390297]"
"[-3.927541512985427, 0.6673581737662884, -1.2132393651131699, -0.2471553133478083, -1.3113224614537045, -0.8611189932648179, 0.5802344678117826, 1.0437258143634651]","[2.226794564994134, 0.21488550847273993, 0.9276779513717681, 0.33255144370564954, -1.6321687839121106, -0.42154679946064816, -0.049579743013959565, 0.7271862098455424]"
"[-0.211794860370882, -1.4651308977132198, -0.038638645058909106, 0.46014169617200945, -1.1270749609830075, 0.8974555637981304, 0.7823777624504507, 3.1741919492197233]","[-0.7514644780246108, -0.931353538994095, -0.1342330696799413, 0.1831858753536865, 1.258111710531258, 0.4115063900401749, -1.7836613050989447, 0.36096051198301893]"
"[-1.7664231991077977, 3.108412863802368, 1.2518739632238687, 1.2626971273723047, 2.74094488736794, 1.677523716756748, -0.020445078588138706, 0.12543475238682825]","[0.6185662581402469, 1.6329234846233673, 2.2301802657827725, -1.3351346673028879, -0.11566284029580001, 0.921004218857079, 0.6869628877660935, 0.3213809696180295]"
"[-0.8418156699565233, -2.5305300081134465, -2.3041889585847963, 2.3822834398654402, -0.24451052195070477, 0.44780767819152445, 0.45278927159800497, -0.3721998890522539]","[-2.6395368235454844, -0.8448135401556112, -0.7686357100354989, -0.06737300833464642, 0.0898969658364242, 0.33551135234154017, -0.5825228308464688, 0.03712592818221975]"
"[1.7162613419427017, 3.060256026018473, 2.176619084165036, 1.4311844823064463, 1.381476723592736, 1.0462204718579518, 0.24491199996301918, -0.18942987713784876]","[-0.10248920838419986, 0.6293114892540387, 1.8559507019514807, -0.1522091617293025, 2.6394560714276625, -0.45357173196500844, 0.726828793810842, -0.9817105586529669]"
"[-4.469530216311811, 1.262801666921516, -0.7563381463932034, 0.2058966186883424, -1.136359633386994, -0.14131223077121455, -1.2937690962143824, -0.6965890417935569]","[1.3947388429216023, -0.7261144042613218, 0.2748825217777307, 0.4008764597136056, 0.1645116435963963, 0.6300181796092541, -2.580126612750292, -1.2243219913550563]"
"[2.758304025200873, -0.1604264887485316, -2.4670686400394444, -1.1121347789026597, -1.2518918542641964, -0.8186917944097053, 0.9055917800891755, 0.3731172820798635]","[1.8812335887566431, 0.9222229512584821, -1.5718917044630605, 1.2712480993348523, 0.3819950657382769, 1.1132251101649069, 0.16504270233699925, 0.45339672152383265]"
"[1.061731986677442, -0.19526897373464794, -1.4124931736415505, 0.1545114662766084, -0.9576050919375392, -0.6250585388124854, -1.0773139361583868, 2.408822497296243]","[-2.3226277676735663, -1.0678715104934307, -0.09651619841313153, -0.3261546484160821, 0.5716948316970152, 0.6013599781053981, 0.3864802316599498, 0.11223094845277527]"
"[-0.9185216910469063, 4.182777045153897, 0.7738642160897812, 1.4382355404926643, -0.24752958483011786, -1.4693511893498428, 0.43772634318456255, 0.060841345087734686]","[0.9520091311781669, 0.7106867611264985, 1.9540127986892304, -0.338924356726439, -1.131500522421559, -0.4515760454857056, -0.3123841054960266, 0.4697259551672213]"
"[2.628467980963023, 0.29495050647044885, -2.370736371766012, -0.403108055244524, 0.8426460417678601, -1.8130509156192305, 0.5033513034093601, 0.8451720617265606]","[0.338503138020777, -1.9428040515426108, -0.1019450156567916, -0.08661511341638502, 0.8290323771947534, 0.990580760621345, 0.6474857227571561, 0.26349503282133435]"
"[1.9146941503232484, -0.9024270247088056, 0.7035731313960394, 0.989544293431041, -0.9302730194794122, -0.7521767605254182, 1.1634426355839402, 0.6436060296473091]","[1.0852641553387083, -2.831002146105892, -0.5795358622127684, -0.7358107809061666, -0.6728257179433855, 0.4608019479246979, -0.4178612759379408, -0.025125126220438252]"
"[-2.9420402062726043, 1.4559082021830736, 1.3646477214169948, 0.485208822647089, 0.5926977455795988, 1.2588693927610146, -1.0228792531651398, -0.13593997058261556]","[-2.1947443581675796, -0.896357515263307, 0.8464533879766148, 1.5792400309594739, -0.9112078003935109, -1.4215622114336763, 0.36637213547159153, -0.05975487646500296]"
"[-0.8624938594035796, -2.1566894928011284, 2.7306576687000996, 0.04895683658655052, -0.0766234274689989, 0.6774616560464735, 0.24990665047136515, 1.583441880060466]","[-3.9585438038167, 0.27981895300427767, -1.1639163585895795, -0.4836378747651226, -0.19055974262799671, 0.05836681314933335, 0.25625452411785576, 0.7096168131356906]"
"[-0.6056125654326843, 0.8568932020369302, 1.252637445159343, 0.9349447798628432, 3.392660839185941, 0.6058959328796991, 0.2670278958582358, -0.07027971631659494]","[3.6122262054473517, -0.18132663309532596, 0.03911399881306249, -0.13889280264472292, -0.6294096666911233, 0.4065399519230418, -0.18782829587440136, -1.7367906501665316]"
"[-1.7814724146939134, 0.079309873209521, -0.7249988319758764, -1.0515464593670742, 1.9502537148641965, -2.113479474368468, 0.17344297761475305, 0.21222220979849726]","[4.03908468610372, 1.122730370901738, -1.649836391817503, 0.22638534637009286, 1.0230364591537568, -1.714284959770565, -0.08871693329621336, 0.8688208232053007]"
"[-2.1862321058909755, -0.8680362395598311, -0.2768443616940632, 2.5399695119012873, 2.033282773640896, -1.3359138622118623, 0.32252912703902004, -0.41522707660083635]","[2.069485038664747, 0.9703868739481638, 0.341706835324779, 1.6586589653412034, -0.4822453525449021, 0.8326915073657716, -1.8078800664402492, -0.6531640062885925]"
"[2.085150142357087, -0.6076666931026024, 1.5767714657472731, 0.22097743192023522, -1.682446397875089, 1.6080281017711637, 0.21819041761758895, -2.9015243724798068]","[1.681366862601754, 1.862485202131969, 0.6459214632185588, 0.16819323862150837, -0.2551855699476311, 0.4281706239292756, -1.0389555753883777, 0.346473714799334]"
"[-0.8658978953286232, -2.2548609402231428, 1.2864982551502429, -2.0928487222728935, 0.06298319092992818, -1.3704140594897187, -2.751831802840678, -1.47235254360519]","[1.7244818280875596, 1.611093499473665, -0.019696546766880135, 1.1605770811461686, -0.7929881863748396, 1.1599032706776702, -0.6734841526523031, -0.9254732619584157]"
"[1.168290885871819, -0.1260633010432428, -1.0773570666708088, -1.4079921579355927, 0.024669099968602063, 1.956515165613436, 2.3821012029398654, -0.9979176936099751]","[-2.1059176475466503, -0.2627873334343177, 0.16426255401832987, 0.4381632885906806, 1.7756536045022435, 0.4285396911736885, -0.470290010561771, -0.222787101831369]"
"[-2.1147862419575456, 1.518357549199633, 1.7776072352025658, 0.6538760102857386, 1.930523693976208, 0.6325603870564273, 0.22626279927444462, 0.30170716821132104]","[3.880001542672481, 1.0454707486454597, -1.1284950219428056, 0.03081537894689041, 0.18064786137317326, 0.3261151027282366, 0.3219576325697427, 0.2716187693316819]"
"[2.335746139334532, 3.5182553074136016, -0.06292948511896425, 1.4828837822235352, -0.4079250342582509, 0.5900098961020646, -1.5935233318252935, -0.3892486725612803]","[2.562606056954253, 0.6238766191474592, 1.0571672680544049, -0.5335334493599453, -0.038991841346662705, 0.6146919409354474, 0.5504907339126204, 2.0182752260925896]"
"[-0.15008995946231135, 0.8012153462804374, 1.4779676520147056, 0.4663327366925821, -2.2093974320079406, 2.213339221351845, -0.3176640420606312, -1.130444949445062]","[-1.4546730200853946, -0.05463123804997307, 0.09948458436267732, 0.35460360285159503, 0.3185671600240127, -0.24301934707508002, 0.25623016408813776, 0.38078516238026666]"
"[-0.7363551144767899, -1.7339334749956545, -1.6872691077568003, 2.3424379559565933, -1.328993233567444, 1.4666020002651285, -1.0732960673426932, -0.5276750867555721]","[0.012291047261490037, 1.0292001474232866, 0.6552719364889634, 1.0586983841673605, 0.008238288684985067, 0.9479812674078129, -2.544534234320926, -1.052004136449048]"
"[2.165379180687141, 0.055298546015535584, 1.6496655159693323, 1.4757081485569927, -1.737334137488612, 0.8469877292299308, 0.1532000342778482, -2.4275605249269594]","[3.776039296671895, -3.0083239311288, -0.13024826141417584, -0.6736092557281589, -0.9544110198064912, -0.18296302623688854, -0.1344051956354427, -1.0788350885945617]"
"[-0.8292424650558204, -1.4928566935611667, 1.1846749530587746, 1.4870061413675864, 2.427637613745878, -0.7238567823763641, 1.2907646893319742, 1.1817292351659539]","[4.0917942607429465, 1.2887827337524658, -1.4159970381502696, 0.05176465749717206, 0.9446468192065547, -1.8083620913131562, -0.3233261958865488, 0.6760376970338503]"
"[3.263351278589934, 0.28977710464811496, -1.3391833364725474, 0.018834026836281086, -0.5506936236339006, -2.4541470393086677, 0.6034398174965827, -0.11864270490207213]","[0.5083199880561913, -2.66571671297561, -0.10388783354751079, -0.4185910440964122, 1.0666272937446573, 1.1153746684337487, 0.45232819859310364, 0.26659718265109167]"
"[-0.780164724357568, -2.617262992146296, -3.070968390308113, 2.4220664049234024, 0.22380747232555093, 1.5016841864555148, -0.7526775328335374, -1.2169275763379999]","[0.7733401081502116, -1.2898287018195724, -0.7488168591060727, -0.06739795420542524, 0.5489204561838578, 0.14213480245203583, -0.480832279341331, 1.1658899549588861]"
"[2.0922894883714336, 0.15633247946735318, 1.0956405542257168, -0.08113321946111934, -1.646900130696925, 1.3569488355161183, 0.9316350835587713, -1.4318581422346859]","[1.2963040201847091, -0.4661931609292962, -0.021166168913171527, -0.4672975738582722, 1.340681001326369, -1.496666698812389, 0.20635871373549786, 0.3263517992255375]"
"[0.321971407022248, -0.5559778514920009, 0.3603297076624206, -2.4100658252691063, -1.7785923892484552, 1.0932973577607648, -1.0796076383284912, -1.9259055951167687]","[3.722700753734291, 0.5502299625846735, -1.639975323888211, -0.1939852511087638, 0.8104695970862391, -1.1363353587217924, -0.201253966354604, 0.9264778449079729]"
"[-0.5126887837328274, -0.7344990164495946, 0.3781069626357186, 1.5288763904223812, -1.7174137243935803, 0.14335669183081365, -1.6731510296705836, 3.8761417344189817]","[-0.24975797485165882, -1.7021311914375772, 0.36483074660026005, 0.2833534745328552, -0.5835544760321755, -0.27946962540416875, 0.1523756338282451, -0.14534534525707785]"
"[-1.7350739496320864, 1.198709038739447, 0.8250362789853015, -1.0191856272758562, 0.36706107325278897, -0.812134057624428, -2.8077322052960287, 0.694473828876424]","[1.0465830419640378, -1.673197316011562, 0.12090828600474779, 0.5472839504718474, -0.5637686745659178, -0.42148701492004353, -0.2943953582370121, -1.2128933938474424]"
"[-0.3920310526177301, -1.6980963797156392, -0.9357443976794415, -0.791432072837618, -2.3204166906633645, -0.6305751860507246, 1.8953649708103824, 1.374580668512351]","[-4.352603930540826, 0.1127819622602125, -1.0243822785707535, -0.1154947226701593, 0.08588844710760166, 0.3371286419470854, 0.2927580834695392, 0.36860962431524175]"
