image_embedding,caption_embedding
"[-0.20717250604947882, -3.0632515145953794, 2.7042473607781505, -0.8244277403084667, -0.5600894987201475, -0.03225177794041725, 0.2459852421755012, 0.5597077501327302, -2.164468151686889, -0.5128071586406734, 0.5371251676551642, -0.5234880471231028, -0.1787071414767022, 1.4828280042062238, -0.29707214285754113, -0.9440483134880124, -1.033782821542203, -0.5518143094611508, -0.5346324678315262, -0.1315479172726571]","[-2.4995614318982464, 0.07512833307972948, -1.7433319248640144, -0.6401890019306304, -0.8907993618909532, 0.6872503138363794, 0.29635765914787676, -1.2231995875557555, -1.2434498455205547, -0.5671473292753998, -0.019039810342894918, 0.10587329597380098, 0.879347442610073, -0.7944313802496161, -0.25510383565286454, 0.2557424003358248, 0.7474053616452307, 1.446502011550665, 0.6182268545302818, -0.5063944691036404]"
"[1.5052836308156679, 1.2004740021905695, -0.36260533560868813, -0.050551193499674955, 1.6949360175546988, 2.78648415422102, 1.6350591537054173, 0.5511027392830874, -0.23235921001502285, -0.6471601010830661, 0.10980615104925438, 0.8599958601173979, 0.16806230106034076, -1.0163559960106703, -2.184273269937208, 0.7384738036395329, -0.7973894573120219, 0.2839141400367957, 0.6056734993808762, -0.9152400003586948]","[-0.955595830552481, -1.1391673462340388, -0.06858635385986132, 1.1492413765185245, 1.4399782070074243, 0.8806860965325639, 0.40663848150266046, -0.4800233392784126, -1.3469252260025935, -0.5513479176687421, 1.0100382972875055, -0.4373420768340445, -1.625484412164768, -0.31394966377748007, 0.5719844748676884, -0.09787915109519121, -0.062490015950946255, -0.8744234510538532, -0.48857250349888925, 0.2171606690995712]"
"[0.2802243626115411, -1.8318665483360315, 3.2179059770388485, -0.5976768515301891, -1.2706172801799214, 1.0750363170220514, 0.14892397207026933, -0.3716464535762451, -2.035968554518505, -0.7424419162629202, 1.396341856758423, 0.7606094402620317, -0.3922863464327106, -0.44883305209276503, 0.06240857610561952, -1.1117486378579466, 0.9703099581426217, -0.1172782689433275, 0.5080616438294393, 0.5591951940224342]","[-1.940861938549765, -0.6630779018186909, -0.28236146964155695, -0.33763554341119617, 0.22326861605201453, -0.19265345882992804, 0.5930395938232135, -1.037045866695179, -0.7516182220922744, -0.297708315069773, -1.0658369901620066, 0.14743414584520462, -0.18923397520086147, -0.5303279665813311, -0.8772159467060248, -0.49104371786357365, -0.8003790849340321, -0.08767166307929164, -0.2559190540017052, 0.3176436872782898]"
"[-0.15251037770803072, -2.2840859504977633, 0.26754361375529095, -2.290786660141789, -0.8502070187806199, -0.3350456702758021, 1.4572964951092622, -1.0305016078957734, 0.43131509358219045, 0.0010578589560259351, -0.2216529002817054, -1.2962046719482418, -0.7159782794608575, 1.2017604983123016, 0.459203561573271, 0.29269342154283756, -0.3178414988166798, -0.8103194051861478, 0.06964381287375958, -1.6503927233025344]","[-1.7456331298252878, -0.6971206169734917, -0.6557024495547176, 0.3187384695990734, -0.7711350519392369, -0.19472667452912784, 1.054318248626129, -0.9702746560162201, 0.9472955258735447, 0.36529844041857057, -0.6433565473476172, -0.3796354000190955, 0.5388200275388708, -0.30036325579319895, 0.5921408471979084, -0.04165336667767101, 0.30697570678765507, -0.4925217804445201, 1.0887170678620164, 0.20548695438199838]"
"[2.722185415652758, -0.8233282821556616, 3.84192819787913, -0.0056927678679267605, -1.3899421004756918, -0.10033293654448566, 0.8048439027050657, -1.6599616348915731, 0.556762647897297, 1.9400959142640724, 0.6229485610282617, 0.009249604594216629, -0.7866572564961448, 0.23146407093379176, 1.2987412910361318, 0.25947928747418836, 0.6197184607235001, 0.16940192059626435, 0.5697703134470937, 0.22711005412213672]","[1.4434824127164876, 0.8103286224692798, 1.2634685694498804, 0.7069091926797071, -0.008882535510090975, 0.9640479952706738, -0.2239405264284055, -1.1368764990435691, -0.11341642350252513, 1.5915611571350248, -0.4545893424231915, -0.18776788465540023, -0.4904463523702576, -0.22542404531094762, -0.06831764335867942, -0.43628447869117015, -0.8365790364903827, 0.2741311139579949, -0.3430897942610326, -0.2441193940538754]"
"[1.9944384942018805, 0.3084574425168892, 1.6318331064830536, 0.440617722424227, 1.9816015476151447, 0.0856119264328232, 1.0797598744413195, 0.07966959250748863, -0.3338292884879747, -0.3016233420718964, 0.6122044556199923, -0.02488315360846118, 0.10418810215417665, -0.8637384168467126, -0.7009422887593787, -0.29316527388550934, 1.4031187156705474, 0.7931056519445616, -0.6040952859734648, -0.05768696449091576]","[1.0902700444198943, -0.3276114027873151, 1.469749320497851, 0.7631763389460423, 2.0380858197186646, 1.2828124503092904, 0.3288841297222875, -1.0372921607643155, 0.06329002768438255, -1.136215957076375, 0.6914424468788146, 0.9169121068371313, 1.2725839680301723, 0.10215256970561179, 0.2757597286110835, 0.00019534923227161683, 0.47543230842502615, -0.033594593465920954, -0.3978199359610392, 0.014466246816921354]"
"[-2.26209764817141, -1.1415280565661594, -3.1607926152381327, -1.166681264694371, -1.258756188453293, -0.3349339877447689, 0.016248364885531802, -1.7210256668112904, -2.520523905318734, -1.1964794235879543, 0.7072925691483629, -1.891257767271577, -1.0836223604895967, -0.5626752881550547, -0.5273183624611564, 1.727732416707582, -0.6306076532373107, 0.2100780196283592, -0.49019697675766605, 0.1417440347223729]","[1.8843440779086478, -3.1977715875791537, -0.0829883163662338, -0.05749096160190521, -0.23881449963267704, -0.15693188175653106, -0.6482498119571448, 0.31276304049742554, 0.16227764465404565, -0.30573365517438394, 0.5359158455340407, 0.43619009587644103, -0.16439376614310866, -0.31362676879353923, 0.4316508150197457, 0.28781579549412056, -0.45349451329337925, -0.13357271070683488, 1.40589807306363, 0.22152041367335523]"
"[0.8846613411145287, -3.8031431609146633, 1.9979512357017017, 1.1278657674636183, 1.3444261575613945, -2.361337874043532, -0.8065659476749958, -0.3541534456178995, -0.05036425254556362, -1.9108039153132454, 0.5714155244066877, 0.23036563120363227, 0.017589765299750725, -0.22928505100715443, -1.221033497680788, -1.2895273667127332, 1.1733985209590503, 0.16203228800629874, 0.8953699734576033, 0.7779816219480742]","[2.2906577721353294, 0.6644910662210624, 0.47866520728380063, -0.6665707630561762, -1.3725626439835348, 0.2769613470696432, -0.05072197428879399, 0.4606330106610833, -0.44245168513844313, -0.2001253305585908, -0.47415769135675934, -0.4037638251131348, 0.36731298493701076, 0.25447079367510295, -0.2468420462916263, 0.17014536577369077, 0.7905899862737411, -0.2199265190471058, -0.435076166870388, 0.31947581597759983]"
"[-1.3556788323168127, -0.5167702734206431, 2.11394598381182, 1.6658081793828141, 1.1579349124548275, -0.0445543307406345, -0.09047846795955909, 1.1495825426956325, -0.2745745388150714, 0.11812956547924386, -0.49603847652620847, 0.8130349257829783, -0.6910255674515648, 0.034525032505642594, -1.0043624908900373, -0.4286319472669041, 0.195687062770202, 0.47208618218603593, 0.509491842173837, 1.7163687325500094]","[-2.3318174070827165, -0.4445748460344388, -0.372081846173404, -0.5936308697691022, -0.5578337611749843, 0.4077436226349943, -0.20108881569278497, 0.3246988319692517, -0.35966292827674096, -1.158196797530885, 1.1693088035916688, 0.6469976159937427, 0.7237529814193727, -0.39250062959247106, -0.5064185663891744, -0.8854575261487857, 1.2942107976227344, -0.3932419997217242, -0.11158236521468254, -1.469348116486324]"
"[3.202002363477591, 0.7883951315980932, -0.4725589239125126, 0.9321865097618359, -1.2163520637753882, -2.5717999171493457, 0.9066292405640681, -1.2607843366481402, -1.021347873455031, -1.396451058558711, 0.003343521326276541, -1.4317023123714154, -0.8692910717900258, -0.10086521506913369, -0.5296371255075397, -1.001378653021558, 0.906336593200357, -0.07923719565905663, -0.07091968123393158, -0.132973224242592]","[0.5094990433027493, -1.9539723034181458, 0.8628943071647582, 0.06712407096502918, 0.9033654496394453, 0.4218321141732065, 0.8350074678933286, 0.47006993051593765, 0.2900936692764002, 0.8898625330509901, 0.09507700094813373, 0.6499025104627183, 0.3676803875374222, 0.020227260586826903, -0.24524701307105087, 0.44667282859063584, -0.32255944122339514, 0.6439285013076695, 0.5451088841618211, 0.4606180811198648]"
"[0.5706681796284092, -2.871917819278952, -0.06424692339529668, -0.5246407964228981, 0.4921555179860681, -0.5357562059926784, -1.0875095689614915, 1.4215330733666285, -0.22075549784718596, -1.6728150777453918, -0.5874023048821078, -0.7708129161929366, 0.9303814169012871, -1.3320505908354128, -0.3632361830109961, 0.8221094591086389, 1.346061202058261, -0.1265319905572558, -0.3848501746724741, -0.816017282285688]","[-1.8064693774330105, 0.11252083500330236, -0.21139263151286142, -1.0211236720394903, 0.5611884669168313, -0.16427095520857599, -2.030187315546508, 0.1662473423478087, 0.3564349455424355, 0.3341696341958665, -1.4943400120280539, -0.07119468198787372, 0.35957081568342314, 1.0697224835210837, -0.5692558040353713, -0.33958803214968286, -0.05995682518243482, -0.5656464040429519, 0.2770084660965183, -0.8568902508428535]"
"[-1.6848481777435709, -2.656840280414165, -2.4726518574539686, 1.8977210285539685, -0.06437980091847394, 0.2619942639311403, -0.8040678898460102, -1.6494288822019174, -0.48521220427581646, -0.1111671382799133, -0.12862675581923166, -0.09756446625737346, -1.115639825507571, -0.7084603233874769, -0.30849233953378513, 0.003374842308242208, 0.416837131817742, -0.8127254498102989, -1.7384857697906997, 0.27246107458829316]","[-1.6799840273479814, -0.77994388460741, -0.7357883712781401, -0.32020097803825276, -0.10770650677756169, 0.21010390995360376, 0.2298523269497308, 0.7573347888635856, 0.6824063383271348, -0.07172826500072077, 1.197703976460462, 0.6127109583384788, 0.14144628897478104, -0.44352144606756533, 0.031217961475535693, 0.8206066448324154, -0.654908343820006, 0.11185940802015348, 0.09291816598450585, 0.4594702780909687]"
"[-1.02981261995929, 1.9944846661043214, 0.44106523565932476, -0.03880029774974377, -0.1262420204431291, -0.057873970195598194, -1.3459482025749012, -0.19328579370496918, -0.41945404370847184, 1.74862287118375, 0.09001763593656065, -0.8210503421891904, -0.00886153505881383, -0.5624410145233417, 2.0745069927515543, -0.5335677454239847, 0.5388958208947735, 1.3770027561210678, -1.4544992444620115, 0.24192440080139166]","[-0.6353950538945353, 1.4053511380042283, 0.2566707770307254, -0.666323955827603, -0.3142535511674176, -1.4619228835816216, -0.6571107153327105, -0.12971697132796228, 0.6462173422549775, -0.565829940983061, 0.5751368844640355, 0.2910729127033033, -1.0306918241520377, 0.19709909475705184, 0.34124009192587446, -0.7181843912332659, -0.036993950703735956, 1.4484356966048002, 0.043431795595061266, 0.15064006490314527]"
"[-0.0897099077138492, 3.3027586638871775, 1.5414921699168505, 0.9585669940458269, 2.582035887337451, 1.4041250702296793, 0.579275488847611, 0.5133717571104169, -0.1403483098077508, -0.32255542794862396, -0.6398912680182934, -1.3231659795774842, -1.5021183567077605, -0.7792669417875151, 0.865236322144116, 0.8866533456250173, -1.0222326291811095, -0.0790333397349426, 0.48710409997031634, 0.10008586658130501]","[-2.082159321318157, 0.5964971689239422, 1.569139122081384, 0.14290504542966787, 1.3331686707104737, 0.1365101610682592, -0.4228669758258355, 0.9029909596507096, -1.3329575318585727, -0.448967923556516, -0.04689357006328856, -0.2578865353839271, 0.7076707542181468, 0.375769976186118, 0.13672618677268453, 0.06778914835302692, -0.3209984057813174, -0.691968750999603, 0.6554480422525975, -0.2617523949462285]"
"[2.6687546287112522, -0.9465349141577365, -0.46386144608852053, -2.402521125680453, -0.44887046385302976, 0.7027667108125325, 1.6948484551793686, 0.6516979122410661, 0.51756190413659, 0.5284879933358889, 0.909480264415925, 0.2768773278914793, -0.8426800314402291, -1.1095928167193192, 1.264691397716221, -0.20200512791181957, 1.5545990074778915, -1.575630297846271, 0.03417529592597688, 0.1325975687495139]","[1.1877418205044803, -2.0276655131663373, -0.7039040342244466, 1.3755381561339215, 0.8184182871860093, 0.024918837187515138, 0.5799013878614869, 1.0315089321077584, 0.7553093528820859, -0.2172014031623572, -1.0904224444355266, -0.8653279944948948, -0.7053385340307041, 0.5305254779708298, 0.5685413099118161, 0.905248795422937, 0.24637526350725833, -0.6194956749446261, -0.557948151579188, -1.1804622778637746]"
"[0.13120708929951305, -2.133287011010975, 1.535984753839799, 0.7712137848457088, 0.4468729551011445, -0.9344171106348849, 0.7158142213374721, 1.4554994749279058, 0.6980690551329826, 0.19854408448257085, -1.148849681236126, -1.0767079591638955, 0.7789718544774454, 0.5039581013417876, -0.08458868372140652, 0.38961472109518525, -1.0743739012045184, 1.3988087478760811, 0.0915774521434642, 0.478349298994259]","[2.6192610533428016, 1.8599780567368014, -0.8837870970099065, -1.557994911549288, -0.4195144953080532, 0.06606298778717735, 0.26637292701452653, 0.572032347019713, -0.03342406470300063, 0.4439152929501332, -0.41618731631740513, 1.2928780395350536, -0.4243511742503182, 0.23770845956392117, -0.04212536046900205, -0.37830985939296685, -0.1768243220917135, -0.570868771203181, 0.2641240759678472, -0.5429602492183462]"
"[-0.14475671711238602, -2.6256190826461085, -3.226221598657849, 0.40436504615923174, 1.9521432725294454, 0.3893626062098794, 0.07063129055567692, -1.5116883188434167, -0.2562688155308987, 0.227690128731944, 1.2450835948398735, 0.9883499647609925, 0.0692152425801121, -0.9247349112849447, -0.8052731797532374, 0.6036927529189011, -0.538470158128631, 0.3901522572273726, -0.053101769402995366, -0.18340464750144786]","[2.0146804509185796, 1.3361319915548524, -1.3539972194689267, 1.142101623242428, 0.2199175965303386, 1.0584796481399745, -0.15062271163011628, 0.3122802914606029, 0.3102294226272585, -0.7832068642356316, -0.22979038244779895, 1.1749736243154731, 0.18512442339189164, 0.10863436691259479, -0.2502087592989478, -0.12095436086897815, -0.3334930460451639, -0.45408854568023677, 0.6509009903360699, -0.17275096462130032]"
"[-2.6428999111226124, 1.3846465822695506, 0.036137914684889895, 0.6312700120458494, 1.9853854182181097, 1.149189523999471, 0.4964111948731964, -0.842804184570101, 0.40898733894161426, -1.4987997155796768, 0.2978675184766015, 0.3486161452123143, -1.0852343920655818, 0.07764076750966507, 0.5361448765897193, 0.37899700143536347, -0.609927162747002, -0.6410466876880937, 1.2049448317970086, -0.19183160797736393]","[-0.02914288314984071, 1.330521458887274, 0.5360121849133272, 1.5381166335077936, -1.4246255718483354, -1.2554727743476712, 0.09482194799989295, -0.5133796407191724, 0.218753344361166, -0.8082803783416864, 0.4206241017828144, -0.05726267709628865, -0.43498343748391116, 0.2774759076396872, 0.4923658144781944, -0.5005392176911357, -0.4668342941987307, 0.12315088786860878, -0.03375342709796776, 0.8595504388622985]"
"[3.227803447862221, 1.0548906458774796, -0.87769470081373, -0.3009946009300723, -0.4182113637915641, -1.1033259916390727, 2.0267824173370084, 0.8507137929400169, -1.1364555205887743, 0.012672401057871359, -0.6154273712396672, 1.5278364705810628, -0.33493398044747674, 0.030112918450373952, 0.20551720930588277, 0.30910095214286976, 0.39849064225207753, -1.2060908007906932, -0.3926666400109805, 0.37382077382888407]","[1.3707985901076152, 1.8128612817852032, -1.5762954053148837, 1.4538232907567123, 0.28409338196771805, 1.1149672509400623, 0.42529077646505625, 0.3799910676264338, 0.2519895290720736, -0.5228146886643854, -0.6222627768974965, 0.6861663986228952, 0.753962188610035, 0.020049234381024208, 0.01715912778150974, -0.22197897347762624, -0.42970157161011135, -0.6241387644490881, 0.22405817806808734, 0.30362072235361337]"
"[-0.24257157605504742, -2.3756945044126168, 2.082836173858895, 0.2705140049298074, -1.6436007147734544, 0.6605288676959903, -0.41224899793487485, 0.620109104377424, -0.9700021523449674, -0.1637702582793368, 0.4673648556224629, -0.10434401605986221, -0.5178757317240982, 1.397211139814011, 0.30139698524280345, 0.2175558008444824, 0.03849058218230194, -0.08508884907143857, -0.24106789695193662, 0.29785349877666883]","[-0.762987549567892, 0.617011843738674, 0.0749821241696497, 0.4927169625055533, 0.10418810057798608, 0.44099596664418533, 1.048923780616611, -1.8191257236509346, -0.4745812679710314, -0.6667942366904756, -1.8200306057931042, 0.2840197063342893, -0.11688091244417932, -0.401153559416074, -0.2244748328872896, 0.35410174273304523, -1.2210070143551626, 0.2893315694730371, 0.17336427123806877, -0.21576878414424552]"
"[1.4494378869764641, 0.02416454006250978, -2.3693080730734075, -0.06954748779649232, -0.9410760227106306, -2.482374943971108, 0.716950165805754, -0.08693169443252466, -0.5138811583769387, -1.3367018249338691, -1.3951543383386433, 0.1334411054522478, 0.2034669612403491, 1.3203477842605507, 0.784325383833276, 1.704295252479917, -0.02423098182332191, 1.7193233309788825, 0.43526481009182394, -0.09206183069831946]","[-0.6393034773838069, -1.0163343330552297, 0.10954322022060473, 0.4981059987852133, 1.1098040129501074, 0.676612619704212, 0.24855104086338192, 1.199713174745013, 0.5591802166293706, 0.29603484661467594, 0.14914776965279478, 0.9557791370371549, 0.7795042754062236, -0.12001337548653425, -0.4443787049466795, 0.43098899057765266, -0.5359343763197004, 1.4562717468253388, 1.0571483578641045, 0.962036154747908]"
"[0.8323303474890399, 0.4089381465177559, -1.5466732234151115, 0.022882812246029356, 0.38715443150341716, -2.4868425219748715, 0.7764189156417605, -0.9822786767629179, -0.37657965009952815, -1.7586651777075342, -0.661221689847001, -0.4306671611033221, -0.157874446479684, 0.41431926616711273, 0.5667604641306386, 0.7050041770176279, -0.1466564438946452, 1.7083931764983964, -0.18441781372128388, 0.33653433874695715]","[0.33337789984153243, -2.6133705990109357, 0.13100986717617188, 0.2568966541955605, 0.6878287247133106, 0.687791984251593, 0.8635338578774135, 0.8812909882435062, 0.7289033349143567, 0.6808495432966193, 0.648985869501404, 1.200484420379916, -0.2116289808990294, -0.6042652281273274, -0.16313709875967256, -0.14854635566456964, -0.009484767897191448, 1.1289640933992346, 0.42016871301462083, 1.0886081053007441]"
"[-1.3973589903641355, 0.9194600006853645, -0.5138402582020583, -0.8631095678393672, 0.24731177800284831, -0.38346269319175275, -1.37728677457145, 1.2404634374190502, 0.5150255819894489, 1.163874591607181, 0.8019687809793912, -1.0853179347194577, -3.507641859122219, 0.7052838607425217, -2.184366219959905, -0.937765721250482, 0.9583375816146761, 0.8368639685196733, 0.0022973062387880686, 0.6174105670314272]","[3.2208489967650396, 1.7004481968462526, 0.6787348073029276, -1.2963256554782654, -1.0801314449039792, 0.6366690406386724, 0.20057397752231543, 0.8554883227027285, -0.3709369843694695, -0.07048708770099531, 0.06227875809517514, -0.2710795889684178, -0.18238389645484757, 0.4347526854909195, -0.3080418389384669, 0.3512214395704346, -0.09021450146438877, -0.18788540670270318, 0.030504794266520377, -0.04672785155331296]"
"[0.19837196779615637, -2.583206572899733, -0.3333014171440738, -1.2790973604021694, 1.3920130590492217, -1.4192387641482882, -2.5379076227178268, -0.7909262514929907, 1.826082458390683, -1.4075006934388108, -0.44769163568218706, 1.0896702194621015, 0.1369782140034932, -2.238092421490769, 1.220954264291996, 0.24578300537712175, -0.7431758099664977, 0.018244033793469415, 0.4059579955925293, -0.903091723035873]","[0.5966192538994114, -0.7826221684101358, 0.06979939212528671, 0.0938194757494805, 0.4563457468119363, -0.16411121771777948, -0.4171111835842534, 1.490913967633399, 0.06579996095822341, 0.024543167250688364, -1.6126429568958582, 0.31117458291340966, 0.33346086571984795, 0.18334398671305147, -0.2813868089932743, -0.3351176087059652, -0.5183455961578252, -0.1309351928899853, -0.9809425204461316, -0.5505555154825351]"
"[0.1416848122072849, -1.8354005174953474, -3.22973854584936, 0.33714678700765766, 0.9926747336834215, 0.4321477588801293, 1.6745811587296942, -1.802869399962762, -1.7023411983046257, 0.24863447036723535, -0.08011760828880185, 0.3688583967050817, -0.7347420290266421, 0.08956671038151699, 0.06470850869348374, -1.6158642624192057, -0.8325789412781286, 1.019172862867266, 1.3800031471378131, 1.339304299880105]","[-1.237741558470425, 1.168101243631878, -0.4598592904335381, 0.7053686282591749, 0.799864198200371, 0.966346182759794, -1.1856748615521755, -0.7344229582652531, 0.8444694004357592, -1.3035990592931073, -0.38489790356618114, 0.4448097170294941, 0.13139862433374108, -1.1201392038860998, 0.08079926383099877, -0.4139565003204506, 0.7105018997390163, -1.0043981421184556, 0.529882409189729, 0.12032260610065315]"
"[2.7093741668698477, -0.659199219356936, -0.5359198916262651, 0.5423942123840042, -1.0898860065046685, 0.31719679938574447, -0.4882518893598722, 0.8770476996260441, 1.3909836029883726, 0.04347461112871095, 0.06109987950307255, 0.4229511572973086, 0.8455347546354183, 1.0611299638205949, 1.2718202746764975, 0.7848238702345227, 1.3522323278841186, 0.2846237729401764, 1.0391421509618977, 0.8169473434971581]","[3.0785417741361836, 1.9485765444442171, -0.8712826081786604, -1.367253696096086, 0.5830740356100864, -0.822972852644068, -0.1605281219896465, 0.007938067116794496, -0.5624874838157289, 0.28283189114372803, 0.2535359408691777, 0.7171670663185487, 0.06042590906336812, 0.6695648786683648, 0.6320904829659434, 0.044744775660160635, -0.841390347718229, -0.21132614231817146, 0.07540504499743152, -0.2089784015289184]"
"[1.1932327922677357, 1.9664138527417572, 0.5257010130109356, 0.5699033452382573, 2.4975062707122846, 1.613995011936758, 1.7089098915600547, 0.4074824695690489, -0.36485515458177725, -1.0518311963955471, 0.35728632645443137, 0.8312691580573566, -0.26282416606221387, -1.0720726785383388, -0.671472167988255, 0.7903510877459878, 0.6987819059444726, 0.778724368056905, 0.3520930089342412, 0.14885851341657264]","[0.42667450056280826, -1.2176459544566773, -0.16399785962981558, 0.1951506648185109, 0.19946487561275422, 1.3618971243493805, -0.09999041172302553, -1.1159647385988973, -0.5979406099517213, -0.5021544560525301, 1.4459801318039749, -0.45912424612446495, -2.178841449756498, -0.3681214390603108, -0.13205402890543397, 0.07863244397940265, 0.42951562546027394, -0.11324440739245405, -0.40564834483706913, 0.5518454667460517]"
"[2.3605389304730013, 1.0527461016490642, -0.397945167574581, -1.0951441410450693, -1.4402070684180515, 0.4580077442633165, -0.7694591243730851, -0.427598072909582, -0.6923896940579746, 0.7788364002306931, -0.47003311414314064, -0.01922087802081399, -0.4164153649582852, -0.5614266151304281, 1.2366369799303534, -0.4737901957468126, -0.2981960957302397, 0.37891591204287134, 0.28105813758186243, 0.9339724983372976]","[2.2351940341477685, 0.321221506765205, 0.0856973789958775, -1.4023333300197018, -0.10298184748237409, -0.7646791750875225, -0.054940455072074484, -1.69902364269801, -0.26434360750740477, -0.13327799432830148, -0.38979953529444367, 0.21219850216622524, 0.17870175817637268, 0.43774492179361624, 0.28948319328843947, -0.5513888295894133, -0.764680485420175, 0.09496953079046899, 0.3457173936717834, -0.09510078866841004]"
"[1.095160296545148, -1.8842014794079007, -2.435300745783139, -2.0865350323670544, 0.09742079545914073, 2.700576695758547, 0.14886291854290448, 2.3601076427348873, 0.643945245145131, -1.1426811351486024, 1.0412469064070344, 0.5515307927856313, 0.5293830774836661, 0.4812867754539376, 0.26150421459911394, 0.687441330211454, -0.08910091696974996, -0.24425135658092184, -0.026023257783570956, -0.37226577476529304]","[-4.285850839963584, 0.23073589625156427, -1.7926895032075845, -0.17556717637867866, 0.6650673495763247, 0.5494281185680664, 0.8534960295732827, 0.30564401001620584, 0.31407173178394365, -0.20041917680676893, 0.6005874112642464, -1.494987159131531, -0.7957521506776243, 0.22977200673067727, 0.5481909311244734, -0.857887060890362, -0.4443579989526244, -1.2388253182227185, -0.49420567475238647, -0.050094915051583616]"
"[3.3658652531002007, 2.4103160558444374, -1.0388202370022068, 0.06490969139102483, -0.7224657845466912, 0.07123191514349703, -2.5619107624978525, 0.8637738115888707, -0.13177022543658218, 0.7791086923734011, 0.6964605342110136, 0.09134485229917362, 0.9821245993082359, -0.44458244893811993, -0.20307379786073848, -0.7336720646452695, -0.8335685076224639, -0.3591393946303001, -0.6765836730618165, 0.28936459485698224]","[2.659830531764567, 1.5042665961206036, -0.3541638038215563, -0.9959872750081397, 0.2578878737767795, -0.2015742542052596, -0.050005471648013965, -0.5808434970591414, -0.5226545325514472, -0.35686061874474295, 0.20817756816005512, 0.49263865699101506, 0.26868284099784173, 0.9108416743214682, 0.1421131078914431, 0.04059066181004646, 0.042610987501058344, 0.5047651097920597, -0.268445989338789, -0.22565949127499194]"
"[-0.5121324993872605, -2.3987053738729647, 1.479586145386855, -0.34023067483253827, -1.6526549423131685, 1.0415133305686912, -0.16986220703563473, 1.0741863791007056, -2.167499668774819, -0.41395384534013296, 0.7695042368619084, -0.32186232200186154, -0.7106672855835204, 0.9878734665054689, 0.241420528512177, -0.23121387616441885, 0.12233661099496275, -0.40674194047497814, -0.43810570790961856, 0.3776097975939351]","[-2.6537024297654135, -1.090013109998754, -1.4087849339740568, -0.4596186274543408, -1.1243763573951888, -0.39640195960654545, 0.16128699882024033, -0.2805278552191458, -0.7662483703392121, -0.8436707928617034, -0.7170966910321435, -1.1584809752523415, 1.2131742764067983, -0.6405651798934854, 0.06497031652022231, -0.3492213496498249, -0.08900820133596586, -0.43164220399409203, -0.14615976328716582, 0.7420544219704348]"
"[1.8254591203474069, 2.2936685243147914, -0.8315091964232417, 0.20370601518030562, 1.2329250470020838, 0.31428016791710295, -0.73631119151849, -0.017023483151075682, -0.374346645042697, -0.42804335367320046, -1.0093328492798304, -0.853984144872253, 1.2304538589469791, 0.6651112201812391, 0.017934779830639576, -0.14699281427578897, -0.35397805316884196, -0.051440166512311404, -0.11635080219414151, -0.5399950377183319]","[-2.4593691755101665, 1.1436667014043924, 0.35588564897609093, -0.3366504669950208, 0.8996703212868934, -0.3213772937517927, -0.25499315699228514, 0.7254688164215918, -0.8369281761699227, -0.459078032914856, 0.550181218214703, 0.43206980077826973, -0.3742006382607629, 0.29044466711703526, 0.17615651672477733, -1.3477640447138841, 0.4384317946826036, 1.2098267296331024, 0.11151291910610533, 0.3709850247865501]"
"[-4.32444037262823, 1.1012039179109157, -0.9451149219430492, 0.8579966769808605, -2.0042819675086125, -1.355331197366354, -0.5512188486312817, -0.5738062109118341, -0.9297594468093985, 0.20271516527026032, 0.8386703592476707, 0.3024367829620716, 0.8875802941265816, -0.40707663256642435, 0.25725905087661627, 1.0764229101287597, 0.37688569120407683, -0.5455020007408627, 0.18013677386697804, 1.0320181217648061]","[2.7341547346447252, -3.2573021259412447, -0.06555591460855024, -0.5241444845504898, -0.9277157054262145, -0.45198857797999953, -0.9100637967629032, -0.017905186130353534, -0.04162816671615618, -0.9705805863944857, 0.8841982323879866, -0.6375782807654145, -0.3745068027527948, 0.1968668575713758, -0.13373687704138632, 0.34687511985829594, -1.7346101446968274, -0.655582009746629, 1.2352103290205814, 0.5735740744159452]"
"[1.2265033693888692, -2.9042898058695097, 2.7881771159609143, 1.3627390221309774, 0.7749742844357469, 0.1886897650130189, 1.185479995692748, -0.8005379973862294, -0.8454958599773685, -0.4312050085787841, 0.3666411825316673, 0.6489934131515008, 0.3220425853115286, 0.09109720887708739, -0.6300747375973395, -1.780459482694329, 1.5278103416380815, 0.7899404603003789, 0.9172902248644523, -0.06035595616869458]","[-3.845682710848211, -0.5120215252798667, -1.9616626695029853, -1.3882123327019957, -1.2512770909112052, 0.3914349683517047, 0.17332036139774315, -0.4124098884682902, -1.7697775492109025, 0.4768444012276727, 0.5681012260201906, -0.31628175137462045, 0.5203686399721847, -0.7413836498416708, -0.08886311512617975, -0.659463547703385, 0.7903757573392958, -0.047261418483214905, 0.5647606255249799, 0.6465193258404012]"
"[-3.5459672437972403, 0.18736204996914033, -0.9581107538336597, -0.6670692815154099, -0.3089801280589775, -0.696612385212835, 0.9851868560977773, 1.217156482079629, 0.1677213484608666, 1.640448395034973, 0.702781566282562, -1.4876818221500927, 0.23281034231693998, -0.6906015495652144, -0.8821631573475343, -1.5900155185626839, 0.07283013452275926, 0.1482481744171016, 0.5625183513262553, 0.9028915622930564]","[-3.910469175557642, 0.7286921763691616, -0.7459428887541588, 0.13334440515897675, -0.8462947282777046, -1.2169725230336392, 0.20045166844006415, -0.2139402094423065, 1.2359715913879452, -1.3163281666137918, 1.1838910673855076, 0.7983026705767037, -1.2887280342591882, -0.011354382209623858, 0.190671068725161, 1.0578324043921812, 0.8148746978584034, 0.6596348878313748, -0.6493145431790887, -0.36927965232386883]"
"[-1.9034216229828267, 1.400029941506349, 3.1094624234688357, -0.5959684305077204, -0.8195903670529132, 0.00226766870203398, 1.1571684217405869, -1.666678944356475, 1.9971895425575945, 0.7579836391845665, 0.22076654330733178, 1.012224799693488, 0.8022329149594979, 0.09014083827860592, -0.880372696878337, 0.38048621160822016, -0.6795495271679265, -0.7274300670053122, -1.5103380338465822, -0.19452658387381586]","[-0.31648676665635433, 0.3478063455169587, 0.31039013784284225, -0.8801449217607392, -0.47173016314270627, 0.15688617161580082, 0.5867819122892042, 0.3440487962191907, 0.0006091511171300275, 1.0482933833851233, -1.1271184215252088, 0.460372109464068, -0.34383748087758725, -0.7768229961914265, -0.3649588160598764, -0.3503931373535916, 0.8896089952814684, 1.0640544343026719, 0.4326502781712278, -0.5170715846183546]"
"[-1.9824894987467654, -1.864968267621463, 2.801484058194665, -1.6368688369274436, -0.862502842620927, -0.7158963076480476, -0.9365488188044304, 0.9847380833100363, -3.0278963473715286, -0.45928696872623004, 0.6881968479367321, -0.4556611852238518, -0.4208815995909636, 0.7942805002792308, 0.22528546387678153, 0.14734391238398745, -0.8973803593442269, -0.4186882508532941, -0.0030027954122536157, -0.20693957577808292]","[-0.3708532971874832, -2.1373433954127745, -1.212398954796743, -0.3543425731932572, -0.9641370900498805, 0.154559442516182, 0.4846985479666094, -0.8130983500521158, -1.0608332667805658, -0.24479316847033963, -0.7515731654930444, -0.577705384487643, 0.9237139888220584, -0.19352730042300803, 0.1627645855486194, -0.18966571120806372, 0.3744557858677788, 0.4752570212737843, 0.4697109849524294, 0.5193027309707398]"
"[0.3536314920037199, -1.7731268710812202, -0.7452655549825068, 2.588490301553848, 1.7758954762643875, -0.705689649897554, 0.3986548456117888, -1.8264586181691669, 0.34275448030258715, -0.04215405774093955, 0.732072933294378, 0.9281944889318566, -0.20534304049167962, -1.0439417499997936, -0.7092468108266868, 1.1638335514187208, -0.23466156021785298, 0.24367386715735742, -0.17177131811716403, 0.7775548269600713]","[-1.876964350805352, -1.5350734294777904, -0.3047189593693864, -0.5413967893604312, 0.011642775509684039, 0.1438792724657051, -0.29397887606687995, 1.3300084039449178, -0.7932519146469243, 0.07608511611918777, 1.4196305665443028, 0.9684091542398529, -0.7208042677625512, -0.8212650539545886, 0.2812446903390091, -0.1874124263194632, -0.5334036309110646, -0.9420853410713669, 0.24879816168977242, -0.14103423861622955]"
"[1.0851715869473553, -2.227053340591232, -1.7072252501953802, -1.6039012614587078, -0.23279477594196474, 1.28192243732198, 0.6044794002325263, 2.652139733835442, 1.0090017228275954, -0.9378635041294352, 0.22518797388129622, -0.514061516119359, 0.1830345938122692, 0.36940381470340994, 0.6481781171589683, 1.264096405189322, 0.12377393812368581, 0.5026873764210174, -0.030113876958366214, -0.6101680010506103]","[-0.87321190482425, 1.378745177032598, -1.4202128146182615, 1.1428583702085526, 0.2501945469655889, 1.4777934432023139, 0.7025600078593799, -0.1393504505115088, 0.2007770419479156, -0.728856503197804, -0.042073847263252764, -0.6527465844178992, 0.5426395116907851, 0.0902024426617038, 0.7399671956579659, -0.3071241745168244, -0.3411273739801484, -0.5534087173290866, -0.18617022324967472, 0.220208493427354]"
"[0.7836715864585323, -2.5065561353063526, 2.003210008186414, -1.4246441895419188, -0.6954946175752937, 0.37715983426972804, 1.0101117589567978, -0.42107895327597644, -0.95696734512151, -0.4144487088759784, 1.7776282699036072, -0.17204718266400895, -0.08288612103205398, 2.659224826431718, -0.0682963370489121, -0.18440979876621452, -1.2774265294418485, -0.5652357511142273, 0.6901162682645126, -1.192323817529179]","[-2.8627648466102635, -0.24036711222272306, -0.7608133791189348, -0.6048156051169695, -0.4863772094904423, 0.15002414619167323, 1.185788403023204, -1.132467474205681, -0.7659427207881238, 0.06694044338922098, -0.9967922197073119, -0.6118836688668792, 0.14056964305497013, -1.001845484981674, -0.27770898814315503, 0.5895596541906164, -0.6376390812715617, 0.051311625590344405, 0.7750722301719932, 0.13403227371421494]"
"[0.05759250772448632, -1.9660941501848994, 2.8283313218049964, 1.5003163591318873, 0.9244218370227703, 0.1344520216833715, 0.11106610878381307, -0.9578606792718857, -0.6670388232644365, -0.6938870599642372, 1.1289711400686997, -0.500545328021684, 0.08572110364481593, 0.634092472266921, -0.44086907235692563, -1.8947878781205247, 2.1123352439982024, 1.4422197635849714, 1.2327446181717796, -0.7848218658006704]","[-4.727119755022524, 0.20083484812784347, -1.9416708933232874, -1.657704422360391, -1.270576670418157, 0.4361001873523235, 0.5762191748915475, -0.4717065924348704, -1.2774498302679678, -0.2085098769426768, 0.42827317768915646, -0.16706977563965306, 0.8159929452624941, -0.5588198481832705, 0.1299021409561608, -1.7240317499587894, 0.34956174911125004, -0.37894154030019517, 0.014555792554016306, 0.8646898876053821]"
"[-1.9015476100775504, 1.0848341097985859, 0.8897413276425257, 1.1027095651271843, 2.1694514066090624, 1.2872927086530428, 0.5898072647361228, 0.078190378483679, 0.6584464405012613, -1.121340677245673, 0.03126448733252534, -0.958992487969554, -1.5875204304679453, 0.505385176687988, 1.3137728733950016, 0.5777563799689089, 0.8311027046687239, -0.3370526828966313, -0.5910681774923172, 0.0405453740183457]","[-2.6063396901526947, 1.9074271954866446, 1.281636212203599, 0.6033331879715883, -1.0121813104968351, -0.729578598140369, 1.1347120603542742, -0.5608475837678499, -0.6168158550771687, -0.654357911769323, 0.9268297776471498, 0.8066103673737212, 0.0545912768933368, 0.512441894659547, -0.22260752430456418, -0.17015580363043611, -0.829478661425461, -0.9079987849114005, -0.7242046085209218, -0.8846935975313606]"
"[-4.503212568456569, 1.5273630381648204, -0.39560243466910955, -0.7494693242040945, 0.14691512485672936, 0.25171311389782974, 0.3600595631440181, 1.5434080561211556, -0.8560284586053606, 1.6336101587352723, 0.6562839132522913, 0.016033098262276387, 1.0730613274545313, 0.5687927624687436, -1.2935341460143563, 0.8722321013609227, 0.6766930269530012, 0.6203399587101941, 0.4171322402055024, 0.4624030556964534]","[1.5465556074382292, 1.822463532085555, -1.1739214437987489, 1.855917594243808, 0.049106167392161164, 0.7282865801711818, -0.44788963218210864, 0.7426554490267872, -0.15727489493775929, -0.9562897363831762, -0.29260706049950735, 0.7965725175837163, 0.04739421618886023, 0.16803634612275345, 0.11685844075072652, 0.5032663351792134, -0.31968620090056277, -0.7388737174795653, 0.7180014771173748, -0.3339502477501519]"
"[0.15173148936313824, -2.4226347501443204, -1.321670326946689, 0.4979700961177597, -1.3835866253946927, 2.1083963161843453, -1.3572271058520338, 2.316130212930764, 1.2620148190626674, 0.6798478847454057, 0.15470549088705932, 0.2724012364373569, 0.40663780512038383, -0.5600022855152256, 0.3978021124835863, 0.1776913478077612, -0.34979846982922813, -0.6153496541010268, 0.7178775832365744, 0.7414276944312707]","[-3.8188305318395166, 0.8705957190402973, -0.7846912843976779, -0.798875106832113, -0.4623916385010793, 0.17167010931358032, -0.3913782836634115, -0.6359047266030935, 0.16593295431999291, -0.022725496389625472, 0.1706479712206378, -0.6198464020168293, -0.4294575575409406, 0.7803146033650143, 2.08229646556344, 0.7154163567290784, -0.07211845836970496, 0.15057142145828256, -0.702375491902953, 0.5944553365452321]"
"[-0.6809591621032297, -1.9888876489293923, 3.093657520285645, -0.935527619753969, 1.640376890535415, -2.524766991653952, -1.3831588905635295, -0.1866321818201477, 0.008718563967337997, 0.696590450281443, -0.909182425224858, 0.11973160758607346, 0.35500332439296084, -0.019510112968335252, -0.8994097982433344, 0.5716094536721741, -0.08628053875903238, -0.519922303514774, 0.2374410289396849, 0.7487899979121998]","[1.669404121848222, 0.6543325373996918, 0.803286307534971, -0.7142052701769286, -1.755935475225347, 0.22827797793268198, 0.6085588255990506, 0.6941604007326427, -0.10540129568645411, -0.3704411223089783, -0.6098849171782297, -0.5101418871242603, 0.13756503211141072, 0.21724899881292306, -0.32962331732180655, 0.6586952247158842, 1.061032328579011, -0.21569321312300552, -0.2874254744774929, 0.5732727968987744]"
"[0.14324729553946802, -3.096372492205826, -0.35904262855755936, 1.5696823570160772, -0.911147083626045, 0.807756844630115, -0.16263405728470348, 0.49689721077221566, 0.8206335785710004, 0.22314340388109863, -0.5746769114710307, -1.2627922079610623, 0.2838962126461402, -0.07714619494042013, -0.6923322163343224, 0.7277190377184312, -1.660397131120573, 0.4760583013658153, 1.36672175834711, 0.4724654156326877]","[3.665974405264744, -3.690912389349788, -0.42155391699741046, -0.056996381106164416, -0.09897082631113369, 0.6573126047877934, -0.8097342981550235, -0.06889919338299183, -0.144413658790735, 0.5286332152839935, 0.9290080324931944, 0.48487846778927773, 0.2538150222669187, 0.6199858242804176, -0.16782159442398617, -0.36100049655103805, 1.0667696332029815, 0.2905306652620636, -0.5762267454160668, -0.13949896807976717]"
"[-0.27022609753674326, 0.1274024153158365, -1.391127476297896, -2.3865847713715747, -2.109910710397495, -0.4537921737873213, -0.973232573089157, -1.3307506560291527, -0.360026561455553, -0.25250290908787887, -1.9031559295454406, 0.004427851657786911, -2.369911056573388, -0.2385167216904729, -0.19837335242623402, -0.019727858293910595, 0.5486364635210935, 0.7767097927310501, -0.13634447390035667, -0.2732196278151729]","[1.337996062820512, 0.060582211680862114, 1.3251083330471896, -0.9723569042411261, -0.9396936183959482, 1.0055497967508331, 0.13668281477035477, 0.22638312377703743, 0.5061361656117928, 0.35938151388883116, -0.8823677140573799, 0.3120428788328305, -0.8058261944251406, -0.7824713644881516, -0.31290790250353956, -1.3806415101476406, -0.31123701096729817, 0.07793936640998854, -0.49387666830734417, -0.2931766898966735]"
"[1.960370128584873, -1.8532368973251419, -0.5269252816560018, 0.7312966265808079, -1.0536056295891056, -0.3995070183473589, 1.242140021844209, 0.18530835808023743, 2.255512411622094, -1.4775069723192347, -0.4014469756935621, -0.504123548564348, -0.056439860322111644, 1.975135214306969, -0.2792096719550044, 1.3764671967813251, 0.14830649420597375, -0.3113452794880291, 0.537296273497646, -0.3162020501039116]","[4.007562134432454, 1.2833505288607696, -1.5004153665331614, -0.2676898732312718, 1.1076984529166045, -1.7202060222010673, -0.12680465851459038, 0.11505810436761982, -0.11197417736775246, 0.3601220611587754, 0.3948994113029794, -0.8665410091177499, 0.15036537504942954, -0.4636404721234784, -0.5643844731341818, 0.1567738795520624, 0.2670804998914057, -0.24293270841693468, -0.07549069896943277, 0.12506186839403288]"
"[0.40925489829451717, -2.0759909473687115, -0.7027338628152126, -1.9784690885119078, 0.8234448544001143, -0.89614395141936, -1.4661830772394657, -1.6398336889659, 1.8640657081171677, -0.9355665474849921, 0.409191161910124, 0.31923805589757026, -0.48044594600462603, -0.9423131730903983, 0.5360138661321971, -0.30640478233429363, 0.0010475674072737986, -0.4206379866150675, 0.7962976133428773, -1.0112739887848858]","[0.21045622035205308, -1.3522577538170844, 0.33573795373035553, 0.9946677042810468, -0.24680890512986625, -0.7850058042464857, 0.28663083446315013, 0.6281945054730537, 0.2086635196215076, 1.20126297605436, -1.4749034404850203, 0.6790342538336792, -0.5840621213838123, 0.005059345943066766, 0.19563543081696477, 0.504484904279747, 0.42919058920352815, -0.7500342122001052, -0.13252122481120654, 0.5968737127903966]"
"[3.1950417899671986, 0.08081435117207914, -2.187939116072085, -0.3902911807269874, 1.1909329068787724, -1.6775706296267945, 1.208992679084695, -0.43283619783811533, 0.3611059952930666, -0.386315197691502, -0.23884587243166183, -0.7640044996935338, 0.3942354716440442, 1.48261003493016, 0.8409852345133095, -0.1643377549526249, 0.4557027164366689, -0.49107796198504144, 0.3083468775317586, 1.408955835076175]","[0.9799768333773168, 0.7960435349890475, -0.7264735633224935, -0.9775081467894461, 2.1178613664759385, -1.3199992193081498, -0.12943211972992083, 0.4070651937215397, 0.29898109891785474, 0.5602142190044858, -0.01168981072865741, -0.5216858203863809, 0.09593703126403393, -1.0666827394188096, 0.37140050383477996, -1.031357661955055, 0.4948252526883549, 0.40774353002626784, -0.06816711931483811, 0.1943401018258776]"
"[2.6131659051880165, 2.3860052947282893, -0.07915269774410935, 1.3147045843832432, -0.6563734506760855, -1.5693678330700727, -0.571008231252908, 1.078868859249791, 0.022487344604202902, 0.9600084750414257, 0.48166506494855316, 1.6920982840778283, -0.3256928880691323, 0.6787111052150192, 0.38828545777459883, 0.9484420248007471, -0.7771167353806788, 0.9592443535143976, -1.4902137234189607, -1.14785369502684]","[-2.0274067664656314, -0.4100466115896958, 0.8884149728588606, 0.30293514235994123, 1.073932694290194, 0.029577141977226287, 0.8019824098380596, 1.3094782717746232, 0.5075085413770455, 0.8165469796037969, -0.02110179990828494, 0.4481371772177793, -0.5574544858526614, -0.24754011882326393, -0.34819777655337575, 0.04975169188012702, -0.9146520860635865, 0.8370876085021404, -0.19905773451864156, -0.03145399839453544]"
"[0.6640997541940687, -0.38788889454391784, 0.15602498220504976, 1.4172708017902675, -3.1640592161846954, 0.9374289830182668, -0.7774204524150617, 2.603171683252401, 1.743206518877985, -0.2633613003943351, -0.007328432117105757, 0.4898852383852086, -0.298155156127551, -0.17067357478117043, 0.8232187906717653, -0.5776055365512278, 0.34301429454571, 0.05073413658436543, 0.2989236188508361, -0.7038222472316851]","[-2.920557634776384, 0.9545112826801488, 0.8897707752634025, -1.113771875802438, 0.6199512478645072, 0.5176211182805599, -0.798097184296631, 0.7074959844988508, 0.2891089044843821, -0.31689025954233974, -0.4583960146843789, -1.2262596457763482, -0.466901347635374, 0.441040859237056, 0.5904495638336159, 0.5772192955389754, 0.3079479358994253, 0.5375507182290243, -0.030398199651763436, -0.32051973317145804]"
"[2.702031359821391, 1.4215277190449784, -1.2208747850721646, -0.5693278835471874, 1.3502354013871298, -0.38043920440327367, 1.3120382646798328, 1.344788132305049, -1.5106618266723657, 0.3475249710488338, -0.2690800676382078, 1.6524012307869873, 0.5361807546094581, -1.0924873410990905, -0.3068246434809757, -0.12700092914707334, -1.1314622291966592, -0.5830459373222691, -1.34303821748, 0.7753271740471689]","[0.4116628804987164, 1.3904697757967588, -0.8747889287260199, 1.774820083412329, 0.5031130789877708, 0.6262087383894639, 0.5005709935124865, 0.7804772515011088, -0.5947523608246246, -1.0976301601781142, -0.040515532363168565, 0.8522328071639843, 0.7364254737995046, -0.5737080746950385, 0.14814985266649763, -1.1607926579110346, -0.634171002793619, -0.06826658626360839, -0.3290651873125878, 0.0023773309829609665]"
"[1.8985924471616715, 2.3730983742068092, 1.6279568012318677, 1.2963528462474643, -0.11295901519215588, -1.0814926647975334, -0.6786769526936178, 0.6360285882051719, -0.4934702236350823, 0.01579449793068477, 0.4130087343158513, -0.04121142429916536, 1.2485097630548652, -0.9305132337714667, -1.5198429588314335, -0.09964939710195328, -0.3566153964194118, 0.8489231540200082, -0.7248596588486531, -0.0005698097690776425]","[2.1473952302359582, 1.1342634929297946, 1.531814215190849, -0.3203445619563514, -0.6240057130602669, 0.7975653787877505, 0.8320974530325207, 1.522979500127227, -1.0317738091662336, -0.40293159571834364, 0.054549675132853144, -0.12546210339168046, 0.11895513284317283, 0.13396618916596545, -0.4389397172115683, 0.6760632784802352, 0.6260115281658201, -0.5712573696326212, -0.09007371059405384, -0.10296725776141007]"
"[1.6952066794412461, 1.1449457205155646, -2.7941942052158257, -0.44413786701868335, 1.1897499383434205, 1.0184427020225018, -0.6545844103406333, -0.9967738509324988, 0.4343295278855958, -1.4179022804303612, 1.6568809072515402, -0.3746098958618623, 0.7581487796979828, 2.5717303081511558, 0.2173248289309455, -1.3653152784652223, 0.11215068613746301, 1.0255722973557604, -0.8643246937213869, 0.5798183725089827]","[-0.4244119798729984, 0.14182789552253577, 1.273316952835727, -1.1651927826613084, 0.07950561975509614, 0.4583405585570584, 0.7861819187124635, 0.5527330743347768, 1.0993502180360042, 0.3420723623824354, -0.1449859813181764, 1.4097359967622638, -0.2679991589727377, -1.153979045362756, 1.039609570113086, -0.9745992318016732, 0.34827031591352753, 0.24235035580166922, 0.08018799923239964, 0.04892638692445099]"
"[-0.2154721430412284, 2.519196591462132, 1.0825605182231415, 0.5335246280774213, 3.6927209600349378, 2.238083262955634, 0.9759818610393574, 0.050340074180441216, -0.044111882665660344, -0.22894892505683076, -0.8860687980490108, -1.6481609604520973, -0.8053706470936713, 0.024475349763231517, 0.9518093783245521, 0.8174472005868029, 0.28768820757430774, -0.6801727291458834, 0.5628331686610591, -0.8893908695944708]","[4.077812879504003, 1.168245542714073, -1.4038498064695282, -0.09881607609501633, 1.0274543949374066, -1.2808564394811657, -0.08558286343411883, -0.07803978709447168, -0.19299365206381267, 0.11907263724633504, 0.8190985535018093, -0.21339208491762993, -0.1368279531533466, -0.20257132749740783, -0.3140174661235252, 0.10367845332440305, 0.2672814122455853, 0.15011672813674676, 0.11873563299508579, 0.26915439538045705]"
"[-0.28383395186038074, -1.1777905201165046, -2.1226542330309934, -2.0470635046129066, -0.7837793187012116, 1.165938154893758, -3.090718970481073, -1.0894651822856454, 0.7753547515599123, -2.2857002083678943, 0.15101995391709572, 1.6208087018373905, 0.9818146340642918, -0.973446089619084, 1.2994320138878743, -0.591189129585705, -0.9305463025965147, 0.26532762671364846, 0.26121142141992926, -0.4869075752137789]","[0.86841126591349, 0.014154087010535036, -0.7902470164882438, -0.27152937485353124, -0.5259129590519293, -0.3480461325234839, 0.49120661834788615, 0.5682229559154788, 0.14809284980919749, 0.0960381893567311, -1.6739858833345287, 1.1091903875105737, 0.05115461769817528, -0.6450244957929334, 1.7629137645384374, -0.4539838480550317, 0.9455865081323994, -0.5048474791877477, -0.012212261787968009, -0.38891689990777456]"
"[1.0210549298485077, -2.687738907906673, 2.7224850455927996, -0.19580230415684624, 0.33271043539200734, -0.2971472422287817, 0.3736652842025248, -0.1212847236211188, -1.2574958903947902, -0.8942585698873218, 1.7775816151412778, 0.14229492089987028, -0.631619882031501, -0.04645696593837473, -0.7851731665581289, -1.4302778897758532, 0.8311242704909109, -0.37515259815656776, 0.8557413900927597, 0.24187691938300215]","[1.0958998377203197, -0.2977886599785299, -0.22619446338849603, -0.289253496655012, 0.6474862695337585, 0.3809428253054214, -1.59330176686231, -1.2576593225289459, -0.6539624659205395, -0.5544064606875811, -1.2878492545376956, -0.26165716883678475, -0.5652361820790943, 1.0088182043091347, 0.10148202352558251, -0.23798451024481473, 0.43144561881541743, 0.2402077171478896, -0.04372051976521901, 0.4497449027146227]"
"[-2.8699917117285385, 0.2994681094855603, 1.9975833479762641, -1.1407441309611133, -0.24963274380595696, -0.4321953264886962, -0.5062049365066648, 0.054544705198971775, -0.2030444758533657, -1.1670075743709012, 0.1405972712852472, 0.19360213862961617, 1.0514218407757778, 1.201806007399243, 0.6686941778493166, -0.883212694205828, -0.6213827905753291, -0.8305923503253351, -0.8805707032949794, 0.14404880286499666]","[-3.548751738483135, -0.6044144694856572, -0.6699112423324834, 0.3074137825090692, -1.8301110632103705, -1.0939092390704213, 0.23858000440798735, -0.11127784865326386, -0.8214957410702921, -0.48296088752223104, 0.07275662285165599, 0.13363135124462208, -0.11476002888265255, -0.06369481491527836, -0.6081675440162339, -0.5843560647632392, -0.4739378347188358, -0.3936562136409389, 0.5440786656254798, 0.9564052052993978]"
"[-2.5655566053806727, 0.9760896172682808, -0.5037018452245575, -1.0383940076237315, -0.7191865574984045, -2.0259690319683212, 0.6823377196405939, -0.40807862191445593, 0.09457260676229827, -1.2706205669055755, 0.48011986201622125, -0.2990216153179771, -0.9735727003752844, -1.1731052864415703, 0.10072806730796102, -1.6336339518929115, 0.25307751185000177, -0.06073583428966067, 0.8991042042858584, -0.6794768304626827]","[0.30451004376244084, -1.9661730284770529, -0.43068496169589665, 0.7174917717448405, -0.20088093007887073, -0.32944158169152576, -1.6026630518231397, 0.8638118812162864, 0.2308914214236126, 0.039368227997347405, -0.762690653740336, 0.1714667338814838, -0.5318934098126129, 0.5383228912007395, -0.5699457423844843, -0.5851078762498861, -0.4033191010627738, 1.3237463893607175, 0.5335637379834737, -0.11148162676214826]"
"[0.564300376055672, -1.7756206824790008, 0.7796397285709079, 1.412591419667385, -0.6927619165544344, 0.003244973677329678, 0.15795952247996628, 2.4025328034727838, 1.4243423635388877, 0.13570023886660595, -0.1068651407250174, -1.1693740076981485, 0.044196884844481886, -1.2456062625117141, -0.7997430463564255, -0.708720501845734, 0.8740925989383344, -0.018815284692261312, -0.28966618281218703, 0.24945765526015673]","[-2.2788616442294587, 0.3240342911543275, -0.8185599660287085, -0.6592303528146409, -0.342617450820882, 0.4644257331497375, -1.3866619047089992, 0.28413609748947166, -0.15749433718995218, 0.6535779613750995, 0.7210094898929781, -0.982349366595142, -0.08418415161074376, 0.2586011533775374, 1.54575443267675, 0.29219798616838616, 0.29484977764209985, -0.0004080810989758562, -1.5553521372678154, -0.22148734021016853]"
"[-0.6162617069094006, -1.8503560650267192, 3.997421573801084, -0.5418654849472592, -0.06961408472474796, -1.0456085332399319, -0.17424994325169377, 0.8368451958948154, -1.8534760528102632, -0.006246341928224505, -0.5029368749494528, 0.3669818255143985, 0.19339098689922143, 0.756982296567835, -0.33090046041190485, 0.19612535573976234, -0.9788300889186563, 0.30769692407140287, 0.0104908794670747, -0.9438439013643625]","[-2.6521228534942285, -0.4424879491193188, -0.5600354576513054, 0.45173876848540173, -0.4758290293662943, -0.13859877908542248, 0.6492313173282601, -0.6966728280405812, -1.5626148223569187, -1.0021674139458048, -1.6407134861640684, -0.11926556562497731, 0.4707300429782436, -0.22126542626510412, 0.1789784442826626, 0.16945132274897415, -0.4242822711323399, 1.1637122358272844, 0.1660114810916365, -0.0688367018848857]"
"[-0.3184992945452535, -2.495028352799733, -3.245896584719492, 1.0289792001205391, 0.6472408949368135, -1.15160239741032, 1.348041929498751, -1.0382808356032975, 0.018014407348008035, -0.09082590718684794, 1.225084332877845, -1.0862521582106188, -1.4571002240364785, -0.8912681592993887, -0.5544166655898138, 0.8140353682269831, -0.621180900805664, 0.25205081637344146, 0.0003495633021477584, -1.3406881018979522]","[1.3063195143842667, 1.6292986368393556, -1.3959452286569167, 1.9088238800796662, -0.02541175651558333, 1.0537141085547401, -0.34354641560342164, 0.8377171822673333, 0.4239639398046508, -0.6766434650532036, -0.5245954473649771, 0.768994319962234, 0.5428894814249146, -0.43120348580215545, 0.2633474679222924, -0.14602502604639797, -0.13808120459748846, -0.48754290879706896, 0.42257391939606, -0.09577411811927447]"
"[-0.33229420875994015, -0.31279471175076207, 0.03255190475687706, -2.1139346853027154, 0.347150976673743, -0.7337001612000357, -1.7451679558186786, 0.3164832886025053, -1.2462609467497185, 1.2295459463429332, -1.1487150132364596, 0.14128103088236377, 1.055974346346176, 1.5464088907523628, -0.2470909668612207, 0.712575080750508, 0.012257669028425391, 0.5760541978523646, 1.3598521760675677, -0.05326414191471332]","[0.03314416445387372, -0.30822999099488063, 0.3141399316495934, 0.5063889898635557, -0.04644073148439685, -0.19318373908890557, 1.608926514835489, -0.5969938409248893, 1.6903386677441585, 0.49692892793372473, -0.29051439960876707, 0.23069187819124976, 0.6199115470947459, 1.3499697488653306, -0.37373225988927417, -0.6939312345462928, 1.257626032605585, 0.24266479376276687, 0.3117102992730694, -0.9620990943138783]"
"[-0.9151741714736735, -2.788737240395872, -1.6809117087994472, 2.484722838920389, 0.2881669821651839, 1.6963127751412086, -0.6064861448446432, -1.0732739225306442, -0.1630077650026561, 0.7365221052645503, -2.5398813003366523, 0.1198202036201686, 0.5154806285515833, 0.7021325370896845, -0.16347897837455158, -1.2834605738930847, -0.011462039673888905, -2.5016176779517676, -0.573611577564863, 0.9279381733657546]","[-2.9474783627646355, 0.23262514596330305, -1.2876666443730158, -0.6156729864748566, -0.1668828633973128, 0.5945456079521501, -0.8123634967171697, 1.455501596732524, -0.6826230091251784, 0.21342588210167374, 0.24426574313792745, -0.8134108843357041, 0.09342069643810977, -0.11019014137075701, -0.06692078569645053, -0.13827348141969273, -0.7636793746188266, -0.4253770755401972, -0.36555241684490114, -0.5163171183942287]"
"[-0.35852944887901, -1.8960661219513608, 1.4032074096758116, 0.7176262942369677, 2.2961195183051455, -0.5251358230439567, 0.43400371021298545, 0.03681017084402523, 0.26743615202283416, -0.21775352074074167, 0.7170814945915687, -0.36776868646170696, 0.4480441740996615, -0.2792744109468868, 0.19841361162501298, -1.2844122547863996, -0.7132408913456343, -0.11280355798381561, -0.5376594243924275, 0.689924545224203]","[-3.1181914196655773, -0.2709414781382306, -0.32443255826973927, -0.5841078376871022, -0.454680119660926, 0.09782209432165254, -1.0077446435051503, -0.42344120701383287, 0.9533794195016596, -0.46475752149202204, 0.27347382291833644, 0.45156392737376894, 0.0169782323622216, 0.47653493564706784, -0.27395413825764847, -0.7989411766519663, 0.052406067182353674, 0.23546891283694177, -0.6303424323182408, -0.044988356652192626]"
"[-0.8511912424381755, 0.8370459198403795, 1.8907466172351457, 1.487056927415975, -0.5774409739445642, -0.6227137527121649, 0.034988438305556806, 0.25645094432787924, -0.222446420647202, 1.118189601645898, 0.21565709600453192, -0.1307203736825415, -1.6133618437858455, 1.1012824391805434, 2.245848325381448, -0.8359716209128253, -0.9301359517303252, 1.933759187508333, -1.0695712834101687, 0.4824487236557346]","[0.5712309807048849, -0.5317780435954754, 1.6959287956477203, -0.6401319535642249, 0.0917358755068434, 0.5918584182965947, 0.5865617615071979, 0.15875067928189304, -0.042357386157347146, 0.33988561743727097, -0.8574709670227885, 0.43611743852578155, -0.25879758849609225, -0.4727485112809315, 0.07033878059234508, -0.5865060353901823, -2.221743714401788, -0.42544652347749573, -1.1257312801130708, -0.5804919107659643]"
"[-1.5896810362698597, 3.889646706291849, 1.3453785325754088, 1.176327850398219, 0.9862896032939223, -0.18854195065081739, 0.893020744144596, 0.5994978743420796, 0.9937064186190273, -1.3190029030722332, -0.6054721263663002, 0.7844212077955606, -0.6863118253083937, 0.2022713982383993, -0.06856972173761884, 0.806101954707036, 0.5354527906315185, -1.3589730387658148, 1.5934764869345666, -0.9206843809694099]","[-1.9176488373833536, 1.4019610716913402, 0.8956044798061573, 1.07355595647985, -0.2567612500442668, -0.7517095663441659, 1.0483619968588738, -0.655699461921338, -0.36074190817583873, -0.8810582130700683, 0.9523820185842979, 0.08340304357533726, -0.25574590121229496, 1.2706394652202342, 0.38530729425340016, -0.6106035926696387, -0.09676884688989376, 0.13207644196112603, -0.04434228593968816, 1.2748913383789722]"
"[0.09275684636143926, -2.702384632832561, -2.1093776739061587, 1.480184822374291, -0.38781428220921216, 0.7435188268605979, -1.6187524824073891, -0.652089508389549, -0.5404357632403473, 1.7380114661485642, 1.2544494953448788, -0.38432898593043446, -0.30206401321301296, -0.48804253515551, -1.0028042662214232, 0.7359346294918948, -0.6177333912567371, -1.4221777619410396, 0.3928956002768594, 1.3376923585306855]","[1.2026997949409641, 1.9491039071789018, -1.464658546474456, -1.0592048813441084, 0.33579053054561425, -0.8289707648631839, -0.09226225278193148, 0.3121683981338548, -0.3815598536553162, -0.05339329079677705, 0.20608069073667457, 0.6222222360929501, 0.40021083971824517, 0.5945764922252819, 0.5511146645812255, 0.02263328900093531, -1.1519868878363462, -0.6366906515825554, 0.4731789333504363, 0.01083931230033459]"
"[-2.454264010441798, 2.373822394768109, 1.0414999529279159, -0.45465951379265795, 0.7599812133646207, 0.08619242276010551, -1.6005182301919665, 0.9922897310758332, -0.3760032371710151, 0.4605449277281329, -0.3950634113640847, 0.0806275021752025, -0.7824653705738812, 0.9261070749131949, -2.1230211205343075, -0.0358556361198521, -0.12782783076687348, 0.6245140394704602, 1.4435408056590193, 0.7751275632136514]","[-1.292655283445689, 0.9327798940195084, 0.3913586928664284, 0.547011662816621, 0.9607392330832857, -2.570033851863864, 0.7901406664133875, -0.8880767790572064, 0.23389643464617413, 0.1235990603344612, -0.06970387891442159, 0.13188282311365668, -0.1570336237948227, -0.7174686908895381, 0.05045451539012783, -0.12206871892607259, 1.1139552289572892, 0.14329487388361975, -0.177148832921166, -0.25191274682403264]"
"[2.456075315302592, -0.2706933243700095, -1.2531875962587067, -0.48793910252303974, 1.140748479383233, -1.4044672520662045, 0.07220033277339755, 0.34125840251866246, -1.516308386759851, 0.1410304995263147, -0.5023035641275022, 1.0056523834589348, 0.23658514089892202, 0.024952544991877646, 1.6735363485885344, -1.080799904496282, -0.09836230078739824, 0.07356764115232535, 0.7310060768874493, 1.043809016464422]","[2.3373092655592593, 0.21090781826662358, -0.6077248142348953, 0.3568776180306558, 0.173869151938743, 0.7255250561531684, 1.7634293559980663, 0.5721040907397565, 1.2296732956370608, 0.3750769188253711, 0.08324358187831728, -0.5977235351860534, 1.1165855570525303, 1.1810448818057082, -0.6539342565863578, -0.969242230191711, 0.6016549580445238, 0.5113073338607427, 0.9335192996293931, -0.4916988294452016]"
"[-4.458133002505677, 1.1440048172501762, -1.3545993455097431, 0.28689980891034517, -2.330557722568953, -0.6600317258241224, 0.38910065265442056, -1.0539306568820215, -1.044677845947055, -0.7293494241610363, 1.222805999978788, -0.01072745691558856, 0.26491509453360673, -0.3134702523986976, 0.5104734246730169, 0.7921326718028264, 0.7429091373667078, -1.0168211869120127, -1.124040483138599, 0.4951741039299421]","[1.940033513544146, -3.1801125469575613, 0.3444016885096169, 0.30209091688346895, -0.5269085463635732, -0.5703780966290164, -0.49515757413911365, -0.13282464044126258, 0.022766720195973054, 0.38269289470325113, 0.7534553121891354, 0.9685506120500678, 0.10139303468372758, -0.023766715295056147, 0.422396292077052, 0.14096603814548284, -0.37252335700973777, -0.6065470969460695, 0.38341104168358325, -0.710442467988018]"
"[-1.9963122420476263, -2.1315131217769316, -1.2063185821344264, 2.7739861537649344, 0.020022145393594915, -0.056066011463572554, 0.3667364564647902, 0.12654608741312154, 0.8263924332352943, 1.718038197944607, -2.4797071704831333, 1.1938183047352673, 1.2900628845459425, 0.7519064098294334, -0.102428694728863, -1.4958114003855107, 1.3666708242554013, -0.8826910909273353, -0.6692789327174903, -1.8555775490147512]","[-2.380677966002083, -0.7957270229336463, -0.09043297998966968, -1.0596127396027315, -0.6613878811683759, -0.04737741893692405, -0.15027889632798258, 0.4952745088887387, -0.2286682390966888, 0.6234192787295939, 1.4509679826979403, 0.25530937477507337, -0.8675851350884393, 0.012765328552426024, 1.4609180089119203, -0.6716107254622855, 0.28306646344615566, -0.6729162737702613, 0.37484405061223364, -0.029744624095960265]"
"[0.17958893298807946, -1.5306829296480653, 1.6832436631562913, -1.5936885282043536, 1.8054835026041836, -1.7850630743878375, -1.0130139543222763, -0.982166909760514, 0.21495408054338389, 1.6454278107625326, -1.0433049412595488, 0.6750984566281811, 0.1924365508745961, 0.5829685912202928, -1.7904891845708575, 0.11497246612541019, 0.5696707176306969, 0.36738859462818535, 0.3957103705703053, 0.46188188205577624]","[0.48337718814307445, -1.8214444421331468, 0.48272747158076107, -0.015232030775577344, -1.1980786839887678, -0.8511773519808291, 0.88116546624673, -1.5868952995362946, 0.9606805485041356, -0.21247297609106147, -0.812445830328472, -0.017342827935775434, 0.5733677127096147, -0.4226235014298826, 0.07282568324874862, 0.3270398378646602, 0.610779111519391, -0.4264620658568195, -0.6767418208544731, 0.7098152438909718]"
"[-1.9470445119872029, -1.2381423099722164, 0.25737787527459144, -1.8506454860085133, -0.5641978661026734, -0.915240278078829, 1.3169378018084583, 1.13633065649316, 2.2127141562383885, 0.39365812384546145, 0.48362946070465174, -3.2780403819763397, 0.788728346209667, 1.8311395412016729, -0.2447126384249067, -1.0459769095940663, -0.5135093399949906, -1.0147162278875583, -1.8445979655135782, -1.464941548915897]","[-2.7023208475145486, -0.08892994145525691, -1.3908939127381865, -0.35375431415336644, 0.4920457635048409, -0.9849301639655887, 0.018093845188070095, 0.9463797641202941, 0.17088442730951398, 0.1865218288029264, -0.2891430608689868, -1.357181534449984, 0.19585590911232748, -0.2770919603037414, 1.3409028502187599, 0.5103104480746283, 0.8428443149077136, 0.5751335346862103, -0.12860960101310964, -0.6030948303138026]"
"[1.214713853635453, -0.514464698777421, -0.5296641350359074, -1.0824507594115105, -1.8035428569043264, 0.7532529755663796, 0.8131637619898836, 2.685935078435468, -0.3097359496253669, -0.01711804633433876, -0.30519609593130365, -0.32515813148155037, 1.2389706976047021, -0.4722576607002811, 0.7970098769638599, 0.03750524156686784, 0.8556325449199137, -0.8917511463162581, 0.7095459261480911, 0.32213282650209174]","[-2.3989686436267093, -0.3154977570393807, -0.5023975103736843, -0.05755455244845905, 0.415566044092332, 0.6563904931648703, 1.8157762045031425, -0.20306067093516444, 1.1587074794028194, 0.505110149992932, 0.3302465415644518, -2.550356253932739, -0.01075177332400168, 1.5341810112149794, 1.430903521375285, 0.4171942355420039, -0.011032007322446776, -0.027637805842694704, 0.5072584204075303, -0.34696873953057134]"
"[1.715752871607679, -0.27360510294425155, -1.6971234442153769, -1.6483340275436813, 0.9425550373167001, 0.4167380139732678, 2.5192948237515247, 1.4413769825243037, 0.09861598862753959, -0.10960022141187233, -0.07341995007696943, 1.720134327182765, 0.0911757522021095, 0.40721066118470806, 1.1498479932440588, 0.9102158568894522, 1.6731639587217149, 0.007066558875791591, 0.18510320816835923, 0.6745432450757147]","[-1.2848368860535488, -0.7116241632543706, -0.46532723137171766, 0.04343868687060199, 1.7518658905383142, 0.9208920533588008, -0.6387002932936624, -1.2105062166843357, 1.0337161416917664, -0.9900018008393808, -0.1983018337247626, -0.9826555218600469, -1.2858707761730919, -0.7007265486856845, -1.1117136602640092, -0.40122907728277063, -0.4896630841422641, -0.63334317421484, -0.18549990997549648, -0.797465665057238]"
"[1.3120096083926223, -1.5574734864623083, -0.15853995016778602, -0.8557255377233032, -1.8278214613798138, 2.8352862760568907, 1.4451853090446007, -0.9992002519034047, 0.5369372013669461, -0.46842061316182454, 0.5405459018822115, 0.13422334242624218, 1.6294024652217989, 1.0012025953301755, 0.14342456782326907, 0.6568664180605422, -0.48466050042075226, -0.0679491495149863, 0.48362784344510196, -0.9484694369367942]","[3.783982186620044, 1.47643712972334, -1.7555257541103395, 0.1812837589964945, 1.2349223842372308, -1.80387862391877, -0.18529111526249117, 0.8481172043104226, -0.03336768572998094, 0.46775840424571946, 0.21034137279398232, -0.586904059680771, 0.19849215848529925, -0.6487132385887411, -0.6460459478695058, 0.37922482981614436, -0.0048063835914866305, -0.39742714182734906, 0.12740800413291156, 0.06957742428196025]"
"[-2.6401695884787793, 2.0402124203815095, -0.19561273815155938, -1.0740764561582732, -1.2621073067186046, -0.018299639851954635, 2.4437801863570017, -0.12413271903103204, -0.2645854856721513, -0.22290126176780178, -0.05140722732618399, 0.8212914122593548, 0.13248694075346748, -0.9354996023660807, -0.5741616949816196, -1.2686814777910465, -0.8663565997604342, -0.42647418340095317, 0.96858531719155, 0.3632819099308771]","[-0.5604662924635806, 1.4415662617172305, 0.13322090152808816, 2.59103872171337, -1.2595856372355272, -0.7368481139361618, -0.17563319142803804, -0.27874857243287315, -0.13910389850364172, -0.7632301039293851, 0.4916668890384293, -0.5891668030651638, -0.7228991339590255, -0.6638509662655887, 0.3656056615734395, -0.05472447199311558, -0.24724836006081555, 0.45094300305683716, 0.05727812694085713, -0.4613371310098293]"
"[3.0735908316361353, 1.4813263158102679, -1.6296942639704242, -0.1960019780940622, 0.9282156298818055, -1.7616881686609973, -1.1440857970103533, 0.8148982854804614, -0.3236438291599856, 0.3233605444602689, 0.14672527709594593, 0.5488563222422821, 0.4390565595954771, 0.7850426227319703, 0.06279623721135959, 0.8337436535313618, -1.2895016204017329, 0.04971374280421232, -0.29672234968591604, -0.09425641697164183]","[2.009137824694918, -0.46359546699935134, 1.5269411807156563, -0.6565239435141428, -0.28540968252831717, 0.8153465909304456, 0.44397238807235334, 1.0704838174553286, 0.007505507497612887, 0.14636792500182258, -0.4000125203248329, 0.10100235707095394, -0.33777705836626853, -0.9474479488574172, -0.03441811177657634, -1.5419494301094567, -1.1016650399290282, -0.1320582696029508, -0.7611273811172489, 0.564853649825108]"
"[1.6385977103721254, -1.8438518695027006, -0.498022513569487, -1.241674678313826, 0.08357911585884195, -0.8207257003921214, 0.6305328444826576, 0.4944642861822295, 2.7076339689630227, -0.522172726176841, 1.7056587746472325, -0.35889692092919334, -0.28875531477320077, 1.645058215440017, -0.9581136494336789, 0.9641657218904784, -0.3231691428537278, -0.9374498105863899, -0.7567981212095197, -0.6243113333456308]","[-3.8642144307100126, 0.13257100916662307, 0.06590999731899712, -0.780724445660949, 0.9331275072378029, 0.3726328295780898, -1.1097583466077003, 0.4233115882335051, 0.8263879394091701, 0.2230206294703563, -0.983863200036032, 0.2237518084378498, -0.30501005335065345, -0.19463918001258446, -0.5577144506000218, -0.5371741101344568, 0.6479476875999992, -0.007393315783029501, 0.021107742541493946, 0.05476667042954469]"
"[-0.04294285715499957, -1.8599351965188315, -1.459762286321325, 1.238399378104506, -2.0173201479383502, -0.23550086708633267, 0.4749805020127852, 2.0358878178552384, 0.07095898374850822, -2.232435644058777, -1.615203882419421, -1.4003681449794387, 0.11630509921318335, -0.5751221513389074, -0.15843539516056412, 0.49298100247851045, 0.11993429928742105, 0.23459884637972672, 0.5980917646997613, 0.7242781722041253]","[-5.38175205748153, 0.8997350689360464, -1.611586445003743, -1.5585731200300115, 0.09075422015083859, 0.3034620336154456, -1.3173649426167313, -0.16508348989608668, 1.4077226964939116, 0.8676127948204504, 0.5691673852413422, -0.21289202825859047, -0.15016534978208024, -0.4031631392984519, -0.674732571075131, 0.0804737713331451, 0.007620329157317879, 0.43584287776147074, -0.554900385433815, 0.06194449003592953]"
"[-4.630093203206308, 1.9516666736230215, -0.720636233428085, -0.30000071401058864, -1.2598635007400536, -0.9925693635720177, -0.13383484203290627, -0.31588093708317755, -0.8861931755521845, 0.5445208484921328, 1.2082781425083708, 0.013406020778412114, 0.441742148233285, 0.18832899395186684, 0.24464368284810592, 1.2558103397322329, 0.4652660827116145, -0.8959826825345275, -0.3368458215249466, 0.9945826675380768]","[-0.7836402968123796, -1.6352964982742657, -0.17917244461299114, 1.0172996123401128, -0.514523137872114, -1.0795892028585123, -0.5446881393877072, 0.269406010648523, 0.23089702853104818, -0.4216956953473667, 1.4350137723208296, 0.3313899430749486, 0.03809005481252071, 0.03452877397421731, 0.19028908184166637, 0.5255537472455303, -0.9004546645821179, 0.3728973397911679, 0.9983035977704694, -0.8448725410775602]"
"[1.0710447668046432, -1.516632876143294, -2.1633041089686933, 0.674907419543341, -1.058933721900869, 1.425722603113436, -2.453731080675611, 0.246176111381182, 1.1898893423429755, 1.4605904951201254, -0.37954431753769485, -0.39243176356695125, 0.12167238802322075, 0.27660608681473, 1.083126993791748, -1.0334062645320856, -1.4468178597391625, -0.8528010185183974, 2.2177669433649436, 2.343743256911538]","[1.1873913895226567, 1.7756037288604358, -0.6294287237417201, -1.0554830190538975, -0.8772236885982068, 0.3860846092255248, 0.022179348957894383, 0.9784001839702787, 0.2587768949117631, 1.0281967418543139, -0.4008210566967747, 0.6444235936570074, -0.4995693067072005, -0.18206542730222014, 0.23031045979548145, -0.4100227526005997, -0.34575448731795755, -0.8013186659802923, 0.584351668153877, -0.8574837610090036]"
"[-0.5355238512529539, 0.3920403039342413, -0.20586552274382403, -2.443858434409124, -0.9265452602058549, 0.34114744565799243, -1.1637987515746793, -0.0553718506753678, -1.1034051595454275, 0.4335285339387711, -1.341063822635881, 1.4037833072323846, -1.0802392778362853, 0.5445180804752415, -1.9565305576934955, 0.46717535186719567, 0.14380381679394857, 0.09315733742935688, -0.6758499022988202, -1.1201727233341832]","[2.7616532643776344, -2.7258860965970237, 0.5831430860896065, 0.4872291895317297, -0.03873898581775157, -0.24281045911738733, -0.07348762409598247, -0.177432046006528, 0.2746637112729787, -0.0330360582263248, -0.6221174455811244, 0.7089685487490083, 0.8880364507221669, -0.3896014497557183, -0.12454869073524497, 0.27622191431012333, 1.0607607342722074, 0.1811348178117424, -1.0427172465196375, -0.10585045041929111]"
"[0.21295798802496177, 1.7607679981244588, 0.7600438420600735, 0.6760671493045891, 3.109009125880642, 2.984242647641411, 0.8536800691254947, -0.057063095838340135, 0.4634026593701838, -1.1628495706069255, -0.6513193971782388, -1.9951948953569514, -0.5935822662807042, 0.04662738108409369, 1.1146544224941606, 0.546651977860591, 0.6339441658414503, -0.007643721745765059, 0.6258035286092265, -0.01241791838557278]","[4.120557383284615, 0.9367459191396322, -1.3986177620080167, -0.19871641417759878, 1.2753579734277742, -2.003020925316769, -0.3743839782191133, -0.19413605328263117, -0.13034194443122615, 0.49459328174388095, 0.5563492502161824, -0.8696839364784749, 0.2538627678722868, -0.5876248064103763, -0.4165636914448667, 0.07639283003595693, 0.09535688375192335, -0.31560819707682336, 0.09428440033514035, 0.1740587394570357]"
"[1.6128940000520928, -0.6768732979557109, 0.3065643684829881, -1.2111710129802287, -0.11936912179345112, 1.931155462222468, 1.405091682890803, -1.9681981490985934, 0.3059310892358054, 0.49371120452494494, -0.43866263246620596, 0.167696691092818, 0.7647090307240424, -0.6815207245836906, -1.01097362751216, 1.188798853823033, 1.3857113237817955, 0.6213222329489355, 0.27523484993476655, 1.5264406518045737]","[-0.38973012193724443, -0.8964770947145005, -0.593785303795614, 0.34182965096676227, 1.27753625625966, 0.31612731210723727, 0.284923904898408, -0.24808253418901877, -0.6693885256947716, -0.018010014486806225, 0.0763679388962717, -0.878637900773178, -2.262677438493746, 0.006383135057294656, -0.3887013826163585, 0.39397955346633484, 0.4162809737517191, -0.4061185550838023, -0.37431584556193404, 0.3064997945255894]"
"[-1.4565909434389952, 0.3603455082059006, 2.585723226649937, -0.018648469459121273, 1.8565925586531342, 0.6666472522818822, 0.7625423695444449, 0.7450295508447187, 0.4282860314686264, -0.7074255784007559, -0.4061478537956692, -0.00624538382925515, -0.5784249395687777, -1.4028872323491621, 1.6534485290809389, 0.43014450858235087, -0.4706977516299472, 1.0884619087738898, -2.1669265698209053, 0.641416349125295]","[-4.107116153127517, 0.4495331822515228, -0.5390389652453011, 0.08618449469758518, -0.06899323967972854, -0.10274528307115625, 0.1847235916617113, -0.03873405080033174, -0.7624494333691426, -0.6579767190702763, 0.9738517030297175, -0.08217378222158589, -0.44511082777270417, 0.3270598075593933, 0.6314513916393355, 0.045353419750940434, -0.0023887706636734917, -0.1849899472561901, -0.35288397293361884, -0.28961798961048035]"
"[-1.0338264244010733, 3.7912199872008183, -0.948105167349185, -0.313653255520447, -2.260458131398918, -0.9354573412145699, 0.8005304078569722, 0.5321715009156293, 0.26760031504978266, -0.8328477914353608, -0.6442015106426234, 0.8417142724407503, 1.3601249409318137, -0.14211638323554343, 0.1937565167671602, -1.3501595247284728, 0.009175858932953177, -0.35982145862252074, 0.8638195864897248, -0.1772483255528415]","[-0.2034331892886576, 0.5174542192127548, 1.15358105368833, 2.142190496666061, -1.2292899054007083, -0.751113944299445, -1.002785967931171, -0.0005610008768682103, -0.08296214938435524, 1.1380994214056956, 0.6813787052010732, -0.6857812013811662, 0.5045256088044721, -0.7309746762667124, 0.22088608175407792, -1.208958076983936, -0.052958047009075256, 0.7631801613158354, 0.13776176251577435, 0.13662595050333226]"
"[1.868172076940492, 3.2747863171294465, -0.5413243392200535, 0.41508787578066936, 2.085892001871081, 1.8707559173045105, -0.6958187666873656, 0.50428872879792, -0.7551274521680389, -0.7535324786546269, -0.6239595655464062, -1.1952751061136537, 0.44811462267858126, -0.1253899435235789, -0.06602451640766735, 0.28326115167710947, -0.4023803250287057, -1.4387290958261756, -0.01916332417666306, -0.4970016702961887]","[-0.11998793566894728, 1.983965123696321, 0.8366537887127075, 0.8491608521597545, 0.7064253584921534, 0.34189778327801823, 0.674557146024621, 0.32239260774942907, -1.0690239007080657, -0.7873927094250058, 0.7496787216142097, 0.18194396414250386, 0.0959020120362677, 0.9720887483496105, 0.5000526106945464, 0.18043704526131224, 0.14621595247668387, -0.07142376278965601, -0.29578232254481185, 0.37293603724341445]"
"[-0.03947974939697973, 0.30747498308897897, 0.13481359825591982, -2.968225030068113, 0.2646153775005276, 1.5310882181723067, -1.7420796240047962, -1.1864682440784473, 1.1190189035238929, 0.08494825252691149, -0.11772168958434613, -0.0814353428373065, 0.17344423160716493, 0.6358002529743787, -1.1583111561932158, 0.060477098165825964, 0.7841749473532527, 0.674095320421622, -1.120062205525944, -0.37479459249937574]","[3.168172064058129, -1.5106955102990005, 1.0745110497425272, 0.1768244298983231, 0.05318413095624669, 0.8850987577493722, -0.6329791550950625, -0.9592519647566253, -0.7474916715497005, 1.7014979968352695, -0.12214495535488536, -0.6255812505407755, -1.0072196423017956, -0.1047557185130015, 0.6681761652298341, -0.014183521306045421, -0.49958252872143394, -0.058550619519911175, -0.05677986870020004, 0.4946710401087205]"
"[-2.1744042321283756, -1.1258993582452341, -3.065069143431119, -0.7666519345296462, 1.0769258726733744, -0.25414904107780373, 0.49980535607099635, -1.1483797229515291, -1.2298416551804543, 1.4794158902862484, 2.108601666836509, -1.9396150275062716, -0.7751058227391648, -0.8850750574435493, 0.19665184387080356, 0.7521100803034874, -0.09792793589737796, 0.16636517257542627, -0.9149096755283702, -1.32756524940245]","[3.838778424960808, 1.111714689372573, -1.623068394078496, 0.1966598388905325, 0.41642619229083594, 0.00791773259995556, 0.3120829228499972, -0.702498528273619, 0.2726557018376674, -0.23981940209050479, 0.5538760560360614, 0.6959577215507832, -1.0512558930539688, 0.30719077123454464, -0.6183239890910885, 0.6381618199966527, 0.3308498740218327, 0.5903757994056078, -0.3011305951378654, 0.4690580904117119]"
"[-0.6989962371099372, -0.5134551804614305, -1.2396594497996378, -4.133452817422174, 1.0475359377503575, 1.7452133742568825, -0.029484351067848167, -0.983528634786861, -1.3404308416348933, 1.1469945480285093, -1.4530331053762682, 0.4998213684949902, 0.6928956956274878, 0.7068117694786954, -1.1923814480491393, -0.061468976692265816, 0.7250095760768961, 0.25665383035383643, -0.3966844488231804, -0.8740303073198371]","[2.3749942672322137, -3.116946986660611, -0.45071107928553805, 0.5914170370892858, -0.3789360943467064, -0.34146596350678926, -0.2952465316499106, 0.139695498171963, 0.3612785956273091, 0.3353974598612843, -0.46047825311657753, 0.7865445887384744, 0.3658918386712682, 0.42163027966582173, 0.1637122566728844, 0.5445540083633672, 0.9661971205021392, -1.2385029532188498, -0.7909764289454936, 0.24748470267446293]"
"[-0.4424276668641106, 1.4677410698772952, -0.6263972682286931, -3.2907050260252926, -0.984156010743821, 1.106780766946866, -1.956280282402723, 0.20306065260351908, -1.0613907821381363, 0.9709428757053781, -1.3400052445423296, 1.1004040671416733, -0.5301254293019758, 0.21840791756199765, -1.3738879702949574, 0.5213027035375265, 1.1971032659505207, 0.2444226970334451, -0.30316349860716046, 0.01953020463720692]","[2.136739338881986, 0.8825047395470184, 1.638005068467944, -1.71981417076664, -0.7405969706117715, 1.4185200037621555, 0.17516489398475063, 0.3919696081337457, -0.12624229776763035, 0.09377663193709145, 0.04121325515013424, -0.7456072507513389, 0.11371614203191314, -0.1454089604861394, -0.2991746964541275, 0.5046797730048631, 0.6084721284621494, 0.4476202263280692, -0.03607535988184067, 0.9744713726643217]"
"[3.482138454000435, 0.6105125553628191, -1.190317396722298, 0.9562333380933751, 0.04363457863013408, -1.6301812758159437, -0.5694219556311315, -0.31440947762332483, 0.7139340581405942, -1.087526413530095, 1.2097550715604195, 0.8069861877407337, -0.6244875866381363, 1.360695497520915, -1.5894381165236842, -0.5307734110235175, 1.4227241627344853, -0.22175547259603753, -0.5107802513109384, 0.7920856937267101]","[1.8030126904194979, -1.8225392382064158, 0.8862221137186289, -0.5236413229940939, 0.15325808045149594, 0.2740864057982964, -1.0456585680179526, 0.3410431811141328, -0.5440990886526482, 0.37533991399736555, -1.0955902441175929, 0.8164666885983759, -0.7881517454410325, 0.11319748517459292, -0.3048663641332029, -2.1224666350473287, 0.3498413375468685, -0.15113285030777726, -0.47374022357598805, -0.7147017149897573]"
"[-1.0366660485939674, -2.7387929494871197, -1.7549044440926433, 2.4851493384885117, 0.8035889674921046, 0.17492917715989537, 0.6977684680403402, 0.24365083095595513, -0.75449787108962, 2.1755351739939313, -3.8161042854583247, 0.9877114389019379, 0.24423646355905096, 0.8131794890754641, 0.4221605188102369, 0.07972671792584554, 0.36497029749072507, -0.6707725100358038, 0.16811264349950478, -1.8139299574332841]","[0.013443151867452652, -0.7219621977269993, 0.3953560269685302, -0.31045892579048895, -0.1986434710538911, 0.20398959328851823, 0.6312624698091822, -1.2149023454017318, 1.7940903125500898, -0.5388230020426057, 0.27084092839407503, 0.33191929050296193, 1.6802070791821682, -0.7716068784226439, -0.18625896578642234, 1.0021604013454604, -0.18538061243633927, -0.25904955131043705, -0.11891242567154052, 0.44535042123529217]"
"[0.8382009178129878, -2.196074805807172, -0.4250483979899635, 0.24576986553913344, -0.5176205435917306, -0.31423401799145495, 1.5371971287577155, 1.8156251038678872, 1.2558547087305996, -1.353226891801185, -0.9012979744416821, -2.12321402295728, 0.44378443586183475, 0.5744567583225014, -0.08844576957186075, 1.3892290638465967, 0.133850632278527, 1.3572398123043834, -0.061735745827983184, -0.3835228754193601]","[-5.481890819154742, 0.5837290400042668, -0.8069843515374182, -0.7781625593908552, 0.14748205723080815, 0.31694549962884355, -1.0792110140387035, 0.28869891377473506, 0.7267666402348523, 0.031249154409419645, 0.5341195409583994, -0.036635793831812064, 1.1738686151852165, 0.7192302071365467, -1.1248151736233736, -0.1947961221555488, 0.21156428205795927, 0.2528015272982053, -0.3502015185979043, 0.42263241476483476]"
"[2.50243174782772, 0.6364254176094768, 1.1783902485778732, 0.43818966893377714, 0.5544829166640571, 0.20793718668400463, 2.029768322127163, -0.11895704082449163, 0.8448878540180724, 0.5096961097112325, 0.032770583580323955, 0.22166315115503255, 0.014634595001337528, -0.735344859987236, -0.3981405657152807, -0.36787117768055977, -0.3707802932140536, -0.8372996168232213, -1.312357398719046, 1.0954729524820679]","[0.5535126184980181, 0.02946381980324818, 0.121332814813791, 0.35747970070314433, 1.97858760078542, -2.0134334267229637, -1.233058468972878, 0.4341920748132579, -0.30971427039770766, -0.05266120173210638, -1.1416881282923634, -0.9386050574983541, -0.1042778672438788, -0.499903611990744, -0.029814194175478523, -1.1844996466582844, 0.14794667533448697, 0.6136874019363675, 0.3871802874153311, -0.08184234496238478]"
"[2.2844444587452446, 2.905870345332382, -2.0352946623613253, 1.0088864885381663, 0.6634759403246138, -0.36678465997490267, -1.5014342705606751, -0.20871702264742892, -0.525870999898846, -1.0381059004295676, 0.5375620606120716, -0.45334855495437854, -0.09478155371051439, 0.6474595120426893, 0.43196147033145016, -1.3668059541985407, 0.33329071308375063, -1.1122270324465768, -0.9410969881250845, -0.5700250028594364]","[0.2931567748589582, 0.5679432809083603, 2.6844437650703084, -1.1318573584031992, -0.6150476051140844, 0.18216776798246126, 1.1201317345900843, -0.04735460512998513, 1.0763278452923861, -0.3759927885857099, -0.3688198543381455, -0.24491782815628393, 0.2851798213466379, -0.22748035887452903, -0.08480404913354643, 0.430122158198677, 0.11713060783373087, -0.3628412562059778, 0.12934268858744993, 0.935301531257243]"
"[-3.3666677456209255, 1.1325240449016125, 1.1129872037870656, 0.6668765541332923, 0.42191153660995717, -0.4924674943673986, 0.6925044093807308, 0.48055563762878656, -0.3365771299011507, 0.4528044131190937, -0.24006653740966322, -0.5421876017195841, -1.2140363784250743, 0.9473530083221733, -0.10305506925010754, 1.5732774555414808, 0.026768623903502656, 0.7410490358799523, -0.7055639871055931, 1.290265029300272]","[2.0635656039703902, -0.17776528879093584, 0.47149077597214456, -0.5631168522244243, -0.23963405103678462, -1.3064824849026213, -0.6817830956676963, 0.5891383446675865, -0.34079769984593655, -0.6155325389789233, 0.13855430366873261, -1.2063504515244932, -0.02146315826949441, -0.5217736207555781, -0.11603196151014089, -0.2926464384978063, 0.027389638894053703, -0.23382898337313351, 0.5583326014109711, 0.32099623835128527]"
"[-0.7677051863761376, -2.166135647849637, 1.9925788005477822, -1.0325661199209384, -0.9469975380504246, 1.0355543889321985, 0.17704309563210038, 1.0589387974333981, -1.5909606865504475, -0.23170649690088294, 0.28903391668662576, -0.034143486000132166, 0.46075804856240493, 1.7099180510792464, 0.860152978323526, -0.24879535831879773, -1.9605100657244159, -0.48862930121264814, -0.8212048455760406, -0.5731745154527661]","[-2.781731211079297, -1.1171873783749686, -1.5391961939746261, -0.6715890945432498, -0.7226984748656324, 0.6555192806679906, 0.7647101451503412, -0.44415068426107557, -2.062060084860264, 0.09797694186294904, -0.33903232566041797, 0.14888483374888337, -0.43272431513141185, -0.7556481229262774, -0.43768171156875707, 0.5290701860502337, 0.12528574587182006, 1.426971048080072, 0.5836962195978472, -0.5598689475599407]"
"[1.8950298488825053, 3.310574473705477, 0.6616225359610527, 0.4268200983713576, 0.3437712050805478, 1.5162656089050068, -1.3078560477562273, 0.6175896063510056, -1.502707318224147, -0.3482700923609177, -0.4479929753064643, -1.301707557713177, 0.5967565599729424, -0.3681407844197567, 0.20618280769355263, -0.20646136966946285, 0.9671859844380605, -1.498770631237141, 0.01363155647293133, -0.8533535319943534]","[-3.2476223247660267, 1.3388184259631233, 1.434213682404674, -1.311350454663944, 1.8731948130884428, -0.18199355632746547, -0.7007432656624172, -0.9762386948446203, -0.8783880717165463, -0.43703438575404874, 0.344635369433337, 0.6021742696524325, 0.46819261589526173, 1.3907121650748773, 0.34803498535359473, 0.3554898417696618, 0.4151238923246857, -0.70411567092336, 0.6999816312109389, -0.04191116060482856]"
"[-0.4196011072931162, -0.8414199328537003, -1.7256154387027731, 0.497746119024422, 0.8534941637651089, -1.4010040251316715, -1.9625579249529093, -1.8344703898956083, -0.5516079478622591, 1.1546614512394129, 2.8393857015360346, -1.4583765362713694, -0.7935556444071964, 0.016925071442860703, -0.8773492575008872, 1.8872593323845188, -0.5068688532068043, -0.6963224134374089, 0.02916740674692281, 0.8648997515204782]","[3.448735418261322, 0.3443896961344215, 0.719572869341435, -1.0410472481767035, -1.2544028190448167, 0.4543506183462963, -0.16115580878110372, 0.3811237912473985, 0.43290236773573976, -0.7643148189068264, 0.5418422772913933, -0.24575400270937334, -2.6367553468067292e-05, 0.15408908725490456, 0.15774334534412005, 0.731249239527044, -0.3044879725684639, -0.05573540950959514, 0.8280830228391404, -0.39464084821021406]"
"[-2.573044806708189, 1.9298682139652448, 0.27439062257688834, -1.1173247471120429, 0.5041434961275006, 1.4965495197473544, 2.3141398028866655, 1.0623357726309763, -0.08489669673934755, 0.46766804539793827, -0.1812073818850671, 1.514783072389494, 0.04238225822080576, -0.28954065027727094, 0.9245451042021741, -0.35600312513581506, -0.2874990122074952, 0.8617101152940149, 1.041686850728717, 0.28199109446254433]","[-0.009051020941531002, 0.03478401752596636, 0.9434450347415316, 1.2336018934908357, -1.1063923885650702, -0.7791785243525514, 0.9015504830589802, 0.13040076198441197, -0.27847157851417104, -1.1497944630849881, 0.13140050441558337, -0.46696018690429375, 0.15755522454564433, -0.13550698867115668, -0.4271347671807533, 0.07787480237832002, -0.35692629921315805, -0.3877029545272728, -0.007464912012286699, -1.1821677283663539]"
"[1.7443456465153464, 0.8203539827371548, 2.223658641853808, -0.22339407798897015, -2.022556284877384, -0.24577249386160668, 0.7679616765113477, -2.096823030752144, 0.6011042121899945, 1.0764276663141166, 0.15644701479467227, -1.31661784375769, 0.5313039577487968, 0.030948868508954987, 0.2880225891001624, 0.362382022833932, 1.3429675546342141, 0.057884554818205244, 0.9264852083040338, -0.6878296828959859]","[4.00849754557412, 1.3830052385664546, -0.31809864957249845, -1.187600618397353, -0.07608611902701848, -0.2919539580071638, -0.11557299036365737, -1.0191443378923792, -0.06736547313747775, -0.4088874170729038, 0.20274898336568278, 0.6596627041887568, -0.1390730651824435, 0.8714710144484766, 0.43967750263289535, 0.26630362193628115, -0.003617400539710543, 0.7912091151207679, -0.2309437628176685, -0.2991806988116573]"
"[3.3890998061499795, 0.11991217974124191, -1.5111547159309078, -1.7240843957128231, 0.5369186231827205, -1.6306883769979619, -0.13335877595177761, 1.9074375899776526, -1.3269175182146233, 0.15897254610360492, -0.0043225256632672855, 1.267014481263403, 0.04217524257380374, 0.18838348577632372, 1.7524787700976578, 0.3072556098462343, 0.46690946428528574, -0.8926436365696746, -0.17956312333857488, 0.5368388254299297]","[-0.6101854643497397, -0.3129980481142712, 0.139795991735693, 0.054766204328888735, 0.7942758834359243, 0.2161169117044559, 2.1291480748342853, 0.30401627353231275, 2.092054771045917, 0.6201968481419625, -0.14648944044308132, -0.7106063634961266, 0.05992349999038063, 1.1514966220289622, 0.3398715502935576, -1.2750395056514205, 0.3921884556196137, 0.7776694372781835, 0.7481021515431989, -0.24937741569041125]"
"[-0.031861604355298896, -0.06295264734157141, 2.8779039755296547, 0.1250613283802951, 0.5875165488149772, -0.8701502298098615, -0.2217305856060113, 0.8448360602157917, 1.143319188871401, 0.8065539676308849, -0.9268563814797423, 0.4088673368166033, -0.18752796966265065, -2.1513062463456025, -0.4709552406057649, -0.11472791759724131, -1.3416998072133293, 0.2416593402569299, -1.8347033354614317, 1.0393286511607416]","[0.24408183847472512, 0.9084034111706886, 0.05389261447652714, 0.8162533921029811, -0.15218490434268683, 0.4341709644808977, 0.05315647974058533, -0.15371325524727078, -0.33411493770797657, -0.6202707687790029, -0.04349208110991827, 1.1498665205423773, 0.5665161246770478, 0.21348930930775645, 0.6079745958019227, -0.44435266123782047, -0.10067049681579913, 0.34373904155853796, -1.2622671722830117, 0.17083004244730263]"
"[-2.951884793282481, -0.9454370347480922, -2.375155500028199, 2.7375053911720966, 0.6153249194765941, 0.27733196669828086, -0.15962780724837478, -0.5286740240811031, 0.8979886031774901, 0.811327503764046, -0.10641258086978933, -0.7385092894728318, 1.1645501338023978, -0.8678591270424114, 0.03346583350825386, 0.2507885192601635, -0.09652644486108122, 0.3656314562132782, 0.18339582968523632, -1.4954582876544957]","[-3.4384121574791813, 1.1942753608637557, -0.21719139363839365, -1.4312753327408696, -0.6726202626789197, -0.2110186474971799, -0.538763753631179, 1.393640000561005, 0.5718324628589104, -0.5990908262637827, 0.08835131658015731, 0.5499464241220161, -0.9132136291387797, -0.5841296873462171, 2.035938236359648, 0.372703389549784, 0.029618985394472518, 0.1908522823704719, 1.3010462839211983, -0.09461591511226541]"
"[3.265638785997289, 0.534433259977879, -0.8675610660519596, -1.5671146069335944, -0.10753593030021469, -0.3106311507426101, 1.7659679617551662, 0.4477146113659317, -1.0404333847240874, 1.0295292984619608, -0.1335445368856081, 1.4677643059107877, 0.8754588573450018, -0.3199698187165914, 1.1538877275208224, 0.2348129820829074, 0.03305762119125474, -0.9678649563718426, -0.620499860681617, 0.3852668057669251]","[-0.29826619886250666, -0.5516537498446489, -0.05652023567278319, 0.0806569299848665, 1.3331338533925425, 0.4738875440771179, 1.9585653774465028, -0.09158070638455852, 1.7823749341656963, 0.16977221357808606, 0.4645730759249045, -2.0769343678774397, -0.3911695943673013, 0.569055191418513, 0.7046753854954835, -1.2712133606407185, -0.7682698337639988, -0.1538990880813547, 1.0056669087573331, -0.3206537802479996]"
"[1.795330433928126, 3.0941736559490414, 1.6376880471982576, 0.7687347001949366, 0.22086136438284376, 1.3768508972883327, -1.1695090896181684, 0.10114692719702312, -0.6220973411008813, 0.28731062343661196, -0.49802404801424444, -1.3729378977588111, 0.7503314320270861, -0.7573430104139641, -0.13591785730383116, 0.2057197276293468, 0.35311281786667725, -0.4867467816529752, -0.3766465211799592, 0.40392611314765847]","[-1.989448337669794, 0.6800738324059294, 2.1803370496911305, -0.04734711509617507, 3.1513025474288656, -0.4760127863235661, -0.5164045675711691, -0.407597136068745, -0.819194652880572, -0.8194975832916471, -0.07485261189737034, -0.2386970386678632, 0.44724307919358297, 0.5308472706269944, 0.2624339543487092, 0.36379436820020417, 0.5183828513471859, -0.3779912545123605, 0.15151689632899695, 0.2503121879591033]"
"[-0.1961634424413435, 1.022001567503484, -1.6677756634388747, -0.0021470497987960482, 0.5504629773214127, 2.4935896088360137, -0.8516914725258307, 0.002462668136153054, -0.08417944596908424, 0.9421378624216229, 0.05013228708547628, -0.7617396821185152, 0.88566104722199, 1.3929198106693585, -0.2038471386063784, -1.9865013889251482, -0.8846982141479447, 0.9069280215380672, 1.1145815334015476, 1.8073221230384038]","[2.1306132920405645, 1.7815219167009428, -1.1979173852923206, -1.365124478158354, -0.3473418558747977, 0.19805422320253682, 0.30272102836597625, 1.0201669866114065, -0.15426970215046, 0.702897076073151, -0.5177392354013809, 1.3030865451754081, -0.512824067398721, 0.10366931612754336, -0.0663949892823399, -0.42160410728736347, -0.2806651957943226, -0.8733580046919791, 0.3678398831547914, -0.7132568687944155]"
"[1.1544485965750801, 0.4009987103844352, -1.6526582657230406, 1.472074491227732, 1.5666882560203987, 0.6512179825257239, -0.9819295955032982, -0.5019262992765414, 0.828313889391177, 1.2861809512157245, 0.3280432658455768, 0.08747011789955624, 1.2730863471664038, 0.3041722960502093, 0.35991843235562787, -0.8844688118357963, -0.7562936211929502, 0.1021385764618507, 1.3297171428828662, 0.415603225533851]","[1.7738550300932503, -0.7166868723184164, 0.990755814917353, -1.328568871561038, 1.013058296939592, -0.3233266820533981, -0.42085115394378997, -0.928935245302071, 0.36668798267784347, -0.2074001547146199, -0.18073600347768712, 0.31422181938171995, 0.23463386582764914, -0.6370607543807197, 1.1090625674396, 0.3871726254867025, 0.042792276712065626, 0.10293901650730422, -0.8936389245986901, -0.2485608972178735]"
"[-1.8206544449035424, 2.768808513324704, -0.38902880670832257, -1.4524846253778243, 0.7848252544726183, 0.44760015244539786, 0.3770790261656535, -0.5027541168217404, 1.2507088998973404, -1.0345503697154907, 0.003336262950790406, 0.673915620479143, 0.11759120375657969, 0.7711452917345512, -0.30835595072253574, -0.8375236146672572, -1.9918517521899484, -1.1745906521761662, -0.5608838882740171, 0.2536612662887587]","[4.067175434891642, 0.1607670751139495, 0.749850349214273, -1.270748129182874, -1.545369405283853, 0.8260890370051737, 0.1883540580143648, 0.7277118409074491, -0.20106566565745185, -0.28792203502950153, -0.10865468965045195, -0.5754433230435021, 0.14064833043427077, -0.05307628024745777, -0.6297510799399668, 0.030485557885711185, 0.2241578065012655, 0.06276793221065585, -0.44713885298339756, -0.2103937682945734]"
"[-2.889534325504161, 1.5026183604553727, 0.8608214418151644, 0.36458422869310103, 1.2072535424578406, 0.16004898304171875, -1.9019031692942245, 0.3476393766523023, 1.4249840800374542, -1.5044098730010376, 0.16483226571256457, 1.239639409659034, -0.8699378157674462, 0.04163023539542222, 0.4859507761674571, -0.6274097379920548, -0.7799191557009554, -0.20876965378673254, 1.1182095740978077, 0.5395129559510454]","[0.900134396701139, 1.249285039804207, 1.1765921709823617, -0.490234832656322, -1.33446455220929, 0.19136139773854666, -0.020121728144402634, 0.8507255464549677, 0.14513845255909208, -0.3736493910161268, -0.4393631483271351, -0.005425523737966869, 0.004072238453923348, 0.062794459235478, -0.12080156984184912, -0.013107283141929663, 0.7451966172930113, 0.3441552778267352, 0.3502090361465408, 0.7655133037943543]"
"[0.30781044465217705, -0.6089291357136788, 1.179539823256025, -1.583225500174899, -0.1581506126052943, -1.9691170018819604, -1.177184985627754, -0.5173505267513676, 1.1358104163675629, 1.1653047884027568, -1.5510187057151985, 0.27580680755944026, -0.6920299345571527, -0.8723204413115592, -0.584104513070687, 0.6906986885050668, -0.16891141833357387, -0.5481397271894952, 0.31402524589170977, 0.7121439601713423]","[2.523928332972153, 1.8276740823831124, 0.09684280912626231, 0.08609459416077049, -0.2512097608700275, 0.3382187805626357, 0.4432857636914996, 1.4288916725582417, -0.5120795182488153, -0.654279800992219, -0.35128790432860724, -0.1326345403866796, -0.5009430884509957, 0.16856160054872044, -0.4093878489812377, 0.6974175990038962, 0.7964207396814953, -0.16345019461677268, -0.13724110098797987, 0.3712756336119761]"
"[-3.142993395739339, 1.4647942224040114, -2.0406096901261206, -0.24477309054994478, 0.8936131486887647, -1.3433433277111477, 0.9491166149126447, -0.13689729430957764, 1.5999746764808507, 1.2673754988529544, 2.0508811862110816, -1.9331595408227735, 0.10153011602156063, -0.13474092729530213, 0.5567150877604714, -2.2603327610099324, -0.17144197096053038, 0.2506512391032281, -0.26558667189907503, -1.692517982431509]","[-0.03946856997474689, -1.7458744881672243, 0.27637892052495633, 0.5837905529587996, 0.3896859889091285, 0.4375872554903066, -0.8623056107698479, 1.1429951732656267, 0.37612496372380055, -0.4105134089336526, -0.79392697038914, 0.6876519674517516, 0.128437474831654, -0.4481937719324578, 0.9961161530876836, -0.012596295223971146, 0.4364463766003167, -0.8815673396501382, -0.17417009567508118, 0.4843908852036293]"
"[0.3131406898664797, -2.4189678372513184, -2.4606488746120125, 0.8422581586484049, -1.8258197580847326, 1.4673486570117653, -2.0873311775697134, 1.6842419336469259, 1.61746910170343, -0.5308854266020538, 1.0098466604492313, 0.640031960990921, -0.8610391664333232, -0.05774369685012263, -0.12062819317295959, -0.09858670844110705, -0.9147380230666025, -0.7522591686138126, 1.140132743283141, 1.5310925157016773]","[1.7587348363580546, 0.6363758371130194, -0.9992408829623359, -0.6839596096163355, 1.0022808971658874, -1.9860138149632443, -0.6251837433384666, -0.6311943470908911, 0.5635295510675556, 0.6760607856735361, -0.007594830190483315, -1.0237798043640618, 0.40245164587346993, -0.7953226941982132, 0.23760626781203392, -0.22017949390760952, -0.6660037019338299, -0.845783663690156, -0.05634343971195326, 0.09579248130302975]"
"[-1.2136820508003985, 1.5312931978196345, 0.01849029072337721, -3.1417006275802546, 0.36594220412851924, 0.9506698501829091, -1.302977239850507, -0.8233129780350305, 0.9706987303501238, 0.5979224233554955, -0.8169389975565307, -0.0016513043274734183, -0.024448616072772697, 0.14181208593238034, -0.6002182425238022, -0.9444651378900275, 1.6493369501401012, 0.5063491874591353, -0.09665248776104317, 0.060169801450336964]","[1.0570808678622152, 0.5200979373937141, 0.022255621026718884, -0.39294772654886884, 0.5269687092856955, -2.2009818461933532, 0.27946574210693076, -1.1296477324319374, 1.2673968522535484, 0.1400060905248993, 0.23499250812910852, -0.5882935457186943, -0.2310195686630267, -0.8242547114261857, 0.5263814811010147, 0.43709790165903395, 0.7359859696085277, -0.03867231208204116, 0.34739720658050427, 0.10549704600424602]"
"[1.2129010784220104, -3.3990601396150315, 1.8339270134252548, 0.46890489160682186, 2.0953686099696873, -2.838209217827536, -0.8503576993849605, -0.31177724769355764, 0.36158266168584746, -0.7937338178431438, 1.2402551190677933, -0.758355236440066, 0.09712995806425233, -0.3554098826437273, -0.9516483059950829, -0.27438356149728144, 1.0096709444078589, -0.1679022240125432, 0.83789887256743, 0.23467897375472746]","[3.867356706515495, -0.055214827877508435, 0.7963572109533829, -1.0147149170611007, -1.4144617642954822, 0.5481316701014791, 0.04855421911837611, 0.30002287570695185, -0.11945838623296316, -0.35085049173827093, -0.15869145113335922, -0.5387076359194056, 0.03867054670456526, -0.07958529365620441, -0.3424826566841274, 0.3250864278587057, 0.6055620520795925, 0.14734450125139564, -0.2833005689584833, -0.28407343447590966]"
"[-1.5036192959871946, -1.7451322408383283, -3.2956534744741144, 0.695640352003037, 1.2444669959059578, 0.4121178823318338, 0.699510795091138, -0.6510078068045371, 0.48532378644829294, 0.343571693638052, 2.355419979777305, -1.8763748192005325, 0.11640314439229511, -1.3608340470595826, 0.04700401963202366, -0.3885683118456714, -0.8147433673989173, 1.2899194200646458, -0.06419884618634161, -1.3178928769851792]","[-4.248173067952148, 0.7467430356122108, -0.37954239120572997, -0.5044474604977693, 0.3083361626252881, 0.3805028775526701, -2.0315907781735953, 0.09239934892718424, 0.9145910907834115, -0.984607234308129, -0.028718875338422708, 0.4678743202221694, -0.9466476038112256, -0.7450418452009743, -0.6092751015091219, 0.5913767024347154, 1.098462848007606, -0.7861695664884817, 1.1632819601065676, 0.31167223429630253]"
"[-1.0110460390750735, -2.7174390841638267, -1.9354467545838678, 3.2933266082422636, 0.35940401450765325, 0.12487745913775439, -0.8061351586580713, -1.112136357353343, -0.45821140540114524, 0.29937077688456426, -2.122756217887453, 0.8942941052381848, 0.2771943430531338, 0.7530009886197763, -0.7979174845214718, -1.6571546207863557, 0.43824482170555557, -1.5936794615620136, -0.8465285144630003, -0.2054365844918792]","[0.8644044915484087, 0.5897169294248931, 0.20279707240445352, -2.2673509614408007, -1.2739454581114593, -0.14688602890204766, 0.08795559278166121, -0.6135295946402419, 1.3220048778459261, 0.5284651605135836, 0.0025372256258881652, 1.1467710222916867, -0.8663042464019397, -0.5327159342569026, 1.1367674204921678, -0.2485370007243697, -0.12095072653628895, -0.6267141612302902, 0.5508479523558856, -0.7124374642643027]"
"[2.1866182972793107, 3.5211890493536186, 0.6096825642178305, 1.2467452758742312, -0.24955700723973998, 1.1236696088417344, -1.4908937018179815, 0.335044453115376, -0.9709388229642204, -0.023293710719429365, -0.6686347895727635, -1.195431596560003, -0.26970042120821786, -0.42188464444274976, -0.2897107660409803, -0.1979094343514706, 0.32523796867890675, -1.4632816569469655, -0.05510172922044258, -0.9063998688044697]","[-0.6041662330641048, 0.43828878765196033, 2.739782051770175, 0.7504722982665553, 1.660278375923469, 0.7706007219713689, -1.6646302623746274, -0.9253404891440691, -0.7316524788886102, 0.09547630487937657, -0.16566946644475145, -0.699180232382732, 1.0718728407763944, 0.4593280975838353, -0.20025352095511578, 0.33994007093717166, 0.39191031926340414, -0.5803184890035676, 0.37452895840553, 0.03974844449325044]"
"[-3.085683726033022, 1.5970459792401512, 1.2231022061344938, -0.38247110082038266, 1.476165234397389, -1.1396138956409134, 1.122484128602731, -0.8637328478794063, 1.0500367583918016, -0.33019909879985543, 1.1654118548048158, 1.2001934305586552, -0.18760277529413277, 0.4938461461558878, 1.107058020573535, -0.3350569966613483, -0.7162467249317318, -1.5016760767648347, 0.6386495485420578, 0.20607043732158825]","[0.0759301994562154, -0.3594904408079517, 0.3821112764270645, 0.636227267829768, 0.21922429525535364, -1.2449721298518392, -0.6495099646891012, 1.4484846188095686, -0.9723153104707387, -1.498156418831103, -0.48569592920073146, -0.15387897698147546, -0.2037224016733377, -0.2786205977368382, 0.6620539065811951, 0.16569409093294998, -0.04860953431235045, 0.7126964225223662, 0.5900605355722561, -0.03144488387877486]"
"[-0.5613665224845216, -1.8999465082898355, 1.8792047497302573, -1.946963149495677, 1.3411006118305389, -2.2721139995564408, -1.3874466447434386, -1.5087076493098064, 1.352786282843693, -0.3773190218212861, -0.1134825197569863, 0.2826284508016339, 0.4236933101079382, -1.2383660662214184, 0.3649377236237018, 0.3143161306035437, -0.5347664296191202, -0.8992490513265855, 0.7409802012942386, -0.5546629505309636]","[1.7169470414983692, 0.33221091982574863, -1.0845563767971704, 0.754036000623261, -0.7815847263849803, 0.2071558255694447, 0.632053335895229, -0.9039446249780646, -1.0690146241284937, -0.5939397305329892, -0.973087246901521, 0.5188124927211912, 1.191575534483566, -0.3013165330409714, -0.01757765413073328, 0.1938262443152716, 0.07374335363043517, 0.8931704377097113, 0.3706724592946271, -0.0029574174528787223]"
"[0.976466661835541, -1.2818590364031652, -3.3378212302223376, -1.883370263413484, 0.31255600277377776, 1.233050794172483, 1.967066404747158, 0.7537724019527929, -0.6349530770385324, 2.1301752004373644, 1.2732680314749911, 0.5355845656979084, -3.0097700453478278, 0.07074261074441728, 0.8654384568596201, -0.8043293917196662, 0.23204934919026046, -0.7936193872591972, -0.2995945126049649, -0.7322410342796617]","[-1.9726140140566817, 0.01361100230683461, -1.9170080825973401, 0.7400516113247474, 0.3892008389072865, 1.5713398365306803, 0.5740695717094175, 0.9602348717793764, 0.6183592265364218, 0.011670248373029489, -0.7105412968535015, -0.550341550662081, 0.3782606531253737, -0.7099894573413502, 0.0405115747025089, 0.8757177017878593, 0.35306294892281054, -0.6198489403885326, 0.3834181942209172, -0.17016552418722625]"
"[-3.7635947352598036, 1.1916685747907108, 0.7818429249417059, 0.9152905614991071, 0.3571879384700035, 1.377087334798032, -0.7048877628309766, -0.12178891141156707, -1.0884205966382718, -0.7444205349620724, 0.11001232099702975, 0.7985533877806975, -0.8526119262222165, 1.241337514461115, -0.2553926710464528, 1.137040322502075, -0.005427653032314204, 0.02641583310706719, 0.9844351130986597, -0.6152607265700712]","[1.1200993125264116, -2.473864727391948, 0.4966571736258337, 1.2147784893151574, -0.22333302309031314, -0.4367077203570283, -0.5498518717052336, 0.405972353637629, -0.8290289392731721, 0.275859382535282, 0.2969528728959294, -0.47776107711693555, 0.3129902985320193, 0.5562336920606682, 0.2989404332390412, 0.5307792604843524, 0.09713924178728846, -0.8000968675492103, 0.22402469774654454, -0.43386366725490466]"
"[-0.9266001488871597, 3.3060937574822633, 1.7529487060953195, -0.1373395664864482, -0.8188804981047892, -0.5245072492994843, 1.213035659717516, 0.21884656573922273, 1.3793103280602745, 0.18250887106129288, -0.3479482720754584, 1.9557649571158504, 0.6778735954973857, 0.5982090937711073, -1.3611456744312367, 0.4424802846077608, -0.8793083662534951, -1.2826764237033232, 0.563324064299599, -0.21719476631325987]","[0.39535812316478397, 0.7076811291686446, 1.829856028136093, 0.12415534919483265, -1.9719349208869363, -1.1707877559034057, 0.37751309508535974, -0.05230302497871963, 0.24530551260753736, -0.7806965464194636, 0.1329238145426524, -0.6307532224625896, 0.6111845857189343, -0.01053459420592024, -0.6825044179045429, 0.06852814596079666, -0.632137078668539, -0.3066813724502222, -0.5463722001586266, 0.019992897893359857]"
"[-1.5990175888875733, -0.5453612630534156, 2.110241380131016, -2.021590949567564, 1.9181951597022133, -1.567641236593592, -1.7071644161592374, -1.0858359483928381, 0.8298695460480464, -0.2297859043391417, -1.4450898366391052, -0.6906739054728539, 0.7504543213054672, -0.8487353167080547, 0.77732211557984, 0.7215000380612353, -0.30982351871754993, -0.2062623764304312, 0.1666408719974236, -1.2300702364659692]","[1.4567473354043738, -0.39892091380152317, 0.32410920606131755, -1.1274055580490123, -0.9030240776020558, 0.6030109238090123, -0.17988687136851583, 1.1386216811598695, -0.7180582953185273, -0.3105149246184486, -0.2125434592823297, -1.1660323531228434, -0.2940943691542715, 0.030263401420882977, -0.06689348598396005, 0.11096414779019353, 0.7695947592184951, -0.5125565205996346, -0.22487919591862196, 0.4279787284107582]"
"[0.8576878867985953, -0.7962831846702967, 4.458448403809727, 0.5029158180811509, -0.9858460506913899, 1.0394596762437969, -0.27164696111143516, -0.916925657279209, -0.23331261590654284, 0.6943885543534201, 0.9982789984919285, 0.5551852599292044, -0.18308366871322873, -0.6388425449129614, 0.07535345751185178, -0.6068453580820778, 0.20267666276539248, 0.5774249941730748, -0.6786963843716352, 0.6231623201248383]","[-1.139415950391906, -0.8015670021340693, -0.4741180112044373, 0.2806443491576813, 0.3711698927381151, -0.04123446444333245, 0.7562101638103293, -1.6026283978398481, -1.3233579561363804, -0.52244032502957, -2.3615925411252023, -0.3547643523976565, -1.1930286113979283, 0.250598437068841, -0.26862549673882435, -0.07155993725625971, -0.7443406135482221, -0.12284229010793755, 0.48463043942282324, 0.6587642962516781]"
"[-1.491949092843107, -1.0198673006856274, -2.661266066137201, 0.6381540839650082, -1.1062640220679387, 0.5636260996251279, 0.3281589371990308, -1.4332557833990087, -1.4081646196570208, -2.8146471877171697, -1.3206611022249144, 0.5858397919548622, -1.153649518015606, -0.9366594243916823, 0.14672076469308848, -0.5473342710413851, -1.5331629564993239, 1.642181592361924, 0.6960358104803002, 0.2273561584145164]","[1.5768480132682559, -2.479168137741009, -0.9635144694403299, 0.7843148308041806, 0.3752422123465747, 0.24934877888932205, -0.6819430557596309, 1.263976279374387, 0.17415633455179153, 0.026973312955255794, -0.33207856763974763, 0.32532477143239347, 1.0211448514707386, 0.43753328292751953, 0.28852680417340915, 0.3566006071088826, 0.3213682122368283, 0.09459427434229979, 0.07020110478123937, -0.11104949342123156]"
"[-1.2168832394925917, -2.0722819867092546, -0.766503413297914, 0.016533826490258894, -0.2597672324983785, 1.1701395269067312, 0.937958837451557, 2.696821540871439, 0.41638375589087817, -1.195713715191103, -1.433203566586451, -1.8423748838633485, 0.0023791120483091627, -0.1912229127435269, -0.4576600380157243, -0.38858951145293, -0.5949719139619551, 1.0562417530337562, -0.8558630304201973, 0.11400741578637387]","[-4.619026085911012, -0.03320010216355903, -1.598526792632052, -0.6239618048506776, -0.4369228766174722, 0.38660088843986173, -0.6613482406306253, 0.9620499182279075, 0.3487302297045683, 0.05242348188585481, 1.132200343426592, -0.3545700567598181, 1.0628392864128293, 0.5663866440719663, -0.12061527364221135, 0.7219029023321684, 0.07026833375651093, 0.20965475888761753, -1.7337658493446586, -0.5915758098496926]"
"[-2.4758182198485184, -0.5483681704098204, 1.0523174455595763, 1.375304660898731, 0.19857243632581323, 1.1586294013335163, 0.7984598561298824, -1.8642344455254105, 1.1707500419599008, -1.8653770810298205, -0.05300427032002771, 0.30911268164761885, -0.14878176914908786, 1.565527506750353, 0.6374964591702476, -0.20007248530055993, -0.4655278863637208, 0.13245053555078515, -0.6751698434491037, -0.4270322237634367]","[0.26067650547233645, -1.8714401485774048, -0.29281130629934754, 0.3337310490302446, -0.9456514098686883, -0.9039431323188231, 0.42712888721294806, -0.5877970974209054, -0.1263550549006187, -0.8012132740565446, 0.15500070568892263, -0.5604963736580095, -0.29033901354900893, -0.1937836360362751, 0.2606611992770832, 0.29043448855237525, 0.2580841704505632, -1.279534582262352, -0.25823886323042217, 0.7401284447341413]"
"[2.360269576075974, 2.5064945812054047, -0.26680329001246905, 0.036403149177796655, -0.8713317804545821, 0.41164874537493323, -2.20950518895251, 0.23651931417779712, -0.48780433472449247, 0.5435269878987148, 0.48773698185423264, -0.5109506817185054, 1.7285232977417229, -0.818668486574022, 0.1966824487621612, -1.0125495099586295, -0.6113417239547284, -0.01743312649122578, -0.9894161056690381, -0.42139924019815383]","[0.3062063591352689, 0.020827108041147884, 1.4705982356923424, -1.6550836980230006, 0.017707354232987766, -0.12071568039919216, 0.6529140654713388, 0.05358537981574935, 0.8343067048416195, 0.5204456838784169, -0.2380833576454547, -0.6402751659017787, -0.4270815316987405, -0.15023604173804955, 1.0304246831436745, -0.2534971853445514, -0.5607115440061179, -0.2009569792085393, 0.09773424984531526, -0.06694779194805947]"
"[-4.404082421093471, 1.4421588393026106, -0.5081232226286904, 0.3332219290111365, -0.6937695154353858, -0.6534210002505417, -0.17836644548702363, -0.8398814788071366, -1.0855751799072115, 0.2303664338169123, 1.4052633430894843, 0.48614931189927235, 1.0175345054402358, -0.32173648385725245, 1.1824723235342443, 0.8424994031144356, 0.8176170140646911, -0.7369567182599348, -0.6111910859947297, 0.19294974581671723]","[3.0251481323059153, 0.8262704853354016, 0.34910309784134935, -1.331250558428547, -0.04202293809435353, -0.8008827646409313, -0.398558001152929, -1.685261281354346, 0.3700751909436645, -0.6657269390904464, 0.8705140199837698, 0.3646320130088337, -0.27979675322459413, 0.40037055185392345, 0.855251896949677, 0.4536811345201509, -0.49310129165359823, 0.5519265073104456, 0.6242542649422511, -0.35546059781727846]"
"[3.3867419949383306, 1.2891598366372867, 0.859345825178057, 0.06475772077384942, -0.46834354306625176, -1.1862609466780416, 0.7032616325460747, -0.2233025944489505, 0.5811756780512993, 1.7676275753276023, 0.16799159015602033, -0.02323377325913318, -0.1249590490648377, -0.8962548335711539, 0.030530017826712656, 0.20772203684471768, -1.677440582772998, -0.46684258690987207, -0.22717023891649588, 0.3108050680375564]","[3.2200951590244973, 1.6779820718929033, -0.5975147036714418, -1.351430149361436, 0.23352909379162523, -0.9420573324662329, -0.3021455657824546, -0.678023267058539, -0.49124214884554473, 0.15671000438690372, 0.41707104279879487, 0.3610686835853729, -0.0002953921348782473, 0.46827770338783814, 0.4951554560215925, 0.008701183342989008, -0.5687691852932815, 0.25492112738456385, 0.22819966445315548, 0.19149895521433094]"
"[-1.1393408342355653, 0.3426076086928642, -0.5973703123605323, -3.3607816225673472, -0.43434607494274596, 1.8777638343504555, -2.136180125134588, -0.4413555216830016, 0.944633113768108, 0.2764070042679907, -0.6852827837740402, 0.02766704385786536, 0.4902246893053438, 1.1347780196294057, -0.6523286556166393, -0.05200138975546579, -0.08642991460230029, 0.7333683385676797, -0.6006898818626376, -0.48925516334990893]","[-0.9468359092254677, 0.032441121257814835, 0.16625720536870722, -0.8048324336587471, -0.7625581948158712, -1.6589165805687347, 1.3043641379276858, -0.4376294375303051, 0.8748695476480154, 1.6207128555225732, -1.574290170601559, 1.183270848064591, -0.46355550401587037, -0.17592693695712175, 0.9307465418152329, 0.41318320446995016, 1.19672624270753, -1.0664266620175324, 0.440762087020376, 0.18936911249023003]"
"[-0.11910704376176966, -2.380733571877687, 3.3848643439243697, -0.020049816045774674, -0.8215387429527541, -0.3295441483455312, 0.1454209140985256, 0.03847676931072205, -1.928596252425829, 0.4864723188713053, 0.9099611928048743, -0.572313416679531, -0.6113996448187291, 1.7394353101009135, 0.8220269546465813, -0.042048694838598306, -0.509729038727048, -0.38848807370026045, 0.1549910128132748, -0.4094626732787672]","[-2.95171359128132, -1.0803625301906172, -1.6952032213096888, -0.8738161584513161, -0.3868485302515059, 0.6648316387237838, 0.7476532608279274, -0.015613347520312041, -1.1355963099996478, 0.1456899873782321, -0.4403919972287946, -0.037310403557287, 1.2471200342634476, -0.5045143644444438, 0.5368424867782522, 0.11360478726970959, -0.40058443647561937, 1.1261877999227117, 0.7582444805549976, 0.39333464886474495]"
"[0.4540060105402784, -0.9534090321633648, -1.0204681744874278, 1.710068026017515, -1.2767066912479867, 0.8650114142558991, -0.7858101161226, 0.9997120079558462, 1.6072775119142138, 0.900993980004072, -0.18043784339598745, 1.0901387600792392, -0.9538577495702087, -0.04228437360085373, -0.35310033915919825, 0.254262219094934, -1.0900000919702844, 1.485967175228402, 1.295356973638198, -0.7245181960037953]","[1.1380781834484313, 1.530978585244526, -1.007354299387989, 1.1985831420709816, 0.48048755033822116, 0.9644917269257507, 0.4795006533604852, 0.47913298334928317, 0.003709234505139056, -0.10916507326233345, -0.09939717244755014, 0.698283076291025, 0.24706498810112687, 0.12892366294197452, 0.6155638260697363, -0.4775221031695281, -0.023126581740989038, 0.30941232309568534, -0.7158428754869316, 0.5893284579905146]"
"[1.7125762489974845, 3.044795741301438, 1.5807706897738558, 0.7442155111374597, 0.24954426511443298, 0.5882629193838315, -0.3890455938257478, 0.034530799648323, -1.2044239402144932, 0.693376395329452, -0.832380747144621, -1.7511861315280723, 0.06864361285257725, -1.3832035405778182, 0.25961455581290105, 0.002666725239396226, 0.10430199822777554, -0.7948249205635148, 0.02564639364092444, -0.27889028386729237]","[-2.14602110748542, 0.8911209011554752, 2.005539097252056, 0.2468776536397727, 3.2587695205915543, -0.6285418185469204, -0.3678476995122539, -0.4277113755587913, -1.3986571010397921, -0.7411789315957447, -0.12838763279297644, -0.27362555578111064, 0.22520243372696705, 0.7352764667269476, 0.2847162554116689, 0.3685022777593529, 0.27571792220438424, -0.2559350715939659, 0.2602103645101594, -0.27370769357012464]"
"[1.7848451615697942, -0.30009620266835596, 3.131837697685323, 1.0552712092996301, -1.675027073845788, -0.004736382624420251, 1.000720742204612, -2.21100593601472, 1.2163557469332675, 1.7696547241556695, 0.03477165379362902, -0.7039623466843794, 0.07625184011147235, 0.9060916267591064, 0.9056996912965978, 0.30591263523108686, 0.82545356298047, 0.4698025915727125, 1.2279494436527036, -0.8851739718693518]","[2.2286717364920783, -0.23798493902385176, 1.5005309950390682, -1.0482814136762137, -0.4349202024845366, -0.14606136779153975, 0.5289850439007845, -1.3648691054119666, 0.7389418978391155, -0.0830452732648308, -0.5158234342963497, 0.1266959690377901, -0.07022578035149996, -0.3146561099942711, -0.326803462884534, 0.5598966071683433, -0.2397932308430027, -0.46349710816767614, -0.3371197366250368, -0.6909729903592698]"
"[-1.0259606396202008, 1.3602647656097733, -1.270907177001809, 0.3585148119727998, -2.5986128406148774, -0.4409176408870999, 0.5471054540405782, -0.6605378746203414, -0.9442983601718271, -1.5089894604211782, -1.3873563425586635, -1.19972636782432, -1.3105962475972965, -0.9239977149714194, 0.7146300601410701, -0.8442873079232512, 0.340910550060923, 1.0187486326487865, -0.23705854960545655, 0.10740891619592972]","[-2.7661712673631693, -0.060166938472009275, 0.9636523301175245, 0.5054297930308816, 0.38400078553108846, -0.515431194301572, 1.3636462507049432, -0.1522022691582712, 0.5158319406289055, 0.7799140660859372, 0.9090179376685034, 1.498947534352087, 0.929553167248668, 0.19166266586515998, -0.8498892008724871, 2.3477447227177537, -0.6659299463419773, 0.7038605520849762, -0.34313324366368586, -0.9948867014242495]"
"[-1.4439023413352086, -2.8296994057300653, -1.9528802423797325, 2.295179544654067, 0.4628010403792062, 0.44309617632598686, -0.7726477066987888, -1.549680095203069, -0.6464820379756742, -0.6761717863920903, -1.4930857873748298, 1.1679998540135503, 0.45164150332751024, 0.4699355636806848, -0.29026352163797214, -1.0441422321272715, 0.14815112896864546, -1.4574489440412373, -1.1346690639755161, 0.04210970798385636]","[2.311238249899783, -3.0930568679430497, -0.6583558794572891, -0.2016883123133123, -0.1399510366501814, 0.09072306210586548, -0.973432033572666, 0.3059296088555084, -0.7744106399760399, 0.16484361535062486, 1.312510145285717, 0.550962441406694, 0.3159181283387352, 0.11280561401312958, -0.5058385226632033, 0.5417320909093472, -0.4989797538656642, -0.5199560899362385, 0.6245353317853318, 0.17041831512192512]"
"[-2.2479026846101755, 0.5058222855632347, -1.7285088824640693, -1.089220361252831, -0.7518984550279517, 0.6556634815741403, -2.2563144560543975, 0.8481621358129948, -0.08443062250266818, -1.4454739325384813, 0.5283932666838685, 1.2607075798683984, 0.6720261437366029, -0.8852704716350014, 0.6943557943676731, -1.0134494415420365, -0.24060898304280756, 1.1204863751394076, -0.29880269018743355, -0.02927753015425555]","[-1.6036979712587185, 1.4912648029876576, 2.0755188212623383, -0.6093083489659644, -0.9454378212086313, -0.02152985976289917, -0.7214537719302364, 1.0878203294226, 0.5845432924263176, -0.6922101641903788, -0.12547310838262463, -0.7983458960307183, -0.47216540138120366, 0.22012681176182022, -0.35039662769391505, -0.38560090618175197, 0.23183998545149268, 0.6480118401187295, 0.09532723976527083, 1.102999139416072]"
"[-0.38899941243160396, -0.4446187687999937, -0.5267292776428288, -3.025702994906427, -2.7928893375469714, 0.2070252445469645, 0.07395975378959253, -2.5983222391582217, -0.17209414950167554, -1.5335859429704055, -1.8120442261291343, -0.7305149205617922, -0.7866535707990324, -0.9022022615235112, -0.38644844800039846, 0.34261802289813165, 0.7260576405480842, 0.21496097351594154, 0.14113076175530656, 0.09787584069804492]","[-2.1710692497338755, -0.43513979958607957, 0.4581251356908337, 0.9767374937604982, -0.7464008603645903, -1.1141148029349979, 1.5134813910287253, -0.7043854182723953, 0.7748827252850817, 1.6996597965294635, -0.3671914578534326, 0.9280898547503745, 0.26320030589042553, 0.4177376333396613, -1.1147926828525994, 1.3818525489190536, 0.7685565257826156, -0.528153801633572, 0.8361706182291926, 0.5847012298910892]"
"[-0.12947534816932665, -0.7592208349698645, 2.9168131471959278, 1.2954078638713689, 0.912594682518804, -0.1922501858358631, -0.1202916749635428, 0.42127063805849924, -0.5359562165678357, -0.47627044809283314, 0.31143787585790883, 0.6523407413870222, -0.140423117414252, -2.0123380511856466, -0.7238806516790119, -0.38812149201873175, -0.6442200413928391, 0.7680514980277875, 1.2205510404383888, 1.2882638991043867]","[-1.518025728090191, 1.2950061256434964, 0.2116790054784141, -1.125621300218012, 0.20992918584396109, 0.13857567959051115, 0.3011157954730029, -0.5767393929693565, -0.3649379364983184, -0.17011654574371454, 0.6093896192293261, 0.926736008526584, 0.6009804263972098, -0.3994752087408916, -0.292531053402879, 0.28304499558230106, 0.5518037202184329, 0.7085852546930503, -0.962639345696252, -0.03912748461269152]"
"[-1.4086399669069105, -1.23354443156275, 0.45036959408368277, -0.7301836594309156, -0.6274821407959564, 0.020614127145699074, 1.0701083144993324, 3.6550022345686908, 1.2266382035006862, 0.1661196269277811, -0.5414256900167598, -1.9984289014996162, 0.2548966132900376, -0.7603470254087121, -1.115669476202651, -0.029366573701558287, 0.2929705203036433, -0.34373714888290746, -0.36878254723356424, -0.4438821710097921]","[-3.801233196160996, -0.30040945125356083, -0.9864010731327985, 0.11615351271977337, -0.575873493346461, -0.550080365609402, -0.4451483170174166, 0.17334191060065934, 0.3311195049490071, 0.2167191986701393, 0.6405072700572079, -0.9164331708673258, 0.10750753239335883, 0.36336418836635537, 0.30188832547778166, -0.3292475131839906, -0.09484980729813539, 0.25578167284164943, -0.5767534519621506, 0.4202092580364631]"
"[1.69170690850049, 2.8881153340392696, 0.7395526134351168, -0.42895403653829467, -0.6465262641304399, -1.473058108572664, 0.924913343348866, 0.26496639024685176, -1.6160690835393088, 1.0273817470292834, -1.0194000239441354, -0.9623568717044167, 0.7450259635813726, -1.8717027274404248, -0.25524833910060557, -0.2246973321883108, -0.6875742272708, -0.6421617703072824, -0.48601986222793636, 0.46588053514899513]","[1.8114462626032448, 0.14481691022910348, -0.05287353483017883, 0.6601709793778457, 0.4010259796547319, 1.4905653393012228, 0.46429592515523344, -0.6834178551747273, 0.5714278751691256, -0.08426755511130432, 0.4332303964397842, 0.17343310786525334, -0.11624817162077684, 0.0235662350974678, 0.6854541636883912, -0.5652421618901331, 0.8306733501672768, -0.024225559044256748, -0.43167825786813574, 0.6056610873009929]"
"[0.1495844832099132, 0.310582261642707, -0.03873844307785838, -2.57160399488013, -1.9913536798553773, -0.6352407770959134, -1.0249945619047163, -0.9476573315287686, -0.12551708255516816, -0.005743321083778648, -2.7088840072421805, 0.4271112459067612, -1.772046562460853, -0.8861713667969536, -0.7082116905092362, 0.38661711766420886, 0.3866148312728897, -0.10837739664363329, -0.09970743887049503, -0.2426796479258397]","[-2.6934983193513617, 0.9681384975170696, 1.5915318048617022, 1.4134501169776426, -0.7349901013429533, -1.014343097192434, -0.6810265530369105, -0.650674173863537, 0.29427919481795367, 1.5759062036565517, -1.1910146992902606, 0.24560772162612748, -0.22382610594631175, -0.17739104317177448, -0.914923501261656, -0.23783163276221567, 0.9053831311289724, -1.0344433361805434, -0.11418051132141571, 0.21221596063427814]"
"[-1.727492367717825, -3.1245511980505074, -1.1275648700545402, 2.8979203617918863, 0.7904558408779878, -0.20392010367693159, -0.06415162685996377, 0.37604172949601505, -1.0022761105758173, 2.763785378220567, -2.585803105191067, 1.6480610744204542, 0.613346023732807, 1.1583893656592315, 1.0895469201903494, 0.38849435703699975, -0.029765376757968767, -0.05050349429279879, -0.5766946059332879, -0.6939441232130921]","[2.1900057980413816, -3.2623558115011684, -0.5688163243819565, 0.23705681235721496, -0.47431486378241966, 0.5191036860229364, -0.7089864555186121, -0.13363848751149182, 0.03073210436868603, -0.28499266935461054, 0.4009883171038276, -0.2148220369556937, 0.05309397587232602, 0.7841679171011419, 0.9230098454216069, 0.026487804293041706, 0.0680943984437645, -0.5608222644307189, -0.8636010804551569, -0.3257310235350328]"
"[-0.10825809298983496, -2.7764951058133036, -1.499827739839489, 0.3873751869599869, -0.0768828797626616, 0.5295398896018115, -1.3708935225491452, 2.5403084656887347, 0.7014045288922747, -2.8167503562000364, 0.19956489140835176, -0.48269055794171256, 0.7919857026585893, -1.084586133671117, -0.47547623926446264, 0.5521255478602273, 1.2683037068893674, -0.18998825194851052, -0.649424136779456, 0.009598437791929993]","[0.025868013293900798, -0.726661167528772, -0.5320055458673342, 0.6879949137275613, 0.4677577379456098, 0.7459052757388778, -0.8192167582222527, 1.595787135135965, 0.5653141297350521, 0.39516713849388135, -0.8677360127418607, -0.4717190848189069, 0.5110369933350591, 0.2658540013153421, 1.2639118970976249, 1.235636479705314, -0.2634922232886041, 0.7195059248522414, -0.5343079673210933, 0.6751973551319044]"
"[-0.4143849843519959, 4.050686498497809, 0.019588858219725676, 0.8045128935912984, -2.2387303444164277, -2.8559643687250458, 1.6322292081952743, -0.5679859782328825, -0.4771262332859587, -0.8404421616321835, -0.5345394065852895, -0.3400993577644566, 1.1316853614557372, 0.06195357164705836, -0.620537333141695, -0.9465859953324031, -0.5126919039567234, 0.016374251958579597, 0.7226534961032806, -0.4132473486849785]","[-0.2682877128997355, -0.1462417025958598, 1.7350407204934046, -0.13427450596392698, -0.3877793946598463, 0.12351044141857781, 0.2570640293041028, 0.44884853402237157, 0.2856219488314771, 0.030614590992967365, 0.1610873866357466, 0.772239700514321, -0.24742634528665397, -0.7212446567330777, -1.1730924674897953, -1.4189300349532024, -0.2453200580790413, 0.15272426595618244, -0.30840430093670523, -0.2607517153490455]"
"[-0.5490917304869135, -0.623091140462061, -1.9303095888577462, -0.4152377275727004, 0.9747976752820555, 1.0951217085372231, 1.859444841046662, -0.8070211716750099, 1.2134891581794753, -0.7336521647737642, -0.6563605810056562, -2.228671178731999, 0.3892463144703757, 1.792374326603032, 0.17140250309805322, -1.3957485775274179, -0.1368153839784785, -0.1150742001173218, -0.6506989271257511, 1.746307550263747]","[3.6310711052291125, 1.2541069265029117, -0.9506650789491995, -0.2597145673347956, 1.0651103535712563, -1.7676234798169979, 0.010387799880272414, 0.1340327045471534, -0.08339447541259389, 0.2821430231850814, 0.5269186232351717, -0.6480397720354634, -0.05490321444969267, -0.49659620503048957, -0.3592554585721166, 0.012746155962322996, 0.2636827676603904, 0.18153120520641206, 0.1965609962055398, 0.06429275821115102]"
"[3.127624085042112, -0.26792040473587786, -1.4550329257010555, -0.8814330197012586, 0.5849246679726279, -1.9471770842639624, 0.6426144068201838, 0.5939556662509454, 1.4152804494455342, -0.44632221342133555, 0.6169716353647805, 1.0333598117091523, -1.2771578982471037, -0.4733884000635355, -0.8354996271538762, 1.167885648961209, -1.103282057599916, -0.5711830431640547, -0.015315571465349684, 0.13434757253451113]","[0.39495225805614503, 1.0985819813133175, -1.4691847320709894, -0.3842478361829042, 1.5967545504046528, -0.7743981260188556, -0.5897990002890607, 0.7060081988763267, 0.20693364115713608, 0.5162589045162382, -0.20981207732414484, 0.17544202711755547, 0.926021756961298, -0.39042903239385013, 0.05517219316430538, -0.40321044239072357, -0.14366006412019855, 0.11322008172966641, -1.3531665855083417, 0.30645278760320543]"
"[1.9215125764292744, -0.02321078905143935, 1.023357235342581, -0.2872045045068943, -0.43796828660083625, 2.626677269213178, -0.3904009251375631, -1.4623335835009512, 0.7183043662705145, 1.212604525828555, 1.1990063631642047, -0.18251134941569308, 1.9114388141003704, -0.8483441217638131, 0.9336320424342766, 0.8894137370524441, 1.114759750100453, -0.013358799850432476, 0.8035304681465508, 1.0694659667179798]","[2.5105884219274386, 2.783694303300262, -1.3355050334602208, -1.1176973944503612, 0.43284296684030416, -0.6298155346061038, -0.02557254222746679, -0.0313780964339129, -0.41424363075123277, 0.27677750312424815, 0.09173584515725457, 0.7875472157504226, 0.08917030460534, 0.9383302584054638, 0.09436426076334391, 0.14233045322129967, -0.8723912064349629, -0.4432291115508146, 0.024648511736065255, -0.05330438387369483]"
"[1.462567532001826, -0.5319585422205411, 1.7300180179279934, 0.0011336134333142151, -1.94587403357378, 1.4368703606253184, 0.9027293824095413, -2.412011331492552, 0.7980981601786501, 0.8138947452154874, -0.02783483807642897, -0.00769858298961154, 0.3289849000000707, -1.0915018192886277, -0.47577321125520605, 1.230840683024983, 0.6484099362374842, 0.6051434512103592, -0.27596835379030793, 0.20811294968884766]","[1.9793135194664042, -0.04353197215286876, -0.06175989820704195, -1.336291837392512, 0.6440568988814658, -1.3635122001133069, -0.2851830667497281, -1.02046945216048, -0.15100684177594548, 0.5505883750951317, 0.4794319159280095, -0.04635382324076547, 0.13885850707487057, 0.05515621805633079, 0.3561944665417078, 0.06928092295974707, 0.18996816590872237, 0.12107090728623869, -0.11380491894465268, -0.374373858586996]"
"[2.918527432862043, -0.3332300618304354, 1.674929991061303, 0.28537594366044977, -2.4808020548698653, 0.0016719904906387006, 0.6325227951073534, -2.324903747957742, 0.8136278390028719, 1.105467120184141, -0.3488690218838908, -1.2384094911397816, -0.472487439019036, 0.9268282033278922, 0.9625903760108414, 0.449393918754379, -0.3486065203738554, 0.33305482662146696, 1.6048326182859336, -0.2048924230019589]","[2.2060984999371924, -0.5165536861102785, 1.1718202003598, -1.4188543866140833, -1.2642225373939857, 0.5504604015118115, 0.3043554543250226, -0.896399996861691, 0.9087064442179997, 0.47951172677908344, -0.4834301080320437, 0.19815346265430347, -0.06142112817848284, -0.8994222249784897, -0.21712052240194468, 0.16023290127727718, 0.143238248470626, -0.1610511011940518, -0.1303251693916722, -0.8091585941324904]"
"[0.3171782439065077, -1.706649931323585, -2.4503601668953956, 1.7461880884638057, 1.2475888789641967, 0.9337159947169142, 1.1432507680700945, -1.9744565592271015, -0.041821818147966816, -0.49957674178366807, 1.4406519996098588, 0.7689445173176993, 0.14171442562108905, -0.5035382495932959, -0.08256145612599161, -0.4472937362590075, 1.89264619597595, 0.7739327655632764, 0.44201438071827465, -0.3021426508732088]","[1.505966972753207, -2.4030439199771068, -0.6485355868459153, -0.10298464989252148, 1.0004539001854778, 0.41226564112815317, -0.3224193589629366, 0.49807163508486757, -0.2332088326441399, 0.15829483076530396, 0.5486282389390245, -0.009782426103387745, -0.6119716725663648, -0.12268236991053035, -0.31299862856306243, 0.595707342744536, -0.7747871188726885, 0.33408477950383947, 0.5871731630016978, 1.352665854978094]"
"[-2.042538027956495, 1.5227693062981913, 1.1016816817525488, 0.5674684485024687, 2.526793517634006, 2.11560723982733, -0.1712185442747514, 0.28145457056808687, -0.3877599858560471, -0.48380653494492354, -0.6319109546859816, -0.7383386977615389, -1.557254579811277, -0.30069645838394676, 0.9059957280176525, 1.0446441879683237, 0.3046385152807309, -0.9143251122835542, 0.44353609280588635, 0.70437962086577]","[-1.9351544662024502, 1.1882694791594068, 1.8701812063598353, 0.4646758928959276, 2.6714651872332342, -0.6611745420036584, -0.28646719572729834, -0.8976740954659499, -0.5925084712486278, -0.9160612283293127, -0.1622947667592916, 0.0407265466567242, 0.0036503125335397486, 0.5128555230750826, 0.008779424684157268, 0.20144543504797113, 0.11898889078805014, -0.4178721456902725, 0.136752462615957, -0.1982146237549137]"
"[2.4965278083015976, 0.06668788728253869, 0.8336840477849966, 0.3700943850861779, -3.1005907198061564, 0.21376280697608116, -1.5278546015296248, -0.7493980519132475, 1.7887701227679422, 1.664793665025278, 1.4533862050531487, 0.6860261719754843, -3.0835319537499037, -0.3333122907144652, 2.2309633829159328, -0.7170323490098377, 0.2842230564989018, 0.4910000902786767, -1.3838432194875498, -0.11896675246673569]","[3.0779061267109555, 1.886873013105347, 0.1945299792501227, -0.5885550111065354, -0.9678353195715707, 0.65341137635485, 0.13081918782334429, 1.5621372383126995, -0.7116416445416177, -0.04735046577574692, -0.1903155351810413, -0.4778195955728261, -0.11791184274880367, 0.5653021003090265, -0.9977806374001617, 0.8599326537321379, -0.022592362437730468, -0.8017976482420012, 0.03375814188314261, 0.05897619395675879]"
"[-4.086822103438139, 1.0020490238518958, -0.7901169461138355, 1.4946388395740178, -1.4104146064255414, -0.8707569058621002, 0.4324166102006505, -0.7983433501452359, -0.2860076145112433, -0.630173635990296, 0.7995956188057824, 0.7028158003770131, 0.234418703353986, -0.1682534086111843, -0.07356685010707732, -0.17781099506958828, 1.0221075933720383, 1.1654180330643698, -0.43509840944441425, 0.25077997256481344]","[2.9469472217973203, -2.7373009310396763, 0.4647351644298397, -0.1540950380218452, -0.665166708904901, 0.06155517905598239, -1.0115185638643511, 0.045098530461327974, -0.054851915708246136, -0.5138949848840011, 0.7596272501195652, 0.2602813583322198, -0.14843929886564736, -0.22317091635105724, -0.00013889889259323845, 0.2992047336067065, -0.32548220812077533, 0.21972702845545997, 0.5860440738284483, -0.39542768941308876]"
"[-1.4183887992242734, -1.567327539108513, -1.9730296658999684, 1.3811093626789375, -1.3883446151136851, 0.40771008294261957, -2.1089027879798623, 0.7509589820253753, -1.1557030129638837, 1.5986164018245983, 0.23903272258081118, 0.3182845178592955, -1.2158886131951618, 0.9404095065024347, -1.032045486950188, 1.6771292651432481, 1.2601809195057605, -1.0120682179120954, 0.3571868650187338, 0.7575709723437913]","[-3.027270900316475, -0.20851980133284573, -0.889025503417017, -1.144972717787197, 0.10450067444387391, 0.9162759602123773, -0.49875359128788654, -0.15586935194889523, 0.729019143415439, 1.0017813238445272, 1.0857395544064965, 0.6183933289284664, -0.2915196351549895, -0.8740127417873397, -0.29238850268646793, -0.9838306195073637, -0.6553421995104634, -0.27964547466859774, -0.34508301213083875, 0.40949474112721773]"
"[0.1609801970930489, -3.196088075337471, 0.08032885195123073, 3.5498665408645986, 1.4247704632173221, -0.11661719169361458, 0.39631958198733824, -0.6812462770532867, 0.64501602172652, 2.044878789390834, -3.0115481183896944, 0.9889995300327717, 0.2775956306451957, 0.31585760124435924, 0.2326115106537539, -0.8788911627924896, -0.1207530540623484, -0.9186558229943184, -0.1635133893582292, 0.2772991994822836]","[3.4963835634773828, -4.363142804586536, -0.1563548808922932, -0.0612153553198208, -0.26184186654499547, 0.42648774429024994, -0.7714268688304583, 0.1260015505744839, -0.1581816829631754, -0.17485604619797132, -0.04242561109999727, 0.30895161027761636, 0.4601930384818033, -0.2241688014590894, 0.6882783337047477, 0.5070287977467909, 0.043756061227398245, 0.004349283620350445, -0.7420212182774008, -0.4681690869785658]"
"[-0.6478093771455958, -2.1812473980187863, 2.480066843241609, -1.2385290274873915, -1.3236438378520108, 0.8208169953554071, 0.06687022384519406, 0.9072784112833086, -1.7053112396429988, -0.7436182420654149, 0.3521454188496815, -0.2733324750090351, 0.5116809491354914, 1.2171091693276423, 0.7010960898912582, -0.35458015554663835, -1.974900989405275, -0.57958177100551, -1.2921325171309788, -0.4535736869996573]","[-2.637452347386932, -0.5961623071139566, -1.611466049727367, -0.43092854284708765, -0.3974132145315327, 0.5722538955330162, 0.6862442274790338, -0.39553045561454186, -1.8166749934159856, -0.48250389719897474, -0.9127643012659462, -0.4072548758177249, 0.12357004393910598, -0.7969908213046769, -0.3176233226994263, 0.9219123066424719, 0.15350937185296415, 1.982374261606084, 0.8567247234894732, -0.9764956747875232]"
"[1.6669343608884808, -0.4127042779291039, 3.5877828377474454, 0.9354404533368754, -1.950460313333187, 0.47495840124515737, 0.26078386856663494, -1.9951851365592226, 0.3286535304073862, 1.464833392016148, -0.32405984580937863, 0.33100471014800054, 0.8588142084939059, 0.544380316439489, 1.5421842103419792, 0.5874848920935309, 0.5800092386005121, 1.624652593323827, 1.2447508079474299, -0.7108255088322177]","[-2.40178630100226, -1.1828090076201179, 0.04041715454792994, -0.36439898602409737, 0.02570234230142973, 0.060942048817190834, 0.9582872420552314, -0.24780892631739324, -0.5170025477516739, 1.3083804431685153, 0.1852832697728016, -0.0836758970266736, 0.39672276492867653, 0.09461838582593492, -1.149716410133417, 1.2484526302075025, -0.3826106953918706, 0.2888481851948933, 0.7007718290523917, 0.27723559201584386]"
"[-1.7555249342943273, -2.239926250046433, -0.23478229753107102, 2.4441360878190364, 0.2819204118685608, 0.8827026970388502, -0.2835268640902382, 0.052708619474747476, -0.1528198267063553, -0.7776479989780524, -1.6639639691635861, 1.7133012895317543, 0.04527207882661799, -0.8662818273466554, 0.7802681412778171, 0.09307258486217328, -1.2730634914431436, 2.0418027976890385, -0.5998505176939095, 0.28966915237031393]","[-1.1282977266922383, -0.6398978732800201, 0.16341679033377873, -0.5604716056805513, 0.530980559793428, 0.2874159858642792, -0.8436281005593769, -0.35023620388684024, 2.1585476937880057, 0.1564185823036178, -0.5942602346233433, 0.41866297747023334, 1.0434745532283078, -0.0743868780016867, -0.662150510763612, 0.08812583670724, -1.3972691344224257, 0.25058582336772767, -0.23384112799783777, 0.5230664655952527]"
"[-1.7924641534557715, 2.3597830304118586, 0.5650276690197131, -0.838082373862398, -1.7443722672669788, -1.386741424837621, -0.142598732693728, 0.1678922913470787, 1.581742429763789, -0.3591787506552916, -0.9182388412627618, 1.6680536938826258, -1.364323442179497, -0.21105547027009827, -0.34284644922278557, -0.599595687271179, 0.13855548301143134, -0.5728785733861553, 0.022430839957096476, 0.5011122224522795]","[-1.9195367393850453, 1.5309233275605947, 0.7337410342857811, 2.4955741873029367, -2.0229207194361676, -1.0377891928827652, -0.38500801312542327, -0.07911203555515099, -0.12679108278522497, 1.6052504843511166, 0.3210600805794338, -0.6417130107960973, 0.23698437092915842, -0.293393249688066, -0.05846434095704101, -0.6867750060431376, 0.32610462112551064, -0.3092616059445842, -0.00035833815364508297, 0.7311715712869484]"
"[0.9482426680005143, -0.45413149319600454, 1.4401242799912857, 0.3192543744452318, 0.7187567647826314, -0.27257148272282217, 1.4690771648512222, 1.0910726036070608, 0.12728931779356745, 0.7192165204395251, -0.1207472249882002, -0.7799392563388128, 0.7277832547883519, 0.09811502383904969, -0.9029999445991768, -0.46511971960306064, -1.0597024581170265, -0.5583826492781035, -1.4873071676999465, 0.48409899609035534]","[-0.01691118536144344, 1.0552021393113626, 0.16344452487721797, 1.9806316441565242, -0.7100948055250966, -0.6623596102986247, 0.3645849115945805, -0.7153944323302889, -0.5452621062581828, -0.6778998194857376, -0.3043167140308062, 0.17007495111176119, -0.17702923281218932, -0.17731726640359483, 0.5912049438495482, -0.6212774170220771, -0.27848380931261785, -0.3112483217849637, -0.663226577509595, -0.5125119765877566]"
"[0.10270260317866046, 1.9584566559335561, -0.5800301007649075, -0.4091977926587038, 0.6500330008865501, -1.266550859672857, -0.08035942612925703, 0.291060933103922, -0.7803162045590082, -0.014062733222073149, -0.6538736440996756, -0.36457253867733286, -0.3117848238809469, 1.086609900211793, 0.06993519049591358, 0.21316983765217673, 0.14956034942471702, 2.0503639741850406, 0.5215771908226303, 0.7026341441160413]","[-0.3524962105987573, -0.814535428228337, 0.5889273199875437, 0.8236257642094775, 2.4275586331076235, -0.35090901294263654, 0.9190461030805509, 0.6225552250017022, -0.46233870911151215, -0.8146784204190374, 0.2224315216450547, 0.7932428375929937, -0.642040446855789, -0.3645212731586369, 0.14252752406441085, 0.4497743768474678, 0.5304810613722016, 1.2847708417311112, 0.23554042753886797, 0.7790244168800486]"
"[-4.243280096970125, 1.5819409610338468, -0.965946462648921, 0.24619612706842092, -1.9050670396853802, -0.2133137502192065, -0.5429918207297533, -0.9001042014244091, -1.126350749984019, -1.2084293683141267, 0.878321622288602, 1.2335050914902295, 0.9910320415574925, -0.2783541709869658, 0.5999676829016172, 1.892726783959286, 0.6491427645423535, -1.2059803390949075, -0.2713049369715185, 0.8934623866720544]","[1.0949948148011401, -1.739558108924355, 1.4118319655728113, 0.0988948352684892, -0.9638053743563871, -0.7518350825586574, -0.09794694594526487, 0.9693601292103671, 0.4773974706905476, -1.5146804114895926, 0.050408583003752776, -0.24501912800916573, -0.36155664218345024, -0.4655495555065363, 0.5996564459937812, 0.4029273259111146, -0.8879794030435695, -0.2614980470445563, 1.2264416138554526, 0.1110091887579962]"
"[2.6760569378526085, 2.19982154537404, 1.7520343296565848, 1.6923701540696807, -2.1180484521005822, 0.38067953410261934, -1.2940776864161747, -0.09983726389482427, 0.47347293765754933, 1.2519540320979634, 1.2702066394171199, 1.0112963500803818, -1.4354352862789748, -0.7548126402702555, 0.27870976867181674, -0.574020049872964, 0.3028573674256214, 0.5489203975020505, -1.0164694412457673, -0.48851064343378126]","[2.041690551761593, 1.329110844668138, 1.3401533804691592, -0.9763919242416521, -0.8929514914507716, 0.673115866675648, 0.22200659302952344, 0.9962151775758906, -0.1836458280833031, -0.3441080864810448, 0.11750126354181716, -0.7782049905350042, -0.2958900650188571, -0.5343299375343268, -0.6229193569516908, 0.3647696183451526, 0.33343047410713905, 0.2699794267491622, -0.002850118209316575, 0.0683444593597552]"
"[0.8913539557075225, -2.992689061450938, 3.1501993430785324, -0.484998961997523, 1.0518348436884293, 0.601507448820113, 1.7456955268398238, 0.2361941676558366, -1.9655101966858441, -0.46096098489957277, 0.7391552210319259, 0.47209260902721173, 0.12916873984759855, 0.20904394332474152, -0.4155840519269886, -0.7378558331480266, 0.27260016375117774, -0.16606130452502302, 0.2446209315651255, 0.0901364761103643]","[-1.1686840429330423, -1.608375132619094, -1.4834565839174965, -0.8144667014761191, -0.9501442141755376, 0.19968624574112384, 0.3855692893022729, -0.4727650241609073, -1.679330151068436, -0.7420597079381108, -0.3817734454690642, 0.12948725964585872, 0.5653518778867659, -0.22787829066266388, 0.26088138995727683, -0.17412732437617467, 0.4336893640164315, 0.24777840267477838, -0.3755056808937709, 0.15268871709912388]"
"[-1.4326106635431348, -2.436952627978639, -1.625079928958828, 3.2216560942957693, 0.18946527972640456, 0.040681204435875556, -0.9719208056200546, -0.2857181157660639, -0.4947155103565145, 1.3821836238121343, -0.9391050712005451, 0.7335535615556464, 0.22171697733083995, -0.4926002963045474, 0.022961866672589152, 1.0912409436727601, 0.17858450854076358, -0.82124256914332, -0.4252332617793841, 0.19298492804076373]","[-4.506402194046385, 0.5368713553297096, -0.5831244724035342, -1.1823210879298471, 0.4156624062504343, 1.0797937301122993, -1.711961221027348, -0.5838601214407645, 1.6221547713623883, -0.2571894226803715, -0.6575843287428237, 0.1977948872774116, 0.2224482247071739, -0.4073911288620547, -1.2040957295059465, 0.6735568043992585, -0.17434840361115322, -1.12541605627488, -0.18605022711598032, 0.6833737235105103]"
"[-0.11541692862090938, -1.6367462140983364, 3.220575398231963, -2.230781857110029, -1.0516236274674713, 0.7686811005320211, 0.05390019966598396, 0.5437306203373443, -3.2527789611358133, 0.024625035849399048, 1.223313303615993, 0.7045107289586964, 0.2516947290680012, -0.102185451452322, 1.0840959053874042, -0.3034447886851028, 0.5470389740917524, -0.37502883697515244, 0.8720452686601853, -0.7078955629554807]","[-1.7347811373483741, 0.9200193115628336, -0.36220103847821106, 0.5096175106530169, 0.5416792157333727, 0.7617283087063997, 0.7089514796928309, -1.6053877219011476, -0.5488165282294024, -1.082578269531461, -1.7096259296054086, -0.11111003196060189, 0.846407854253919, -0.2622729112375704, -0.611758119812256, -0.7492469505154016, -0.7849924290605796, 0.08494107407371097, 0.37399145604302575, 0.039249592799512095]"
"[-0.9999743819273625, -2.1335090627047557, 1.7759189450661241, -1.8575209230378826, 1.6767348917789933, -1.385056076217004, -1.268543294602109, 0.2292963959984211, -1.3729461244075987, -0.5176741658459266, -1.051289480887837, 0.30494270490831765, 0.6481168250047842, 0.25178228064228675, 0.6373700143753108, -0.37755019638975823, -0.3565250364444563, -0.7592579393610681, 0.4660176731896474, 0.2048157825929716]","[1.0781188813722886, -2.6612263080782026, -0.632854354521202, -0.25860932790311725, 0.09852925292718971, 0.020691133041584722, 0.13237236796742605, 0.21847321955634308, 0.2963348675273658, 0.7511836129022932, -0.5892623097740507, -0.026741275944662014, 0.10731088515714668, 1.5376074339222225, -0.8654370810890512, -0.7996066139511891, 0.73688901217113, 0.38557603008373437, 0.7052260931256882, -0.2675215941447373]"
"[3.0943634869823233, 1.991154911449881, 0.20404246726343414, 0.9477379005140488, -0.48326247446027226, -0.4113688044834691, -2.220307755355208, 0.43339645856964226, -0.7097762362608749, 0.3731542260753398, 1.1416514726567137, 0.020187998095348554, 0.2110267004207905, -0.617896982068507, -0.6696324746740986, -0.802404123065792, -0.5591868078383402, 0.8469226116589954, -0.7764488098124944, -0.6413107586318028]","[0.1668741512468746, 1.57866508385489, 1.7835210550697993, 0.8565697955123494, -0.11133236521009406, 1.292802964452202, -0.2173386451829908, -0.9660356670236947, -0.5361780339376281, 1.8604186281273005, 0.7487129919302287, -0.35240757616029084, 0.11707378319300925, -0.21970985241511826, 0.7846104834132653, 0.13820851588447047, 0.2934502293141613, 0.6417641982626778, 0.7453370414055791, 0.9257084005361704]"
"[2.1777573929209506, 2.797681312076945, 0.6638148555683321, 1.4423571763819898, -1.3717599680106978, 0.03589648343290036, -1.8994281695633402, 0.41601777342044316, -0.3930605432397971, 0.04521852885594765, 1.2998919113535117, 0.06439940112603057, 0.31722929782377995, -0.7471217677953995, -0.444057544998448, -1.2038065544762628, 0.015210465178729116, -0.4541247521097562, -0.8563599049147773, -0.7398140706086901]","[2.1955762416114677, -2.335375395462638, 0.33296217896101205, -1.3085173849352767, -0.5452752729216617, 0.0664721163137886, -0.3141707413348426, 0.4611216472462449, -0.9047294722992368, -0.20125955475317944, 0.5911573727216026, 0.44169890765396236, 0.1594162546926029, 0.2645079302423337, -0.6222738015489678, -0.6410287457420785, 0.8649821491574226, -0.26362115256002827, -0.47079437418815295, 0.3812223311770365]"
"[2.3501673810685997, -1.1651582647889658, -1.1409881896111753, 0.019652298269342113, -1.4126250159394826, 0.4635027977550922, -1.12253138602609, 1.978637748662482, 0.921939295307199, 0.3402331581403381, 1.1163249621043019, 1.3665680433333207, -1.8880774329407692, 0.04495955927944192, 0.27370847789926045, -0.38608375269901274, -0.8402223682060607, -0.7383601656563922, -0.27850434817746517, -0.713814118650451]","[-2.6407865202780143, 0.03356458782325882, 0.2379483749365498, -0.5178401649215353, 0.3467521947797326, 0.060125395115318066, 0.4295008787576271, 0.1641500988771117, -0.16836852373583108, 1.6792067432848146, 0.02767233399958105, -0.4212963202730593, -0.3181937884304404, 0.6235926897483013, -0.22924750185353018, -0.11154032540935463, -1.2151683053293394, -0.9264294617680965, -1.1538139085191659, 0.5129834359384443]"
"[2.3368404085786163, 1.3354288991847816, 0.0664100917885567, -0.9187965506273038, 1.287739049148644, 1.2312985281022215, 1.4627273098297615, 0.9174572114410349, -0.9367143502268273, 0.5008051632317045, -0.05899341815584128, 0.5336797531434336, 0.3417353080285615, -0.8807923513804425, 0.3778743340486215, 0.17840060438550714, -0.5663121282875254, -1.2535027126768366, 0.3421718857175319, -0.132691450013072]","[-1.2013812484138884, -0.6904462919825598, 0.6528517529171576, 0.19094444887086864, 1.0549623972515811, 0.9322536875781027, 1.6351654067421733, -0.6284936669884903, -0.10235970701388303, -1.1864850397655544, 0.7210227232703827, -0.21735613894722508, 0.18466519678150498, -0.934996826118138, -0.26714855732418663, -0.11494439740905599, 0.6944216137750948, -0.23300721719107945, -0.23772874907596545, -1.570587645420648]"
"[0.916774040351004, -2.335796428180397, 1.9860417264274104, 0.12792757011771977, -0.8488199401680822, 0.9351221939060735, 0.2843811036370276, -0.9808728635167938, 1.3178590531397565, 0.09571791976677356, 1.1487620662494853, -0.29945356419172814, 0.8047751135295226, -0.655171785088806, 0.17635649398395667, 0.37383924804163937, -0.8372593054853915, -0.7649456789601872, -0.4731438704165409, 1.123238480237519]","[1.759576624455537, -3.2880137578109303, -0.572679582031718, -0.35500110030061216, -0.7328323365832929, 0.38240141055711496, -0.15632866508774235, 0.04316175046292464, -0.20788175428245542, 0.12906542469346877, 0.1294389337683123, 0.038180050556866074, -0.0021412678161391945, 0.4048061541916993, 0.2901917418294791, -0.0368955779724764, 0.8640919577368034, -0.1854584788075144, -0.6733146634929283, -0.10248440052627401]"
"[2.2695784459027553, -1.1525144450777314, -1.6747672096807809, -2.011756557666642, 0.6361625600060895, 1.561779562971982, 1.958300261522301, 0.29392838878405997, -1.1376509996244952, 0.328009500906901, 1.076050657771916, 1.5121354148860775, -1.3323219925816214, -0.476657353259571, 0.7330961587079917, -0.6791196692422204, -1.0452325094369777, -1.5814589222406747, 1.4291585661635373, -0.3706379907057524]","[2.142121592927134, 1.9858843774186736, -1.4220875472032304, 1.331051556759592, 0.07291999071624554, 1.5819009623934688, -0.08437323289481062, 0.08101722607595074, -0.0026156369473966127, -0.25696167017134725, 0.013144762642275758, 1.0698815028190152, 0.2792282501805256, 0.4810730323009785, 0.02359971126668693, -0.1522577567823773, -0.28802477942217086, -0.1895306414880334, -0.09398411698997287, 0.14831701434655126]"
"[-1.7472622465473957, -1.203191425253984, -2.9343332567334977, -0.2509773716715163, 0.42415809074573796, 0.19939719302020018, 0.18157532485312589, -0.9455395101928477, -1.4819792575518071, 0.5237918460810242, 1.7017865372175276, -0.9598481545967785, -0.03522154442207086, -0.3520125922762291, -0.7494259409238127, 2.3028668124305183, 0.12095388728020282, 0.18360364768699097, -0.5371534321840856, -0.6303782709581118]","[-0.5651888685871823, 0.9151082159363232, -0.10399164325180293, 0.0448090147622047, -1.410220554957598, 0.5376017460620527, -0.7792826650254311, -0.8304965246216907, 0.405692663052781, -0.04140272541913833, 0.5396630515544997, 0.5241830664019271, -0.060733770916782344, 0.35800215434638416, 0.5512426254342087, 0.2677558780269416, -0.5782820634580377, -0.0015828189193884924, 0.5903097563254123, -0.04138393868452362]"
"[0.21696140894610835, -2.3646141040186786, 3.4059919027534473, 0.16998478310270385, -0.5548924297495644, 0.9890363585422297, 0.7828369189035674, -0.07911319084885629, -1.1974805715845867, -1.1870298975418552, 0.6455515705018016, 0.13476062380079443, -0.2563489753042405, 0.760994795542273, -0.07882711164190893, -1.097474354687034, -0.6410759038101659, 0.4651108578624752, -1.0579113694724505, -0.33627152565652485]","[-3.1018339598766396, -0.45295084750908154, -1.535968107439009, -0.5734604868618137, -0.5176079808197095, 0.5131165970615332, 1.0782512303784781, -0.340941923337931, -1.9130626113251994, 0.8869849942810316, -0.9482938940907606, -0.33373149292743676, -0.6050031558280753, -0.34752930138179283, 0.07308104956061938, 0.5255415817128146, -0.4738842433358898, 1.171837276392415, 0.1486393750771113, -0.015274581270576341]"
"[-3.7404339541819196, 1.8554062165322411, -0.8228781823956027, 0.004811990936170614, 0.6812459560803744, -0.9375580532434559, 0.9941716130384879, 0.2630563040674333, 2.0236523570651217, 0.5741774332979506, 1.0317233792736957, -0.1293162844747749, 0.9678075898808541, 0.40580520905889517, 1.1872274295979917, -1.2907221555233268, -0.5237386550456803, -0.9057727461831819, 0.04136616475777146, -0.1889220052208797]","[-0.6423257837532065, 1.3650823382762707, 0.4658387327331186, 2.221202962410504, -1.5743990430482127, -1.065119610079419, -0.2192502752136333, -0.583259872784915, 0.5922381460283214, 0.08087981458887866, 0.19258580347108073, 0.5712891138511205, 0.11117686664151637, 0.6485427358349265, 0.09417006429207878, -0.9890141692227324, -0.6407714771122913, 0.03382812418590733, -0.2304456245989448, 0.6912093982572837]"
"[-2.3432317681880503, 2.7767267394828496, 0.4995065919526742, 0.49176391225945, 1.11801689694076, -0.7529359844401471, 1.700606089516635, -0.01697326922229514, 2.381049595903692, -0.9516730788782986, 0.42175411908330707, 1.5551439251789252, 0.20921319655689175, 0.8605638619162594, 0.16732454990688922, 0.005962717382316422, -0.20388176565973753, -0.8877314653022744, 0.21289045186611774, -0.236876739383533]","[-3.0366603020243725, -1.0543837019601945, 0.050076058921450596, 1.3849872623809103, -0.5253699500285716, -1.5050267903836851, 0.32054444908320884, 0.7898475357765599, -0.6842880315746062, 0.12702589330246286, 1.076321936396094, 0.8304154957849439, -0.7823170109471915, 0.29168239818275704, -0.48791516834751036, -1.1139917322565713, -0.11761589624425738, -0.5801736829376571, -0.6717231382325115, 0.7589879010299942]"
"[-4.119667033839044, 2.0056522572542725, 1.0604108246782908, 1.1231531756880697, -0.1313724564345467, -1.5281962530859845, 0.1435024719358018, -0.70707672777957, 0.43985750300998394, 0.08992965059881186, 0.9151490098043621, 1.2797180400350892, -0.04514771876350397, 0.45387530622768063, -0.15866050638106577, 0.5112059509749992, 0.6405693932258572, -0.4507792877656563, 0.26759016939393265, 0.7082481483047512]","[-0.5974887856743614, -0.5062002447383728, 0.8058903534901741, 0.3852243679163984, -1.175087711517943, -0.9830263874892068, 0.08413656366128185, 1.2040534091749349, -0.06945969653535436, -0.9615545815815181, -0.1717658440341999, -0.8152144544149146, -0.49828577450440836, -0.15279995588912845, 0.4160352250575913, -0.1405157357315563, -0.7255463002039962, 0.2371336936425142, 1.104859780381429, -0.189704213559158]"
"[-0.6083632369751693, -1.011794276153335, -2.8187396566418887, 0.03512631824796453, -1.7106670997354596, 0.9941593704141306, -0.0717620475355657, -0.34161277873379176, -0.032201329020275025, 0.032713868424950256, -1.0134557442322778, -0.9381492493754561, -0.9527323741709827, 0.8266120710599354, 0.38586699617622655, -0.03514459857402803, -1.923978872068092, 0.26910048918941193, 2.310357276192994, 0.3779882060605122]","[-2.656690354517553, 0.5475808127804102, 0.5544394521812717, -0.1852722842023288, 0.3202699580320688, 0.7770842433579813, -2.387276424126099, -0.8435280632260281, 0.6571905480183421, 0.4604486611150752, -0.38467779966173415, -0.4241723028463967, -0.35541752791235676, 1.0407599974758803, 0.8799547896824472, 0.3619783029624308, 0.5548183483755637, 0.5597231311913067, 0.12849188776267984, 0.4841119274921738]"
"[0.07914428238600225, 0.21988109519347837, -0.5974664398876617, -0.9244251294855256, -1.305336340240957, -0.31541804593996076, -0.4665075675758753, 3.759097114481839, 1.1683540357825128, -0.041853245595276936, -0.34697360152794654, 0.1023835086537186, 0.9354116490414363, 0.29183987930967564, 0.7705762196020811, -0.32086170523856977, 1.8304988386328058, -0.8027901882629241, 0.21173745238210656, -0.09106782644613345]","[1.655438982914646, 0.07609190040579371, -0.8922332499339715, 0.5922526500778337, 0.05451938501221496, 0.3103964766168922, 1.490067560885725, 0.3841499542391274, 1.6419975411216987, 0.5464320300219337, 0.0028751816761107343, -1.113853579761927, 1.0840210157589205, 1.342438427436357, -0.17373291240409272, -0.23991796371776042, 0.4940129202458976, 0.49493676881284354, 0.13096670231264002, -0.8808587175425702]"
"[3.155558865841991, 1.2840390849911718, 0.49669032486372955, -0.30213344802687575, -0.3139318842070762, 0.463349330387383, 0.9189896202894081, 1.2039527487320503, -1.7366325052874065, 1.088827105571653, 0.5491038215285602, 1.251211550164845, 0.9166147592991468, -0.43612279153493283, -1.4166728881477417, 0.327294300795379, -1.0328820801958263, -0.5017861011406763, 0.33676784504517204, -1.5246351462986163]","[0.8715791825600965, -1.8970251547275876, 0.829051902889172, 0.6247055792087787, 0.9261330434271676, 0.6721062927484182, 0.8746144341687968, -0.1686818474954217, 0.5204935317561586, -0.9053137311277916, 0.9811912098176945, 0.39848443814647655, 0.7819967371469918, -0.5569608417957526, 0.20211332315026959, -0.6246710905516519, -0.03567031569867861, 0.027028694628175972, -0.542109844347483, -0.7973079437718098]"
"[-3.230365358067777, 1.45917635134779, -1.205222909039727, -0.03186477490664877, 0.047723011451102866, 0.21261088552244747, 2.014751202144277, 1.070107857800265, -0.7177527015522523, 1.698658455552006, 0.971625304514134, 0.9860544091698774, 0.10617253117136036, -1.833776992751154, 0.13428640574395445, -1.4746632501526675, 0.9824151347521318, 0.6009566460774488, 1.4497048317152277, -0.5822129758665482]","[0.5999899322297144, -2.223172464764631, -0.29827399758019857, 0.625756506842351, 0.8246173887374171, 0.15412726263727447, -0.1900884073828804, 0.32399832799000927, 0.18420359290775817, -1.1593182545618579, 0.3368246148705066, 0.1758599262642317, -1.5355105853775257, 0.21632840335149708, 0.18316302490549455, 0.18035496515035937, -0.02155502722197005, -0.3612127095115874, 0.502426447483111, -0.5125329746844298]"
"[0.05510341210566876, 3.1083266489897414, 1.5021590776640172, 0.06455715860710767, -2.361320581943498, -1.1783613043527421, 0.24865046385457845, 0.6417100890945527, 1.28533157132275, 1.902917574361171, -0.10578358086837868, 1.0548198590414128, -0.012438890606665394, 0.24845928002539042, -0.9340589305826087, -0.25404738595075366, 0.7998600569876948, -0.6420991479580985, -0.16072239721297643, -0.9827332330664307]","[-1.6518460179494665, 1.7624871195693363, 1.2810850446801993, 1.989094003826878, -0.2643281930373436, 0.07059488252440957, -0.4221501347260473, -0.1255246490504752, -0.5408932519618463, 1.3729647300099046, 0.24406935089468038, -0.5343435078128078, -0.5361806799763312, -0.24146594513896946, -0.05741597230349816, 0.00829941803319574, -1.0110634070487532, 1.0851583423609148, -0.5474480289840806, -0.6443791801168092]"
"[-3.6443362494603675, 2.0621983054848285, 0.29962908111094666, 1.7608750559809168, 0.49287087569532767, -0.8062987795972217, 0.5155301846266402, -0.2876057318317203, 1.504939339602321, 0.059138421572654046, 1.0566638240454078, 0.6937458418219895, 1.4555356402215585, -0.20817513554771366, 0.8975632309878587, -0.266269554856195, 0.7079945754963753, 0.34858156601825424, 0.004359643235045206, -0.06901358116702827]","[-0.5281775863409203, 0.3723202651426214, 1.3693727045728012, -0.15396466910801926, -1.2722704606948458, -0.9695139322138276, -0.2924059210294392, 0.2091634859519641, 0.8614770418955165, -0.4927091767752361, 0.9001952014379937, -0.2574649472619376, 0.4552173830941406, -0.04187139560798873, -0.34741714346182795, -0.7615958095323855, -0.9718010975751689, 0.7439291658704421, -0.4397587963846038, -0.20992383884144902]"
"[0.5411715006400029, -1.2937889373235143, -2.421104534998634, -1.8038863828932494, 0.6859249681799077, 0.5061677472554625, -1.0199722778711209, 0.06799613260366817, -0.186036471435147, -1.388684487565226, 0.9736247543502498, 1.1191108443463018, 0.01926912066817987, -0.5956149863629204, -0.6219364078642883, 0.5235192609121426, -0.12579812491314485, 1.090478485509385, 1.2155453699077454, -0.14591691095099962]","[0.49211344586937195, -0.41382475675129116, -0.6363421262645504, 0.22775196400167697, -0.525801353593095, -0.5944735193425987, 0.6625425676351941, -0.16682702158073776, 1.003007016116903, 0.3190063179528935, -0.15007672596822264, -0.7281362428642637, 0.7514408801865525, 0.7831713618406517, -0.404957174574667, -0.6144894387043136, 0.8268476536628053, -0.13993740581373496, 0.8230372535857863, -0.22512824143755464]"
"[1.9226322929344923, -2.0134154894317993, 0.5478232612588849, 0.02174257318840779, -0.28407295897887164, -0.6504087717514224, -0.05321614882691039, -0.45324859231118914, 0.9277893531537127, -0.1340037151962314, 1.0339245164068225, -0.44273992542372476, 0.25893635463615267, -1.021789181884197, 0.5111244333439073, 0.3216692151010563, -2.006720934727035, -1.5092950777991636, 1.1815189039878224, 0.5581421867163292]","[-1.6527939794275108, -0.9238196349915588, 0.6146082113247622, -1.1094198752187117, 0.5560398130906085, 0.5911777703877261, 0.03565840851293184, -0.21254985110063185, -0.2533732536541877, 0.8919090578774531, 1.0305077886741951, -0.22911267465630866, 0.428746791337072, -0.5914364608346314, 0.3686809394964876, -0.3020236857068588, -1.0294453959353822, -0.32737973380615115, 0.489829705212548, 1.3901133272422033]"
"[2.7375203105970964, 0.09619535009895071, -1.094710609623706, -0.17901437537228912, -0.6354128861345711, -1.7362980386308802, 1.7233955089304847, -1.1545720236754022, -0.9419857385553566, -0.33246275675114545, -1.5498421108308693, -1.1580300401602146, -1.7455183919069055, -0.6541064348204328, -0.3150778549224939, -0.4263766725889056, 0.33940949427944905, -1.072338736209664, -0.4599751053848448, 0.981345533802041]","[-2.425338399916907, -0.2811374360143525, -0.03817829262876041, 0.9162465085410388, 1.0482592830042432, 0.38193953759636673, 0.9746117811245333, 1.0802168122282456, 0.33044924362798606, 0.7167384163368133, 0.24081554938297348, 0.07040337661895113, -0.3389752719247614, 0.1714153206134909, -0.9008564744601719, 1.0743530414334586, -0.862666968251086, 1.3443266853059528, -0.5829012280430529, 0.15737858764705148]"
"[-4.407141633798398, 0.8786159393548113, -0.7579409410802851, 0.6345419440147323, -2.5983329869930656, -1.3628878412202619, 1.5375414037213777, -1.0421668091318135, -1.2713944364884757, -0.7787732560382413, 0.6797863683477432, -0.04897607971934304, 0.03167141503571205, -0.19959354603305351, 0.31688452393860045, 0.8846371560214183, 0.5988093367939236, -0.9433951644016727, -0.7302608139126199, 0.1371413509609795]","[0.6023217461326752, -2.6256401360714454, 0.3357264513182294, 0.8527898051778614, -0.4713157351009125, -1.0509151537732422, -1.158170498795373, -0.01549915162371022, 0.5795488581610778, -0.3817789938238146, 0.6669572926446474, 0.26791831342271233, -0.03230351437898514, 0.6690936080903293, -0.43435245913152, 0.10986982745029422, -1.214060362973272, 0.7747560842406171, 1.4057593466447966, 0.0777750098887151]"
"[1.1122863253600064, -0.872965972195796, 1.5586063439015998, 0.6694299421529344, -0.7380120230381362, 1.259516447410489, 1.6776728911226053, -0.3418609454123415, 2.4087254472995805, -0.4453008472615492, 0.26481546973458886, -0.36905180262577486, 0.7354022934970283, 1.6993042519413593, -1.2062777102456335, 0.272674647091936, -1.339586282736235, 0.1421588518033373, -0.050879584728510806, -0.4894538807608625]","[-2.4833263018380465, 0.4904432132365466, 0.6475349971240852, -1.781714971972598, -0.594421780607819, 0.28160425038484754, 0.34979912865457596, -0.5135303341586848, 0.5061190129461587, 0.8681469648511659, -1.0752732257192474, 0.8601492536848379, -0.9382660714475848, -0.625608447307676, 0.0013309048801072535, 0.1808866672803151, 0.7079287080094563, -0.13235443365312863, 0.32521452249553556, -1.3416218214346622]"
"[-1.7148656201847938, 1.7821822604122113, 0.9685417829084244, -1.7256448899325774, -1.609403768187006, -0.030741936203719466, 3.116151553273322, -0.4249022515509374, 1.0640501942239837, 1.5485688745072694, -0.3191993947127107, 0.2159055637541365, 0.8147536724521197, -0.8664864202368732, -1.0296680641890366, -1.0001125846467356, -0.7696284199162879, -0.9257043808743294, 0.6471919702481798, 0.7036709665897086]","[0.6537748447103481, -1.4774867247672627, -1.631110106020791, 1.0293753192628816, 0.8766869288644962, 0.7663779044074241, 0.4767062289929382, 0.36604904866289, 0.256881411486213, -0.2635791955674701, -0.3122294217686734, -0.8262786573916341, -2.3103481672722537, 0.05015950101860804, -0.599797257148943, 1.2106348982448023, 0.010848347103746842, -0.5438385252517262, -0.9650164399125573, 0.09569027364814338]"
"[0.6049050634503662, 3.119324260485721, 0.6108056400753511, 1.8523945508797888, 1.1689886960425089, 1.9379864954563077, -0.7702270921977973, 0.37882472835339565, 0.27351748649513796, -0.7418705794283894, -0.3658516479880213, -0.23715961929266646, -2.0968893833863658, -0.17433382865938526, 0.16426798809940543, 0.7833716243101274, -0.12346859687223614, -0.18411679934227082, -0.18967452937874063, -0.9441226089671765]","[3.0978099809091093, 1.0102900365272707, -0.07473806816963166, 1.2502717723473473, -1.0493987289164846, 0.7997225561676903, -1.0963039751759824, -0.5610269255686235, -0.33553810137277135, 1.904473851230541, 0.5907171199915197, -0.2347829240880089, 0.8442745208583153, -0.33350409637504763, 0.07955925391388488, 0.26636167366853913, 0.5027429581999981, 0.1656875146644739, -0.0049435159108994755, -0.4578887099444717]"
"[-2.808840666422929, 1.6522867863402522, -1.0397233273118276, 0.4130540651228555, -2.38226891938745, -0.13445063710266553, -0.881533006390968, 0.9762371616714143, 0.44738748616244883, -1.2035083122669916, -0.2588382939424922, 2.1233044352657204, -1.3571831124324152, -0.19456765821833563, 0.773818097493817, -2.3499878543429764, -0.18702820052863878, 0.5741133617239874, -0.41361944923160726, -1.296733677602653]","[-1.7115157444967228, -1.507287333489065, 0.9632348419342399, 0.9871321010769669, -0.13933683676693623, -1.2125157655151393, 0.5272702197037211, 1.2096846184415484, 0.478604923992478, 0.5380153606200598, 0.08664028857969827, 0.6884471195607472, -0.30337808490567547, 0.3172124248300856, -0.10805667012902369, -0.26487947471843276, -0.4783485707753894, 0.36902629164863426, -0.8490183966053947, -0.03272451911561829]"
"[-1.1120783531239449, -2.0519093975492804, 2.9203860006943168, -1.4419804268403524, 0.6409337130141625, -1.3785893266471523, -0.7036643998949097, -0.09553283993702115, -1.757388741436302, 0.42509243013387427, -0.0831986460360926, -0.3108353658463159, -0.5939211154922434, 0.9411843317572737, -0.25495423644992093, -0.07194445426626643, -0.3283705715479752, -0.7171816934256384, -0.22892922347430741, 0.15581156108273078]","[0.9535772697018785, -2.1149858875914287, -0.0024878289841815016, 0.3708552941976965, -1.0276022265260982, -0.6897826507875079, 0.24094435940906464, -0.8453821596300078, -0.5791608170277733, -0.19940577185265937, -0.9472829219682976, 0.32370075803164977, 0.46598968505288585, 0.33590320502655374, -0.3301783078319245, 0.5394268473710228, -0.4154971534568651, 0.14391405861145434, -0.1669009814505212, 0.2784972625728281]"
"[0.16435487334833596, 0.8600403755488736, 2.3997519392512046, 0.4694021333770361, -0.5745017459666734, -1.0157144984822832, -0.14683069871298055, -0.07466624484643436, -0.5817860412144645, 1.0418352628904959, -0.5643974603648826, -1.0142276306436655, 0.835842804446687, -1.1469310094183645, 2.4575978718440665, 0.18376866109413265, -0.36116307564144795, 2.124316390416221, -0.8134264067078174, 0.20278616282116524]","[1.242985662154362, 1.8724398055669382, 0.8454492841610632, -0.9185326457596589, -0.22537240570505826, 0.9952940545269402, 0.6905324298812453, 1.3735398316733574, -1.0241417652418452, -0.031165506851317127, 0.09406115910151902, -0.3234708211731529, 0.339445817478413, 0.056217982645146956, -0.8424274695428903, 0.5689932418337522, 0.01923087746312464, -1.0613457973995717, -0.20427784253236017, 0.3991483143303187]"
"[1.9616984000294566, 2.8193635034268847, -0.4179850366413743, 0.33770623358321816, 1.2415102114724006, 1.2841076794880912, -1.4375821235416006, -0.22744354237478495, -0.6620976239496787, -0.8486542018659233, -0.040039606903546986, -1.7311729748941946, 0.1185218592355742, 0.5634620063976218, -0.5557901402049463, -0.08098414609739306, 1.10478457489381, -1.3623358376818306, 0.14295931327838288, -0.31915363378914136]","[1.6652645949406633, 1.216635634616577, 2.205364046807678, -0.8211579586814219, 0.17150760222886122, 1.2331404345619388, 0.6525207283656085, 1.1645223409434766, -0.553900797317863, -0.6926314155767517, 0.4271745607589209, -0.48630994933181504, 0.8770218508307105, -0.014986724808527658, 0.24035222013232665, 0.7099554912097427, 0.15529579281492445, -0.7237306282264057, 0.0787889279191499, 0.34473497555566435]"
"[-2.21705839017747, 0.2670413583856506, 2.1787920434924084, 0.8822066481515468, 1.9009594296200483, 1.4316262663944783, 0.04697122451430708, -0.23640764293034602, 0.2037411960884317, -0.5041700401627337, -0.5615781010250159, -0.0007645533912988307, -0.6771022297559802, 1.1229518165635024, 0.4829379359089872, -0.10585257929490229, -0.3807822710036592, -0.3296603793414741, 0.812603383480641, 0.05771364456102313]","[-5.397109457807738, 1.0289024140238756, -0.672450942564882, -0.04462651963708104, -1.0759863876130913, -0.80908485321007, -0.8107268296628077, 0.1825597054412696, -0.9117842508981574, -0.2651103768106886, 0.7876528522380809, 0.3325237555837122, 0.14628593566032497, 0.7944206192088245, -0.7857549360736271, -0.20488725210176464, 0.7884314876664488, -0.8542632276655585, -0.07907660808283316, 0.2659309160497512]"
"[1.739992822387497, 3.0679147732775194, -1.5892829794742394, 0.7267134084713744, 0.30591427485549094, 0.2569371193356721, -1.8678846603139123, 0.26174740084929515, -0.4776046787771807, -0.8436277767287909, 0.6199943915064949, 0.5929407356940679, 1.0502348163510191, 1.1534529690890454, -0.405052064595164, -0.0964870314957479, 0.010749225151558319, 0.45493899336007065, -0.23020286062372985, -0.3157529917120533]","[-0.12514086336184976, -0.6153491821112939, 2.398380566204704, -0.593317550993396, 0.9489914535292746, 0.5732133631641184, -0.31281394677613256, 1.20037928103282, -0.49078788191942274, -0.2970647413897469, -1.1357175870447742, -0.1054159062583735, -0.7121216954632786, 0.2832964460183375, -0.8989679722355086, -0.7586697944215605, 0.8117190726163033, 0.11326027154791413, 0.2768626213282647, 0.4508009189533396]"
"[2.9269618158382102, 1.6854090623361069, 0.6148695647227952, 1.1979541859596916, -0.8513025356001814, -1.1697808989194711, -0.2113101722268454, -0.9902106743154686, -0.38418902030214935, -0.17174902837789097, 0.6211214961434076, -0.615538603955885, -0.6659590920104715, 0.22402825084644026, 0.22963920560627085, -0.6447848195860082, 1.4283249679986094, 0.2424040584788381, 0.01743881528626192, 0.368479200232576]","[0.1715506172076591, 1.6305537838113293, -0.06274590187968296, -1.2559474528982977, 0.5706645408175905, 0.20493257223418368, -0.30484208970551563, -0.5055518660227231, -0.9306707298482434, -0.004905226739224764, -0.745233429941471, 0.3311321433349904, 0.1535459497255317, 0.6852323599340938, 0.2639512611880512, -0.34042794898077766, 0.06971345235834914, 0.6062933839798521, 0.2592304425839739, -0.15855656056202852]"
"[0.6932316314202364, -2.0138510461334067, 3.6082991771536257, -0.127826677813825, -0.3576665526100955, 0.15580895319220803, -0.030469805902278862, 0.34040887393488845, -1.5933939443449823, -0.3402247443782871, 1.7620187578495163, -0.12190886351324479, -0.30539382006043847, 0.2553503676346238, 0.22649727607116166, -0.5841036826177045, 1.7738241001917798, 0.5408252691349463, 0.826972705391836, -0.6281569126676592]","[1.251056151762572, -2.6080141740119016, -0.6164523848352187, 0.013813885691861736, -0.4878669691819341, 0.21525509998797726, -0.44073061134041047, -0.8817407804520615, -0.9236742317499387, 0.33676361025481566, 0.5427871823450443, 0.13129972739321327, -0.06907690412518865, 0.9291371100570899, 0.24848101248291415, -0.702445449948405, 0.47312088267367286, -0.30059585688100515, -0.01514128886739563, 0.4390240937783679]"
"[2.376995320240182, 2.845539865253581, -1.211773885485356, 0.9801731053074598, 0.9655097307813076, -0.7091248974862782, -1.0149051040057158, 0.7217337844386689, 0.012081665966847496, 0.20419773022226376, 0.345341530373821, 0.571223897877628, -0.8086435880603118, 0.8712844795990042, -0.5528123526575087, 0.5094973320281098, -0.35281888336822137, -0.16681605731427404, -0.8043490937884602, -0.8615365519380029]","[2.33052222230941, 1.2531212540177177, 0.5463328942448964, 1.7310101463228706, -1.132888034427333, 1.0473856698670614, -0.9480441857092087, -0.17107367572971668, -0.42491432596959683, 1.4568338210203453, 0.40994966199249283, -0.3883965085832258, -0.2320484301072323, -0.8151997444672373, 0.5085379227284987, 0.215732307392892, -0.04928980270239296, 0.0414819749855132, 0.5133600074893117, -0.4260538568044026]"
"[-0.33903645174710295, 0.08242477503885128, -0.9453812379416588, -4.334588119344532, 1.4433500048977401, 0.49504042823732364, -0.3976393687490664, -1.536744456495532, 1.0898837512997896, 1.791825541643228, -1.4539221646945286, -0.08637665524063226, -1.4249865321242183, -0.23970621348650306, -0.26296884468343323, -0.9008209526300699, 1.2657369895341333, 0.912697249660675, -0.5069933882783646, 0.14103403764494213]","[3.4489506904121923, -0.3565412721861588, -0.9792416968574015, 0.632010999727536, 0.10905381565033238, 0.3248846874750335, 0.2995962181476606, -0.6712722515547812, 0.6961224096364664, -0.6162266457099418, 0.555700905819973, -0.7945531734378615, -1.4077797698159995, -0.26899100425490424, -1.1412354582913176, 0.12074783329373387, 0.40212014658954864, 0.20815402614472897, -0.09547702310262565, 0.6473989215321823]"
"[1.4050443384764966, -0.09364382396433289, -0.8012819872353066, 0.25710296793629395, -0.7586227628110365, 2.4435533118005743, 0.2228242511615512, -0.14752817386975586, 0.3111870353534692, -0.7274803253027337, 1.1422215786088916, 1.7148373155755823, 0.15998251300631078, 0.7035461531148854, -0.908680748328729, 0.5498052859320165, -0.11320700834485597, 0.7017353282133854, -1.2732987331795174, -1.0232290470998235]","[-0.2089011808668301, -0.5841249172842974, -0.20550331494359497, 0.33935148451599445, -0.4821306718511197, 0.7585320513658496, -0.4348127913932361, -0.8019117343638638, 0.46757334315489335, -0.43763251378091056, -0.0172571689894774, -0.22847385352407265, -0.7937286546042925, -1.5893496941182723, 0.08194189268244612, 1.0625123402777852, -0.6406150964753196, 0.10487070832190389, 0.4276525893887732, -1.0863613434572255]"
"[1.6952212603409182, 1.7062115982176473, -1.6652406851966004, -2.2076970912404263, 2.6271868431962537, -0.6674472419620664, -0.6722242343955601, -0.6407958908054899, -0.6363042858263542, 1.9100909088246318, 0.4339999382892911, -1.7887626881161647, 0.31059637238959376, 0.760893806902492, 1.4811555235312788, -1.3045742788161574, -0.39202792617847915, 0.7397386766137483, -0.4615907109410969, 1.6452959537634055]","[3.9419569993639096, 1.612594834694014, -1.7928055343772493, -0.12143231973408738, 1.243430065111498, -1.7652765622120965, 0.02227069852726569, 0.6559334670434447, -0.16945126675135108, 0.41434562901827415, 0.12317669310784142, -0.49416072209351813, 0.11856957021096272, -0.437208668151924, -0.7330265988786546, 0.1935383791178547, -0.10250489059939481, -0.18778548167967954, 0.02886415596947382, 0.11420961482345561]"
"[1.2670587989598725, -0.9757302839188238, 1.630649499599381, 0.9739120276722987, -1.6029680395551376, 1.761459925656302, 0.3316286216376515, -1.5358946815834267, 1.9045295407916525, 0.33555828043041774, 1.0585668990724246, 0.06567478405637182, -0.3188299325814069, 0.6601159707709109, -0.7944085547062891, 0.3263741143307049, -0.2897081112549649, 0.8593872390141007, -1.8922273976600241, -0.36512407314500234]","[-2.4744092660019192, -0.9630393781676867, -0.09319463064054727, -0.33503210023706637, 0.26605215462288223, 0.07115420223123092, 0.700587761436783, 0.370945261503323, -1.279932779967452, 1.6526861440612368, -0.6679832808382891, 0.6253064274283147, -1.3381368844116746, 0.20675306908975805, -0.8141644659577268, 0.3376793108646575, -0.0979715540735897, 0.15507098584684811, 0.154393785748354, -0.45067982492528025]"
"[2.2767049089117237, 0.09447640778415652, -1.1307784749746264, 0.4544641329680676, 0.5936178585855748, -1.1941635056745594, 1.6157742284708814, -0.7599540447852229, -0.048514665878148816, -0.4271385715128179, -0.9348219379972615, 1.0325293482111828, 0.2961024855696753, 1.3581207137386668, 0.6138108917224248, 0.918950304181573, 1.3741865549682366, 1.1702436101770597, 0.0057588182350079495, 0.5631855341996845]","[0.5943387932353889, 1.6361489337577864, -0.37129232689583563, 1.264403703086456, 0.8539730754543496, 0.9135335315833185, 1.2482203532873521, -0.20803210258820948, 0.900826815373218, 0.10217117095635452, 0.11168089949516485, 0.9157228868194894, 0.26401399993973507, -0.9414727844341311, 0.42238240416876227, -0.5617463733744014, -0.6825440430106825, 0.7454812278484676, -0.730871078245699, 0.20781640477124788]"
"[-0.8791788453029427, 0.740592610260163, -0.39446635950542625, -1.0096197486729017, -0.16590186401519855, 0.4621661285774333, -2.6969889231189526, 0.5501503105818982, -1.3536668664177323, 0.6212391551770704, -1.2296053511172718, 0.1340302700555023, 0.005650074192760592, 1.4201808598035242, -1.7346161218843457, 0.6244856452776484, -0.6266119768343281, 0.9721037243807199, 1.4328101796543062, 0.5325008432362198]","[2.647106274060181, 1.16922002571245, 0.35228941636119926, -1.3475386753100247, -0.15887630385627424, -0.4568090179567934, 0.03975931851658631, -1.827705902113933, 0.08415451309098324, -0.5107681793587772, 0.27251650823002416, 0.10120973803831093, 0.09247137781200312, 0.7632310891918385, 0.32166912938706443, 0.1914957635958134, -0.29074674953080965, 0.7404591699248437, -0.4836372967580113, -0.5091562489136591]"
"[1.227705532457065, 2.6159514342067394, -1.7795052760988295, 0.09849245840475378, 0.9430856283885686, -1.241640730955373, -0.8773868338973176, 0.5496216988372303, -1.1701784565119466, -0.6630019195153773, -0.11559570556727465, -0.00048390196515461537, 1.9056537879041924, 1.4543687471850841, 0.15281797139320139, 0.26740424952108355, -0.5788824518587127, 1.0505579196635528, 0.1375833594454892, 0.09597177792539073]","[2.4796781866329547, -3.0652592109926475, 0.3291332964910674, -0.6794157161466231, 0.018502073892049074, 0.16432616919768134, 0.19092205592966854, -0.47610012614292463, 0.7110211859012578, -0.38560932173031615, 0.6078185746350447, -0.08418940603295526, 0.4533408235735479, -0.375400241586066, 0.45287551135952836, -0.8919177711252, -0.420935160656922, -0.6505897729940535, -0.22917910417944104, 0.7802385410882419]"
"[1.3842171711161213, -3.0021700413856784, 1.9968346736406215, 0.05933008532622074, -0.27497937670531913, -1.9931845717060406, -1.1602413168817938, 1.2643267063398067, 0.6501414898098741, 0.010970495686935389, 0.14702458987115985, -0.4905268688960901, -1.3957822876904262, -1.4543772782699687, -0.1293078040740889, -0.16542190336629403, -0.05609662242179211, -1.5407929805063625, -0.3849887969853615, 0.8296444820739295]","[-1.1282903957157897, 0.495750754044349, 1.157808461133901, 0.18416003243016232, -0.5047544332741848, -0.3396057912048392, -2.116352100086771, 0.02703520410905351, 0.34216070716399616, -0.8036363117792943, -1.0101551009494756, -0.0399776446950122, -0.20930900986116235, 0.6698055373947444, 0.09820879384208625, -0.7603737981999327, 0.32824609990034354, 0.7468742644089378, 0.09476791008051269, 0.449170621321128]"
"[-1.6268868932285256, 1.960139776872627, 2.330236157672399, -0.5575063918228002, -0.6858080759352616, 0.9754437045457078, 0.8555003312792865, -0.6322099454269513, 1.368930997926676, 0.24283494497117902, -0.2718017298316846, 1.3450245559182368, 1.0378061350598262, 0.07545361046941461, -0.7466344665709231, 1.271107273073941, 0.5294855923688955, -0.4794991087482146, -0.39443384269524945, 0.3363938182305186]","[-3.655385156648708, 1.9079551079146417, 0.9712030408964548, -0.44417769917630634, -1.8964373089921391, -0.4334631308200379, 1.1592170174326424, 0.35301137942827077, 0.06970981801609043, -0.05412675097214562, 0.6461499662380585, -0.1423789305323606, -0.6298808816757245, -0.07633132345144317, -0.5607732699344122, 0.4344082015453797, 0.7376307620589058, -0.3061420313300945, -0.09144384137883978, 0.2200207921167862]"
"[2.2078367028093457, 1.646213385392591, -0.7305963910555866, 0.4825576334291104, 0.11301330011991596, 0.008365544437067678, 1.3629687345740866, 1.077987416099464, -1.0420364446455723, -0.7853472677151303, -0.3968035704603756, 1.4291789380795465, 0.3426682190971101, -0.3202328759701363, -0.9925191840959663, 0.5882963734680561, -1.2091336429073412, -0.1948108994922199, -1.123044816320587, -0.3018879476104523]","[1.804805413009606, 2.1484207793643115, -1.0050081897918728, 1.351733981869764, 0.7156295071783232, 0.9014563811599337, 0.5538974772170941, 0.7138029865577455, 0.08988239894382073, 0.019096514087239752, -0.9195568094750599, 1.2644601307090908, -1.0064257477358955, 0.45054124541901225, 0.12579005293853543, 0.2084300910057446, 0.36280940092052, -0.4564459309654873, 0.24316070758872882, 0.9380952428912904]"
"[-4.371456785319098, 1.0506314331370321, -1.14823681899384, 0.009588178003869395, -2.017550116176451, -0.36849205529812834, -0.03149280334513798, -1.3194819936318092, -1.4562369077226298, -1.0935220489564235, 0.3027137849044114, 0.5688909938136453, 1.1228761689599198, -0.3251397583760041, 1.0884879922998292, 1.6540816706307946, 0.4065130487610462, -1.313247432957756, -0.6104307414826479, 0.7468759265675609]","[1.0417790473510167, 1.5841861630229326, -0.9513588989406689, 2.1226865221603703, -0.2032963367866293, 0.26622598182413415, -0.12190204337216248, 0.9009821538677538, 0.2617378448025633, -0.6172644273876118, 0.12329432304246263, 1.6091833747519204, 0.45343130881315047, 0.16298321579140276, 0.42314488404627293, 0.24716708787965933, 0.133375772435462, -0.14536321432593025, 0.4544530549397636, 0.6674475004436587]"
"[4.24504283370649, -0.2536028148322012, -1.1138680343103067, 0.9927543993689611, 2.139625586184299, -3.421286672816276, -0.3391172224210602, -0.5147264827948986, 0.8380270616994804, -0.22225973832386686, 1.8707701834460007, 1.3479228260875218, -0.5993249065803512, 0.6712668922816956, -1.0480150513474737, 0.26073779274997605, 0.2556910876020704, 0.10531940264428297, -0.43813058031434143, 0.33195765064928023]","[1.6586927732859644, 0.9238147198246854, 1.9179465129239268, -1.1022032593129043, -0.9666104732515232, 0.7470195815127056, 0.6561441519065196, 0.8295199503059559, 0.7342554895424747, -0.28249026468394756, -0.21467679096071204, -0.775325853821525, 0.0830864699734008, -0.7790570787240039, -0.2827324162503148, -0.06408100875293535, 0.29280497292770835, 0.7129514721707438, -0.012271199050842558, 0.8434316625969285]"
"[-1.5192281219166968, 0.7352076490891021, 2.137231388522762, 1.4612057809621797, 2.340255885497108, 0.3220255754158802, 0.6372784186948451, 0.5273267878082327, 0.19379421160724994, -0.004532992380168279, -0.4403925214848722, -0.5510691104350477, -1.8723626282008174, 0.44491852159080325, 0.6028238880370872, 1.680244712811161, 0.49646103197279023, 0.06548917972664861, 0.2766820482619653, -0.0374358890234541]","[-2.2571141170901847, -0.5861488962403526, 0.03935944255731655, -0.0003078104136125275, 0.46022817002704125, -0.23893904097468224, 0.03075124294914516, 1.765374376913496, -1.2225841973841196, 0.2502868786350552, 0.6670753652463493, 0.7994578703246227, -0.5907687708232262, 0.07155418200612526, -0.009192349595208349, -0.9234762365509388, 0.4931839329331849, 0.7963109367149208, -0.4334274705949137, -0.07352519654687698]"
"[2.4305158811586445, -0.1497085462572609, -2.1514782097837517, -1.2007563314913687, -0.6415385226496109, 0.5789959710857775, -0.2631455856855124, 2.3570335544267618, 0.5503660809840728, 0.11222988740456433, -0.15891991809938907, -0.22432783366555034, 0.18421888407987666, 1.1137256706676166, 1.7564436030037636, -0.37397895844470014, 1.9155112387328956, -0.7529673263522443, 1.2670756379957477, 1.6249102204934667]","[2.816730361900465, 1.2242886909296584, -1.6477890776344388, -0.263134735669801, 0.9017400666005845, -1.511358989232347, -0.0818005545343054, 0.22612302241578625, 0.07244208342139015, 0.7117458782488298, 0.45053297439377044, -0.5371090820798754, 0.4084270156069246, -0.2566744616059857, -0.7768820757597886, 0.17158689114728967, -0.038342728153149035, -0.4021850385559411, 0.027743341099896183, 0.1715625395411744]"
"[1.8554788630634471, -1.1632809547990115, -0.5688854685701943, 0.8347136455869514, -0.5258805964379304, 2.621189313125707, -1.3865585806946714, -0.6372531410603892, 1.602027709690471, -0.11406667679228769, 1.3590899967279586, 0.3184115012663784, 1.5630325909058969, -0.3313613744017344, -0.07127249999833177, 0.3428804859643126, 1.1023970259205733, 0.009716725716692706, 0.4826636965498882, 0.31249626852712675]","[-1.3449918910116205, 1.7522952251812691, 0.8442199044680253, -0.06615818462942753, -0.0342936386317723, 1.2592935307263726, 0.02780424319964952, -0.571070348737397, -0.10378356284687305, 1.2410944476708252, 0.5166932192053473, -0.6820911585967474, -0.2585330746151201, 0.13288259483501544, 1.220228286296652, 0.19807481120629464, 0.6545521353237508, 0.6181799801485592, 0.8929268351147219, 0.5362453332672718]"
"[2.102578421395265, 1.5783956147656664, -1.0316541223372089, 1.1510092179431375, -0.8903757593787601, -0.7336137331018889, 0.8334043961097248, -2.326383644703813, -1.1021204762148065, -2.030984123324579, -1.1758205547439704, -2.106181020642545, -0.4007378934860308, -0.20778102026677153, -0.04369372060755631, 0.05062880302783635, 0.02384359426613764, -0.5965457124468987, 1.1808686845149843, -0.8874601137997405]","[-0.612936281774439, -1.6962462198804868, 1.575719666311359, 0.030467500836907045, 1.7066303022072602, 0.4908022248165231, 0.9577221110885669, 0.24411145449458052, -0.44672417339469156, 0.6946315700171503, 1.374667478927722, 0.442938925137225, 1.0256383265665634, 0.22244193040358273, -0.16545231697881463, 0.8099812737912985, -0.13952698704116206, -0.0027344202527787285, 0.49877018357344305, 1.4829103897975298]"
"[-0.7312267915769863, -2.0760147634120543, -1.4891897918758443, 0.003629769507105272, 0.7539397265679084, -0.9434527388617338, -0.7464194623039077, -2.989781996796849, 0.46136436632719613, -0.8798449974905137, 2.256095457514255, -1.282225763662586, 0.3661387499244406, 0.040563200257277894, 0.49399481848562066, -0.1076949438111701, -1.2601757470422223, -0.8814345974286906, -0.8316470577993877, 1.022046309612376]","[1.357220599061306, 1.5463526521837652, -1.4604991243254435, -0.4125096791281764, -0.06537414514783314, 0.06960972469370551, 0.1070618069009587, 0.5892908517843326, -0.4000430328755103, -0.01229917196718738, -0.3086618048462468, 0.9795286025918112, -0.5126546122927471, 0.4667986004448134, 1.0201695673825006, 0.2913901631784228, 0.29769417944627774, 0.027485832517660493, 0.8281387292926157, -0.351594101628272]"
"[2.9876360075080224, -1.0692560846071586, -0.8243239666567032, -1.0153653542355676, 0.5555742357480272, -0.8021453538316345, 1.7164720943222176, 0.5250632273696414, 0.12903925642183645, 1.843836899955347, -0.21058650300442566, 1.793238430614048, -0.7565448032453698, 1.2491747582133856, 2.0855174531498215, 0.7611654016604886, 0.2537027035701152, 0.018139187683071486, 0.3929939335901711, -0.4941649657395525]","[1.835832209659979, 1.5563415467537738, -1.179919452213606, 0.6776757473815629, 0.06400451832063477, 1.4436850701741197, 0.08129780491376395, -1.441428941543936, 0.42953485571396516, -0.2654027346092641, 0.03857322339706057, 0.161106438728296, 0.17274533970295955, -0.20082419832980727, -0.47254484142339015, -0.767554561572037, -0.004326980140366564, -0.21440146431238563, -0.3357300196578057, -0.21813746566702552]"
"[0.10748338053049623, 0.9625071310665142, 0.004177052627840421, -1.8160679569795286, 1.3270774753726478, 2.909182593374054, 1.926894945959145, -0.510027556490097, -0.21544613617624248, -0.6271418596312872, -0.12737609291064161, 0.35250129139318415, 0.6880837216873932, -1.3753429371901136, -1.436545942067558, 0.5090776373947863, -0.4851546086952372, 0.2025063141571786, -1.4892102066081063, 1.221056530964242]","[0.9637512779517371, -1.81327879241225, -0.17821358865710424, 0.602267906307285, 0.43446986681543226, 0.5312515309436141, 0.7209717839127084, -1.0171249426386597, -0.2618497158458974, -0.216496722052513, -0.05457104890323237, -0.5161749767583216, -1.8555438978609209, -0.6274675732084418, -0.3280280189659028, 0.024293833330048684, -0.6562714110869056, -0.38883181268165234, 0.15122305336799965, -0.14574892933245348]"
"[-3.7689182020074727, 0.047075810192795234, -1.5380311670367457, -0.841777620016434, 0.41986493983341616, -0.4934913108030182, -0.3665993127119533, 0.8765082296620259, -0.41044094404922965, 2.0144271890803425, 1.2565074306235882, -2.3669434830696154, 0.8018776845245358, 0.35745403424803823, 0.02448777541617754, -0.5461800729631822, 0.7263025352074965, 0.04887536595976164, -1.0977041606519737, 0.09840401245592358]","[-0.1906030110634369, -0.028763523391660016, 1.7467092639200326, -0.04333395341981952, -1.0410392370494184, -0.6185154397282714, -1.1353287421980822, 0.8888368538445693, 1.2195159816823804, -1.5854311804866115, -1.1094056052741883, -0.008290882902924549, -0.6922200844218566, 0.22921545259722928, -0.419162602325841, 0.3934592780438029, 0.13552904049539782, 0.5975541461614278, 0.7316579624228913, -0.11098096114976348]"
"[0.15771801100125837, -1.438473729948196, 1.9759593217456515, -1.167922833551466, 2.8095328068398335, -2.8912107446507753, -1.3109493823481124, -0.6627698272881938, 1.3025517654630094, 0.2590889855250925, -0.6880537695163282, 0.15842556267652544, 0.7057269230773596, -0.15939980624880265, -0.12349395791699343, 0.34349106302651217, 0.8872940098612696, -0.6488977506321767, 0.6493050266675882, 0.35878988149727153]","[-1.2387099025122434, -0.8153012698104642, 0.49576947599079807, 0.11234419957278181, 0.4441285034750051, 0.375147669968111, 1.6520048585817755, 0.44710528104806224, 0.4273074679029011, -0.1916501486353043, 0.39901873047393427, -0.5068805454353579, 0.8650595872905452, 0.8879270976691155, 0.0930298937625322, -0.7986050906869093, 0.8830105578070221, 0.004371920374935713, 0.4535161706362315, -1.1997227784842561]"
"[-1.676006317956228, 0.010110166622209368, 0.18759329799599625, -3.5692222508470497, 1.4425716463280507, 1.4720725705945668, -1.391779766950923, -0.798046008500859, 0.8692750432746367, 0.979526300551979, -1.9175021834608577, 0.6060189209923877, 0.9337749076990685, 0.47331815081108963, -0.6173922937030697, -0.34725853404666135, 0.24269100718544667, 1.116823330142774, -1.202768308165081, 0.15283170991198455]","[-0.9003200315764619, -0.2918452306767505, 0.12331913123304615, 0.6583350775639706, -0.630417540540813, -1.1285679791628613, 1.3291756236865695, -1.511966749036998, 0.9443499168056598, 0.2550822605073512, -0.8074833482275011, 0.8384340916770205, -1.307695801599056, -0.15182444121211003, 0.006098985896828533, 1.4178457552069381, 1.7070573705281682, -0.625973670221117, 0.28875489262761767, 1.5037120398542072]"
"[-1.167761311222172, 1.8671916660651382, -1.3327706390121905, -0.9055851643990143, 0.4752284836863749, 0.4009757983230777, -1.0779571486125206, 0.365805479268214, 0.0977115537781258, -0.6243641001582515, 0.44061503101825833, 0.16400665447527807, 0.19254607078281952, -0.36319839160992196, 1.0076811133607009, -1.356120515831684, -0.8698481887317525, 1.8082730428949927, -0.7355812517602779, 0.5189909400195526]","[0.8056360530352088, 1.431542022630908, 0.505656266720934, 0.15462104562932685, -2.075490627007247, 0.006610875764957857, -0.09217022421714574, 1.0200599739622196, 0.31687975643157323, -0.1281962568406825, 0.5150848890092481, -0.03885987552915249, -0.30880338260678897, 0.23589927268381197, 0.0740251616713546, 0.1436404430717089, 0.2329718978645681, 0.42699785442843946, -0.8332093767147234, -0.22909924999392078]"
"[-2.7450652408186373, 1.4596558131150257, 0.8666884422692193, -0.9233821326067754, -1.2308632220589606, -0.4547216072725897, 1.9400841839210736, 0.011179085081304435, 2.7623661273329185, -0.3733790804982849, 0.24575017028236934, 0.081591440166563, -0.10977314622205481, 2.196356317272528, -1.1090285061296716, -0.005386172887831077, -0.6089224184657603, -0.9816987492397551, -0.5088527149198016, -0.5705644457167041]","[-1.1212035712140977, -1.8073073294774127, -0.06659621690705499, 1.350782795147264, -1.0185366432685063, -1.1895127361752111, 0.05214742729450983, 0.08573841962731395, -0.9137840608323122, -0.3998346158143481, -0.4954847077700091, -0.7982818750977505, 0.06052628115801724, -0.5539261336713964, 0.46174025141948266, 0.18309639127262117, -0.3327581223446033, -0.5782485780101677, -0.2905810397711823, -0.5907881479987349]"
"[-0.6820976053948672, 2.0356433193991874, -2.1287640948473707, 0.04604329213817262, -1.8361280652458074, -2.2225762719095625, 1.9320521171933362, -0.05039904401276685, -0.479235571955049, -2.7654899482819344, -1.3466358729796741, 0.5598244180854463, 0.6633128705946302, 0.2608199980148674, -0.3463666152096959, -0.19108264359179042, -0.39145768495668987, 1.16143265488576, 1.3181714545948373, 0.021124296613899796]","[-5.2042261684024735, 0.41298155417806437, 0.32186887266922565, 0.07819969864754704, -0.29561930015277943, -0.7903267344102621, -1.879331787842968, 0.3685260149387563, 0.7236052184574534, -0.5223386659002672, 0.47976106061705415, 0.6301156240162437, -0.5305774081229856, 0.730667452010428, -1.980614464256779, -0.9919083853822985, 0.38046698851974686, 0.46153386051115325, 0.45461058404494026, 1.2571314390272015]"
"[0.5292187107118241, -2.671489551847769, 1.6385777135677277, -0.7103562811953986, 0.6034476825331818, 0.4580586295986788, 0.2518341600995182, 0.2751566403346359, -2.487248138960366, -1.4367572812921392, 1.0364046737319228, 1.7626894446725612, 0.8304546428493828, -0.5857447438070188, -0.9969423484799598, -0.7467695815390212, 0.6232161637874667, 0.4136438155101459, 0.9150326481295267, 0.1821029789905803]","[0.9369706410351601, 0.9758530630478162, -1.5550690503330549, 0.5681508112557503, -0.048925727826628226, 0.6100545818847799, 1.1333012754923597, 0.8478218782137444, 0.7489018515526432, -0.13143954720258505, -0.46408442627274465, -0.3513342687145696, 1.1200235451612577, 1.031755533407524, -1.0171469133817077, -0.5585450057972824, 0.20160113782825476, -0.7232467122294365, 0.4689214601845801, -0.5242343190562606]"
"[1.842604982109294, 3.5622563688070787, 0.18382756579798903, 1.243771054208071, -0.6238932787801429, -0.15832477150546068, -0.9205913770635948, 0.15964568210110214, -1.7083034635803371, 0.09179245119733201, -1.540588291953843, -1.2547287741377344, -0.3665891685581764, 0.2928252302417706, -0.15515939904597584, 0.18712349895679797, -0.10238617528942807, -0.9902766305721199, -0.17835290546549537, -1.316023074372347]","[2.885584285555477, 2.3570853940129552, -1.146035010729747, -1.1741852035210496, 0.3956249435205301, -0.6003551890171809, -0.110592788048797, 0.1823452505673876, -0.43273730321876913, 0.21489811206272214, -0.03550979515825824, 0.6590305621303192, -0.057992679732784616, 0.7912048239750651, 0.26760872044604506, 0.004623380662246333, -0.9640649675946819, -0.27190889776797345, 0.2803466061714462, -0.05011367844243757]"
"[1.8385203455755272, 2.207966166311518, 0.19421861405424917, 1.9584859691118013, -2.2600588944077584, -1.8754576697809189, 1.0549277739894978, -1.5286198940750122, -1.039548327869082, -1.5044774548333912, -0.27417198197367726, -0.9631981152374491, -0.039829427790764926, -0.5959800849452991, -1.3449998675815416, -0.5393211508960348, -0.03725282683239505, 0.5419125297163722, 0.35884315252820814, -0.6062270083227705]","[-1.6241518999388347, -0.5449763386023536, 1.7145490637021081, 0.7536967530695513, 0.9815650288963895, -0.17740781246993925, 0.862446970705152, -0.18599467326602653, 0.39170371856692465, 0.2799279277084761, 0.3240318359711547, 0.9990123796526187, 0.9298566776218768, -0.6244596765431483, -1.2381496013932245, 1.1138788513941273, 0.18723292560489765, 0.6302809218484929, 0.3385786675603252, -0.6509853487901913]"
"[1.5609994193779921, 1.7995734149697293, -0.8485587792667257, 0.5216986329597031, -1.2278488433842545, -1.889173336041436, 0.2565948434681784, 0.4613661334830834, -1.4981042087871197, 0.7392546537418826, -2.084661490445468, -0.13064432690571912, 0.6302547997012936, 0.10957725524328726, 1.1099449239346106, 0.38295777438840845, -2.164081287900695, 2.2565297380213774, 0.16932287245963143, -0.042585355932910816]","[0.885259445451459, -2.3365017538148205, 0.47869641509328964, -0.3815287019402035, 0.5446272506848054, 0.7368827642295105, 0.04769589382764465, 0.4371789653783161, 0.42807990719006284, 1.2954137426330807, 0.5922468535939696, 0.23140458784860765, 0.14385394108530244, -0.5638081723549605, -0.083709140151641, -0.3890764547424139, -0.061196019756594826, 0.6139258699149426, 0.2491321914881454, 0.9867880783594614]"
"[0.9898698611470071, -0.4450779538465112, 0.9647183530383351, 1.5934809948706958, -2.6179692704454043, 1.8368719101141442, -1.3143698766820018, 0.6373273536512291, 1.754026239428804, 0.547580364746856, 1.298285106256173, -0.032078772765990485, -0.49238714971400477, 0.5400984712592073, -0.6775457716810036, -0.5458830423316153, -0.8930830041851532, 0.24168745853710596, 0.4653488648630466, 0.43614718904438543]","[-1.1356447036555457, 1.441279412339074, 0.8685496821610849, 0.8530567722403555, 0.06464966981593516, 1.053983055886042, -1.938847850969, -1.263947958411891, -0.12552255001803006, 1.3237953385078498, -0.6352124624800602, -0.7983489724026144, -0.12163192781685678, -0.687335043461026, -0.5048860422046855, 0.5075143939608922, -0.5825016143587147, 0.40531662301992893, -0.11974082214321304, -0.46138084686718916]"
"[-3.462179858415611, 0.3112141358018224, -2.7700259424847804, -1.140574106879182, 0.26624558311926877, -0.06847318799518763, 2.611645585433725, 1.3887707133159872, -0.2125467363473058, 1.073926125599804, 1.2995982843628657, 0.5407197039171655, 0.013994232959367399, -1.2151783400502794, 0.7739762404079215, -1.728909903625705, 1.327292025184924, 0.6694232722055611, 1.6391737247298719, -2.7167862699959304]","[-2.476765872891536, -0.4033287002235301, -0.3056850992548975, 1.3719980576300466, -0.12935717014849987, -0.008089824198246982, 0.5492116907396433, 0.4957182743182069, 0.971253007359997, -1.1930373654299815, -0.18017798172689126, 0.031556209841898226, -0.7365634865237626, -0.6717501121146914, 0.2572664460892435, 0.332019721807996, -0.13911302111358087, -0.11882664599845581, 0.1356589370569354, -0.5980533852850519]"
"[2.690530972893347, 1.043481117873247, 0.3239370042022916, 0.9354895139263564, -1.0920146626101876, 0.425720720189721, -0.15253250577334782, -1.0002049074719397, 1.3536500396040327, 0.35100356815352185, -0.14234436776379772, -0.21583188782657126, 0.4111781965248901, 1.5576302325955145, -0.9170133702808458, 0.5457017629870324, -0.4552436367316582, -0.038664990377246, 0.48663421294810205, -0.33453024920474517]","[1.3414456554559078, 1.0495895348064423, 1.3039800410138045, -0.8372596689664016, -0.4623947323654973, 0.44302162375741017, 1.296375527548425, 0.7307454589013768, 0.6513426820933913, -0.10471013831799608, -0.5422838130141825, -0.5746521129259096, -0.3878214625412045, -0.19803280152800892, 0.4809242144101433, -0.09969023926760034, -0.009912310522938977, -0.28072652441764345, -0.2825761389398016, -0.34888659741942263]"
"[0.05338118908177734, -0.5565187515757123, 0.5652957537445285, -3.344685859465164, -0.7123182575245232, 0.18162389169580903, 0.010218543696746041, -1.4572399955882007, 0.8403824488615549, 0.1107219328084219, -1.8244614460305644, -0.03590538912660314, -0.8342763236990307, -1.0876748908928722, 0.33052810604422145, 0.28560402940941554, 0.20516587193794206, -0.0930673028520594, -0.4007315172922043, 0.45510893041172584]","[1.6503173227020644, -1.1162912639491733, -0.24851391481087778, 0.37062875847086674, 0.4388827619162373, 0.17519686310050006, -0.7577762664068015, -0.8777286518223691, -0.2153649976594719, -0.9609349929601243, -0.645658815917415, -0.19651752504989978, -0.42721814178565926, -0.6211417031863045, -0.7795853987458002, -0.5057838055813627, 0.5116039506150215, 0.45009310027298993, -0.83546520023763, -0.02998698522735592]"
"[3.368954324201007, -0.8799573341219785, -1.3306488564730088, -0.5617473801757807, 2.035470935209189, -1.9351999379453912, 0.9106841858598032, 0.3216437303260087, 0.2589820210870582, -0.2412572520786873, 0.4841575526942574, 1.382277289739864, 0.39545125048256297, 1.2433375227250243, 1.0526538933234602, 0.7069722173696692, 1.1023011682334225, 0.5906242747688204, -0.10023725433690839, 0.835151259696982]","[2.3897471616305554, -1.1980572271321275, -0.32676429541191215, 0.43814901137152634, 0.1688283361902665, 0.1441386901128271, 0.23496180412129739, 0.23662626309703147, -0.21424901063862625, 0.13076542519309, 0.91918511392961, -0.09423108677445374, 0.9316675577383439, 1.5548443545515498, -0.26209310244575046, -0.9327929073695972, 0.4947248724246802, 0.3272770622571081, 0.9718071223560336, -0.7820953555997292]"
"[2.4261153264326603, 3.4033161940881502, -1.3737562195417274, 0.13289596468157333, 1.2893434819551217, 0.39578815349538626, -1.65125176956161, 0.43956681421443605, -1.551437506971559, 0.6664098829029067, -1.0924963353311412, -1.0722314197592724, 0.6971638003254745, 0.15844036053360744, 0.787794318814171, -0.43962299090238155, -0.5016014920013742, -0.7139952907770708, 0.040857274542095715, 0.19342610104721444]","[2.0346643440946712, 1.4990573486543128, -0.19415661013487534, -1.1767589368397469, 0.26694868953880957, -0.5344363911120155, -0.11284442897092081, -1.162624149238161, 0.13761036506882715, 0.06753560146743037, 0.45958692237617865, 0.7131471105069507, -0.35458421043151606, 0.8413435912821111, 0.6229963782931143, 0.21616720185242455, -0.7074300036845962, 0.5097530458542375, 0.122649371439733, -0.12991731284242725]"
"[-0.1419485894457179, 2.041548529139198, 2.437452410103698, 2.5656731953304006, 1.025248725381503, 0.3278244735734761, -0.40345019657334313, 0.30897117906902233, 1.105870296272078, -0.35433106414717525, -0.4216011564065495, -0.11652566000382435, -3.012908699089778, -0.29468742115681507, 0.27961251420691924, 0.5424158041051186, 0.07850551961468946, 0.5622067722087049, 0.34036742413967097, -0.6439028837653752]","[-3.7381575235780247, 0.09827544108768549, 0.5591268167056168, -0.39626467453031156, 0.44368512466448623, 0.2346837738337452, -0.09486820936420347, 0.1553193120602568, -0.7935529821111946, 0.4485930283871545, 0.6673801605720652, 1.0930964534295615, 0.47567742639259686, 1.202443368218889, -0.7487726509312896, 0.5266600897589316, -0.0849512329873482, -0.7956655824046128, -0.2961061379883716, -0.6800110040521286]"
"[2.2480277759607503, -0.07007158554257331, -2.1042935458102683, 0.4462047365169335, 1.693583387195332, -0.8978328781983549, 0.652113584897908, -0.18828992781731008, 1.7045823557646698, -1.0433908472870803, 0.7661334438439692, 0.756496440117266, 0.8467415954698397, 1.492623839741811, -0.6451465316699635, 1.0654626027221976, 0.9971894932015691, 1.562346460069357, -0.14101831267946105, 0.03693200156113178]","[1.2702781281363325, -0.728347418853355, 0.6493142838417485, -0.4973931819776677, 2.049287765281634, -0.9362827069251386, -0.7477096150969936, -0.3103554623469184, 0.643290940267903, -0.18963343490836096, 0.15920105354552316, 0.3236390519221085, 0.09355863714527023, -1.714700732285056, 0.4076839576218228, -0.5215897120792583, 0.4435843204189485, 0.3289286498445137, 0.020196539859412353, 0.4989212072912459]"
"[0.47685604520668073, -0.6894080554982471, 0.5296247156266718, 1.1146380715535271, 1.2770653489647703, 0.053404473630443816, 0.19133588639322535, -0.31709366698305846, 0.6516840577428765, 0.15249937674962005, 0.31095686989994525, -0.22976692244413893, -0.09279775270937647, 1.9058583731009524, 1.1725557798335122, -0.25086646866217965, -0.2353000262973902, 1.6113753290458657, -1.2376200179372114, 1.063770401753919]","[1.4904839553875644, 1.070923552385854, 1.1236020245174034, -0.05849937608131228, -0.848324144693323, 0.39449916440704297, 0.6097338429552415, 0.7495161974446347, 0.20398354919215245, 0.1309247426976766, -0.5254420810006438, 0.006649300162924418, -0.3765517784058904, -1.0152014201970871, -0.3882530640976409, -0.9711269419083793, -1.5586219532466938, 0.024886977108497785, -0.8833006914808746, -0.236295224722971]"
"[-0.8347121383149113, 2.9755907363589538, 1.8564409059535034, -0.8398728525198268, -0.04442565752056195, -0.5849290873940671, -0.9030624406623066, -0.05300094401852951, 2.511014308193725, 0.4927280759919127, -0.6890899336915954, 1.319923745657085, -0.9404434154804906, 0.1453685053501335, -1.372789465208244, -0.1743665978008008, 0.5420980634710892, -0.008910403979444963, 2.113482513166196e-05, 0.7609223118934308]","[-2.7576141111833348, 0.4687934166602931, 0.34782802923373785, 0.39754688627019824, 0.18955763611951598, -3.0048211484710454, 1.2521723135546177, -0.1298930798314274, -0.2546608973484286, 1.2919965983530737, -0.6503495016273431, -0.10408036151387845, -0.4178210973732225, -0.5444185068426292, 0.22925113530661728, -0.4950780872076314, 0.847094326160256, -1.0515371740086044, -0.1653298144009155, 0.5831002848666738]"
"[3.5846293847137463, -0.2012078164831801, -1.7455467277064787, -0.4462575744249429, -0.37148345830754204, -1.509361436119374, -0.007531167128913377, 0.27492899034560386, 1.6465317125292696, 0.0066719412993729455, 0.9225584042563983, 0.1093647430080676, -1.0772987380131205, 0.7382770105911238, -0.4197948312605412, 0.768550697727469, -0.18354505234812662, -0.7949228906302716, -0.6140078659240038, 0.2839734737444153]","[0.9285109120196833, 2.142388411045505, -1.4951088662717003, 0.7054175188171238, -0.043243522370166085, 0.5892231894890583, 0.06035777264566091, -0.05897029133224845, -0.34227134730451125, 0.38519503153576995, -0.14516920905295133, 0.17982571188991994, -0.30291334974866957, 0.9552188659077946, 0.2747107548347324, 0.05135922542448232, -0.038445671189982454, -0.48694945650072474, -0.2682144535477955, 0.8462289788872467]"
"[-3.747282289967119, 1.9036142252236405, -1.6247577617200197, -1.2635331213299243, 0.557245631153704, 0.38823280229214613, 1.3869570605541544, 1.6269876612515313, 0.6755137320511516, 1.6858816117477613, 0.9062198389472307, -0.4339744902225243, 0.9392505823933387, 0.7123962310380065, -0.6479659549358423, -1.0453728013566819, 0.29660280420758023, 0.2916264664239643, 1.5770325832468597, 0.3937892962801992]","[2.261614649328239, 0.5899578206800516, 0.1759244838583139, -0.18518209394178747, -1.001090923020864, -0.7037593014557791, -0.2859380050325176, 0.6606098236003433, 0.09138611772601103, -1.0130807890934066, 0.6125739879009454, 0.09143466972617081, -0.02621359024695469, 0.05283207415705933, 0.5007016913727833, 0.6273067641621756, 0.04389009570684075, 0.67706866759449, 0.18687364884237562, -1.1677707320493949]"
"[-0.15019661481832863, -3.0125725170277944, 0.47621433334076263, -0.08367773777481144, 0.7506611670799899, -1.0482223960582187, -1.044457532032617, 1.6548598351584742, 0.44001313415802484, -0.9603225901473156, -0.6354045815051418, -0.49588931195980945, 0.6910951882759848, -1.800452450733306, -0.42618566691781734, 0.937158782504841, 0.33665133723722523, 0.6434429979157619, 0.3055682511777876, -0.6955648699179193]","[3.8057917799276315, -4.398751094475643, -0.045620560038310075, -0.23902668855087283, 0.1580459208330912, 0.49713987102699597, -1.46547268593397, -0.13749010201525785, -0.4581370352787226, 0.027378699671746217, -1.0158243042377868, 0.05766075604119549, -0.12643208465086514, 1.0625161749881746, -0.2194226296423631, 0.10424460128650465, -0.12303766820785043, 0.17434147928405586, -0.29435805561659767, -0.46576480498481604]"
"[2.2115947068824786, 1.9602971869391572, -0.621254581671484, 0.8247799958462693, 0.3699314907097898, 2.3876644704317265, -1.834923338840958, -1.0754180207926138, -0.5659722206103902, -1.2811079452179797, 0.875334847380604, -1.5957481027276847, 1.0189763317030565, -0.6161080786770085, -0.03068563347689531, -0.9957797230764128, 1.3531879501388764, -1.0384837829281002, -0.03543203596086888, -0.8549859833721283]","[-0.04575649472609891, 1.3741101340760224, 2.6610729254767254, 0.8871953155367155, 0.4883512787582311, 0.9146512388873262, -0.2528430343986486, -0.5899801254799097, -1.3479604374227825, 1.2108627166367947, 0.7975103140718586, -0.6822018737116889, 0.578001484754411, -0.23515531083997654, -0.31569404135961077, 0.4546566676426862, 0.6013944004864615, -0.0003087770989997912, 0.03541146711971775, -0.2574040714757268]"
"[-0.7503282258283418, 1.3311294878593616, -0.33642114672255463, -3.9531581653211325, 1.1334610053739689, 0.4865219981607328, -0.15292677004594557, -1.0410420784535646, -1.397163735061052, 1.7017573434460007, -1.4379792104816962, -0.36085401343247, -1.5243202766642332, -0.24125644944913657, -1.134099760019199, -0.5832523935699994, 0.6418159235652867, 0.3970622639565174, -0.46884007307960446, -0.6002713734616822]","[2.9903031726237903, 0.6746866376117677, -0.8455384912628505, 0.02416736846586253, -0.4530189900628291, 0.35927931020622283, 0.8307749240036985, -1.4758557969192552, 0.9173017643544846, -0.875561345861852, 0.43933568708209275, -0.5301810473764355, -0.8505158552294491, 0.18996739172391644, -1.510536947484746, 0.302738223067857, -0.3730022205376274, 0.5613108680106137, -0.4715041890992218, 0.5481730857140725]"
"[-0.835195149828191, -0.3040576221436995, -1.7021345559663918, 0.18273424456957735, -0.03203179203371799, 1.149665028047903, -1.5521131359074054, 1.2666916322014992, -0.6876837396964575, 2.1216309762017334, -0.004705774720948668, 0.6230200255225693, 0.38172510873395243, -0.6998598172487303, -0.45033755494250444, 0.42158900670775346, -2.5575706878046014, 0.5877648243449559, 1.439317607479136, -0.9663758022853538]","[3.456623152419262, 0.4604856584855893, -1.5106251059700055, 0.03488427624202233, -0.24195597556178983, 0.6549506620346411, 0.5137626421291247, -0.6396354675917605, -6.938593613400725e-05, -0.42541590917354805, 0.3725677457123405, -0.5608501516624402, -1.2889061235486132, 0.44824569985365176, -1.422766323730834, 0.04850089878508327, -0.47991831859840706, 0.05266317334227074, -0.21285879084242168, 0.7603990001086357]"
"[-1.2998988742424036, 1.2590573516250325, -1.5590792230050614, 0.7499000968204214, -1.0960525526800304, 0.6252687587074311, -0.13378941474901132, -0.07732831137403032, -0.6797243268099213, -0.5558835635836666, 0.05216011564482066, -0.8111558420872137, 0.8641812600019165, -0.2880764884901525, 1.5409869237393805, 0.1291904332838257, -0.20963833601297008, 1.1915334702357419, -0.7328629323197045, 1.2783580573744187]","[-3.8717022240906416, 0.41201988945587775, -0.5629177293822633, -1.524459044765399, 0.09464590378817815, 0.24627800278718412, 0.007251043756987624, 0.7560822802314549, -0.295988074155022, 1.054018664709534, 0.15619600414826929, 1.3124432902943493, -1.2359753436337944, 0.5510101365284669, 0.4433149431629464, 0.04680550290954129, -0.3180437355897992, -0.4972991649272862, 0.04414059495365169, -0.7848228523857959]"
"[1.2109858428522404, 0.9375727674922393, 0.6599855543417245, -0.22961970196111325, 1.5380269747603357, 2.083173334177927, 1.7400513924640717, 0.2692282897140386, 0.772057793891794, -0.46456800907706514, -0.03366004530675758, 1.5076002209383808, 0.4945621678306353, -0.5631985058825488, -2.053575071501577, 0.7614802872135787, -0.3907624702401698, 0.44768642458322816, -0.6883782004777053, 0.33812789416716316]","[-1.5720504839860365, 0.46715299773905467, 0.5796340549246649, 1.8448018481456752, 0.5311769006445095, 0.28929863728451277, 0.16406859079190478, 0.21931307889779705, -1.180470791638299, -0.5433133868262368, -0.9725808127878266, 1.2809042002248572, -1.1535253573430662, 0.9846296423004945, 0.24707534498250097, -0.04171567857762718, 0.11710167699572967, 0.33873283902936724, -0.236128182489405, -0.21186496013732548]"
"[2.096583172228374, 0.8816780890378011, 0.3880318217405147, 1.6168991372349646, -1.3467198908122389, -0.28675058348030585, 0.45042202624719446, -1.052883026606483, -0.5644028466541681, -1.1556596601722668, -0.13379832362446176, -0.7643418308358617, 1.544703991659389, -0.1972262250239855, -1.3179675301370435, 0.6017710388139688, -0.9652677892036121, 1.37881618569519, -0.4065593318286448, -0.9723806821619779]","[0.0794000563031492, -1.7820006761021228, 1.538094147163947, -0.056000627311600056, 0.6905407913967614, 0.17925477263647838, 0.9768638147426778, -0.0683568243046618, 0.4611807300232213, -0.02124330291842865, 0.6472445555539952, 0.8487003527472219, 0.7231656543983849, -0.8471949528332428, 0.07045639024709162, -0.1948285994212174, -0.18663411610114483, 0.11945210062858874, 0.5273574851919978, 0.49959140418653114]"
"[0.5115822584003921, -2.330121578738956, 1.5684310548830116, -0.012476051616168111, 0.247572374309028, -1.3193278826570185, -0.2956628850126767, 2.770831167655905, 1.5853232896233884, 0.48183954950955576, -0.30019500647947184, -1.7927132416944553, 0.5222547701002586, -1.439959306932621, -0.4822569218921356, 1.08288483608951, 0.426375876933466, -0.6316165816428554, 0.2877008565101758, -0.056941813958162134]","[-4.639476795535237, 0.0917297315335375, -0.8923025542599794, -0.2845806640376829, 0.2979245795425968, 0.4163959658173476, -1.2541683050334425, 0.4182648090653639, 0.9639416870281322, -0.17347375400483014, -0.10422372234842231, -0.7769471819010124, 0.7619444614293059, 0.2845413537848517, -0.16794329602929187, 0.8822203977874248, -0.3289087807132438, 1.1281458279450625, -1.4552404517198987, -0.0656244375748]"
"[2.458560704415624, 0.323227334782709, -1.5182656911242516, -0.9496174476441945, 1.7222524073009111, -1.1654635728676417, 0.3679274770417642, 0.043536528154142926, -0.5191579140009934, 0.07182036862004229, 1.3142344693356263, -0.05014819116471014, 0.287173623833275, -1.1098827420635757, 0.19162675303236923, 0.2702520546317405, -1.1827934236575024, -0.007374191438364594, 0.7076448751725659, -1.102946473279755]","[3.826180380531672, 1.1335711902004049, -0.21263407564776085, -1.289152252195121, -0.01150933539685756, -0.381845805270041, -0.06391511222388985, -1.5232010743001712, -0.26271711372622863, -0.6391331652388315, 0.23645238461667054, 0.29246030239393894, -0.11420960810775392, 0.568219804637369, 0.3781136475244687, 0.356708020533519, -0.14829953500567056, 0.9163385175178729, -0.24984282453193063, -0.07911525981242777]"
"[-4.7556952429531165, 1.48746421839941, 0.3945701421745043, 0.3916439779106069, 0.0929176204959485, 0.11076690949693516, -1.0348808916539556, -0.4845966303610727, 0.34823095950156385, -0.05020882400205971, 1.47793752199982, 0.46145700526718253, -0.9046107135495255, 0.8627094928899076, 0.03786011674516702, 1.3095382821716612, -0.19147621772922188, -0.5553609984339166, -0.2975386250959641, -0.1948943066599854]","[-2.137147809711182, -1.2293319460796588, 0.4639571140047818, 1.331780638006004, -1.2237093760189521, -2.006033109566352, 0.3684422734215344, 0.3715162575933564, -0.5709055754265554, 0.2905741631452626, 0.22294828151525536, 0.7285179458761903, 0.28729579050498905, 1.3593169476920723, -0.3494015671494616, -0.27024510324029766, -1.2448997163794278, -0.4217779717581244, -0.1506276227080277, -0.020489407994994373]"
"[-0.4829726573822656, -1.4364328166579385, 3.037721829763273, -0.6023283259323564, 0.6668555328532663, -0.2907893648462149, 0.2776864442337508, 0.17230708624048316, -0.36737427481121926, -0.9307653474261312, 0.7010959630677112, -0.02186454665912032, -0.6091106046211245, -0.8404145804041204, -0.3423213781665381, -1.4200462593945273, -0.711802042985646, -0.04280816801473737, -0.49459908965783844, 0.5439185007340421]","[-1.9064276042377686, -1.2436335721436769, -0.7255377091308378, -0.8622238164051353, -0.5835201692346257, -0.42422050732170774, 0.053283862007175185, -0.6511051880824831, -1.296101171381236, -0.01665908058853625, -0.7313027781449478, 0.0019239301740759185, 0.41971384724753347, -0.21020939698467642, -0.04549251300867654, -0.3887107432149506, 0.15254669337782883, -0.02688313439725374, -0.06533136912279569, -0.10037392460159918]"
"[0.26893921573764384, -2.0382482652646585, 1.7210576449027561, 0.27530535417908186, 1.0570414625391265, 0.16146884035831138, -1.2825585391980334, 0.5823201131409862, -2.008184353159487, -0.8685846856932895, 0.4658405369965322, 0.9558057020971333, 1.3225457348695455, 0.03950031993230086, -1.2485473840338603, -0.20138391807885322, -0.29354625013580965, 0.7118272845511775, 0.5710844788454461, -0.7331368722685995]","[1.9769211657700083, 1.6440903366374102, -0.5004645490630601, 0.09830883460532717, 0.2136048071383343, 1.138154957792896, -0.690168025632872, -1.0665706961023633, 0.08074876460638888, -0.10683194154813574, 0.1754140590089184, 0.6540256071901656, 0.32015713268902496, 0.9989042836178543, 0.3274352870065593, -0.9014412983706155, -0.13165782535657652, -0.0922702935494619, -0.5611265325627401, 0.827263260068938]"
"[-1.269715456115275, -0.6690602351007, -2.4283662222128566, -0.3080730219394108, 1.0157547421611803, 0.03312117204691178, -0.0021252277818916234, -0.32163879482293745, -1.950058254790679, 2.328428325847229, 1.8291744782542625, -0.4309910972577195, -0.5375826344027443, -0.35538564074088164, 0.1421590326839739, 2.314428551529318, -0.13675322393187866, 0.5196435423961078, 0.3460774656446763, -0.9234680536784896]","[1.2451644099178785, 1.5494188700480476, -0.38262413772602366, 2.1638318573505715, -0.37055231556167806, 1.1477313032608747, -0.43631604130876905, 0.14896567107650424, -0.01890444023496575, 0.6810623132294156, 0.24034570184997836, -0.31282270662301975, 0.16823297906094764, -1.1274366005457794, 0.6067474884495752, 0.0904745014084762, 0.2749034483303596, -0.22018234455563512, 0.8225538631851745, -0.11497454796586054]"
"[0.7828013160378177, -0.03808962675889738, 0.7587616945293051, -0.3937948409895883, 0.9449230359714057, 2.433879027347171, 1.6938657061048408, -0.09020202789325549, 0.19585213339565852, -0.5194020272511369, 0.23938119983701128, 0.6090473676933045, 0.2288556153906916, -1.433981247156028, 0.45197401465355824, 0.11138973367207226, 0.3243451465077824, -0.3123959515633453, -0.7003401298003558, 0.28117494000087945]","[-2.2731583660901937, -1.253466536775851, -0.3151812588144131, 0.14241471762797356, 0.9363899608488374, 0.9914957781542629, 0.9501954547967901, 0.09227531556239955, -0.7719408099548467, 0.048074481484107055, 1.116755177012223, -0.3246054037385303, -0.4395240603752736, -0.9420473418699491, -0.6037886566950803, -0.6729751870978581, 0.2663445710822027, -0.6359183792513753, 0.007985457934608964, -1.1887709973632157]"
"[2.0055578359047064, 2.9839541138097783, 0.11538734562614013, 1.0518697756057385, 1.3828091585129147, 1.3659705636238357, -1.8764483460886174, -0.3307942459053711, -0.190966200158762, -0.22729490110384393, -0.06472127672793211, -1.4460719919131932, 0.6756045664117519, 0.5272231088467758, 0.09886851201881396, -0.1233653877251841, 0.5369771440318943, -0.5266598411383381, 0.19833167835344376, -0.3176073236016055]","[-1.992245234228509, 0.6219272329225874, 2.4770973087143604, -0.5012285884052646, 1.6702396602034209, 0.4803995537878772, -0.661450114765499, 0.24579437820514502, -1.0762462750821893, -0.25296376796789505, -0.4378722809204615, -0.10975153219584911, 0.3245811003961446, 0.29737561914004523, -0.9001266778204932, -0.7642315954522151, -0.8134520008667315, -0.8323402697672542, -0.1261246106729337, 0.001270474325085562]"
"[-0.7455072483326394, -3.1774300778833697, -1.1298302935713405, 2.011454589226202, 0.7475952861802208, 0.6812218495944365, 1.308830984074698, -0.8460668164890742, -0.3626531878520583, 0.08061015190699909, -1.1734581203389105, 1.5315089557799006, 0.18482531606737357, 0.6103156073066989, -0.4875558887304514, -1.5688587135833838, -0.4424443364612499, -0.13881527646673958, -0.10976337874181698, -1.109447104116819]","[-0.7345110187397235, 1.6692670424922704, -0.8118513269617396, 0.7082991109556473, 0.023778719332087382, 1.4235491958268844, 0.23171935434381447, -0.9669669974032284, 0.823712096989907, -1.0487249938456706, -0.14009398185576535, 0.41753359841882254, 0.6466332651690397, -0.9845320644946264, 0.7876277257455846, 0.06387643663920253, -0.026818067865769592, -0.44277558447341603, -0.34338733582648073, -0.1337591146740696]"
"[0.3815424037826298, -2.5331504859767286, -0.3665789031114671, -1.3998759829536778, 0.4165539868552534, -1.5342961017465302, -1.9771212799101385, -0.41967144154159114, 1.9101599096999158, -1.101939892873391, -0.5252691419997848, 0.8775805838202756, 0.039936290864381975, -2.1772277833957454, 1.1255960511260645, 0.664864282006545, -0.4947649317947259, -0.060982562412389946, 0.6424965671160158, -1.7916452944628725]","[-0.07425777329667077, 0.018296708053464804, -0.3464957482742892, -0.8717082825877263, 0.256142993643408, -0.6541907775880736, -0.8223327963590836, -0.19029390669544358, 0.289024042537426, 0.03244571977089128, -0.6885032562162374, 0.36202801022621284, 0.3150376795146524, 1.2014545631463724, 0.6131940472225712, 0.2533771471288719, -0.15459202106318753, 0.5524788193565887, -0.7148415530321471, -0.5041520307033247]"
"[-1.5569396675808955, 0.7425636536640526, -0.04864029414339114, -1.008676141932582, 0.3238172574963716, -0.5993505043204659, -0.07251928858087003, 0.4362596416542936, 0.9693696764751865, -0.769369767110194, 0.7520389862869988, 0.434504898548452, 0.24439797009477637, -0.8131366056254398, -0.045543043969013146, -1.4200789857371692, 0.6914328922074551, 0.5557418316198331, 0.22020018972066163, -0.264823378045002]","[0.9911342770817602, 0.6640265254707555, -0.6383942476141857, 0.8149575527533494, 0.6928298273075403, -2.299647484621766, -0.2634869670456385, 0.8660671600653675, 0.4841776199703744, -0.3485163290138952, -0.2607224396882591, -0.4609426330574433, 0.34252288307230316, -0.6461914386693738, 0.507602482561879, 0.5534083818808393, 0.00827570708664441, 1.2095362635968356, -0.8507099557349957, -0.055735487211735636]"
"[3.196247998618772, 0.176167165883547, -0.2017166180247249, -1.7830432677610588, -0.9144728102222799, 1.3303078395619516, 1.1743614532572748, -0.5133410444052638, -1.5905966435093535, 0.857993729665671, 0.965251704575838, 1.0202315121733898, 0.627511769731554, -1.7157784221204286, 1.37389136829227, 0.21697038954089565, 0.3151630647969931, -0.9032960224404498, 0.7402988614574418, -0.28499600127712194]","[0.7262605581679243, -0.7766927883139244, -0.1717631691143466, 0.6362885695967274, 1.397879414556875, 0.109217890370546, 0.5453912196231048, 0.23065458484901463, 0.20458569291331866, -0.08709854268822761, -0.1286680536149073, -1.462515443463158, -0.5515286806146138, 1.066486689322234, -0.14900840320080136, -0.7597353801585324, 0.553520055284195, 0.5132925262926126, 0.4147419463451708, -0.9497305481513496]"
"[-3.1631781332168054, 0.032049393814105126, -0.5180212996483469, 1.6319896573093742, -0.9093938218220902, -2.8570764160012563, 0.8645056178899004, 0.9373395970591671, -0.30616460150503755, 2.9587995109427383, 0.4487495359909786, -1.1770773552407634, 0.3659714853098653, -0.20335736807617966, -0.901041662338132, 0.8598631781704101, 0.288829956768023, 0.015426824484994417, 1.3725625580947398, 0.38505943279735033]","[-1.7858667317012342, 1.5780843888056935, 0.023176391651416803, 1.4127786359656507, -1.4627680604690956, -0.2927473849573727, -0.9405769057785919, -0.041150846004196794, 0.7398905448604653, 0.20417569460720628, 1.0473808520014507, -1.067425662716241, 0.424717897240176, -0.7608043359594302, 0.26240716316373414, -0.6561549178310947, -0.7696499598171057, 0.5517276602881128, -0.5515497625603808, -0.4145928098924261]"
"[2.747987257095795, 2.564989973001422, -1.9388252153590657, -0.5249463111711913, 1.8593625848310626, -0.5341871834976513, -1.3053554063424797, -0.4778426812300385, -0.17775535055427627, -0.6251709740724674, 1.5048843313949665, -1.016139149829625, 1.861732935105342, 0.9890481368103831, -0.26626738684419454, -0.8065044595032002, 0.03669698325037812, 0.05375634683114456, -0.1635102805183149, 0.9459809742258347]","[0.8252583443766008, 0.3416538304872178, 0.5601253692565213, -0.6077563147034036, 1.960496240286941, -1.3358741074157308, 0.38395424404815415, 0.47005324287439004, 0.3668314585883407, 0.28345409655502, -0.29383953888988384, 0.15967910882028885, 0.28860894078848914, -1.288465667138137, 0.26576910800168085, -0.9944316210116082, 0.04720236410306981, 0.8408803287745424, 0.16761575339783466, 0.7711016284915522]"
"[0.478874362249174, -0.15359640303975267, -1.7419227576277119, -0.8892257306638117, 0.9251117308365059, -0.26358478437099, 1.1059126663587922, -0.5650578766876059, -0.12532380520669675, 0.1966537631580116, 0.4266984594618825, -0.8544967485488797, -0.15329010599482937, 0.13294445777163888, 0.3255329575265655, -0.06421305992997507, -0.9311174638683107, 0.9436051644744694, 0.3580116562322635, -1.0836882250000721]","[0.02432794013877769, 1.1131207071827576, -1.406592281524368, -0.3019495004546788, -0.34166927139909403, 0.5581171859729613, 0.8862701831966968, -0.8811572852988221, 1.1471153664579454, 0.25274217050009257, 1.0717868433371769, -0.4517878578017872, 0.12492200884196275, 0.37672484268822515, -1.395842814565364, -1.357468254288858, -0.25178192599452626, 0.07521654001029524, 0.4887506508061114, -0.7058078083478975]"
"[0.3096197844124408, -2.938203311989622, 1.201465599328238, -0.020896197748206585, 0.21764635423661438, -0.9406123698596296, -0.20996705272786848, -0.567294229938286, -0.8577610233371018, -1.456150978575504, -0.02523757361956079, 0.1570157784737997, 0.12084952453312431, -0.29895439974354415, 0.1417485154997402, -1.183587297789301, 1.1445015517000985, 0.46168212295466743, -0.7932429485668981, -0.1743309977962603]","[3.0702390709557883, 0.8853567448512832, -1.1380633870595345, 0.009172107142835725, -0.3261502372386652, 0.47180598582261896, 0.724746886504039, -1.086479355514504, 0.6386534973286657, -0.7896888636408259, 0.4200718310559174, -0.585290262470006, -1.0341901649507446, 0.2555113060208185, -1.4598185344824277, 0.19627836013577304, -0.31058712732127586, 0.5297545525705089, -0.4237604586647305, 0.61245810379009]"
"[-1.2779865845985963, 0.4950192323710904, 2.1519592303189268, 0.5409801748092902, 0.5169274899301997, -0.8233755246688266, -0.2274744303202155, 1.0968656667250969, 0.012561469252160276, -1.2282284307570135, 1.0936159217819543, 0.7702009919832452, -1.2872569579168405, -0.33527870161488926, -0.9127833943844815, -1.2109048473343944, -0.3348717313066603, 0.4494890666399182, 0.8736665173195612, 0.6874323162815448]","[1.9959765952767365, 1.4666272034535852, 0.7409057927365397, 1.5223765142275494, -0.6999982913579232, 0.6710197664739661, -0.8127175711265527, -0.6167533733855219, -1.2053235003656746, 1.8574286133913505, 0.7043196015292064, -0.8605792520491042, 0.24353230074344645, -0.38051554920238034, -0.16644633626808925, 0.6805896022617757, 0.023766932182184078, 0.034291387980620196, -0.2293967150772624, -0.5390476067583923]"
"[-0.8004611888586891, -2.5546335210011417, 2.297210020095903, -0.7999603675242217, -0.1264390514919944, -0.8434188690050959, -0.38510589757878766, 0.93515215128147, -2.5336573534160634, 0.3999362042907955, 0.9579062393646489, -0.43123121669623776, 0.20314648010175643, 2.1653660874101694, -0.12427875571697758, 0.30153649882588124, -1.2713108385973824, -0.7114386664629084, 0.0485248343308844, -0.5766187524539008]","[-2.448557627063421, -1.0481084083881664, -1.3177545863197415, -0.6048119789266378, -0.8539179357368286, -0.04684833991926326, 0.7647274702097031, -0.7145805740974882, -1.573690594284835, -0.38869965023734926, -0.4761371330414402, -0.5778459118514396, 1.5458111409674975, -0.7030943088466457, 0.10618867046267476, -0.3371497227284629, -0.058563207739516385, -0.006188303638034834, 0.14126797158876708, 0.5396270640523575]"
"[-0.7256018703413082, 3.6940259834912452, -0.4470268486953622, 0.4044644985760446, -1.3895171048217236, -2.3634759692127427, 1.8274833600280056, -0.271200959967898, -0.21914458924757835, -0.9078876135855767, -0.7633160530820584, 0.057926076454581775, 1.4491821127694116, 0.8995188402280592, -0.5073810136754443, -0.7866328671524674, -0.3085234512875215, 0.35740290941077385, 1.1198882211935652, -0.1836860412193706]","[1.5728539971701565, 0.9653099424037236, 0.7576862239444709, 1.6301076395223313, -0.4394163493531918, 0.8397031268995059, -0.5399821581223215, 0.041265171134727614, -1.3979815317232789, 1.5570954764992748, 1.2798621350215593, -0.057413725991914195, 0.36049587468349326, -0.45349246648959224, 0.12661185966824584, 0.399131199462519, 0.5596971261186673, -0.1446592323906256, 0.40563794759211763, -0.5667096788336721]"
"[0.03347068103665677, -1.7076043917197588, -1.0304039688795328, -0.5926795286155337, 1.0680755646139974, -1.3510570521419807, -1.1389394404528776, -1.3687511315216698, 0.40108847792298374, 0.617711250937746, -0.9646608472295477, 0.041844737386337566, -0.8553751977851265, 0.05116626049149344, -1.2138415670632157, -0.9019355759813216, -0.1883974698143958, -0.31562371397840927, 0.48443509072558993, 0.46638595319216525]","[1.0877889740912052, 1.6386945184821788, -0.6523785908928164, 1.8345734368919435, -0.135301816587737, 0.6877933366901451, 0.0772765649178009, 0.4878667942529327, 0.6987770856697679, -0.014032258646112026, -0.5425364800414098, 1.0345678775175149, -0.12344626894449441, -0.0015065400748510817, 1.1197385204748533, -0.2078154389865978, 0.956493945721452, 0.20553621973723415, -0.27528625877312146, 0.5659103609437668]"
"[-0.21961850222071458, -1.397537673544063, -1.8996033389251576, -1.1039560376406745, -0.41141259226367094, 0.46201303580720254, 2.3962257479501674, -1.4499220609044081, 0.8538246999406303, -0.11473067273474803, 0.07224414225925166, -1.9067070916549071, -1.381520617204451, -0.645436896349659, -1.754933405839622, -1.1847765259989271, -1.1448332811507393, -0.6374539909410794, -0.9386723034131654, 1.3307524471492163]","[-4.882297832088059, 0.8457921183266816, -1.329096119017715, -0.7598025747623353, -0.19626578365318204, 0.2913549474814591, -0.887464914773739, -0.5627737956151645, 1.1176060032650676, -0.31308620968672196, 0.8411259464629206, 0.08528444901839809, -0.5955657789548213, -0.5125898932497471, -1.0026054001719342, 0.6167059534932884, 0.7097611451949554, -0.9058008777400108, -0.13276779341929226, -0.1626086672988286]"
"[-2.073514188932783, 1.606896025417638, -0.5677246688326442, -0.04909945410171114, -1.8173700968603497, 0.5624670996649646, -0.37453462899545154, 0.6171313796648937, -0.5328205262540265, -0.5057136662453924, -0.9407809250544248, -0.009886005163028578, -1.4965378196307417, -0.8672414156337573, 1.019093887482841, 0.10905211282549698, 0.1085472730304826, 0.9260071974648881, -0.49093874372603047, 0.28396698198679166]","[-2.9598420707928406, 0.3186205539247596, 1.3091315526277236, 0.3598965546262279, -0.39886766811871804, -1.169932683316288, 0.9357367293900546, -0.9603870404380651, 0.21641788788821728, 0.7651012177476405, -0.14942768400836956, 1.2533524763950874, -0.004850008270619952, 0.6395867728417172, -0.8416947308159056, 1.2496552784267094, -0.5105817362418615, -0.050680595726929394, -1.3330996972980698, -1.0560919456337337]"
"[1.30242146768429, -2.5814709650760403, -1.1087582879996971, -1.100233735889478, -0.3234062725720829, 1.1132334192086142, 0.495308341685001, 2.28897493537913, 1.292391771750518, -1.1248253417320384, -0.31718826568103275, -1.0391363589657714, 0.5878942301616884, 0.8688074982371161, 0.014204948974153959, 1.0144821980020486, 0.7078962947245044, 0.2793812117329052, 0.09566275987971398, -0.179463037539703]","[-2.114746254333558, -0.6585377921911071, -0.3977689962386086, 0.02558685329215118, -0.05962902764653467, -0.050146208494489544, 1.3071251628910474, -0.318700845217342, 1.3135197061301058, 0.1783457462040639, -0.5251916323077964, -1.7932757325309892, 0.42612405001850295, 1.6504521948838453, 0.17348292168296942, -0.20944176610357418, -0.45140502415942646, -1.3104422782803478, 0.47098769519815104, 0.2103750703752906]"
"[3.1572643579013837, 2.181121518074593, 1.1522911229930024, 1.4787857265348356, -0.7844520242199078, -0.9442878973605074, -0.5613369428425514, 0.13635189604994635, -0.6303028095263075, -0.11868871940232714, 0.2269977912670272, -0.7075489438654787, -0.026621813350325044, -0.959211595049934, -0.5068771491536546, 0.09676166521823473, -0.16756744400454818, -0.20601559772049735, 0.36398812339826303, -0.508222279875864]","[-0.4844144669349921, 0.7695914737835081, 2.661802599618065, -1.1098479520296716, 1.7229415180084067, -0.8033671359793417, 1.231572665301622, -0.6135228859612201, -0.49363006387693903, -0.7866476250502993, 0.2170293279967094, 0.0752102743163006, 0.9683147995990177, 0.02667202661284505, 0.7231217548163101, 0.6551402871365634, -0.4392476273632738, -1.0086322931185598, -0.20565306504999964, 0.3267574736203202]"
"[-4.180298880057761, 0.8024762584487096, 0.5591109195240066, 0.8166209737123893, -0.5056138483697143, 0.7195622876582175, -0.7688110632539964, 1.060726347851056, -0.3519061895958289, -0.31940326043019296, 0.8982169923492106, 0.6609602228577385, 0.12169111698276526, 0.6786953261746538, -0.472925680599622, 1.5840024415580662, 0.6425226560581148, 0.9914984363644828, -0.034669766627784204, 0.445907858507737]","[-2.8341109588714017, 0.11425465952450334, 1.1211717271109882, 0.8744311596998343, -0.7935391119711546, -0.9389204405722604, -1.861949937522675, -0.13960010790860203, 0.014325672037099297, -0.4965736195524848, -0.1307254377678142, -0.03759325182258901, 0.2834028461841803, -0.24121226823155067, -0.47471620687178473, -0.061654318000084675, -0.01394434077850479, -0.3394496298236813, 0.655410112049601, -0.8770476597916763]"
"[0.7277541702767752, 0.615690154049329, 1.686569322409494, -0.0765955817016404, 0.7594316061995499, 0.7540667154142509, 1.8760502565848112, 0.7834866783055617, -0.10321786963012691, 1.928874702488928, 0.6481819024966244, 0.6316335321077602, 1.0693846998640597, -1.1570561558250376, 0.2904781672186117, -0.18181217324939164, -0.10395788949081206, -0.3682396579848511, 0.40588727904337896, -0.6785812531074018]","[-2.567454191890311, -0.7326366694844725, 0.31133873489359765, 0.2411619683417325, 0.8536960728404659, 0.5173616258468307, 1.5867124015856158, -0.2228268057838841, -0.3408640704690762, -0.5932731913365075, 1.170184037054966, -0.23084485368180163, 0.04498787281558187, -0.7148490909282581, 0.33120202811542365, -1.1631974820127378, 0.2881134676555505, -0.45482860800627156, 0.7585971286073783, -1.2602014685631118]"
"[-0.7962552685526594, -1.0802724851106706, 0.8002066166230275, 1.3901151706296002, 1.519858088448727, -1.5802374664862853, -0.9829224220738844, 1.467501184111573, 0.36067837535141367, -0.2616594804691195, -0.8089180142875018, -0.5399008333564003, 1.5245616530458568, -1.2935329608796835, 0.5481739467616673, -0.1832795129817946, 1.1628290940109967, 0.3531042438619695, -0.8164567677281389, -0.854721382232195]","[-3.1517567692271595, 0.7246162710343194, 0.3981550458998962, -0.4352690729862365, -0.7023492254731614, -0.7889963696493443, -0.633435761063688, 0.9761660056804023, 0.4579510193062985, -1.022382305663454, -0.5580229372607958, -0.4717068531523392, 0.46622106298727606, -0.16097588814325872, 1.0302589070487131, -0.13650618718639693, -0.04692036408322392, 0.86175577899135, -0.770735007961263, -0.010641314889987494]"
"[-1.1998154787583792, -1.687655440992306, 2.0961388403561028, -2.3247565869534643, 1.2378905680774108, -2.340738989191611, -1.8607915010755312, -1.0887940871430557, 1.224729794386948, -0.06246635048023991, -1.0871297639107491, -0.34760219212573273, 1.3273356920822954, -0.42057025275715537, 0.9843218535467994, 0.9465541023159014, -0.2783074610661619, -0.9424494351237287, 0.3115383510748504, -1.1542399552877547]","[-0.61719147481085, -1.1013059195125283, -0.48207016575624057, 0.35847395917007124, -0.0007708549556308925, -0.547389777175697, -0.39794331232490976, 0.6200408829055606, -0.37850347893687636, 0.06835974816336819, -1.2592045594670243, -0.6104674020410049, 1.0519070053384172, 0.5047825985838847, -0.20561270050949526, -0.057980230436909266, 0.7687253957476405, 0.0552455833358573, -0.768730123457028, 0.09171438838905184]"
"[-0.9624198875665789, -2.600688365876713, -1.2323747275592147, 3.142669990641513, -0.05924321095777487, 0.732668750278126, -1.2424831365218512, -1.3425989465491004, -0.3349753409898823, -0.18036220883212176, -0.8900272419198967, 1.3562507047622376, 0.9887358401754054, 0.6031515001646458, -0.08607118797113633, -1.9501254240480534, 1.1710687358568765, -1.1684272060050351, -0.6191802213702784, 0.8757918334720639]","[0.6142217495830218, 0.9204060899807075, -0.0816820458359791, -0.5977285122141434, -0.4890074740557612, 0.4646835854040794, 0.07762234209401486, 1.1169944313740403, 0.37634997380207713, 0.33320464793608967, -0.1568723905236994, -0.6762120412331725, 0.7186820956167611, -0.8511586615994718, 0.8286508713163755, 0.4657614680260682, -1.0524207964302021, -1.1060571978970477, -0.19245813452028257, -0.4172009637386586]"
"[-1.6992061089558514, -0.13250202060977487, -1.4614696706709933, -3.7324667825325952, 2.075937630085555, 1.8967818872713622, -0.00451931378909634, -1.0304106789479393, 0.6117416070768787, 0.16862754551127004, -0.8361661648667407, -0.18492132715870718, -0.568094355599283, -0.26334202757482905, -0.7779101285083809, -1.3515510185679735, 0.6414206159684861, 1.3162282992399197, -0.8745061897961696, -0.3838314950582739]","[-0.12567184310467858, -1.8756455842509137, -0.03595456791574982, 1.7563385765633817, -1.156937748393833, -1.3040205869950516, 0.40572744766493835, -0.3012067314595418, 0.33318968606876836, 0.010438138345935438, -0.15153771774365996, -0.03548737799158931, 0.3039325846022962, -0.621213573602519, 0.2365518904407124, 0.09013495362187492, 1.0599268720390096, -0.03276445812629801, -0.5331193559264381, 0.13024361250695954]"
"[-2.0906084420790028, -0.576704697998488, 1.864468755317193, -0.23211065212836662, -0.3491434657664358, -0.10150047456002949, 1.057675442433677, 1.558648357453368, -0.644031317821442, -0.9086799347133214, -0.4539128602600765, -1.1063834797511498, -0.2551112209831833, 0.2414127698489199, 0.448106668921417, -0.12186999358361456, -0.15595025557593925, 0.3548024319668271, -1.700199019088134, 1.2701210629413708]","[-3.5673004587717094, -0.14493350623154055, -1.142011075945477, -0.9387453584304598, -0.8368169702867678, -0.530290675323986, 0.20613794925846632, 0.14478625267318124, -1.186586218990459, 0.45943800626049225, 0.2265072535119268, 0.46990720708687517, -0.24125567980090262, 0.2932011440935743, 0.021425259004181574, 0.10418092691319569, -0.624509416199587, 0.16065247059066634, -0.28635523484830266, 0.1121272211787208]"
"[-0.8733407008414518, -3.219868214644818, -3.301738586097841, 2.327235041977472, -0.5415068170616119, -0.24125367790526722, 1.719758330024354, -0.22317646466819768, -0.50315023799382, 1.1490293436395245, -0.8089600525563103, -1.2681764464004153, -0.796404511407804, -1.0844967441223798, -0.7172468440643157, -0.1987364020387254, -0.7419793368109081, 0.27685122292251835, 0.9239920460314327, -1.2265719719594235]","[-4.744877671258322, 0.7292485313871792, -0.9356938074470506, -0.9639717535916679, 0.15909220458969264, 0.4963023602360187, -1.502537463454957, -0.41017127312961466, 1.1606465409502527, 0.03475259078761522, 0.4445730007102183, 0.7298237678613841, 0.8308015188783447, -0.6157258917203849, -1.2947249526643383, 0.818508277187472, 0.7282371200929522, -0.8273200883984456, 0.5181540875924495, -0.2741121910319471]"
"[2.3586432388316814, 2.2325475968633697, -1.511946379461727, 0.14830203470802814, 0.8657919640236414, -1.1377948069494754, -0.20397912857990438, 0.3013775027984154, -0.5234589338442772, -0.07302791412225353, 0.503390584560179, 1.6545244435585968, 0.9662246379486744, 0.5650064614631819, -0.345437428650305, 0.4671098443170598, -0.40717692288642743, 0.33164357271196565, -0.8884830040534297, 0.09357631320939111]","[4.209070055975511, 1.0614070090310288, -0.3107790374763641, -1.442612813587095, -0.12172169284937676, -0.39649324475717385, -0.07678355189058268, -0.6339056782666679, 0.09993658283966472, 0.0039963139574275474, 0.055825199037577974, 0.9217572762081693, -0.35623757665700856, 0.09423780382775702, 0.2619501829683736, -0.03913282396986278, -0.1016877891719178, 0.39359682507105836, 0.07337248549180059, -0.522436246453318]"
"[-3.927539556216767, 0.6673478245742254, -1.2132163618023806, -0.2479215441474794, -1.3104775494779983, -0.8560072670504577, 0.5819350864595425, 1.044084685282154, -0.9992850797329789, 1.4181396223319762, 0.49485476581863475, -1.4956573201699936, 0.9989053533156834, -0.4762328476670941, -1.0958762786800385, 0.6655226479275519, 0.6140137691252106, 0.07684353290186091, 0.1996941961642632, 0.8254150063287016]","[2.226794564861407, 0.21488612993356362, 0.9276246899948876, 0.332681348389682, -1.6316174905596756, -0.4237275177797951, -0.04765715138784165, 0.7331576462549161, 0.13652055011248257, -1.1461466994985345, 0.15304164588745872, -0.18736223241475353, 0.1813163510270603, -0.6060534495957205, -0.057985379861785084, 0.2698133624520083, 0.14036204021092896, 0.4978264032383366, 0.26096367725328945, -0.7332879374758364]"
"[-0.21179467680141328, -1.465132037058209, -0.0386403627228193, 0.46006675627870863, -1.1270138014595936, 0.8968706833775009, 0.7827839787083614, 3.1721706605753206, 1.0762562598722087, -0.9229270045410966, -0.867047970292321, -2.3971128182405708, 0.44584815500254676, -0.29019091062105185, -0.48609416133962796, -0.10572661760325786, -0.0007332418910770949, 0.23825813482845917, -0.6435509503413561, 0.03281315996039354]","[-0.7514644781994272, -0.9313549749515871, -0.1341591692064618, 0.1838828093326671, 1.2576385715623335, 0.41588334209664324, -1.783350667568856, 0.3488799841919614, 1.418352799386596, 0.058992757337773566, -1.2892478559165297, -0.48912983019699896, 1.160875706593851, 0.3645718557249521, -0.6298890713680932, 0.5685853533803269, -0.9757853501526247, 0.3476244289686464, -0.6144899548055033, -0.35211458128620676]"
"[-1.7664225902877835, 3.108411936706661, 1.2518808374242065, 1.2625191764069907, 2.7411354712923237, 1.6791021249462363, -0.020904526416564883, 0.12805181171876084, 0.18776264552443167, -0.933044111613878, -0.7749654594123717, -0.6617178883086025, -0.9152881288848305, 0.2639881020185973, 0.511466942354986, 1.0092322590617224, -0.19178014386528686, -0.6601862996418565, 1.315728901698693, -0.41764355778761864]","[0.6185662578525112, 1.6329231818103611, 2.2302515412702384, -1.3348335081568157, -0.11646883525875018, 0.9229100491913873, 0.6866246331590788, 0.3109404932451632, -0.7063991887679797, -0.5664235640404633, 0.5082500779615762, -0.4842514810257059, 0.2908714075457321, 0.30383410204281164, -0.5127906105968041, 0.1933098900366422, 0.6320990594103056, -0.37887413095800165, -0.13545890517480882, 0.23319208063990451]"
"[-0.84181449920319, -2.5305302453441025, -2.3041811604249856, 2.382026422793119, -0.24443997440985715, 0.4506095867369557, 0.45282350650552117, -0.36868845758044644, -1.2828824921146085, 1.1022081052709714, -1.1998937579858187, 0.5504644805011825, -0.07269155789051031, -0.16509334960514385, -0.503380723066704, -0.32697989122178667, 1.2267210974263003, -0.5148773086015307, -0.7420614817081943, -1.4011961164302913]","[-2.639536823295313, -0.8448111978404774, -0.7686953654730758, -0.06812550374768848, 0.08979275717151497, 0.33272340484004387, -0.5825005557199028, 0.03678747310227494, 1.1756341705399214, -0.015545150415764417, 0.7737007102800403, 0.6755683784651556, 0.363244761855638, -0.5992748657275363, 0.42562328596069215, 0.9950823676680689, -0.4194186070484808, -0.23951571462093438, 0.8916346570614203, 0.2589151879058137]"
"[1.7162616529788715, 3.060256108993173, 2.1766187578958425, 1.4311458598576636, 1.381389279886925, 1.0461546408450852, 0.2451977628437884, -0.1892301172479351, -0.2547289480415796, 0.1703564405920565, -0.14372474868322221, -0.1688250601074021, 0.04736411715793497, -0.4765392966329031, -0.33649952356072843, 0.5352013067577595, -0.1921467805135999, -0.2091267180566214, 0.022210741356733496, -0.16155252513053114]","[-0.10248920836917495, 0.6293105983444296, 1.855996343771563, -0.151922611126794, 2.639620984954376, -0.45104174086087157, 0.7282662604554443, -0.979857856585565, -0.681845757657182, -0.4554036676172322, 0.48324196693217925, -0.30355888952896204, 0.5896299270514833, -0.6077748367311759, 0.8856268770928931, 0.5757934906122381, 0.12617470224463234, -0.43897774269353407, -0.288674591101096, 0.2857086908724821]"
"[-4.469532537632917, 1.262807874959939, -0.7563578481254785, 0.20661134172821646, -1.136701997295569, -0.14515170481464376, -1.2945299128101864, -0.6972519074967869, -0.7053450648509381, -0.9052083249151311, 1.848022653581694, 0.672780440298375, 1.4176579380491152, -0.3712819940900232, 0.8529324338306818, 1.597131617364189, 0.44201894116570845, -1.2607223906525749, -0.800027663914337, 0.7440528615868682]","[1.3947388420804567, -0.7261118014136906, 0.27483719376074095, 0.4001768160700177, 0.16274260127123805, 0.6184459056419276, -2.583919583098959, -1.231013239456088, 0.7464285330043379, -0.4653369333489506, -0.2399078434396, -0.0710464143248, -0.03815668290352923, 0.26470436278218684, -0.237245508232557, 0.08788363465758585, -0.19513057342016027, -0.7543340831315647, 1.7960849648651065, -0.38315753455678936]"
"[2.758303477137101, -0.16043002086168004, -2.4670641177117854, -1.1121393745320074, -1.2513827553038754, -0.8178962720157809, 0.9058493918342094, 0.37446298146735096, -0.12326728743118903, -0.5662580437169317, -1.3172001654575172, -0.2555987760089846, -1.3954227574388334, 0.767881758300097, 1.4513418282691652, 0.6271406153738184, 0.8925898597813537, -1.1979638801372015, 0.686757348128806, 1.901973477700877]","[1.8812335889264975, 0.9222211740844685, -1.5717821335665272, 1.2718205548353334, 0.38235400175307865, 1.1164578635737366, 0.1672193595286988, 0.454844807237967, 0.22526776901210305, -0.36416724321671484, -0.6019415937956941, 0.26829301616599904, -0.13664077747514372, -0.22907538453599113, -0.1836846836383536, 0.09194997286670308, 0.3309053745412904, -0.07824491696984555, -0.6477656081671095, 0.5829016554159553]"
"[1.0617333992932398, -0.19527537955265903, -1.4124771286564402, 0.15397449563733806, -0.9570417159940452, -0.6222772039792528, -1.07658432921373, 2.409107639387974, 0.8635972088586713, -0.07729339419564198, 0.0619393080292861, 0.13746325950468868, -1.806733481859381, 0.5638746233007543, 0.9404555996709947, 0.6023360718789529, 1.3885376123680953, 0.5766130070901864, -0.4348078043461242, 0.15611329082993056]","[-2.322627768344121, -1.0678740272641878, -0.09633424740262427, -0.3261989972855694, 0.5702679601494475, 0.6063846385688675, 0.38718711499454633, 0.10997873771534328, 0.1917577520506252, 1.3854111791030073, -0.4734904884916969, -0.8757725270817828, -0.4455114570889958, 0.9612371126805412, 0.74254409114125, 0.48825710693496, -1.3455629287072284, -0.08049435525673193, -0.7005217991656922, -0.16199940301856652]"
"[-0.9185205245885931, 4.182771793754475, 0.7738769970400652, 1.437791986874774, -0.24711445552148725, -1.4664953044413782, 0.4385142488276208, 0.0619345418197544, 1.0272176243703717, -0.4126038924330019, -0.36266765732466666, 0.49472660845508426, -0.4043732431806175, 0.6331836161866743, -0.8493156899955737, -0.3663413457397492, 0.8132006494209286, -1.1850869671859987, 1.0009236545159839, -0.4519197998793615]","[0.9520091310383892, 0.7106860036664583, 1.954045119119505, -0.3387102312407118, -1.1316686174040733, -0.45052594930613493, -0.3126416828937718, 0.46527465053495015, 0.5054208318428742, -0.3878745797557914, -0.26956340493482656, -0.7075783500001597, -0.31715542473269925, 0.5172108043944981, -0.5350085834503113, 0.10499138472510249, 0.19126821339910682, 0.6148902486928124, 0.14896447422294945, 0.11755915642851385]"
"[2.6284702677246297, 0.29494754492536995, -2.3707261740974985, -0.4036660871097026, 0.8423847637563678, -1.8117077304748435, 0.5040311764889637, 0.8423942963739653, -0.12701598184585727, 0.3036561934102164, 1.7847894189443685, 2.04609387993221, -1.4037059562858762, 0.9557814799815865, 0.10476724893566793, 0.38002198653834107, 0.5681211661404081, 1.233631364820852, -1.3461283857991184, -0.8680609934128918]","[0.3385031374396414, -1.9428030093217414, -0.10195715989145798, -0.0871809278381707, 0.82815430998582, 0.9879707949560871, 0.647555496940282, 0.25768087247520194, 0.4519444123872503, 0.6162929207156734, -0.12770501812319054, -0.08194427802614457, -0.3435659523307012, 1.3870719763514443, 0.6119349985502381, -1.2120949803789107, 0.5499971881416639, 0.6807877788500741, 1.3163292898454637, -0.1381028892276496]"
"[1.9146915545157561, -0.9024157911180773, 0.7035424506324701, 0.99051124918509, -0.9313252071819688, -0.7598922254611331, 1.161374729361333, 0.6395378065336839, -1.1519739464883014, -0.6295917449796073, -2.1389343699105994, 0.6465893795297002, 0.5596228450305608, -1.5083058531788802, 0.32996983326641993, 0.056300233550276024, -0.8304843690111249, -0.1048391556139805, -1.6141692659478324, 0.8801815096895049]","[1.085264154611888, -2.8310039280299435, -0.5794577537407952, -0.7355012747758775, -0.6738102620126976, 0.4639573057589869, -0.41771180836339766, -0.029411292076979696, -0.4088480216464114, 0.3861318677565319, 1.021555259313456, 0.5362569735527902, 0.42059992811303676, 0.07037484157283344, -0.12777006604594576, -0.040557180324237024, 1.5009988082963217, 0.15276409713823508, -0.6976676120376669, -0.1780270107048505]"
"[-2.9420427373093854, 1.45591770494657, 1.3646238357760576, 0.48608549529247547, 0.5919450972782919, 1.2539005883589047, -1.0243637872193212, -0.13575360557174085, 0.9597527679829866, -2.013592297572576, -0.25467861913910766, 1.3446097691629801, -0.9142851989929643, 0.3303137153075572, 1.1973154870545732, -0.2880027082426596, -1.1918706094833034, -0.5227390267588455, 0.9252939575198812, -0.05740485910689838]","[-2.1947443588418625, -0.8963579131914521, 0.8464874153634254, 1.5788601319133286, -0.9129180304715517, -1.4199520313276326, 0.36507206566123246, -0.0712962245318573, -0.4356014824715549, 0.36236770905993776, 0.09214569589984783, 0.3216332195884163, -0.06167779504292609, 1.158948931757686, 0.2401315162590266, 0.032993790085662916, -0.4329465158400685, -0.4392348927373544, 0.07691139720295588, 0.05832780725124017]"
"[-0.8624923684187591, -2.1566945792929073, 2.7306723413842406, 0.04848841101069689, -0.07628343090493825, 0.6805978498778704, 0.25094279600219527, 1.5856629484835876, -1.7913154228821275, 0.465999347900071, 0.11214151622174133, 0.15432071968308542, 0.3654252085527321, 1.1924958713899119, 0.5980359089837863, 0.8468342676218478, 0.2276673751093932, 0.5258556412321999, -0.49361132806374397, 0.25994328033026837]","[-3.9585438031955387, 0.2798206643462255, -1.1639507117173622, -0.4837387650533893, -0.1904000464415565, 0.056538869604168124, 0.2540611297285251, 0.7020555305338956, -0.2152333728400817, -0.7033547359138315, -0.9063862503360772, -0.2070123637087347, 1.4031304747394535, -0.050323016009205815, -0.15238432388667483, 0.06041760146332555, -1.1451868698809975, -0.27515598839076943, 1.0244937164661816, 0.6842641840210482]"
"[-0.6056128442869072, 0.8568957145634738, 1.2526311483012251, 0.9350506602203653, 3.39223503737633, 0.6036759590586782, 0.2670613006259004, -0.07357216052351523, -1.1595230964742311, -0.2136152635955799, -0.3128143122345291, -1.5496650453783385, -2.2083553453498834, 0.5753915475180899, 0.6736572899266838, 0.37544406794910207, -0.06323401449272813, -0.5458172078785427, 0.2519909818447262, -0.4889549196711313]","[3.612226205458554, -0.18132863973821367, 0.039221217981707066, -0.13868959264360176, -0.6298041995917585, 0.4134312778606527, -0.18771288104764336, -1.7453158029007891, -0.04303317359076434, -0.09967634735772453, -0.05207641153712985, 0.06193016464941658, -0.06666236406561186, 0.7078798537904291, 0.3685875202260906, -0.08950643172293489, 0.04410267390353303, 0.3605386867014877, -0.43906582960321006, 0.5644147616237246]"
"[-1.7814741416213298, 0.07932077981023296, -0.7250246032058105, -1.0507294627519712, 1.9491154212130464, -2.1188965361775702, 0.1712972036412451, 0.2120368562387331, 2.3038849695868278, 1.2613343049062415, 0.11280810867775978, -1.4323390130826605, 2.0945702377508564, -0.9228771058415701, 1.5595003963933862, -1.2995261839718542, -0.8098787338268857, 0.4361436596936062, -0.06666615766284063, 0.5557197851987993]","[4.039084685802523, 1.1227306039985994, -1.6498151483511592, 0.22633661389674734, 1.0224289058475837, -1.7157894915414973, -0.08923051701110869, 0.8627611561943294, -0.2209493811062128, 0.3510227940446071, 0.05822639024415408, -0.2142226410489941, 0.5429152390084512, -0.5797135503749451, -0.93586986319319, 0.2838553445393923, -0.08355166511612838, -0.3355166638786453, 0.19908223905336722, 0.1366953771639388]"
"[-2.1862317565009035, -0.8680326508962266, -0.2768504336601349, 2.5400591186481214, 2.032704107375069, -1.3372282408084832, 0.3221400816452072, -0.41617627574378985, 1.0397667048222226, 2.6526943626590924, 0.443230425583266, 0.5198250841814807, 0.6081309247605393, -0.5975180528203882, 0.011015496952415407, 0.5414656443833824, 0.29488851257424137, 0.6042344202614619, -1.23547518217043, -0.7897287112684043]","[2.0694850390290207, 0.9703894048909457, 0.34160809969192163, 1.6584599022500146, -0.4814416556586352, 0.8247542587973417, -1.8085703525308483, -0.6459275510667651, -0.06409762356274862, 1.2269316874832734, 0.29425637233656116, -0.2516909680725552, 0.3265200123822004, -0.6807356607191295, 0.662306909839322, -0.019040710286581546, -0.205784183931945, -0.39285391742750125, 1.184298105476877, -0.1859225551935648]"
"[2.085153670700733, -0.6076809880817342, 1.5768143320103447, 0.21973463190975148, -1.6810308417788606, 1.6168360074739665, 0.21888029709441556, -2.8954349488400832, 0.3328725306795136, 0.1200785524986436, -0.0355529085984824, -1.0649239714415768, 1.4579101100392624, -0.9214472098141109, 0.35107567115902927, 0.7274878005129859, 1.4768917783802844, 0.888239144506601, 1.3987743632532659, 0.7581048112294124]","[1.6813668622920581, 1.8624848095625706, 0.6459371606124538, 0.16836374403950113, -0.255573010200007, 0.42832230580226305, -1.0394912121561615, 0.3408654262172544, -1.1024481125916363, 0.45821102482253456, 0.22194088723884772, -0.5058163957233506, 0.11973704779986313, 0.18636596262602947, -0.5593622356136719, 0.3945952102602999, 0.15908555935321622, 0.3495163161689541, -0.006867358542298856, -0.20980580970899482]"
"[-0.8659024454075888, -2.2548405361070274, 1.2864419982501947, -2.091131974254967, 0.06088025798561797, -1.3829503910634022, -2.753231934205602, -1.4777155375026816, 1.511761041823984, -1.1167714666280617, -0.4037273830026034, 0.24093477360112067, 1.0990947198386212, -0.7434252583187753, 2.202092754764138, 0.624154581722209, -0.9025798421716074, -0.5971088433943073, 0.3092064727418659, -1.607726740439102]","[1.7244818284699839, 1.6110942589183956, -0.01974709124003145, 1.160512813788776, -0.7922727290653268, 1.1586769065285478, -0.6742438755037251, -0.9178729446970572, -0.09900194646949267, 1.3969780370593612, 0.09855173379996843, -0.054081106234724424, -0.0948629442797593, -0.05331679942689503, 0.5850583080203858, -0.14037592517354044, 0.3584883720935473, 0.5845494800486518, 0.1623319236276752, -0.22717121274992993]"
"[1.1682918568274578, -0.1260659988431499, -1.0773493878430909, -1.4082271501931614, 0.02468940494088456, 1.9565555041296123, 2.3819047649550003, -0.9987831932816594, 0.0645205588334167, -0.8870085354220685, -0.43886373090773606, 1.1052674578044477, 0.7091700039028435, -1.7229633288520854, -1.2354122181904428, 0.931316361546767, -0.15188006801508747, -0.4853828680618882, -0.6115211895400019, 1.2079551634308254]","[-2.105917647770134, -0.26278695057699436, 0.16418204218805607, 0.4383356727224482, 1.7760613860011512, 0.4274493494613267, -0.4694786503038837, -0.22055883975788512, 0.12212129506659174, -1.0638989667834131, 0.6270020815318882, -0.19538796306659983, -1.1505337678117324, -0.28396538122008813, -0.8273115084236752, -0.10588295850260637, 0.8781344288576332, 0.09084533561905639, -0.5654606630177305, -1.214764523725122]"
"[-2.1147876895864033, 1.5183623590680342, 1.7775950625517587, 0.6543790811529439, 1.9301382687702417, 0.6297913325877613, 0.22554005455231427, 0.30172999461830935, 0.9853568712002708, -0.23120690906060976, -0.5742928238520281, 0.07090011124833133, -2.027209521202143, -0.6940982280954249, 1.3534710993396437, 0.5181065269326207, -0.6667537040689967, 0.23378277769286868, -0.28514237171621776, 1.106201540027174]","[3.880001542732705, 1.0454704742483816, -1.1284947236959049, 0.030799485520128383, 0.18067810205953452, 0.32844433978999327, 0.32218745996380055, 0.2718124817413116, 0.023058336771939168, -0.43725236176266485, 0.3716637384889015, 0.05860774456137682, -0.7191393310976988, 0.29949703322300114, -0.6585164398290939, 0.5573696341495371, 0.09983956158648889, 0.3069619715725426, -0.25087170861124714, 0.2187266784177755]"
"[2.335745474295098, 3.518259030871618, -0.0629390080117154, 1.4831339165442654, -0.40822704903165596, 0.5882627864565214, -1.5937965568198758, -0.3897010427763209, -0.6906061492697936, -0.43462934042086065, 0.044030618954527576, -0.8035684601436804, -0.596238961398711, -0.03790824377895467, 0.00879721956891758, -0.1556156718124898, 0.1512276022230931, -0.7351513666261856, 0.05254564376463457, -1.0043082646311803]","[2.5626060571589946, 0.6238772285561189, 1.0571405073018296, -0.5337877704055863, -0.03867377056719828, 0.6139311017606205, 0.5505753788475841, 2.022510619611227, -0.680749957557232, -0.4930280711709569, -0.12383160652561183, -0.5022243773739575, -0.10441596691811374, -0.059099411355258966, -0.1405730122440144, 0.6876862670976309, 0.1622924578905252, 0.011411419572185093, 0.08476371634304763, 0.5415960439581886]"
"[-0.15008929335331003, 0.8012162524080927, 1.4779695908618817, 0.46624385324276124, -2.20960086989517, 2.21171870256735, -0.31828064792013655, -1.1324016689303849, 0.721299158152341, 0.8524015733009803, 0.38438055103100094, 0.5738141862686986, -0.011018497991339518, -0.7197489682591068, 0.48398274627428683, 0.1295626940009837, -0.1446483008850721, 1.6235901998053845, -1.2566824639944543, -0.06121879185788017]","[-1.4546730206582157, -0.05462969285927193, 0.09941322893534733, 0.3541595586461992, 0.317731741463444, -0.24830026891902784, 0.2549045601582346, 0.37479002794678395, -0.4648349352587726, 1.354565664383623, -1.4436220106929802, 0.1705676953850772, -0.9553607911936162, 0.8777709914710501, -0.5046200077387376, 0.5977747466232773, -1.179903141067061, -0.09997277259811611, 0.9276390719522996, -0.6120372613103279]"
"[-0.736356150195447, -1.7339326629406453, -1.687273380729772, 2.342687770941657, -1.3288101896357363, 1.4650712302996862, -1.0740963158131251, -0.5272221593581686, 0.11484005181186537, 0.7863470490340972, 0.7454997606978084, 0.1919476514629494, -0.4839198330309337, -1.0528407978905878, -1.0636620055165402, 0.12534390293109832, -2.0956520715760094, 0.010840544561974842, 1.2143034073471934, 0.8602121316041812]","[0.012291047590808957, 1.0292016786358724, 0.6551608452672255, 1.058574188399836, 0.009196757742226811, 0.9448043944339181, -2.5440673650114993, -1.0416593080825418, 0.14112630162035691, 0.9242332122334566, -0.7913485289482861, -0.49522185211076425, 0.27602453958636525, -0.7141663335308661, 0.25620151093399474, -0.4247586903134714, 0.5507469938906875, -0.40412979399045496, -0.03763706583946019, -0.21901417478688737]"
"[2.1653795390156105, 0.05529424125091081, 1.6496722705668057, 1.475514870411691, -1.7369856997476023, 0.8487478156864319, 0.15435008152219845, -2.4290831870293834, 1.125349383612187, 0.8966048314832785, 0.020888901246766074, -1.1524112330148202, 0.88030458526385, 0.313206745599536, 0.06784466908739745, 0.4107480542574075, 0.05774607400757996, 0.8218233381972333, 0.6435431817931901, -0.05693415473635823]","[3.776039296063311, -3.008326563281042, -0.13007021939099528, -0.6735461024462636, -0.9560360107534763, -0.17686550534772685, -0.13466844001871217, -1.0910929256365953, -0.14260145804774388, -0.46520909510206504, 0.3389939589101363, -0.35722803968397965, 0.8169562968768218, 0.05796846496883254, -0.18815060608767745, -0.38841069982722565, -0.8457499551703768, -0.589405113976747, -0.8999916720943595, 0.39290230494940853]"
"[-0.8292413057573104, -1.4928615459298775, 1.1846851832090288, 1.486600036361769, 2.4280270299231983, -0.7218526648069002, 1.2913226250264198, 1.1819678716363553, -0.6301462928216258, 0.14285089561117165, -0.7938524649518957, 0.8540444672674453, 0.6049982178499412, -0.17805400891277393, 0.8825829372792396, 1.0625009885880399, 0.5940006424384655, 1.68524902117748, -0.5476091199921674, 0.440454161382252]","[4.091794260667605, 1.2887832509674395, -1.4160062762788854, 0.05169475020981612, 0.9443650784186778, -1.809819107439523, -0.3241262019544114, 0.671283013594238, -0.3660590044807579, 0.41369925926789347, 0.16966694893319986, -0.9417397087888638, 0.2112484721921984, -0.4438348668027572, -0.7974267106255327, 0.12988859356066085, 0.19239041866894172, -0.3724556896638238, 0.09916479611203179, 0.18755850558410309]"
"[3.2633511854539807, 0.2897803080431142, -1.3391918366894562, 0.0190382931837781, -0.551312616964834, -2.4574143851110737, 0.602892163266354, -0.12211254147746987, -0.314951738464914, 0.39224375257509353, 0.1437389299163518, 0.12374575233599633, -1.6664511370176205, -0.11918133677674933, -0.5453066715411441, -0.5165336484079185, -0.8689585855472347, -0.1911249194160218, -0.3872703985903595, 0.12248929238412552]","[0.5083199890999636, -2.6657178934891492, -0.10383810330624696, -0.41786154940290654, 1.0684498075355178, 1.1209729974672176, 0.45397123088924307, 0.27493193737714877, 0.5784890477019805, 0.8743966507934937, -0.012226741223301143, 0.4751815383381774, -0.21991403948323374, -0.37025344522862624, -0.11624443967141648, -0.04597500681949436, -0.8216457022865052, 0.24490915596459198, -0.7869832267837922, 0.6903342441476115]"
"[-0.7801649950332477, -2.617258969358079, -3.0709729695440777, 2.4222692771586516, 0.22347508694197732, 1.5013599421437802, -0.7530769251418803, -1.216054706132307, -0.46621266417332546, 0.10969124833992021, -1.599125136725236, 0.6408391487125419, -0.23532305703395973, 0.8789407515572221, 0.2810819534158846, -0.8899387471582026, 1.3670085015107405, -1.2279734083892846, -1.2429694180763473, -0.46479558171975144]","[0.7733401083437765, -1.2898288084533387, -0.7488540536145937, -0.06792879795114558, 0.5490634189201122, 0.1442592610896146, -0.48110452169408613, 1.1703252736469174, 0.09762693101120959, -0.2669688908031278, -0.5353968124158727, 0.11834976313448689, 0.37429301591782643, -0.6126299435674604, 1.3409131993971692, 1.0101331174229542, 0.058022063873662995, -0.5327358518814214, -0.7945497460273366, 0.330289926723891]"
"[2.092288824618155, 0.15633264834821153, 1.0956336374662294, -0.08092146463680865, -1.647147275989096, 1.3553854832390737, 0.9325932727246087, -1.4366532363417353, 0.8421868384207881, 1.3064494036102274, -1.2924036157854528, -0.1281968870053571, 0.5908513501911825, 0.21553885184914223, 0.030701284809492996, 0.6545503772524806, -0.7318256974378161, 0.7309724961418577, 0.025581084979545612, 0.5781637112688927]","[1.2963040208606442, -0.46619093617746715, -0.021306326203574935, -0.4672621225156769, 1.3429932915100025, -1.5024083107186503, 0.20877573287129103, 0.3478697160553039, -0.907792892840211, 0.9290729707541854, 0.0524813166001847, -0.19071080606168475, -0.37954170048097596, -1.5426944135621037, 0.0678894842046177, -0.3966915193630232, 0.4993643433873639, 0.2484808192031873, -0.3348234607288756, -1.1778039002399903]"
"[0.32197206745977736, -0.555978006766454, 0.3603317495431548, -2.410201831269061, -1.77861533316945, 1.0943354837518577, -1.0795754865779545, -1.9257189327647828, 1.275166969901141, -0.44889152709754293, -0.8833143199801714, -0.5769371108559976, 0.2704556487395134, 0.7391892998468651, -0.34443225755001516, 0.19891813399207262, -0.16769679715849356, 0.36988597333882484, -0.23634840214141314, -1.0991720453427483]","[3.7227007532685628, 0.5502301877452486, -1.6399957672146313, -0.1940088481692578, 0.810079169459235, -1.1378634128434575, -0.20126538030950306, 0.9245713666675724, -0.2770438255987962, 0.9544022521937163, 0.31008579081713933, -0.025686047580119876, 0.5448536373145286, -0.7123429793449, -0.8616130719152771, 0.06115246967455442, 0.3725353896882726, -0.029390465520948827, -0.2722688737769397, -0.5538103139865291]"
"[-0.512686307080274, -0.734508034163755, 0.37812775206737365, 1.5281063403492283, -1.7168188643204767, 0.14713323687628285, -1.6717911753307935, 3.8748778004184055, 1.3465695896290228, 0.4583770455245549, 1.0857769826895824, -0.5338328553928007, -0.9523689996432119, -1.3451024098406184, -0.7967818021990709, -0.22466473642190515, 1.3328348026890924, 0.9485123591817122, 0.011084692344454031, -0.17265666753059783]","[-0.24975797540018516, -1.702135731079524, 0.3650736817563587, 0.2842291757276617, -0.5845605844397853, -0.2650888675233198, 0.1557077544642327, -0.1532446853297497, 0.35108193770655666, -0.038962253439574594, -0.41678420576652125, -0.4468804465622461, 0.4654425988786833, 0.2698734361473157, 0.7312405782516407, 0.6800570100375131, -0.48467874808152195, 0.3154256834885033, -1.6114574427817185, 0.15197456649024754]"
"[-1.735070062946443, 1.1986903977684813, 0.825084893310638, -1.0206841160619948, 0.36866300236401583, -0.8024490988968833, -2.805316182052793, 0.6961951453984127, -0.7684423083333113, 0.41476107096884274, -0.7580804003149925, -0.5515137633423562, 0.014095252706728779, 0.5180241658764272, -1.945975796839507, 0.20877792317117588, 0.26739639744372024, 0.9142114063568964, 1.0386353529708094, 0.9330515594144003]","[1.0465830414489266, -1.6731981846661128, 0.12097413224835991, 0.5475972313997018, -0.5651041748260036, -0.4198359582930773, -0.295279570428872, -1.223891489422402, -0.4595201100994831, 0.327876493201779, 0.1022356903342648, 0.30685969457165485, -0.2653328353023938, 1.2048871859288137, 0.2220158357305991, -0.4355907503264771, 1.1708990892128988, -0.4064876651592313, -0.2726354685779191, -0.19297426079768223]"
"[-0.3920294561502145, -1.6980969904920011, -0.9357282339251155, -0.7918306882235173, -2.3203274150448934, -0.6275430320550892, 1.8942935838534052, 1.3799399298413573, 0.7919038462779473, -1.613363028508651, -1.6055603313358293, -1.360872074777399, 0.489706421491337, -0.4760082591139163, -0.2967701185817805, 0.20675139088892314, 0.8172290670809903, -1.0203690050119916, -0.6975989751927696, -0.15073338761798866]","[-4.352603930476154, 0.11278051925319597, -1.0242714120003809, -0.11541931028145351, 0.08565584068695735, 0.33918141140328845, 0.29271145540107546, 0.3722465591347947, 0.5901666197969848, 0.07942795943506899, 0.6688793593766874, -0.7694938486125813, -1.0659891105694883, 0.9825078693961578, 0.90847939045623, 1.044912188657526, 0.46665877513813975, 1.0124371235768324, -0.35443566671191257, 0.2810747498838425]"
